mtllib solaris.mtl
o grip_1
usemtl ember_grip
v 0.11604374692589045 0.1368125 0.11604374692589045
v 0.11604374692589045 0.1368125 -0.11604374692589045
v 0.11604374692589045 -0.6368125 0.11604374692589045
v 0.11604374692589045 -0.6368125 -0.11604374692589045
v -0.11604374692589045 0.1368125 -0.11604374692589045
v -0.11604374692589045 0.1368125 0.11604374692589045
v -0.11604374692589045 -0.6368125 -0.11604374692589045
v -0.11604374692589045 -0.6368125 0.11604374692589045
v -0.11604374692589045 0.1368125 -0.11604374692589045
v 0.11604374692589045 0.1368125 -0.11604374692589045
v -0.11604374692589045 0.1368125 0.11604374692589045
v 0.11604374692589045 0.1368125 0.11604374692589045
v -0.11604374692589045 -0.6368125 0.11604374692589045
v 0.11604374692589045 -0.6368125 0.11604374692589045
v -0.11604374692589045 -0.6368125 -0.11604374692589045
v 0.11604374692589045 -0.6368125 -0.11604374692589045
v -0.11604374692589045 0.1368125 0.11604374692589045
v 0.11604374692589045 0.1368125 0.11604374692589045
v -0.11604374692589045 -0.6368125 0.11604374692589045
v 0.11604374692589045 -0.6368125 0.11604374692589045
v 0.11604374692589045 0.1368125 -0.11604374692589045
v -0.11604374692589045 0.1368125 -0.11604374692589045
v 0.11604374692589045 -0.6368125 -0.11604374692589045
v -0.11604374692589045 -0.6368125 -0.11604374692589045
vt 0.8125 1.625
vt 1.0625 1.625
vt 0.8125 0.875
vt 1.0625 0.875
vt 0.8125 1.625
vt 1.0625 1.625
vt 0.8125 0.875
vt 1.0625 0.875
vt 0.8125 1.125
vt 1.0625 1.125
vt 0.8125 0.875
vt 1.0625 0.875
vt 0.8125 1.125
vt 1.0625 1.125
vt 0.8125 0.875
vt 1.0625 0.875
vt 0.8125 1.625
vt 1.0625 1.625
vt 0.8125 0.875
vt 1.0625 0.875
vt 0.8125 1.625
vt 1.0625 1.625
vt 0.8125 0.875
vt 1.0625 0.875
vn 1 0 0
vn 1 0 0
vn 1 0 0
vn 1 0 0
vn -1 0 0
vn -1 0 0
vn -1 0 0
vn -1 0 0
vn 0 1 0
vn 0 1 0
vn 0 1 0
vn 0 1 0
vn 0 -1 0
vn 0 -1 0
vn 0 -1 0
vn 0 -1 0
vn 0 0 1
vn 0 0 1
vn 0 0 1
vn 0 0 1
vn 0 0 -1
vn 0 0 -1
vn 0 0 -1
vn 0 0 -1
f 1/1/1 3/3/3 2/2/2
f 3/3/3 4/4/4 2/2/2
f 5/5/5 7/7/7 6/6/6
f 7/7/7 8/8/8 6/6/6
f 9/9/9 11/11/11 10/10/10
f 11/11/11 12/12/12 10/10/10
f 13/13/13 15/15/15 14/14/14
f 15/15/15 16/16/16 14/14/14
f 17/17/17 19/19/19 18/18/18
f 19/19/19 20/20/20 18/18/18
f 21/21/21 23/23/23 22/22/22
f 23/23/23 24/24/24 22/22/22
o grip_2
usemtl sun_gold
v 0.13497969348728656 0.13452968824841083 0.13497969348728656
v 0.13497969348728656 0.13452968824841083 -0.13497969348728656
v 0.13497969348728656 0.06547031175158918 0.13497969348728656
v 0.13497969348728656 0.06547031175158918 -0.13497969348728656
v -0.13497969348728656 0.13452968824841083 -0.13497969348728656
v -0.13497969348728656 0.13452968824841083 0.13497969348728656
v -0.13497969348728656 0.06547031175158918 -0.13497969348728656
v -0.13497969348728656 0.06547031175158918 0.13497969348728656
v -0.13497969348728656 0.13452968824841083 -0.13497969348728656
v 0.13497969348728656 0.13452968824841083 -0.13497969348728656
v -0.13497969348728656 0.13452968824841083 0.13497969348728656
v 0.13497969348728656 0.13452968824841083 0.13497969348728656
v -0.13497969348728656 0.06547031175158918 0.13497969348728656
v 0.13497969348728656 0.06547031175158918 0.13497969348728656
v -0.13497969348728656 0.06547031175158918 -0.13497969348728656
v 0.13497969348728656 0.06547031175158918 -0.13497969348728656
v -0.13497969348728656 0.13452968824841083 0.13497969348728656
v 0.13497969348728656 0.13452968824841083 0.13497969348728656
v -0.13497969348728656 0.06547031175158918 0.13497969348728656
v 0.13497969348728656 0.06547031175158918 0.13497969348728656
v 0.13497969348728656 0.13452968824841083 -0.13497969348728656
v -0.13497969348728656 0.13452968824841083 -0.13497969348728656
v 0.13497969348728656 0.06547031175158918 -0.13497969348728656
v -0.13497969348728656 0.06547031175158918 -0.13497969348728656
vt 0.25 1
vt 0.5 1
vt 0.25 0.9375
vt 0.5 0.9375
vt 0.25 1
vt 0.5 1
vt 0.25 0.9375
vt 0.5 0.9375
vt 0.25 1.1875
vt 0.5 1.1875
vt 0.25 0.9375
vt 0.5 0.9375
vt 0.25 1.1875
vt 0.5 1.1875
vt 0.25 0.9375
vt 0.5 0.9375
vt 0.25 1
vt 0.5 1
vt 0.25 0.9375
vt 0.5 0.9375
vt 0.25 1
vt 0.5 1
vt 0.25 0.9375
vt 0.5 0.9375
vn 1 0 0
vn 1 0 0
vn 1 0 0
vn 1 0 0
vn -1 0 0
vn -1 0 0
vn -1 0 0
vn -1 0 0
vn 0 1 0
vn 0 1 0
vn 0 1 0
vn 0 1 0
vn 0 -1 0
vn 0 -1 0
vn 0 -1 0
vn 0 -1 0
vn 0 0 1
vn 0 0 1
vn 0 0 1
vn 0 0 1
vn 0 0 -1
vn 0 0 -1
vn 0 0 -1
vn 0 0 -1
f 25/25/25 27/27/27 26/26/26
f 27/27/27 28/28/28 26/26/26
f 29/29/29 31/31/31 30/30/30
f 31/31/31 32/32/32 30/30/30
f 33/33/33 35/35/35 34/34/34
f 35/35/35 36/36/36 34/34/34
f 37/37/37 39/39/39 38/38/38
f 39/39/39 40/40/40 38/38/38
f 41/41/41 43/43/43 42/42/42
f 43/43/43 44/44/44 42/42/42
f 45/45/45 47/47/47 46/46/46
f 47/47/47 48/48/48 46/46/46
o grip_3
usemtl sun_gold
v 0.1392125061750412 -0.21438749922811984 0.1392125061750412
v 0.1392125061750412 -0.21438749922811984 -0.1392125061750412
v 0.1392125061750412 -0.28561250077188016 0.1392125061750412
v 0.1392125061750412 -0.28561250077188016 -0.1392125061750412
v -0.1392125061750412 -0.21438749922811984 -0.1392125061750412
v -0.1392125061750412 -0.21438749922811984 0.1392125061750412
v -0.1392125061750412 -0.28561250077188016 -0.1392125061750412
v -0.1392125061750412 -0.28561250077188016 0.1392125061750412
v -0.1392125061750412 -0.21438749922811984 -0.1392125061750412
v 0.1392125061750412 -0.21438749922811984 -0.1392125061750412
v -0.1392125061750412 -0.21438749922811984 0.1392125061750412
v 0.1392125061750412 -0.21438749922811984 0.1392125061750412
v -0.1392125061750412 -0.28561250077188016 0.1392125061750412
v 0.1392125061750412 -0.28561250077188016 0.1392125061750412
v -0.1392125061750412 -0.28561250077188016 -0.1392125061750412
v 0.1392125061750412 -0.28561250077188016 -0.1392125061750412
v -0.1392125061750412 -0.21438749922811984 0.1392125061750412
v 0.1392125061750412 -0.21438749922811984 0.1392125061750412
v -0.1392125061750412 -0.28561250077188016 0.1392125061750412
v 0.1392125061750412 -0.28561250077188016 0.1392125061750412
v 0.1392125061750412 -0.21438749922811984 -0.1392125061750412
v -0.1392125061750412 -0.21438749922811984 -0.1392125061750412
v 0.1392125061750412 -0.28561250077188016 -0.1392125061750412
v -0.1392125061750412 -0.28561250077188016 -0.1392125061750412
vt 0.25 1
vt 0.5 1
vt 0.25 0.9375
vt 0.5 0.9375
vt 0.25 1
vt 0.5 1
vt 0.25 0.9375
vt 0.5 0.9375
vt 0.25 1.1875
vt 0.5 1.1875
vt 0.25 0.9375
vt 0.5 0.9375
vt 0.25 1.1875
vt 0.5 1.1875
vt 0.25 0.9375
vt 0.5 0.9375
vt 0.25 1
vt 0.5 1
vt 0.25 0.9375
vt 0.5 0.9375
vt 0.25 1
vt 0.5 1
vt 0.25 0.9375
vt 0.5 0.9375
vn 1 0 0
vn 1 0 0
vn 1 0 0
vn 1 0 0
vn -1 0 0
vn -1 0 0
vn -1 0 0
vn -1 0 0
vn 0 1 0
vn 0 1 0
vn 0 1 0
vn 0 1 0
vn 0 -1 0
vn 0 -1 0
vn 0 -1 0
vn 0 -1 0
vn 0 0 1
vn 0 0 1
vn 0 0 1
vn 0 0 1
vn 0 0 -1
vn 0 0 -1
vn 0 0 -1
vn 0 0 -1
f 49/49/49 51/51/51 50/50/50
f 51/51/51 52/52/52 50/50/50
f 53/53/53 55/55/55 54/54/54
f 55/55/55 56/56/56 54/54/54
f 57/57/57 59/59/59 58/58/58
f 59/59/59 60/60/60 58/58/58
f 61/61/61 63/63/63 62/62/62
f 63/63/63 64/64/64 62/62/62
f 65/65/65 67/67/67 66/66/66
f 67/67/67 68/68/68 66/66/66
f 69/69/69 71/71/71 70/70/70
f 71/71/71 72/72/72 70/70/70
o grip_4
usemtl sun_gold
v 0.13558438101410863 -0.5653156242482364 0.13558438101410863
v 0.13558438101410863 -0.5653156242482364 -0.13558438101410863
v 0.13558438101410863 -0.6346843757517635 0.13558438101410863
v 0.13558438101410863 -0.6346843757517635 -0.13558438101410863
v -0.13558438101410863 -0.5653156242482364 -0.13558438101410863
v -0.13558438101410863 -0.5653156242482364 0.13558438101410863
v -0.13558438101410863 -0.6346843757517635 -0.13558438101410863
v -0.13558438101410863 -0.6346843757517635 0.13558438101410863
v -0.13558438101410863 -0.5653156242482364 -0.13558438101410863
v 0.13558438101410863 -0.5653156242482364 -0.13558438101410863
v -0.13558438101410863 -0.5653156242482364 0.13558438101410863
v 0.13558438101410863 -0.5653156242482364 0.13558438101410863
v -0.13558438101410863 -0.6346843757517635 0.13558438101410863
v 0.13558438101410863 -0.6346843757517635 0.13558438101410863
v -0.13558438101410863 -0.6346843757517635 -0.13558438101410863
v 0.13558438101410863 -0.6346843757517635 -0.13558438101410863
v -0.13558438101410863 -0.5653156242482364 0.13558438101410863
v 0.13558438101410863 -0.5653156242482364 0.13558438101410863
v -0.13558438101410863 -0.6346843757517635 0.13558438101410863
v 0.13558438101410863 -0.6346843757517635 0.13558438101410863
v 0.13558438101410863 -0.5653156242482364 -0.13558438101410863
v -0.13558438101410863 -0.5653156242482364 -0.13558438101410863
v 0.13558438101410863 -0.6346843757517635 -0.13558438101410863
v -0.13558438101410863 -0.6346843757517635 -0.13558438101410863
vt 0.25 1
vt 0.5 1
vt 0.25 0.9375
vt 0.5 0.9375
vt 0.25 1
vt 0.5 1
vt 0.25 0.9375
vt 0.5 0.9375
vt 0.25 1.1875
vt 0.5 1.1875
vt 0.25 0.9375
vt 0.5 0.9375
vt 0.25 1.1875
vt 0.5 1.1875
vt 0.25 0.9375
vt 0.5 0.9375
vt 0.25 1
vt 0.5 1
vt 0.25 0.9375
vt 0.5 0.9375
vt 0.25 1
vt 0.5 1
vt 0.25 0.9375
vt 0.5 0.9375
vn 0.9999999999999999 0 0
vn 0.9999999999999999 0 0
vn 0.9999999999999999 0 0
vn 0.9999999999999999 0 0
vn -0.9999999999999999 0 0
vn -0.9999999999999999 0 0
vn -0.9999999999999999 0 0
vn -0.9999999999999999 0 0
vn 0 0.9999999999999999 0
vn 0 0.9999999999999999 0
vn 0 0.9999999999999999 0
vn 0 0.9999999999999999 0
vn 0 -0.9999999999999999 0
vn 0 -0.9999999999999999 0
vn 0 -0.9999999999999999 0
vn 0 -0.9999999999999999 0
vn 0 0 0.9999999999999999
vn 0 0 0.9999999999999999
vn 0 0 0.9999999999999999
vn 0 0 0.9999999999999999
vn 0 0 -0.9999999999999999
vn 0 0 -0.9999999999999999
vn 0 0 -0.9999999999999999
vn 0 0 -0.9999999999999999
f 73/73/73 75/75/75 74/74/74
f 75/75/75 76/76/76 74/74/74
f 77/77/77 79/79/79 78/78/78
f 79/79/79 80/80/80 78/78/78
f 81/81/81 83/83/83 82/82/82
f 83/83/83 84/84/84 82/82/82
f 85/85/85 87/87/87 86/86/86
f 87/87/87 88/88/88 86/86/86
f 89/89/89 91/91/91 90/90/90
f 91/91/91 92/92/92 90/90/90
f 93/93/93 95/95/95 94/94/94
f 95/95/95 96/96/96 94/94/94
o grip_5
usemtl bright_gold
v -3.469446951953614e-18 -0.024417557253213665 0.13331405939906835
v -3.469446951953614e-18 -0.024417557253213665 -0.13331405939906835
v 0.05058244274678633 -0.075 0.13331405939906835
v 0.05058244274678633 -0.075 -0.13331405939906835
v -0.05058244274678633 -0.075 -0.13331405939906835
v -0.05058244274678633 -0.075 0.13331405939906835
v 3.469446951953614e-18 -0.12558244274678632 -0.13331405939906835
v 3.469446951953614e-18 -0.12558244274678632 0.13331405939906835
v -0.05058244274678633 -0.075 -0.13331405939906835
v -3.469446951953614e-18 -0.024417557253213665 -0.13331405939906835
v -0.05058244274678633 -0.075 0.13331405939906835
v -3.469446951953614e-18 -0.024417557253213665 0.13331405939906835
v 3.469446951953614e-18 -0.12558244274678632 0.13331405939906835
v 0.05058244274678633 -0.075 0.13331405939906835
v 3.469446951953614e-18 -0.12558244274678632 -0.13331405939906835
v 0.05058244274678633 -0.075 -0.13331405939906835
v -0.05058244274678633 -0.075 0.13331405939906835
v -3.469446951953614e-18 -0.024417557253213665 0.13331405939906835
v 3.469446951953614e-18 -0.12558244274678632 0.13331405939906835
v 0.05058244274678633 -0.075 0.13331405939906835
v -3.469446951953614e-18 -0.024417557253213665 -0.13331405939906835
v -0.05058244274678633 -0.075 -0.13331405939906835
v 0.05058244274678633 -0.075 -0.13331405939906835
v 3.469446951953614e-18 -0.12558244274678632 -0.13331405939906835
vt 0.875 0.4375
vt 1.125 0.4375
vt 0.875 0.375
vt 1.125 0.375
vt 0.875 0.4375
vt 1.125 0.4375
vt 0.875 0.375
vt 1.125 0.375
vt 0.875 0.625
vt 0.9375 0.625
vt 0.875 0.375
vt 0.9375 0.375
vt 0.875 0.625
vt 0.9375 0.625
vt 0.875 0.375
vt 0.9375 0.375
vt 0.875 0.4375
vt 0.9375 0.4375
vt 0.875 0.375
vt 0.9375 0.375
vt 0.875 0.4375
vt 0.9375 0.4375
vt 0.875 0.375
vt 0.9375 0.375
vn 0.7071067811865475 0.7071067811865476 0
vn 0.7071067811865475 0.7071067811865476 0
vn 0.7071067811865475 0.7071067811865476 0
vn 0.7071067811865475 0.7071067811865476 0
vn -0.7071067811865475 -0.7071067811865476 0
vn -0.7071067811865475 -0.7071067811865476 0
vn -0.7071067811865475 -0.7071067811865476 0
vn -0.7071067811865475 -0.7071067811865476 0
vn -0.7071067811865476 0.7071067811865475 0
vn -0.7071067811865476 0.7071067811865475 0
vn -0.7071067811865476 0.7071067811865475 0
vn -0.7071067811865476 0.7071067811865475 0
vn 0.7071067811865476 -0.7071067811865475 0
vn 0.7071067811865476 -0.7071067811865475 0
vn 0.7071067811865476 -0.7071067811865475 0
vn 0.7071067811865476 -0.7071067811865475 0
vn 0 0 1
vn 0 0 1
vn 0 0 1
vn 0 0 1
vn 0 0 -1
vn 0 0 -1
vn 0 0 -1
vn 0 0 -1
f 97/97/97 99/99/99 98/98/98
f 99/99/99 100/100/100 98/98/98
f 101/101/101 103/103/103 102/102/102
f 103/103/103 104/104/104 102/102/102
f 105/105/105 107/107/107 106/106/106
f 107/107/107 108/108/108 106/106/106
f 109/109/109 111/111/111 110/110/110
f 111/111/111 112/112/112 110/110/110
f 113/113/113 115/115/115 114/114/114
f 115/115/115 116/116/116 114/114/114
f 117/117/117 119/119/119 118/118/118
f 119/119/119 120/120/120 118/118/118
o grip_6
usemtl bright_gold
v -3.469446951953614e-18 -0.3757301242442403 0.12985468447953463
v -3.469446951953614e-18 -0.3757301242442403 -0.12985468447953463
v 0.04926987575575968 -0.425 0.12985468447953463
v 0.04926987575575968 -0.425 -0.12985468447953463
v -0.04926987575575968 -0.425 -0.12985468447953463
v -0.04926987575575968 -0.425 0.12985468447953463
v 3.469446951953614e-18 -0.4742698757557597 -0.12985468447953463
v 3.469446951953614e-18 -0.4742698757557597 0.12985468447953463
v -0.04926987575575968 -0.425 -0.12985468447953463
v -3.469446951953614e-18 -0.3757301242442403 -0.12985468447953463
v -0.04926987575575968 -0.425 0.12985468447953463
v -3.469446951953614e-18 -0.3757301242442403 0.12985468447953463
v 3.469446951953614e-18 -0.4742698757557597 0.12985468447953463
v 0.04926987575575968 -0.425 0.12985468447953463
v 3.469446951953614e-18 -0.4742698757557597 -0.12985468447953463
v 0.04926987575575968 -0.425 -0.12985468447953463
v -0.04926987575575968 -0.425 0.12985468447953463
v -3.469446951953614e-18 -0.3757301242442403 0.12985468447953463
v 3.469446951953614e-18 -0.4742698757557597 0.12985468447953463
v 0.04926987575575968 -0.425 0.12985468447953463
v -3.469446951953614e-18 -0.3757301242442403 -0.12985468447953463
v -0.04926987575575968 -0.425 -0.12985468447953463
v 0.04926987575575968 -0.425 -0.12985468447953463
v 3.469446951953614e-18 -0.4742698757557597 -0.12985468447953463
vt 0.875 0.4375
vt 1.125 0.4375
vt 0.875 0.375
vt 1.125 0.375
vt 0.875 0.4375
vt 1.125 0.4375
vt 0.875 0.375
vt 1.125 0.375
vt 0.875 0.625
vt 0.9375 0.625
vt 0.875 0.375
vt 0.9375 0.375
vt 0.875 0.625
vt 0.9375 0.625
vt 0.875 0.375
vt 0.9375 0.375
vt 0.875 0.4375
vt 0.9375 0.4375
vt 0.875 0.375
vt 0.9375 0.375
vt 0.875 0.4375
vt 0.9375 0.4375
vt 0.875 0.375
vt 0.9375 0.375
vn 0.7071067811865475 0.7071067811865476 0
vn 0.7071067811865475 0.7071067811865476 0
vn 0.7071067811865475 0.7071067811865476 0
vn 0.7071067811865475 0.7071067811865476 0
vn -0.7071067811865475 -0.7071067811865476 0
vn -0.7071067811865475 -0.7071067811865476 0
vn -0.7071067811865475 -0.7071067811865476 0
vn -0.7071067811865475 -0.7071067811865476 0
vn -0.7071067811865476 0.7071067811865475 0
vn -0.7071067811865476 0.7071067811865475 0
vn -0.7071067811865476 0.7071067811865475 0
vn -0.7071067811865476 0.7071067811865475 0
vn 0.7071067811865476 -0.7071067811865475 0
vn 0.7071067811865476 -0.7071067811865475 0
vn 0.7071067811865476 -0.7071067811865475 0
vn 0.7071067811865476 -0.7071067811865475 0
vn 0 0 1
vn 0 0 1
vn 0 0 1
vn 0 0 1
vn 0 0 -1
vn 0 0 -1
vn 0 0 -1
vn 0 0 -1
f 121/121/121 123/123/123 122/122/122
f 123/123/123 124/124/124 122/122/122
f 125/125/125 127/127/127 126/126/126
f 127/127/127 128/128/128 126/126/126
f 129/129/129 131/131/131 130/130/130
f 131/131/131 132/132/132 130/130/130
f 133/133/133 135/135/135 134/134/134
f 135/135/135 136/136/136 134/134/134
f 137/137/137 139/139/139 138/138/138
f 139/139/139 140/140/140 138/138/138
f 141/141/141 143/143/143 142/142/142
f 143/143/143 144/144/144 142/142/142
o pommel_7
usemtl sun_gold
v 0.1698124937713146 -0.6503437562286855 0.1698124937713146
v 0.1698124937713146 -0.6503437562286855 -0.1698124937713146
v 0.1698124937713146 -0.9246562437713147 0.1698124937713146
v 0.1698124937713146 -0.9246562437713147 -0.1698124937713146
v -0.1698124937713146 -0.6503437562286855 -0.1698124937713146
v -0.1698124937713146 -0.6503437562286855 0.1698124937713146
v -0.1698124937713146 -0.9246562437713147 -0.1698124937713146
v -0.1698124937713146 -0.9246562437713147 0.1698124937713146
v -0.1698124937713146 -0.6503437562286855 -0.1698124937713146
v 0.1698124937713146 -0.6503437562286855 -0.1698124937713146
v -0.1698124937713146 -0.6503437562286855 0.1698124937713146
v 0.1698124937713146 -0.6503437562286855 0.1698124937713146
v -0.1698124937713146 -0.9246562437713147 0.1698124937713146
v 0.1698124937713146 -0.9246562437713147 0.1698124937713146
v -0.1698124937713146 -0.9246562437713147 -0.1698124937713146
v 0.1698124937713146 -0.9246562437713147 -0.1698124937713146
v -0.1698124937713146 -0.6503437562286855 0.1698124937713146
v 0.1698124937713146 -0.6503437562286855 0.1698124937713146
v -0.1698124937713146 -0.9246562437713147 0.1698124937713146
v 0.1698124937713146 -0.9246562437713147 0.1698124937713146
v 0.1698124937713146 -0.6503437562286855 -0.1698124937713146
v -0.1698124937713146 -0.6503437562286855 -0.1698124937713146
v 0.1698124937713146 -0.9246562437713147 -0.1698124937713146
v -0.1698124937713146 -0.9246562437713147 -0.1698124937713146
vt 0.3125 0.4375
vt 0.625 0.4375
vt 0.3125 0.1875
vt 0.625 0.1875
vt 0.3125 0.4375
vt 0.625 0.4375
vt 0.3125 0.1875
vt 0.625 0.1875
vt 0.3125 0.5
vt 0.625 0.5
vt 0.3125 0.1875
vt 0.625 0.1875
vt 0.3125 0.5
vt 0.625 0.5
vt 0.3125 0.1875
vt 0.625 0.1875
vt 0.3125 0.4375
vt 0.625 0.4375
vt 0.3125 0.1875
vt 0.625 0.1875
vt 0.3125 0.4375
vt 0.625 0.4375
vt 0.3125 0.1875
vt 0.625 0.1875
vn 1 0 0
vn 1 0 0
vn 1 0 0
vn 1 0 0
vn -1 0 0
vn -1 0 0
vn -1 0 0
vn -1 0 0
vn 0 1 0
vn 0 1 0
vn 0 1 0
vn 0 1 0
vn 0 -1 0
vn 0 -1 0
vn 0 -1 0
vn 0 -1 0
vn 0 0 1
vn 0 0 1
vn 0 0 1
vn 0 0 1
vn 0 0 -1
vn 0 0 -1
vn 0 0 -1
vn 0 0 -1
f 145/145/145 147/147/147 146/146/146
f 147/147/147 148/148/148 146/146/146
f 149/149/149 151/151/151 150/150/150
f 151/151/151 152/152/152 150/150/150
f 153/153/153 155/155/155 154/154/154
f 155/155/155 156/156/156 154/154/154
f 157/157/157 159/159/159 158/158/158
f 159/159/159 160/160/160 158/158/158
f 161/161/161 163/163/163 162/162/162
f 163/163/163 164/164/164 162/162/162
f 165/165/165 167/167/167 166/166/166
f 167/167/167 168/168/168 166/166/166
o pommel_8
usemtl bright_gold
v 0.20360000303387643 -0.7175124984830619 0.13361249393224717
v 0.20360000303387643 -0.7175124984830619 -0.13361249393224717
v 0.20360000303387643 -0.8574875015169383 0.13361249393224717
v 0.20360000303387643 -0.8574875015169383 -0.13361249393224717
v -0.20360000303387643 -0.7175124984830619 -0.13361249393224717
v -0.20360000303387643 -0.7175124984830619 0.13361249393224717
v -0.20360000303387643 -0.8574875015169383 -0.13361249393224717
v -0.20360000303387643 -0.8574875015169383 0.13361249393224717
v -0.20360000303387643 -0.7175124984830619 -0.13361249393224717
v 0.20360000303387643 -0.7175124984830619 -0.13361249393224717
v -0.20360000303387643 -0.7175124984830619 0.13361249393224717
v 0.20360000303387643 -0.7175124984830619 0.13361249393224717
v -0.20360000303387643 -0.8574875015169383 0.13361249393224717
v 0.20360000303387643 -0.8574875015169383 0.13361249393224717
v -0.20360000303387643 -0.8574875015169383 -0.13361249393224717
v 0.20360000303387643 -0.8574875015169383 -0.13361249393224717
v -0.20360000303387643 -0.7175124984830619 0.13361249393224717
v 0.20360000303387643 -0.7175124984830619 0.13361249393224717
v -0.20360000303387643 -0.8574875015169383 0.13361249393224717
v 0.20360000303387643 -0.8574875015169383 0.13361249393224717
v 0.20360000303387643 -0.7175124984830619 -0.13361249393224717
v -0.20360000303387643 -0.7175124984830619 -0.13361249393224717
v 0.20360000303387643 -0.8574875015169383 -0.13361249393224717
v -0.20360000303387643 -0.8574875015169383 -0.13361249393224717
vt 0.125 1.0625
vt 0.375 1.0625
vt 0.125 0.9375
vt 0.375 0.9375
vt 0.125 1.0625
vt 0.375 1.0625
vt 0.125 0.9375
vt 0.375 0.9375
vt 0.125 1.1875
vt 0.5 1.1875
vt 0.125 0.9375
vt 0.5 0.9375
vt 0.125 1.1875
vt 0.5 1.1875
vt 0.125 0.9375
vt 0.5 0.9375
vt 0.125 1.0625
vt 0.5 1.0625
vt 0.125 0.9375
vt 0.5 0.9375
vt 0.125 1.0625
vt 0.5 1.0625
vt 0.125 0.9375
vt 0.5 0.9375
vn 0.9999999999999999 0 0
vn 0.9999999999999999 0 0
vn 0.9999999999999999 0 0
vn 0.9999999999999999 0 0
vn -0.9999999999999999 0 0
vn -0.9999999999999999 0 0
vn -0.9999999999999999 0 0
vn -0.9999999999999999 0 0
vn 0 0.9999999999999999 0
vn 0 0.9999999999999999 0
vn 0 0.9999999999999999 0
vn 0 0.9999999999999999 0
vn 0 -0.9999999999999999 0
vn 0 -0.9999999999999999 0
vn 0 -0.9999999999999999 0
vn 0 -0.9999999999999999 0
vn 0 0 0.9999999999999999
vn 0 0 0.9999999999999999
vn 0 0 0.9999999999999999
vn 0 0 0.9999999999999999
vn 0 0 -0.9999999999999999
vn 0 0 -0.9999999999999999
vn 0 0 -0.9999999999999999
vn 0 0 -0.9999999999999999
f 169/169/169 171/171/171 170/170/170
f 171/171/171 172/172/172 170/170/170
f 173/173/173 175/175/175 174/174/174
f 175/175/175 176/176/176 174/174/174
f 177/177/177 179/179/179 178/178/178
f 179/179/179 180/180/180 178/178/178
f 181/181/181 183/183/183 182/182/182
f 183/183/183 184/184/184 182/182/182
f 185/185/185 187/187/187 186/186/186
f 187/187/187 188/188/188 186/186/186
f 189/189/189 191/191/191 190/190/190
f 191/191/191 192/192/192 190/190/190
o pommel_9
usemtl bright_gold
v 0.13774686874449255 -0.7153468734361232 0.20990000312775375
v 0.13774686874449255 -0.7153468734361232 -0.20990000312775375
v 0.13774686874449255 -0.8596531265638769 0.20990000312775375
v 0.13774686874449255 -0.8596531265638769 -0.20990000312775375
v -0.13774686874449255 -0.7153468734361232 -0.20990000312775375
v -0.13774686874449255 -0.7153468734361232 0.20990000312775375
v -0.13774686874449255 -0.8596531265638769 -0.20990000312775375
v -0.13774686874449255 -0.8596531265638769 0.20990000312775375
v -0.13774686874449255 -0.7153468734361232 -0.20990000312775375
v 0.13774686874449255 -0.7153468734361232 -0.20990000312775375
v -0.13774686874449255 -0.7153468734361232 0.20990000312775375
v 0.13774686874449255 -0.7153468734361232 0.20990000312775375
v -0.13774686874449255 -0.8596531265638769 0.20990000312775375
v 0.13774686874449255 -0.8596531265638769 0.20990000312775375
v -0.13774686874449255 -0.8596531265638769 -0.20990000312775375
v 0.13774686874449255 -0.8596531265638769 -0.20990000312775375
v -0.13774686874449255 -0.7153468734361232 0.20990000312775375
v 0.13774686874449255 -0.7153468734361232 0.20990000312775375
v -0.13774686874449255 -0.8596531265638769 0.20990000312775375
v 0.13774686874449255 -0.8596531265638769 0.20990000312775375
v 0.13774686874449255 -0.7153468734361232 -0.20990000312775375
v -0.13774686874449255 -0.7153468734361232 -0.20990000312775375
v 0.13774686874449255 -0.8596531265638769 -0.20990000312775375
v -0.13774686874449255 -0.8596531265638769 -0.20990000312775375
vt 0.5625 0.875
vt 0.9375 0.875
vt 0.5625 0.75
vt 0.9375 0.75
vt 0.5625 0.875
vt 0.9375 0.875
vt 0.5625 0.75
vt 0.9375 0.75
vt 0.5625 1.125
vt 0.8125 1.125
vt 0.5625 0.75
vt 0.8125 0.75
vt 0.5625 1.125
vt 0.8125 1.125
vt 0.5625 0.75
vt 0.8125 0.75
vt 0.5625 0.875
vt 0.8125 0.875
vt 0.5625 0.75
vt 0.8125 0.75
vt 0.5625 0.875
vt 0.8125 0.875
vt 0.5625 0.75
vt 0.8125 0.75
vn 1 0 0
vn 1 0 0
vn 1 0 0
vn 1 0 0
vn -1 0 0
vn -1 0 0
vn -1 0 0
vn -1 0 0
vn 0 1 0
vn 0 1 0
vn 0 1 0
vn 0 1 0
vn 0 -1 0
vn 0 -1 0
vn 0 -1 0
vn 0 -1 0
vn 0 0 1
vn 0 0 1
vn 0 0 1
vn 0 0 1
vn 0 0 -1
vn 0 0 -1
vn 0 0 -1
vn 0 0 -1
f 193/193/193 195/195/195 194/194/194
f 195/195/195 196/196/196 194/194/194
f 197/197/197 199/199/199 198/198/198
f 199/199/199 200/200/200 198/198/198
f 201/201/201 203/203/203 202/202/202
f 203/203/203 204/204/204 202/202/202
f 205/205/205 207/207/207 206/206/206
f 207/207/207 208/208/208 206/206/206
f 209/209/209 211/211/211 210/210/210
f 211/211/211 212/212/212 210/210/210
f 213/213/213 215/215/215 214/214/214
f 215/215/215 216/216/216 214/214/214
o pommel_10
usemtl dark_bronze
v 0.11503124695271254 -0.9179062484763563 0.11503124695271254
v 0.11503124695271254 -0.9179062484763563 -0.11503124695271254
v 0.11503124695271254 -0.9945937515236438 0.11503124695271254
v 0.11503124695271254 -0.9945937515236438 -0.11503124695271254
v -0.11503124695271254 -0.9179062484763563 -0.11503124695271254
v -0.11503124695271254 -0.9179062484763563 0.11503124695271254
v -0.11503124695271254 -0.9945937515236438 -0.11503124695271254
v -0.11503124695271254 -0.9945937515236438 0.11503124695271254
v -0.11503124695271254 -0.9179062484763563 -0.11503124695271254
v 0.11503124695271254 -0.9179062484763563 -0.11503124695271254
v -0.11503124695271254 -0.9179062484763563 0.11503124695271254
v 0.11503124695271254 -0.9179062484763563 0.11503124695271254
v -0.11503124695271254 -0.9945937515236438 0.11503124695271254
v 0.11503124695271254 -0.9945937515236438 0.11503124695271254
v -0.11503124695271254 -0.9945937515236438 -0.11503124695271254
v 0.11503124695271254 -0.9945937515236438 -0.11503124695271254
v -0.11503124695271254 -0.9179062484763563 0.11503124695271254
v 0.11503124695271254 -0.9179062484763563 0.11503124695271254
v -0.11503124695271254 -0.9945937515236438 0.11503124695271254
v 0.11503124695271254 -0.9945937515236438 0.11503124695271254
v 0.11503124695271254 -0.9179062484763563 -0.11503124695271254
v -0.11503124695271254 -0.9179062484763563 -0.11503124695271254
v 0.11503124695271254 -0.9945937515236438 -0.11503124695271254
v -0.11503124695271254 -0.9945937515236438 -0.11503124695271254
vt 0.4375 0.6875
vt 0.6875 0.6875
vt 0.4375 0.625
vt 0.6875 0.625
vt 0.4375 0.6875
vt 0.6875 0.6875
vt 0.4375 0.625
vt 0.6875 0.625
vt 0.4375 0.875
vt 0.6875 0.875
vt 0.4375 0.625
vt 0.6875 0.625
vt 0.4375 0.875
vt 0.6875 0.875
vt 0.4375 0.625
vt 0.6875 0.625
vt 0.4375 0.6875
vt 0.6875 0.6875
vt 0.4375 0.625
vt 0.6875 0.625
vt 0.4375 0.6875
vt 0.6875 0.6875
vt 0.4375 0.625
vt 0.6875 0.625
vn 1 0 0
vn 1 0 0
vn 1 0 0
vn 1 0 0
vn -1 0 0
vn -1 0 0
vn -1 0 0
vn -1 0 0
vn 0 1 0
vn 0 1 0
vn 0 1 0
vn 0 1 0
vn 0 -1 0
vn 0 -1 0
vn 0 -1 0
vn 0 -1 0
vn 0 0 1
vn 0 0 1
vn 0 0 1
vn 0 0 1
vn 0 0 -1
vn 0 0 -1
vn 0 0 -1
vn 0 0 -1
f 217/217/217 219/219/219 218/218/218
f 219/219/219 220/220/220 218/218/218
f 221/221/221 223/223/223 222/222/222
f 223/223/223 224/224/224 222/222/222
f 225/225/225 227/227/227 226/226/226
f 227/227/227 228/228/228 226/226/226
f 229/229/229 231/231/231 230/230/230
f 231/231/231 232/232/232 230/230/230
f 233/233/233 235/235/235 234/234/234
f 235/235/235 236/236/236 234/234/234
f 237/237/237 239/239/239 238/238/238
f 239/239/239 240/240/240 238/238/238
o pommel_11
usemtl pommel_gem
v 0.03161999929323792 -0.8457612491361798 0.1254260028898716
v 0.03161999929323792 -0.8457612491361798 -0.1254260028898716
v 0.03161999929323792 -0.8892387508638203 0.1254260028898716
v 0.03161999929323792 -0.8892387508638203 -0.1254260028898716
v -0.03161999929323792 -0.8457612491361798 -0.1254260028898716
v -0.03161999929323792 -0.8457612491361798 0.1254260028898716
v -0.03161999929323792 -0.8892387508638203 -0.1254260028898716
v -0.03161999929323792 -0.8892387508638203 0.1254260028898716
v -0.03161999929323792 -0.8457612491361798 -0.1254260028898716
v 0.03161999929323792 -0.8457612491361798 -0.1254260028898716
v -0.03161999929323792 -0.8457612491361798 0.1254260028898716
v 0.03161999929323792 -0.8457612491361798 0.1254260028898716
v -0.03161999929323792 -0.8892387508638203 0.1254260028898716
v 0.03161999929323792 -0.8892387508638203 0.1254260028898716
v -0.03161999929323792 -0.8892387508638203 -0.1254260028898716
v 0.03161999929323792 -0.8892387508638203 -0.1254260028898716
v -0.03161999929323792 -0.8457612491361798 0.1254260028898716
v 0.03161999929323792 -0.8457612491361798 0.1254260028898716
v -0.03161999929323792 -0.8892387508638203 0.1254260028898716
v 0.03161999929323792 -0.8892387508638203 0.1254260028898716
v 0.03161999929323792 -0.8457612491361798 -0.1254260028898716
v -0.03161999929323792 -0.8457612491361798 -0.1254260028898716
v 0.03161999929323792 -0.8892387508638203 -0.1254260028898716
v -0.03161999929323792 -0.8892387508638203 -0.1254260028898716
vt 0.5625 1
vt 0.8125 1
vt 0.5625 0.9375
vt 0.8125 0.9375
vt 0.5625 1
vt 0.8125 1
vt 0.5625 0.9375
vt 0.8125 0.9375
vt 0.5625 1.1875
vt 0.625 1.1875
vt 0.5625 0.9375
vt 0.625 0.9375
vt 0.5625 1.1875
vt 0.625 1.1875
vt 0.5625 0.9375
vt 0.625 0.9375
vt 0.5625 1
vt 0.625 1
vt 0.5625 0.9375
vt 0.625 0.9375
vt 0.5625 1
vt 0.625 1
vt 0.5625 0.9375
vt 0.625 0.9375
vn 1 0 0
vn 1 0 0
vn 1 0 0
vn 1 0 0
vn -1 0 0
vn -1 0 0
vn -1 0 0
vn -1 0 0
vn 0 1 0
vn 0 1 0
vn 0 1 0
vn 0 1 0
vn 0 -1 0
vn 0 -1 0
vn 0 -1 0
vn 0 -1 0
vn 0 0 1
vn 0 0 1
vn 0 0 1
vn 0 0 1
vn 0 0 -1
vn 0 0 -1
vn 0 0 -1
vn 0 0 -1
f 241/241/241 243/243/243 242/242/242
f 243/243/243 244/244/244 242/242/242
f 245/245/245 247/247/247 246/246/246
f 247/247/247 248/248/248 246/246/246
f 249/249/249 251/251/251 250/250/250
f 251/251/251 252/252/252 250/250/250
f 253/253/253 255/255/255 254/254/254
f 255/255/255 256/256/256 254/254/254
f 257/257/257 259/259/259 258/258/258
f 259/259/259 260/260/260 258/258/258
f 261/261/261 263/263/263 262/262/262
f 263/263/263 264/264/264 262/262/262
o pommel_12
usemtl pommel_gem
v 0.05391749831661582 -0.806318124158308 0.17022524681687354
v 0.05391749831661582 -0.806318124158308 -0.17022524681687354
v 0.05391749831661582 -0.8486818758416921 0.17022524681687354
v 0.05391749831661582 -0.8486818758416921 -0.17022524681687354
v -0.05391749831661582 -0.806318124158308 -0.17022524681687354
v -0.05391749831661582 -0.806318124158308 0.17022524681687354
v -0.05391749831661582 -0.8486818758416921 -0.17022524681687354
v -0.05391749831661582 -0.8486818758416921 0.17022524681687354
v -0.05391749831661582 -0.806318124158308 -0.17022524681687354
v 0.05391749831661582 -0.806318124158308 -0.17022524681687354
v -0.05391749831661582 -0.806318124158308 0.17022524681687354
v 0.05391749831661582 -0.806318124158308 0.17022524681687354
v -0.05391749831661582 -0.8486818758416921 0.17022524681687354
v 0.05391749831661582 -0.8486818758416921 0.17022524681687354
v -0.05391749831661582 -0.8486818758416921 -0.17022524681687354
v 0.05391749831661582 -0.8486818758416921 -0.17022524681687354
v -0.05391749831661582 -0.806318124158308 0.17022524681687354
v 0.05391749831661582 -0.806318124158308 0.17022524681687354
v -0.05391749831661582 -0.8486818758416921 0.17022524681687354
v 0.05391749831661582 -0.8486818758416921 0.17022524681687354
v 0.05391749831661582 -0.806318124158308 -0.17022524681687354
v -0.05391749831661582 -0.806318124158308 -0.17022524681687354
v 0.05391749831661582 -0.8486818758416921 -0.17022524681687354
v -0.05391749831661582 -0.8486818758416921 -0.17022524681687354
vt 0.75 0.5
vt 1.0625 0.5
vt 0.75 0.4375
vt 1.0625 0.4375
vt 0.75 0.5
vt 1.0625 0.5
vt 0.75 0.4375
vt 1.0625 0.4375
vt 0.75 0.75
vt 0.875 0.75
vt 0.75 0.4375
vt 0.875 0.4375
vt 0.75 0.75
vt 0.875 0.75
vt 0.75 0.4375
vt 0.875 0.4375
vt 0.75 0.5
vt 0.875 0.5
vt 0.75 0.4375
vt 0.875 0.4375
vt 0.75 0.5
vt 0.875 0.5
vt 0.75 0.4375
vt 0.875 0.4375
vn 1 0 0
vn 1 0 0
vn 1 0 0
vn 1 0 0
vn -1 0 0
vn -1 0 0
vn -1 0 0
vn -1 0 0
vn 0 1 0
vn 0 1 0
vn 0 1 0
vn 0 1 0
vn 0 -1 0
vn 0 -1 0
vn 0 -1 0
vn 0 -1 0
vn 0 0 1
vn 0 0 1
vn 0 0 1
vn 0 0 1
vn 0 0 -1
vn 0 0 -1
vn 0 0 -1
vn 0 0 -1
f 265/265/265 267/267/267 266/266/266
f 267/267/267 268/268/268 266/266/266
f 269/269/269 271/271/271 270/270/270
f 271/271/271 272/272/272 270/270/270
f 273/273/273 275/275/275 274/274/274
f 275/275/275 276/276/276 274/274/274
f 277/277/277 279/279/279 278/278/278
f 279/279/279 280/280/280 278/278/278
f 281/281/281 283/283/283 282/282/282
f 283/283/283 284/284/284 282/282/282
f 285/285/285 287/287/287 286/286/286
f 287/287/287 288/288/288 286/286/286
o pommel_13
usemtl pommel_gem
v 0.07500000298023224 -0.7668749991804362 0.21250000596046448
v 0.07500000298023224 -0.7668749991804362 -0.21250000596046448
v 0.07500000298023224 -0.808125000819564 0.21250000596046448
v 0.07500000298023224 -0.808125000819564 -0.21250000596046448
v -0.07500000298023224 -0.7668749991804362 -0.21250000596046448
v -0.07500000298023224 -0.7668749991804362 0.21250000596046448
v -0.07500000298023224 -0.808125000819564 -0.21250000596046448
v -0.07500000298023224 -0.808125000819564 0.21250000596046448
v -0.07500000298023224 -0.7668749991804362 -0.21250000596046448
v 0.07500000298023224 -0.7668749991804362 -0.21250000596046448
v -0.07500000298023224 -0.7668749991804362 0.21250000596046448
v 0.07500000298023224 -0.7668749991804362 0.21250000596046448
v -0.07500000298023224 -0.808125000819564 0.21250000596046448
v 0.07500000298023224 -0.808125000819564 0.21250000596046448
v -0.07500000298023224 -0.808125000819564 -0.21250000596046448
v 0.07500000298023224 -0.808125000819564 -0.21250000596046448
v -0.07500000298023224 -0.7668749991804362 0.21250000596046448
v 0.07500000298023224 -0.7668749991804362 0.21250000596046448
v -0.07500000298023224 -0.808125000819564 0.21250000596046448
v 0.07500000298023224 -0.808125000819564 0.21250000596046448
v 0.07500000298023224 -0.7668749991804362 -0.21250000596046448
v -0.07500000298023224 -0.7668749991804362 -0.21250000596046448
v 0.07500000298023224 -0.808125000819564 -0.21250000596046448
v -0.07500000298023224 -0.808125000819564 -0.21250000596046448
vt 0.3125 0.375
vt 0.75 0.375
vt 0.3125 0.3125
vt 0.75 0.3125
vt 0.3125 0.375
vt 0.75 0.375
vt 0.3125 0.3125
vt 0.75 0.3125
vt 0.3125 0.75
vt 0.4375 0.75
vt 0.3125 0.3125
vt 0.4375 0.3125
vt 0.3125 0.75
vt 0.4375 0.75
vt 0.3125 0.3125
vt 0.4375 0.3125
vt 0.3125 0.375
vt 0.4375 0.375
vt 0.3125 0.3125
vt 0.4375 0.3125
vt 0.3125 0.375
vt 0.4375 0.375
vt 0.3125 0.3125
vt 0.4375 0.3125
vn 1 0 0
vn 1 0 0
vn 1 0 0
vn 1 0 0
vn -1 0 0
vn -1 0 0
vn -1 0 0
vn -1 0 0
vn 0 1 0
vn 0 1 0
vn 0 1 0
vn 0 1 0
vn 0 -1 0
vn 0 -1 0
vn 0 -1 0
vn 0 -1 0
vn 0 0 1
vn 0 0 1
vn 0 0 1
vn 0 0 1
vn 0 0 -1
vn 0 0 -1
vn 0 0 -1
vn 0 0 -1
f 289/289/289 291/291/291 290/290/290
f 291/291/291 292/292/292 290/290/290
f 293/293/293 295/295/295 294/294/294
f 295/295/295 296/296/296 294/294/294
f 297/297/297 299/299/299 298/298/298
f 299/299/299 300/300/300 298/298/298
f 301/301/301 303/303/303 302/302/302
f 303/303/303 304/304/304 302/302/302
f 305/305/305 307/307/307 306/306/306
f 307/307/307 308/308/308 306/306/306
f 309/309/309 311/311/311 310/310/310
f 311/311/311 312/312/312 310/310/310
o pommel_14
usemtl pommel_gem
v 0.054153748309239746 -0.7262253116546199 0.1709711218029261
v 0.054153748309239746 -0.7262253116546199 -0.1709711218029261
v 0.054153748309239746 -0.7687746883453802 0.1709711218029261
v 0.054153748309239746 -0.7687746883453802 -0.1709711218029261
v -0.054153748309239746 -0.7262253116546199 -0.1709711218029261
v -0.054153748309239746 -0.7262253116546199 0.1709711218029261
v -0.054153748309239746 -0.7687746883453802 -0.1709711218029261
v -0.054153748309239746 -0.7687746883453802 0.1709711218029261
v -0.054153748309239746 -0.7262253116546199 -0.1709711218029261
v 0.054153748309239746 -0.7262253116546199 -0.1709711218029261
v -0.054153748309239746 -0.7262253116546199 0.1709711218029261
v 0.054153748309239746 -0.7262253116546199 0.1709711218029261
v -0.054153748309239746 -0.7687746883453802 0.1709711218029261
v 0.054153748309239746 -0.7687746883453802 0.1709711218029261
v -0.054153748309239746 -0.7687746883453802 -0.1709711218029261
v 0.054153748309239746 -0.7687746883453802 -0.1709711218029261
v -0.054153748309239746 -0.7262253116546199 0.1709711218029261
v 0.054153748309239746 -0.7262253116546199 0.1709711218029261
v -0.054153748309239746 -0.7687746883453802 0.1709711218029261
v 0.054153748309239746 -0.7687746883453802 0.1709711218029261
v 0.054153748309239746 -0.7262253116546199 -0.1709711218029261
v -0.054153748309239746 -0.7262253116546199 -0.1709711218029261
v 0.054153748309239746 -0.7687746883453802 -0.1709711218029261
v -0.054153748309239746 -0.7687746883453802 -0.1709711218029261
vt 0.75 0.5
vt 1.0625 0.5
vt 0.75 0.4375
vt 1.0625 0.4375
vt 0.75 0.5
vt 1.0625 0.5
vt 0.75 0.4375
vt 1.0625 0.4375
vt 0.75 0.75
vt 0.875 0.75
vt 0.75 0.4375
vt 0.875 0.4375
vt 0.75 0.75
vt 0.875 0.75
vt 0.75 0.4375
vt 0.875 0.4375
vt 0.75 0.5
vt 0.875 0.5
vt 0.75 0.4375
vt 0.875 0.4375
vt 0.75 0.5
vt 0.875 0.5
vt 0.75 0.4375
vt 0.875 0.4375
vn 1 0 0
vn 1 0 0
vn 1 0 0
vn 1 0 0
vn -1 0 0
vn -1 0 0
vn -1 0 0
vn -1 0 0
vn 0 1 0
vn 0 1 0
vn 0 1 0
vn 0 1 0
vn 0 -1 0
vn 0 -1 0
vn 0 -1 0
vn 0 -1 0
vn 0 0 1
vn 0 0 1
vn 0 0 1
vn 0 0 1
vn 0 0 -1
vn 0 0 -1
vn 0 0 -1
vn 0 0 -1
f 313/313/313 315/315/315 314/314/314
f 315/315/315 316/316/316 314/314/314
f 317/317/317 319/319/319 318/318/318
f 319/319/319 320/320/320 318/318/318
f 321/321/321 323/323/323 322/322/322
f 323/323/323 324/324/324 322/322/322
f 325/325/325 327/327/327 326/326/326
f 327/327/327 328/328/328 326/326/326
f 329/329/329 331/331/331 330/330/330
f 331/331/331 332/332/332 330/330/330
f 333/333/333 335/335/335 334/334/334
f 335/335/335 336/336/336 334/334/334
o pommel_15
usemtl pommel_gem
v 0.03013499932643026 -0.6867821866767481 0.11953550275415181
v 0.03013499932643026 -0.6867821866767481 -0.11953550275415181
v 0.03013499932643026 -0.728217813323252 0.11953550275415181
v 0.03013499932643026 -0.728217813323252 -0.11953550275415181
v -0.03013499932643026 -0.6867821866767481 -0.11953550275415181
v -0.03013499932643026 -0.6867821866767481 0.11953550275415181
v -0.03013499932643026 -0.728217813323252 -0.11953550275415181
v -0.03013499932643026 -0.728217813323252 0.11953550275415181
v -0.03013499932643026 -0.6867821866767481 -0.11953550275415181
v 0.03013499932643026 -0.6867821866767481 -0.11953550275415181
v -0.03013499932643026 -0.6867821866767481 0.11953550275415181
v 0.03013499932643026 -0.6867821866767481 0.11953550275415181
v -0.03013499932643026 -0.728217813323252 0.11953550275415181
v 0.03013499932643026 -0.728217813323252 0.11953550275415181
v -0.03013499932643026 -0.728217813323252 -0.11953550275415181
v 0.03013499932643026 -0.728217813323252 -0.11953550275415181
v -0.03013499932643026 -0.6867821866767481 0.11953550275415181
v 0.03013499932643026 -0.6867821866767481 0.11953550275415181
v -0.03013499932643026 -0.728217813323252 0.11953550275415181
v 0.03013499932643026 -0.728217813323252 0.11953550275415181
v 0.03013499932643026 -0.6867821866767481 -0.11953550275415181
v -0.03013499932643026 -0.6867821866767481 -0.11953550275415181
v 0.03013499932643026 -0.728217813323252 -0.11953550275415181
v -0.03013499932643026 -0.728217813323252 -0.11953550275415181
vt 0.5625 1
vt 0.8125 1
vt 0.5625 0.9375
vt 0.8125 0.9375
vt 0.5625 1
vt 0.8125 1
vt 0.5625 0.9375
vt 0.8125 0.9375
vt 0.5625 1.1875
vt 0.625 1.1875
vt 0.5625 0.9375
vt 0.625 0.9375
vt 0.5625 1.1875
vt 0.625 1.1875
vt 0.5625 0.9375
vt 0.625 0.9375
vt 0.5625 1
vt 0.625 1
vt 0.5625 0.9375
vt 0.625 0.9375
vt 0.5625 1
vt 0.625 1
vt 0.5625 0.9375
vt 0.625 0.9375
vn 1 0 0
vn 1 0 0
vn 1 0 0
vn 1 0 0
vn -1 0 0
vn -1 0 0
vn -1 0 0
vn -1 0 0
vn 0 1 0
vn 0 1 0
vn 0 1 0
vn 0 1 0
vn 0 -1 0
vn 0 -1 0
vn 0 -1 0
vn 0 -1 0
vn 0 0 1
vn 0 0 1
vn 0 0 1
vn 0 0 1
vn 0 0 -1
vn 0 0 -1
vn 0 0 -1
vn 0 0 -1
f 337/337/337 339/339/339 338/338/338
f 339/339/339 340/340/340 338/338/338
f 341/341/341 343/343/343 342/342/342
f 343/343/343 344/344/344 342/342/342
f 345/345/345 347/347/347 346/346/346
f 347/347/347 348/348/348 346/346/346
f 349/349/349 351/351/351 350/350/350
f 351/351/351 352/352/352 350/350/350
f 353/353/353 355/355/355 354/354/354
f 355/355/355 356/356/356 354/354/354
f 357/357/357 359/359/359 358/358/358
f 359/359/359 360/360/360 358/358/358
o pommel_16
usemtl sun_gold
v 0.035612500771880176 -1.1402000030875206 0.0420874984562397
v 0.035612500771880176 -1.1402000030875206 -0.0420874984562397
v -0.03561250077188012 -1.1402000030875206 0.0420874984562397
v -0.03561250077188012 -1.1402000030875206 -0.0420874984562397
v 0.03561250077188015 -0.9847999969124794 -0.0420874984562397
v 0.03561250077188015 -0.9847999969124794 0.0420874984562397
v -0.03561250077188015 -0.9847999969124794 -0.0420874984562397
v -0.03561250077188015 -0.9847999969124794 0.0420874984562397
v 0.03561250077188015 -0.9847999969124794 -0.0420874984562397
v 0.035612500771880176 -1.1402000030875206 -0.0420874984562397
v 0.03561250077188015 -0.9847999969124794 0.0420874984562397
v 0.035612500771880176 -1.1402000030875206 0.0420874984562397
v -0.03561250077188015 -0.9847999969124794 0.0420874984562397
v -0.03561250077188012 -1.1402000030875206 0.0420874984562397
v -0.03561250077188015 -0.9847999969124794 -0.0420874984562397
v -0.03561250077188012 -1.1402000030875206 -0.0420874984562397
v 0.03561250077188015 -0.9847999969124794 0.0420874984562397
v 0.035612500771880176 -1.1402000030875206 0.0420874984562397
v -0.03561250077188015 -0.9847999969124794 0.0420874984562397
v -0.03561250077188012 -1.1402000030875206 0.0420874984562397
v 0.035612500771880176 -1.1402000030875206 -0.0420874984562397
v 0.03561250077188015 -0.9847999969124794 -0.0420874984562397
v -0.03561250077188012 -1.1402000030875206 -0.0420874984562397
v -0.03561250077188015 -0.9847999969124794 -0.0420874984562397
vt 0.6875 1
vt 0.75 1
vt 0.6875 0.9375
vt 0.75 0.9375
vt 0.6875 1
vt 0.75 1
vt 0.6875 0.9375
vt 0.75 0.9375
vt 0.6875 1
vt 0.8125 1
vt 0.6875 0.9375
vt 0.8125 0.9375
vt 0.6875 1
vt 0.8125 1
vt 0.6875 0.9375
vt 0.8125 0.9375
vt 0.6875 1
vt 0.8125 1
vt 0.6875 0.9375
vt 0.8125 0.9375
vt 0.6875 1
vt 0.8125 1
vt 0.6875 0.9375
vt 0.8125 0.9375
vn 2.220446049250313e-16 -1 0
vn 2.220446049250313e-16 -1 0
vn 2.220446049250313e-16 -1 0
vn 2.220446049250313e-16 -1 0
vn -2.220446049250313e-16 1 0
vn -2.220446049250313e-16 1 0
vn -2.220446049250313e-16 1 0
vn -2.220446049250313e-16 1 0
vn 1 2.220446049250313e-16 0
vn 1 2.220446049250313e-16 0
vn 1 2.220446049250313e-16 0
vn 1 2.220446049250313e-16 0
vn -1 -2.220446049250313e-16 0
vn -1 -2.220446049250313e-16 0
vn -1 -2.220446049250313e-16 0
vn -1 -2.220446049250313e-16 0
vn 0 0 1
vn 0 0 1
vn 0 0 1
vn 0 0 1
vn 0 0 -1
vn 0 0 -1
vn 0 0 -1
vn 0 0 -1
f 361/361/361 363/363/363 362/362/362
f 363/363/363 364/364/364 362/362/362
f 365/365/365 367/367/367 366/366/366
f 367/367/367 368/368/368 366/366/366
f 369/369/369 371/371/371 370/370/370
f 371/371/371 372/372/372 370/370/370
f 373/373/373 375/375/375 374/374/374
f 375/375/375 376/376/376 374/374/374
f 377/377/377 379/379/379 378/378/378
f 379/379/379 380/380/380 378/378/378
f 381/381/381 383/383/383 382/382/382
f 383/383/383 384/384/384 382/382/382
o pommel_17
usemtl sun_gold
v 0.27249022991419536 -1.010939115323607 0.04099062349647283
v 0.27249022991419536 -1.010939115323607 -0.04099062349647283
v 0.2234391153236068 -1.0599902299141954 0.04099062349647283
v 0.2234391153236068 -1.0599902299141954 -0.04099062349647283
v 0.1654696143289944 -0.9039184997384059 -0.04099062349647283
v 0.1654696143289944 -0.9039184997384059 0.04099062349647283
v 0.11641849973840585 -0.9529696143289944 -0.04099062349647283
v 0.11641849973840585 -0.9529696143289944 0.04099062349647283
v 0.1654696143289944 -0.9039184997384059 -0.04099062349647283
v 0.27249022991419536 -1.010939115323607 -0.04099062349647283
v 0.1654696143289944 -0.9039184997384059 0.04099062349647283
v 0.27249022991419536 -1.010939115323607 0.04099062349647283
v 0.11641849973840585 -0.9529696143289944 0.04099062349647283
v 0.2234391153236068 -1.0599902299141954 0.04099062349647283
v 0.11641849973840585 -0.9529696143289944 -0.04099062349647283
v 0.2234391153236068 -1.0599902299141954 -0.04099062349647283
v 0.1654696143289944 -0.9039184997384059 0.04099062349647283
v 0.27249022991419536 -1.010939115323607 0.04099062349647283
v 0.11641849973840585 -0.9529696143289944 0.04099062349647283
v 0.2234391153236068 -1.0599902299141954 0.04099062349647283
v 0.27249022991419536 -1.010939115323607 -0.04099062349647283
v 0.1654696143289944 -0.9039184997384059 -0.04099062349647283
v 0.2234391153236068 -1.0599902299141954 -0.04099062349647283
v 0.11641849973840585 -0.9529696143289944 -0.04099062349647283
vt 0.6875 1
vt 0.75 1
vt 0.6875 0.9375
vt 0.75 0.9375
vt 0.6875 1
vt 0.75 1
vt 0.6875 0.9375
vt 0.75 0.9375
vt 0.6875 1
vt 0.8125 1
vt 0.6875 0.9375
vt 0.8125 0.9375
vt 0.6875 1
vt 0.8125 1
vt 0.6875 0.9375
vt 0.8125 0.9375
vt 0.6875 1
vt 0.8125 1
vt 0.6875 0.9375
vt 0.8125 0.9375
vt 0.6875 1
vt 0.8125 1
vt 0.6875 0.9375
vt 0.8125 0.9375
vn 0.7071067811865476 -0.7071067811865477 0
vn 0.7071067811865476 -0.7071067811865477 0
vn 0.7071067811865476 -0.7071067811865477 0
vn 0.7071067811865476 -0.7071067811865477 0
vn -0.7071067811865476 0.7071067811865477 0
vn -0.7071067811865476 0.7071067811865477 0
vn -0.7071067811865476 0.7071067811865477 0
vn -0.7071067811865476 0.7071067811865477 0
vn 0.7071067811865477 0.7071067811865476 0
vn 0.7071067811865477 0.7071067811865476 0
vn 0.7071067811865477 0.7071067811865476 0
vn 0.7071067811865477 0.7071067811865476 0
vn -0.7071067811865477 -0.7071067811865476 0
vn -0.7071067811865477 -0.7071067811865476 0
vn -0.7071067811865477 -0.7071067811865476 0
vn -0.7071067811865477 -0.7071067811865476 0
vn 0 0 0.9999999999999999
vn 0 0 0.9999999999999999
vn 0 0 0.9999999999999999
vn 0 0 0.9999999999999999
vn 0 0 -0.9999999999999999
vn 0 0 -0.9999999999999999
vn 0 0 -0.9999999999999999
vn 0 0 -0.9999999999999999
f 385/385/385 387/387/387 386/386/386
f 387/387/387 388/388/388 386/386/386
f 389/389/389 391/391/391 390/390/390
f 391/391/391 392/392/392 390/390/390
f 393/393/393 395/395/395 394/394/394
f 395/395/395 396/396/396 394/394/394
f 397/397/397 399/399/399 398/398/398
f 399/399/399 400/400/400 398/398/398
f 401/401/401 403/403/403 402/402/402
f 403/403/403 404/404/404 402/402/402
f 405/405/405 407/407/407 406/406/406
f 407/407/407 408/408/408 406/406/406
o pommel_18
usemtl sun_gold
v -0.2243439910824424 -1.0624264338292289 0.04227031094953418
v -0.2243439910824424 -1.0624264338292289 -0.04227031094953418
v -0.27492643382922877 -1.0118439910824424 0.04227031094953418
v -0.27492643382922877 -1.0118439910824424 -0.04227031094953418
v -0.11398229582337241 -0.9520647385701587 -0.04227031094953418
v -0.11398229582337241 -0.9520647385701587 0.04227031094953418
v -0.16456473857015874 -0.9014822958233725 -0.04227031094953418
v -0.16456473857015874 -0.9014822958233725 0.04227031094953418
v -0.11398229582337241 -0.9520647385701587 -0.04227031094953418
v -0.2243439910824424 -1.0624264338292289 -0.04227031094953418
v -0.11398229582337241 -0.9520647385701587 0.04227031094953418
v -0.2243439910824424 -1.0624264338292289 0.04227031094953418
v -0.16456473857015874 -0.9014822958233725 0.04227031094953418
v -0.27492643382922877 -1.0118439910824424 0.04227031094953418
v -0.16456473857015874 -0.9014822958233725 -0.04227031094953418
v -0.27492643382922877 -1.0118439910824424 -0.04227031094953418
v -0.11398229582337241 -0.9520647385701587 0.04227031094953418
v -0.2243439910824424 -1.0624264338292289 0.04227031094953418
v -0.16456473857015874 -0.9014822958233725 0.04227031094953418
v -0.27492643382922877 -1.0118439910824424 0.04227031094953418
v -0.2243439910824424 -1.0624264338292289 -0.04227031094953418
v -0.11398229582337241 -0.9520647385701587 -0.04227031094953418
v -0.27492643382922877 -1.0118439910824424 -0.04227031094953418
v -0.16456473857015874 -0.9014822958233725 -0.04227031094953418
vt 0.6875 1
vt 0.75 1
vt 0.6875 0.9375
vt 0.75 0.9375
vt 0.6875 1
vt 0.75 1
vt 0.6875 0.9375
vt 0.75 0.9375
vt 0.6875 1
vt 0.8125 1
vt 0.6875 0.9375
vt 0.8125 0.9375
vt 0.6875 1
vt 0.8125 1
vt 0.6875 0.9375
vt 0.8125 0.9375
vt 0.6875 1
vt 0.8125 1
vt 0.6875 0.9375
vt 0.8125 0.9375
vt 0.6875 1
vt 0.8125 1
vt 0.6875 0.9375
vt 0.8125 0.9375
vn -0.7071067811865475 -0.7071067811865477 0
vn -0.7071067811865475 -0.7071067811865477 0
vn -0.7071067811865475 -0.7071067811865477 0
vn -0.7071067811865475 -0.7071067811865477 0
vn 0.7071067811865475 0.7071067811865477 0
vn 0.7071067811865475 0.7071067811865477 0
vn 0.7071067811865475 0.7071067811865477 0
vn 0.7071067811865475 0.7071067811865477 0
vn 0.7071067811865477 -0.7071067811865475 0
vn 0.7071067811865477 -0.7071067811865475 0
vn 0.7071067811865477 -0.7071067811865475 0
vn 0.7071067811865477 -0.7071067811865475 0
vn -0.7071067811865477 0.7071067811865475 0
vn -0.7071067811865477 0.7071067811865475 0
vn -0.7071067811865477 0.7071067811865475 0
vn -0.7071067811865477 0.7071067811865475 0
vn 0 0 1
vn 0 0 1
vn 0 0 1
vn 0 0 1
vn 0 0 -1
vn 0 0 -1
vn 0 0 -1
vn 0 0 -1
f 409/409/409 411/411/411 410/410/410
f 411/411/411 412/412/412 410/410/410
f 413/413/413 415/415/415 414/414/414
f 415/415/415 416/416/416 414/414/414
f 417/417/417 419/419/419 418/418/418
f 419/419/419 420/420/420 418/418/418
f 421/421/421 423/423/423 422/422/422
f 423/423/423 424/424/424 422/422/422
f 425/425/425 427/427/427 426/426/426
f 427/427/427 428/428/428 426/426/426
f 429/429/429 431/431/431 430/430/430
f 431/431/431 432/432/432 430/430/430
o pommel_19
usemtl sun_gold
v 0.3510125030204654 -0.7526609367448838 0.04117343598976732
v 0.3510125030204654 -0.7526609367448838 -0.04117343598976732
v 0.3510125030204654 -0.8223390632551164 0.04117343598976732
v 0.3510125030204654 -0.8223390632551164 -0.04117343598976732
v 0.19898749697953466 -0.7526609367448838 -0.04117343598976732
v 0.19898749697953466 -0.7526609367448838 0.04117343598976732
v 0.19898749697953466 -0.8223390632551164 -0.04117343598976732
v 0.19898749697953466 -0.8223390632551164 0.04117343598976732
v 0.19898749697953466 -0.7526609367448838 -0.04117343598976732
v 0.3510125030204654 -0.7526609367448838 -0.04117343598976732
v 0.19898749697953466 -0.7526609367448838 0.04117343598976732
v 0.3510125030204654 -0.7526609367448838 0.04117343598976732
v 0.19898749697953466 -0.8223390632551164 0.04117343598976732
v 0.3510125030204654 -0.8223390632551164 0.04117343598976732
v 0.19898749697953466 -0.8223390632551164 -0.04117343598976732
v 0.3510125030204654 -0.8223390632551164 -0.04117343598976732
v 0.19898749697953466 -0.7526609367448838 0.04117343598976732
v 0.3510125030204654 -0.7526609367448838 0.04117343598976732
v 0.19898749697953466 -0.8223390632551164 0.04117343598976732
v 0.3510125030204654 -0.8223390632551164 0.04117343598976732
v 0.3510125030204654 -0.7526609367448838 -0.04117343598976732
v 0.19898749697953466 -0.7526609367448838 -0.04117343598976732
v 0.3510125030204654 -0.8223390632551164 -0.04117343598976732
v 0.19898749697953466 -0.8223390632551164 -0.04117343598976732
vt 0.6875 1
vt 0.75 1
vt 0.6875 0.9375
vt 0.75 0.9375
vt 0.6875 1
vt 0.75 1
vt 0.6875 0.9375
vt 0.75 0.9375
vt 0.6875 1
vt 0.8125 1
vt 0.6875 0.9375
vt 0.8125 0.9375
vt 0.6875 1
vt 0.8125 1
vt 0.6875 0.9375
vt 0.8125 0.9375
vt 0.6875 1
vt 0.8125 1
vt 0.6875 0.9375
vt 0.8125 0.9375
vt 0.6875 1
vt 0.8125 1
vt 0.6875 0.9375
vt 0.8125 0.9375
vn 1 0 0
vn 1 0 0
vn 1 0 0
vn 1 0 0
vn -1 0 0
vn -1 0 0
vn -1 0 0
vn -1 0 0
vn 0 1 0
vn 0 1 0
vn 0 1 0
vn 0 1 0
vn 0 -1 0
vn 0 -1 0
vn 0 -1 0
vn 0 -1 0
vn 0 0 1
vn 0 0 1
vn 0 0 1
vn 0 0 1
vn 0 0 -1
vn 0 0 -1
vn 0 0 -1
vn 0 0 -1
f 433/433/433 435/435/435 434/434/434
f 435/435/435 436/436/436 434/434/434
f 437/437/437 439/439/439 438/438/438
f 439/439/439 440/440/440 438/438/438
f 441/441/441 443/443/443 442/442/442
f 443/443/443 444/444/444 442/442/442
f 445/445/445 447/447/447 446/446/446
f 447/447/447 448/448/448 446/446/446
f 449/449/449 451/451/451 450/450/450
f 451/451/451 452/452/452 450/450/450
f 453/453/453 455/455/455 454/454/454
f 455/455/455 456/456/456 454/454/454
o pommel_20
usemtl sun_gold
v -0.3533750031143427 -0.8234218757785856 0.04245312344282865
v -0.3533750031143427 -0.8234218757785856 -0.04245312344282865
v -0.3533750031143427 -0.7515781242214143 0.04245312344282865
v -0.3533750031143427 -0.7515781242214143 -0.04245312344282865
v -0.19662499688565732 -0.8234218757785856 -0.04245312344282865
v -0.19662499688565732 -0.8234218757785856 0.04245312344282865
v -0.19662499688565732 -0.7515781242214143 -0.04245312344282865
v -0.19662499688565732 -0.7515781242214143 0.04245312344282865
v -0.19662499688565732 -0.8234218757785856 -0.04245312344282865
v -0.3533750031143427 -0.8234218757785856 -0.04245312344282865
v -0.19662499688565732 -0.8234218757785856 0.04245312344282865
v -0.3533750031143427 -0.8234218757785856 0.04245312344282865
v -0.19662499688565732 -0.7515781242214143 0.04245312344282865
v -0.3533750031143427 -0.7515781242214143 0.04245312344282865
v -0.19662499688565732 -0.7515781242214143 -0.04245312344282865
v -0.3533750031143427 -0.7515781242214143 -0.04245312344282865
v -0.19662499688565732 -0.8234218757785856 0.04245312344282865
v -0.3533750031143427 -0.8234218757785856 0.04245312344282865
v -0.19662499688565732 -0.7515781242214143 0.04245312344282865
v -0.3533750031143427 -0.7515781242214143 0.04245312344282865
v -0.3533750031143427 -0.8234218757785856 -0.04245312344282865
v -0.19662499688565732 -0.8234218757785856 -0.04245312344282865
v -0.3533750031143427 -0.7515781242214143 -0.04245312344282865
v -0.19662499688565732 -0.7515781242214143 -0.04245312344282865
vt 0.6875 1
vt 0.75 1
vt 0.6875 0.9375
vt 0.75 0.9375
vt 0.6875 1
vt 0.75 1
vt 0.6875 0.9375
vt 0.75 0.9375
vt 0.6875 1
vt 0.8125 1
vt 0.6875 0.9375
vt 0.8125 0.9375
vt 0.6875 1
vt 0.8125 1
vt 0.6875 0.9375
vt 0.8125 0.9375
vt 0.6875 1
vt 0.8125 1
vt 0.6875 0.9375
vt 0.8125 0.9375
vt 0.6875 1
vt 0.8125 1
vt 0.6875 0.9375
vt 0.8125 0.9375
vn -1 1.2246467991473535e-16 0
vn -1 1.2246467991473535e-16 0
vn -1 1.2246467991473535e-16 0
vn -1 1.2246467991473535e-16 0
vn 1 -1.2246467991473535e-16 0
vn 1 -1.2246467991473535e-16 0
vn 1 -1.2246467991473535e-16 0
vn 1 -1.2246467991473535e-16 0
vn -1.2246467991473535e-16 -1 0
vn -1.2246467991473535e-16 -1 0
vn -1.2246467991473535e-16 -1 0
vn -1.2246467991473535e-16 -1 0
vn 1.2246467991473535e-16 1 0
vn 1.2246467991473535e-16 1 0
vn 1.2246467991473535e-16 1 0
vn 1.2246467991473535e-16 1 0
vn 0 0 1
vn 0 0 1
vn 0 0 1
vn 0 0 1
vn 0 0 -1
vn 0 0 -1
vn 0 0 -1
vn 0 0 -1
f 457/457/457 459/459/459 458/458/458
f 459/459/459 460/460/460 458/458/458
f 461/461/461 463/463/463 462/462/462
f 463/463/463 464/464/464 462/462/462
f 465/465/465 467/467/467 466/466/466
f 467/467/467 468/468/468 466/466/466
f 469/469/469 471/471/471 470/470/470
f 471/471/471 472/472/472 470/470/470
f 473/473/473 475/475/475 474/474/474
f 475/475/475 476/476/476 474/474/474
f 477/477/477 479/479/479 478/478/478
f 479/479/479 480/480/480 478/478/478
o sun_mask_148
usemtl bright_gold
v 0.14957187189906834 -0.6379281281009317 0.20101250038761645
v 0.14957187189906834 -0.6379281281009317 0.14898749961238353
v 0.14957187189906834 -0.9370718718990685 0.20101250038761645
v 0.14957187189906834 -0.9370718718990685 0.14898749961238353
v -0.14957187189906834 -0.6379281281009317 0.14898749961238353
v -0.14957187189906834 -0.6379281281009317 0.20101250038761645
v -0.14957187189906834 -0.9370718718990685 0.14898749961238353
v -0.14957187189906834 -0.9370718718990685 0.20101250038761645
v -0.14957187189906834 -0.6379281281009317 0.14898749961238353
v 0.14957187189906834 -0.6379281281009317 0.14898749961238353
v -0.14957187189906834 -0.6379281281009317 0.20101250038761645
v 0.14957187189906834 -0.6379281281009317 0.20101250038761645
v -0.14957187189906834 -0.9370718718990685 0.20101250038761645
v 0.14957187189906834 -0.9370718718990685 0.20101250038761645
v -0.14957187189906834 -0.9370718718990685 0.14898749961238353
v 0.14957187189906834 -0.9370718718990685 0.14898749961238353
v -0.14957187189906834 -0.6379281281009317 0.20101250038761645
v 0.14957187189906834 -0.6379281281009317 0.20101250038761645
v -0.14957187189906834 -0.9370718718990685 0.20101250038761645
v 0.14957187189906834 -0.9370718718990685 0.20101250038761645
v 0.14957187189906834 -0.6379281281009317 0.14898749961238353
v -0.14957187189906834 -0.6379281281009317 0.14898749961238353
v 0.14957187189906834 -0.9370718718990685 0.14898749961238353
v -0.14957187189906834 -0.9370718718990685 0.14898749961238353
vt 0.1875 0.9375
vt 0.25 0.9375
vt 0.1875 0.625
vt 0.25 0.625
vt 0.1875 0.9375
vt 0.25 0.9375
vt 0.1875 0.625
vt 0.25 0.625
vt 0.1875 0.6875
vt 0.5 0.6875
vt 0.1875 0.625
vt 0.5 0.625
vt 0.1875 0.6875
vt 0.5 0.6875
vt 0.1875 0.625
vt 0.5 0.625
vt 0.1875 0.9375
vt 0.5 0.9375
vt 0.1875 0.625
vt 0.5 0.625
vt 0.1875 0.9375
vt 0.5 0.9375
vt 0.1875 0.625
vt 0.5 0.625
vn 1 0 0
vn 1 0 0
vn 1 0 0
vn 1 0 0
vn -1 0 0
vn -1 0 0
vn -1 0 0
vn -1 0 0
vn 0 1 0
vn 0 1 0
vn 0 1 0
vn 0 1 0
vn 0 -1 0
vn 0 -1 0
vn 0 -1 0
vn 0 -1 0
vn 0 0 1
vn 0 0 1
vn 0 0 1
vn 0 0 1
vn 0 0 -1
vn 0 0 -1
vn 0 0 -1
vn 0 0 -1
f 481/481/481 483/483/483 482/482/482
f 483/483/483 484/484/484 482/482/482
f 485/485/485 487/487/487 486/486/486
f 487/487/487 488/488/488 486/486/486
f 489/489/489 491/491/491 490/490/490
f 491/491/491 492/492/492 490/490/490
f 493/493/493 495/495/495 494/494/494
f 495/495/495 496/496/496 494/494/494
f 497/497/497 499/499/499 498/498/498
f 499/499/499 500/500/500 498/498/498
f 501/501/501 503/503/503 502/502/502
f 503/503/503 504/504/504 502/502/502
o sun_mask_149
usemtl dark_bronze
v -0.037078125 -0.7246624996224419 0.22525312575511633
v -0.037078125 -0.7246624996224419 0.18724687424488365
v -0.037078125 -0.7753375003775583 0.22525312575511633
v -0.037078125 -0.7753375003775583 0.18724687424488365
v -0.10042187500000001 -0.7246624996224419 0.18724687424488365
v -0.10042187500000001 -0.7246624996224419 0.22525312575511633
v -0.10042187500000001 -0.7753375003775583 0.18724687424488365
v -0.10042187500000001 -0.7753375003775583 0.22525312575511633
v -0.10042187500000001 -0.7246624996224419 0.18724687424488365
v -0.037078125 -0.7246624996224419 0.18724687424488365
v -0.10042187500000001 -0.7246624996224419 0.22525312575511633
v -0.037078125 -0.7246624996224419 0.22525312575511633
v -0.10042187500000001 -0.7753375003775583 0.22525312575511633
v -0.037078125 -0.7753375003775583 0.22525312575511633
v -0.10042187500000001 -0.7753375003775583 0.18724687424488365
v -0.037078125 -0.7753375003775583 0.18724687424488365
v -0.10042187500000001 -0.7246624996224419 0.22525312575511633
v -0.037078125 -0.7246624996224419 0.22525312575511633
v -0.10042187500000001 -0.7753375003775583 0.22525312575511633
v -0.037078125 -0.7753375003775583 0.22525312575511633
v -0.037078125 -0.7246624996224419 0.18724687424488365
v -0.10042187500000001 -0.7246624996224419 0.18724687424488365
v -0.037078125 -0.7753375003775583 0.18724687424488365
v -0.10042187500000001 -0.7753375003775583 0.18724687424488365
vt 0.375 0.125
vt 0.4375 0.125
vt 0.375 0.0625
vt 0.4375 0.0625
vt 0.375 0.125
vt 0.4375 0.125
vt 0.375 0.0625
vt 0.4375 0.0625
vt 0.375 0.125
vt 0.4375 0.125
vt 0.375 0.0625
vt 0.4375 0.0625
vt 0.375 0.125
vt 0.4375 0.125
vt 0.375 0.0625
vt 0.4375 0.0625
vt 0.375 0.125
vt 0.4375 0.125
vt 0.375 0.0625
vt 0.4375 0.0625
vt 0.375 0.125
vt 0.4375 0.125
vt 0.375 0.0625
vt 0.4375 0.0625
vn 1 0 0
vn 1 0 0
vn 1 0 0
vn 1 0 0
vn -1 0 0
vn -1 0 0
vn -1 0 0
vn -1 0 0
vn 0 1 0
vn 0 1 0
vn 0 1 0
vn 0 1 0
vn 0 -1 0
vn 0 -1 0
vn 0 -1 0
vn 0 -1 0
vn 0 0 1
vn 0 0 1
vn 0 0 1
vn 0 0 1
vn 0 0 -1
vn 0 0 -1
vn 0 0 -1
vn 0 0 -1
f 505/505/505 507/507/507 506/506/506
f 507/507/507 508/508/508 506/506/506
f 509/509/509 511/511/511 510/510/510
f 511/511/511 512/512/512 510/510/510
f 513/513/513 515/515/515 514/514/514
f 515/515/515 516/516/516 514/514/514
f 517/517/517 519/519/519 518/518/518
f 519/519/519 520/520/520 518/518/518
f 521/521/521 523/523/523 522/522/522
f 523/523/523 524/524/524 522/522/522
f 525/525/525 527/527/527 526/526/526
f 527/527/527 528/528/528 526/526/526
o sun_mask_149_back
usemtl dark_bronze
v -0.037078125 -0.7246624996224419 0.16275312575511633
v -0.037078125 -0.7246624996224419 0.12474687424488365
v -0.037078125 -0.7753375003775583 0.16275312575511633
v -0.037078125 -0.7753375003775583 0.12474687424488365
v -0.10042187500000001 -0.7246624996224419 0.12474687424488365
v -0.10042187500000001 -0.7246624996224419 0.16275312575511633
v -0.10042187500000001 -0.7753375003775583 0.12474687424488365
v -0.10042187500000001 -0.7753375003775583 0.16275312575511633
v -0.10042187500000001 -0.7246624996224419 0.12474687424488365
v -0.037078125 -0.7246624996224419 0.12474687424488365
v -0.10042187500000001 -0.7246624996224419 0.16275312575511633
v -0.037078125 -0.7246624996224419 0.16275312575511633
v -0.10042187500000001 -0.7753375003775583 0.16275312575511633
v -0.037078125 -0.7753375003775583 0.16275312575511633
v -0.10042187500000001 -0.7753375003775583 0.12474687424488365
v -0.037078125 -0.7753375003775583 0.12474687424488365
v -0.10042187500000001 -0.7246624996224419 0.16275312575511633
v -0.037078125 -0.7246624996224419 0.16275312575511633
v -0.10042187500000001 -0.7753375003775583 0.16275312575511633
v -0.037078125 -0.7753375003775583 0.16275312575511633
v -0.037078125 -0.7246624996224419 0.12474687424488365
v -0.10042187500000001 -0.7246624996224419 0.12474687424488365
v -0.037078125 -0.7753375003775583 0.12474687424488365
v -0.10042187500000001 -0.7753375003775583 0.12474687424488365
vt 0.375 0.125
vt 0.4375 0.125
vt 0.375 0.0625
vt 0.4375 0.0625
vt 0.375 0.125
vt 0.4375 0.125
vt 0.375 0.0625
vt 0.4375 0.0625
vt 0.375 0.125
vt 0.4375 0.125
vt 0.375 0.0625
vt 0.4375 0.0625
vt 0.375 0.125
vt 0.4375 0.125
vt 0.375 0.0625
vt 0.4375 0.0625
vt 0.375 0.125
vt 0.4375 0.125
vt 0.375 0.0625
vt 0.4375 0.0625
vt 0.375 0.125
vt 0.4375 0.125
vt 0.375 0.0625
vt 0.4375 0.0625
vn 1 0 0
vn 1 0 0
vn 1 0 0
vn 1 0 0
vn -1 0 0
vn -1 0 0
vn -1 0 0
vn -1 0 0
vn 0 1 0
vn 0 1 0
vn 0 1 0
vn 0 1 0
vn 0 -1 0
vn 0 -1 0
vn 0 -1 0
vn 0 -1 0
vn 0 0 1
vn 0 0 1
vn 0 0 1
vn 0 0 1
vn 0 0 -1
vn 0 0 -1
vn 0 0 -1
vn 0 0 -1
f 529/529/529 531/531/531 530/530/530
f 531/531/531 532/532/532 530/530/530
f 533/533/533 535/535/535 534/534/534
f 535/535/535 536/536/536 534/534/534
f 537/537/537 539/539/539 538/538/538
f 539/539/539 540/540/540 538/538/538
f 541/541/541 543/543/543 542/542/542
f 543/543/543 544/544/544 542/542/542
f 545/545/545 547/547/547 546/546/546
f 547/547/547 548/548/548 546/546/546
f 549/549/549 551/551/551 550/550/550
f 551/551/551 552/552/552 550/550/550
o sun_mask_150
usemtl dark_bronze
v 0.10140625 -0.7238749996107072 0.22584375077858565
v 0.10140625 -0.7238749996107072 0.18665624922141433
v 0.10140625 -0.776125000389293 0.22584375077858565
v 0.10140625 -0.776125000389293 0.18665624922141433
v 0.03609375000000001 -0.7238749996107072 0.18665624922141433
v 0.03609375000000001 -0.7238749996107072 0.22584375077858565
v 0.03609375000000001 -0.776125000389293 0.18665624922141433
v 0.03609375000000001 -0.776125000389293 0.22584375077858565
v 0.03609375000000001 -0.7238749996107072 0.18665624922141433
v 0.10140625 -0.7238749996107072 0.18665624922141433
v 0.03609375000000001 -0.7238749996107072 0.22584375077858565
v 0.10140625 -0.7238749996107072 0.22584375077858565
v 0.03609375000000001 -0.776125000389293 0.22584375077858565
v 0.10140625 -0.776125000389293 0.22584375077858565
v 0.03609375000000001 -0.776125000389293 0.18665624922141433
v 0.10140625 -0.776125000389293 0.18665624922141433
v 0.03609375000000001 -0.7238749996107072 0.22584375077858565
v 0.10140625 -0.7238749996107072 0.22584375077858565
v 0.03609375000000001 -0.776125000389293 0.22584375077858565
v 0.10140625 -0.776125000389293 0.22584375077858565
v 0.10140625 -0.7238749996107072 0.18665624922141433
v 0.03609375000000001 -0.7238749996107072 0.18665624922141433
v 0.10140625 -0.776125000389293 0.18665624922141433
v 0.03609375000000001 -0.776125000389293 0.18665624922141433
vt 0.375 0.125
vt 0.4375 0.125
vt 0.375 0.0625
vt 0.4375 0.0625
vt 0.375 0.125
vt 0.4375 0.125
vt 0.375 0.0625
vt 0.4375 0.0625
vt 0.375 0.125
vt 0.4375 0.125
vt 0.375 0.0625
vt 0.4375 0.0625
vt 0.375 0.125
vt 0.4375 0.125
vt 0.375 0.0625
vt 0.4375 0.0625
vt 0.375 0.125
vt 0.4375 0.125
vt 0.375 0.0625
vt 0.4375 0.0625
vt 0.375 0.125
vt 0.4375 0.125
vt 0.375 0.0625
vt 0.4375 0.0625
vn 1 0 0
vn 1 0 0
vn 1 0 0
vn 1 0 0
vn -1 0 0
vn -1 0 0
vn -1 0 0
vn -1 0 0
vn 0 1 0
vn 0 1 0
vn 0 1 0
vn 0 1 0
vn 0 -1 0
vn 0 -1 0
vn 0 -1 0
vn 0 -1 0
vn 0 0 1
vn 0 0 1
vn 0 0 1
vn 0 0 1
vn 0 0 -1
vn 0 0 -1
vn 0 0 -1
vn 0 0 -1
f 553/553/553 555/555/555 554/554/554
f 555/555/555 556/556/556 554/554/554
f 557/557/557 559/559/559 558/558/558
f 559/559/559 560/560/560 558/558/558
f 561/561/561 563/563/563 562/562/562
f 563/563/563 564/564/564 562/562/562
f 565/565/565 567/567/567 566/566/566
f 567/567/567 568/568/568 566/566/566
f 569/569/569 571/571/571 570/570/570
f 571/571/571 572/572/572 570/570/570
f 573/573/573 575/575/575 574/574/574
f 575/575/575 576/576/576 574/574/574
o sun_mask_150_back
usemtl dark_bronze
v 0.10140625 -0.7238749996107072 0.16334375077858565
v 0.10140625 -0.7238749996107072 0.12415624922141431
v 0.10140625 -0.776125000389293 0.16334375077858565
v 0.10140625 -0.776125000389293 0.12415624922141431
v 0.03609375000000001 -0.7238749996107072 0.12415624922141431
v 0.03609375000000001 -0.7238749996107072 0.16334375077858565
v 0.03609375000000001 -0.776125000389293 0.12415624922141431
v 0.03609375000000001 -0.776125000389293 0.16334375077858565
v 0.03609375000000001 -0.7238749996107072 0.12415624922141431
v 0.10140625 -0.7238749996107072 0.12415624922141431
v 0.03609375000000001 -0.7238749996107072 0.16334375077858565
v 0.10140625 -0.7238749996107072 0.16334375077858565
v 0.03609375000000001 -0.776125000389293 0.16334375077858565
v 0.10140625 -0.776125000389293 0.16334375077858565
v 0.03609375000000001 -0.776125000389293 0.12415624922141431
v 0.10140625 -0.776125000389293 0.12415624922141431
v 0.03609375000000001 -0.7238749996107072 0.16334375077858565
v 0.10140625 -0.7238749996107072 0.16334375077858565
v 0.03609375000000001 -0.776125000389293 0.16334375077858565
v 0.10140625 -0.776125000389293 0.16334375077858565
v 0.10140625 -0.7238749996107072 0.12415624922141431
v 0.03609375000000001 -0.7238749996107072 0.12415624922141431
v 0.10140625 -0.776125000389293 0.12415624922141431
v 0.03609375000000001 -0.776125000389293 0.12415624922141431
vt 0.375 0.125
vt 0.4375 0.125
vt 0.375 0.0625
vt 0.4375 0.0625
vt 0.375 0.125
vt 0.4375 0.125
vt 0.375 0.0625
vt 0.4375 0.0625
vt 0.375 0.125
vt 0.4375 0.125
vt 0.375 0.0625
vt 0.4375 0.0625
vt 0.375 0.125
vt 0.4375 0.125
vt 0.375 0.0625
vt 0.4375 0.0625
vt 0.375 0.125
vt 0.4375 0.125
vt 0.375 0.0625
vt 0.4375 0.0625
vt 0.375 0.125
vt 0.4375 0.125
vt 0.375 0.0625
vt 0.4375 0.0625
vn 1 0 0
vn 1 0 0
vn 1 0 0
vn 1 0 0
vn -1 0 0
vn -1 0 0
vn -1 0 0
vn -1 0 0
vn 0 1 0
vn 0 1 0
vn 0 1 0
vn 0 1 0
vn 0 -1 0
vn 0 -1 0
vn 0 -1 0
vn 0 -1 0
vn 0 0 1
vn 0 0 1
vn 0 0 1
vn 0 0 1
vn 0 0 -1
vn 0 0 -1
vn 0 0 -1
vn 0 0 -1
f 577/577/577 579/579/579 578/578/578
f 579/579/579 580/580/580 578/578/578
f 581/581/581 583/583/583 582/582/582
f 583/583/583 584/584/584 582/582/582
f 585/585/585 587/587/587 586/586/586
f 587/587/587 588/588/588 586/586/586
f 589/589/589 591/591/591 590/590/590
f 591/591/591 592/592/592 590/590/590
f 593/593/593 595/595/595 594/594/594
f 595/595/595 596/596/596 594/594/594
f 597/597/597 599/599/599 598/598/598
f 599/599/599 600/600/600 598/598/598
o sun_mask_151
usemtl dark_bronze
v 0.063625 -0.837162499241531 0.2253375007584691
v 0.063625 -0.837162499241531 0.1871624992415309
v 0.063625 -0.8753375007584692 0.2253375007584691
v 0.063625 -0.8753375007584692 0.1871624992415309
v -0.063625 -0.837162499241531 0.1871624992415309
v -0.063625 -0.837162499241531 0.2253375007584691
v -0.063625 -0.8753375007584692 0.1871624992415309
v -0.063625 -0.8753375007584692 0.2253375007584691
v -0.063625 -0.837162499241531 0.1871624992415309
v 0.063625 -0.837162499241531 0.1871624992415309
v -0.063625 -0.837162499241531 0.2253375007584691
v 0.063625 -0.837162499241531 0.2253375007584691
v -0.063625 -0.8753375007584692 0.2253375007584691
v 0.063625 -0.8753375007584692 0.2253375007584691
v -0.063625 -0.8753375007584692 0.1871624992415309
v 0.063625 -0.8753375007584692 0.1871624992415309
v -0.063625 -0.837162499241531 0.2253375007584691
v 0.063625 -0.837162499241531 0.2253375007584691
v -0.063625 -0.8753375007584692 0.2253375007584691
v 0.063625 -0.8753375007584692 0.2253375007584691
v 0.063625 -0.837162499241531 0.1871624992415309
v -0.063625 -0.837162499241531 0.1871624992415309
v 0.063625 -0.8753375007584692 0.1871624992415309
v -0.063625 -0.8753375007584692 0.1871624992415309
vt 0.25 1
vt 0.3125 1
vt 0.25 0.9375
vt 0.3125 0.9375
vt 0.25 1
vt 0.3125 1
vt 0.25 0.9375
vt 0.3125 0.9375
vt 0.25 1
vt 0.375 1
vt 0.25 0.9375
vt 0.375 0.9375
vt 0.25 1
vt 0.375 1
vt 0.25 0.9375
vt 0.375 0.9375
vt 0.25 1
vt 0.375 1
vt 0.25 0.9375
vt 0.375 0.9375
vt 0.25 1
vt 0.375 1
vt 0.25 0.9375
vt 0.375 0.9375
vn 0.9999999999999999 0 0
vn 0.9999999999999999 0 0
vn 0.9999999999999999 0 0
vn 0.9999999999999999 0 0
vn -0.9999999999999999 0 0
vn -0.9999999999999999 0 0
vn -0.9999999999999999 0 0
vn -0.9999999999999999 0 0
vn 0 0.9999999999999999 0
vn 0 0.9999999999999999 0
vn 0 0.9999999999999999 0
vn 0 0.9999999999999999 0
vn 0 -0.9999999999999999 0
vn 0 -0.9999999999999999 0
vn 0 -0.9999999999999999 0
vn 0 -0.9999999999999999 0
vn 0 0 0.9999999999999999
vn 0 0 0.9999999999999999
vn 0 0 0.9999999999999999
vn 0 0 0.9999999999999999
vn 0 0 -0.9999999999999999
vn 0 0 -0.9999999999999999
vn 0 0 -0.9999999999999999
vn 0 0 -0.9999999999999999
f 601/601/601 603/603/603 602/602/602
f 603/603/603 604/604/604 602/602/602
f 605/605/605 607/607/607 606/606/606
f 607/607/607 608/608/608 606/606/606
f 609/609/609 611/611/611 610/610/610
f 611/611/611 612/612/612 610/610/610
f 613/613/613 615/615/615 614/614/614
f 615/615/615 616/616/616 614/614/614
f 617/617/617 619/619/619 618/618/618
f 619/619/619 620/620/620 618/618/618
f 621/621/621 623/623/623 622/622/622
f 623/623/623 624/624/624 622/622/622
o sun_mask_151_back
usemtl dark_bronze
v 0.063625 -0.837162499241531 0.1628375007584691
v 0.063625 -0.837162499241531 0.12466249924153089
v 0.063625 -0.8753375007584692 0.1628375007584691
v 0.063625 -0.8753375007584692 0.12466249924153089
v -0.063625 -0.837162499241531 0.12466249924153089
v -0.063625 -0.837162499241531 0.1628375007584691
v -0.063625 -0.8753375007584692 0.12466249924153089
v -0.063625 -0.8753375007584692 0.1628375007584691
v -0.063625 -0.837162499241531 0.12466249924153089
v 0.063625 -0.837162499241531 0.12466249924153089
v -0.063625 -0.837162499241531 0.1628375007584691
v 0.063625 -0.837162499241531 0.1628375007584691
v -0.063625 -0.8753375007584692 0.1628375007584691
v 0.063625 -0.8753375007584692 0.1628375007584691
v -0.063625 -0.8753375007584692 0.12466249924153089
v 0.063625 -0.8753375007584692 0.12466249924153089
v -0.063625 -0.837162499241531 0.1628375007584691
v 0.063625 -0.837162499241531 0.1628375007584691
v -0.063625 -0.8753375007584692 0.1628375007584691
v 0.063625 -0.8753375007584692 0.1628375007584691
v 0.063625 -0.837162499241531 0.12466249924153089
v -0.063625 -0.837162499241531 0.12466249924153089
v 0.063625 -0.8753375007584692 0.12466249924153089
v -0.063625 -0.8753375007584692 0.12466249924153089
vt 0.25 1
vt 0.3125 1
vt 0.25 0.9375
vt 0.3125 0.9375
vt 0.25 1
vt 0.3125 1
vt 0.25 0.9375
vt 0.3125 0.9375
vt 0.25 1
vt 0.375 1
vt 0.25 0.9375
vt 0.375 0.9375
vt 0.25 1
vt 0.375 1
vt 0.25 0.9375
vt 0.375 0.9375
vt 0.25 1
vt 0.375 1
vt 0.25 0.9375
vt 0.375 0.9375
vt 0.25 1
vt 0.375 1
vt 0.25 0.9375
vt 0.375 0.9375
vn 0.9999999999999999 0 0
vn 0.9999999999999999 0 0
vn 0.9999999999999999 0 0
vn 0.9999999999999999 0 0
vn -0.9999999999999999 0 0
vn -0.9999999999999999 0 0
vn -0.9999999999999999 0 0
vn -0.9999999999999999 0 0
vn 0 0.9999999999999999 0
vn 0 0.9999999999999999 0
vn 0 0.9999999999999999 0
vn 0 0.9999999999999999 0
vn 0 -0.9999999999999999 0
vn 0 -0.9999999999999999 0
vn 0 -0.9999999999999999 0
vn 0 -0.9999999999999999 0
vn 0 0 0.9999999999999999
vn 0 0 0.9999999999999999
vn 0 0 0.9999999999999999
vn 0 0 0.9999999999999999
vn 0 0 -0.9999999999999999
vn 0 0 -0.9999999999999999
vn 0 0 -0.9999999999999999
vn 0 0 -0.9999999999999999
f 625/625/625 627/627/627 626/626/626
f 627/627/627 628/628/628 626/626/626
f 629/629/629 631/631/631 630/630/630
f 631/631/631 632/632/632 630/630/630
f 633/633/633 635/635/635 634/634/634
f 635/635/635 636/636/636 634/634/634
f 637/637/637 639/639/639 638/638/638
f 639/639/639 640/640/640 638/638/638
f 641/641/641 643/643/643 642/642/642
f 643/643/643 644/644/644 642/642/642
f 645/645/645 647/647/647 646/646/646
f 647/647/647 648/648/648 646/646/646
o sun_mask_148_back
usemtl bright_gold
v 0.14957187189906834 -0.6379281281009317 -0.20101250038761645
v 0.14957187189906834 -0.6379281281009317 -0.14898749961238353
v 0.14957187189906834 -0.9370718718990685 -0.20101250038761645
v 0.14957187189906834 -0.9370718718990685 -0.14898749961238353
v -0.14957187189906834 -0.6379281281009317 -0.14898749961238353
v -0.14957187189906834 -0.6379281281009317 -0.20101250038761645
v -0.14957187189906834 -0.9370718718990685 -0.14898749961238353
v -0.14957187189906834 -0.9370718718990685 -0.20101250038761645
v -0.14957187189906834 -0.6379281281009317 -0.14898749961238353
v 0.14957187189906834 -0.6379281281009317 -0.14898749961238353
v -0.14957187189906834 -0.6379281281009317 -0.20101250038761645
v 0.14957187189906834 -0.6379281281009317 -0.20101250038761645
v -0.14957187189906834 -0.9370718718990685 -0.20101250038761645
v 0.14957187189906834 -0.9370718718990685 -0.20101250038761645
v -0.14957187189906834 -0.9370718718990685 -0.14898749961238353
v 0.14957187189906834 -0.9370718718990685 -0.14898749961238353
v -0.14957187189906834 -0.6379281281009317 -0.20101250038761645
v 0.14957187189906834 -0.6379281281009317 -0.20101250038761645
v -0.14957187189906834 -0.9370718718990685 -0.20101250038761645
v 0.14957187189906834 -0.9370718718990685 -0.20101250038761645
v 0.14957187189906834 -0.6379281281009317 -0.14898749961238353
v -0.14957187189906834 -0.6379281281009317 -0.14898749961238353
v 0.14957187189906834 -0.9370718718990685 -0.14898749961238353
v -0.14957187189906834 -0.9370718718990685 -0.14898749961238353
vt 0.1875 0.9375
vt 0.25 0.9375
vt 0.1875 0.625
vt 0.25 0.625
vt 0.1875 0.9375
vt 0.25 0.9375
vt 0.1875 0.625
vt 0.25 0.625
vt 0.1875 0.6875
vt 0.5 0.6875
vt 0.1875 0.625
vt 0.5 0.625
vt 0.1875 0.6875
vt 0.5 0.6875
vt 0.1875 0.625
vt 0.5 0.625
vt 0.1875 0.9375
vt 0.5 0.9375
vt 0.1875 0.625
vt 0.5 0.625
vt 0.1875 0.9375
vt 0.5 0.9375
vt 0.1875 0.625
vt 0.5 0.625
vn 1 0 0
vn 1 0 0
vn 1 0 0
vn 1 0 0
vn -1 0 0
vn -1 0 0
vn -1 0 0
vn -1 0 0
vn 0 1 0
vn 0 1 0
vn 0 1 0
vn 0 1 0
vn 0 -1 0
vn 0 -1 0
vn 0 -1 0
vn 0 -1 0
vn 0 0 -1
vn 0 0 -1
vn 0 0 -1
vn 0 0 -1
vn 0 0 1
vn 0 0 1
vn 0 0 1
vn 0 0 1
f 649/649/649 651/651/651 650/650/650
f 651/651/651 652/652/652 650/650/650
f 653/653/653 655/655/655 654/654/654
f 655/655/655 656/656/656 654/654/654
f 657/657/657 659/659/659 658/658/658
f 659/659/659 660/660/660 658/658/658
f 661/661/661 663/663/663 662/662/662
f 663/663/663 664/664/664 662/662/662
f 665/665/665 667/667/667 666/666/666
f 667/667/667 668/668/668 666/666/666
f 669/669/669 671/671/671 670/670/670
f 671/671/671 672/672/672 670/670/670
o sun_mask_149_back
usemtl dark_bronze
v -0.037078125 -0.7246624996224419 -0.22525312575511633
v -0.037078125 -0.7246624996224419 -0.18724687424488365
v -0.037078125 -0.7753375003775583 -0.22525312575511633
v -0.037078125 -0.7753375003775583 -0.18724687424488365
v -0.10042187500000001 -0.7246624996224419 -0.18724687424488365
v -0.10042187500000001 -0.7246624996224419 -0.22525312575511633
v -0.10042187500000001 -0.7753375003775583 -0.18724687424488365
v -0.10042187500000001 -0.7753375003775583 -0.22525312575511633
v -0.10042187500000001 -0.7246624996224419 -0.18724687424488365
v -0.037078125 -0.7246624996224419 -0.18724687424488365
v -0.10042187500000001 -0.7246624996224419 -0.22525312575511633
v -0.037078125 -0.7246624996224419 -0.22525312575511633
v -0.10042187500000001 -0.7753375003775583 -0.22525312575511633
v -0.037078125 -0.7753375003775583 -0.22525312575511633
v -0.10042187500000001 -0.7753375003775583 -0.18724687424488365
v -0.037078125 -0.7753375003775583 -0.18724687424488365
v -0.10042187500000001 -0.7246624996224419 -0.22525312575511633
v -0.037078125 -0.7246624996224419 -0.22525312575511633
v -0.10042187500000001 -0.7753375003775583 -0.22525312575511633
v -0.037078125 -0.7753375003775583 -0.22525312575511633
v -0.037078125 -0.7246624996224419 -0.18724687424488365
v -0.10042187500000001 -0.7246624996224419 -0.18724687424488365
v -0.037078125 -0.7753375003775583 -0.18724687424488365
v -0.10042187500000001 -0.7753375003775583 -0.18724687424488365
vt 0.375 0.125
vt 0.4375 0.125
vt 0.375 0.0625
vt 0.4375 0.0625
vt 0.375 0.125
vt 0.4375 0.125
vt 0.375 0.0625
vt 0.4375 0.0625
vt 0.375 0.125
vt 0.4375 0.125
vt 0.375 0.0625
vt 0.4375 0.0625
vt 0.375 0.125
vt 0.4375 0.125
vt 0.375 0.0625
vt 0.4375 0.0625
vt 0.375 0.125
vt 0.4375 0.125
vt 0.375 0.0625
vt 0.4375 0.0625
vt 0.375 0.125
vt 0.4375 0.125
vt 0.375 0.0625
vt 0.4375 0.0625
vn 1 0 0
vn 1 0 0
vn 1 0 0
vn 1 0 0
vn -1 0 0
vn -1 0 0
vn -1 0 0
vn -1 0 0
vn 0 1 0
vn 0 1 0
vn 0 1 0
vn 0 1 0
vn 0 -1 0
vn 0 -1 0
vn 0 -1 0
vn 0 -1 0
vn 0 0 -1
vn 0 0 -1
vn 0 0 -1
vn 0 0 -1
vn 0 0 1
vn 0 0 1
vn 0 0 1
vn 0 0 1
f 673/673/673 675/675/675 674/674/674
f 675/675/675 676/676/676 674/674/674
f 677/677/677 679/679/679 678/678/678
f 679/679/679 680/680/680 678/678/678
f 681/681/681 683/683/683 682/682/682
f 683/683/683 684/684/684 682/682/682
f 685/685/685 687/687/687 686/686/686
f 687/687/687 688/688/688 686/686/686
f 689/689/689 691/691/691 690/690/690
f 691/691/691 692/692/692 690/690/690
f 693/693/693 695/695/695 694/694/694
f 695/695/695 696/696/696 694/694/694
o sun_mask_149_back_back
usemtl dark_bronze
v -0.037078125 -0.7246624996224419 -0.16275312575511633
v -0.037078125 -0.7246624996224419 -0.12474687424488365
v -0.037078125 -0.7753375003775583 -0.16275312575511633
v -0.037078125 -0.7753375003775583 -0.12474687424488365
v -0.10042187500000001 -0.7246624996224419 -0.12474687424488365
v -0.10042187500000001 -0.7246624996224419 -0.16275312575511633
v -0.10042187500000001 -0.7753375003775583 -0.12474687424488365
v -0.10042187500000001 -0.7753375003775583 -0.16275312575511633
v -0.10042187500000001 -0.7246624996224419 -0.12474687424488365
v -0.037078125 -0.7246624996224419 -0.12474687424488365
v -0.10042187500000001 -0.7246624996224419 -0.16275312575511633
v -0.037078125 -0.7246624996224419 -0.16275312575511633
v -0.10042187500000001 -0.7753375003775583 -0.16275312575511633
v -0.037078125 -0.7753375003775583 -0.16275312575511633
v -0.10042187500000001 -0.7753375003775583 -0.12474687424488365
v -0.037078125 -0.7753375003775583 -0.12474687424488365
v -0.10042187500000001 -0.7246624996224419 -0.16275312575511633
v -0.037078125 -0.7246624996224419 -0.16275312575511633
v -0.10042187500000001 -0.7753375003775583 -0.16275312575511633
v -0.037078125 -0.7753375003775583 -0.16275312575511633
v -0.037078125 -0.7246624996224419 -0.12474687424488365
v -0.10042187500000001 -0.7246624996224419 -0.12474687424488365
v -0.037078125 -0.7753375003775583 -0.12474687424488365
v -0.10042187500000001 -0.7753375003775583 -0.12474687424488365
vt 0.375 0.125
vt 0.4375 0.125
vt 0.375 0.0625
vt 0.4375 0.0625
vt 0.375 0.125
vt 0.4375 0.125
vt 0.375 0.0625
vt 0.4375 0.0625
vt 0.375 0.125
vt 0.4375 0.125
vt 0.375 0.0625
vt 0.4375 0.0625
vt 0.375 0.125
vt 0.4375 0.125
vt 0.375 0.0625
vt 0.4375 0.0625
vt 0.375 0.125
vt 0.4375 0.125
vt 0.375 0.0625
vt 0.4375 0.0625
vt 0.375 0.125
vt 0.4375 0.125
vt 0.375 0.0625
vt 0.4375 0.0625
vn 1 0 0
vn 1 0 0
vn 1 0 0
vn 1 0 0
vn -1 0 0
vn -1 0 0
vn -1 0 0
vn -1 0 0
vn 0 1 0
vn 0 1 0
vn 0 1 0
vn 0 1 0
vn 0 -1 0
vn 0 -1 0
vn 0 -1 0
vn 0 -1 0
vn 0 0 -1
vn 0 0 -1
vn 0 0 -1
vn 0 0 -1
vn 0 0 1
vn 0 0 1
vn 0 0 1
vn 0 0 1
f 697/697/697 699/699/699 698/698/698
f 699/699/699 700/700/700 698/698/698
f 701/701/701 703/703/703 702/702/702
f 703/703/703 704/704/704 702/702/702
f 705/705/705 707/707/707 706/706/706
f 707/707/707 708/708/708 706/706/706
f 709/709/709 711/711/711 710/710/710
f 711/711/711 712/712/712 710/710/710
f 713/713/713 715/715/715 714/714/714
f 715/715/715 716/716/716 714/714/714
f 717/717/717 719/719/719 718/718/718
f 719/719/719 720/720/720 718/718/718
o sun_mask_150_back
usemtl dark_bronze
v 0.10140625 -0.7238749996107072 -0.22584375077858565
v 0.10140625 -0.7238749996107072 -0.18665624922141433
v 0.10140625 -0.776125000389293 -0.22584375077858565
v 0.10140625 -0.776125000389293 -0.18665624922141433
v 0.03609375000000001 -0.7238749996107072 -0.18665624922141433
v 0.03609375000000001 -0.7238749996107072 -0.22584375077858565
v 0.03609375000000001 -0.776125000389293 -0.18665624922141433
v 0.03609375000000001 -0.776125000389293 -0.22584375077858565
v 0.03609375000000001 -0.7238749996107072 -0.18665624922141433
v 0.10140625 -0.7238749996107072 -0.18665624922141433
v 0.03609375000000001 -0.7238749996107072 -0.22584375077858565
v 0.10140625 -0.7238749996107072 -0.22584375077858565
v 0.03609375000000001 -0.776125000389293 -0.22584375077858565
v 0.10140625 -0.776125000389293 -0.22584375077858565
v 0.03609375000000001 -0.776125000389293 -0.18665624922141433
v 0.10140625 -0.776125000389293 -0.18665624922141433
v 0.03609375000000001 -0.7238749996107072 -0.22584375077858565
v 0.10140625 -0.7238749996107072 -0.22584375077858565
v 0.03609375000000001 -0.776125000389293 -0.22584375077858565
v 0.10140625 -0.776125000389293 -0.22584375077858565
v 0.10140625 -0.7238749996107072 -0.18665624922141433
v 0.03609375000000001 -0.7238749996107072 -0.18665624922141433
v 0.10140625 -0.776125000389293 -0.18665624922141433
v 0.03609375000000001 -0.776125000389293 -0.18665624922141433
vt 0.375 0.125
vt 0.4375 0.125
vt 0.375 0.0625
vt 0.4375 0.0625
vt 0.375 0.125
vt 0.4375 0.125
vt 0.375 0.0625
vt 0.4375 0.0625
vt 0.375 0.125
vt 0.4375 0.125
vt 0.375 0.0625
vt 0.4375 0.0625
vt 0.375 0.125
vt 0.4375 0.125
vt 0.375 0.0625
vt 0.4375 0.0625
vt 0.375 0.125
vt 0.4375 0.125
vt 0.375 0.0625
vt 0.4375 0.0625
vt 0.375 0.125
vt 0.4375 0.125
vt 0.375 0.0625
vt 0.4375 0.0625
vn 1 0 0
vn 1 0 0
vn 1 0 0
vn 1 0 0
vn -1 0 0
vn -1 0 0
vn -1 0 0
vn -1 0 0
vn 0 1 0
vn 0 1 0
vn 0 1 0
vn 0 1 0
vn 0 -1 0
vn 0 -1 0
vn 0 -1 0
vn 0 -1 0
vn 0 0 -1
vn 0 0 -1
vn 0 0 -1
vn 0 0 -1
vn 0 0 1
vn 0 0 1
vn 0 0 1
vn 0 0 1
f 721/721/721 723/723/723 722/722/722
f 723/723/723 724/724/724 722/722/722
f 725/725/725 727/727/727 726/726/726
f 727/727/727 728/728/728 726/726/726
f 729/729/729 731/731/731 730/730/730
f 731/731/731 732/732/732 730/730/730
f 733/733/733 735/735/735 734/734/734
f 735/735/735 736/736/736 734/734/734
f 737/737/737 739/739/739 738/738/738
f 739/739/739 740/740/740 738/738/738
f 741/741/741 743/743/743 742/742/742
f 743/743/743 744/744/744 742/742/742
o sun_mask_150_back_back
usemtl dark_bronze
v 0.10140625 -0.7238749996107072 -0.16334375077858565
v 0.10140625 -0.7238749996107072 -0.12415624922141431
v 0.10140625 -0.776125000389293 -0.16334375077858565
v 0.10140625 -0.776125000389293 -0.12415624922141431
v 0.03609375000000001 -0.7238749996107072 -0.12415624922141431
v 0.03609375000000001 -0.7238749996107072 -0.16334375077858565
v 0.03609375000000001 -0.776125000389293 -0.12415624922141431
v 0.03609375000000001 -0.776125000389293 -0.16334375077858565
v 0.03609375000000001 -0.7238749996107072 -0.12415624922141431
v 0.10140625 -0.7238749996107072 -0.12415624922141431
v 0.03609375000000001 -0.7238749996107072 -0.16334375077858565
v 0.10140625 -0.7238749996107072 -0.16334375077858565
v 0.03609375000000001 -0.776125000389293 -0.16334375077858565
v 0.10140625 -0.776125000389293 -0.16334375077858565
v 0.03609375000000001 -0.776125000389293 -0.12415624922141431
v 0.10140625 -0.776125000389293 -0.12415624922141431
v 0.03609375000000001 -0.7238749996107072 -0.16334375077858565
v 0.10140625 -0.7238749996107072 -0.16334375077858565
v 0.03609375000000001 -0.776125000389293 -0.16334375077858565
v 0.10140625 -0.776125000389293 -0.16334375077858565
v 0.10140625 -0.7238749996107072 -0.12415624922141431
v 0.03609375000000001 -0.7238749996107072 -0.12415624922141431
v 0.10140625 -0.776125000389293 -0.12415624922141431
v 0.03609375000000001 -0.776125000389293 -0.12415624922141431
vt 0.375 0.125
vt 0.4375 0.125
vt 0.375 0.0625
vt 0.4375 0.0625
vt 0.375 0.125
vt 0.4375 0.125
vt 0.375 0.0625
vt 0.4375 0.0625
vt 0.375 0.125
vt 0.4375 0.125
vt 0.375 0.0625
vt 0.4375 0.0625
vt 0.375 0.125
vt 0.4375 0.125
vt 0.375 0.0625
vt 0.4375 0.0625
vt 0.375 0.125
vt 0.4375 0.125
vt 0.375 0.0625
vt 0.4375 0.0625
vt 0.375 0.125
vt 0.4375 0.125
vt 0.375 0.0625
vt 0.4375 0.0625
vn 1 0 0
vn 1 0 0
vn 1 0 0
vn 1 0 0
vn -1 0 0
vn -1 0 0
vn -1 0 0
vn -1 0 0
vn 0 1 0
vn 0 1 0
vn 0 1 0
vn 0 1 0
vn 0 -1 0
vn 0 -1 0
vn 0 -1 0
vn 0 -1 0
vn 0 0 -1
vn 0 0 -1
vn 0 0 -1
vn 0 0 -1
vn 0 0 1
vn 0 0 1
vn 0 0 1
vn 0 0 1
f 745/745/745 747/747/747 746/746/746
f 747/747/747 748/748/748 746/746/746
f 749/749/749 751/751/751 750/750/750
f 751/751/751 752/752/752 750/750/750
f 753/753/753 755/755/755 754/754/754
f 755/755/755 756/756/756 754/754/754
f 757/757/757 759/759/759 758/758/758
f 759/759/759 760/760/760 758/758/758
f 761/761/761 763/763/763 762/762/762
f 763/763/763 764/764/764 762/762/762
f 765/765/765 767/767/767 766/766/766
f 767/767/767 768/768/768 766/766/766
o sun_mask_151_back
usemtl dark_bronze
v 0.063625 -0.837162499241531 -0.2253375007584691
v 0.063625 -0.837162499241531 -0.1871624992415309
v 0.063625 -0.8753375007584692 -0.2253375007584691
v 0.063625 -0.8753375007584692 -0.1871624992415309
v -0.063625 -0.837162499241531 -0.1871624992415309
v -0.063625 -0.837162499241531 -0.2253375007584691
v -0.063625 -0.8753375007584692 -0.1871624992415309
v -0.063625 -0.8753375007584692 -0.2253375007584691
v -0.063625 -0.837162499241531 -0.1871624992415309
v 0.063625 -0.837162499241531 -0.1871624992415309
v -0.063625 -0.837162499241531 -0.2253375007584691
v 0.063625 -0.837162499241531 -0.2253375007584691
v -0.063625 -0.8753375007584692 -0.2253375007584691
v 0.063625 -0.8753375007584692 -0.2253375007584691
v -0.063625 -0.8753375007584692 -0.1871624992415309
v 0.063625 -0.8753375007584692 -0.1871624992415309
v -0.063625 -0.837162499241531 -0.2253375007584691
v 0.063625 -0.837162499241531 -0.2253375007584691
v -0.063625 -0.8753375007584692 -0.2253375007584691
v 0.063625 -0.8753375007584692 -0.2253375007584691
v 0.063625 -0.837162499241531 -0.1871624992415309
v -0.063625 -0.837162499241531 -0.1871624992415309
v 0.063625 -0.8753375007584692 -0.1871624992415309
v -0.063625 -0.8753375007584692 -0.1871624992415309
vt 0.25 1
vt 0.3125 1
vt 0.25 0.9375
vt 0.3125 0.9375
vt 0.25 1
vt 0.3125 1
vt 0.25 0.9375
vt 0.3125 0.9375
vt 0.25 1
vt 0.375 1
vt 0.25 0.9375
vt 0.375 0.9375
vt 0.25 1
vt 0.375 1
vt 0.25 0.9375
vt 0.375 0.9375
vt 0.25 1
vt 0.375 1
vt 0.25 0.9375
vt 0.375 0.9375
vt 0.25 1
vt 0.375 1
vt 0.25 0.9375
vt 0.375 0.9375
vn 0.9999999999999999 0 0
vn 0.9999999999999999 0 0
vn 0.9999999999999999 0 0
vn 0.9999999999999999 0 0
vn -0.9999999999999999 0 0
vn -0.9999999999999999 0 0
vn -0.9999999999999999 0 0
vn -0.9999999999999999 0 0
vn 0 0.9999999999999999 0
vn 0 0.9999999999999999 0
vn 0 0.9999999999999999 0
vn 0 0.9999999999999999 0
vn 0 -0.9999999999999999 0
vn 0 -0.9999999999999999 0
vn 0 -0.9999999999999999 0
vn 0 -0.9999999999999999 0
vn 0 0 -0.9999999999999999
vn 0 0 -0.9999999999999999
vn 0 0 -0.9999999999999999
vn 0 0 -0.9999999999999999
vn 0 0 0.9999999999999999
vn 0 0 0.9999999999999999
vn 0 0 0.9999999999999999
vn 0 0 0.9999999999999999
f 769/769/769 771/771/771 770/770/770
f 771/771/771 772/772/772 770/770/770
f 773/773/773 775/775/775 774/774/774
f 775/775/775 776/776/776 774/774/774
f 777/777/777 779/779/779 778/778/778
f 779/779/779 780/780/780 778/778/778
f 781/781/781 783/783/783 782/782/782
f 783/783/783 784/784/784 782/782/782
f 785/785/785 787/787/787 786/786/786
f 787/787/787 788/788/788 786/786/786
f 789/789/789 791/791/791 790/790/790
f 791/791/791 792/792/792 790/790/790
o sun_mask_151_back_back
usemtl dark_bronze
v 0.063625 -0.837162499241531 -0.1628375007584691
v 0.063625 -0.837162499241531 -0.12466249924153089
v 0.063625 -0.8753375007584692 -0.1628375007584691
v 0.063625 -0.8753375007584692 -0.12466249924153089
v -0.063625 -0.837162499241531 -0.12466249924153089
v -0.063625 -0.837162499241531 -0.1628375007584691
v -0.063625 -0.8753375007584692 -0.12466249924153089
v -0.063625 -0.8753375007584692 -0.1628375007584691
v -0.063625 -0.837162499241531 -0.12466249924153089
v 0.063625 -0.837162499241531 -0.12466249924153089
v -0.063625 -0.837162499241531 -0.1628375007584691
v 0.063625 -0.837162499241531 -0.1628375007584691
v -0.063625 -0.8753375007584692 -0.1628375007584691
v 0.063625 -0.8753375007584692 -0.1628375007584691
v -0.063625 -0.8753375007584692 -0.12466249924153089
v 0.063625 -0.8753375007584692 -0.12466249924153089
v -0.063625 -0.837162499241531 -0.1628375007584691
v 0.063625 -0.837162499241531 -0.1628375007584691
v -0.063625 -0.8753375007584692 -0.1628375007584691
v 0.063625 -0.8753375007584692 -0.1628375007584691
v 0.063625 -0.837162499241531 -0.12466249924153089
v -0.063625 -0.837162499241531 -0.12466249924153089
v 0.063625 -0.8753375007584692 -0.12466249924153089
v -0.063625 -0.8753375007584692 -0.12466249924153089
vt 0.25 1
vt 0.3125 1
vt 0.25 0.9375
vt 0.3125 0.9375
vt 0.25 1
vt 0.3125 1
vt 0.25 0.9375
vt 0.3125 0.9375
vt 0.25 1
vt 0.375 1
vt 0.25 0.9375
vt 0.375 0.9375
vt 0.25 1
vt 0.375 1
vt 0.25 0.9375
vt 0.375 0.9375
vt 0.25 1
vt 0.375 1
vt 0.25 0.9375
vt 0.375 0.9375
vt 0.25 1
vt 0.375 1
vt 0.25 0.9375
vt 0.375 0.9375
vn 0.9999999999999999 0 0
vn 0.9999999999999999 0 0
vn 0.9999999999999999 0 0
vn 0.9999999999999999 0 0
vn -0.9999999999999999 0 0
vn -0.9999999999999999 0 0
vn -0.9999999999999999 0 0
vn -0.9999999999999999 0 0
vn 0 0.9999999999999999 0
vn 0 0.9999999999999999 0
vn 0 0.9999999999999999 0
vn 0 0.9999999999999999 0
vn 0 -0.9999999999999999 0
vn 0 -0.9999999999999999 0
vn 0 -0.9999999999999999 0
vn 0 -0.9999999999999999 0
vn 0 0 -0.9999999999999999
vn 0 0 -0.9999999999999999
vn 0 0 -0.9999999999999999
vn 0 0 -0.9999999999999999
vn 0 0 0.9999999999999999
vn 0 0 0.9999999999999999
vn 0 0 0.9999999999999999
vn 0 0 0.9999999999999999
f 793/793/793 795/795/795 794/794/794
f 795/795/795 796/796/796 794/794/794
f 797/797/797 799/799/799 798/798/798
f 799/799/799 800/800/800 798/798/798
f 801/801/801 803/803/803 802/802/802
f 803/803/803 804/804/804 802/802/802
f 805/805/805 807/807/807 806/806/806
f 807/807/807 808/808/808 806/806/806
f 809/809/809 811/811/811 810/810/810
f 811/811/811 812/812/812 810/810/810
f 813/813/813 815/815/815 814/814/814
f 815/815/815 816/816/816 814/814/814
o guard_21
usemtl sun_gold
v 0.19087500000000002 0.22017374863475558 0.13997500303387642
v 0.19087500000000002 0.22017374863475558 -0.13997500303387642
v 0.19087500000000002 0.1298262513652444 0.13997500303387642
v 0.19087500000000002 0.1298262513652444 -0.13997500303387642
v -0.19087500000000002 0.22017374863475558 -0.13997500303387642
v -0.19087500000000002 0.22017374863475558 0.13997500303387642
v -0.19087500000000002 0.1298262513652444 -0.13997500303387642
v -0.19087500000000002 0.1298262513652444 0.13997500303387642
v -0.19087500000000002 0.22017374863475558 -0.13997500303387642
v 0.19087500000000002 0.22017374863475558 -0.13997500303387642
v -0.19087500000000002 0.22017374863475558 0.13997500303387642
v 0.19087500000000002 0.22017374863475558 0.13997500303387642
v -0.19087500000000002 0.1298262513652444 0.13997500303387642
v 0.19087500000000002 0.1298262513652444 0.13997500303387642
v -0.19087500000000002 0.1298262513652444 -0.13997500303387642
v 0.19087500000000002 0.1298262513652444 -0.13997500303387642
v -0.19087500000000002 0.22017374863475558 0.13997500303387642
v 0.19087500000000002 0.22017374863475558 0.13997500303387642
v -0.19087500000000002 0.1298262513652444 0.13997500303387642
v 0.19087500000000002 0.1298262513652444 0.13997500303387642
v 0.19087500000000002 0.22017374863475558 -0.13997500303387642
v -0.19087500000000002 0.22017374863475558 -0.13997500303387642
v 0.19087500000000002 0.1298262513652444 -0.13997500303387642
v -0.19087500000000002 0.1298262513652444 -0.13997500303387642
vt 0.25 0.25
vt 0.5 0.25
vt 0.25 0.1875
vt 0.5 0.1875
vt 0.25 0.25
vt 0.5 0.25
vt 0.25 0.1875
vt 0.5 0.1875
vt 0.25 0.4375
vt 0.625 0.4375
vt 0.25 0.1875
vt 0.625 0.1875
vt 0.25 0.4375
vt 0.625 0.4375
vt 0.25 0.1875
vt 0.625 0.1875
vt 0.25 0.25
vt 0.625 0.25
vt 0.25 0.1875
vt 0.625 0.1875
vt 0.25 0.25
vt 0.625 0.25
vt 0.25 0.1875
vt 0.625 0.1875
vn 0.9999999999999999 0 0
vn 0.9999999999999999 0 0
vn 0.9999999999999999 0 0
vn 0.9999999999999999 0 0
vn -0.9999999999999999 0 0
vn -0.9999999999999999 0 0
vn -0.9999999999999999 0 0
vn -0.9999999999999999 0 0
vn 0 0.9999999999999999 0
vn 0 0.9999999999999999 0
vn 0 0.9999999999999999 0
vn 0 0.9999999999999999 0
vn 0 -0.9999999999999999 0
vn 0 -0.9999999999999999 0
vn 0 -0.9999999999999999 0
vn 0 -0.9999999999999999 0
vn 0 0 0.9999999999999999
vn 0 0 0.9999999999999999
vn 0 0 0.9999999999999999
vn 0 0 0.9999999999999999
vn 0 0 -0.9999999999999999
vn 0 0 -0.9999999999999999
vn 0 0 -0.9999999999999999
vn 0 0 -0.9999999999999999
f 817/817/817 819/819/819 818/818/818
f 819/819/819 820/820/820 818/818/818
f 821/821/821 823/823/823 822/822/822
f 823/823/823 824/824/824 822/822/822
f 825/825/825 827/827/827 826/826/826
f 827/827/827 828/828/828 826/826/826
f 829/829/829 831/831/831 830/830/830
f 831/831/831 832/832/832 830/830/830
f 833/833/833 835/835/835 834/834/834
f 835/835/835 836/836/836 834/834/834
f 837/837/837 839/839/839 838/838/838
f 839/839/839 840/840/840 838/838/838
o guard_22
usemtl sun_gold
v 0.32796875000000003 0.30907156109251077 0.14430625312775375
v 0.32796875000000003 0.30907156109251077 -0.14430625312775375
v 0.32796875000000003 0.21592843890748914 0.14430625312775375
v 0.32796875000000003 0.21592843890748914 -0.14430625312775375
v -0.32796875000000003 0.30907156109251077 -0.14430625312775375
v -0.32796875000000003 0.30907156109251077 0.14430625312775375
v -0.32796875000000003 0.21592843890748914 -0.14430625312775375
v -0.32796875000000003 0.21592843890748914 0.14430625312775375
v -0.32796875000000003 0.30907156109251077 -0.14430625312775375
v 0.32796875000000003 0.30907156109251077 -0.14430625312775375
v -0.32796875000000003 0.30907156109251077 0.14430625312775375
v 0.32796875000000003 0.30907156109251077 0.14430625312775375
v -0.32796875000000003 0.21592843890748914 0.14430625312775375
v 0.32796875000000003 0.21592843890748914 0.14430625312775375
v -0.32796875000000003 0.21592843890748914 -0.14430625312775375
v 0.32796875000000003 0.21592843890748914 -0.14430625312775375
v -0.32796875000000003 0.30907156109251077 0.14430625312775375
v 0.32796875000000003 0.30907156109251077 0.14430625312775375
v -0.32796875000000003 0.21592843890748914 0.14430625312775375
v 0.32796875000000003 0.21592843890748914 0.14430625312775375
v 0.32796875000000003 0.30907156109251077 -0.14430625312775375
v -0.32796875000000003 0.30907156109251077 -0.14430625312775375
v 0.32796875000000003 0.21592843890748914 -0.14430625312775375
v -0.32796875000000003 0.21592843890748914 -0.14430625312775375
vt 0.3125 0.25
vt 0.5625 0.25
vt 0.3125 0.1875
vt 0.5625 0.1875
vt 0.3125 0.25
vt 0.5625 0.25
vt 0.3125 0.1875
vt 0.5625 0.1875
vt 0.3125 0.4375
vt 0.9375 0.4375
vt 0.3125 0.1875
vt 0.9375 0.1875
vt 0.3125 0.4375
vt 0.9375 0.4375
vt 0.3125 0.1875
vt 0.9375 0.1875
vt 0.3125 0.25
vt 0.9375 0.25
vt 0.3125 0.1875
vt 0.9375 0.1875
vt 0.3125 0.25
vt 0.9375 0.25
vt 0.3125 0.1875
vt 0.9375 0.1875
vn 1 0 0
vn 1 0 0
vn 1 0 0
vn 1 0 0
vn -1 0 0
vn -1 0 0
vn -1 0 0
vn -1 0 0
vn 0 1 0
vn 0 1 0
vn 0 1 0
vn 0 1 0
vn 0 -1 0
vn 0 -1 0
vn 0 -1 0
vn 0 -1 0
vn 0 0 1
vn 0 0 1
vn 0 0 1
vn 0 0 1
vn 0 0 -1
vn 0 0 -1
vn 0 0 -1
vn 0 0 -1
f 841/841/841 843/843/843 842/842/842
f 843/843/843 844/844/844 842/842/842
f 845/845/845 847/847/847 846/846/846
f 847/847/847 848/848/848 846/846/846
f 849/849/849 851/851/851 850/850/850
f 851/851/851 852/852/852 850/850/850
f 853/853/853 855/855/855 854/854/854
f 855/855/855 856/856/856 854/854/854
f 857/857/857 859/859/859 858/858/858
f 859/859/859 860/860/860 858/858/858
f 861/861/861 863/863/863 862/862/862
f 863/863/863 864/864/864 862/862/862
o guard_23
usemtl sun_gold
v 0.3834375 0.3953734361287206 0.14059375304728747
v 0.3834375 0.3953734361287206 -0.14059375304728747
v 0.3834375 0.30462656387127934 0.14059375304728747
v 0.3834375 0.30462656387127934 -0.14059375304728747
v -0.3834375 0.3953734361287206 -0.14059375304728747
v -0.3834375 0.3953734361287206 0.14059375304728747
v -0.3834375 0.30462656387127934 -0.14059375304728747
v -0.3834375 0.30462656387127934 0.14059375304728747
v -0.3834375 0.3953734361287206 -0.14059375304728747
v 0.3834375 0.3953734361287206 -0.14059375304728747
v -0.3834375 0.3953734361287206 0.14059375304728747
v 0.3834375 0.3953734361287206 0.14059375304728747
v -0.3834375 0.30462656387127934 0.14059375304728747
v 0.3834375 0.30462656387127934 0.14059375304728747
v -0.3834375 0.30462656387127934 -0.14059375304728747
v 0.3834375 0.30462656387127934 -0.14059375304728747
v -0.3834375 0.3953734361287206 0.14059375304728747
v 0.3834375 0.3953734361287206 0.14059375304728747
v -0.3834375 0.30462656387127934 0.14059375304728747
v 0.3834375 0.30462656387127934 0.14059375304728747
v 0.3834375 0.3953734361287206 -0.14059375304728747
v -0.3834375 0.3953734361287206 -0.14059375304728747
v 0.3834375 0.30462656387127934 -0.14059375304728747
v -0.3834375 0.30462656387127934 -0.14059375304728747
vt 0.8125 0.625
vt 1.0625 0.625
vt 0.8125 0.5625
vt 1.0625 0.5625
vt 0.8125 0.625
vt 1.0625 0.625
vt 0.8125 0.5625
vt 1.0625 0.5625
vt 0.8125 0.8125
vt 1.5625 0.8125
vt 0.8125 0.5625
vt 1.5625 0.5625
vt 0.8125 0.8125
vt 1.5625 0.8125
vt 0.8125 0.5625
vt 1.5625 0.5625
vt 0.8125 0.625
vt 1.5625 0.625
vt 0.8125 0.5625
vt 1.5625 0.5625
vt 0.8125 0.625
vt 1.5625 0.625
vt 0.8125 0.5625
vt 1.5625 0.5625
vn 1 0 0
vn 1 0 0
vn 1 0 0
vn 1 0 0
vn -1 0 0
vn -1 0 0
vn -1 0 0
vn -1 0 0
vn 0 1 0
vn 0 1 0
vn 0 1 0
vn 0 1 0
vn 0 -1 0
vn 0 -1 0
vn 0 -1 0
vn 0 -1 0
vn 0 0 1
vn 0 0 1
vn 0 0 1
vn 0 0 1
vn 0 0 -1
vn 0 0 -1
vn 0 0 -1
vn 0 0 -1
f 865/865/865 867/867/867 866/866/866
f 867/867/867 868/868/868 866/866/866
f 869/869/869 871/871/871 870/870/870
f 871/871/871 872/872/872 870/870/870
f 873/873/873 875/875/875 874/874/874
f 875/875/875 876/876/876 874/874/874
f 877/877/877 879/879/879 878/878/878
f 879/879/879 880/880/880 878/878/878
f 881/881/881 883/883/883 882/882/882
f 883/883/883 884/884/884 882/882/882
f 885/885/885 887/887/887 886/886/886
f 887/887/887 888/888/888 886/886/886
o guard_24
usemtl sun_gold
v 0.41501251256465915 0.4842712485864758 0.1449250031411648
v 0.41501251256465915 0.4842712485864758 -0.1449250031411648
v 0.41501251256465915 0.3907287514135241 0.1449250031411648
v 0.41501251256465915 0.3907287514135241 -0.1449250031411648
v -0.41501251256465915 0.4842712485864758 -0.1449250031411648
v -0.41501251256465915 0.4842712485864758 0.1449250031411648
v -0.41501251256465915 0.3907287514135241 -0.1449250031411648
v -0.41501251256465915 0.3907287514135241 0.1449250031411648
v -0.41501251256465915 0.4842712485864758 -0.1449250031411648
v 0.41501251256465915 0.4842712485864758 -0.1449250031411648
v -0.41501251256465915 0.4842712485864758 0.1449250031411648
v 0.41501251256465915 0.4842712485864758 0.1449250031411648
v -0.41501251256465915 0.3907287514135241 0.1449250031411648
v 0.41501251256465915 0.3907287514135241 0.1449250031411648
v -0.41501251256465915 0.3907287514135241 -0.1449250031411648
v 0.41501251256465915 0.3907287514135241 -0.1449250031411648
v -0.41501251256465915 0.4842712485864758 0.1449250031411648
v 0.41501251256465915 0.4842712485864758 0.1449250031411648
v -0.41501251256465915 0.3907287514135241 0.1449250031411648
v 0.41501251256465915 0.3907287514135241 0.1449250031411648
v 0.41501251256465915 0.4842712485864758 -0.1449250031411648
v -0.41501251256465915 0.4842712485864758 -0.1449250031411648
v 0.41501251256465915 0.3907287514135241 -0.1449250031411648
v -0.41501251256465915 0.3907287514135241 -0.1449250031411648
vt 0.3125 0.5
vt 0.5625 0.5
vt 0.3125 0.4375
vt 0.5625 0.4375
vt 0.3125 0.5
vt 0.5625 0.5
vt 0.3125 0.4375
vt 0.5625 0.4375
vt 0.3125 0.6875
vt 1.125 0.6875
vt 0.3125 0.4375
vt 1.125 0.4375
vt 0.3125 0.6875
vt 1.125 0.6875
vt 0.3125 0.4375
vt 1.125 0.4375
vt 0.3125 0.5
vt 1.125 0.5
vt 0.3125 0.4375
vt 1.125 0.4375
vt 0.3125 0.5
vt 1.125 0.5
vt 0.3125 0.4375
vt 1.125 0.4375
vn 1 0 0
vn 1 0 0
vn 1 0 0
vn 1 0 0
vn -1 0 0
vn -1 0 0
vn -1 0 0
vn -1 0 0
vn 0 1 0
vn 0 1 0
vn 0 1 0
vn 0 1 0
vn 0 -1 0
vn 0 -1 0
vn 0 -1 0
vn 0 -1 0
vn 0 0 1
vn 0 0 1
vn 0 0 1
vn 0 0 1
vn 0 0 -1
vn 0 0 -1
vn 0 0 -1
vn 0 0 -1
f 889/889/889 891/891/891 890/890/890
f 891/891/891 892/892/892 890/890/890
f 893/893/893 895/895/895 894/894/894
f 895/895/895 896/896/896 894/894/894
f 897/897/897 899/899/899 898/898/898
f 899/899/899 900/900/900 898/898/898
f 901/901/901 903/903/903 902/902/902
f 903/903/903 904/904/904 902/902/902
f 905/905/905 907/907/907 906/906/906
f 907/907/907 908/908/908 906/906/906
f 909/909/909 911/911/911 910/910/910
f 911/911/911 912/912/912 910/910/910
o guard_25
usemtl sun_gold
v 0.38512499999999994 0.5705731236226855 0.1412125030606985
v 0.38512499999999994 0.5705731236226855 -0.1412125030606985
v 0.38512499999999994 0.47942687637731424 0.1412125030606985
v 0.38512499999999994 0.47942687637731424 -0.1412125030606985
v -0.38512499999999994 0.5705731236226855 -0.1412125030606985
v -0.38512499999999994 0.5705731236226855 0.1412125030606985
v -0.38512499999999994 0.47942687637731424 -0.1412125030606985
v -0.38512499999999994 0.47942687637731424 0.1412125030606985
v -0.38512499999999994 0.5705731236226855 -0.1412125030606985
v 0.38512499999999994 0.5705731236226855 -0.1412125030606985
v -0.38512499999999994 0.5705731236226855 0.1412125030606985
v 0.38512499999999994 0.5705731236226855 0.1412125030606985
v -0.38512499999999994 0.47942687637731424 0.1412125030606985
v 0.38512499999999994 0.47942687637731424 0.1412125030606985
v -0.38512499999999994 0.47942687637731424 -0.1412125030606985
v 0.38512499999999994 0.47942687637731424 -0.1412125030606985
v -0.38512499999999994 0.5705731236226855 0.1412125030606985
v 0.38512499999999994 0.5705731236226855 0.1412125030606985
v -0.38512499999999994 0.47942687637731424 0.1412125030606985
v 0.38512499999999994 0.47942687637731424 0.1412125030606985
v 0.38512499999999994 0.5705731236226855 -0.1412125030606985
v -0.38512499999999994 0.5705731236226855 -0.1412125030606985
v 0.38512499999999994 0.47942687637731424 -0.1412125030606985
v -0.38512499999999994 0.47942687637731424 -0.1412125030606985
vt 0.8125 0.625
vt 1.0625 0.625
vt 0.8125 0.5625
vt 1.0625 0.5625
vt 0.8125 0.625
vt 1.0625 0.625
vt 0.8125 0.5625
vt 1.0625 0.5625
vt 0.8125 0.8125
vt 1.5625 0.8125
vt 0.8125 0.5625
vt 1.5625 0.5625
vt 0.8125 0.8125
vt 1.5625 0.8125
vt 0.8125 0.5625
vt 1.5625 0.5625
vt 0.8125 0.625
vt 1.5625 0.625
vt 0.8125 0.5625
vt 1.5625 0.5625
vt 0.8125 0.625
vt 1.5625 0.625
vt 0.8125 0.5625
vt 1.5625 0.5625
vn 1 0 0
vn 1 0 0
vn 1 0 0
vn 1 0 0
vn -1 0 0
vn -1 0 0
vn -1 0 0
vn -1 0 0
vn 0 1 0
vn 0 1 0
vn 0 1 0
vn 0 1 0
vn 0 -1 0
vn 0 -1 0
vn 0 -1 0
vn 0 -1 0
vn 0 0 1
vn 0 0 1
vn 0 0 1
vn 0 0 1
vn 0 0 -1
vn 0 0 -1
vn 0 0 -1
vn 0 0 -1
f 913/913/913 915/915/915 914/914/914
f 915/915/915 916/916/916 914/914/914
f 917/917/917 919/919/919 918/918/918
f 919/919/919 920/920/920 918/918/918
f 921/921/921 923/923/923 922/922/922
f 923/923/923 924/924/924 922/922/922
f 925/925/925 927/927/927 926/926/926
f 927/927/927 928/928/928 926/926/926
f 929/929/929 931/931/931 930/930/930
f 931/931/931 932/932/932 930/930/930
f 933/933/933 935/935/935 934/934/934
f 935/935/935 936/936/936 934/934/934
o guard_26
usemtl sun_gold
v 0.3125 0.6568749986588955 0.13750000298023224
v 0.3125 0.6568749986588955 -0.13750000298023224
v 0.3125 0.5681250013411046 0.13750000298023224
v 0.3125 0.5681250013411046 -0.13750000298023224
v -0.3125 0.6568749986588955 -0.13750000298023224
v -0.3125 0.6568749986588955 0.13750000298023224
v -0.3125 0.5681250013411046 -0.13750000298023224
v -0.3125 0.5681250013411046 0.13750000298023224
v -0.3125 0.6568749986588955 -0.13750000298023224
v 0.3125 0.6568749986588955 -0.13750000298023224
v -0.3125 0.6568749986588955 0.13750000298023224
v 0.3125 0.6568749986588955 0.13750000298023224
v -0.3125 0.5681250013411046 0.13750000298023224
v 0.3125 0.5681250013411046 0.13750000298023224
v -0.3125 0.5681250013411046 -0.13750000298023224
v 0.3125 0.5681250013411046 -0.13750000298023224
v -0.3125 0.6568749986588955 0.13750000298023224
v 0.3125 0.6568749986588955 0.13750000298023224
v -0.3125 0.5681250013411046 0.13750000298023224
v 0.3125 0.5681250013411046 0.13750000298023224
v 0.3125 0.6568749986588955 -0.13750000298023224
v -0.3125 0.6568749986588955 -0.13750000298023224
v 0.3125 0.5681250013411046 -0.13750000298023224
v -0.3125 0.5681250013411046 -0.13750000298023224
vt 0.3125 0.25
vt 0.5625 0.25
vt 0.3125 0.1875
vt 0.5625 0.1875
vt 0.3125 0.25
vt 0.5625 0.25
vt 0.3125 0.1875
vt 0.5625 0.1875
vt 0.3125 0.4375
vt 0.9375 0.4375
vt 0.3125 0.1875
vt 0.9375 0.1875
vt 0.3125 0.4375
vt 0.9375 0.4375
vt 0.3125 0.1875
vt 0.9375 0.1875
vt 0.3125 0.25
vt 0.9375 0.25
vt 0.3125 0.1875
vt 0.9375 0.1875
vt 0.3125 0.25
vt 0.9375 0.25
vt 0.3125 0.1875
vt 0.9375 0.1875
vn 1 0 0
vn 1 0 0
vn 1 0 0
vn 1 0 0
vn -1 0 0
vn -1 0 0
vn -1 0 0
vn -1 0 0
vn 0 1 0
vn 0 1 0
vn 0 1 0
vn 0 1 0
vn 0 -1 0
vn 0 -1 0
vn 0 -1 0
vn 0 -1 0
vn 0 0 1
vn 0 0 1
vn 0 0 1
vn 0 0 1
vn 0 0 -1
vn 0 0 -1
vn 0 0 -1
vn 0 0 -1
f 937/937/937 939/939/939 938/938/938
f 939/939/939 940/940/940 938/938/938
f 941/941/941 943/943/943 942/942/942
f 943/943/943 944/944/944 942/942/942
f 945/945/945 947/947/947 946/946/946
f 947/947/947 948/948/948 946/946/946
f 949/949/949 951/951/951 950/950/950
f 951/951/951 952/952/952 950/950/950
f 953/953/953 955/955/955 954/954/954
f 955/955/955 956/956/956 954/954/954
f 957/957/957 959/959/959 958/958/958
f 959/959/959 960/960/960 958/958/958
o guard_27
usemtl sun_gold
v 0.19340625 0.7457728111166506 0.14183125307410957
v 0.19340625 0.7457728111166506 -0.14183125307410957
v 0.19340625 0.6542271888833493 0.14183125307410957
v 0.19340625 0.6542271888833493 -0.14183125307410957
v -0.19340625 0.7457728111166506 -0.14183125307410957
v -0.19340625 0.7457728111166506 0.14183125307410957
v -0.19340625 0.6542271888833493 -0.14183125307410957
v -0.19340625 0.6542271888833493 0.14183125307410957
v -0.19340625 0.7457728111166506 -0.14183125307410957
v 0.19340625 0.7457728111166506 -0.14183125307410957
v -0.19340625 0.7457728111166506 0.14183125307410957
v 0.19340625 0.7457728111166506 0.14183125307410957
v -0.19340625 0.6542271888833493 0.14183125307410957
v 0.19340625 0.6542271888833493 0.14183125307410957
v -0.19340625 0.6542271888833493 -0.14183125307410957
v 0.19340625 0.6542271888833493 -0.14183125307410957
v -0.19340625 0.7457728111166506 0.14183125307410957
v 0.19340625 0.7457728111166506 0.14183125307410957
v -0.19340625 0.6542271888833493 0.14183125307410957
v 0.19340625 0.6542271888833493 0.14183125307410957
v 0.19340625 0.7457728111166506 -0.14183125307410957
v -0.19340625 0.7457728111166506 -0.14183125307410957
v 0.19340625 0.6542271888833493 -0.14183125307410957
v -0.19340625 0.6542271888833493 -0.14183125307410957
vt 0.25 0.25
vt 0.5 0.25
vt 0.25 0.1875
vt 0.5 0.1875
vt 0.25 0.25
vt 0.5 0.25
vt 0.25 0.1875
vt 0.5 0.1875
vt 0.25 0.4375
vt 0.625 0.4375
vt 0.25 0.1875
vt 0.625 0.1875
vt 0.25 0.4375
vt 0.625 0.4375
vt 0.25 0.1875
vt 0.625 0.1875
vt 0.25 0.25
vt 0.625 0.25
vt 0.25 0.1875
vt 0.625 0.1875
vt 0.25 0.25
vt 0.625 0.25
vt 0.25 0.1875
vt 0.625 0.1875
vn 1 0 0
vn 1 0 0
vn 1 0 0
vn 1 0 0
vn -1 0 0
vn -1 0 0
vn -1 0 0
vn -1 0 0
vn 0 1 0
vn 0 1 0
vn 0 1 0
vn 0 1 0
vn 0 -1 0
vn 0 -1 0
vn 0 -1 0
vn 0 -1 0
vn 0 0 1
vn 0 0 1
vn 0 0 1
vn 0 0 1
vn 0 0 -1
vn 0 0 -1
vn 0 0 -1
vn 0 0 -1
f 961/961/961 963/963/963 962/962/962
f 963/963/963 964/964/964 962/962/962
f 965/965/965 967/967/967 966/966/966
f 967/967/967 968/968/968 966/966/966
f 969/969/969 971/971/971 970/970/970
f 971/971/971 972/972/972 970/970/970
f 973/973/973 975/975/975 974/974/974
f 975/975/975 976/976/976 974/974/974
f 977/977/977 979/979/979 978/978/978
f 979/979/979 980/980/980 978/978/978
f 981/981/981 983/983/983 982/982/982
f 983/983/983 984/984/984 982/982/982
o guard_28
usemtl bright_gold
v 0.37799843824841084 0.509292849726975 0.15067500598728656
v 0.37799843824841084 0.509292849726975 -0.15067500598728656
v 0.4345015617515892 0.509292849726975 0.15067500598728656
v 0.4345015617515892 0.509292849726975 -0.15067500598728656
v 0.3779984382484108 0.36570715027302503 -0.15067500598728656
v 0.3779984382484108 0.36570715027302503 0.15067500598728656
v 0.43450156175158916 0.36570715027302503 -0.15067500598728656
v 0.43450156175158916 0.36570715027302503 0.15067500598728656
v 0.3779984382484108 0.36570715027302503 -0.15067500598728656
v 0.37799843824841084 0.509292849726975 -0.15067500598728656
v 0.3779984382484108 0.36570715027302503 0.15067500598728656
v 0.37799843824841084 0.509292849726975 0.15067500598728656
v 0.43450156175158916 0.36570715027302503 0.15067500598728656
v 0.4345015617515892 0.509292849726975 0.15067500598728656
v 0.43450156175158916 0.36570715027302503 -0.15067500598728656
v 0.4345015617515892 0.509292849726975 -0.15067500598728656
v 0.3779984382484108 0.36570715027302503 0.15067500598728656
v 0.37799843824841084 0.509292849726975 0.15067500598728656
v 0.43450156175158916 0.36570715027302503 0.15067500598728656
v 0.4345015617515892 0.509292849726975 0.15067500598728656
v 0.37799843824841084 0.509292849726975 -0.15067500598728656
v 0.3779984382484108 0.36570715027302503 -0.15067500598728656
v 0.4345015617515892 0.509292849726975 -0.15067500598728656
v 0.43450156175158916 0.36570715027302503 -0.15067500598728656
vt 0.0625 0.625
vt 0.375 0.625
vt 0.0625 0.5625
vt 0.375 0.5625
vt 0.0625 0.625
vt 0.375 0.625
vt 0.0625 0.5625
vt 0.375 0.5625
vt 0.0625 0.875
vt 0.1875 0.875
vt 0.0625 0.5625
vt 0.1875 0.5625
vt 0.0625 0.875
vt 0.1875 0.875
vt 0.0625 0.5625
vt 0.1875 0.5625
vt 0.0625 0.625
vt 0.1875 0.625
vt 0.0625 0.5625
vt 0.1875 0.5625
vt 0.0625 0.625
vt 0.1875 0.625
vt 0.0625 0.5625
vt 0.1875 0.5625
vn 2.220446049250313e-16 1 0
vn 2.220446049250313e-16 1 0
vn 2.220446049250313e-16 1 0
vn 2.220446049250313e-16 1 0
vn -2.220446049250313e-16 -1 0
vn -2.220446049250313e-16 -1 0
vn -2.220446049250313e-16 -1 0
vn -2.220446049250313e-16 -1 0
vn -1 2.220446049250313e-16 0
vn -1 2.220446049250313e-16 0
vn -1 2.220446049250313e-16 0
vn -1 2.220446049250313e-16 0
vn 1 -2.220446049250313e-16 0
vn 1 -2.220446049250313e-16 0
vn 1 -2.220446049250313e-16 0
vn 1 -2.220446049250313e-16 0
vn 0 0 1
vn 0 0 1
vn 0 0 1
vn 0 0 1
vn 0 0 -1
vn 0 0 -1
vn 0 0 -1
vn 0 0 -1
f 985/985/985 987/987/987 986/986/986
f 987/987/987 988/988/988 986/986/986
f 989/989/989 991/991/991 990/990/990
f 991/991/991 992/992/992 990/990/990
f 993/993/993 995/995/995 994/994/994
f 995/995/995 996/996/996 994/994/994
f 997/997/997 999/999/999 998/998/998
f 999/999/999 1000/1000/1000 998/998/998
f 1001/1001/1001 1003/1003/1003 1002/1002/1002
f 1003/1003/1003 1004/1004/1004 1002/1002/1002
f 1005/1005/1005 1007/1007/1007 1006/1006/1006
f 1007/1007/1007 1008/1008/1008 1006/1006/1006
o guard_29
usemtl bright_gold
v 0.335774387125661 0.6244543842009886 0.1554000061750412
v 0.335774387125661 0.6244543842009886 -0.1554000061750412
v 0.39119720414455783 0.6424623490711405 0.1554000061750412
v 0.39119720414455783 0.6424623490711405 -0.1554000061750412
v 0.3815362153452544 0.48361395885850417 -0.1554000061750412
v 0.3815362153452544 0.48361395885850417 0.1554000061750412
v 0.43695903236415123 0.5016219237286561 -0.1554000061750412
v 0.43695903236415123 0.5016219237286561 0.1554000061750412
v 0.3815362153452544 0.48361395885850417 -0.1554000061750412
v 0.335774387125661 0.6244543842009886 -0.1554000061750412
v 0.3815362153452544 0.48361395885850417 0.1554000061750412
v 0.335774387125661 0.6244543842009886 0.1554000061750412
v 0.43695903236415123 0.5016219237286561 0.1554000061750412
v 0.39119720414455783 0.6424623490711405 0.1554000061750412
v 0.43695903236415123 0.5016219237286561 -0.1554000061750412
v 0.39119720414455783 0.6424623490711405 -0.1554000061750412
v 0.3815362153452544 0.48361395885850417 0.1554000061750412
v 0.335774387125661 0.6244543842009886 0.1554000061750412
v 0.43695903236415123 0.5016219237286561 0.1554000061750412
v 0.39119720414455783 0.6424623490711405 0.1554000061750412
v 0.335774387125661 0.6244543842009886 -0.1554000061750412
v 0.3815362153452544 0.48361395885850417 -0.1554000061750412
v 0.39119720414455783 0.6424623490711405 -0.1554000061750412
v 0.43695903236415123 0.5016219237286561 -0.1554000061750412
vt 0.0625 0.625
vt 0.375 0.625
vt 0.0625 0.5625
vt 0.375 0.5625
vt 0.0625 0.625
vt 0.375 0.625
vt 0.0625 0.5625
vt 0.375 0.5625
vt 0.0625 0.875
vt 0.1875 0.875
vt 0.0625 0.5625
vt 0.1875 0.5625
vt 0.0625 0.875
vt 0.1875 0.875
vt 0.0625 0.5625
vt 0.1875 0.5625
vt 0.0625 0.625
vt 0.1875 0.625
vt 0.0625 0.5625
vt 0.1875 0.5625
vt 0.0625 0.625
vt 0.1875 0.625
vt 0.0625 0.5625
vt 0.1875 0.5625
vn -0.30901699437494745 0.9510565162951536 0
vn -0.30901699437494745 0.9510565162951536 0
vn -0.30901699437494745 0.9510565162951536 0
vn -0.30901699437494745 0.9510565162951536 0
vn 0.30901699437494745 -0.9510565162951536 0
vn 0.30901699437494745 -0.9510565162951536 0
vn 0.30901699437494745 -0.9510565162951536 0
vn 0.30901699437494745 -0.9510565162951536 0
vn -0.9510565162951536 -0.30901699437494745 0
vn -0.9510565162951536 -0.30901699437494745 0
vn -0.9510565162951536 -0.30901699437494745 0
vn -0.9510565162951536 -0.30901699437494745 0
vn 0.9510565162951536 0.30901699437494745 0
vn 0.9510565162951536 0.30901699437494745 0
vn 0.9510565162951536 0.30901699437494745 0
vn 0.9510565162951536 0.30901699437494745 0
vn 0 0 1
vn 0 0 1
vn 0 0 1
vn 0 0 1
vn 0 0 -1
vn 0 0 -1
vn 0 0 -1
vn 0 0 -1
f 1009/1009/1009 1011/1011/1011 1010/1010/1010
f 1011/1011/1011 1012/1012/1012 1010/1010/1010
f 1013/1013/1013 1015/1015/1015 1014/1014/1014
f 1015/1015/1015 1016/1016/1016 1014/1014/1014
f 1017/1017/1017 1019/1019/1019 1018/1018/1018
f 1019/1019/1019 1020/1020/1020 1018/1018/1018
f 1021/1021/1021 1023/1023/1023 1022/1022/1022
f 1023/1023/1023 1024/1024/1024 1022/1022/1022
f 1025/1025/1025 1027/1027/1027 1026/1026/1026
f 1027/1027/1027 1028/1028/1028 1026/1026/1026
f 1029/1029/1029 1031/1031/1031 1030/1030/1030
f 1031/1031/1031 1032/1032/1032 1030/1030/1030
o guard_30
usemtl bright_gold
v 0.26331694708477005 0.7179493478023364 0.15135000601410864
v 0.26331694708477005 0.7179493478023364 -0.15135000601410864
v 0.3092337166553841 0.7513098336440099 0.15135000601410864
v 0.3092337166553841 0.7513098336440099 -0.15135000601410864
v 0.3480925912742606 0.6012656838436244 -0.15135000601410864
v 0.3480925912742606 0.6012656838436244 0.15135000601410864
v 0.3940093608448747 0.634626169685298 -0.15135000601410864
v 0.3940093608448747 0.634626169685298 0.15135000601410864
v 0.3480925912742606 0.6012656838436244 -0.15135000601410864
v 0.26331694708477005 0.7179493478023364 -0.15135000601410864
v 0.3480925912742606 0.6012656838436244 0.15135000601410864
v 0.26331694708477005 0.7179493478023364 0.15135000601410864
v 0.3940093608448747 0.634626169685298 0.15135000601410864
v 0.3092337166553841 0.7513098336440099 0.15135000601410864
v 0.3940093608448747 0.634626169685298 -0.15135000601410864
v 0.3092337166553841 0.7513098336440099 -0.15135000601410864
v 0.3480925912742606 0.6012656838436244 0.15135000601410864
v 0.26331694708477005 0.7179493478023364 0.15135000601410864
v 0.3940093608448747 0.634626169685298 0.15135000601410864
v 0.3092337166553841 0.7513098336440099 0.15135000601410864
v 0.26331694708477005 0.7179493478023364 -0.15135000601410864
v 0.3480925912742606 0.6012656838436244 -0.15135000601410864
v 0.3092337166553841 0.7513098336440099 -0.15135000601410864
v 0.3940093608448747 0.634626169685298 -0.15135000601410864
vt 0.0625 0.625
vt 0.375 0.625
vt 0.0625 0.5625
vt 0.375 0.5625
vt 0.0625 0.625
vt 0.375 0.625
vt 0.0625 0.5625
vt 0.375 0.5625
vt 0.0625 0.875
vt 0.1875 0.875
vt 0.0625 0.5625
vt 0.1875 0.5625
vt 0.0625 0.875
vt 0.1875 0.875
vt 0.0625 0.5625
vt 0.1875 0.5625
vt 0.0625 0.625
vt 0.1875 0.625
vt 0.0625 0.5625
vt 0.1875 0.5625
vt 0.0625 0.625
vt 0.1875 0.625
vt 0.0625 0.5625
vt 0.1875 0.5625
vn -0.587785252292473 0.8090169943749476 0
vn -0.587785252292473 0.8090169943749476 0
vn -0.587785252292473 0.8090169943749476 0
vn -0.587785252292473 0.8090169943749476 0
vn 0.587785252292473 -0.8090169943749476 0
vn 0.587785252292473 -0.8090169943749476 0
vn 0.587785252292473 -0.8090169943749476 0
vn 0.587785252292473 -0.8090169943749476 0
vn -0.8090169943749476 -0.587785252292473 0
vn -0.8090169943749476 -0.587785252292473 0
vn -0.8090169943749476 -0.587785252292473 0
vn -0.8090169943749476 -0.587785252292473 0
vn 0.8090169943749476 0.587785252292473 0
vn 0.8090169943749476 0.587785252292473 0
vn 0.8090169943749476 0.587785252292473 0
vn 0.8090169943749476 0.587785252292473 0
vn 0 0 0.9999999999999999
vn 0 0 0.9999999999999999
vn 0 0 0.9999999999999999
vn 0 0 0.9999999999999999
vn 0 0 -0.9999999999999999
vn 0 0 -0.9999999999999999
vn 0 0 -0.9999999999999999
vn 0 0 -0.9999999999999999
f 1033/1033/1033 1035/1035/1035 1034/1034/1034
f 1035/1035/1035 1036/1036/1036 1034/1034/1034
f 1037/1037/1037 1039/1039/1039 1038/1038/1038
f 1039/1039/1039 1040/1040/1040 1038/1038/1038
f 1041/1041/1041 1043/1043/1043 1042/1042/1042
f 1043/1043/1043 1044/1044/1044 1042/1042/1042
f 1045/1045/1045 1047/1047/1047 1046/1046/1046
f 1047/1047/1047 1048/1048/1048 1046/1046/1046
f 1049/1049/1049 1051/1051/1051 1050/1050/1050
f 1051/1051/1051 1052/1052/1052 1050/1050/1050
f 1053/1053/1053 1055/1055/1055 1054/1054/1054
f 1055/1055/1055 1056/1056/1056 1054/1054/1054
o guard_31
usemtl bright_gold
v 0.16142356753108125 0.7861991594360519 0.1560750062018633
v 0.16142356753108125 0.7861991594360519 -0.1560750062018633
v 0.1958255353390707 0.8335494059555999 0.1560750062018633
v 0.1958255353390707 0.8335494059555999 -0.1560750062018633
v 0.2817499821485637 0.6987769019740449 -0.1560750062018633
v 0.2817499821485637 0.6987769019740449 0.1560750062018633
v 0.31615194995655316 0.7461271484935929 -0.1560750062018633
v 0.31615194995655316 0.7461271484935929 0.1560750062018633
v 0.2817499821485637 0.6987769019740449 -0.1560750062018633
v 0.16142356753108125 0.7861991594360519 -0.1560750062018633
v 0.2817499821485637 0.6987769019740449 0.1560750062018633
v 0.16142356753108125 0.7861991594360519 0.1560750062018633
v 0.31615194995655316 0.7461271484935929 0.1560750062018633
v 0.1958255353390707 0.8335494059555999 0.1560750062018633
v 0.31615194995655316 0.7461271484935929 -0.1560750062018633
v 0.1958255353390707 0.8335494059555999 -0.1560750062018633
v 0.2817499821485637 0.6987769019740449 0.1560750062018633
v 0.16142356753108125 0.7861991594360519 0.1560750062018633
v 0.31615194995655316 0.7461271484935929 0.1560750062018633
v 0.1958255353390707 0.8335494059555999 0.1560750062018633
v 0.16142356753108125 0.7861991594360519 -0.1560750062018633
v 0.2817499821485637 0.6987769019740449 -0.1560750062018633
v 0.1958255353390707 0.8335494059555999 -0.1560750062018633
v 0.31615194995655316 0.7461271484935929 -0.1560750062018633
vt 0.0625 0.625
vt 0.375 0.625
vt 0.0625 0.5625
vt 0.375 0.5625
vt 0.0625 0.625
vt 0.375 0.625
vt 0.0625 0.5625
vt 0.375 0.5625
vt 0.0625 0.875
vt 0.1875 0.875
vt 0.0625 0.5625
vt 0.1875 0.5625
vt 0.0625 0.875
vt 0.1875 0.875
vt 0.0625 0.5625
vt 0.1875 0.5625
vt 0.0625 0.625
vt 0.1875 0.625
vt 0.0625 0.5625
vt 0.1875 0.5625
vt 0.0625 0.625
vt 0.1875 0.625
vt 0.0625 0.5625
vt 0.1875 0.5625
vn -0.8090169943749475 0.5877852522924732 0
vn -0.8090169943749475 0.5877852522924732 0
vn -0.8090169943749475 0.5877852522924732 0
vn -0.8090169943749475 0.5877852522924732 0
vn 0.8090169943749475 -0.5877852522924732 0
vn 0.8090169943749475 -0.5877852522924732 0
vn 0.8090169943749475 -0.5877852522924732 0
vn 0.8090169943749475 -0.5877852522924732 0
vn -0.5877852522924732 -0.8090169943749475 0
vn -0.5877852522924732 -0.8090169943749475 0
vn -0.5877852522924732 -0.8090169943749475 0
vn -0.5877852522924732 -0.8090169943749475 0
vn 0.5877852522924732 0.8090169943749475 0
vn 0.5877852522924732 0.8090169943749475 0
vn 0.5877852522924732 0.8090169943749475 0
vn 0.5877852522924732 0.8090169943749475 0
vn 0 0 1
vn 0 0 1
vn 0 0 1
vn 0 0 1
vn 0 0 -1
vn 0 0 -1
vn 0 0 -1
vn 0 0 -1
f 1057/1057/1057 1059/1059/1059 1058/1058/1058
f 1059/1059/1059 1060/1060/1060 1058/1058/1058
f 1061/1061/1061 1063/1063/1063 1062/1062/1062
f 1063/1063/1063 1064/1064/1064 1062/1062/1062
f 1065/1065/1065 1067/1067/1067 1066/1066/1066
f 1067/1067/1067 1068/1068/1068 1066/1066/1066
f 1069/1069/1069 1071/1071/1071 1070/1070/1070
f 1071/1071/1071 1072/1072/1072 1070/1070/1070
f 1073/1073/1073 1075/1075/1075 1074/1074/1074
f 1075/1075/1075 1076/1076/1076 1074/1074/1074
f 1077/1077/1077 1079/1079/1079 1078/1078/1078
f 1079/1079/1079 1080/1080/1080 1078/1078/1078
o guard_32
usemtl bright_gold
v 0.04783890518079391 0.8191411247313473 0.15202500604093075
v 0.04783890518079391 0.8191411247313473 -0.15202500604093075
v 0.06545577042780061 0.8733602608786947 0.15202500604093075
v 0.06545577042780061 0.8733602608786947 -0.15202500604093075
v 0.1856205375018442 0.7743731586111177 -0.15202500604093075
v 0.1856205375018442 0.7743731586111177 0.15202500604093075
v 0.20323740274885088 0.8285922947584651 -0.15202500604093075
v 0.20323740274885088 0.8285922947584651 0.15202500604093075
v 0.1856205375018442 0.7743731586111177 -0.15202500604093075
v 0.04783890518079391 0.8191411247313473 -0.15202500604093075
v 0.1856205375018442 0.7743731586111177 0.15202500604093075
v 0.04783890518079391 0.8191411247313473 0.15202500604093075
v 0.20323740274885088 0.8285922947584651 0.15202500604093075
v 0.06545577042780061 0.8733602608786947 0.15202500604093075
v 0.20323740274885088 0.8285922947584651 -0.15202500604093075
v 0.06545577042780061 0.8733602608786947 -0.15202500604093075
v 0.1856205375018442 0.7743731586111177 0.15202500604093075
v 0.04783890518079391 0.8191411247313473 0.15202500604093075
v 0.20323740274885088 0.8285922947584651 0.15202500604093075
v 0.06545577042780061 0.8733602608786947 0.15202500604093075
v 0.04783890518079391 0.8191411247313473 -0.15202500604093075
v 0.1856205375018442 0.7743731586111177 -0.15202500604093075
v 0.06545577042780061 0.8733602608786947 -0.15202500604093075
v 0.20323740274885088 0.8285922947584651 -0.15202500604093075
vt 0.0625 0.625
vt 0.375 0.625
vt 0.0625 0.5625
vt 0.375 0.5625
vt 0.0625 0.625
vt 0.375 0.625
vt 0.0625 0.5625
vt 0.375 0.5625
vt 0.0625 0.875
vt 0.1875 0.875
vt 0.0625 0.5625
vt 0.1875 0.5625
vt 0.0625 0.875
vt 0.1875 0.875
vt 0.0625 0.5625
vt 0.1875 0.5625
vt 0.0625 0.625
vt 0.1875 0.625
vt 0.0625 0.5625
vt 0.1875 0.5625
vt 0.0625 0.625
vt 0.1875 0.625
vt 0.0625 0.5625
vt 0.1875 0.5625
vn -0.9510565162951535 0.30901699437494756 0
vn -0.9510565162951535 0.30901699437494756 0
vn -0.9510565162951535 0.30901699437494756 0
vn -0.9510565162951535 0.30901699437494756 0
vn 0.9510565162951535 -0.30901699437494756 0
vn 0.9510565162951535 -0.30901699437494756 0
vn 0.9510565162951535 -0.30901699437494756 0
vn 0.9510565162951535 -0.30901699437494756 0
vn -0.30901699437494756 -0.9510565162951535 0
vn -0.30901699437494756 -0.9510565162951535 0
vn -0.30901699437494756 -0.9510565162951535 0
vn -0.30901699437494756 -0.9510565162951535 0
vn 0.30901699437494756 0.9510565162951535 0
vn 0.30901699437494756 0.9510565162951535 0
vn 0.30901699437494756 0.9510565162951535 0
vn 0.30901699437494756 0.9510565162951535 0
vn 0 0 1
vn 0 0 1
vn 0 0 1
vn 0 0 1
vn 0 0 -1
vn 0 0 -1
vn 0 0 -1
vn 0 0 -1
f 1081/1081/1081 1083/1083/1083 1082/1082/1082
f 1083/1083/1083 1084/1084/1084 1082/1082/1082
f 1085/1085/1085 1087/1087/1087 1086/1086/1086
f 1087/1087/1087 1088/1088/1088 1086/1086/1086
f 1089/1089/1089 1091/1091/1091 1090/1090/1090
f 1091/1091/1091 1092/1092/1092 1090/1090/1090
f 1093/1093/1093 1095/1095/1095 1094/1094/1094
f 1095/1095/1095 1096/1096/1096 1094/1094/1094
f 1097/1097/1097 1099/1099/1099 1098/1098/1098
f 1099/1099/1099 1100/1100/1100 1098/1098/1098
f 1101/1101/1101 1103/1103/1103 1102/1102/1102
f 1103/1103/1103 1104/1104/1104 1102/1102/1102
o guard_33
usemtl bright_gold
v -0.07468743450939652 0.8143593757785856 0.15675000622868537
v -0.07468743450939652 0.8143593757785856 -0.15675000622868537
v -0.07468743450939652 0.8731406242214144 0.15675000622868537
v -0.07468743450939652 0.8731406242214144 -0.15675000622868537
v 0.07468743450939658 0.8143593757785856 -0.15675000622868537
v 0.07468743450939658 0.8143593757785856 0.15675000622868537
v 0.07468743450939658 0.8731406242214144 -0.15675000622868537
v 0.07468743450939658 0.8731406242214144 0.15675000622868537
v 0.07468743450939658 0.8143593757785856 -0.15675000622868537
v -0.07468743450939652 0.8143593757785856 -0.15675000622868537
v 0.07468743450939658 0.8143593757785856 0.15675000622868537
v -0.07468743450939652 0.8143593757785856 0.15675000622868537
v 0.07468743450939658 0.8731406242214144 0.15675000622868537
v -0.07468743450939652 0.8731406242214144 0.15675000622868537
v 0.07468743450939658 0.8731406242214144 -0.15675000622868537
v -0.07468743450939652 0.8731406242214144 -0.15675000622868537
v 0.07468743450939658 0.8143593757785856 0.15675000622868537
v -0.07468743450939652 0.8143593757785856 0.15675000622868537
v 0.07468743450939658 0.8731406242214144 0.15675000622868537
v -0.07468743450939652 0.8731406242214144 0.15675000622868537
v -0.07468743450939652 0.8143593757785856 -0.15675000622868537
v 0.07468743450939658 0.8143593757785856 -0.15675000622868537
v -0.07468743450939652 0.8731406242214144 -0.15675000622868537
v 0.07468743450939658 0.8731406242214144 -0.15675000622868537
vt 0.0625 0.625
vt 0.375 0.625
vt 0.0625 0.5625
vt 0.375 0.5625
vt 0.0625 0.625
vt 0.375 0.625
vt 0.0625 0.5625
vt 0.375 0.5625
vt 0.0625 0.875
vt 0.1875 0.875
vt 0.0625 0.5625
vt 0.1875 0.5625
vt 0.0625 0.875
vt 0.1875 0.875
vt 0.0625 0.5625
vt 0.1875 0.5625
vt 0.0625 0.625
vt 0.1875 0.625
vt 0.0625 0.5625
vt 0.1875 0.5625
vt 0.0625 0.625
vt 0.1875 0.625
vt 0.0625 0.5625
vt 0.1875 0.5625
vn -1 1.2246467991473535e-16 0
vn -1 1.2246467991473535e-16 0
vn -1 1.2246467991473535e-16 0
vn -1 1.2246467991473535e-16 0
vn 1 -1.2246467991473535e-16 0
vn 1 -1.2246467991473535e-16 0
vn 1 -1.2246467991473535e-16 0
vn 1 -1.2246467991473535e-16 0
vn -1.2246467991473535e-16 -1 0
vn -1.2246467991473535e-16 -1 0
vn -1.2246467991473535e-16 -1 0
vn -1.2246467991473535e-16 -1 0
vn 1.2246467991473535e-16 1 0
vn 1.2246467991473535e-16 1 0
vn 1.2246467991473535e-16 1 0
vn 1.2246467991473535e-16 1 0
vn 0 0 1
vn 0 0 1
vn 0 0 1
vn 0 0 1
vn 0 0 -1
vn 0 0 -1
vn 0 0 -1
vn 0 0 -1
f 1105/1105/1105 1107/1107/1107 1106/1106/1106
f 1107/1107/1107 1108/1108/1108 1106/1106/1106
f 1109/1109/1109 1111/1111/1111 1110/1110/1110
f 1111/1111/1111 1112/1112/1112 1110/1110/1110
f 1113/1113/1113 1115/1115/1115 1114/1114/1114
f 1115/1115/1115 1116/1116/1116 1114/1114/1114
f 1117/1117/1117 1119/1119/1119 1118/1118/1118
f 1119/1119/1119 1120/1120/1120 1118/1118/1118
f 1121/1121/1121 1123/1123/1123 1122/1122/1122
f 1123/1123/1123 1124/1124/1124 1122/1122/1122
f 1125/1125/1125 1127/1127/1127 1126/1126/1126
f 1127/1127/1127 1128/1128/1128 1126/1126/1126
o guard_34
usemtl bright_gold
v -0.18588730684167304 0.7741534043140263 0.15270000606775283
v -0.18588730684167304 0.7741534043140263 -0.15270000606775283
v -0.20358239201330877 0.8286132766356836 0.15270000606775283
v -0.20358239201330877 0.8286132766356836 -0.15270000606775283
v -0.04749391591633592 0.8191201428541287 -0.15270000606775283
v -0.04749391591633592 0.8191201428541287 0.15270000606775283
v -0.06518900108797165 0.873580015175786 -0.15270000606775283
v -0.06518900108797165 0.873580015175786 0.15270000606775283
v -0.04749391591633592 0.8191201428541287 -0.15270000606775283
v -0.18588730684167304 0.7741534043140263 -0.15270000606775283
v -0.04749391591633592 0.8191201428541287 0.15270000606775283
v -0.18588730684167304 0.7741534043140263 0.15270000606775283
v -0.06518900108797165 0.873580015175786 0.15270000606775283
v -0.20358239201330877 0.8286132766356836 0.15270000606775283
v -0.06518900108797165 0.873580015175786 -0.15270000606775283
v -0.20358239201330877 0.8286132766356836 -0.15270000606775283
v -0.04749391591633592 0.8191201428541287 0.15270000606775283
v -0.18588730684167304 0.7741534043140263 0.15270000606775283
v -0.06518900108797165 0.873580015175786 0.15270000606775283
v -0.20358239201330877 0.8286132766356836 0.15270000606775283
v -0.18588730684167304 0.7741534043140263 -0.15270000606775283
v -0.04749391591633592 0.8191201428541287 -0.15270000606775283
v -0.20358239201330877 0.8286132766356836 -0.15270000606775283
v -0.06518900108797165 0.873580015175786 -0.15270000606775283
vt 0.0625 0.625
vt 0.375 0.625
vt 0.0625 0.5625
vt 0.375 0.5625
vt 0.0625 0.625
vt 0.375 0.625
vt 0.0625 0.5625
vt 0.375 0.5625
vt 0.0625 0.875
vt 0.1875 0.875
vt 0.0625 0.5625
vt 0.1875 0.5625
vt 0.0625 0.875
vt 0.1875 0.875
vt 0.0625 0.5625
vt 0.1875 0.5625
vt 0.0625 0.625
vt 0.1875 0.625
vt 0.0625 0.5625
vt 0.1875 0.5625
vt 0.0625 0.625
vt 0.1875 0.625
vt 0.0625 0.5625
vt 0.1875 0.5625
vn -0.9510565162951536 -0.30901699437494734 0
vn -0.9510565162951536 -0.30901699437494734 0
vn -0.9510565162951536 -0.30901699437494734 0
vn -0.9510565162951536 -0.30901699437494734 0
vn 0.9510565162951536 0.30901699437494734 0
vn 0.9510565162951536 0.30901699437494734 0
vn 0.9510565162951536 0.30901699437494734 0
vn 0.9510565162951536 0.30901699437494734 0
vn 0.30901699437494734 -0.9510565162951536 0
vn 0.30901699437494734 -0.9510565162951536 0
vn 0.30901699437494734 -0.9510565162951536 0
vn 0.30901699437494734 -0.9510565162951536 0
vn -0.30901699437494734 0.9510565162951536 0
vn -0.30901699437494734 0.9510565162951536 0
vn -0.30901699437494734 0.9510565162951536 0
vn -0.30901699437494734 0.9510565162951536 0
vn 0 0 0.9999999999999999
vn 0 0 0.9999999999999999
vn 0 0 0.9999999999999999
vn 0 0 0.9999999999999999
vn 0 0 -0.9999999999999999
vn 0 0 -0.9999999999999999
vn 0 0 -0.9999999999999999
vn 0 0 -0.9999999999999999
f 1129/1129/1129 1131/1131/1131 1130/1130/1130
f 1131/1131/1131 1132/1132/1132 1130/1130/1130
f 1133/1133/1133 1135/1135/1135 1134/1134/1134
f 1135/1135/1135 1136/1136/1136 1134/1134/1134
f 1137/1137/1137 1139/1139/1139 1138/1138/1138
f 1139/1139/1139 1140/1140/1140 1138/1138/1138
f 1141/1141/1141 1143/1143/1143 1142/1142/1142
f 1143/1143/1143 1144/1144/1144 1142/1142/1142
f 1145/1145/1145 1147/1147/1147 1146/1146/1146
f 1147/1147/1147 1148/1148/1148 1146/1146/1146
f 1149/1149/1149 1151/1151/1151 1150/1150/1150
f 1151/1151/1151 1152/1152/1152 1150/1150/1150
o guard_35
usemtl bright_gold
v -0.28212159196177156 0.6981940319424091 0.15742500625550748
v -0.28212159196177156 0.6981940319424091 -0.15742500625550748
v -0.3168211260458512 0.7459538433045098 0.15742500625550748
v -0.3168211260458512 0.7459538433045098 -0.15742500625550748
v -0.1607543914417831 0.786372464625135 -0.15742500625550748
v -0.1607543914417831 0.786372464625135 0.15742500625550748
v -0.1954539255258628 0.8341322759872356 -0.15742500625550748
v -0.1954539255258628 0.8341322759872356 0.15742500625550748
v -0.1607543914417831 0.786372464625135 -0.15742500625550748
v -0.28212159196177156 0.6981940319424091 -0.15742500625550748
v -0.1607543914417831 0.786372464625135 0.15742500625550748
v -0.28212159196177156 0.6981940319424091 0.15742500625550748
v -0.1954539255258628 0.8341322759872356 0.15742500625550748
v -0.3168211260458512 0.7459538433045098 0.15742500625550748
v -0.1954539255258628 0.8341322759872356 -0.15742500625550748
v -0.3168211260458512 0.7459538433045098 -0.15742500625550748
v -0.1607543914417831 0.786372464625135 0.15742500625550748
v -0.28212159196177156 0.6981940319424091 0.15742500625550748
v -0.1954539255258628 0.8341322759872356 0.15742500625550748
v -0.3168211260458512 0.7459538433045098 0.15742500625550748
v -0.28212159196177156 0.6981940319424091 -0.15742500625550748
v -0.1607543914417831 0.786372464625135 -0.15742500625550748
v -0.3168211260458512 0.7459538433045098 -0.15742500625550748
v -0.1954539255258628 0.8341322759872356 -0.15742500625550748
vt 0.0625 0.625
vt 0.375 0.625
vt 0.0625 0.5625
vt 0.375 0.5625
vt 0.0625 0.625
vt 0.375 0.625
vt 0.0625 0.5625
vt 0.375 0.5625
vt 0.0625 0.875
vt 0.1875 0.875
vt 0.0625 0.5625
vt 0.1875 0.5625
vt 0.0625 0.875
vt 0.1875 0.875
vt 0.0625 0.5625
vt 0.1875 0.5625
vt 0.0625 0.625
vt 0.1875 0.625
vt 0.0625 0.5625
vt 0.1875 0.5625
vt 0.0625 0.625
vt 0.1875 0.625
vt 0.0625 0.5625
vt 0.1875 0.5625
vn -0.8090169943749476 -0.587785252292473 0
vn -0.8090169943749476 -0.587785252292473 0
vn -0.8090169943749476 -0.587785252292473 0
vn -0.8090169943749476 -0.587785252292473 0
vn 0.8090169943749476 0.587785252292473 0
vn 0.8090169943749476 0.587785252292473 0
vn 0.8090169943749476 0.587785252292473 0
vn 0.8090169943749476 0.587785252292473 0
vn 0.587785252292473 -0.8090169943749476 0
vn 0.587785252292473 -0.8090169943749476 0
vn 0.587785252292473 -0.8090169943749476 0
vn 0.587785252292473 -0.8090169943749476 0
vn -0.587785252292473 0.8090169943749476 0
vn -0.587785252292473 0.8090169943749476 0
vn -0.587785252292473 0.8090169943749476 0
vn -0.587785252292473 0.8090169943749476 0
vn 0 0 1
vn 0 0 1
vn 0 0 1
vn 0 0 1
vn 0 0 -1
vn 0 0 -1
vn 0 0 -1
vn 0 0 -1
f 1153/1153/1153 1155/1155/1155 1154/1154/1154
f 1155/1155/1155 1156/1156/1156 1154/1154/1154
f 1157/1157/1157 1159/1159/1159 1158/1158/1158
f 1159/1159/1159 1160/1160/1160 1158/1158/1158
f 1161/1161/1161 1163/1163/1163 1162/1162/1162
f 1163/1163/1163 1164/1164/1164 1162/1162/1162
f 1165/1165/1165 1167/1167/1167 1166/1166/1166
f 1167/1167/1167 1168/1168/1168 1166/1166/1166
f 1169/1169/1169 1171/1171/1171 1170/1170/1170
f 1171/1171/1171 1172/1172/1172 1170/1170/1170
f 1173/1173/1173 1175/1175/1175 1174/1174/1174
f 1175/1175/1175 1176/1176/1176 1174/1174/1174
o guard_36
usemtl bright_gold
v -0.3483525490578855 0.6002619197096773 0.1533750060945749
v -0.3483525490578855 0.6002619197096773 -0.1533750060945749
v -0.3948836658923284 0.6340687549654863 0.1533750060945749
v -0.3948836658923284 0.6340687549654863 -0.1533750060945749
v -0.2624426420373164 0.7185067625221481 -0.1533750060945749
v -0.2624426420373164 0.7185067625221481 0.1533750060945749
v -0.30897375887175926 0.752313597777957 -0.1533750060945749
v -0.30897375887175926 0.752313597777957 0.1533750060945749
v -0.2624426420373164 0.7185067625221481 -0.1533750060945749
v -0.3483525490578855 0.6002619197096773 -0.1533750060945749
v -0.2624426420373164 0.7185067625221481 0.1533750060945749
v -0.3483525490578855 0.6002619197096773 0.1533750060945749
v -0.30897375887175926 0.752313597777957 0.1533750060945749
v -0.3948836658923284 0.6340687549654863 0.1533750060945749
v -0.30897375887175926 0.752313597777957 -0.1533750060945749
v -0.3948836658923284 0.6340687549654863 -0.1533750060945749
v -0.2624426420373164 0.7185067625221481 0.1533750060945749
v -0.3483525490578855 0.6002619197096773 0.1533750060945749
v -0.30897375887175926 0.752313597777957 0.1533750060945749
v -0.3948836658923284 0.6340687549654863 0.1533750060945749
v -0.3483525490578855 0.6002619197096773 -0.1533750060945749
v -0.2624426420373164 0.7185067625221481 -0.1533750060945749
v -0.3948836658923284 0.6340687549654863 -0.1533750060945749
v -0.30897375887175926 0.752313597777957 -0.1533750060945749
vt 0.0625 0.625
vt 0.375 0.625
vt 0.0625 0.5625
vt 0.375 0.5625
vt 0.0625 0.625
vt 0.375 0.625
vt 0.0625 0.5625
vt 0.375 0.5625
vt 0.0625 0.875
vt 0.1875 0.875
vt 0.0625 0.5625
vt 0.1875 0.5625
vt 0.0625 0.875
vt 0.1875 0.875
vt 0.0625 0.5625
vt 0.1875 0.5625
vt 0.0625 0.625
vt 0.1875 0.625
vt 0.0625 0.5625
vt 0.1875 0.5625
vt 0.0625 0.625
vt 0.1875 0.625
vt 0.0625 0.5625
vt 0.1875 0.5625
vn -0.5877852522924735 -0.8090169943749473 0
vn -0.5877852522924735 -0.8090169943749473 0
vn -0.5877852522924735 -0.8090169943749473 0
vn -0.5877852522924735 -0.8090169943749473 0
vn 0.5877852522924735 0.8090169943749473 0
vn 0.5877852522924735 0.8090169943749473 0
vn 0.5877852522924735 0.8090169943749473 0
vn 0.5877852522924735 0.8090169943749473 0
vn 0.8090169943749473 -0.5877852522924735 0
vn 0.8090169943749473 -0.5877852522924735 0
vn 0.8090169943749473 -0.5877852522924735 0
vn 0.8090169943749473 -0.5877852522924735 0
vn -0.8090169943749473 0.5877852522924735 0
vn -0.8090169943749473 0.5877852522924735 0
vn -0.8090169943749473 0.5877852522924735 0
vn -0.8090169943749473 0.5877852522924735 0
vn 0 0 1
vn 0 0 1
vn 0 0 1
vn 0 0 1
vn 0 0 -1
vn 0 0 -1
vn 0 0 -1
vn 0 0 -1
f 1177/1177/1177 1179/1179/1179 1178/1178/1178
f 1179/1179/1179 1180/1180/1180 1178/1178/1178
f 1181/1181/1181 1183/1183/1183 1182/1182/1182
f 1183/1183/1183 1184/1184/1184 1182/1182/1182
f 1185/1185/1185 1187/1187/1187 1186/1186/1186
f 1187/1187/1187 1188/1188/1188 1186/1186/1186
f 1189/1189/1189 1191/1191/1191 1190/1190/1190
f 1191/1191/1191 1192/1192/1192 1190/1190/1190
f 1193/1193/1193 1195/1195/1195 1194/1194/1194
f 1195/1195/1195 1196/1196/1196 1194/1194/1194
f 1197/1197/1197 1199/1199/1199 1198/1198/1198
f 1199/1199/1199 1200/1200/1200 1198/1198/1198
o guard_37
usemtl bright_gold
v -0.3814522878363802 0.4822340018006724 0.15810000628232956
v -0.3814522878363802 0.4822340018006724 -0.15810000628232956
v -0.4378380495525165 0.5005548463693404 0.15810000628232956
v -0.4378380495525165 0.5005548463693404 -0.15810000628232956
v -0.33489536993729574 0.6255214615603043 -0.15810000628232956
v -0.33489536993729574 0.6255214615603043 0.15810000628232956
v -0.39128113165343203 0.6438423061289724 -0.15810000628232956
v -0.39128113165343203 0.6438423061289724 0.15810000628232956
v -0.33489536993729574 0.6255214615603043 -0.15810000628232956
v -0.3814522878363802 0.4822340018006724 -0.15810000628232956
v -0.33489536993729574 0.6255214615603043 0.15810000628232956
v -0.3814522878363802 0.4822340018006724 0.15810000628232956
v -0.39128113165343203 0.6438423061289724 0.15810000628232956
v -0.4378380495525165 0.5005548463693404 0.15810000628232956
v -0.39128113165343203 0.6438423061289724 -0.15810000628232956
v -0.4378380495525165 0.5005548463693404 -0.15810000628232956
v -0.33489536993729574 0.6255214615603043 0.15810000628232956
v -0.3814522878363802 0.4822340018006724 0.15810000628232956
v -0.39128113165343203 0.6438423061289724 0.15810000628232956
v -0.4378380495525165 0.5005548463693404 0.15810000628232956
v -0.3814522878363802 0.4822340018006724 -0.15810000628232956
v -0.33489536993729574 0.6255214615603043 -0.15810000628232956
v -0.4378380495525165 0.5005548463693404 -0.15810000628232956
v -0.39128113165343203 0.6438423061289724 -0.15810000628232956
vt 0.0625 0.625
vt 0.375 0.625
vt 0.0625 0.5625
vt 0.375 0.5625
vt 0.0625 0.625
vt 0.375 0.625
vt 0.0625 0.5625
vt 0.375 0.5625
vt 0.0625 0.875
vt 0.1875 0.875
vt 0.0625 0.5625
vt 0.1875 0.5625
vt 0.0625 0.875
vt 0.1875 0.875
vt 0.0625 0.5625
vt 0.1875 0.5625
vt 0.0625 0.625
vt 0.1875 0.625
vt 0.0625 0.5625
vt 0.1875 0.5625
vt 0.0625 0.625
vt 0.1875 0.625
vt 0.0625 0.5625
vt 0.1875 0.5625
vn -0.3090169943749475 -0.9510565162951535 0
vn -0.3090169943749475 -0.9510565162951535 0
vn -0.3090169943749475 -0.9510565162951535 0
vn -0.3090169943749475 -0.9510565162951535 0
vn 0.3090169943749475 0.9510565162951535 0
vn 0.3090169943749475 0.9510565162951535 0
vn 0.3090169943749475 0.9510565162951535 0
vn 0.3090169943749475 0.9510565162951535 0
vn 0.9510565162951535 -0.3090169943749475 0
vn 0.9510565162951535 -0.3090169943749475 0
vn 0.9510565162951535 -0.3090169943749475 0
vn 0.9510565162951535 -0.3090169943749475 0
vn -0.9510565162951535 0.3090169943749475 0
vn -0.9510565162951535 0.3090169943749475 0
vn -0.9510565162951535 0.3090169943749475 0
vn -0.9510565162951535 0.3090169943749475 0
vn 0 0 1
vn 0 0 1
vn 0 0 1
vn 0 0 1
vn 0 0 -1
vn 0 0 -1
vn 0 0 -1
vn 0 0 -1
f 1201/1201/1201 1203/1203/1203 1202/1202/1202
f 1203/1203/1203 1204/1204/1204 1202/1202/1202
f 1205/1205/1205 1207/1207/1207 1206/1206/1206
f 1207/1207/1207 1208/1208/1208 1206/1206/1206
f 1209/1209/1209 1211/1211/1211 1210/1210/1210
f 1211/1211/1211 1212/1212/1212 1210/1210/1210
f 1213/1213/1213 1215/1215/1215 1214/1214/1214
f 1215/1215/1215 1216/1216/1216 1214/1214/1214
f 1217/1217/1217 1219/1219/1219 1218/1218/1218
f 1219/1219/1219 1220/1220/1220 1218/1218/1218
f 1221/1221/1221 1223/1223/1223 1222/1222/1222
f 1223/1223/1223 1224/1224/1224 1222/1222/1222
o guard_38
usemtl bright_gold
v -0.37736562576517463 0.3640990476161242 0.154050006121397
v -0.37736562576517463 0.3640990476161242 -0.154050006121397
v -0.43513437423482537 0.3640990476161242 0.154050006121397
v -0.43513437423482537 0.3640990476161242 -0.154050006121397
v -0.37736562576517463 0.5109009523838759 -0.154050006121397
v -0.37736562576517463 0.5109009523838759 0.154050006121397
v -0.43513437423482537 0.5109009523838759 -0.154050006121397
v -0.43513437423482537 0.5109009523838759 0.154050006121397
v -0.37736562576517463 0.5109009523838759 -0.154050006121397
v -0.37736562576517463 0.3640990476161242 -0.154050006121397
v -0.37736562576517463 0.5109009523838759 0.154050006121397
v -0.37736562576517463 0.3640990476161242 0.154050006121397
v -0.43513437423482537 0.5109009523838759 0.154050006121397
v -0.43513437423482537 0.3640990476161242 0.154050006121397
v -0.43513437423482537 0.5109009523838759 -0.154050006121397
v -0.43513437423482537 0.3640990476161242 -0.154050006121397
v -0.37736562576517463 0.5109009523838759 0.154050006121397
v -0.37736562576517463 0.3640990476161242 0.154050006121397
v -0.43513437423482537 0.5109009523838759 0.154050006121397
v -0.43513437423482537 0.3640990476161242 0.154050006121397
v -0.37736562576517463 0.3640990476161242 -0.154050006121397
v -0.37736562576517463 0.5109009523838759 -0.154050006121397
v -0.43513437423482537 0.3640990476161242 -0.154050006121397
v -0.43513437423482537 0.5109009523838759 -0.154050006121397
vt 0.0625 0.625
vt 0.375 0.625
vt 0.0625 0.5625
vt 0.375 0.5625
vt 0.0625 0.625
vt 0.375 0.625
vt 0.0625 0.5625
vt 0.375 0.5625
vt 0.0625 0.875
vt 0.1875 0.875
vt 0.0625 0.5625
vt 0.1875 0.5625
vt 0.0625 0.875
vt 0.1875 0.875
vt 0.0625 0.5625
vt 0.1875 0.5625
vt 0.0625 0.625
vt 0.1875 0.625
vt 0.0625 0.5625
vt 0.1875 0.5625
vt 0.0625 0.625
vt 0.1875 0.625
vt 0.0625 0.5625
vt 0.1875 0.5625
vn -2.220446049250313e-16 -1 0
vn -2.220446049250313e-16 -1 0
vn -2.220446049250313e-16 -1 0
vn -2.220446049250313e-16 -1 0
vn 2.220446049250313e-16 1 0
vn 2.220446049250313e-16 1 0
vn 2.220446049250313e-16 1 0
vn 2.220446049250313e-16 1 0
vn 1 -2.220446049250313e-16 0
vn 1 -2.220446049250313e-16 0
vn 1 -2.220446049250313e-16 0
vn 1 -2.220446049250313e-16 0
vn -1 2.220446049250313e-16 0
vn -1 2.220446049250313e-16 0
vn -1 2.220446049250313e-16 0
vn -1 2.220446049250313e-16 0
vn 0 0 1
vn 0 0 1
vn 0 0 1
vn 0 0 1
vn 0 0 -1
vn 0 0 -1
vn 0 0 -1
vn 0 0 -1
f 1225/1225/1225 1227/1227/1227 1226/1226/1226
f 1227/1227/1227 1228/1228/1228 1226/1226/1226
f 1229/1229/1229 1231/1231/1231 1230/1230/1230
f 1231/1231/1231 1232/1232/1232 1230/1230/1230
f 1233/1233/1233 1235/1235/1235 1234/1234/1234
f 1235/1235/1235 1236/1236/1236 1234/1234/1234
f 1237/1237/1237 1239/1239/1239 1238/1238/1238
f 1239/1239/1239 1240/1240/1240 1238/1238/1238
f 1241/1241/1241 1243/1243/1243 1242/1242/1242
f 1243/1243/1243 1244/1244/1244 1242/1242/1242
f 1245/1245/1245 1247/1247/1247 1246/1246/1246
f 1247/1247/1247 1248/1248/1248 1246/1246/1246
o guard_39
usemtl bright_gold
v -0.3375324215023916 0.25267977051764257 0.15000000596046448
v -0.3375324215023916 0.25267977051764257 -0.15000000596046448
v -0.39102934912680937 0.23529756504452298 0.15000000596046448
v -0.39102934912680937 0.23529756504452298 -0.15000000596046448
v -0.38170407036300297 0.38862612702583227 -0.15000000596046448
v -0.38170407036300297 0.38862612702583227 0.15000000596046448
v -0.43520099798742073 0.3712439215527127 -0.15000000596046448
v -0.43520099798742073 0.3712439215527127 0.15000000596046448
v -0.38170407036300297 0.38862612702583227 -0.15000000596046448
v -0.3375324215023916 0.25267977051764257 -0.15000000596046448
v -0.38170407036300297 0.38862612702583227 0.15000000596046448
v -0.3375324215023916 0.25267977051764257 0.15000000596046448
v -0.43520099798742073 0.3712439215527127 0.15000000596046448
v -0.39102934912680937 0.23529756504452298 0.15000000596046448
v -0.43520099798742073 0.3712439215527127 -0.15000000596046448
v -0.39102934912680937 0.23529756504452298 -0.15000000596046448
v -0.38170407036300297 0.38862612702583227 0.15000000596046448
v -0.3375324215023916 0.25267977051764257 0.15000000596046448
v -0.43520099798742073 0.3712439215527127 0.15000000596046448
v -0.39102934912680937 0.23529756504452298 0.15000000596046448
v -0.3375324215023916 0.25267977051764257 -0.15000000596046448
v -0.38170407036300297 0.38862612702583227 -0.15000000596046448
v -0.39102934912680937 0.23529756504452298 -0.15000000596046448
v -0.43520099798742073 0.3712439215527127 -0.15000000596046448
vt 0.0625 0.625
vt 0.375 0.625
vt 0.0625 0.5625
vt 0.375 0.5625
vt 0.0625 0.625
vt 0.375 0.625
vt 0.0625 0.5625
vt 0.375 0.5625
vt 0.0625 0.875
vt 0.1875 0.875
vt 0.0625 0.5625
vt 0.1875 0.5625
vt 0.0625 0.875
vt 0.1875 0.875
vt 0.0625 0.5625
vt 0.1875 0.5625
vt 0.0625 0.625
vt 0.1875 0.625
vt 0.0625 0.5625
vt 0.1875 0.5625
vt 0.0625 0.625
vt 0.1875 0.625
vt 0.0625 0.5625
vt 0.1875 0.5625
vn 0.3090169943749471 -0.9510565162951536 0
vn 0.3090169943749471 -0.9510565162951536 0
vn 0.3090169943749471 -0.9510565162951536 0
vn 0.3090169943749471 -0.9510565162951536 0
vn -0.3090169943749471 0.9510565162951536 0
vn -0.3090169943749471 0.9510565162951536 0
vn -0.3090169943749471 0.9510565162951536 0
vn -0.3090169943749471 0.9510565162951536 0
vn 0.9510565162951536 0.3090169943749471 0
vn 0.9510565162951536 0.3090169943749471 0
vn 0.9510565162951536 0.3090169943749471 0
vn 0.9510565162951536 0.3090169943749471 0
vn -0.9510565162951536 -0.3090169943749471 0
vn -0.9510565162951536 -0.3090169943749471 0
vn -0.9510565162951536 -0.3090169943749471 0
vn -0.9510565162951536 -0.3090169943749471 0
vn 0 0 1
vn 0 0 1
vn 0 0 1
vn 0 0 1
vn 0 0 -1
vn 0 0 -1
vn 0 0 -1
vn 0 0 -1
f 1249/1249/1249 1251/1251/1251 1250/1250/1250
f 1251/1251/1251 1252/1252/1252 1250/1250/1250
f 1253/1253/1253 1255/1255/1255 1254/1254/1254
f 1255/1255/1255 1256/1256/1256 1254/1254/1254
f 1257/1257/1257 1259/1259/1259 1258/1258/1258
f 1259/1259/1259 1260/1260/1260 1258/1258/1258
f 1261/1261/1261 1263/1263/1263 1262/1262/1262
f 1263/1263/1263 1264/1264/1264 1262/1262/1262
f 1265/1265/1265 1267/1267/1267 1266/1266/1266
f 1267/1267/1267 1268/1268/1268 1266/1266/1266
f 1269/1269/1269 1271/1271/1271 1270/1270/1270
f 1271/1271/1271 1272/1272/1272 1270/1270/1270
o guard_40
usemtl bright_gold
v -0.26185977200568067 0.1561216276646441 0.15472500614821913
v -0.26185977200568067 0.1561216276646441 -0.15472500614821913
v -0.30880045368267617 0.12201722613274489 0.15472500614821913
v -0.30880045368267617 0.12201722613274489 -0.15472500614821913
v -0.3485258542469687 0.27540725637962077 -0.15472500614821913
v -0.3485258542469687 0.27540725637962077 0.15472500614821913
v -0.3954665359239642 0.24130285484772157 -0.15472500614821913
v -0.3954665359239642 0.24130285484772157 0.15472500614821913
v -0.3485258542469687 0.27540725637962077 -0.15472500614821913
v -0.26185977200568067 0.1561216276646441 -0.15472500614821913
v -0.3485258542469687 0.27540725637962077 0.15472500614821913
v -0.26185977200568067 0.1561216276646441 0.15472500614821913
v -0.3954665359239642 0.24130285484772157 0.15472500614821913
v -0.30880045368267617 0.12201722613274489 0.15472500614821913
v -0.3954665359239642 0.24130285484772157 -0.15472500614821913
v -0.30880045368267617 0.12201722613274489 -0.15472500614821913
v -0.3485258542469687 0.27540725637962077 0.15472500614821913
v -0.26185977200568067 0.1561216276646441 0.15472500614821913
v -0.3954665359239642 0.24130285484772157 0.15472500614821913
v -0.30880045368267617 0.12201722613274489 0.15472500614821913
v -0.26185977200568067 0.1561216276646441 -0.15472500614821913
v -0.3485258542469687 0.27540725637962077 -0.15472500614821913
v -0.30880045368267617 0.12201722613274489 -0.15472500614821913
v -0.3954665359239642 0.24130285484772157 -0.15472500614821913
vt 0.0625 0.625
vt 0.375 0.625
vt 0.0625 0.5625
vt 0.375 0.5625
vt 0.0625 0.625
vt 0.375 0.625
vt 0.0625 0.5625
vt 0.375 0.5625
vt 0.0625 0.875
vt 0.1875 0.875
vt 0.0625 0.5625
vt 0.1875 0.5625
vt 0.0625 0.875
vt 0.1875 0.875
vt 0.0625 0.5625
vt 0.1875 0.5625
vt 0.0625 0.625
vt 0.1875 0.625
vt 0.0625 0.5625
vt 0.1875 0.5625
vt 0.0625 0.625
vt 0.1875 0.625
vt 0.0625 0.5625
vt 0.1875 0.5625
vn 0.587785252292473 -0.8090169943749476 0
vn 0.587785252292473 -0.8090169943749476 0
vn 0.587785252292473 -0.8090169943749476 0
vn 0.587785252292473 -0.8090169943749476 0
vn -0.587785252292473 0.8090169943749476 0
vn -0.587785252292473 0.8090169943749476 0
vn -0.587785252292473 0.8090169943749476 0
vn -0.587785252292473 0.8090169943749476 0
vn 0.8090169943749476 0.587785252292473 0
vn 0.8090169943749476 0.587785252292473 0
vn 0.8090169943749476 0.587785252292473 0
vn 0.8090169943749476 0.587785252292473 0
vn -0.8090169943749476 -0.587785252292473 0
vn -0.8090169943749476 -0.587785252292473 0
vn -0.8090169943749476 -0.587785252292473 0
vn -0.8090169943749476 -0.587785252292473 0
vn 0 0 1
vn 0 0 1
vn 0 0 1
vn 0 0 1
vn 0 0 -1
vn 0 0 -1
vn 0 0 -1
vn 0 0 -1
f 1273/1273/1273 1275/1275/1275 1274/1274/1274
f 1275/1275/1275 1276/1276/1276 1274/1274/1274
f 1277/1277/1277 1279/1279/1279 1278/1278/1278
f 1279/1279/1279 1280/1280/1280 1278/1278/1278
f 1281/1281/1281 1283/1283/1283 1282/1282/1282
f 1283/1283/1283 1284/1284/1284 1282/1282/1282
f 1285/1285/1285 1287/1287/1287 1286/1286/1286
f 1287/1287/1287 1288/1288/1288 1286/1286/1286
f 1289/1289/1289 1291/1291/1291 1290/1290/1290
f 1291/1291/1291 1292/1292/1292 1290/1290/1290
f 1293/1293/1293 1295/1295/1295 1294/1294/1294
f 1295/1295/1295 1296/1296/1296 1294/1294/1294
o guard_41
usemtl bright_gold
v -0.16410027188827347 0.08949406132028093 0.15067500598728656
v -0.16410027188827347 0.08949406132028093 -0.15067500598728656
v -0.19731197459190195 0.04378207417094314 0.15067500598728656
v -0.19731197459190195 0.04378207417094314 -0.15067500598728656
v -0.2802635428957325 0.1738916178994121 -0.15067500598728656
v -0.2802635428957325 0.1738916178994121 0.15067500598728656
v -0.313475245599361 0.12817963075007432 -0.15067500598728656
v -0.313475245599361 0.12817963075007432 0.15067500598728656
v -0.2802635428957325 0.1738916178994121 -0.15067500598728656
v -0.16410027188827347 0.08949406132028093 -0.15067500598728656
v -0.2802635428957325 0.1738916178994121 0.15067500598728656
v -0.16410027188827347 0.08949406132028093 0.15067500598728656
v -0.313475245599361 0.12817963075007432 0.15067500598728656
v -0.19731197459190195 0.04378207417094314 0.15067500598728656
v -0.313475245599361 0.12817963075007432 -0.15067500598728656
v -0.19731197459190195 0.04378207417094314 -0.15067500598728656
v -0.2802635428957325 0.1738916178994121 0.15067500598728656
v -0.16410027188827347 0.08949406132028093 0.15067500598728656
v -0.313475245599361 0.12817963075007432 0.15067500598728656
v -0.19731197459190195 0.04378207417094314 0.15067500598728656
v -0.16410027188827347 0.08949406132028093 -0.15067500598728656
v -0.2802635428957325 0.1738916178994121 -0.15067500598728656
v -0.19731197459190195 0.04378207417094314 -0.15067500598728656
v -0.313475245599361 0.12817963075007432 -0.15067500598728656
vt 0.0625 0.625
vt 0.375 0.625
vt 0.0625 0.5625
vt 0.375 0.5625
vt 0.0625 0.625
vt 0.375 0.625
vt 0.0625 0.5625
vt 0.375 0.5625
vt 0.0625 0.875
vt 0.1875 0.875
vt 0.0625 0.5625
vt 0.1875 0.5625
vt 0.0625 0.875
vt 0.1875 0.875
vt 0.0625 0.5625
vt 0.1875 0.5625
vt 0.0625 0.625
vt 0.1875 0.625
vt 0.0625 0.5625
vt 0.1875 0.5625
vt 0.0625 0.625
vt 0.1875 0.625
vt 0.0625 0.5625
vt 0.1875 0.5625
vn 0.8090169943749473 -0.5877852522924732 0
vn 0.8090169943749473 -0.5877852522924732 0
vn 0.8090169943749473 -0.5877852522924732 0
vn 0.8090169943749473 -0.5877852522924732 0
vn -0.8090169943749473 0.5877852522924732 0
vn -0.8090169943749473 0.5877852522924732 0
vn -0.8090169943749473 0.5877852522924732 0
vn -0.8090169943749473 0.5877852522924732 0
vn 0.5877852522924732 0.8090169943749473 0
vn 0.5877852522924732 0.8090169943749473 0
vn 0.5877852522924732 0.8090169943749473 0
vn 0.5877852522924732 0.8090169943749473 0
vn -0.5877852522924732 -0.8090169943749473 0
vn -0.5877852522924732 -0.8090169943749473 0
vn -0.5877852522924732 -0.8090169943749473 0
vn -0.5877852522924732 -0.8090169943749473 0
vn 0 0 1
vn 0 0 1
vn 0 0 1
vn 0 0 1
vn 0 0 -1
vn 0 0 -1
vn 0 0 -1
vn 0 0 -1
f 1297/1297/1297 1299/1299/1299 1298/1298/1298
f 1299/1299/1299 1300/1300/1300 1298/1298/1298
f 1301/1301/1301 1303/1303/1303 1302/1302/1302
f 1303/1303/1303 1304/1304/1304 1302/1302/1302
f 1305/1305/1305 1307/1307/1307 1306/1306/1306
f 1307/1307/1307 1308/1308/1308 1306/1306/1306
f 1309/1309/1309 1311/1311/1311 1310/1310/1310
f 1311/1311/1311 1312/1312/1312 1310/1310/1310
f 1313/1313/1313 1315/1315/1315 1314/1314/1314
f 1315/1315/1315 1316/1316/1316 1314/1314/1314
f 1317/1317/1317 1319/1319/1319 1318/1318/1318
f 1319/1319/1319 1320/1320/1320 1318/1318/1318
o guard_42
usemtl bright_gold
v -0.046113958858504236 0.055963784654745566 0.1554000061750412
v -0.046113958858504236 0.055963784654745566 -0.1554000061750412
v -0.06412192372865615 0.0005409676358487867 0.1554000061750412
v -0.06412192372865615 0.0005409676358487867 -0.1554000061750412
v -0.18695438420098875 0.10172561287433898 -0.1554000061750412
v -0.18695438420098875 0.10172561287433898 0.1554000061750412
v -0.2049623490711407 0.04630279585544221 -0.1554000061750412
v -0.2049623490711407 0.04630279585544221 0.1554000061750412
v -0.18695438420098875 0.10172561287433898 -0.1554000061750412
v -0.046113958858504236 0.055963784654745566 -0.1554000061750412
v -0.18695438420098875 0.10172561287433898 0.1554000061750412
v -0.046113958858504236 0.055963784654745566 0.1554000061750412
v -0.2049623490711407 0.04630279585544221 0.1554000061750412
v -0.06412192372865615 0.0005409676358487867 0.1554000061750412
v -0.2049623490711407 0.04630279585544221 -0.1554000061750412
v -0.06412192372865615 0.0005409676358487867 -0.1554000061750412
v -0.18695438420098875 0.10172561287433898 0.1554000061750412
v -0.046113958858504236 0.055963784654745566 0.1554000061750412
v -0.2049623490711407 0.04630279585544221 0.1554000061750412
v -0.06412192372865615 0.0005409676358487867 0.1554000061750412
v -0.046113958858504236 0.055963784654745566 -0.1554000061750412
v -0.18695438420098875 0.10172561287433898 -0.1554000061750412
v -0.06412192372865615 0.0005409676358487867 -0.1554000061750412
v -0.2049623490711407 0.04630279585544221 -0.1554000061750412
vt 0.0625 0.625
vt 0.375 0.625
vt 0.0625 0.5625
vt 0.375 0.5625
vt 0.0625 0.625
vt 0.375 0.625
vt 0.0625 0.5625
vt 0.375 0.5625
vt 0.0625 0.875
vt 0.1875 0.875
vt 0.0625 0.5625
vt 0.1875 0.5625
vt 0.0625 0.875
vt 0.1875 0.875
vt 0.0625 0.5625
vt 0.1875 0.5625
vt 0.0625 0.625
vt 0.1875 0.625
vt 0.0625 0.5625
vt 0.1875 0.5625
vt 0.0625 0.625
vt 0.1875 0.625
vt 0.0625 0.5625
vt 0.1875 0.5625
vn 0.9510565162951536 -0.3090169943749476 0
vn 0.9510565162951536 -0.3090169943749476 0
vn 0.9510565162951536 -0.3090169943749476 0
vn 0.9510565162951536 -0.3090169943749476 0
vn -0.9510565162951536 0.3090169943749476 0
vn -0.9510565162951536 0.3090169943749476 0
vn -0.9510565162951536 0.3090169943749476 0
vn -0.9510565162951536 0.3090169943749476 0
vn 0.3090169943749476 0.9510565162951536 0
vn 0.3090169943749476 0.9510565162951536 0
vn 0.3090169943749476 0.9510565162951536 0
vn 0.3090169943749476 0.9510565162951536 0
vn -0.3090169943749476 -0.9510565162951536 0
vn -0.3090169943749476 -0.9510565162951536 0
vn -0.3090169943749476 -0.9510565162951536 0
vn -0.3090169943749476 -0.9510565162951536 0
vn 0 0 1
vn 0 0 1
vn 0 0 1
vn 0 0 1
vn 0 0 -1
vn 0 0 -1
vn 0 0 -1
vn 0 0 -1
f 1321/1321/1321 1323/1323/1323 1322/1322/1322
f 1323/1323/1323 1324/1324/1324 1322/1322/1322
f 1325/1325/1325 1327/1327/1327 1326/1326/1326
f 1327/1327/1327 1328/1328/1328 1326/1326/1326
f 1329/1329/1329 1331/1331/1331 1330/1330/1330
f 1331/1331/1331 1332/1332/1332 1330/1330/1330
f 1333/1333/1333 1335/1335/1335 1334/1334/1334
f 1335/1335/1335 1336/1336/1336 1334/1334/1334
f 1337/1337/1337 1339/1339/1339 1338/1338/1338
f 1339/1339/1339 1340/1340/1340 1338/1338/1338
f 1341/1341/1341 1343/1343/1343 1342/1342/1342
f 1343/1343/1343 1344/1344/1344 1342/1342/1342
o guard_43
usemtl bright_gold
v 0.07211447025835507 0.059628124248236394 0.15135000601410864
v 0.07211447025835507 0.059628124248236394 -0.15135000601410864
v 0.07211447025835505 0.0028718757517635675 0.15135000601410864
v 0.07211447025835505 0.0028718757517635675 -0.15135000601410864
v -0.07211447025835518 0.059628124248236436 -0.15135000601410864
v -0.07211447025835518 0.059628124248236436 0.15135000601410864
v -0.07211447025835521 0.002871875751763602 -0.15135000601410864
v -0.07211447025835521 0.002871875751763602 0.15135000601410864
v -0.07211447025835518 0.059628124248236436 -0.15135000601410864
v 0.07211447025835507 0.059628124248236394 -0.15135000601410864
v -0.07211447025835518 0.059628124248236436 0.15135000601410864
v 0.07211447025835507 0.059628124248236394 0.15135000601410864
v -0.07211447025835521 0.002871875751763602 0.15135000601410864
v 0.07211447025835505 0.0028718757517635675 0.15135000601410864
v -0.07211447025835521 0.002871875751763602 -0.15135000601410864
v 0.07211447025835505 0.0028718757517635675 -0.15135000601410864
v -0.07211447025835518 0.059628124248236436 0.15135000601410864
v 0.07211447025835507 0.059628124248236394 0.15135000601410864
v -0.07211447025835521 0.002871875751763602 0.15135000601410864
v 0.07211447025835505 0.0028718757517635675 0.15135000601410864
v 0.07211447025835507 0.059628124248236394 -0.15135000601410864
v -0.07211447025835518 0.059628124248236436 -0.15135000601410864
v 0.07211447025835505 0.0028718757517635675 -0.15135000601410864
v -0.07211447025835521 0.002871875751763602 -0.15135000601410864
vt 0.0625 0.625
vt 0.375 0.625
vt 0.0625 0.5625
vt 0.375 0.5625
vt 0.0625 0.625
vt 0.375 0.625
vt 0.0625 0.5625
vt 0.375 0.5625
vt 0.0625 0.875
vt 0.1875 0.875
vt 0.0625 0.5625
vt 0.1875 0.5625
vt 0.0625 0.875
vt 0.1875 0.875
vt 0.0625 0.5625
vt 0.1875 0.5625
vt 0.0625 0.625
vt 0.1875 0.625
vt 0.0625 0.5625
vt 0.1875 0.5625
vt 0.0625 0.625
vt 0.1875 0.625
vt 0.0625 0.5625
vt 0.1875 0.5625
vn 0.9999999999999999 -2.4492935982947064e-16 0
vn 0.9999999999999999 -2.4492935982947064e-16 0
vn 0.9999999999999999 -2.4492935982947064e-16 0
vn 0.9999999999999999 -2.4492935982947064e-16 0
vn -0.9999999999999999 2.4492935982947064e-16 0
vn -0.9999999999999999 2.4492935982947064e-16 0
vn -0.9999999999999999 2.4492935982947064e-16 0
vn -0.9999999999999999 2.4492935982947064e-16 0
vn 2.4492935982947064e-16 0.9999999999999999 0
vn 2.4492935982947064e-16 0.9999999999999999 0
vn 2.4492935982947064e-16 0.9999999999999999 0
vn 2.4492935982947064e-16 0.9999999999999999 0
vn -2.4492935982947064e-16 -0.9999999999999999 0
vn -2.4492935982947064e-16 -0.9999999999999999 0
vn -2.4492935982947064e-16 -0.9999999999999999 0
vn -2.4492935982947064e-16 -0.9999999999999999 0
vn 0 0 0.9999999999999999
vn 0 0 0.9999999999999999
vn 0 0 0.9999999999999999
vn 0 0 0.9999999999999999
vn 0 0 -0.9999999999999999
vn 0 0 -0.9999999999999999
vn 0 0 -0.9999999999999999
vn 0 0 -0.9999999999999999
f 1345/1345/1345 1347/1347/1347 1346/1346/1346
f 1347/1347/1347 1348/1348/1348 1346/1346/1346
f 1349/1349/1349 1351/1351/1351 1350/1350/1350
f 1351/1351/1351 1352/1352/1352 1350/1350/1350
f 1353/1353/1353 1355/1355/1355 1354/1354/1354
f 1355/1355/1355 1356/1356/1356 1354/1354/1354
f 1357/1357/1357 1359/1359/1359 1358/1358/1358
f 1359/1359/1359 1360/1360/1360 1358/1358/1358
f 1361/1361/1361 1363/1363/1363 1362/1362/1362
f 1363/1363/1363 1364/1364/1364 1362/1362/1362
f 1365/1365/1365 1367/1367/1367 1366/1366/1366
f 1367/1367/1367 1368/1368/1368 1366/1366/1366
o guard_44
usemtl bright_gold
v 0.18722115354081756 0.10194536717143021 0.1560750062018633
v 0.18722115354081756 0.10194536717143021 -0.1560750062018633
v 0.20530733833559847 0.046281813978223556 0.1560750062018633
v 0.20530733833559847 0.046281813978223556 -0.1560750062018633
v 0.045768969594046166 0.05598476653196411 -0.1560750062018633
v 0.045768969594046166 0.05598476653196411 0.1560750062018633
v 0.06385515438882708 0.00032121333875744645 -0.1560750062018633
v 0.06385515438882708 0.00032121333875744645 0.1560750062018633
v 0.045768969594046166 0.05598476653196411 -0.1560750062018633
v 0.18722115354081756 0.10194536717143021 -0.1560750062018633
v 0.045768969594046166 0.05598476653196411 0.1560750062018633
v 0.18722115354081756 0.10194536717143021 0.1560750062018633
v 0.06385515438882708 0.00032121333875744645 0.1560750062018633
v 0.20530733833559847 0.046281813978223556 0.1560750062018633
v 0.06385515438882708 0.00032121333875744645 -0.1560750062018633
v 0.20530733833559847 0.046281813978223556 -0.1560750062018633
v 0.045768969594046166 0.05598476653196411 0.1560750062018633
v 0.18722115354081756 0.10194536717143021 0.1560750062018633
v 0.06385515438882708 0.00032121333875744645 0.1560750062018633
v 0.20530733833559847 0.046281813978223556 0.1560750062018633
v 0.18722115354081756 0.10194536717143021 -0.1560750062018633
v 0.045768969594046166 0.05598476653196411 -0.1560750062018633
v 0.20530733833559847 0.046281813978223556 -0.1560750062018633
v 0.06385515438882708 0.00032121333875744645 -0.1560750062018633
vt 0.0625 0.625
vt 0.375 0.625
vt 0.0625 0.5625
vt 0.375 0.5625
vt 0.0625 0.625
vt 0.375 0.625
vt 0.0625 0.5625
vt 0.375 0.5625
vt 0.0625 0.875
vt 0.1875 0.875
vt 0.0625 0.5625
vt 0.1875 0.5625
vt 0.0625 0.875
vt 0.1875 0.875
vt 0.0625 0.5625
vt 0.1875 0.5625
vt 0.0625 0.625
vt 0.1875 0.625
vt 0.0625 0.5625
vt 0.1875 0.5625
vt 0.0625 0.625
vt 0.1875 0.625
vt 0.0625 0.5625
vt 0.1875 0.5625
vn 0.9510565162951538 0.3090169943749472 0
vn 0.9510565162951538 0.3090169943749472 0
vn 0.9510565162951538 0.3090169943749472 0
vn 0.9510565162951538 0.3090169943749472 0
vn -0.9510565162951538 -0.3090169943749472 0
vn -0.9510565162951538 -0.3090169943749472 0
vn -0.9510565162951538 -0.3090169943749472 0
vn -0.9510565162951538 -0.3090169943749472 0
vn -0.3090169943749472 0.9510565162951538 0
vn -0.3090169943749472 0.9510565162951538 0
vn -0.3090169943749472 0.9510565162951538 0
vn -0.3090169943749472 0.9510565162951538 0
vn 0.3090169943749472 -0.9510565162951538 0
vn 0.3090169943749472 -0.9510565162951538 0
vn 0.3090169943749472 -0.9510565162951538 0
vn 0.3090169943749472 -0.9510565162951538 0
vn 0 0 1
vn 0 0 1
vn 0 0 1
vn 0 0 1
vn 0 0 -1
vn 0 0 -1
vn 0 0 -1
vn 0 0 -1
f 1369/1369/1369 1371/1371/1371 1370/1370/1370
f 1371/1371/1371 1372/1372/1372 1370/1370/1370
f 1373/1373/1373 1375/1375/1375 1374/1374/1374
f 1375/1375/1375 1376/1376/1376 1374/1374/1374
f 1377/1377/1377 1379/1379/1379 1378/1378/1378
f 1379/1379/1379 1380/1380/1380 1378/1378/1378
f 1381/1381/1381 1383/1383/1383 1382/1382/1382
f 1383/1383/1383 1384/1384/1384 1382/1382/1382
f 1385/1385/1385 1387/1387/1387 1386/1386/1386
f 1387/1387/1387 1388/1388/1388 1386/1386/1386
f 1389/1389/1389 1391/1391/1391 1390/1390/1390
f 1391/1391/1391 1392/1392/1392 1390/1390/1390
o guard_45
usemtl bright_gold
v 0.2806351527089403 0.1744744879310478 0.15202500604093075
v 0.2806351527089403 0.1744744879310478 -0.15202500604093075
v 0.31414442168865897 0.12835293593915742 0.15202500604093075
v 0.31414442168865897 0.12835293593915742 -0.15202500604093075
v 0.1634310957989753 0.0893207561311977 -0.15202500604093075
v 0.1634310957989753 0.0893207561311977 0.15202500604093075
v 0.19694036477869398 0.043199204139307334 -0.15202500604093075
v 0.19694036477869398 0.043199204139307334 0.15202500604093075
v 0.1634310957989753 0.0893207561311977 -0.15202500604093075
v 0.2806351527089403 0.1744744879310478 -0.15202500604093075
v 0.1634310957989753 0.0893207561311977 0.15202500604093075
v 0.2806351527089403 0.1744744879310478 0.15202500604093075
v 0.19694036477869398 0.043199204139307334 0.15202500604093075
v 0.31414442168865897 0.12835293593915742 0.15202500604093075
v 0.19694036477869398 0.043199204139307334 -0.15202500604093075
v 0.31414442168865897 0.12835293593915742 -0.15202500604093075
v 0.1634310957989753 0.0893207561311977 0.15202500604093075
v 0.2806351527089403 0.1744744879310478 0.15202500604093075
v 0.19694036477869398 0.043199204139307334 0.15202500604093075
v 0.31414442168865897 0.12835293593915742 0.15202500604093075
v 0.2806351527089403 0.1744744879310478 -0.15202500604093075
v 0.1634310957989753 0.0893207561311977 -0.15202500604093075
v 0.31414442168865897 0.12835293593915742 -0.15202500604093075
v 0.19694036477869398 0.043199204139307334 -0.15202500604093075
vt 0.0625 0.625
vt 0.375 0.625
vt 0.0625 0.5625
vt 0.375 0.5625
vt 0.0625 0.625
vt 0.375 0.625
vt 0.0625 0.5625
vt 0.375 0.5625
vt 0.0625 0.875
vt 0.1875 0.875
vt 0.0625 0.5625
vt 0.1875 0.5625
vt 0.0625 0.875
vt 0.1875 0.875
vt 0.0625 0.5625
vt 0.1875 0.5625
vt 0.0625 0.625
vt 0.1875 0.625
vt 0.0625 0.5625
vt 0.1875 0.5625
vt 0.0625 0.625
vt 0.1875 0.625
vt 0.0625 0.5625
vt 0.1875 0.5625
vn 0.8090169943749476 0.5877852522924728 0
vn 0.8090169943749476 0.5877852522924728 0
vn 0.8090169943749476 0.5877852522924728 0
vn 0.8090169943749476 0.5877852522924728 0
vn -0.8090169943749476 -0.5877852522924728 0
vn -0.8090169943749476 -0.5877852522924728 0
vn -0.8090169943749476 -0.5877852522924728 0
vn -0.8090169943749476 -0.5877852522924728 0
vn -0.5877852522924728 0.8090169943749476 0
vn -0.5877852522924728 0.8090169943749476 0
vn -0.5877852522924728 0.8090169943749476 0
vn -0.5877852522924728 0.8090169943749476 0
vn 0.5877852522924728 -0.8090169943749476 0
vn 0.5877852522924728 -0.8090169943749476 0
vn 0.5877852522924728 -0.8090169943749476 0
vn 0.5877852522924728 -0.8090169943749476 0
vn 0 0 1
vn 0 0 1
vn 0 0 1
vn 0 0 1
vn 0 0 -1
vn 0 0 -1
vn 0 0 -1
vn 0 0 -1
f 1393/1393/1393 1395/1395/1395 1394/1394/1394
f 1395/1395/1395 1396/1396/1396 1394/1394/1394
f 1397/1397/1397 1399/1399/1399 1398/1398/1398
f 1399/1399/1399 1400/1400/1400 1398/1398/1398
f 1401/1401/1401 1403/1403/1403 1402/1402/1402
f 1403/1403/1403 1404/1404/1404 1402/1402/1402
f 1405/1405/1405 1407/1407/1407 1406/1406/1406
f 1407/1407/1407 1408/1408/1408 1406/1406/1406
f 1409/1409/1409 1411/1411/1411 1410/1410/1410
f 1411/1411/1411 1412/1412/1412 1410/1410/1410
f 1413/1413/1413 1415/1415/1415 1414/1414/1414
f 1415/1415/1415 1416/1416/1416 1414/1414/1414
o guard_46
usemtl bright_gold
v 0.34878581203059345 0.2764110205135677 0.15675000622868537
v 0.34878581203059345 0.2764110205135677 -0.15675000622868537
v 0.39634084097141775 0.2418602695675331 0.15675000622868537
v 0.39634084097141775 0.2418602695675331 -0.15675000622868537
v 0.260985466958227 0.1555642129448323 -0.15675000622868537
v 0.260985466958227 0.1555642129448323 0.15675000622868537
v 0.3085404958990513 0.1210134619987977 -0.15675000622868537
v 0.3085404958990513 0.1210134619987977 0.15675000622868537
v 0.260985466958227 0.1555642129448323 -0.15675000622868537
v 0.34878581203059345 0.2764110205135677 -0.15675000622868537
v 0.260985466958227 0.1555642129448323 0.15675000622868537
v 0.34878581203059345 0.2764110205135677 0.15675000622868537
v 0.3085404958990513 0.1210134619987977 0.15675000622868537
v 0.39634084097141775 0.2418602695675331 0.15675000622868537
v 0.3085404958990513 0.1210134619987977 -0.15675000622868537
v 0.39634084097141775 0.2418602695675331 -0.15675000622868537
v 0.260985466958227 0.1555642129448323 0.15675000622868537
v 0.34878581203059345 0.2764110205135677 0.15675000622868537
v 0.3085404958990513 0.1210134619987977 0.15675000622868537
v 0.39634084097141775 0.2418602695675331 0.15675000622868537
v 0.34878581203059345 0.2764110205135677 -0.15675000622868537
v 0.260985466958227 0.1555642129448323 -0.15675000622868537
v 0.39634084097141775 0.2418602695675331 -0.15675000622868537
v 0.3085404958990513 0.1210134619987977 -0.15675000622868537
vt 0.0625 0.625
vt 0.375 0.625
vt 0.0625 0.5625
vt 0.375 0.5625
vt 0.0625 0.625
vt 0.375 0.625
vt 0.0625 0.5625
vt 0.375 0.5625
vt 0.0625 0.875
vt 0.1875 0.875
vt 0.0625 0.5625
vt 0.1875 0.5625
vt 0.0625 0.875
vt 0.1875 0.875
vt 0.0625 0.5625
vt 0.1875 0.5625
vt 0.0625 0.625
vt 0.1875 0.625
vt 0.0625 0.5625
vt 0.1875 0.5625
vt 0.0625 0.625
vt 0.1875 0.625
vt 0.0625 0.5625
vt 0.1875 0.5625
vn 0.5877852522924734 0.8090169943749471 0
vn 0.5877852522924734 0.8090169943749471 0
vn 0.5877852522924734 0.8090169943749471 0
vn 0.5877852522924734 0.8090169943749471 0
vn -0.5877852522924734 -0.8090169943749471 0
vn -0.5877852522924734 -0.8090169943749471 0
vn -0.5877852522924734 -0.8090169943749471 0
vn -0.5877852522924734 -0.8090169943749471 0
vn -0.8090169943749471 0.5877852522924734 0
vn -0.8090169943749471 0.5877852522924734 0
vn -0.8090169943749471 0.5877852522924734 0
vn -0.8090169943749471 0.5877852522924734 0
vn 0.8090169943749471 -0.5877852522924734 0
vn 0.8090169943749471 -0.5877852522924734 0
vn 0.8090169943749471 -0.5877852522924734 0
vn 0.8090169943749471 -0.5877852522924734 0
vn 0 0 1
vn 0 0 1
vn 0 0 1
vn 0 0 1
vn 0 0 -1
vn 0 0 -1
vn 0 0 -1
vn 0 0 -1
f 1417/1417/1417 1419/1419/1419 1418/1418/1418
f 1419/1419/1419 1420/1420/1420 1418/1418/1418
f 1421/1421/1421 1423/1423/1423 1422/1422/1422
f 1423/1423/1423 1424/1424/1424 1422/1422/1422
f 1425/1425/1425 1427/1427/1427 1426/1426/1426
f 1427/1427/1427 1428/1428/1428 1426/1426/1426
f 1429/1429/1429 1431/1431/1431 1430/1430/1430
f 1431/1431/1431 1432/1432/1432 1430/1430/1430
f 1433/1433/1433 1435/1435/1435 1434/1434/1434
f 1435/1435/1435 1436/1436/1436 1434/1434/1434
f 1437/1437/1437 1439/1439/1439 1438/1438/1438
f 1439/1439/1439 1440/1440/1440 1438/1438/1438
o guard_47
usemtl bright_gold
v 0.3816201428541287 0.39000608408366394 0.15270000606775283
v 0.3816201428541287 0.39000608408366394 -0.15270000606775283
v 0.436080015175786 0.3723109989120282 0.15270000606775283
v 0.436080015175786 0.3723109989120282 -0.15270000606775283
v 0.33665340431402624 0.25161269315832685 -0.15270000606775283
v 0.33665340431402624 0.25161269315832685 0.15270000606775283
v 0.3911132766356835 0.2339176079866911 -0.15270000606775283
v 0.3911132766356835 0.2339176079866911 0.15270000606775283
v 0.33665340431402624 0.25161269315832685 -0.15270000606775283
v 0.3816201428541287 0.39000608408366394 -0.15270000606775283
v 0.33665340431402624 0.25161269315832685 0.15270000606775283
v 0.3816201428541287 0.39000608408366394 0.15270000606775283
v 0.3911132766356835 0.2339176079866911 0.15270000606775283
v 0.436080015175786 0.3723109989120282 0.15270000606775283
v 0.3911132766356835 0.2339176079866911 -0.15270000606775283
v 0.436080015175786 0.3723109989120282 -0.15270000606775283
v 0.33665340431402624 0.25161269315832685 0.15270000606775283
v 0.3816201428541287 0.39000608408366394 0.15270000606775283
v 0.3911132766356835 0.2339176079866911 0.15270000606775283
v 0.436080015175786 0.3723109989120282 0.15270000606775283
v 0.3816201428541287 0.39000608408366394 -0.15270000606775283
v 0.33665340431402624 0.25161269315832685 -0.15270000606775283
v 0.436080015175786 0.3723109989120282 -0.15270000606775283
v 0.3911132766356835 0.2339176079866911 -0.15270000606775283
vt 0.0625 0.625
vt 0.375 0.625
vt 0.0625 0.5625
vt 0.375 0.5625
vt 0.0625 0.625
vt 0.375 0.625
vt 0.0625 0.5625
vt 0.375 0.5625
vt 0.0625 0.875
vt 0.1875 0.875
vt 0.0625 0.5625
vt 0.1875 0.5625
vt 0.0625 0.875
vt 0.1875 0.875
vt 0.0625 0.5625
vt 0.1875 0.5625
vt 0.0625 0.625
vt 0.1875 0.625
vt 0.0625 0.5625
vt 0.1875 0.5625
vt 0.0625 0.625
vt 0.1875 0.625
vt 0.0625 0.5625
vt 0.1875 0.5625
vn 0.3090169943749477 0.9510565162951535 0
vn 0.3090169943749477 0.9510565162951535 0
vn 0.3090169943749477 0.9510565162951535 0
vn 0.3090169943749477 0.9510565162951535 0
vn -0.3090169943749477 -0.9510565162951535 0
vn -0.3090169943749477 -0.9510565162951535 0
vn -0.3090169943749477 -0.9510565162951535 0
vn -0.3090169943749477 -0.9510565162951535 0
vn -0.9510565162951535 0.3090169943749477 0
vn -0.9510565162951535 0.3090169943749477 0
vn -0.9510565162951535 0.3090169943749477 0
vn -0.9510565162951535 0.3090169943749477 0
vn 0.9510565162951535 -0.3090169943749477 0
vn 0.9510565162951535 -0.3090169943749477 0
vn 0.9510565162951535 -0.3090169943749477 0
vn 0.9510565162951535 -0.3090169943749477 0
vn 0 0 0.9999999999999999
vn 0 0 0.9999999999999999
vn 0 0 0.9999999999999999
vn 0 0 0.9999999999999999
vn 0 0 -0.9999999999999999
vn 0 0 -0.9999999999999999
vn 0 0 -0.9999999999999999
vn 0 0 -0.9999999999999999
f 1441/1441/1441 1443/1443/1443 1442/1442/1442
f 1443/1443/1443 1444/1444/1444 1442/1442/1442
f 1445/1445/1445 1447/1447/1447 1446/1446/1446
f 1447/1447/1447 1448/1448/1448 1446/1446/1446
f 1449/1449/1449 1451/1451/1451 1450/1450/1450
f 1451/1451/1451 1452/1452/1452 1450/1450/1450
f 1453/1453/1453 1455/1455/1455 1454/1454/1454
f 1455/1455/1455 1456/1456/1456 1454/1454/1454
f 1457/1457/1457 1459/1459/1459 1458/1458/1458
f 1459/1459/1459 1460/1460/1460 1458/1458/1458
f 1461/1461/1461 1463/1463/1463 1462/1462/1462
f 1463/1463/1463 1464/1464/1464 1462/1462/1462
o solar_core_48
usemtl solar_core
v 0.09839062500000001 0.31470281187444926 0.17710312812775375
v 0.09839062500000001 0.31470281187444926 -0.17710312812775375
v 0.09839062500000001 0.24779718812555074 0.17710312812775375
v 0.09839062500000001 0.24779718812555074 -0.17710312812775375
v -0.09839062500000001 0.31470281187444926 -0.17710312812775375
v -0.09839062500000001 0.31470281187444926 0.17710312812775375
v -0.09839062500000001 0.24779718812555074 -0.17710312812775375
v -0.09839062500000001 0.24779718812555074 0.17710312812775375
v -0.09839062500000001 0.31470281187444926 -0.17710312812775375
v 0.09839062500000001 0.31470281187444926 -0.17710312812775375
v -0.09839062500000001 0.31470281187444926 0.17710312812775375
v 0.09839062500000001 0.31470281187444926 0.17710312812775375
v -0.09839062500000001 0.24779718812555074 0.17710312812775375
v 0.09839062500000001 0.24779718812555074 0.17710312812775375
v -0.09839062500000001 0.24779718812555074 -0.17710312812775375
v 0.09839062500000001 0.24779718812555074 -0.17710312812775375
v -0.09839062500000001 0.31470281187444926 0.17710312812775375
v 0.09839062500000001 0.31470281187444926 0.17710312812775375
v -0.09839062500000001 0.24779718812555074 0.17710312812775375
v 0.09839062500000001 0.24779718812555074 0.17710312812775375
v 0.09839062500000001 0.31470281187444926 -0.17710312812775375
v -0.09839062500000001 0.31470281187444926 -0.17710312812775375
v 0.09839062500000001 0.24779718812555074 -0.17710312812775375
v -0.09839062500000001 0.24779718812555074 -0.17710312812775375
vt 0.75 0.9375
vt 1.0625 0.9375
vt 0.75 0.875
vt 1.0625 0.875
vt 0.75 0.9375
vt 1.0625 0.9375
vt 0.75 0.875
vt 1.0625 0.875
vt 0.75 1.1875
vt 0.9375 1.1875
vt 0.75 0.875
vt 0.9375 0.875
vt 0.75 1.1875
vt 0.9375 1.1875
vt 0.75 0.875
vt 0.9375 0.875
vt 0.75 0.9375
vt 0.9375 0.9375
vt 0.75 0.875
vt 0.9375 0.875
vt 0.75 0.9375
vt 0.9375 0.9375
vt 0.75 0.875
vt 0.9375 0.875
vn 1 0 0
vn 1 0 0
vn 1 0 0
vn 1 0 0
vn -1 0 0
vn -1 0 0
vn -1 0 0
vn -1 0 0
vn 0 1 0
vn 0 1 0
vn 0 1 0
vn 0 1 0
vn 0 -1 0
vn 0 -1 0
vn 0 -1 0
vn 0 -1 0
vn 0 0 1
vn 0 0 1
vn 0 0 1
vn 0 0 1
vn 0 0 -1
vn 0 0 -1
vn 0 0 -1
vn 0 0 -1
f 1465/1465/1465 1467/1467/1467 1466/1466/1466
f 1467/1467/1467 1468/1468/1468 1466/1466/1466
f 1469/1469/1469 1471/1471/1471 1470/1470/1470
f 1471/1471/1471 1472/1472/1472 1470/1470/1470
f 1473/1473/1473 1475/1475/1475 1474/1474/1474
f 1475/1475/1475 1476/1476/1476 1474/1474/1474
f 1477/1477/1477 1479/1479/1479 1478/1478/1478
f 1479/1479/1479 1480/1480/1480 1478/1478/1478
f 1481/1481/1481 1483/1483/1483 1482/1482/1482
f 1483/1483/1483 1484/1484/1484 1482/1482/1482
f 1485/1485/1485 1487/1487/1487 1486/1486/1486
f 1487/1487/1487 1488/1488/1488 1486/1486/1486
o solar_core_49
usemtl solar_core
v 0.159765625 0.3763421868905425 0.17254687804728747
v 0.159765625 0.3763421868905425 -0.17254687804728747
v 0.159765625 0.3111578131094575 0.17254687804728747
v 0.159765625 0.3111578131094575 -0.17254687804728747
v -0.159765625 0.3763421868905425 -0.17254687804728747
v -0.159765625 0.3763421868905425 0.17254687804728747
v -0.159765625 0.3111578131094575 -0.17254687804728747
v -0.159765625 0.3111578131094575 0.17254687804728747
v -0.159765625 0.3763421868905425 -0.17254687804728747
v 0.159765625 0.3763421868905425 -0.17254687804728747
v -0.159765625 0.3763421868905425 0.17254687804728747
v 0.159765625 0.3763421868905425 0.17254687804728747
v -0.159765625 0.3111578131094575 0.17254687804728747
v 0.159765625 0.3111578131094575 0.17254687804728747
v -0.159765625 0.3111578131094575 -0.17254687804728747
v 0.159765625 0.3111578131094575 -0.17254687804728747
v -0.159765625 0.3763421868905425 0.17254687804728747
v 0.159765625 0.3763421868905425 0.17254687804728747
v -0.159765625 0.3111578131094575 0.17254687804728747
v 0.159765625 0.3111578131094575 0.17254687804728747
v 0.159765625 0.3763421868905425 -0.17254687804728747
v -0.159765625 0.3763421868905425 -0.17254687804728747
v 0.159765625 0.3111578131094575 -0.17254687804728747
v -0.159765625 0.3111578131094575 -0.17254687804728747
vt 0.125 1
vt 0.4375 1
vt 0.125 0.9375
vt 0.4375 0.9375
vt 0.125 1
vt 0.4375 1
vt 0.125 0.9375
vt 0.4375 0.9375
vt 0.125 1.25
vt 0.4375 1.25
vt 0.125 0.9375
vt 0.4375 0.9375
vt 0.125 1.25
vt 0.4375 1.25
vt 0.125 0.9375
vt 0.4375 0.9375
vt 0.125 1
vt 0.4375 1
vt 0.125 0.9375
vt 0.4375 0.9375
vt 0.125 1
vt 0.4375 1
vt 0.125 0.9375
vt 0.4375 0.9375
vn 1 0 0
vn 1 0 0
vn 1 0 0
vn 1 0 0
vn -1 0 0
vn -1 0 0
vn -1 0 0
vn -1 0 0
vn 0 1 0
vn 0 1 0
vn 0 1 0
vn 0 1 0
vn 0 -1 0
vn 0 -1 0
vn 0 -1 0
vn 0 -1 0
vn 0 0 1
vn 0 0 1
vn 0 0 1
vn 0 0 1
vn 0 0 -1
vn 0 0 -1
vn 0 0 -1
vn 0 0 -1
f 1489/1489/1489 1491/1491/1491 1490/1490/1490
f 1491/1491/1491 1492/1492/1492 1490/1490/1490
f 1493/1493/1493 1495/1495/1495 1494/1494/1494
f 1495/1495/1495 1496/1496/1496 1494/1494/1494
f 1497/1497/1497 1499/1499/1499 1498/1498/1498
f 1499/1499/1499 1500/1500/1500 1498/1498/1498
f 1501/1501/1501 1503/1503/1503 1502/1502/1502
f 1503/1503/1503 1504/1504/1504 1502/1502/1502
f 1505/1505/1505 1507/1507/1507 1506/1506/1506
f 1507/1507/1507 1508/1508/1508 1506/1506/1506
f 1509/1509/1509 1511/1511/1511 1510/1510/1510
f 1511/1511/1511 1512/1512/1512 1510/1510/1510
o solar_core_50
usemtl solar_core
v 0.197625 0.43984624937176703 0.17786250314116478
v 0.197625 0.43984624937176703 -0.17786250314116478
v 0.197625 0.37265375062823297 0.17786250314116478
v 0.197625 0.37265375062823297 -0.17786250314116478
v -0.197625 0.43984624937176703 -0.17786250314116478
v -0.197625 0.43984624937176703 0.17786250314116478
v -0.197625 0.37265375062823297 -0.17786250314116478
v -0.197625 0.37265375062823297 0.17786250314116478
v -0.197625 0.43984624937176703 -0.17786250314116478
v 0.197625 0.43984624937176703 -0.17786250314116478
v -0.197625 0.43984624937176703 0.17786250314116478
v 0.197625 0.43984624937176703 0.17786250314116478
v -0.197625 0.37265375062823297 0.17786250314116478
v 0.197625 0.37265375062823297 0.17786250314116478
v -0.197625 0.37265375062823297 -0.17786250314116478
v 0.197625 0.37265375062823297 -0.17786250314116478
v -0.197625 0.43984624937176703 0.17786250314116478
v 0.197625 0.43984624937176703 0.17786250314116478
v -0.197625 0.37265375062823297 0.17786250314116478
v 0.197625 0.37265375062823297 0.17786250314116478
v 0.197625 0.43984624937176703 -0.17786250314116478
v -0.197625 0.43984624937176703 -0.17786250314116478
v 0.197625 0.37265375062823297 -0.17786250314116478
v -0.197625 0.37265375062823297 -0.17786250314116478
vt 0.75 0.375
vt 1.0625 0.375
vt 0.75 0.3125
vt 1.0625 0.3125
vt 0.75 0.375
vt 1.0625 0.375
vt 0.75 0.3125
vt 1.0625 0.3125
vt 0.75 0.625
vt 1.125 0.625
vt 0.75 0.3125
vt 1.125 0.3125
vt 0.75 0.625
vt 1.125 0.625
vt 0.75 0.3125
vt 1.125 0.3125
vt 0.75 0.375
vt 1.125 0.375
vt 0.75 0.3125
vt 1.125 0.3125
vt 0.75 0.375
vt 1.125 0.375
vt 0.75 0.3125
vt 1.125 0.3125
vn 1 0 0
vn 1 0 0
vn 1 0 0
vn 1 0 0
vn -1 0 0
vn -1 0 0
vn -1 0 0
vn -1 0 0
vn 0 1 0
vn 0 1 0
vn 0 1 0
vn 0 1 0
vn 0 -1 0
vn 0 -1 0
vn 0 -1 0
vn 0 -1 0
vn 0 0 1
vn 0 0 1
vn 0 0 1
vn 0 0 1
vn 0 0 -1
vn 0 0 -1
vn 0 0 -1
vn 0 0 -1
f 1513/1513/1513 1515/1515/1515 1514/1514/1514
f 1515/1515/1515 1516/1516/1516 1514/1514/1514
f 1517/1517/1517 1519/1519/1519 1518/1518/1518
f 1519/1519/1519 1520/1520/1520 1518/1518/1518
f 1521/1521/1521 1523/1523/1523 1522/1522/1522
f 1523/1523/1523 1524/1524/1524 1522/1522/1522
f 1525/1525/1525 1527/1527/1527 1526/1526/1526
f 1527/1527/1527 1528/1528/1528 1526/1526/1526
f 1529/1529/1529 1531/1531/1531 1530/1530/1530
f 1531/1531/1531 1532/1532/1532 1530/1530/1530
f 1533/1533/1533 1535/1535/1535 1534/1534/1534
f 1535/1535/1535 1536/1536/1536 1534/1534/1534
o solar_core_51
usemtl solar_core
v 0.19256249999999997 0.5014856243878603 0.1733062530606985
v 0.19256249999999997 0.5014856243878603 -0.1733062530606985
v 0.19256249999999997 0.4360143756121397 0.1733062530606985
v 0.19256249999999997 0.4360143756121397 -0.1733062530606985
v -0.19256249999999997 0.5014856243878603 -0.1733062530606985
v -0.19256249999999997 0.5014856243878603 0.1733062530606985
v -0.19256249999999997 0.4360143756121397 -0.1733062530606985
v -0.19256249999999997 0.4360143756121397 0.1733062530606985
v -0.19256249999999997 0.5014856243878603 -0.1733062530606985
v 0.19256249999999997 0.5014856243878603 -0.1733062530606985
v -0.19256249999999997 0.5014856243878603 0.1733062530606985
v 0.19256249999999997 0.5014856243878603 0.1733062530606985
v -0.19256249999999997 0.4360143756121397 0.1733062530606985
v 0.19256249999999997 0.4360143756121397 0.1733062530606985
v -0.19256249999999997 0.4360143756121397 -0.1733062530606985
v 0.19256249999999997 0.4360143756121397 -0.1733062530606985
v -0.19256249999999997 0.5014856243878603 0.1733062530606985
v 0.19256249999999997 0.5014856243878603 0.1733062530606985
v -0.19256249999999997 0.4360143756121397 0.1733062530606985
v 0.19256249999999997 0.4360143756121397 0.1733062530606985
v 0.19256249999999997 0.5014856243878603 -0.1733062530606985
v -0.19256249999999997 0.5014856243878603 -0.1733062530606985
v 0.19256249999999997 0.4360143756121397 -0.1733062530606985
v -0.19256249999999997 0.4360143756121397 -0.1733062530606985
vt 0.75 0.375
vt 1.0625 0.375
vt 0.75 0.3125
vt 1.0625 0.3125
vt 0.75 0.375
vt 1.0625 0.375
vt 0.75 0.3125
vt 1.0625 0.3125
vt 0.75 0.625
vt 1.125 0.625
vt 0.75 0.3125
vt 1.125 0.3125
vt 0.75 0.625
vt 1.125 0.625
vt 0.75 0.3125
vt 1.125 0.3125
vt 0.75 0.375
vt 1.125 0.375
vt 0.75 0.3125
vt 1.125 0.3125
vt 0.75 0.375
vt 1.125 0.375
vt 0.75 0.3125
vt 1.125 0.3125
vn 1 0 0
vn 1 0 0
vn 1 0 0
vn 1 0 0
vn -1 0 0
vn -1 0 0
vn -1 0 0
vn -1 0 0
vn 0 1 0
vn 0 1 0
vn 0 1 0
vn 0 1 0
vn 0 -1 0
vn 0 -1 0
vn 0 -1 0
vn 0 -1 0
vn 0 0 1
vn 0 0 1
vn 0 0 1
vn 0 0 1
vn 0 0 -1
vn 0 0 -1
vn 0 0 -1
vn 0 0 -1
f 1537/1537/1537 1539/1539/1539 1538/1538/1538
f 1539/1539/1539 1540/1540/1540 1538/1538/1538
f 1541/1541/1541 1543/1543/1543 1542/1542/1542
f 1543/1543/1543 1544/1544/1544 1542/1542/1542
f 1545/1545/1545 1547/1547/1547 1546/1546/1546
f 1547/1547/1547 1548/1548/1548 1546/1546/1546
f 1549/1549/1549 1551/1551/1551 1550/1550/1550
f 1551/1551/1551 1552/1552/1552 1550/1550/1550
f 1553/1553/1553 1555/1555/1555 1554/1554/1554
f 1555/1555/1555 1556/1556/1556 1554/1554/1554
f 1557/1557/1557 1559/1559/1559 1558/1558/1558
f 1559/1559/1559 1560/1560/1560 1558/1558/1558
o solar_core_52
usemtl solar_core
v 0.15625 0.5631249994039536 0.16875000298023224
v 0.15625 0.5631249994039536 -0.16875000298023224
v 0.15625 0.49937500059604645 0.16875000298023224
v 0.15625 0.49937500059604645 -0.16875000298023224
v -0.15625 0.5631249994039536 -0.16875000298023224
v -0.15625 0.5631249994039536 0.16875000298023224
v -0.15625 0.49937500059604645 -0.16875000298023224
v -0.15625 0.49937500059604645 0.16875000298023224
v -0.15625 0.5631249994039536 -0.16875000298023224
v 0.15625 0.5631249994039536 -0.16875000298023224
v -0.15625 0.5631249994039536 0.16875000298023224
v 0.15625 0.5631249994039536 0.16875000298023224
v -0.15625 0.49937500059604645 0.16875000298023224
v 0.15625 0.49937500059604645 0.16875000298023224
v -0.15625 0.49937500059604645 -0.16875000298023224
v 0.15625 0.49937500059604645 -0.16875000298023224
v -0.15625 0.5631249994039536 0.16875000298023224
v 0.15625 0.5631249994039536 0.16875000298023224
v -0.15625 0.49937500059604645 0.16875000298023224
v 0.15625 0.49937500059604645 0.16875000298023224
v 0.15625 0.5631249994039536 -0.16875000298023224
v -0.15625 0.5631249994039536 -0.16875000298023224
v 0.15625 0.49937500059604645 -0.16875000298023224
v -0.15625 0.49937500059604645 -0.16875000298023224
vt 0.125 1
vt 0.4375 1
vt 0.125 0.9375
vt 0.4375 0.9375
vt 0.125 1
vt 0.4375 1
vt 0.125 0.9375
vt 0.4375 0.9375
vt 0.125 1.25
vt 0.4375 1.25
vt 0.125 0.9375
vt 0.4375 0.9375
vt 0.125 1.25
vt 0.4375 1.25
vt 0.125 0.9375
vt 0.4375 0.9375
vt 0.125 1
vt 0.4375 1
vt 0.125 0.9375
vt 0.4375 0.9375
vt 0.125 1
vt 0.4375 1
vt 0.125 0.9375
vt 0.4375 0.9375
vn 1 0 0
vn 1 0 0
vn 1 0 0
vn 1 0 0
vn -1 0 0
vn -1 0 0
vn -1 0 0
vn -1 0 0
vn 0 1 0
vn 0 1 0
vn 0 1 0
vn 0 1 0
vn 0 -1 0
vn 0 -1 0
vn 0 -1 0
vn 0 -1 0
vn 0 0 1
vn 0 0 1
vn 0 0 1
vn 0 0 1
vn 0 0 -1
vn 0 0 -1
vn 0 0 -1
vn 0 0 -1
f 1561/1561/1561 1563/1563/1563 1562/1562/1562
f 1563/1563/1563 1564/1564/1564 1562/1562/1562
f 1565/1565/1565 1567/1567/1567 1566/1566/1566
f 1567/1567/1567 1568/1568/1568 1566/1566/1566
f 1569/1569/1569 1571/1571/1571 1570/1570/1570
f 1571/1571/1571 1572/1572/1572 1570/1570/1570
f 1573/1573/1573 1575/1575/1575 1574/1574/1574
f 1575/1575/1575 1576/1576/1576 1574/1574/1574
f 1577/1577/1577 1579/1579/1579 1578/1578/1578
f 1579/1579/1579 1580/1580/1580 1578/1578/1578
f 1581/1581/1581 1583/1583/1583 1582/1582/1582
f 1583/1583/1583 1584/1584/1584 1582/1582/1582
o solar_core_53
usemtl solar_core
v 0.096703125 0.6266290618851781 0.17406562807410958
v 0.096703125 0.6266290618851781 -0.17406562807410958
v 0.096703125 0.5608709381148219 0.17406562807410958
v 0.096703125 0.5608709381148219 -0.17406562807410958
v -0.096703125 0.6266290618851781 -0.17406562807410958
v -0.096703125 0.6266290618851781 0.17406562807410958
v -0.096703125 0.5608709381148219 -0.17406562807410958
v -0.096703125 0.5608709381148219 0.17406562807410958
v -0.096703125 0.6266290618851781 -0.17406562807410958
v 0.096703125 0.6266290618851781 -0.17406562807410958
v -0.096703125 0.6266290618851781 0.17406562807410958
v 0.096703125 0.6266290618851781 0.17406562807410958
v -0.096703125 0.5608709381148219 0.17406562807410958
v 0.096703125 0.5608709381148219 0.17406562807410958
v -0.096703125 0.5608709381148219 -0.17406562807410958
v 0.096703125 0.5608709381148219 -0.17406562807410958
v -0.096703125 0.6266290618851781 0.17406562807410958
v 0.096703125 0.6266290618851781 0.17406562807410958
v -0.096703125 0.5608709381148219 0.17406562807410958
v 0.096703125 0.5608709381148219 0.17406562807410958
v 0.096703125 0.6266290618851781 -0.17406562807410958
v -0.096703125 0.6266290618851781 -0.17406562807410958
v 0.096703125 0.5608709381148219 -0.17406562807410958
v -0.096703125 0.5608709381148219 -0.17406562807410958
vt 0.75 0.9375
vt 1.0625 0.9375
vt 0.75 0.875
vt 1.0625 0.875
vt 0.75 0.9375
vt 1.0625 0.9375
vt 0.75 0.875
vt 1.0625 0.875
vt 0.75 1.1875
vt 0.9375 1.1875
vt 0.75 0.875
vt 0.9375 0.875
vt 0.75 1.1875
vt 0.9375 1.1875
vt 0.75 0.875
vt 0.9375 0.875
vt 0.75 0.9375
vt 0.9375 0.9375
vt 0.75 0.875
vt 0.9375 0.875
vt 0.75 0.9375
vt 0.9375 0.9375
vt 0.75 0.875
vt 0.9375 0.875
vn 1 0 0
vn 1 0 0
vn 1 0 0
vn 1 0 0
vn -1 0 0
vn -1 0 0
vn -1 0 0
vn -1 0 0
vn 0 1 0
vn 0 1 0
vn 0 1 0
vn 0 1 0
vn 0 -1 0
vn 0 -1 0
vn 0 -1 0
vn 0 -1 0
vn 0 0 1
vn 0 0 1
vn 0 0 1
vn 0 0 1
vn 0 0 -1
vn 0 0 -1
vn 0 0 -1
vn 0 0 -1
f 1585/1585/1585 1587/1587/1587 1586/1586/1586
f 1587/1587/1587 1588/1588/1588 1586/1586/1586
f 1589/1589/1589 1591/1591/1591 1590/1590/1590
f 1591/1591/1591 1592/1592/1592 1590/1590/1590
f 1593/1593/1593 1595/1595/1595 1594/1594/1594
f 1595/1595/1595 1596/1596/1596 1594/1594/1594
f 1597/1597/1597 1599/1599/1599 1598/1598/1598
f 1599/1599/1599 1600/1600/1600 1598/1598/1598
f 1601/1601/1601 1603/1603/1603 1602/1602/1602
f 1603/1603/1603 1604/1604/1604 1602/1602/1602
f 1605/1605/1605 1607/1607/1607 1606/1606/1606
f 1607/1607/1607 1608/1608/1608 1606/1606/1606
o solar_core_54
usemtl solar_core
v 0.11300624700635671 0.5505062470063568 0.18834374999999998
v 0.11300624700635671 0.5505062470063568 -0.18834374999999998
v 0.11300624700635671 0.3244937529936433 0.18834374999999998
v 0.11300624700635671 0.3244937529936433 -0.18834374999999998
v -0.11300624700635671 0.5505062470063568 -0.18834374999999998
v -0.11300624700635671 0.5505062470063568 0.18834374999999998
v -0.11300624700635671 0.3244937529936433 -0.18834374999999998
v -0.11300624700635671 0.3244937529936433 0.18834374999999998
v -0.11300624700635671 0.5505062470063568 -0.18834374999999998
v 0.11300624700635671 0.5505062470063568 -0.18834374999999998
v -0.11300624700635671 0.5505062470063568 0.18834374999999998
v 0.11300624700635671 0.5505062470063568 0.18834374999999998
v -0.11300624700635671 0.3244937529936433 0.18834374999999998
v 0.11300624700635671 0.3244937529936433 0.18834374999999998
v -0.11300624700635671 0.3244937529936433 -0.18834374999999998
v 0.11300624700635671 0.3244937529936433 -0.18834374999999998
v -0.11300624700635671 0.5505062470063568 0.18834374999999998
v 0.11300624700635671 0.5505062470063568 0.18834374999999998
v -0.11300624700635671 0.3244937529936433 0.18834374999999998
v 0.11300624700635671 0.3244937529936433 0.18834374999999998
v 0.11300624700635671 0.5505062470063568 -0.18834374999999998
v -0.11300624700635671 0.5505062470063568 -0.18834374999999998
v 0.11300624700635671 0.3244937529936433 -0.18834374999999998
v -0.11300624700635671 0.3244937529936433 -0.18834374999999998
vt 0.6875 0.4375
vt 1.0625 0.4375
vt 0.6875 0.1875
vt 1.0625 0.1875
vt 0.6875 0.4375
vt 1.0625 0.4375
vt 0.6875 0.1875
vt 1.0625 0.1875
vt 0.6875 0.5625
vt 0.9375 0.5625
vt 0.6875 0.1875
vt 0.9375 0.1875
vt 0.6875 0.5625
vt 0.9375 0.5625
vt 0.6875 0.1875
vt 0.9375 0.1875
vt 0.6875 0.4375
vt 0.9375 0.4375
vt 0.6875 0.1875
vt 0.9375 0.1875
vt 0.6875 0.4375
vt 0.9375 0.4375
vt 0.6875 0.1875
vt 0.9375 0.1875
vn 1 0 0
vn 1 0 0
vn 1 0 0
vn 1 0 0
vn -1 0 0
vn -1 0 0
vn -1 0 0
vn -1 0 0
vn 0 1 0
vn 0 1 0
vn 0 1 0
vn 0 1 0
vn 0 -1 0
vn 0 -1 0
vn 0 -1 0
vn 0 -1 0
vn 0 0 1
vn 0 0 1
vn 0 0 1
vn 0 0 1
vn 0 0 -1
vn 0 0 -1
vn 0 0 -1
vn 0 0 -1
f 1609/1609/1609 1611/1611/1611 1610/1610/1610
f 1611/1611/1611 1612/1612/1612 1610/1610/1610
f 1613/1613/1613 1615/1615/1615 1614/1614/1614
f 1615/1615/1615 1616/1616/1616 1614/1614/1614
f 1617/1617/1617 1619/1619/1619 1618/1618/1618
f 1619/1619/1619 1620/1620/1620 1618/1618/1618
f 1621/1621/1621 1623/1623/1623 1622/1622/1622
f 1623/1623/1623 1624/1624/1624 1622/1622/1622
f 1625/1625/1625 1627/1627/1627 1626/1626/1626
f 1627/1627/1627 1628/1628/1628 1626/1626/1626
f 1629/1629/1629 1631/1631/1631 1630/1630/1630
f 1631/1631/1631 1632/1632/1632 1630/1630/1630
o ray_0_55
usemtl sun_gold
v 0.6424500030875206 0.5216749969124794 0.097125
v 0.6424500030875206 0.5216749969124794 -0.097125
v 0.6424500030875206 0.3533250030875206 0.097125
v 0.6424500030875206 0.3533250030875206 -0.097125
v 0.3575499969124794 0.5216749969124794 -0.097125
v 0.3575499969124794 0.5216749969124794 0.097125
v 0.3575499969124794 0.3533250030875206 -0.097125
v 0.3575499969124794 0.3533250030875206 0.097125
v 0.3575499969124794 0.5216749969124794 -0.097125
v 0.6424500030875206 0.5216749969124794 -0.097125
v 0.3575499969124794 0.5216749969124794 0.097125
v 0.6424500030875206 0.5216749969124794 0.097125
v 0.3575499969124794 0.3533250030875206 0.097125
v 0.6424500030875206 0.3533250030875206 0.097125
v 0.3575499969124794 0.3533250030875206 -0.097125
v 0.6424500030875206 0.3533250030875206 -0.097125
v 0.3575499969124794 0.5216749969124794 0.097125
v 0.6424500030875206 0.5216749969124794 0.097125
v 0.3575499969124794 0.3533250030875206 0.097125
v 0.6424500030875206 0.3533250030875206 0.097125
v 0.6424500030875206 0.5216749969124794 -0.097125
v 0.3575499969124794 0.5216749969124794 -0.097125
v 0.6424500030875206 0.3533250030875206 -0.097125
v 0.3575499969124794 0.3533250030875206 -0.097125
vt 0.375 0.5625
vt 0.5625 0.5625
vt 0.375 0.375
vt 0.5625 0.375
vt 0.375 0.5625
vt 0.5625 0.5625
vt 0.375 0.375
vt 0.5625 0.375
vt 0.375 0.5625
vt 0.625 0.5625
vt 0.375 0.375
vt 0.625 0.375
vt 0.375 0.5625
vt 0.625 0.5625
vt 0.375 0.375
vt 0.625 0.375
vt 0.375 0.5625
vt 0.625 0.5625
vt 0.375 0.375
vt 0.625 0.375
vt 0.375 0.5625
vt 0.625 0.5625
vt 0.375 0.375
vt 0.625 0.375
vn 1 0 0
vn 1 0 0
vn 1 0 0
vn 1 0 0
vn -1 0 0
vn -1 0 0
vn -1 0 0
vn -1 0 0
vn 0 1 0
vn 0 1 0
vn 0 1 0
vn 0 1 0
vn 0 -1 0
vn 0 -1 0
vn 0 -1 0
vn 0 -1 0
vn 0 0 1
vn 0 0 1
vn 0 0 1
vn 0 0 1
vn 0 0 -1
vn 0 0 -1
vn 0 0 -1
vn 0 0 -1
f 1633/1633/1633 1635/1635/1635 1634/1634/1634
f 1635/1635/1635 1636/1636/1636 1634/1634/1634
f 1637/1637/1637 1639/1639/1639 1638/1638/1638
f 1639/1639/1639 1640/1640/1640 1638/1638/1638
f 1641/1641/1641 1643/1643/1643 1642/1642/1642
f 1643/1643/1643 1644/1644/1644 1642/1642/1642
f 1645/1645/1645 1647/1647/1647 1646/1646/1646
f 1647/1647/1647 1648/1648/1648 1646/1646/1646
f 1649/1649/1649 1651/1651/1651 1650/1650/1650
f 1651/1651/1651 1652/1652/1652 1650/1650/1650
f 1653/1653/1653 1655/1655/1655 1654/1654/1654
f 1655/1655/1655 1656/1656/1656 1654/1654/1654
o ray_0_56
usemtl bright_gold
v 0.8228031234964728 0.49110312650352717 0.07567500300705432
v 0.8228031234964728 0.49110312650352717 -0.07567500300705432
v 0.8228031234964728 0.38389687349647283 0.07567500300705432
v 0.8228031234964728 0.38389687349647283 -0.07567500300705432
v 0.6146968765035272 0.49110312650352717 -0.07567500300705432
v 0.6146968765035272 0.49110312650352717 0.07567500300705432
v 0.6146968765035272 0.38389687349647283 -0.07567500300705432
v 0.6146968765035272 0.38389687349647283 0.07567500300705432
v 0.6146968765035272 0.49110312650352717 -0.07567500300705432
v 0.8228031234964728 0.49110312650352717 -0.07567500300705432
v 0.6146968765035272 0.49110312650352717 0.07567500300705432
v 0.8228031234964728 0.49110312650352717 0.07567500300705432
v 0.6146968765035272 0.38389687349647283 0.07567500300705432
v 0.8228031234964728 0.38389687349647283 0.07567500300705432
v 0.6146968765035272 0.38389687349647283 -0.07567500300705432
v 0.8228031234964728 0.38389687349647283 -0.07567500300705432
v 0.6146968765035272 0.49110312650352717 0.07567500300705432
v 0.8228031234964728 0.49110312650352717 0.07567500300705432
v 0.6146968765035272 0.38389687349647283 0.07567500300705432
v 0.8228031234964728 0.38389687349647283 0.07567500300705432
v 0.8228031234964728 0.49110312650352717 -0.07567500300705432
v 0.6146968765035272 0.49110312650352717 -0.07567500300705432
v 0.8228031234964728 0.38389687349647283 -0.07567500300705432
v 0.6146968765035272 0.38389687349647283 -0.07567500300705432
vt 0 1
vt 0.125 1
vt 0 0.875
vt 0.125 0.875
vt 0 1
vt 0.125 1
vt 0 0.875
vt 0.125 0.875
vt 0 1
vt 0.1875 1
vt 0 0.875
vt 0.1875 0.875
vt 0 1
vt 0.1875 1
vt 0 0.875
vt 0.1875 0.875
vt 0 1
vt 0.1875 1
vt 0 0.875
vt 0.1875 0.875
vt 0 1
vt 0.1875 1
vt 0 0.875
vt 0.1875 0.875
vn 0.9999999999999999 0 0
vn 0.9999999999999999 0 0
vn 0.9999999999999999 0 0
vn 0.9999999999999999 0 0
vn -0.9999999999999999 0 0
vn -0.9999999999999999 0 0
vn -0.9999999999999999 0 0
vn -0.9999999999999999 0 0
vn 0 0.9999999999999999 0
vn 0 0.9999999999999999 0
vn 0 0.9999999999999999 0
vn 0 0.9999999999999999 0
vn 0 -0.9999999999999999 0
vn 0 -0.9999999999999999 0
vn 0 -0.9999999999999999 0
vn 0 -0.9999999999999999 0
vn 0 0 0.9999999999999999
vn 0 0 0.9999999999999999
vn 0 0 0.9999999999999999
vn 0 0 0.9999999999999999
vn 0 0 -0.9999999999999999
vn 0 0 -0.9999999999999999
vn 0 0 -0.9999999999999999
vn 0 0 -0.9999999999999999
f 1657/1657/1657 1659/1659/1659 1658/1658/1658
f 1659/1659/1659 1660/1660/1660 1658/1658/1658
f 1661/1661/1661 1663/1663/1663 1662/1662/1662
f 1663/1663/1663 1664/1664/1664 1662/1662/1662
f 1665/1665/1665 1667/1667/1667 1666/1666/1666
f 1667/1667/1667 1668/1668/1668 1666/1666/1666
f 1669/1669/1669 1671/1671/1671 1670/1670/1670
f 1671/1671/1671 1672/1672/1672 1670/1670/1670
f 1673/1673/1673 1675/1675/1675 1674/1674/1674
f 1675/1675/1675 1676/1676/1676 1674/1674/1674
f 1677/1677/1677 1679/1679/1679 1678/1678/1678
f 1679/1679/1679 1680/1680/1680 1678/1678/1678
o ray_0_57
usemtl sun_gold
v 0.94003125 0.4667640617247671 0.05202500077523291
v 0.94003125 0.4667640617247671 -0.05202500077523291
v 0.94003125 0.4082359382752329 0.05202500077523291
v 0.94003125 0.4082359382752329 -0.05202500077523291
v 0.80996875 0.4667640617247671 -0.05202500077523291
v 0.80996875 0.4667640617247671 0.05202500077523291
v 0.80996875 0.4082359382752329 -0.05202500077523291
v 0.80996875 0.4082359382752329 0.05202500077523291
v 0.80996875 0.4667640617247671 -0.05202500077523291
v 0.94003125 0.4667640617247671 -0.05202500077523291
v 0.80996875 0.4667640617247671 0.05202500077523291
v 0.94003125 0.4667640617247671 0.05202500077523291
v 0.80996875 0.4082359382752329 0.05202500077523291
v 0.94003125 0.4082359382752329 0.05202500077523291
v 0.80996875 0.4082359382752329 -0.05202500077523291
v 0.94003125 0.4082359382752329 -0.05202500077523291
v 0.80996875 0.4667640617247671 0.05202500077523291
v 0.94003125 0.4667640617247671 0.05202500077523291
v 0.80996875 0.4082359382752329 0.05202500077523291
v 0.94003125 0.4082359382752329 0.05202500077523291
v 0.94003125 0.4667640617247671 -0.05202500077523291
v 0.80996875 0.4667640617247671 -0.05202500077523291
v 0.94003125 0.4082359382752329 -0.05202500077523291
v 0.80996875 0.4082359382752329 -0.05202500077523291
vt 0.625 1
vt 0.75 1
vt 0.625 0.9375
vt 0.75 0.9375
vt 0.625 1
vt 0.75 1
vt 0.625 0.9375
vt 0.75 0.9375
vt 0.625 1.0625
vt 0.75 1.0625
vt 0.625 0.9375
vt 0.75 0.9375
vt 0.625 1.0625
vt 0.75 1.0625
vt 0.625 0.9375
vt 0.75 0.9375
vt 0.625 1
vt 0.75 1
vt 0.625 0.9375
vt 0.75 0.9375
vt 0.625 1
vt 0.75 1
vt 0.625 0.9375
vt 0.75 0.9375
vn 1 0 0
vn 1 0 0
vn 1 0 0
vn 1 0 0
vn -1 0 0
vn -1 0 0
vn -1 0 0
vn -1 0 0
vn 0 1 0
vn 0 1 0
vn 0 1 0
vn 0 1 0
vn 0 -1 0
vn 0 -1 0
vn 0 -1 0
vn 0 -1 0
vn 0 0 1
vn 0 0 1
vn 0 0 1
vn 0 0 1
vn 0 0 -1
vn 0 0 -1
vn 0 0 -1
vn 0 0 -1
f 1681/1681/1681 1683/1683/1683 1682/1682/1682
f 1683/1683/1683 1684/1684/1684 1682/1682/1682
f 1685/1685/1685 1687/1687/1687 1686/1686/1686
f 1687/1687/1687 1688/1688/1688 1686/1686/1686
f 1689/1689/1689 1691/1691/1691 1690/1690/1690
f 1691/1691/1691 1692/1692/1692 1690/1690/1690
f 1693/1693/1693 1695/1695/1695 1694/1694/1694
f 1695/1695/1695 1696/1696/1696 1694/1694/1694
f 1697/1697/1697 1699/1699/1699 1698/1698/1698
f 1699/1699/1699 1700/1700/1700 1698/1698/1698
f 1701/1701/1701 1703/1703/1703 1702/1702/1702
f 1703/1703/1703 1704/1704/1704 1702/1702/1702
o ray_1_58
usemtl sun_gold
v 0.4990309852023476 0.7610616902943381 0.095015625
v 0.4990309852023476 0.7610616902943381 -0.095015625
v 0.5686335689938973 0.6117984676680135 0.095015625
v 0.5686335689938973 0.6117984676680135 -0.095015625
v 0.2923588286909201 0.664688880985651 -0.095015625
v 0.2923588286909201 0.664688880985651 0.095015625
v 0.36196141248246977 0.5154256583593264 -0.095015625
v 0.36196141248246977 0.5154256583593264 0.095015625
v 0.2923588286909201 0.664688880985651 -0.095015625
v 0.4990309852023476 0.7610616902943381 -0.095015625
v 0.2923588286909201 0.664688880985651 0.095015625
v 0.4990309852023476 0.7610616902943381 0.095015625
v 0.36196141248246977 0.5154256583593264 0.095015625
v 0.5686335689938973 0.6117984676680135 0.095015625
v 0.36196141248246977 0.5154256583593264 -0.095015625
v 0.5686335689938973 0.6117984676680135 -0.095015625
v 0.2923588286909201 0.664688880985651 0.095015625
v 0.4990309852023476 0.7610616902943381 0.095015625
v 0.36196141248246977 0.5154256583593264 0.095015625
v 0.5686335689938973 0.6117984676680135 0.095015625
v 0.4990309852023476 0.7610616902943381 -0.095015625
v 0.2923588286909201 0.664688880985651 -0.095015625
v 0.5686335689938973 0.6117984676680135 -0.095015625
v 0.36196141248246977 0.5154256583593264 -0.095015625
vt 0.8125 1.0625
vt 1 1.0625
vt 0.8125 0.875
vt 1 0.875
vt 0.8125 1.0625
vt 1 1.0625
vt 0.8125 0.875
vt 1 0.875
vt 0.8125 1.0625
vt 1.0625 1.0625
vt 0.8125 0.875
vt 1.0625 0.875
vt 0.8125 1.0625
vt 1.0625 1.0625
vt 0.8125 0.875
vt 1.0625 0.875
vt 0.8125 1.0625
vt 1.0625 1.0625
vt 0.8125 0.875
vt 1.0625 0.875
vt 0.8125 1.0625
vt 1.0625 1.0625
vt 0.8125 0.875
vt 1.0625 0.875
vn 0.9063077870366498 0.42261826174069944 0
vn 0.9063077870366498 0.42261826174069944 0
vn 0.9063077870366498 0.42261826174069944 0
vn 0.9063077870366498 0.42261826174069944 0
vn -0.9063077870366498 -0.42261826174069944 0
vn -0.9063077870366498 -0.42261826174069944 0
vn -0.9063077870366498 -0.42261826174069944 0
vn -0.9063077870366498 -0.42261826174069944 0
vn -0.42261826174069944 0.9063077870366498 0
vn -0.42261826174069944 0.9063077870366498 0
vn -0.42261826174069944 0.9063077870366498 0
vn -0.42261826174069944 0.9063077870366498 0
vn 0.42261826174069944 -0.9063077870366498 0
vn 0.42261826174069944 -0.9063077870366498 0
vn 0.42261826174069944 -0.9063077870366498 0
vn 0.42261826174069944 -0.9063077870366498 0
vn 0 0 1
vn 0 0 1
vn 0 0 1
vn 0 0 1
vn 0 0 -1
vn 0 0 -1
vn 0 0 -1
vn 0 0 -1
f 1705/1705/1705 1707/1707/1707 1706/1706/1706
f 1707/1707/1707 1708/1708/1708 1706/1706/1706
f 1709/1709/1709 1711/1711/1711 1710/1710/1710
f 1711/1711/1711 1712/1712/1712 1710/1710/1710
f 1713/1713/1713 1715/1715/1715 1714/1714/1714
f 1715/1715/1715 1716/1716/1716 1714/1714/1714
f 1717/1717/1717 1719/1719/1719 1718/1718/1718
f 1719/1719/1719 1720/1720/1720 1718/1718/1718
f 1721/1721/1721 1723/1723/1723 1722/1722/1722
f 1723/1723/1723 1724/1724/1724 1722/1722/1722
f 1725/1725/1725 1727/1727/1727 1726/1726/1726
f 1727/1727/1727 1728/1728/1728 1726/1726/1726
o ray_1_59
usemtl bright_gold
v 0.6455490023001835 0.799779159987445 0.07837500311434269
v 0.6455490023001835 0.799779159987445 -0.07837500311434269
v 0.6924728374902587 0.6991506706854789 0.07837500311434269
v 0.6924728374902587 0.6991506706854789 -0.07837500311434269
v 0.48572728565738627 0.7252530695774304 -0.07837500311434269
v 0.48572728565738627 0.7252530695774304 0.07837500311434269
v 0.5326511208474614 0.6246245802754643 -0.07837500311434269
v 0.5326511208474614 0.6246245802754643 0.07837500311434269
v 0.48572728565738627 0.7252530695774304 -0.07837500311434269
v 0.6455490023001835 0.799779159987445 -0.07837500311434269
v 0.48572728565738627 0.7252530695774304 0.07837500311434269
v 0.6455490023001835 0.799779159987445 0.07837500311434269
v 0.5326511208474614 0.6246245802754643 0.07837500311434269
v 0.6924728374902587 0.6991506706854789 0.07837500311434269
v 0.5326511208474614 0.6246245802754643 -0.07837500311434269
v 0.6924728374902587 0.6991506706854789 -0.07837500311434269
v 0.48572728565738627 0.7252530695774304 0.07837500311434269
v 0.6455490023001835 0.799779159987445 0.07837500311434269
v 0.5326511208474614 0.6246245802754643 0.07837500311434269
v 0.6924728374902587 0.6991506706854789 0.07837500311434269
v 0.6455490023001835 0.799779159987445 -0.07837500311434269
v 0.48572728565738627 0.7252530695774304 -0.07837500311434269
v 0.6924728374902587 0.6991506706854789 -0.07837500311434269
v 0.5326511208474614 0.6246245802754643 -0.07837500311434269
vt 0.3125 0.5625
vt 0.4375 0.5625
vt 0.3125 0.4375
vt 0.4375 0.4375
vt 0.3125 0.5625
vt 0.4375 0.5625
vt 0.3125 0.4375
vt 0.4375 0.4375
vt 0.3125 0.5625
vt 0.5 0.5625
vt 0.3125 0.4375
vt 0.5 0.4375
vt 0.3125 0.5625
vt 0.5 0.5625
vt 0.3125 0.4375
vt 0.5 0.4375
vt 0.3125 0.5625
vt 0.5 0.5625
vt 0.3125 0.4375
vt 0.5 0.4375
vt 0.3125 0.5625
vt 0.5 0.5625
vt 0.3125 0.4375
vt 0.5 0.4375
vn 0.9063077870366499 0.42261826174069944 0
vn 0.9063077870366499 0.42261826174069944 0
vn 0.9063077870366499 0.42261826174069944 0
vn 0.9063077870366499 0.42261826174069944 0
vn -0.9063077870366499 -0.42261826174069944 0
vn -0.9063077870366499 -0.42261826174069944 0
vn -0.9063077870366499 -0.42261826174069944 0
vn -0.9063077870366499 -0.42261826174069944 0
vn -0.42261826174069944 0.9063077870366499 0
vn -0.42261826174069944 0.9063077870366499 0
vn -0.42261826174069944 0.9063077870366499 0
vn -0.42261826174069944 0.9063077870366499 0
vn 0.42261826174069944 -0.9063077870366499 0
vn 0.42261826174069944 -0.9063077870366499 0
vn 0.42261826174069944 -0.9063077870366499 0
vn 0.42261826174069944 -0.9063077870366499 0
vn 0 0 1
vn 0 0 1
vn 0 0 1
vn 0 0 1
vn 0 0 -1
vn 0 0 -1
vn 0 0 -1
vn 0 0 -1
f 1729/1729/1729 1731/1731/1731 1730/1730/1730
f 1731/1731/1731 1732/1732/1732 1730/1730/1730
f 1733/1733/1733 1735/1735/1735 1734/1734/1734
f 1735/1735/1735 1736/1736/1736 1734/1734/1734
f 1737/1737/1737 1739/1739/1739 1738/1738/1738
f 1739/1739/1739 1740/1740/1740 1738/1738/1738
f 1741/1741/1741 1743/1743/1743 1742/1742/1742
f 1743/1743/1743 1744/1744/1744 1742/1742/1742
f 1745/1745/1745 1747/1747/1747 1746/1746/1746
f 1747/1747/1747 1748/1748/1748 1746/1746/1746
f 1749/1749/1749 1751/1751/1751 1750/1750/1750
f 1751/1751/1751 1752/1752/1752 1750/1750/1750
o ray_1_60
usemtl sun_gold
v 0.7364195132150552 0.8124891468323732 0.05090000075846911
v 0.7364195132150552 0.8124891468323732 -0.05090000075846911
v 0.7606196907868962 0.7605916985519999 0.05090000075846911
v 0.7606196907868962 0.7605916985519999 -0.05090000075846911
v 0.6441573791199112 0.7694666071460842 -0.05090000075846911
v 0.6441573791199112 0.7694666071460842 0.05090000075846911
v 0.6683575566917522 0.7175691588657109 -0.05090000075846911
v 0.6683575566917522 0.7175691588657109 0.05090000075846911
v 0.6441573791199112 0.7694666071460842 -0.05090000075846911
v 0.7364195132150552 0.8124891468323732 -0.05090000075846911
v 0.6441573791199112 0.7694666071460842 0.05090000075846911
v 0.7364195132150552 0.8124891468323732 0.05090000075846911
v 0.6683575566917522 0.7175691588657109 0.05090000075846911
v 0.7606196907868962 0.7605916985519999 0.05090000075846911
v 0.6683575566917522 0.7175691588657109 -0.05090000075846911
v 0.7606196907868962 0.7605916985519999 -0.05090000075846911
v 0.6441573791199112 0.7694666071460842 0.05090000075846911
v 0.7364195132150552 0.8124891468323732 0.05090000075846911
v 0.6683575566917522 0.7175691588657109 0.05090000075846911
v 0.7606196907868962 0.7605916985519999 0.05090000075846911
v 0.7364195132150552 0.8124891468323732 -0.05090000075846911
v 0.6441573791199112 0.7694666071460842 -0.05090000075846911
v 0.7606196907868962 0.7605916985519999 -0.05090000075846911
v 0.6683575566917522 0.7175691588657109 -0.05090000075846911
vt 0.5625 0.1875
vt 0.6875 0.1875
vt 0.5625 0.125
vt 0.6875 0.125
vt 0.5625 0.1875
vt 0.6875 0.1875
vt 0.5625 0.125
vt 0.6875 0.125
vt 0.5625 0.25
vt 0.6875 0.25
vt 0.5625 0.125
vt 0.6875 0.125
vt 0.5625 0.25
vt 0.6875 0.25
vt 0.5625 0.125
vt 0.6875 0.125
vt 0.5625 0.1875
vt 0.6875 0.1875
vt 0.5625 0.125
vt 0.6875 0.125
vt 0.5625 0.1875
vt 0.6875 0.1875
vt 0.5625 0.125
vt 0.6875 0.125
vn 0.9063077870366499 0.42261826174069944 0
vn 0.9063077870366499 0.42261826174069944 0
vn 0.9063077870366499 0.42261826174069944 0
vn 0.9063077870366499 0.42261826174069944 0
vn -0.9063077870366499 -0.42261826174069944 0
vn -0.9063077870366499 -0.42261826174069944 0
vn -0.9063077870366499 -0.42261826174069944 0
vn -0.9063077870366499 -0.42261826174069944 0
vn -0.42261826174069944 0.9063077870366499 0
vn -0.42261826174069944 0.9063077870366499 0
vn -0.42261826174069944 0.9063077870366499 0
vn -0.42261826174069944 0.9063077870366499 0
vn 0.42261826174069944 -0.9063077870366499 0
vn 0.42261826174069944 -0.9063077870366499 0
vn 0.42261826174069944 -0.9063077870366499 0
vn 0.42261826174069944 -0.9063077870366499 0
vn 0 0 0.9999999999999999
vn 0 0 0.9999999999999999
vn 0 0 0.9999999999999999
vn 0 0 0.9999999999999999
vn 0 0 -0.9999999999999999
vn 0 0 -0.9999999999999999
vn 0 0 -0.9999999999999999
vn 0 0 -0.9999999999999999
f 1753/1753/1753 1755/1755/1755 1754/1754/1754
f 1755/1755/1755 1756/1756/1756 1754/1754/1754
f 1757/1757/1757 1759/1759/1759 1758/1758/1758
f 1759/1759/1759 1760/1760/1760 1758/1758/1758
f 1761/1761/1761 1763/1763/1763 1762/1762/1762
f 1763/1763/1763 1764/1764/1764 1762/1762/1762
f 1765/1765/1765 1767/1767/1767 1766/1766/1766
f 1767/1767/1767 1768/1768/1768 1766/1766/1766
f 1769/1769/1769 1771/1771/1771 1770/1770/1770
f 1771/1771/1771 1772/1772/1772 1770/1770/1770
f 1773/1773/1773 1775/1775/1775 1774/1774/1774
f 1775/1775/1775 1776/1776/1776 1774/1774/1774
o ray_2_61
usemtl sun_gold
v 0.573540273804409 0.26414087859712465 0.09839062500000001
v 0.573540273804409 0.26414087859712465 -0.09839062500000001
v 0.5014653732723602 0.10957575561110813 0.09839062500000001
v 0.5014653732723602 0.10957575561110813 -0.09839062500000001
v 0.35952702441245715 0.36393689573522736 -0.09839062500000001
v 0.35952702441245715 0.36393689573522736 0.09839062500000001
v 0.2874521238804084 0.20937177274921084 -0.09839062500000001
v 0.2874521238804084 0.20937177274921084 0.09839062500000001
v 0.35952702441245715 0.36393689573522736 -0.09839062500000001
v 0.573540273804409 0.26414087859712465 -0.09839062500000001
v 0.35952702441245715 0.36393689573522736 0.09839062500000001
v 0.573540273804409 0.26414087859712465 0.09839062500000001
v 0.2874521238804084 0.20937177274921084 0.09839062500000001
v 0.5014653732723602 0.10957575561110813 0.09839062500000001
v 0.2874521238804084 0.20937177274921084 -0.09839062500000001
v 0.5014653732723602 0.10957575561110813 -0.09839062500000001
v 0.35952702441245715 0.36393689573522736 0.09839062500000001
v 0.573540273804409 0.26414087859712465 0.09839062500000001
v 0.2874521238804084 0.20937177274921084 0.09839062500000001
v 0.5014653732723602 0.10957575561110813 0.09839062500000001
v 0.573540273804409 0.26414087859712465 -0.09839062500000001
v 0.35952702441245715 0.36393689573522736 -0.09839062500000001
v 0.5014653732723602 0.10957575561110813 -0.09839062500000001
v 0.2874521238804084 0.20937177274921084 -0.09839062500000001
vt 0.8125 1.0625
vt 1 1.0625
vt 0.8125 0.875
vt 1 0.875
vt 0.8125 1.0625
vt 1 1.0625
vt 0.8125 0.875
vt 1 0.875
vt 0.8125 1.0625
vt 1.0625 1.0625
vt 0.8125 0.875
vt 1.0625 0.875
vt 0.8125 1.0625
vt 1.0625 1.0625
vt 0.8125 0.875
vt 1.0625 0.875
vt 0.8125 1.0625
vt 1.0625 1.0625
vt 0.8125 0.875
vt 1.0625 0.875
vt 0.8125 1.0625
vt 1.0625 1.0625
vt 0.8125 0.875
vt 1.0625 0.875
vn 0.9063077870366499 -0.42261826174069944 0
vn 0.9063077870366499 -0.42261826174069944 0
vn 0.9063077870366499 -0.42261826174069944 0
vn 0.9063077870366499 -0.42261826174069944 0
vn -0.9063077870366499 0.42261826174069944 0
vn -0.9063077870366499 0.42261826174069944 0
vn -0.9063077870366499 0.42261826174069944 0
vn -0.9063077870366499 0.42261826174069944 0
vn 0.42261826174069944 0.9063077870366499 0
vn 0.42261826174069944 0.9063077870366499 0
vn 0.42261826174069944 0.9063077870366499 0
vn 0.42261826174069944 0.9063077870366499 0
vn -0.42261826174069944 -0.9063077870366499 0
vn -0.42261826174069944 -0.9063077870366499 0
vn -0.42261826174069944 -0.9063077870366499 0
vn -0.42261826174069944 -0.9063077870366499 0
vn 0 0 0.9999999999999999
vn 0 0 0.9999999999999999
vn 0 0 0.9999999999999999
vn 0 0 0.9999999999999999
vn 0 0 -0.9999999999999999
vn 0 0 -0.9999999999999999
vn 0 0 -0.9999999999999999
vn 0 0 -0.9999999999999999
f 1777/1777/1777 1779/1779/1779 1778/1778/1778
f 1779/1779/1779 1780/1780/1780 1778/1778/1778
f 1781/1781/1781 1783/1783/1783 1782/1782/1782
f 1783/1783/1783 1784/1784/1784 1782/1782/1782
f 1785/1785/1785 1787/1787/1787 1786/1786/1786
f 1787/1787/1787 1788/1788/1788 1786/1786/1786
f 1789/1789/1789 1791/1791/1791 1790/1790/1790
f 1791/1791/1791 1792/1792/1792 1790/1790/1790
f 1793/1793/1793 1795/1795/1795 1794/1794/1794
f 1795/1795/1795 1796/1796/1796 1794/1794/1794
f 1797/1797/1797 1799/1799/1799 1798/1798/1798
f 1799/1799/1799 1800/1800/1800 1798/1798/1798
o ray_2_62
usemtl bright_gold
v 0.6902471078652636 0.17556832262788527 0.07668750304728746
v 0.6902471078652636 0.17556832262788527 -0.07668750304728746
v 0.6443335944855011 0.07710647544007637 0.07668750304728746
v 0.6443335944855011 0.07710647544007637 -0.07668750304728746
v 0.5338665286621438 0.24848978429701435 -0.07668750304728746
v 0.5338665286621438 0.24848978429701435 0.07668750304728746
v 0.48795301528238133 0.15002793710920545 -0.07668750304728746
v 0.48795301528238133 0.15002793710920545 0.07668750304728746
v 0.5338665286621438 0.24848978429701435 -0.07668750304728746
v 0.6902471078652636 0.17556832262788527 -0.07668750304728746
v 0.5338665286621438 0.24848978429701435 0.07668750304728746
v 0.6902471078652636 0.17556832262788527 0.07668750304728746
v 0.48795301528238133 0.15002793710920545 0.07668750304728746
v 0.6443335944855011 0.07710647544007637 0.07668750304728746
v 0.48795301528238133 0.15002793710920545 -0.07668750304728746
v 0.6443335944855011 0.07710647544007637 -0.07668750304728746
v 0.5338665286621438 0.24848978429701435 0.07668750304728746
v 0.6902471078652636 0.17556832262788527 0.07668750304728746
v 0.48795301528238133 0.15002793710920545 0.07668750304728746
v 0.6443335944855011 0.07710647544007637 0.07668750304728746
v 0.6902471078652636 0.17556832262788527 -0.07668750304728746
v 0.5338665286621438 0.24848978429701435 -0.07668750304728746
v 0.6443335944855011 0.07710647544007637 -0.07668750304728746
v 0.48795301528238133 0.15002793710920545 -0.07668750304728746
vt 0.3125 0.5625
vt 0.4375 0.5625
vt 0.3125 0.4375
vt 0.4375 0.4375
vt 0.3125 0.5625
vt 0.4375 0.5625
vt 0.3125 0.4375
vt 0.4375 0.4375
vt 0.3125 0.5625
vt 0.5 0.5625
vt 0.3125 0.4375
vt 0.5 0.4375
vt 0.3125 0.5625
vt 0.5 0.5625
vt 0.3125 0.4375
vt 0.5 0.4375
vt 0.3125 0.5625
vt 0.5 0.5625
vt 0.3125 0.4375
vt 0.5 0.4375
vt 0.3125 0.5625
vt 0.5 0.5625
vt 0.3125 0.4375
vt 0.5 0.4375
vn 0.9063077870366499 -0.4226182617406995 0
vn 0.9063077870366499 -0.4226182617406995 0
vn 0.9063077870366499 -0.4226182617406995 0
vn 0.9063077870366499 -0.4226182617406995 0
vn -0.9063077870366499 0.4226182617406995 0
vn -0.9063077870366499 0.4226182617406995 0
vn -0.9063077870366499 0.4226182617406995 0
vn -0.9063077870366499 0.4226182617406995 0
vn 0.4226182617406995 0.9063077870366499 0
vn 0.4226182617406995 0.9063077870366499 0
vn 0.4226182617406995 0.9063077870366499 0
vn 0.4226182617406995 0.9063077870366499 0
vn -0.4226182617406995 -0.9063077870366499 0
vn -0.4226182617406995 -0.9063077870366499 0
vn -0.4226182617406995 -0.9063077870366499 0
vn -0.4226182617406995 -0.9063077870366499 0
vn 0 0 1
vn 0 0 1
vn 0 0 1
vn 0 0 1
vn 0 0 -1
vn 0 0 -1
vn 0 0 -1
vn 0 0 -1
f 1801/1801/1801 1803/1803/1803 1802/1802/1802
f 1803/1803/1803 1804/1804/1804 1802/1802/1802
f 1805/1805/1805 1807/1807/1807 1806/1806/1806
f 1807/1807/1807 1808/1808/1808 1806/1806/1806
f 1809/1809/1809 1811/1811/1811 1810/1810/1810
f 1811/1811/1811 1812/1812/1812 1810/1810/1810
f 1813/1813/1813 1815/1815/1815 1814/1814/1814
f 1815/1815/1815 1816/1816/1816 1814/1814/1814
f 1817/1817/1817 1819/1819/1819 1818/1818/1818
f 1819/1819/1819 1820/1820/1820 1818/1818/1818
f 1821/1821/1821 1823/1823/1823 1822/1822/1822
f 1823/1823/1823 1824/1824/1824 1822/1822/1822
o ray_2_63
usemtl sun_gold
v 0.7626789458065482 0.11456522517559686 0.0527000007852912
v 0.7626789458065482 0.11456522517559686 -0.0527000007852912
v 0.7376229662773532 0.06083250367509252 0.0527000007852912
v 0.7376229662773532 0.06083250367509252 -0.0527000007852912
v 0.6671541036294542 0.15910919062682338 -0.0527000007852912
v 0.6671541036294542 0.15910919062682338 0.0527000007852912
v 0.6420981241002592 0.10537646912631904 -0.0527000007852912
v 0.6420981241002592 0.10537646912631904 0.0527000007852912
v 0.6671541036294542 0.15910919062682338 -0.0527000007852912
v 0.7626789458065482 0.11456522517559686 -0.0527000007852912
v 0.6671541036294542 0.15910919062682338 0.0527000007852912
v 0.7626789458065482 0.11456522517559686 0.0527000007852912
v 0.6420981241002592 0.10537646912631904 0.0527000007852912
v 0.7376229662773532 0.06083250367509252 0.0527000007852912
v 0.6420981241002592 0.10537646912631904 -0.0527000007852912
v 0.7376229662773532 0.06083250367509252 -0.0527000007852912
v 0.6671541036294542 0.15910919062682338 0.0527000007852912
v 0.7626789458065482 0.11456522517559686 0.0527000007852912
v 0.6420981241002592 0.10537646912631904 0.0527000007852912
v 0.7376229662773532 0.06083250367509252 0.0527000007852912
v 0.7626789458065482 0.11456522517559686 -0.0527000007852912
v 0.6671541036294542 0.15910919062682338 -0.0527000007852912
v 0.7376229662773532 0.06083250367509252 -0.0527000007852912
v 0.6420981241002592 0.10537646912631904 -0.0527000007852912
vt 0.5625 0.1875
vt 0.6875 0.1875
vt 0.5625 0.125
vt 0.6875 0.125
vt 0.5625 0.1875
vt 0.6875 0.1875
vt 0.5625 0.125
vt 0.6875 0.125
vt 0.5625 0.25
vt 0.6875 0.25
vt 0.5625 0.125
vt 0.6875 0.125
vt 0.5625 0.25
vt 0.6875 0.25
vt 0.5625 0.125
vt 0.6875 0.125
vt 0.5625 0.1875
vt 0.6875 0.1875
vt 0.5625 0.125
vt 0.6875 0.125
vt 0.5625 0.1875
vt 0.6875 0.1875
vt 0.5625 0.125
vt 0.6875 0.125
vn 0.9063077870366502 -0.42261826174069955 0
vn 0.9063077870366502 -0.42261826174069955 0
vn 0.9063077870366502 -0.42261826174069955 0
vn 0.9063077870366502 -0.42261826174069955 0
vn -0.9063077870366502 0.42261826174069955 0
vn -0.9063077870366502 0.42261826174069955 0
vn -0.9063077870366502 0.42261826174069955 0
vn -0.9063077870366502 0.42261826174069955 0
vn 0.42261826174069955 0.9063077870366502 0
vn 0.42261826174069955 0.9063077870366502 0
vn 0.42261826174069955 0.9063077870366502 0
vn 0.42261826174069955 0.9063077870366502 0
vn -0.42261826174069955 -0.9063077870366502 0
vn -0.42261826174069955 -0.9063077870366502 0
vn -0.42261826174069955 -0.9063077870366502 0
vn -0.42261826174069955 -0.9063077870366502 0
vn 0 0 1
vn 0 0 1
vn 0 0 1
vn 0 0 1
vn 0 0 -1
vn 0 0 -1
vn 0 0 -1
vn 0 0 -1
f 1825/1825/1825 1827/1827/1827 1826/1826/1826
f 1827/1827/1827 1828/1828/1828 1826/1826/1826
f 1829/1829/1829 1831/1831/1831 1830/1830/1830
f 1831/1831/1831 1832/1832/1832 1830/1830/1830
f 1833/1833/1833 1835/1835/1835 1834/1834/1834
f 1835/1835/1835 1836/1836/1836 1834/1834/1834
f 1837/1837/1837 1839/1839/1839 1838/1838/1838
f 1839/1839/1839 1840/1840/1840 1838/1838/1838
f 1841/1841/1841 1843/1843/1843 1842/1842/1842
f 1843/1843/1843 1844/1844/1844 1842/1842/1842
f 1845/1845/1845 1847/1847/1847 1846/1846/1846
f 1847/1847/1847 1848/1848/1848 1846/1846/1846
o ray_3_64
usemtl sun_gold
v 0.38091212545589115 0.038980840502209846 0.09628124999999998
v 0.38091212545589115 0.038980840502209846 -0.09628124999999998
v 0.24420589367896692 -0.056741893508236274 0.09628124999999998
v 0.24420589367896692 -0.056741893508236274 -0.09628124999999998
v 0.27488078121872983 0.1904092934266987 -0.09628124999999998
v 0.27488078121872983 0.1904092934266987 0.09628124999999998
v 0.13817454944180563 0.09468655941625259 -0.09628124999999998
v 0.13817454944180563 0.09468655941625259 0.09628124999999998
v 0.27488078121872983 0.1904092934266987 -0.09628124999999998
v 0.38091212545589115 0.038980840502209846 -0.09628124999999998
v 0.27488078121872983 0.1904092934266987 0.09628124999999998
v 0.38091212545589115 0.038980840502209846 0.09628124999999998
v 0.13817454944180563 0.09468655941625259 0.09628124999999998
v 0.24420589367896692 -0.056741893508236274 0.09628124999999998
v 0.13817454944180563 0.09468655941625259 -0.09628124999999998
v 0.24420589367896692 -0.056741893508236274 -0.09628124999999998
v 0.27488078121872983 0.1904092934266987 0.09628124999999998
v 0.38091212545589115 0.038980840502209846 0.09628124999999998
v 0.13817454944180563 0.09468655941625259 0.09628124999999998
v 0.24420589367896692 -0.056741893508236274 0.09628124999999998
v 0.38091212545589115 0.038980840502209846 -0.09628124999999998
v 0.27488078121872983 0.1904092934266987 -0.09628124999999998
v 0.24420589367896692 -0.056741893508236274 -0.09628124999999998
v 0.13817454944180563 0.09468655941625259 -0.09628124999999998
vt 0.8125 0.5625
vt 1 0.5625
vt 0.8125 0.375
vt 1 0.375
vt 0.8125 0.5625
vt 1 0.5625
vt 0.8125 0.375
vt 1 0.375
vt 0.8125 0.5625
vt 1 0.5625
vt 0.8125 0.375
vt 1 0.375
vt 0.8125 0.5625
vt 1 0.5625
vt 0.8125 0.375
vt 1 0.375
vt 0.8125 0.5625
vt 1 0.5625
vt 0.8125 0.375
vt 1 0.375
vt 0.8125 0.5625
vt 1 0.5625
vt 0.8125 0.375
vt 1 0.375
vn 0.5735764363510462 -0.8191520442889918 0
vn 0.5735764363510462 -0.8191520442889918 0
vn 0.5735764363510462 -0.8191520442889918 0
vn 0.5735764363510462 -0.8191520442889918 0
vn -0.5735764363510462 0.8191520442889918 0
vn -0.5735764363510462 0.8191520442889918 0
vn -0.5735764363510462 0.8191520442889918 0
vn -0.5735764363510462 0.8191520442889918 0
vn 0.8191520442889918 0.5735764363510462 0
vn 0.8191520442889918 0.5735764363510462 0
vn 0.8191520442889918 0.5735764363510462 0
vn 0.8191520442889918 0.5735764363510462 0
vn -0.8191520442889918 -0.5735764363510462 0
vn -0.8191520442889918 -0.5735764363510462 0
vn -0.8191520442889918 -0.5735764363510462 0
vn -0.8191520442889918 -0.5735764363510462 0
vn 0 0 1
vn 0 0 1
vn 0 0 1
vn 0 0 1
vn 0 0 -1
vn 0 0 -1
vn 0 0 -1
vn 0 0 -1
f 1849/1849/1849 1851/1851/1851 1850/1850/1850
f 1851/1851/1851 1852/1852/1852 1850/1850/1850
f 1853/1853/1853 1855/1855/1855 1854/1854/1854
f 1855/1855/1855 1856/1856/1856 1854/1854/1854
f 1857/1857/1857 1859/1859/1859 1858/1858/1858
f 1859/1859/1859 1860/1860/1860 1858/1858/1858
f 1861/1861/1861 1863/1863/1863 1862/1862/1862
f 1863/1863/1863 1864/1864/1864 1862/1862/1862
f 1865/1865/1865 1867/1867/1867 1866/1866/1866
f 1867/1867/1867 1868/1868/1868 1866/1866/1866
f 1869/1869/1869 1871/1871/1871 1870/1870/1870
f 1871/1871/1871 1872/1872/1872 1870/1870/1870
o ray_3_65
usemtl bright_gold
v 0.4195685061945909 -0.06908531219826246 0.07500000298023224
v 0.4195685061945909 -0.06908531219826246 -0.07500000298023224
v 0.3325335990476222 -0.13002781026995208 0.07500000298023224
v 0.3325335990476222 -0.13002781026995208 -0.07500000298023224
v 0.3421356842102959 0.04150021817502543 -0.07500000298023224
v 0.3421356842102959 0.04150021817502543 0.07500000298023224
v 0.2551007770633272 -0.019442279896664208 -0.07500000298023224
v 0.2551007770633272 -0.019442279896664208 0.07500000298023224
v 0.3421356842102959 0.04150021817502543 -0.07500000298023224
v 0.4195685061945909 -0.06908531219826246 -0.07500000298023224
v 0.3421356842102959 0.04150021817502543 0.07500000298023224
v 0.4195685061945909 -0.06908531219826246 0.07500000298023224
v 0.2551007770633272 -0.019442279896664208 0.07500000298023224
v 0.3325335990476222 -0.13002781026995208 0.07500000298023224
v 0.2551007770633272 -0.019442279896664208 -0.07500000298023224
v 0.3325335990476222 -0.13002781026995208 -0.07500000298023224
v 0.3421356842102959 0.04150021817502543 0.07500000298023224
v 0.4195685061945909 -0.06908531219826246 0.07500000298023224
v 0.2551007770633272 -0.019442279896664208 0.07500000298023224
v 0.3325335990476222 -0.13002781026995208 0.07500000298023224
v 0.4195685061945909 -0.06908531219826246 -0.07500000298023224
v 0.3421356842102959 0.04150021817502543 -0.07500000298023224
v 0.3325335990476222 -0.13002781026995208 -0.07500000298023224
v 0.2551007770633272 -0.019442279896664208 -0.07500000298023224
vt 0.0625 1
vt 0.1875 1
vt 0.0625 0.875
vt 0.1875 0.875
vt 0.0625 1
vt 0.1875 1
vt 0.0625 0.875
vt 0.1875 0.875
vt 0.0625 1
vt 0.1875 1
vt 0.0625 0.875
vt 0.1875 0.875
vt 0.0625 1
vt 0.1875 1
vt 0.0625 0.875
vt 0.1875 0.875
vt 0.0625 1
vt 0.1875 1
vt 0.0625 0.875
vt 0.1875 0.875
vt 0.0625 1
vt 0.1875 1
vt 0.0625 0.875
vt 0.1875 0.875
vn 0.5735764363510462 -0.8191520442889918 0
vn 0.5735764363510462 -0.8191520442889918 0
vn 0.5735764363510462 -0.8191520442889918 0
vn 0.5735764363510462 -0.8191520442889918 0
vn -0.5735764363510462 0.8191520442889918 0
vn -0.5735764363510462 0.8191520442889918 0
vn -0.5735764363510462 0.8191520442889918 0
vn -0.5735764363510462 0.8191520442889918 0
vn 0.8191520442889918 0.5735764363510462 0
vn 0.8191520442889918 0.5735764363510462 0
vn 0.8191520442889918 0.5735764363510462 0
vn 0.8191520442889918 0.5735764363510462 0
vn -0.8191520442889918 -0.5735764363510462 0
vn -0.8191520442889918 -0.5735764363510462 0
vn -0.8191520442889918 -0.5735764363510462 0
vn -0.8191520442889918 -0.5735764363510462 0
vn 0 0 1
vn 0 0 1
vn 0 0 1
vn 0 0 1
vn 0 0 -1
vn 0 0 -1
vn 0 0 -1
vn 0 0 -1
f 1873/1873/1873 1875/1875/1875 1874/1874/1874
f 1875/1875/1875 1876/1876/1876 1874/1874/1874
f 1877/1877/1877 1879/1879/1879 1878/1878/1878
f 1879/1879/1879 1880/1880/1880 1878/1878/1878
f 1881/1881/1881 1883/1883/1883 1882/1882/1882
f 1883/1883/1883 1884/1884/1884 1882/1882/1882
f 1885/1885/1885 1887/1887/1887 1886/1886/1886
f 1887/1887/1887 1888/1888/1888 1886/1886/1886
f 1889/1889/1889 1891/1891/1891 1890/1890/1890
f 1891/1891/1891 1892/1892/1892 1890/1890/1890
f 1893/1893/1893 1895/1895/1895 1894/1894/1894
f 1895/1895/1895 1896/1896/1896 1894/1894/1894
o ray_3_66
usemtl sun_gold
v 0.43959043585333873 -0.13972118006439072 0.05157500076852739
v 0.43959043585333873 -0.13972118006439072 -0.05157500076852739
v 0.39206169959268994 -0.17300115947567818 0.05157500076852739
v 0.39206169959268994 -0.17300115947567818 -0.05157500076852739
v 0.39373801820824333 -0.07423714120024072 -0.05157500076852739
v 0.39373801820824333 -0.07423714120024072 0.05157500076852739
v 0.34620928194759454 -0.10751712061152818 -0.05157500076852739
v 0.34620928194759454 -0.10751712061152818 0.05157500076852739
v 0.39373801820824333 -0.07423714120024072 -0.05157500076852739
v 0.43959043585333873 -0.13972118006439072 -0.05157500076852739
v 0.39373801820824333 -0.07423714120024072 0.05157500076852739
v 0.43959043585333873 -0.13972118006439072 0.05157500076852739
v 0.34620928194759454 -0.10751712061152818 0.05157500076852739
v 0.39206169959268994 -0.17300115947567818 0.05157500076852739
v 0.34620928194759454 -0.10751712061152818 -0.05157500076852739
v 0.39206169959268994 -0.17300115947567818 -0.05157500076852739
v 0.39373801820824333 -0.07423714120024072 0.05157500076852739
v 0.43959043585333873 -0.13972118006439072 0.05157500076852739
v 0.34620928194759454 -0.10751712061152818 0.05157500076852739
v 0.39206169959268994 -0.17300115947567818 0.05157500076852739
v 0.43959043585333873 -0.13972118006439072 -0.05157500076852739
v 0.39373801820824333 -0.07423714120024072 -0.05157500076852739
v 0.39206169959268994 -0.17300115947567818 -0.05157500076852739
v 0.34620928194759454 -0.10751712061152818 -0.05157500076852739
vt 0.75 0.1875
vt 0.875 0.1875
vt 0.75 0.125
vt 0.875 0.125
vt 0.75 0.1875
vt 0.875 0.1875
vt 0.75 0.125
vt 0.875 0.125
vt 0.75 0.25
vt 0.8125 0.25
vt 0.75 0.125
vt 0.8125 0.125
vt 0.75 0.25
vt 0.8125 0.25
vt 0.75 0.125
vt 0.8125 0.125
vt 0.75 0.1875
vt 0.8125 0.1875
vt 0.75 0.125
vt 0.8125 0.125
vt 0.75 0.1875
vt 0.8125 0.1875
vt 0.75 0.125
vt 0.8125 0.125
vn 0.573576436351046 -0.8191520442889917 0
vn 0.573576436351046 -0.8191520442889917 0
vn 0.573576436351046 -0.8191520442889917 0
vn 0.573576436351046 -0.8191520442889917 0
vn -0.573576436351046 0.8191520442889917 0
vn -0.573576436351046 0.8191520442889917 0
vn -0.573576436351046 0.8191520442889917 0
vn -0.573576436351046 0.8191520442889917 0
vn 0.8191520442889917 0.573576436351046 0
vn 0.8191520442889917 0.573576436351046 0
vn 0.8191520442889917 0.573576436351046 0
vn 0.8191520442889917 0.573576436351046 0
vn -0.8191520442889917 -0.573576436351046 0
vn -0.8191520442889917 -0.573576436351046 0
vn -0.8191520442889917 -0.573576436351046 0
vn -0.8191520442889917 -0.573576436351046 0
vn 0 0 1
vn 0 0 1
vn 0 0 1
vn 0 0 1
vn 0 0 -1
vn 0 0 -1
vn 0 0 -1
vn 0 0 -1
f 1897/1897/1897 1899/1899/1899 1898/1898/1898
f 1899/1899/1899 1900/1900/1900 1898/1898/1898
f 1901/1901/1901 1903/1903/1903 1902/1902/1902
f 1903/1903/1903 1904/1904/1904 1902/1902/1902
f 1905/1905/1905 1907/1907/1907 1906/1906/1906
f 1907/1907/1907 1908/1908/1908 1906/1906/1906
f 1909/1909/1909 1911/1911/1911 1910/1910/1910
f 1911/1911/1911 1912/1912/1912 1910/1910/1910
f 1913/1913/1913 1915/1915/1915 1914/1914/1914
f 1915/1915/1915 1916/1916/1916 1914/1914/1914
f 1917/1917/1917 1919/1919/1919 1918/1918/1918
f 1919/1919/1919 1920/1920/1920 1918/1918/1918
o ray_4_67
usemtl sun_gold
v -0.6381187529936433 0.35588437799364336 0.09417187499999999
v -0.6381187529936433 0.35588437799364336 -0.09417187499999999
v -0.6381187529936433 0.5191156220063567 0.09417187499999999
v -0.6381187529936433 0.5191156220063567 -0.09417187499999999
v -0.3618812470063567 0.35588437799364336 -0.09417187499999999
v -0.3618812470063567 0.35588437799364336 0.09417187499999999
v -0.3618812470063567 0.5191156220063567 -0.09417187499999999
v -0.3618812470063567 0.5191156220063567 0.09417187499999999
v -0.3618812470063567 0.35588437799364336 -0.09417187499999999
v -0.6381187529936433 0.35588437799364336 -0.09417187499999999
v -0.3618812470063567 0.35588437799364336 0.09417187499999999
v -0.6381187529936433 0.35588437799364336 0.09417187499999999
v -0.3618812470063567 0.5191156220063567 0.09417187499999999
v -0.6381187529936433 0.5191156220063567 0.09417187499999999
v -0.3618812470063567 0.5191156220063567 -0.09417187499999999
v -0.6381187529936433 0.5191156220063567 -0.09417187499999999
v -0.3618812470063567 0.35588437799364336 0.09417187499999999
v -0.6381187529936433 0.35588437799364336 0.09417187499999999
v -0.3618812470063567 0.5191156220063567 0.09417187499999999
v -0.6381187529936433 0.5191156220063567 0.09417187499999999
v -0.6381187529936433 0.35588437799364336 -0.09417187499999999
v -0.3618812470063567 0.35588437799364336 -0.09417187499999999
v -0.6381187529936433 0.5191156220063567 -0.09417187499999999
v -0.3618812470063567 0.5191156220063567 -0.09417187499999999
vt 0.375 0.5625
vt 0.5625 0.5625
vt 0.375 0.375
vt 0.5625 0.375
vt 0.375 0.5625
vt 0.5625 0.5625
vt 0.375 0.375
vt 0.5625 0.375
vt 0.375 0.5625
vt 0.625 0.5625
vt 0.375 0.375
vt 0.625 0.375
vt 0.375 0.5625
vt 0.625 0.5625
vt 0.375 0.375
vt 0.625 0.375
vt 0.375 0.5625
vt 0.625 0.5625
vt 0.375 0.375
vt 0.625 0.375
vt 0.375 0.5625
vt 0.625 0.5625
vt 0.375 0.375
vt 0.625 0.375
vn -1 1.2246467991473535e-16 0
vn -1 1.2246467991473535e-16 0
vn -1 1.2246467991473535e-16 0
vn -1 1.2246467991473535e-16 0
vn 1 -1.2246467991473535e-16 0
vn 1 -1.2246467991473535e-16 0
vn 1 -1.2246467991473535e-16 0
vn 1 -1.2246467991473535e-16 0
vn -1.2246467991473535e-16 -1 0
vn -1.2246467991473535e-16 -1 0
vn -1.2246467991473535e-16 -1 0
vn -1.2246467991473535e-16 -1 0
vn 1.2246467991473535e-16 1 0
vn 1.2246467991473535e-16 1 0
vn 1.2246467991473535e-16 1 0
vn 1.2246467991473535e-16 1 0
vn 0 0 1
vn 0 0 1
vn 0 0 1
vn 0 0 1
vn 0 0 -1
vn 0 0 -1
vn 0 0 -1
vn 0 0 -1
f 1921/1921/1921 1923/1923/1923 1922/1922/1922
f 1923/1923/1923 1924/1924/1924 1922/1922/1922
f 1925/1925/1925 1927/1927/1927 1926/1926/1926
f 1927/1927/1927 1928/1928/1928 1926/1926/1926
f 1929/1929/1929 1931/1931/1931 1930/1930/1930
f 1931/1931/1931 1932/1932/1932 1930/1930/1930
f 1933/1933/1933 1935/1935/1935 1934/1934/1934
f 1935/1935/1935 1936/1936/1936 1934/1934/1934
f 1937/1937/1937 1939/1939/1939 1938/1938/1938
f 1939/1939/1939 1940/1940/1940 1938/1938/1938
f 1941/1941/1941 1943/1943/1943 1942/1942/1942
f 1943/1943/1943 1944/1944/1944 1942/1942/1942
o ray_4_68
usemtl bright_gold
v -0.8255874984562397 0.3824624984562398 0.0777000030875206
v -0.8255874984562397 0.3824624984562398 -0.0777000030875206
v -0.8255874984562397 0.4925375015437604 0.0777000030875206
v -0.8255874984562397 0.4925375015437604 -0.0777000030875206
v -0.6119125015437603 0.3824624984562398 -0.0777000030875206
v -0.6119125015437603 0.3824624984562398 0.0777000030875206
v -0.6119125015437603 0.4925375015437604 -0.0777000030875206
v -0.6119125015437603 0.4925375015437604 0.0777000030875206
v -0.6119125015437603 0.3824624984562398 -0.0777000030875206
v -0.8255874984562397 0.3824624984562398 -0.0777000030875206
v -0.6119125015437603 0.3824624984562398 0.0777000030875206
v -0.8255874984562397 0.3824624984562398 0.0777000030875206
v -0.6119125015437603 0.4925375015437604 0.0777000030875206
v -0.8255874984562397 0.4925375015437604 0.0777000030875206
v -0.6119125015437603 0.4925375015437604 -0.0777000030875206
v -0.8255874984562397 0.4925375015437604 -0.0777000030875206
v -0.6119125015437603 0.3824624984562398 0.0777000030875206
v -0.8255874984562397 0.3824624984562398 0.0777000030875206
v -0.6119125015437603 0.4925375015437604 0.0777000030875206
v -0.8255874984562397 0.4925375015437604 0.0777000030875206
v -0.8255874984562397 0.3824624984562398 -0.0777000030875206
v -0.6119125015437603 0.3824624984562398 -0.0777000030875206
v -0.8255874984562397 0.4925375015437604 -0.0777000030875206
v -0.6119125015437603 0.4925375015437604 -0.0777000030875206
vt 0 1
vt 0.125 1
vt 0 0.875
vt 0.125 0.875
vt 0 1
vt 0.125 1
vt 0 0.875
vt 0.125 0.875
vt 0 1
vt 0.1875 1
vt 0 0.875
vt 0.1875 0.875
vt 0 1
vt 0.1875 1
vt 0 0.875
vt 0.1875 0.875
vt 0 1
vt 0.1875 1
vt 0 0.875
vt 0.1875 0.875
vt 0 1
vt 0.1875 1
vt 0 0.875
vt 0.1875 0.875
vn -1 1.2246467991473532e-16 0
vn -1 1.2246467991473532e-16 0
vn -1 1.2246467991473532e-16 0
vn -1 1.2246467991473532e-16 0
vn 1 -1.2246467991473532e-16 0
vn 1 -1.2246467991473532e-16 0
vn 1 -1.2246467991473532e-16 0
vn 1 -1.2246467991473532e-16 0
vn -1.2246467991473532e-16 -1 0
vn -1.2246467991473532e-16 -1 0
vn -1.2246467991473532e-16 -1 0
vn -1.2246467991473532e-16 -1 0
vn 1.2246467991473532e-16 1 0
vn 1.2246467991473532e-16 1 0
vn 1.2246467991473532e-16 1 0
vn 1.2246467991473532e-16 1 0
vn 0 0 1
vn 0 0 1
vn 0 0 1
vn 0 0 1
vn 0 0 -1
vn 0 0 -1
vn 0 0 -1
vn 0 0 -1
f 1945/1945/1945 1947/1947/1947 1946/1946/1946
f 1947/1947/1947 1948/1948/1948 1946/1946/1946
f 1949/1949/1949 1951/1951/1951 1950/1950/1950
f 1951/1951/1951 1952/1952/1952 1950/1950/1950
f 1953/1953/1953 1955/1955/1955 1954/1954/1954
f 1955/1955/1955 1956/1956/1956 1954/1954/1954
f 1957/1957/1957 1959/1959/1959 1958/1958/1958
f 1959/1959/1959 1960/1960/1960 1958/1958/1958
f 1961/1961/1961 1963/1963/1963 1962/1962/1962
f 1963/1963/1963 1964/1964/1964 1962/1962/1962
f 1965/1965/1965 1967/1967/1967 1966/1966/1966
f 1967/1967/1967 1968/1968/1968 1966/1966/1966
o ray_4_69
usemtl sun_gold
v -0.9380625 0.40912187575176373 0.05045000075176358
v -0.9380625 0.40912187575176373 -0.05045000075176358
v -0.9380625 0.46587812424823655 0.05045000075176358
v -0.9380625 0.46587812424823655 -0.05045000075176358
v -0.8119375 0.4091218757517637 -0.05045000075176358
v -0.8119375 0.4091218757517637 0.05045000075176358
v -0.8119375 0.4658781242482365 -0.05045000075176358
v -0.8119375 0.4658781242482365 0.05045000075176358
v -0.8119375 0.4091218757517637 -0.05045000075176358
v -0.9380625 0.40912187575176373 -0.05045000075176358
v -0.8119375 0.4091218757517637 0.05045000075176358
v -0.9380625 0.40912187575176373 0.05045000075176358
v -0.8119375 0.4658781242482365 0.05045000075176358
v -0.9380625 0.46587812424823655 0.05045000075176358
v -0.8119375 0.4658781242482365 -0.05045000075176358
v -0.9380625 0.46587812424823655 -0.05045000075176358
v -0.8119375 0.4091218757517637 0.05045000075176358
v -0.9380625 0.40912187575176373 0.05045000075176358
v -0.8119375 0.4658781242482365 0.05045000075176358
v -0.9380625 0.46587812424823655 0.05045000075176358
v -0.9380625 0.40912187575176373 -0.05045000075176358
v -0.8119375 0.4091218757517637 -0.05045000075176358
v -0.9380625 0.46587812424823655 -0.05045000075176358
v -0.8119375 0.4658781242482365 -0.05045000075176358
vt 0.625 1
vt 0.75 1
vt 0.625 0.9375
vt 0.75 0.9375
vt 0.625 1
vt 0.75 1
vt 0.625 0.9375
vt 0.75 0.9375
vt 0.625 1.0625
vt 0.75 1.0625
vt 0.625 0.9375
vt 0.75 0.9375
vt 0.625 1.0625
vt 0.75 1.0625
vt 0.625 0.9375
vt 0.75 0.9375
vt 0.625 1
vt 0.75 1
vt 0.625 0.9375
vt 0.75 0.9375
vt 0.625 1
vt 0.75 1
vt 0.625 0.9375
vt 0.75 0.9375
vn -0.9999999999999999 1.2246467991473532e-16 0
vn -0.9999999999999999 1.2246467991473532e-16 0
vn -0.9999999999999999 1.2246467991473532e-16 0
vn -0.9999999999999999 1.2246467991473532e-16 0
vn 0.9999999999999999 -1.2246467991473532e-16 0
vn 0.9999999999999999 -1.2246467991473532e-16 0
vn 0.9999999999999999 -1.2246467991473532e-16 0
vn 0.9999999999999999 -1.2246467991473532e-16 0
vn -1.2246467991473532e-16 -0.9999999999999999 0
vn -1.2246467991473532e-16 -0.9999999999999999 0
vn -1.2246467991473532e-16 -0.9999999999999999 0
vn -1.2246467991473532e-16 -0.9999999999999999 0
vn 1.2246467991473532e-16 0.9999999999999999 0
vn 1.2246467991473532e-16 0.9999999999999999 0
vn 1.2246467991473532e-16 0.9999999999999999 0
vn 1.2246467991473532e-16 0.9999999999999999 0
vn 0 0 0.9999999999999999
vn 0 0 0.9999999999999999
vn 0 0 0.9999999999999999
vn 0 0 0.9999999999999999
vn 0 0 -0.9999999999999999
vn 0 0 -0.9999999999999999
vn 0 0 -0.9999999999999999
vn 0 0 -0.9999999999999999
f 1969/1969/1969 1971/1971/1971 1970/1970/1970
f 1971/1971/1971 1972/1972/1972 1970/1970/1970
f 1973/1973/1973 1975/1975/1975 1974/1974/1974
f 1975/1975/1975 1976/1976/1976 1974/1974/1974
f 1977/1977/1977 1979/1979/1979 1978/1978/1978
f 1979/1979/1979 1980/1980/1980 1978/1978/1978
f 1981/1981/1981 1983/1983/1983 1982/1982/1982
f 1983/1983/1983 1984/1984/1984 1982/1982/1982
f 1985/1985/1985 1987/1987/1987 1986/1986/1986
f 1987/1987/1987 1988/1988/1988 1986/1986/1986
f 1989/1989/1989 1991/1991/1991 1990/1990/1990
f 1991/1991/1991 1992/1992/1992 1990/1990/1990
o ray_5_70
usemtl sun_gold
v -0.5723135976017811 0.6110939579691599 0.097546875
v -0.5723135976017811 0.6110939579691599 -0.097546875
v -0.5008567762548571 0.7643336058652535 0.097546875
v -0.5008567762548571 0.7643336058652535 -0.097546875
v -0.36013562142996036 0.5121537427884111 -0.097546875
v -0.36013562142996036 0.5121537427884111 0.097546875
v -0.28867880008303637 0.6653933906845046 -0.097546875
v -0.28867880008303637 0.6653933906845046 0.097546875
v -0.36013562142996036 0.5121537427884111 -0.097546875
v -0.5723135976017811 0.6110939579691599 -0.097546875
v -0.36013562142996036 0.5121537427884111 0.097546875
v -0.5723135976017811 0.6110939579691599 0.097546875
v -0.28867880008303637 0.6653933906845046 0.097546875
v -0.5008567762548571 0.7643336058652535 0.097546875
v -0.28867880008303637 0.6653933906845046 -0.097546875
v -0.5008567762548571 0.7643336058652535 -0.097546875
v -0.36013562142996036 0.5121537427884111 0.097546875
v -0.5723135976017811 0.6110939579691599 0.097546875
v -0.28867880008303637 0.6653933906845046 0.097546875
v -0.5008567762548571 0.7643336058652535 0.097546875
v -0.5723135976017811 0.6110939579691599 -0.097546875
v -0.36013562142996036 0.5121537427884111 -0.097546875
v -0.5008567762548571 0.7643336058652535 -0.097546875
v -0.28867880008303637 0.6653933906845046 -0.097546875
vt 0.8125 1.0625
vt 1 1.0625
vt 0.8125 0.875
vt 1 0.875
vt 0.8125 1.0625
vt 1 1.0625
vt 0.8125 0.875
vt 1 0.875
vt 0.8125 1.0625
vt 1.0625 1.0625
vt 0.8125 0.875
vt 1.0625 0.875
vt 0.8125 1.0625
vt 1.0625 1.0625
vt 0.8125 0.875
vt 1.0625 0.875
vt 0.8125 1.0625
vt 1.0625 1.0625
vt 0.8125 0.875
vt 1.0625 0.875
vt 0.8125 1.0625
vt 1.0625 1.0625
vt 0.8125 0.875
vt 1.0625 0.875
vn -0.9063077870366499 0.4226182617406995 0
vn -0.9063077870366499 0.4226182617406995 0
vn -0.9063077870366499 0.4226182617406995 0
vn -0.9063077870366499 0.4226182617406995 0
vn 0.9063077870366499 -0.4226182617406995 0
vn 0.9063077870366499 -0.4226182617406995 0
vn 0.9063077870366499 -0.4226182617406995 0
vn 0.9063077870366499 -0.4226182617406995 0
vn -0.4226182617406995 -0.9063077870366499 0
vn -0.4226182617406995 -0.9063077870366499 0
vn -0.4226182617406995 -0.9063077870366499 0
vn -0.4226182617406995 -0.9063077870366499 0
vn 0.4226182617406995 0.9063077870366499 0
vn 0.4226182617406995 0.9063077870366499 0
vn 0.4226182617406995 0.9063077870366499 0
vn 0.4226182617406995 0.9063077870366499 0
vn 0 0 1
vn 0 0 1
vn 0 0 1
vn 0 0 1
vn 0 0 -1
vn 0 0 -1
vn 0 0 -1
vn 0 0 -1
f 1993/1993/1993 1995/1995/1995 1994/1994/1994
f 1995/1995/1995 1996/1996/1996 1994/1994/1994
f 1997/1997/1997 1999/1999/1999 1998/1998/1998
f 1999/1999/1999 2000/2000/2000 1998/1998/1998
f 2001/2001/2001 2003/2003/2003 2002/2002/2002
f 2003/2003/2003 2004/2004/2004 2002/2002/2002
f 2005/2005/2005 2007/2007/2007 2006/2006/2006
f 2007/2007/2007 2008/2008/2008 2006/2006/2006
f 2009/2009/2009 2011/2011/2011 2010/2010/2010
f 2011/2011/2011 2012/2012/2012 2010/2010/2010
f 2013/2013/2013 2015/2015/2015 2014/2014/2014
f 2015/2015/2015 2016/2016/2016 2014/2014/2014
o ray_5_71
usemtl bright_gold
v -0.6893568160152657 0.6995440800467692 0.07601250302046537
v -0.6893568160152657 0.6995440800467692 -0.07601250302046537
v -0.6438474313596283 0.7971392703889152 0.07601250302046537
v -0.6438474313596283 0.7971392703889152 -0.07601250302046537
v -0.5343526917880168 0.6272644698739943 -0.07601250302046537
v -0.5343526917880168 0.6272644698739943 0.07601250302046537
v -0.4888433071323794 0.7248596602161403 -0.07601250302046537
v -0.4888433071323794 0.7248596602161403 0.07601250302046537
v -0.5343526917880168 0.6272644698739943 -0.07601250302046537
v -0.6893568160152657 0.6995440800467692 -0.07601250302046537
v -0.5343526917880168 0.6272644698739943 0.07601250302046537
v -0.6893568160152657 0.6995440800467692 0.07601250302046537
v -0.4888433071323794 0.7248596602161403 0.07601250302046537
v -0.6438474313596283 0.7971392703889152 0.07601250302046537
v -0.4888433071323794 0.7248596602161403 -0.07601250302046537
v -0.6438474313596283 0.7971392703889152 -0.07601250302046537
v -0.5343526917880168 0.6272644698739943 0.07601250302046537
v -0.6893568160152657 0.6995440800467692 0.07601250302046537
v -0.4888433071323794 0.7248596602161403 0.07601250302046537
v -0.6438474313596283 0.7971392703889152 0.07601250302046537
v -0.6893568160152657 0.6995440800467692 -0.07601250302046537
v -0.5343526917880168 0.6272644698739943 -0.07601250302046537
v -0.6438474313596283 0.7971392703889152 -0.07601250302046537
v -0.4888433071323794 0.7248596602161403 -0.07601250302046537
vt 0.3125 0.5625
vt 0.4375 0.5625
vt 0.3125 0.4375
vt 0.4375 0.4375
vt 0.3125 0.5625
vt 0.4375 0.5625
vt 0.3125 0.4375
vt 0.4375 0.4375
vt 0.3125 0.5625
vt 0.5 0.5625
vt 0.3125 0.4375
vt 0.5 0.4375
vt 0.3125 0.5625
vt 0.5 0.5625
vt 0.3125 0.4375
vt 0.5 0.4375
vt 0.3125 0.5625
vt 0.5 0.5625
vt 0.3125 0.4375
vt 0.5 0.4375
vt 0.3125 0.5625
vt 0.5 0.5625
vt 0.3125 0.4375
vt 0.5 0.4375
vn -0.9063077870366498 0.42261826174069944 0
vn -0.9063077870366498 0.42261826174069944 0
vn -0.9063077870366498 0.42261826174069944 0
vn -0.9063077870366498 0.42261826174069944 0
vn 0.9063077870366498 -0.42261826174069944 0
vn 0.9063077870366498 -0.42261826174069944 0
vn 0.9063077870366498 -0.42261826174069944 0
vn 0.9063077870366498 -0.42261826174069944 0
vn -0.42261826174069944 -0.9063077870366498 0
vn -0.42261826174069944 -0.9063077870366498 0
vn -0.42261826174069944 -0.9063077870366498 0
vn -0.42261826174069944 -0.9063077870366498 0
vn 0.42261826174069944 0.9063077870366498 0
vn 0.42261826174069944 0.9063077870366498 0
vn 0.42261826174069944 0.9063077870366498 0
vn 0.42261826174069944 0.9063077870366498 0
vn 0 0 1
vn 0 0 1
vn 0 0 1
vn 0 0 1
vn 0 0 -1
vn 0 0 -1
vn 0 0 -1
vn 0 0 -1
f 2017/2017/2017 2019/2019/2019 2018/2018/2018
f 2019/2019/2019 2020/2020/2020 2018/2018/2018
f 2021/2021/2021 2023/2023/2023 2022/2022/2022
f 2023/2023/2023 2024/2024/2024 2022/2022/2022
f 2025/2025/2025 2027/2027/2027 2026/2026/2026
f 2027/2027/2027 2028/2028/2028 2026/2026/2026
f 2029/2029/2029 2031/2031/2031 2030/2030/2030
f 2031/2031/2031 2032/2032/2032 2030/2030/2030
f 2033/2033/2033 2035/2035/2035 2034/2034/2034
f 2035/2035/2035 2036/2036/2036 2034/2034/2034
f 2037/2037/2037 2039/2039/2039 2038/2038/2038
f 2039/2039/2039 2040/2040/2040 2038/2038/2038
o ray_5_72
usemtl sun_gold
v -0.7621641320516352 0.7604740057563023 0.052250000778585666
v -0.7621641320516352 0.7604740057563023 -0.052250000778585666
v -0.7373221030117788 0.8137479089517738 0.052250000778585666
v -0.7373221030117788 0.8137479089517738 -0.052250000778585666
v -0.6674549668950288 0.7163103967463103 -0.052250000778585666
v -0.6674549668950288 0.7163103967463103 0.052250000778585666
v -0.6426129378551724 0.7695842999417818 -0.052250000778585666
v -0.6426129378551724 0.7695842999417818 0.052250000778585666
v -0.6674549668950288 0.7163103967463103 -0.052250000778585666
v -0.7621641320516352 0.7604740057563023 -0.052250000778585666
v -0.6674549668950288 0.7163103967463103 0.052250000778585666
v -0.7621641320516352 0.7604740057563023 0.052250000778585666
v -0.6426129378551724 0.7695842999417818 0.052250000778585666
v -0.7373221030117788 0.8137479089517738 0.052250000778585666
v -0.6426129378551724 0.7695842999417818 -0.052250000778585666
v -0.7373221030117788 0.8137479089517738 -0.052250000778585666
v -0.6674549668950288 0.7163103967463103 0.052250000778585666
v -0.7621641320516352 0.7604740057563023 0.052250000778585666
v -0.6426129378551724 0.7695842999417818 0.052250000778585666
v -0.7373221030117788 0.8137479089517738 0.052250000778585666
v -0.7621641320516352 0.7604740057563023 -0.052250000778585666
v -0.6674549668950288 0.7163103967463103 -0.052250000778585666
v -0.7373221030117788 0.8137479089517738 -0.052250000778585666
v -0.6426129378551724 0.7695842999417818 -0.052250000778585666
vt 0.5625 0.1875
vt 0.6875 0.1875
vt 0.5625 0.125
vt 0.6875 0.125
vt 0.5625 0.1875
vt 0.6875 0.1875
vt 0.5625 0.125
vt 0.6875 0.125
vt 0.5625 0.25
vt 0.6875 0.25
vt 0.5625 0.125
vt 0.6875 0.125
vt 0.5625 0.25
vt 0.6875 0.25
vt 0.5625 0.125
vt 0.6875 0.125
vt 0.5625 0.1875
vt 0.6875 0.1875
vt 0.5625 0.125
vt 0.6875 0.125
vt 0.5625 0.1875
vt 0.6875 0.1875
vt 0.5625 0.125
vt 0.6875 0.125
vn -0.9063077870366499 0.42261826174069944 0
vn -0.9063077870366499 0.42261826174069944 0
vn -0.9063077870366499 0.42261826174069944 0
vn -0.9063077870366499 0.42261826174069944 0
vn 0.9063077870366499 -0.42261826174069944 0
vn 0.9063077870366499 -0.42261826174069944 0
vn 0.9063077870366499 -0.42261826174069944 0
vn 0.9063077870366499 -0.42261826174069944 0
vn -0.42261826174069944 -0.9063077870366499 0
vn -0.42261826174069944 -0.9063077870366499 0
vn -0.42261826174069944 -0.9063077870366499 0
vn -0.42261826174069944 -0.9063077870366499 0
vn 0.42261826174069944 0.9063077870366499 0
vn 0.42261826174069944 0.9063077870366499 0
vn 0.42261826174069944 0.9063077870366499 0
vn 0.42261826174069944 0.9063077870366499 0
vn 0 0 1
vn 0 0 1
vn 0 0 1
vn 0 0 1
vn 0 0 -1
vn 0 0 -1
vn 0 0 -1
vn 0 0 -1
f 2041/2041/2041 2043/2043/2043 2042/2042/2042
f 2043/2043/2043 2044/2044/2044 2042/2042/2042
f 2045/2045/2045 2047/2047/2047 2046/2046/2046
f 2047/2047/2047 2048/2048/2048 2046/2046/2046
f 2049/2049/2049 2051/2051/2051 2050/2050/2050
f 2051/2051/2051 2052/2052/2052 2050/2050/2050
f 2053/2053/2053 2055/2055/2055 2054/2054/2054
f 2055/2055/2055 2056/2056/2056 2054/2054/2054
f 2057/2057/2057 2059/2059/2059 2058/2058/2058
f 2059/2059/2059 2060/2060/2060 2058/2058/2058
f 2061/2061/2061 2063/2063/2063 2062/2062/2062
f 2063/2063/2063 2064/2064/2064 2062/2062/2062
o ray_6_73
usemtl sun_gold
v -0.49933528371109925 0.11339299044384274 0.09543750000000001
v -0.49933528371109925 0.11339299044384274 -0.09543750000000001
v -0.5692469070952113 0.26331895061512894 0.09543750000000001
v -0.5692469070952113 0.26331895061512894 -0.09543750000000001
v -0.2917454905896062 0.21019370073120675 -0.09543750000000001
v -0.2917454905896062 0.21019370073120675 0.09543750000000001
v -0.36165711397371825 0.3601196609024929 -0.09543750000000001
v -0.36165711397371825 0.3601196609024929 0.09543750000000001
v -0.2917454905896062 0.21019370073120675 -0.09543750000000001
v -0.49933528371109925 0.11339299044384274 -0.09543750000000001
v -0.2917454905896062 0.21019370073120675 0.09543750000000001
v -0.49933528371109925 0.11339299044384274 0.09543750000000001
v -0.36165711397371825 0.3601196609024929 0.09543750000000001
v -0.5692469070952113 0.26331895061512894 0.09543750000000001
v -0.36165711397371825 0.3601196609024929 -0.09543750000000001
v -0.5692469070952113 0.26331895061512894 -0.09543750000000001
v -0.2917454905896062 0.21019370073120675 0.09543750000000001
v -0.49933528371109925 0.11339299044384274 0.09543750000000001
v -0.36165711397371825 0.3601196609024929 0.09543750000000001
v -0.5692469070952113 0.26331895061512894 0.09543750000000001
v -0.49933528371109925 0.11339299044384274 -0.09543750000000001
v -0.2917454905896062 0.21019370073120675 -0.09543750000000001
v -0.5692469070952113 0.26331895061512894 -0.09543750000000001
v -0.36165711397371825 0.3601196609024929 -0.09543750000000001
vt 0.8125 1.0625
vt 1 1.0625
vt 0.8125 0.875
vt 1 0.875
vt 0.8125 1.0625
vt 1 1.0625
vt 0.8125 0.875
vt 1 0.875
vt 0.8125 1.0625
vt 1.0625 1.0625
vt 0.8125 0.875
vt 1.0625 0.875
vt 0.8125 1.0625
vt 1.0625 1.0625
vt 0.8125 0.875
vt 1.0625 0.875
vt 0.8125 1.0625
vt 1.0625 1.0625
vt 0.8125 0.875
vt 1.0625 0.875
vt 0.8125 1.0625
vt 1.0625 1.0625
vt 0.8125 0.875
vt 1.0625 0.875
vn -0.90630778703665 -0.42261826174069916 0
vn -0.90630778703665 -0.42261826174069916 0
vn -0.90630778703665 -0.42261826174069916 0
vn -0.90630778703665 -0.42261826174069916 0
vn 0.90630778703665 0.42261826174069916 0
vn 0.90630778703665 0.42261826174069916 0
vn 0.90630778703665 0.42261826174069916 0
vn 0.90630778703665 0.42261826174069916 0
vn 0.42261826174069916 -0.90630778703665 0
vn 0.42261826174069916 -0.90630778703665 0
vn 0.42261826174069916 -0.90630778703665 0
vn 0.42261826174069916 -0.90630778703665 0
vn -0.42261826174069916 0.90630778703665 0
vn -0.42261826174069916 0.90630778703665 0
vn -0.42261826174069916 0.90630778703665 0
vn -0.42261826174069916 0.90630778703665 0
vn 0 0 0.9999999999999999
vn 0 0 0.9999999999999999
vn 0 0 0.9999999999999999
vn 0 0 0.9999999999999999
vn 0 0 -0.9999999999999999
vn 0 0 -0.9999999999999999
vn 0 0 -0.9999999999999999
vn 0 0 -0.9999999999999999
f 2065/2065/2065 2067/2067/2067 2066/2066/2066
f 2067/2067/2067 2068/2068/2068 2066/2066/2066
f 2069/2069/2069 2071/2071/2071 2070/2070/2070
f 2071/2071/2071 2072/2072/2072 2070/2070/2070
f 2073/2073/2073 2075/2075/2075 2074/2074/2074
f 2075/2075/2075 2076/2076/2076 2074/2074/2074
f 2077/2077/2077 2079/2079/2079 2078/2078/2078
f 2079/2079/2079 2080/2080/2080 2078/2078/2078
f 2081/2081/2081 2083/2083/2083 2082/2082/2082
f 2083/2083/2083 2084/2084/2084 2082/2082/2082
f 2085/2085/2085 2087/2087/2087 2086/2086/2086
f 2087/2087/2087 2088/2088/2088 2086/2086/2086
o ray_6_74
usemtl bright_gold
v -0.6457920838631201 0.07484371292705089 0.07871250312775374
v -0.6457920838631201 0.07484371292705089 -0.07871250312775374
v -0.6929179834152578 0.1759055306518484 0.07871250312775374
v -0.6929179834152578 0.1759055306518484 -0.07871250312775374
v -0.4852821397323873 0.14969072908524253 -0.07871250312775374
v -0.4852821397323873 0.14969072908524253 0.07871250312775374
v -0.532408039284525 0.25075254681004006 -0.07871250312775374
v -0.532408039284525 0.25075254681004006 0.07871250312775374
v -0.4852821397323873 0.14969072908524253 -0.07871250312775374
v -0.6457920838631201 0.07484371292705089 -0.07871250312775374
v -0.4852821397323873 0.14969072908524253 0.07871250312775374
v -0.6457920838631201 0.07484371292705089 0.07871250312775374
v -0.532408039284525 0.25075254681004006 0.07871250312775374
v -0.6929179834152578 0.1759055306518484 0.07871250312775374
v -0.532408039284525 0.25075254681004006 -0.07871250312775374
v -0.6929179834152578 0.1759055306518484 -0.07871250312775374
v -0.4852821397323873 0.14969072908524253 0.07871250312775374
v -0.6457920838631201 0.07484371292705089 0.07871250312775374
v -0.532408039284525 0.25075254681004006 0.07871250312775374
v -0.6929179834152578 0.1759055306518484 0.07871250312775374
v -0.6457920838631201 0.07484371292705089 -0.07871250312775374
v -0.4852821397323873 0.14969072908524253 -0.07871250312775374
v -0.6929179834152578 0.1759055306518484 -0.07871250312775374
v -0.532408039284525 0.25075254681004006 -0.07871250312775374
vt 0.3125 0.5625
vt 0.4375 0.5625
vt 0.3125 0.4375
vt 0.4375 0.4375
vt 0.3125 0.5625
vt 0.4375 0.5625
vt 0.3125 0.4375
vt 0.4375 0.4375
vt 0.3125 0.5625
vt 0.5 0.5625
vt 0.3125 0.4375
vt 0.5 0.4375
vt 0.3125 0.5625
vt 0.5 0.5625
vt 0.3125 0.4375
vt 0.5 0.4375
vt 0.3125 0.5625
vt 0.5 0.5625
vt 0.3125 0.4375
vt 0.5 0.4375
vt 0.3125 0.5625
vt 0.5 0.5625
vt 0.3125 0.4375
vt 0.5 0.4375
vn -0.90630778703665 -0.4226182617406993 0
vn -0.90630778703665 -0.4226182617406993 0
vn -0.90630778703665 -0.4226182617406993 0
vn -0.90630778703665 -0.4226182617406993 0
vn 0.90630778703665 0.4226182617406993 0
vn 0.90630778703665 0.4226182617406993 0
vn 0.90630778703665 0.4226182617406993 0
vn 0.90630778703665 0.4226182617406993 0
vn 0.4226182617406993 -0.90630778703665 0
vn 0.4226182617406993 -0.90630778703665 0
vn 0.4226182617406993 -0.90630778703665 0
vn 0.4226182617406993 -0.90630778703665 0
vn -0.4226182617406993 0.90630778703665 0
vn -0.4226182617406993 0.90630778703665 0
vn -0.4226182617406993 0.90630778703665 0
vn -0.4226182617406993 0.90630778703665 0
vn 0 0 0.9999999999999999
vn 0 0 0.9999999999999999
vn 0 0 0.9999999999999999
vn 0 0 0.9999999999999999
vn 0 0 -0.9999999999999999
vn 0 0 -0.9999999999999999
vn 0 0 -0.9999999999999999
vn 0 0 -0.9999999999999999
f 2089/2089/2089 2091/2091/2091 2090/2090/2090
f 2091/2091/2091 2092/2092/2092 2090/2090/2090
f 2093/2093/2093 2095/2095/2095 2094/2094/2094
f 2095/2095/2095 2096/2096/2096 2094/2094/2094
f 2097/2097/2097 2099/2099/2099 2098/2098/2098
f 2099/2099/2099 2100/2100/2100 2098/2098/2098
f 2101/2101/2101 2103/2103/2103 2102/2102/2102
f 2103/2103/2103 2104/2104/2104 2102/2102/2102
f 2105/2105/2105 2107/2107/2107 2106/2106/2106
f 2107/2107/2107 2108/2108/2108 2106/2106/2106
f 2109/2109/2109 2111/2111/2111 2110/2110/2110
f 2111/2111/2111 2112/2112/2112 2110/2110/2110
o ray_6_75
usemtl sun_gold
v -0.7365699448478426 0.062301059481060156 0.051125000761821866
v -0.7365699448478426 0.062301059481060156 -0.051125000761821866
v -0.7608770976643527 0.1144279169139498 0.051125000761821866
v -0.7608770976643527 0.1144279169139498 -0.051125000761821866
v -0.6438999722424549 0.10551377738796633 -0.051125000761821866
v -0.6438999722424549 0.10551377738796633 0.051125000761821866
v -0.6682071250589651 0.15764063482085597 -0.051125000761821866
v -0.6682071250589651 0.15764063482085597 0.051125000761821866
v -0.6438999722424549 0.10551377738796633 -0.051125000761821866
v -0.7365699448478426 0.062301059481060156 -0.051125000761821866
v -0.6438999722424549 0.10551377738796633 0.051125000761821866
v -0.7365699448478426 0.062301059481060156 0.051125000761821866
v -0.6682071250589651 0.15764063482085597 0.051125000761821866
v -0.7608770976643527 0.1144279169139498 0.051125000761821866
v -0.6682071250589651 0.15764063482085597 -0.051125000761821866
v -0.7608770976643527 0.1144279169139498 -0.051125000761821866
v -0.6438999722424549 0.10551377738796633 0.051125000761821866
v -0.7365699448478426 0.062301059481060156 0.051125000761821866
v -0.6682071250589651 0.15764063482085597 0.051125000761821866
v -0.7608770976643527 0.1144279169139498 0.051125000761821866
v -0.7365699448478426 0.062301059481060156 -0.051125000761821866
v -0.6438999722424549 0.10551377738796633 -0.051125000761821866
v -0.7608770976643527 0.1144279169139498 -0.051125000761821866
v -0.6682071250589651 0.15764063482085597 -0.051125000761821866
vt 0.5625 0.1875
vt 0.6875 0.1875
vt 0.5625 0.125
vt 0.6875 0.125
vt 0.5625 0.1875
vt 0.6875 0.1875
vt 0.5625 0.125
vt 0.6875 0.125
vt 0.5625 0.25
vt 0.6875 0.25
vt 0.5625 0.125
vt 0.6875 0.125
vt 0.5625 0.25
vt 0.6875 0.25
vt 0.5625 0.125
vt 0.6875 0.125
vt 0.5625 0.1875
vt 0.6875 0.1875
vt 0.5625 0.125
vt 0.6875 0.125
vt 0.5625 0.1875
vt 0.6875 0.1875
vt 0.5625 0.125
vt 0.6875 0.125
vn -0.90630778703665 -0.42261826174069933 0
vn -0.90630778703665 -0.42261826174069933 0
vn -0.90630778703665 -0.42261826174069933 0
vn -0.90630778703665 -0.42261826174069933 0
vn 0.90630778703665 0.42261826174069933 0
vn 0.90630778703665 0.42261826174069933 0
vn 0.90630778703665 0.42261826174069933 0
vn 0.90630778703665 0.42261826174069933 0
vn 0.42261826174069933 -0.90630778703665 0
vn 0.42261826174069933 -0.90630778703665 0
vn 0.42261826174069933 -0.90630778703665 0
vn 0.42261826174069933 -0.90630778703665 0
vn -0.42261826174069933 0.90630778703665 0
vn -0.42261826174069933 0.90630778703665 0
vn -0.42261826174069933 0.90630778703665 0
vn -0.42261826174069933 0.90630778703665 0
vn 0 0 1
vn 0 0 1
vn 0 0 1
vn 0 0 1
vn 0 0 -1
vn 0 0 -1
vn 0 0 -1
vn 0 0 -1
f 2113/2113/2113 2115/2115/2115 2114/2114/2114
f 2115/2115/2115 2116/2116/2116 2114/2114/2114
f 2117/2117/2117 2119/2119/2119 2118/2118/2118
f 2119/2119/2119 2120/2120/2120 2118/2118/2118
f 2121/2121/2121 2123/2123/2123 2122/2122/2122
f 2123/2123/2123 2124/2124/2124 2122/2122/2122
f 2125/2125/2125 2127/2127/2127 2126/2126/2126
f 2127/2127/2127 2128/2128/2128 2126/2126/2126
f 2129/2129/2129 2131/2131/2131 2130/2130/2130
f 2131/2131/2131 2132/2132/2132 2130/2130/2130
f 2133/2133/2133 2135/2135/2135 2134/2134/2134
f 2135/2135/2135 2136/2136/2136 2134/2134/2134
o ray_7_76
usemtl sun_gold
v -0.2438026697434396 -0.059990716316046966 0.0988125
v -0.2438026697434396 -0.059990716316046966 -0.0988125
v -0.38410293098285353 0.03824858421658232 0.0988125
v -0.38410293098285353 0.03824858421658232 -0.0988125
v -0.13498374391484358 0.09541881570188024 -0.0988125
v -0.13498374391484358 0.09541881570188024 0.0988125
v -0.27528400515425755 0.19365811623450951 -0.0988125
v -0.27528400515425755 0.19365811623450951 0.0988125
v -0.13498374391484358 0.09541881570188024 -0.0988125
v -0.2438026697434396 -0.059990716316046966 -0.0988125
v -0.13498374391484358 0.09541881570188024 0.0988125
v -0.2438026697434396 -0.059990716316046966 0.0988125
v -0.27528400515425755 0.19365811623450951 0.0988125
v -0.38410293098285353 0.03824858421658232 0.0988125
v -0.27528400515425755 0.19365811623450951 -0.0988125
v -0.38410293098285353 0.03824858421658232 -0.0988125
v -0.13498374391484358 0.09541881570188024 0.0988125
v -0.2438026697434396 -0.059990716316046966 0.0988125
v -0.27528400515425755 0.19365811623450951 0.0988125
v -0.38410293098285353 0.03824858421658232 0.0988125
v -0.2438026697434396 -0.059990716316046966 -0.0988125
v -0.13498374391484358 0.09541881570188024 -0.0988125
v -0.38410293098285353 0.03824858421658232 -0.0988125
v -0.27528400515425755 0.19365811623450951 -0.0988125
vt 0.8125 0.5625
vt 1 0.5625
vt 0.8125 0.375
vt 1 0.375
vt 0.8125 0.5625
vt 1 0.5625
vt 0.8125 0.375
vt 1 0.375
vt 0.8125 0.5625
vt 1 0.5625
vt 0.8125 0.375
vt 1 0.375
vt 0.8125 0.5625
vt 1 0.5625
vt 0.8125 0.375
vt 1 0.375
vt 0.8125 0.5625
vt 1 0.5625
vt 0.8125 0.375
vt 1 0.375
vt 0.8125 0.5625
vt 1 0.5625
vt 0.8125 0.375
vt 1 0.375
vn -0.5735764363510466 -0.8191520442889917 0
vn -0.5735764363510466 -0.8191520442889917 0
vn -0.5735764363510466 -0.8191520442889917 0
vn -0.5735764363510466 -0.8191520442889917 0
vn 0.5735764363510466 0.8191520442889917 0
vn 0.5735764363510466 0.8191520442889917 0
vn 0.5735764363510466 0.8191520442889917 0
vn 0.5735764363510466 0.8191520442889917 0
vn 0.8191520442889917 -0.5735764363510466 0
vn 0.8191520442889917 -0.5735764363510466 0
vn 0.8191520442889917 -0.5735764363510466 0
vn 0.8191520442889917 -0.5735764363510466 0
vn -0.8191520442889917 0.5735764363510466 0
vn -0.8191520442889917 0.5735764363510466 0
vn -0.8191520442889917 0.5735764363510466 0
vn -0.8191520442889917 0.5735764363510466 0
vn 0 0 1
vn 0 0 1
vn 0 0 1
vn 0 0 1
vn 0 0 -1
vn 0 0 -1
vn 0 0 -1
vn 0 0 -1
f 2137/2137/2137 2139/2139/2139 2138/2138/2138
f 2139/2139/2139 2140/2140/2140 2138/2138/2138
f 2141/2141/2141 2143/2143/2143 2142/2142/2142
f 2143/2143/2143 2144/2144/2144 2142/2142/2142
f 2145/2145/2145 2147/2147/2147 2146/2146/2146
f 2147/2147/2147 2148/2148/2148 2146/2146/2146
f 2149/2149/2149 2151/2151/2151 2150/2150/2150
f 2151/2151/2151 2152/2152/2152 2150/2150/2150
f 2153/2153/2153 2155/2155/2155 2154/2154/2154
f 2155/2155/2155 2156/2156/2156 2154/2154/2154
f 2157/2157/2157 2159/2159/2159 2158/2158/2158
f 2159/2159/2159 2160/2160/2160 2158/2158/2158
o ray_7_77
usemtl bright_gold
v -0.3324039708979263 -0.13234343865395912 0.0770250030606985
v -0.3324039708979263 -0.13234343865395912 -0.0770250030606985
v -0.42178882053786315 -0.06975549313433382 0.0770250030606985
v -0.42178882053786315 -0.06975549313433382 -0.0770250030606985
v -0.25288046272005527 -0.018772098960592502 -0.0770250030606985
v -0.25288046272005527 -0.018772098960592502 0.0770250030606985
v -0.34226531235999214 0.043815846559032784 -0.0770250030606985
v -0.34226531235999214 0.043815846559032784 0.0770250030606985
v -0.25288046272005527 -0.018772098960592502 -0.0770250030606985
v -0.3324039708979263 -0.13234343865395912 -0.0770250030606985
v -0.25288046272005527 -0.018772098960592502 0.0770250030606985
v -0.3324039708979263 -0.13234343865395912 0.0770250030606985
v -0.34226531235999214 0.043815846559032784 0.0770250030606985
v -0.42178882053786315 -0.06975549313433382 0.0770250030606985
v -0.34226531235999214 0.043815846559032784 -0.0770250030606985
v -0.42178882053786315 -0.06975549313433382 -0.0770250030606985
v -0.25288046272005527 -0.018772098960592502 0.0770250030606985
v -0.3324039708979263 -0.13234343865395912 0.0770250030606985
v -0.34226531235999214 0.043815846559032784 0.0770250030606985
v -0.42178882053786315 -0.06975549313433382 0.0770250030606985
v -0.3324039708979263 -0.13234343865395912 -0.0770250030606985
v -0.25288046272005527 -0.018772098960592502 -0.0770250030606985
v -0.42178882053786315 -0.06975549313433382 -0.0770250030606985
v -0.34226531235999214 0.043815846559032784 -0.0770250030606985
vt 0.0625 1
vt 0.1875 1
vt 0.0625 0.875
vt 0.1875 0.875
vt 0.0625 1
vt 0.1875 1
vt 0.0625 0.875
vt 0.1875 0.875
vt 0.0625 1
vt 0.1875 1
vt 0.0625 0.875
vt 0.1875 0.875
vt 0.0625 1
vt 0.1875 1
vt 0.0625 0.875
vt 0.1875 0.875
vt 0.0625 1
vt 0.1875 1
vt 0.0625 0.875
vt 0.1875 0.875
vt 0.0625 1
vt 0.1875 1
vt 0.0625 0.875
vt 0.1875 0.875
vn -0.5735764363510465 -0.8191520442889916 0
vn -0.5735764363510465 -0.8191520442889916 0
vn -0.5735764363510465 -0.8191520442889916 0
vn -0.5735764363510465 -0.8191520442889916 0
vn 0.5735764363510465 0.8191520442889916 0
vn 0.5735764363510465 0.8191520442889916 0
vn 0.5735764363510465 0.8191520442889916 0
vn 0.5735764363510465 0.8191520442889916 0
vn 0.8191520442889916 -0.5735764363510465 0
vn 0.8191520442889916 -0.5735764363510465 0
vn 0.8191520442889916 -0.5735764363510465 0
vn 0.8191520442889916 -0.5735764363510465 0
vn -0.8191520442889916 0.5735764363510465 0
vn -0.8191520442889916 0.5735764363510465 0
vn -0.8191520442889916 0.5735764363510465 0
vn -0.8191520442889916 0.5735764363510465 0
vn 0 0 1
vn 0 0 1
vn 0 0 1
vn 0 0 1
vn 0 0 -1
vn 0 0 -1
vn 0 0 -1
vn 0 0 -1
f 2161/2161/2161 2163/2163/2163 2162/2162/2162
f 2163/2163/2163 2164/2164/2164 2162/2162/2162
f 2165/2165/2165 2167/2167/2167 2166/2166/2166
f 2167/2167/2167 2168/2168/2168 2166/2166/2166
f 2169/2169/2169 2171/2171/2171 2170/2170/2170
f 2171/2171/2171 2172/2172/2172 2170/2170/2170
f 2173/2173/2173 2175/2175/2175 2174/2174/2174
f 2175/2175/2175 2176/2176/2176 2174/2174/2174
f 2177/2177/2177 2179/2179/2179 2178/2178/2178
f 2179/2179/2179 2180/2180/2180 2178/2178/2178
f 2181/2181/2181 2183/2183/2183 2182/2182/2182
f 2183/2183/2183 2184/2184/2184 2182/2182/2182
o ray_7_78
usemtl sun_gold
v -0.39208729534469694 -0.17149312914330941 0.05000000074505806
v -0.39208729534469694 -0.17149312914330941 -0.05000000074505806
v -0.43816459661532103 -0.13922945545325854 0.05000000074505806
v -0.43816459661532103 -0.13922945545325854 -0.05000000074505806
v -0.3476351211856127 -0.10800884522265991 -0.05000000074505806
v -0.3476351211856127 -0.10800884522265991 0.05000000074505806
v -0.3937124224562368 -0.07574517153260904 -0.05000000074505806
v -0.3937124224562368 -0.07574517153260904 0.05000000074505806
v -0.3476351211856127 -0.10800884522265991 -0.05000000074505806
v -0.39208729534469694 -0.17149312914330941 -0.05000000074505806
v -0.3476351211856127 -0.10800884522265991 0.05000000074505806
v -0.39208729534469694 -0.17149312914330941 0.05000000074505806
v -0.3937124224562368 -0.07574517153260904 0.05000000074505806
v -0.43816459661532103 -0.13922945545325854 0.05000000074505806
v -0.3937124224562368 -0.07574517153260904 -0.05000000074505806
v -0.43816459661532103 -0.13922945545325854 -0.05000000074505806
v -0.3476351211856127 -0.10800884522265991 0.05000000074505806
v -0.39208729534469694 -0.17149312914330941 0.05000000074505806
v -0.3937124224562368 -0.07574517153260904 0.05000000074505806
v -0.43816459661532103 -0.13922945545325854 0.05000000074505806
v -0.39208729534469694 -0.17149312914330941 -0.05000000074505806
v -0.3476351211856127 -0.10800884522265991 -0.05000000074505806
v -0.43816459661532103 -0.13922945545325854 -0.05000000074505806
v -0.3937124224562368 -0.07574517153260904 -0.05000000074505806
vt 0.75 0.1875
vt 0.875 0.1875
vt 0.75 0.125
vt 0.875 0.125
vt 0.75 0.1875
vt 0.875 0.1875
vt 0.75 0.125
vt 0.875 0.125
vt 0.75 0.25
vt 0.8125 0.25
vt 0.75 0.125
vt 0.8125 0.125
vt 0.75 0.25
vt 0.8125 0.25
vt 0.75 0.125
vt 0.8125 0.125
vt 0.75 0.1875
vt 0.8125 0.1875
vt 0.75 0.125
vt 0.8125 0.125
vt 0.75 0.1875
vt 0.8125 0.1875
vt 0.75 0.125
vt 0.8125 0.125
vn -0.5735764363510465 -0.8191520442889916 0
vn -0.5735764363510465 -0.8191520442889916 0
vn -0.5735764363510465 -0.8191520442889916 0
vn -0.5735764363510465 -0.8191520442889916 0
vn 0.5735764363510465 0.8191520442889916 0
vn 0.5735764363510465 0.8191520442889916 0
vn 0.5735764363510465 0.8191520442889916 0
vn 0.5735764363510465 0.8191520442889916 0
vn 0.8191520442889916 -0.5735764363510465 0
vn 0.8191520442889916 -0.5735764363510465 0
vn 0.8191520442889916 -0.5735764363510465 0
vn 0.8191520442889916 -0.5735764363510465 0
vn -0.8191520442889916 0.5735764363510465 0
vn -0.8191520442889916 0.5735764363510465 0
vn -0.8191520442889916 0.5735764363510465 0
vn -0.8191520442889916 0.5735764363510465 0
vn 0 0 1
vn 0 0 1
vn 0 0 1
vn 0 0 1
vn 0 0 -1
vn 0 0 -1
vn 0 0 -1
vn 0 0 -1
f 2185/2185/2185 2187/2187/2187 2186/2186/2186
f 2187/2187/2187 2188/2188/2188 2186/2186/2186
f 2189/2189/2189 2191/2191/2191 2190/2190/2190
f 2191/2191/2191 2192/2192/2192 2190/2190/2190
f 2193/2193/2193 2195/2195/2195 2194/2194/2194
f 2195/2195/2195 2196/2196/2196 2194/2194/2194
f 2197/2197/2197 2199/2199/2199 2198/2198/2198
f 2199/2199/2199 2200/2200/2200 2198/2198/2198
f 2201/2201/2201 2203/2203/2203 2202/2202/2202
f 2203/2203/2203 2204/2204/2204 2202/2202/2202
f 2205/2205/2205 2207/2207/2207 2206/2206/2206
f 2207/2207/2207 2208/2208/2208 2206/2206/2206
o orrery_arm_0_132
usemtl dark_bronze
v 0.5833197825450003 0.5456282192050461 0.051636016329673365
v 0.5833197825450003 0.5553284557940972 0.02178175787284581
v 0.5887707073720763 0.516227514016332 0.04208314813072316
v 0.5887707073720763 0.5259277506053831 0.012228889673895607
v -0.004041104021077713 0.45682984183820985 -0.010222381853063407
v -0.004041104021077713 0.4471296052491588 0.01963187660376415
v 0.0014098208059982742 0.4274291366494958 -0.01977525005201361
v 0.0014098208059982742 0.4177289000604447 0.010079008404813945
v -0.004041104021077713 0.45682984183820985 -0.010222381853063407
v 0.5833197825450003 0.5553284557940972 0.02178175787284581
v -0.004041104021077713 0.4471296052491588 0.01963187660376415
v 0.5833197825450003 0.5456282192050461 0.051636016329673365
v 0.0014098208059982742 0.4177289000604447 0.010079008404813945
v 0.5887707073720763 0.516227514016332 0.04208314813072316
v 0.0014098208059982742 0.4274291366494958 -0.01977525005201361
v 0.5887707073720763 0.5259277506053831 0.012228889673895607
v -0.004041104021077713 0.4471296052491588 0.01963187660376415
v 0.5833197825450003 0.5456282192050461 0.051636016329673365
v 0.0014098208059982742 0.4177289000604447 0.010079008404813945
v 0.5887707073720763 0.516227514016332 0.04208314813072316
v 0.5833197825450003 0.5553284557940972 0.02178175787284581
v -0.004041104021077713 0.45682984183820985 -0.010222381853063407
v 0.5887707073720763 0.5259277506053831 0.012228889673895607
v 0.0014098208059982742 0.4274291366494958 -0.01977525005201361
vt 0.875 0.5
vt 0.9375 0.5
vt 0.875 0.4375
vt 0.9375 0.4375
vt 0.875 0.5
vt 0.9375 0.5
vt 0.875 0.4375
vt 0.9375 0.4375
vt 0.875 0.5
vt 1.5 0.5
vt 0.875 0.4375
vt 1.5 0.4375
vt 0.875 0.5
vt 1.5 0.5
vt 0.875 0.4375
vt 1.5 0.4375
vt 0.875 0.5
vt 1.5 0.5
vt 0.875 0.4375
vt 1.5 0.4375
vt 0.875 0.5
vt 1.5 0.5
vt 0.875 0.4375
vt 1.5 0.4375
vn 0.9848077530122079 0.16514923091291267 0.05366023794132168
vn 0.9848077530122079 0.16514923091291267 0.05366023794132168
vn 0.9848077530122079 0.16514923091291267 0.05366023794132168
vn 0.9848077530122079 0.16514923091291267 0.05366023794132168
vn -0.9848077530122079 -0.16514923091291267 -0.05366023794132168
vn -0.9848077530122079 -0.16514923091291267 -0.05366023794132168
vn -0.9848077530122079 -0.16514923091291267 -0.05366023794132168
vn -0.9848077530122079 -0.16514923091291267 -0.05366023794132168
vn -0.17364817766693033 0.9366078308002486 0.3043223318729781
vn -0.17364817766693033 0.9366078308002486 0.3043223318729781
vn -0.17364817766693033 0.9366078308002486 0.3043223318729781
vn -0.17364817766693033 0.9366078308002486 0.3043223318729781
vn 0.17364817766693033 -0.9366078308002486 -0.3043223318729781
vn 0.17364817766693033 -0.9366078308002486 -0.3043223318729781
vn 0.17364817766693033 -0.9366078308002486 -0.3043223318729781
vn 0.17364817766693033 -0.9366078308002486 -0.3043223318729781
vn 1.375372576300075e-17 -0.30901699437494745 0.9510565162951534
vn 1.375372576300075e-17 -0.30901699437494745 0.9510565162951534
vn 1.375372576300075e-17 -0.30901699437494745 0.9510565162951534
vn 1.375372576300075e-17 -0.30901699437494745 0.9510565162951534
vn -1.375372576300075e-17 0.30901699437494745 -0.9510565162951534
vn -1.375372576300075e-17 0.30901699437494745 -0.9510565162951534
vn -1.375372576300075e-17 0.30901699437494745 -0.9510565162951534
vn -1.375372576300075e-17 0.30901699437494745 -0.9510565162951534
f 2209/2209/2209 2211/2211/2211 2210/2210/2210
f 2211/2211/2211 2212/2212/2212 2210/2210/2210
f 2213/2213/2213 2215/2215/2215 2214/2214/2214
f 2215/2215/2215 2216/2216/2216 2214/2214/2214
f 2217/2217/2217 2219/2219/2219 2218/2218/2218
f 2219/2219/2219 2220/2220/2220 2218/2218/2218
f 2221/2221/2221 2223/2223/2223 2222/2222/2222
f 2223/2223/2223 2224/2224/2224 2222/2222/2222
f 2225/2225/2225 2227/2227/2227 2226/2226/2226
f 2227/2227/2227 2228/2228/2228 2226/2226/2226
f 2229/2229/2229 2231/2231/2231 2230/2230/2230
f 2231/2231/2231 2232/2232/2232 2230/2230/2230
o planet_0_133
usemtl pommel_gem
v 0.6687657366090053 0.6176852280545815 0.16747721761944173
v 0.6687657366090053 0.6817135502431669 -0.02958169549332071
v 0.7047456395577356 0.423620082620974 0.10442162951575916
v 0.7047456395577356 0.48764840480955945 -0.09263728359700325
v 0.46471356714426154 0.6474946290881098 -0.04070009696043965
v 0.46471356714426154 0.5834663068995244 0.15635881615232278
v 0.5006934700929918 0.4534294836545023 -0.10375568506412221
v 0.5006934700929918 0.38940116146591686 0.09330322804864022
v 0.46471356714426154 0.6474946290881098 -0.04070009696043965
v 0.6687657366090053 0.6817135502431669 -0.02958169549332071
v 0.46471356714426154 0.5834663068995244 0.15635881615232278
v 0.6687657366090053 0.6176852280545815 0.16747721761944173
v 0.5006934700929918 0.38940116146591686 0.09330322804864022
v 0.7047456395577356 0.423620082620974 0.10442162951575916
v 0.5006934700929918 0.4534294836545023 -0.10375568506412221
v 0.7047456395577356 0.48764840480955945 -0.09263728359700325
v 0.46471356714426154 0.5834663068995244 0.15635881615232278
v 0.6687657366090053 0.6176852280545815 0.16747721761944173
v 0.5006934700929918 0.38940116146591686 0.09330322804864022
v 0.7047456395577356 0.423620082620974 0.10442162951575916
v 0.6687657366090053 0.6817135502431669 -0.02958169549332071
v 0.46471356714426154 0.6474946290881098 -0.04070009696043965
v 0.7047456395577356 0.48764840480955945 -0.09263728359700325
v 0.5006934700929918 0.4534294836545023 -0.10375568506412221
vt 0.375 0.4375
vt 0.5625 0.4375
vt 0.375 0.25
vt 0.5625 0.25
vt 0.375 0.4375
vt 0.5625 0.4375
vt 0.375 0.25
vt 0.5625 0.25
vt 0.375 0.4375
vt 0.5625 0.4375
vt 0.375 0.25
vt 0.5625 0.25
vt 0.375 0.4375
vt 0.5625 0.4375
vt 0.375 0.25
vt 0.5625 0.25
vt 0.375 0.4375
vt 0.5625 0.4375
vt 0.375 0.25
vt 0.5625 0.25
vt 0.375 0.4375
vt 0.5625 0.4375
vt 0.375 0.25
vt 0.5625 0.25
vn 0.9848077530122079 0.16514923091291264 0.05366023794132169
vn 0.9848077530122079 0.16514923091291264 0.05366023794132169
vn 0.9848077530122079 0.16514923091291264 0.05366023794132169
vn 0.9848077530122079 0.16514923091291264 0.05366023794132169
vn -0.9848077530122079 -0.16514923091291264 -0.05366023794132169
vn -0.9848077530122079 -0.16514923091291264 -0.05366023794132169
vn -0.9848077530122079 -0.16514923091291264 -0.05366023794132169
vn -0.9848077530122079 -0.16514923091291264 -0.05366023794132169
vn -0.17364817766693033 0.9366078308002486 0.30432233187297814
vn -0.17364817766693033 0.9366078308002486 0.30432233187297814
vn -0.17364817766693033 0.9366078308002486 0.30432233187297814
vn -0.17364817766693033 0.9366078308002486 0.30432233187297814
vn 0.17364817766693033 -0.9366078308002486 -0.30432233187297814
vn 0.17364817766693033 -0.9366078308002486 -0.30432233187297814
vn 0.17364817766693033 -0.9366078308002486 -0.30432233187297814
vn 0.17364817766693033 -0.9366078308002486 -0.30432233187297814
vn 6.465032855714758e-18 -0.3090169943749473 0.9510565162951534
vn 6.465032855714758e-18 -0.3090169943749473 0.9510565162951534
vn 6.465032855714758e-18 -0.3090169943749473 0.9510565162951534
vn 6.465032855714758e-18 -0.3090169943749473 0.9510565162951534
vn -6.465032855714758e-18 0.3090169943749473 -0.9510565162951534
vn -6.465032855714758e-18 0.3090169943749473 -0.9510565162951534
vn -6.465032855714758e-18 0.3090169943749473 -0.9510565162951534
vn -6.465032855714758e-18 0.3090169943749473 -0.9510565162951534
f 2233/2233/2233 2235/2235/2235 2234/2234/2234
f 2235/2235/2235 2236/2236/2236 2234/2234/2234
f 2237/2237/2237 2239/2239/2239 2238/2238/2238
f 2239/2239/2239 2240/2240/2240 2238/2238/2238
f 2241/2241/2241 2243/2243/2243 2242/2242/2242
f 2243/2243/2243 2244/2244/2244 2242/2242/2242
f 2245/2245/2245 2247/2247/2247 2246/2246/2246
f 2247/2247/2247 2248/2248/2248 2246/2246/2246
f 2249/2249/2249 2251/2251/2251 2250/2250/2250
f 2251/2251/2251 2252/2252/2252 2250/2250/2250
f 2253/2253/2253 2255/2255/2255 2254/2254/2254
f 2255/2255/2255 2256/2256/2256 2254/2254/2254
o orrery_arm_1_134
usemtl dark_bronze
v -0.3602564370647534 0.5963629651049392 -0.642688772548391
v -0.38714844796287884 0.586981411545168 -0.6291600649522182
v -0.354781092962693 0.566830549440019 -0.6522844360752609
v -0.38167310386081843 0.5574489958802477 -0.6387557284790879
v -0.014521814416884854 0.44695091446500196 0.014432519187516146
v 0.01237019648124063 0.4563324680247732 0.0009038115913432843
v -0.009046470314824445 0.41741849880008164 0.004836855660646344
v 0.01784554058330104 0.42680005235985286 -0.008691851935526518
v -0.014521814416884854 0.44695091446500196 0.014432519187516146
v -0.38714844796287884 0.586981411545168 -0.6291600649522182
v 0.01237019648124063 0.4563324680247732 0.0009038115913432843
v -0.3602564370647534 0.5963629651049392 -0.642688772548391
v 0.01784554058330104 0.42680005235985286 -0.008691851935526518
v -0.354781092962693 0.566830549440019 -0.6522844360752609
v -0.009046470314824445 0.41741849880008164 0.004836855660646344
v -0.38167310386081843 0.5574489958802477 -0.6387557284790879
v 0.01237019648124063 0.4563324680247732 0.0009038115913432843
v -0.3602564370647534 0.5963629651049392 -0.642688772548391
v 0.01784554058330104 0.42680005235985286 -0.008691851935526518
v -0.354781092962693 0.566830549440019 -0.6522844360752609
v -0.38714844796287884 0.586981411545168 -0.6291600649522182
v -0.014521814416884854 0.44695091446500196 0.014432519187516146
v -0.38167310386081843 0.5574489958802477 -0.6387557284790879
v -0.009046470314824445 0.41741849880008164 0.004836855660646344
vt 0.3125 0.5
vt 0.375 0.5
vt 0.3125 0.4375
vt 0.375 0.4375
vt 0.3125 0.5
vt 0.375 0.5
vt 0.3125 0.4375
vt 0.375 0.4375
vt 0.3125 0.5
vt 1.0625 0.5
vt 0.3125 0.4375
vt 1.0625 0.4375
vt 0.3125 0.5
vt 1.0625 0.5
vt 0.3125 0.4375
vt 1.0625 0.4375
vt 0.3125 0.5
vt 1.0625 0.5
vt 0.3125 0.4375
vt 1.0625 0.4375
vt 0.3125 0.5
vt 1.0625 0.5
vt 0.3125 0.4375
vt 1.0625 0.4375
vn -0.4924038765061037 0.18504195187336117 -0.8504692225169929
vn -0.4924038765061037 0.18504195187336117 -0.8504692225169929
vn -0.4924038765061037 0.18504195187336117 -0.8504692225169929
vn -0.4924038765061037 0.18504195187336117 -0.8504692225169929
vn 0.4924038765061037 -0.18504195187336117 0.8504692225169929
vn 0.4924038765061037 -0.18504195187336117 0.8504692225169929
vn 0.4924038765061037 -0.18504195187336117 0.8504692225169929
vn 0.4924038765061037 -0.18504195187336117 0.8504692225169929
vn -0.1736481776669304 0.9366078308002487 0.30432233187297814
vn -0.1736481776669304 0.9366078308002487 0.30432233187297814
vn -0.1736481776669304 0.9366078308002487 0.30432233187297814
vn -0.1736481776669304 0.9366078308002487 0.30432233187297814
vn 0.1736481776669304 -0.9366078308002487 -0.30432233187297814
vn 0.1736481776669304 -0.9366078308002487 -0.30432233187297814
vn 0.1736481776669304 -0.9366078308002487 -0.30432233187297814
vn 0.1736481776669304 -0.9366078308002487 -0.30432233187297814
vn 0.8528685319524434 0.29753192657351835 -0.4290571289172744
vn 0.8528685319524434 0.29753192657351835 -0.4290571289172744
vn 0.8528685319524434 0.29753192657351835 -0.4290571289172744
vn 0.8528685319524434 0.29753192657351835 -0.4290571289172744
vn -0.8528685319524434 -0.29753192657351835 0.4290571289172744
vn -0.8528685319524434 -0.29753192657351835 0.4290571289172744
vn -0.8528685319524434 -0.29753192657351835 0.4290571289172744
vn -0.8528685319524434 -0.29753192657351835 0.4290571289172744
f 2257/2257/2257 2259/2259/2259 2258/2258/2258
f 2259/2259/2259 2260/2260/2260 2258/2258/2258
f 2261/2261/2261 2263/2263/2263 2262/2262/2262
f 2263/2263/2263 2264/2264/2264 2262/2262/2262
f 2265/2265/2265 2267/2267/2267 2266/2266/2266
f 2267/2267/2267 2268/2268/2268 2266/2266/2266
f 2269/2269/2269 2271/2271/2271 2270/2270/2270
f 2271/2271/2271 2272/2272/2272 2270/2270/2270
f 2273/2273/2273 2275/2275/2275 2274/2274/2274
f 2275/2275/2275 2276/2276/2276 2274/2274/2274
f 2277/2277/2277 2279/2279/2279 2278/2278/2278
f 2279/2279/2279 2280/2280/2280 2278/2278/2278
o planet_1_135
usemtl bright_gold
v -0.354724215915562 0.6870308609411792 -0.7139544035882998
v -0.4878356773294137 0.6405935636559649 -0.6469893095315825
v -0.32762207550925365 0.5408497879403166 -0.7614515134227403
v -0.46073353692310526 0.4944124906551024 -0.6944864193660231
v -0.410983739249902 0.6117131398697252 -0.514252320352749
v -0.2778722778360504 0.6581504371549394 -0.5812174144094663
v -0.38388159884359363 0.46553206686886267 -0.5617494301871896
v -0.25077013742974197 0.5119693641540769 -0.6287145242439068
v -0.410983739249902 0.6117131398697252 -0.514252320352749
v -0.4878356773294137 0.6405935636559649 -0.6469893095315825
v -0.2778722778360504 0.6581504371549394 -0.5812174144094663
v -0.354724215915562 0.6870308609411792 -0.7139544035882998
v -0.25077013742974197 0.5119693641540769 -0.6287145242439068
v -0.32762207550925365 0.5408497879403166 -0.7614515134227403
v -0.38388159884359363 0.46553206686886267 -0.5617494301871896
v -0.46073353692310526 0.4944124906551024 -0.6944864193660231
v -0.2778722778360504 0.6581504371549394 -0.5812174144094663
v -0.354724215915562 0.6870308609411792 -0.7139544035882998
v -0.25077013742974197 0.5119693641540769 -0.6287145242439068
v -0.32762207550925365 0.5408497879403166 -0.7614515134227403
v -0.4878356773294137 0.6405935636559649 -0.6469893095315825
v -0.410983739249902 0.6117131398697252 -0.514252320352749
v -0.46073353692310526 0.4944124906551024 -0.6944864193660231
v -0.38388159884359363 0.46553206686886267 -0.5617494301871896
vt 0.125 1.0625
vt 0.25 1.0625
vt 0.125 0.9375
vt 0.25 0.9375
vt 0.125 1.0625
vt 0.25 1.0625
vt 0.125 0.9375
vt 0.25 0.9375
vt 0.125 1.0625
vt 0.25 1.0625
vt 0.125 0.9375
vt 0.25 0.9375
vt 0.125 1.0625
vt 0.25 1.0625
vt 0.125 0.9375
vt 0.25 0.9375
vt 0.125 1.0625
vt 0.25 1.0625
vt 0.125 0.9375
vt 0.25 0.9375
vt 0.125 1.0625
vt 0.25 1.0625
vt 0.125 0.9375
vt 0.25 0.9375
vn -0.4924038765061038 0.18504195187336123 -0.850469222516993
vn -0.4924038765061038 0.18504195187336123 -0.850469222516993
vn -0.4924038765061038 0.18504195187336123 -0.850469222516993
vn -0.4924038765061038 0.18504195187336123 -0.850469222516993
vn 0.4924038765061038 -0.18504195187336123 0.850469222516993
vn 0.4924038765061038 -0.18504195187336123 0.850469222516993
vn 0.4924038765061038 -0.18504195187336123 0.850469222516993
vn 0.4924038765061038 -0.18504195187336123 0.850469222516993
vn -0.1736481776669303 0.9366078308002486 0.3043223318729781
vn -0.1736481776669303 0.9366078308002486 0.3043223318729781
vn -0.1736481776669303 0.9366078308002486 0.3043223318729781
vn -0.1736481776669303 0.9366078308002486 0.3043223318729781
vn 0.1736481776669303 -0.9366078308002486 -0.3043223318729781
vn 0.1736481776669303 -0.9366078308002486 -0.3043223318729781
vn 0.1736481776669303 -0.9366078308002486 -0.3043223318729781
vn 0.1736481776669303 -0.9366078308002486 -0.3043223318729781
vn 0.8528685319524434 0.29753192657351835 -0.4290571289172744
vn 0.8528685319524434 0.29753192657351835 -0.4290571289172744
vn 0.8528685319524434 0.29753192657351835 -0.4290571289172744
vn 0.8528685319524434 0.29753192657351835 -0.4290571289172744
vn -0.8528685319524434 -0.29753192657351835 0.4290571289172744
vn -0.8528685319524434 -0.29753192657351835 0.4290571289172744
vn -0.8528685319524434 -0.29753192657351835 0.4290571289172744
vn -0.8528685319524434 -0.29753192657351835 0.4290571289172744
f 2281/2281/2281 2283/2283/2283 2282/2282/2282
f 2283/2283/2283 2284/2284/2284 2282/2282/2282
f 2285/2285/2285 2287/2287/2287 2286/2286/2286
f 2287/2287/2287 2288/2288/2288 2286/2286/2286
f 2289/2289/2289 2291/2291/2291 2290/2290/2290
f 2291/2291/2291 2292/2292/2292 2290/2290/2290
f 2293/2293/2293 2295/2295/2295 2294/2294/2294
f 2295/2295/2295 2296/2296/2296 2294/2294/2294
f 2297/2297/2297 2299/2299/2299 2298/2298/2298
f 2299/2299/2299 2300/2300/2300 2298/2298/2298
f 2301/2301/2301 2303/2303/2303 2302/2302/2302
f 2303/2303/2303 2304/2304/2304 2302/2302/2302
o orrery_arm_2_136
usemtl dark_bronze
v -0.4655089943782097 0.13301099536043898 0.723535251985876
v -0.4384970488427784 0.1326472417286656 0.7400679513329849
v -0.46000923100116486 0.10334686921931235 0.7138967931310864
v -0.4329972854657336 0.10298311558753898 0.7304294924781953
v 0.01376821791750793 0.45429237138062706 0.00821134914061511
v -0.013243727617923362 0.45465612501240044 -0.00832135020649366
v 0.01926798129455276 0.42462824523950043 -0.0014271097141744238
v -0.007743964240878531 0.4249919988712738 -0.017959809061283194
v 0.01376821791750793 0.45429237138062706 0.00821134914061511
v -0.4384970488427784 0.1326472417286656 0.7400679513329849
v -0.013243727617923362 0.45465612501240044 -0.00832135020649366
v -0.4655089943782097 0.13301099536043898 0.723535251985876
v -0.007743964240878531 0.4249919988712738 -0.017959809061283194
v -0.46000923100116486 0.10334686921931235 0.7138967931310864
v 0.01926798129455276 0.42462824523950043 -0.0014271097141744238
v -0.4329972854657336 0.10298311558753898 0.7304294924781953
v -0.013243727617923362 0.45465612501240044 -0.00832135020649366
v -0.4655089943782097 0.13301099536043898 0.723535251985876
v -0.007743964240878531 0.4249919988712738 -0.017959809061283194
v -0.46000923100116486 0.10334686921931235 0.7138967931310864
v -0.4384970488427784 0.1326472417286656 0.7400679513329849
v 0.01376821791750793 0.45429237138062706 0.00821134914061511
v -0.4329972854657336 0.10298311558753898 0.7304294924781953
v 0.01926798129455276 0.42462824523950043 -0.0014271097141744238
vt 0.8125 0.0625
vt 0.875 0.0625
vt 0.8125 0
vt 0.875 0
vt 0.8125 0.0625
vt 0.875 0.0625
vt 0.8125 0
vt 0.875 0
vt 0.8125 0.0625
vt 1.75 0.0625
vt 0.8125 0
vt 1.75 0
vt 0.8125 0.0625
vt 1.75 0.0625
vt 0.8125 0
vt 1.75 0
vt 0.8125 0.0625
vt 1.75 0.0625
vt 0.8125 0
vt 1.75 0
vt 0.8125 0.0625
vt 1.75 0.0625
vt 0.8125 0
vt 1.75 0
vn -0.4924038765061043 -0.3501911827862738 0.796808984575671
vn -0.4924038765061043 -0.3501911827862738 0.796808984575671
vn -0.4924038765061043 -0.3501911827862738 0.796808984575671
vn -0.4924038765061043 -0.3501911827862738 0.796808984575671
vn 0.4924038765061043 0.3501911827862738 -0.796808984575671
vn 0.4924038765061043 0.3501911827862738 -0.796808984575671
vn 0.4924038765061043 0.3501911827862738 -0.796808984575671
vn 0.4924038765061043 0.3501911827862738 -0.796808984575671
vn -0.17364817766693036 0.9366078308002486 0.3043223318729781
vn -0.17364817766693036 0.9366078308002486 0.3043223318729781
vn -0.17364817766693036 0.9366078308002486 0.3043223318729781
vn -0.17364817766693036 0.9366078308002486 0.3043223318729781
vn 0.17364817766693036 -0.9366078308002486 -0.3043223318729781
vn 0.17364817766693036 -0.9366078308002486 -0.3043223318729781
vn 0.17364817766693036 -0.9366078308002486 -0.3043223318729781
vn 0.17364817766693036 -0.9366078308002486 -0.3043223318729781
vn -0.852868531952443 0.011485067801429135 -0.5219993873778793
vn -0.852868531952443 0.011485067801429135 -0.5219993873778793
vn -0.852868531952443 0.011485067801429135 -0.5219993873778793
vn -0.852868531952443 0.011485067801429135 -0.5219993873778793
vn 0.852868531952443 -0.011485067801429135 0.5219993873778793
vn 0.852868531952443 -0.011485067801429135 0.5219993873778793
vn 0.852868531952443 -0.011485067801429135 0.5219993873778793
vn 0.852868531952443 -0.011485067801429135 0.5219993873778793
f 2305/2305/2305 2307/2307/2307 2306/2306/2306
f 2307/2307/2307 2308/2308/2308 2306/2306/2306
f 2309/2309/2309 2311/2311/2311 2310/2310/2310
f 2311/2311/2311 2312/2312/2312 2310/2310/2310
f 2313/2313/2313 2315/2315/2315 2314/2314/2314
f 2315/2315/2315 2316/2316/2316 2314/2314/2314
f 2317/2317/2317 2319/2319/2319 2318/2318/2318
f 2319/2319/2319 2320/2320/2320 2318/2318/2318
f 2321/2321/2321 2323/2323/2323 2322/2322/2322
f 2323/2323/2323 2324/2324/2324 2322/2322/2322
f 2325/2325/2325 2327/2327/2327 2326/2326/2326
f 2327/2327/2327 2328/2328/2328 2326/2326/2326
o planet_2_137
usemtl dark_bronze
v -0.6446500146462975 0.19824015222832655 0.7977572505065709
v -0.42183811067372173 0.1952396782652032 0.9341295904590419
v -0.5992844282308118 -0.046448643568238385 0.7182530413047554
v -0.3764725242582362 -0.04944911753136175 0.8546253812572263
v -0.293197597936502 0.28672712476811724 0.7259632432386478
v -0.5160095019090777 0.28972759873124054 0.5895909032861769
v -0.24783201152101647 0.04203832897155227 0.6464590340368324
v -0.47064391549359214 0.04503880293467563 0.5100866940843614
v -0.293197597936502 0.28672712476811724 0.7259632432386478
v -0.42183811067372173 0.1952396782652032 0.9341295904590419
v -0.5160095019090777 0.28972759873124054 0.5895909032861769
v -0.6446500146462975 0.19824015222832655 0.7977572505065709
v -0.47064391549359214 0.04503880293467563 0.5100866940843614
v -0.5992844282308118 -0.046448643568238385 0.7182530413047554
v -0.24783201152101647 0.04203832897155227 0.6464590340368324
v -0.3764725242582362 -0.04944911753136175 0.8546253812572263
v -0.5160095019090777 0.28972759873124054 0.5895909032861769
v -0.6446500146462975 0.19824015222832655 0.7977572505065709
v -0.47064391549359214 0.04503880293467563 0.5100866940843614
v -0.5992844282308118 -0.046448643568238385 0.7182530413047554
v -0.42183811067372173 0.1952396782652032 0.9341295904590419
v -0.293197597936502 0.28672712476811724 0.7259632432386478
v -0.3764725242582362 -0.04944911753136175 0.8546253812572263
v -0.24783201152101647 0.04203832897155227 0.6464590340368324
vt 0.8125 0.5625
vt 1.0625 0.5625
vt 0.8125 0.3125
vt 1.0625 0.3125
vt 0.8125 0.5625
vt 1.0625 0.5625
vt 0.8125 0.3125
vt 1.0625 0.3125
vt 0.8125 0.5625
vt 1.0625 0.5625
vt 0.8125 0.3125
vt 1.0625 0.3125
vt 0.8125 0.5625
vt 1.0625 0.5625
vt 0.8125 0.3125
vt 1.0625 0.3125
vt 0.8125 0.5625
vt 1.0625 0.5625
vt 0.8125 0.3125
vt 1.0625 0.3125
vt 0.8125 0.5625
vt 1.0625 0.5625
vt 0.8125 0.3125
vt 1.0625 0.3125
vn -0.4924038765061043 -0.3501911827862738 0.796808984575671
vn -0.4924038765061043 -0.3501911827862738 0.796808984575671
vn -0.4924038765061043 -0.3501911827862738 0.796808984575671
vn -0.4924038765061043 -0.3501911827862738 0.796808984575671
vn 0.4924038765061043 0.3501911827862738 -0.796808984575671
vn 0.4924038765061043 0.3501911827862738 -0.796808984575671
vn 0.4924038765061043 0.3501911827862738 -0.796808984575671
vn 0.4924038765061043 0.3501911827862738 -0.796808984575671
vn -0.17364817766693044 0.9366078308002487 0.3043223318729782
vn -0.17364817766693044 0.9366078308002487 0.3043223318729782
vn -0.17364817766693044 0.9366078308002487 0.3043223318729782
vn -0.17364817766693044 0.9366078308002487 0.3043223318729782
vn 0.17364817766693044 -0.9366078308002487 -0.3043223318729782
vn 0.17364817766693044 -0.9366078308002487 -0.3043223318729782
vn 0.17364817766693044 -0.9366078308002487 -0.3043223318729782
vn 0.17364817766693044 -0.9366078308002487 -0.3043223318729782
vn -0.8528685319524429 0.011485067801429131 -0.5219993873778792
vn -0.8528685319524429 0.011485067801429131 -0.5219993873778792
vn -0.8528685319524429 0.011485067801429131 -0.5219993873778792
vn -0.8528685319524429 0.011485067801429131 -0.5219993873778792
vn 0.8528685319524429 -0.011485067801429131 0.5219993873778792
vn 0.8528685319524429 -0.011485067801429131 0.5219993873778792
vn 0.8528685319524429 -0.011485067801429131 0.5219993873778792
vn 0.8528685319524429 -0.011485067801429131 0.5219993873778792
f 2329/2329/2329 2331/2331/2331 2330/2330/2330
f 2331/2331/2331 2332/2332/2332 2330/2330/2330
f 2333/2333/2333 2335/2335/2335 2334/2334/2334
f 2335/2335/2335 2336/2336/2336 2334/2334/2334
f 2337/2337/2337 2339/2339/2339 2338/2338/2338
f 2339/2339/2339 2340/2340/2340 2338/2338/2338
f 2341/2341/2341 2343/2343/2343 2342/2342/2342
f 2343/2343/2343 2344/2344/2344 2342/2342/2342
f 2345/2345/2345 2347/2347/2347 2346/2346/2346
f 2347/2347/2347 2348/2348/2348 2346/2346/2346
f 2349/2349/2349 2351/2351/2351 2350/2350/2350
f 2351/2351/2351 2352/2352/2352 2350/2350/2350
o planet_2_138
usemtl sun_gold
v -0.6206970473806022 0.06273998918797663 0.8514869679186031
v -0.6363616457019525 0.05159953218558829 0.8768354537404166
v -0.6151728647285729 0.03294415257064372 0.841805713735894
v -0.6308374630499234 0.021803695568255378 0.8671541995577076
v -0.498890905866488 0.04974829637541191 0.960974613866561
v -0.48322630754513757 0.060888753377800246 0.9356261280447474
v -0.4933667232144588 0.019952459758079 0.9512933596838519
v -0.47770212489310837 0.031092916760467333 0.9259448738620384
v -0.498890905866488 0.04974829637541191 0.960974613866561
v -0.6363616457019525 0.05159953218558829 0.8768354537404166
v -0.48322630754513757 0.060888753377800246 0.9356261280447474
v -0.6206970473806022 0.06273998918797663 0.8514869679186031
v -0.47770212489310837 0.031092916760467333 0.9259448738620384
v -0.6151728647285729 0.03294415257064372 0.841805713735894
v -0.4933667232144588 0.019952459758079 0.9512933596838519
v -0.6308374630499234 0.021803695568255378 0.8671541995577076
v -0.48322630754513757 0.060888753377800246 0.9356261280447474
v -0.6206970473806022 0.06273998918797663 0.8514869679186031
v -0.47770212489310837 0.031092916760467333 0.9259448738620384
v -0.6151728647285729 0.03294415257064372 0.841805713735894
v -0.6363616457019525 0.05159953218558829 0.8768354537404166
v -0.498890905866488 0.04974829637541191 0.960974613866561
v -0.6308374630499234 0.021803695568255378 0.8671541995577076
v -0.4933667232144588 0.019952459758079 0.9512933596838519
vt 0 0.3125
vt 0.0625 0.3125
vt 0 0.25
vt 0.0625 0.25
vt 0 0.3125
vt 0.0625 0.3125
vt 0 0.25
vt 0.0625 0.25
vt 0 0.3125
vt 0.1875 0.3125
vt 0 0.25
vt 0.1875 0.25
vt 0 0.3125
vt 0.1875 0.3125
vt 0 0.25
vt 0.1875 0.25
vt 0 0.3125
vt 0.1875 0.3125
vt 0 0.25
vt 0.1875 0.25
vt 0 0.3125
vt 0.1875 0.3125
vt 0 0.25
vt 0.1875 0.25
vn -0.8528685319524432 0.011485067801429086 -0.521999387377879
vn -0.8528685319524432 0.011485067801429086 -0.521999387377879
vn -0.8528685319524432 0.011485067801429086 -0.521999387377879
vn -0.8528685319524432 0.011485067801429086 -0.521999387377879
vn 0.8528685319524432 -0.011485067801429086 0.521999387377879
vn 0.8528685319524432 -0.011485067801429086 0.521999387377879
vn 0.8528685319524432 -0.011485067801429086 0.521999387377879
vn 0.8528685319524432 -0.011485067801429086 0.521999387377879
vn -0.1736481776669304 0.9366078308002487 0.30432233187297814
vn -0.1736481776669304 0.9366078308002487 0.30432233187297814
vn -0.1736481776669304 0.9366078308002487 0.30432233187297814
vn -0.1736481776669304 0.9366078308002487 0.30432233187297814
vn 0.1736481776669304 -0.9366078308002487 -0.30432233187297814
vn 0.1736481776669304 -0.9366078308002487 -0.30432233187297814
vn 0.1736481776669304 -0.9366078308002487 -0.30432233187297814
vn 0.1736481776669304 -0.9366078308002487 -0.30432233187297814
vn 0.492403876506104 0.3501911827862738 -0.7968089845756712
vn 0.492403876506104 0.3501911827862738 -0.7968089845756712
vn 0.492403876506104 0.3501911827862738 -0.7968089845756712
vn 0.492403876506104 0.3501911827862738 -0.7968089845756712
vn -0.492403876506104 -0.3501911827862738 0.7968089845756712
vn -0.492403876506104 -0.3501911827862738 0.7968089845756712
vn -0.492403876506104 -0.3501911827862738 0.7968089845756712
vn -0.492403876506104 -0.3501911827862738 0.7968089845756712
f 2353/2353/2353 2355/2355/2355 2354/2354/2354
f 2355/2355/2355 2356/2356/2356 2354/2354/2354
f 2357/2357/2357 2359/2359/2359 2358/2358/2358
f 2359/2359/2359 2360/2360/2360 2358/2358/2358
f 2361/2361/2361 2363/2363/2363 2362/2362/2362
f 2363/2363/2363 2364/2364/2364 2362/2362/2362
f 2365/2365/2365 2367/2367/2367 2366/2366/2366
f 2367/2367/2367 2368/2368/2368 2366/2366/2366
f 2369/2369/2369 2371/2371/2371 2370/2370/2370
f 2371/2371/2371 2372/2372/2372 2370/2370/2370
f 2373/2373/2373 2375/2375/2375 2374/2374/2374
f 2375/2375/2375 2376/2376/2376 2374/2374/2374
o planet_2_139
usemtl sun_gold
v -0.6700415357171327 0.0956817251339076 0.7235637866487262
v -0.6995477903596822 0.08661142582201026 0.7346428487537621
v -0.6643464181402124 0.0649639151831307 0.7135829651705797
v -0.6938526727827621 0.05589361587123335 0.7246620272756155
v -0.6329856002640851 0.05086262691115316 0.8826471300564965
v -0.6034793456215355 0.05993292622305051 0.8715680679514608
v -0.6272904826871649 0.02014481696037626 0.87266630857835
v -0.5977842280446154 0.02921511627227361 0.8615872464733142
v -0.6329856002640851 0.05086262691115316 0.8826471300564965
v -0.6995477903596822 0.08661142582201026 0.7346428487537621
v -0.6034793456215355 0.05993292622305051 0.8715680679514608
v -0.6700415357171327 0.0956817251339076 0.7235637866487262
v -0.5977842280446154 0.02921511627227361 0.8615872464733142
v -0.6643464181402124 0.0649639151831307 0.7135829651705797
v -0.6272904826871649 0.02014481696037626 0.87266630857835
v -0.6938526727827621 0.05589361587123335 0.7246620272756155
v -0.6034793456215355 0.05993292622305051 0.8715680679514608
v -0.6700415357171327 0.0956817251339076 0.7235637866487262
v -0.5977842280446154 0.02921511627227361 0.8615872464733142
v -0.6643464181402124 0.0649639151831307 0.7135829651705797
v -0.6995477903596822 0.08661142582201026 0.7346428487537621
v -0.6329856002640851 0.05086262691115316 0.8826471300564965
v -0.6938526727827621 0.05589361587123335 0.7246620272756155
v -0.6272904826871649 0.02014481696037626 0.87266630857835
vt 0 0.3125
vt 0.0625 0.3125
vt 0 0.25
vt 0.0625 0.25
vt 0 0.3125
vt 0.0625 0.3125
vt 0 0.25
vt 0.0625 0.25
vt 0 0.3125
vt 0.1875 0.3125
vt 0 0.25
vt 0.1875 0.25
vt 0 0.3125
vt 0.1875 0.3125
vt 0 0.25
vt 0.1875 0.25
vt 0 0.3125
vt 0.1875 0.3125
vt 0 0.25
vt 0.1875 0.25
vt 0 0.3125
vt 0.1875 0.3125
vt 0 0.25
vt 0.1875 0.25
vn -0.400557399535207 0.2151288277575342 -0.8906589454697358
vn -0.400557399535207 0.2151288277575342 -0.8906589454697358
vn -0.400557399535207 0.2151288277575342 -0.8906589454697358
vn -0.400557399535207 0.2151288277575342 -0.8906589454697358
vn 0.400557399535207 -0.2151288277575342 0.8906589454697358
vn 0.400557399535207 -0.2151288277575342 0.8906589454697358
vn 0.400557399535207 -0.2151288277575342 0.8906589454697358
vn 0.400557399535207 -0.2151288277575342 0.8906589454697358
vn -0.1736481776669304 0.9366078308002487 0.30432233187297814
vn -0.1736481776669304 0.9366078308002487 0.30432233187297814
vn -0.1736481776669304 0.9366078308002487 0.30432233187297814
vn -0.1736481776669304 0.9366078308002487 0.30432233187297814
vn 0.1736481776669304 -0.9366078308002487 -0.30432233187297814
vn 0.1736481776669304 -0.9366078308002487 -0.30432233187297814
vn 0.1736481776669304 -0.9366078308002487 -0.30432233187297814
vn 0.1736481776669304 -0.9366078308002487 -0.30432233187297814
vn 0.8996666494155192 0.27655986467909993 -0.33780846818594
vn 0.8996666494155192 0.27655986467909993 -0.33780846818594
vn 0.8996666494155192 0.27655986467909993 -0.33780846818594
vn 0.8996666494155192 0.27655986467909993 -0.33780846818594
vn -0.8996666494155192 -0.27655986467909993 0.33780846818594
vn -0.8996666494155192 -0.27655986467909993 0.33780846818594
vn -0.8996666494155192 -0.27655986467909993 0.33780846818594
vn -0.8996666494155192 -0.27655986467909993 0.33780846818594
f 2377/2377/2377 2379/2379/2379 2378/2378/2378
f 2379/2379/2379 2380/2380/2380 2378/2378/2378
f 2381/2381/2381 2383/2383/2383 2382/2382/2382
f 2383/2383/2383 2384/2384/2384 2382/2382/2382
f 2385/2385/2385 2387/2387/2387 2386/2386/2386
f 2387/2387/2387 2388/2388/2388 2386/2386/2386
f 2389/2389/2389 2391/2391/2391 2390/2390/2390
f 2391/2391/2391 2392/2392/2392 2390/2390/2390
f 2393/2393/2393 2395/2395/2395 2394/2394/2394
f 2395/2395/2395 2396/2396/2396 2394/2394/2394
f 2397/2397/2397 2399/2399/2399 2398/2398/2398
f 2399/2399/2399 2400/2400/2400 2398/2398/2398
o planet_2_140
usemtl sun_gold
v -0.6337903058080866 0.14201431874622045 0.6002656219831487
v -0.664570346619361 0.13890553281035095 0.5922702023614625
v -0.6282417038810729 0.11208677165268126 0.5905415724725199
v -0.6590217446923474 0.10897798571681175 0.5825461528508338
v -0.6977196256430646 0.08441027436233596 0.7410741814574063
v -0.66693958483179 0.08751906029820547 0.7490696010790925
v -0.6921710237160509 0.054482727268796764 0.7313501319467776
v -0.6613909829047765 0.057591513204666274 0.7393455515684637
v -0.6977196256430646 0.08441027436233596 0.7410741814574063
v -0.664570346619361 0.13890553281035095 0.5922702023614625
v -0.66693958483179 0.08751906029820547 0.7490696010790925
v -0.6337903058080866 0.14201431874622045 0.6002656219831487
v -0.6613909829047765 0.057591513204666274 0.7393455515684637
v -0.6282417038810729 0.11208677165268126 0.5905415724725199
v -0.6921710237160509 0.054482727268796764 0.7313501319467776
v -0.6590217446923474 0.10897798571681175 0.5825461528508338
v -0.66693958483179 0.08751906029820547 0.7490696010790925
v -0.6337903058080866 0.14201431874622045 0.6002656219831487
v -0.6613909829047765 0.057591513204666274 0.7393455515684637
v -0.6282417038810729 0.11208677165268126 0.5905415724725199
v -0.664570346619361 0.13890553281035095 0.5922702023614625
v -0.6977196256430646 0.08441027436233596 0.7410741814574063
v -0.6590217446923474 0.10897798571681175 0.5825461528508338
v -0.6921710237160509 0.054482727268796764 0.7313501319467776
vt 0 0.3125
vt 0.0625 0.3125
vt 0 0.25
vt 0.0625 0.25
vt 0 0.3125
vt 0.0625 0.3125
vt 0 0.25
vt 0.0625 0.25
vt 0 0.3125
vt 0.1875 0.3125
vt 0 0.25
vt 0.1875 0.25
vt 0 0.3125
vt 0.1875 0.3125
vt 0 0.25
vt 0.1875 0.25
vt 0 0.3125
vt 0.1875 0.3125
vt 0 0.25
vt 0.1875 0.25
vt 0 0.3125
vt 0.1875 0.3125
vt 0 0.25
vt 0.1875 0.25
vn 0.20475304505920666 0.336600687470183 -0.9191170587762924
vn 0.20475304505920666 0.336600687470183 -0.9191170587762924
vn 0.20475304505920666 0.336600687470183 -0.9191170587762924
vn 0.20475304505920666 0.336600687470183 -0.9191170587762924
vn -0.20475304505920666 -0.336600687470183 0.9191170587762924
vn -0.20475304505920666 -0.336600687470183 0.9191170587762924
vn -0.20475304505920666 -0.336600687470183 0.9191170587762924
vn -0.20475304505920666 -0.336600687470183 0.9191170587762924
vn -0.1736481776669304 0.9366078308002487 0.30432233187297814
vn -0.1736481776669304 0.9366078308002487 0.30432233187297814
vn -0.1736481776669304 0.9366078308002487 0.30432233187297814
vn -0.1736481776669304 0.9366078308002487 0.30432233187297814
vn 0.1736481776669304 -0.9366078308002487 -0.30432233187297814
vn 0.1736481776669304 -0.9366078308002487 -0.30432233187297814
vn 0.1736481776669304 -0.9366078308002487 -0.30432233187297814
vn 0.1736481776669304 -0.9366078308002487 -0.30432233187297814
vn 0.9632873407929416 0.09729207818858134 0.2502234013632824
vn 0.9632873407929416 0.09729207818858134 0.2502234013632824
vn 0.9632873407929416 0.09729207818858134 0.2502234013632824
vn 0.9632873407929416 0.09729207818858134 0.2502234013632824
vn -0.9632873407929416 -0.09729207818858134 -0.2502234013632824
vn -0.9632873407929416 -0.09729207818858134 -0.2502234013632824
vn -0.9632873407929416 -0.09729207818858134 -0.2502234013632824
vn -0.9632873407929416 -0.09729207818858134 -0.2502234013632824
f 2401/2401/2401 2403/2403/2403 2402/2402/2402
f 2403/2403/2403 2404/2404/2404 2402/2402/2402
f 2405/2405/2405 2407/2407/2407 2406/2406/2406
f 2407/2407/2407 2408/2408/2408 2406/2406/2406
f 2409/2409/2409 2411/2411/2411 2410/2410/2410
f 2411/2411/2411 2412/2412/2412 2410/2410/2410
f 2413/2413/2413 2415/2415/2415 2414/2414/2414
f 2415/2415/2415 2416/2416/2416 2414/2414/2414
f 2417/2417/2417 2419/2419/2419 2418/2418/2418
f 2419/2419/2419 2420/2420/2420 2418/2418/2418
f 2421/2421/2421 2423/2423/2423 2422/2422/2422
f 2423/2423/2423 2424/2424/2424 2422/2422/2422
o planet_2_141
usemtl sun_gold
v -0.5254472640153688 0.18790274100951146 0.5224741033030456
v -0.5471519239966701 0.19182684807207057 0.4980121323050317
v -0.5197277271634643 0.15705322058252827 0.5124504864969794
v -0.5414323871447656 0.16097732764508738 0.4879885154989655
v -0.6692885530178331 0.13683734951758889 0.5975605016788719
v -0.6475838930365317 0.13291324245502978 0.6220224726768858
v -0.6635690161659286 0.1059878290906057 0.5875368848728058
v -0.6418643561846272 0.10206372202804659 0.6119988558708196
v -0.6692885530178331 0.13683734951758889 0.5975605016788719
v -0.5471519239966701 0.19182684807207057 0.4980121323050317
v -0.6475838930365317 0.13291324245502978 0.6220224726768858
v -0.5254472640153688 0.18790274100951146 0.5224741033030456
v -0.6418643561846272 0.10206372202804659 0.6119988558708196
v -0.5197277271634643 0.15705322058252827 0.5124504864969794
v -0.6635690161659286 0.1059878290906057 0.5875368848728058
v -0.5414323871447656 0.16097732764508738 0.4879885154989655
v -0.6475838930365317 0.13291324245502978 0.6220224726768858
v -0.5254472640153688 0.18790274100951146 0.5224741033030456
v -0.6418643561846272 0.10206372202804659 0.6119988558708196
v -0.5197277271634643 0.15705322058252827 0.5124504864969794
v -0.5471519239966701 0.19182684807207057 0.4980121323050317
v -0.6692885530178331 0.13683734951758889 0.5975605016788719
v -0.5414323871447656 0.16097732764508738 0.4879885154989655
v -0.6635690161659286 0.1059878290906057 0.5875368848728058
vt 0 0.3125
vt 0.0625 0.3125
vt 0 0.25
vt 0.0625 0.25
vt 0 0.3125
vt 0.0625 0.3125
vt 0 0.25
vt 0.0625 0.25
vt 0 0.3125
vt 0.1875 0.3125
vt 0 0.25
vt 0.1875 0.25
vt 0 0.3125
vt 0.1875 0.3125
vt 0 0.25
vt 0.1875 0.25
vt 0 0.3125
vt 0.1875 0.3125
vt 0 0.25
vt 0.1875 0.25
vt 0 0.3125
vt 0.1875 0.3125
vt 0 0.25
vt 0.1875 0.25
vn 0.7318547857410422 0.32950252520580287 -0.5965036952701405
vn 0.7318547857410422 0.32950252520580287 -0.5965036952701405
vn 0.7318547857410422 0.32950252520580287 -0.5965036952701405
vn 0.7318547857410422 0.32950252520580287 -0.5965036952701405
vn -0.7318547857410422 -0.32950252520580287 0.5965036952701405
vn -0.7318547857410422 -0.32950252520580287 0.5965036952701405
vn -0.7318547857410422 -0.32950252520580287 0.5965036952701405
vn -0.7318547857410422 -0.32950252520580287 0.5965036952701405
vn -0.17364817766693044 0.9366078308002487 0.3043223318729782
vn -0.17364817766693044 0.9366078308002487 0.3043223318729782
vn -0.17364817766693044 0.9366078308002487 0.3043223318729782
vn -0.17364817766693044 0.9366078308002487 0.3043223318729782
vn 0.17364817766693044 -0.9366078308002487 -0.3043223318729782
vn 0.17364817766693044 -0.9366078308002487 -0.3043223318729782
vn 0.17364817766693044 -0.9366078308002487 -0.3043223318729782
vn 0.17364817766693044 -0.9366078308002487 -0.3043223318729782
vn 0.6589650089199633 -0.11913797533386297 0.7426784363723379
vn 0.6589650089199633 -0.11913797533386297 0.7426784363723379
vn 0.6589650089199633 -0.11913797533386297 0.7426784363723379
vn 0.6589650089199633 -0.11913797533386297 0.7426784363723379
vn -0.6589650089199633 0.11913797533386297 -0.7426784363723379
vn -0.6589650089199633 0.11913797533386297 -0.7426784363723379
vn -0.6589650089199633 0.11913797533386297 -0.7426784363723379
vn -0.6589650089199633 0.11913797533386297 -0.7426784363723379
f 2425/2425/2425 2427/2427/2427 2426/2426/2426
f 2427/2427/2427 2428/2428/2428 2426/2426/2426
f 2429/2429/2429 2431/2431/2431 2430/2430/2430
f 2431/2431/2431 2432/2432/2432 2430/2430/2430
f 2433/2433/2433 2435/2435/2435 2434/2434/2434
f 2435/2435/2435 2436/2436/2436 2434/2434/2434
f 2437/2437/2437 2439/2439/2439 2438/2438/2438
f 2439/2439/2439 2440/2440/2440 2438/2438/2438
f 2441/2441/2441 2443/2443/2443 2442/2442/2442
f 2443/2443/2443 2444/2444/2444 2442/2442/2442
f 2445/2445/2445 2447/2447/2447 2446/2446/2446
f 2447/2447/2447 2448/2448/2448 2446/2446/2446
o planet_2_142
usemtl sun_gold
v -0.39090542769629716 0.21175837153207033 0.5244381370858592
v -0.39420917247581033 0.2210675286778084 0.49390236048315433
v -0.3853324064942991 0.18169911396232485 0.5146712922473108
v -0.3886361512738123 0.19100827110806293 0.484135515644606
v -0.5534728181394113 0.18910698447088214 0.5013899941666388
v -0.5501690733598982 0.17979782732514407 0.5319257707693436
v -0.5478997969374132 0.15904772690113667 0.49162314932809037
v -0.5445960521579001 0.1497385697553986 0.5221589259307952
v -0.5534728181394113 0.18910698447088214 0.5013899941666388
v -0.39420917247581033 0.2210675286778084 0.49390236048315433
v -0.5501690733598982 0.17979782732514407 0.5319257707693436
v -0.39090542769629716 0.21175837153207033 0.5244381370858592
v -0.5445960521579001 0.1497385697553986 0.5221589259307952
v -0.3853324064942991 0.18169911396232485 0.5146712922473108
v -0.5478997969374132 0.15904772690113667 0.49162314932809037
v -0.3886361512738123 0.19100827110806293 0.484135515644606
v -0.5501690733598982 0.17979782732514407 0.5319257707693436
v -0.39090542769629716 0.21175837153207033 0.5244381370858592
v -0.5445960521579001 0.1497385697553986 0.5221589259307952
v -0.3853324064942991 0.18169911396232485 0.5146712922473108
v -0.39420917247581033 0.2210675286778084 0.49390236048315433
v -0.5534728181394113 0.18910698447088214 0.5013899941666388
v -0.3886361512738123 0.19100827110806293 0.484135515644606
v -0.5478997969374132 0.15904772690113667 0.49162314932809037
vt 0 0.3125
vt 0.0625 0.3125
vt 0 0.25
vt 0.0625 0.25
vt 0 0.3125
vt 0.0625 0.3125
vt 0 0.25
vt 0.0625 0.25
vt 0 0.3125
vt 0.1875 0.3125
vt 0 0.25
vt 0.1875 0.25
vt 0 0.3125
vt 0.1875 0.3125
vt 0 0.25
vt 0.1875 0.25
vt 0 0.3125
vt 0.1875 0.3125
vt 0 0.25
vt 0.1875 0.25
vt 0 0.3125
vt 0.1875 0.3125
vt 0 0.25
vt 0.1875 0.25
vn 0.9794128730990715 0.1965455976917249 -0.04604619458570456
vn 0.9794128730990715 0.1965455976917249 -0.04604619458570456
vn 0.9794128730990715 0.1965455976917249 -0.04604619458570456
vn 0.9794128730990715 0.1965455976917249 -0.04604619458570456
vn -0.9794128730990715 -0.1965455976917249 0.04604619458570456
vn -0.9794128730990715 -0.1965455976917249 0.04604619458570456
vn -0.9794128730990715 -0.1965455976917249 0.04604619458570456
vn -0.9794128730990715 -0.1965455976917249 0.04604619458570456
vn -0.1736481776669304 0.9366078308002486 0.30432233187297814
vn -0.1736481776669304 0.9366078308002486 0.30432233187297814
vn -0.1736481776669304 0.9366078308002486 0.30432233187297814
vn -0.1736481776669304 0.9366078308002486 0.30432233187297814
vn 0.1736481776669304 -0.9366078308002486 -0.30432233187297814
vn 0.1736481776669304 -0.9366078308002486 -0.30432233187297814
vn 0.1736481776669304 -0.9366078308002486 -0.30432233187297814
vn 0.1736481776669304 -0.9366078308002486 -0.30432233187297814
vn 0.1029404410364368 -0.29006137162961815 0.9514555513987862
vn 0.1029404410364368 -0.29006137162961815 0.9514555513987862
vn 0.1029404410364368 -0.29006137162961815 0.9514555513987862
vn 0.1029404410364368 -0.29006137162961815 0.9514555513987862
vn -0.1029404410364368 0.29006137162961815 -0.9514555513987862
vn -0.1029404410364368 0.29006137162961815 -0.9514555513987862
vn -0.1029404410364368 0.29006137162961815 -0.9514555513987862
vn -0.1029404410364368 0.29006137162961815 -0.9514555513987862
f 2449/2449/2449 2451/2451/2451 2450/2450/2450
f 2451/2451/2451 2452/2452/2452 2450/2450/2450
f 2453/2453/2453 2455/2455/2455 2454/2454/2454
f 2455/2455/2455 2456/2456/2456 2454/2454/2454
f 2457/2457/2457 2459/2459/2459 2458/2458/2458
f 2459/2459/2459 2460/2460/2460 2458/2458/2458
f 2461/2461/2461 2463/2463/2463 2462/2462/2462
f 2463/2463/2463 2464/2464/2464 2462/2462/2462
f 2465/2465/2465 2467/2467/2467 2466/2466/2466
f 2467/2467/2467 2468/2468/2468 2466/2466/2466
f 2469/2469/2469 2471/2471/2471 2470/2470/2470
f 2471/2471/2471 2472/2472/2472 2470/2470/2470
o planet_2_143
usemtl sun_gold
v -0.27833719447386757 0.20718576547182554 0.6013570147159806
v -0.2629495733330518 0.2181292399338966 0.5764567339479909
v -0.272910688921776 0.17791677075931778 0.59184694184495
v -0.25752306778096024 0.18886024522138883 0.5669466610769603
v -0.39798959281779106 0.21994774269438422 0.4938052996394012
v -0.4133772139586068 0.20900426823231316 0.5187055804073909
v -0.3925630872656995 0.19067874798187645 0.4842952267683706
v -0.40795070840651526 0.1797352735198054 0.5091955075363603
v -0.39798959281779106 0.21994774269438422 0.4938052996394012
v -0.2629495733330518 0.2181292399338966 0.5764567339479909
v -0.4133772139586068 0.20900426823231316 0.5187055804073909
v -0.27833719447386757 0.20718576547182554 0.6013570147159806
v -0.40795070840651526 0.1797352735198054 0.5091955075363603
v -0.272910688921776 0.17791677075931778 0.59184694184495
v -0.3925630872656995 0.19067874798187645 0.4842952267683706
v -0.25752306778096024 0.18886024522138883 0.5669466610769603
v -0.4133772139586068 0.20900426823231316 0.5187055804073909
v -0.27833719447386757 0.20718576547182554 0.6013570147159806
v -0.40795070840651526 0.1797352735198054 0.5091955075363603
v -0.272910688921776 0.17791677075931778 0.59184694184495
v -0.2629495733330518 0.2181292399338966 0.5764567339479909
v -0.39798959281779106 0.21994774269438422 0.4938052996394012
v -0.25752306778096024 0.18886024522138883 0.5669466610769603
v -0.3925630872656995 0.19067874798187645 0.4842952267683706
vt 0 0.3125
vt 0.0625 0.3125
vt 0 0.25
vt 0.0625 0.25
vt 0 0.3125
vt 0.0625 0.3125
vt 0 0.25
vt 0.0625 0.25
vt 0 0.3125
vt 0.1875 0.3125
vt 0 0.25
vt 0.1875 0.25
vt 0 0.3125
vt 0.1875 0.3125
vt 0 0.25
vt 0.1875 0.25
vt 0 0.3125
vt 0.1875 0.3125
vt 0 0.25
vt 0.1875 0.25
vt 0 0.3125
vt 0.1875 0.3125
vt 0 0.25
vt 0.1875 0.25
vn 0.8528685319524432 -0.011485067801429081 0.5219993873778791
vn 0.8528685319524432 -0.011485067801429081 0.5219993873778791
vn 0.8528685319524432 -0.011485067801429081 0.5219993873778791
vn 0.8528685319524432 -0.011485067801429081 0.5219993873778791
vn -0.8528685319524432 0.011485067801429081 -0.5219993873778791
vn -0.8528685319524432 0.011485067801429081 -0.5219993873778791
vn -0.8528685319524432 0.011485067801429081 -0.5219993873778791
vn -0.8528685319524432 0.011485067801429081 -0.5219993873778791
vn -0.1736481776669304 0.9366078308002487 0.30432233187297814
vn -0.1736481776669304 0.9366078308002487 0.30432233187297814
vn -0.1736481776669304 0.9366078308002487 0.30432233187297814
vn -0.1736481776669304 0.9366078308002487 0.30432233187297814
vn 0.1736481776669304 -0.9366078308002487 -0.30432233187297814
vn 0.1736481776669304 -0.9366078308002487 -0.30432233187297814
vn 0.1736481776669304 -0.9366078308002487 -0.30432233187297814
vn 0.1736481776669304 -0.9366078308002487 -0.30432233187297814
vn -0.49240387650610407 -0.35019118278627387 0.7968089845756711
vn -0.49240387650610407 -0.35019118278627387 0.7968089845756711
vn -0.49240387650610407 -0.35019118278627387 0.7968089845756711
vn -0.49240387650610407 -0.35019118278627387 0.7968089845756711
vn 0.49240387650610407 0.35019118278627387 -0.7968089845756711
vn 0.49240387650610407 0.35019118278627387 -0.7968089845756711
vn 0.49240387650610407 0.35019118278627387 -0.7968089845756711
vn 0.49240387650610407 0.35019118278627387 -0.7968089845756711
f 2473/2473/2473 2475/2475/2475 2474/2474/2474
f 2475/2475/2475 2476/2476/2476 2474/2474/2474
f 2477/2477/2477 2479/2479/2479 2478/2478/2478
f 2479/2479/2479 2480/2480/2480 2478/2478/2478
f 2481/2481/2481 2483/2483/2483 2482/2482/2482
f 2483/2483/2483 2484/2484/2484 2482/2482/2482
f 2485/2485/2485 2487/2487/2487 2486/2486/2486
f 2487/2487/2487 2488/2488/2488 2486/2486/2486
f 2489/2489/2489 2491/2491/2491 2490/2490/2490
f 2491/2491/2491 2492/2492/2492 2490/2490/2490
f 2493/2493/2493 2495/2495/2495 2494/2494/2494
f 2495/2495/2495 2496/2496/2496 2494/2494/2494
o planet_2_144
usemtl sun_gold
v -0.2284045431017895 0.17543549178563594 0.7291835075729444
v -0.19940435094953612 0.18435022617365132 0.7182944627312632
v -0.22280710262480705 0.1452445237396842 0.7193738674064762
v -0.19380691047255366 0.15415925812769954 0.7084848225647952
v -0.2648249313055232 0.21948589656578957 0.572828606453254
v -0.2938251234577766 0.21057116217777422 0.583717651294935
v -0.2592274908285408 0.1892949285198378 0.5630189662867858
v -0.28822768298079415 0.18038019413182244 0.573908011128467
v -0.2648249313055232 0.21948589656578957 0.572828606453254
v -0.19940435094953612 0.18435022617365132 0.7182944627312632
v -0.2938251234577766 0.21057116217777422 0.583717651294935
v -0.2284045431017895 0.17543549178563594 0.7291835075729444
v -0.28822768298079415 0.18038019413182244 0.573908011128467
v -0.22280710262480705 0.1452445237396842 0.7193738674064762
v -0.2592274908285408 0.1892949285198378 0.5630189662867858
v -0.19380691047255366 0.15415925812769954 0.7084848225647952
v -0.2938251234577766 0.21057116217777422 0.583717651294935
v -0.2284045431017895 0.17543549178563594 0.7291835075729444
v -0.28822768298079415 0.18038019413182244 0.573908011128467
v -0.22280710262480705 0.1452445237396842 0.7193738674064762
v -0.19940435094953612 0.18435022617365132 0.7182944627312632
v -0.2648249313055232 0.21948589656578957 0.572828606453254
v -0.19380691047255366 0.15415925812769954 0.7084848225647952
v -0.2592274908285408 0.1892949285198378 0.5630189662867858
vt 0 0.3125
vt 0.0625 0.3125
vt 0 0.25
vt 0.0625 0.25
vt 0 0.3125
vt 0.0625 0.3125
vt 0 0.25
vt 0.0625 0.25
vt 0 0.3125
vt 0.1875 0.3125
vt 0 0.25
vt 0.1875 0.25
vt 0 0.3125
vt 0.1875 0.3125
vt 0 0.25
vt 0.1875 0.25
vt 0 0.3125
vt 0.1875 0.3125
vt 0 0.25
vt 0.1875 0.25
vt 0 0.3125
vt 0.1875 0.3125
vt 0 0.25
vt 0.1875 0.25
vn 0.40055739953520714 -0.2151288277575341 0.8906589454697357
vn 0.40055739953520714 -0.2151288277575341 0.8906589454697357
vn 0.40055739953520714 -0.2151288277575341 0.8906589454697357
vn 0.40055739953520714 -0.2151288277575341 0.8906589454697357
vn -0.40055739953520714 0.2151288277575341 -0.8906589454697357
vn -0.40055739953520714 0.2151288277575341 -0.8906589454697357
vn -0.40055739953520714 0.2151288277575341 -0.8906589454697357
vn -0.40055739953520714 0.2151288277575341 -0.8906589454697357
vn -0.1736481776669304 0.9366078308002486 0.3043223318729781
vn -0.1736481776669304 0.9366078308002486 0.3043223318729781
vn -0.1736481776669304 0.9366078308002486 0.3043223318729781
vn -0.1736481776669304 0.9366078308002486 0.3043223318729781
vn 0.1736481776669304 -0.9366078308002486 -0.3043223318729781
vn 0.1736481776669304 -0.9366078308002486 -0.3043223318729781
vn 0.1736481776669304 -0.9366078308002486 -0.3043223318729781
vn 0.1736481776669304 -0.9366078308002486 -0.3043223318729781
vn -0.8996666494155191 -0.2765598646791 0.33780846818594007
vn -0.8996666494155191 -0.2765598646791 0.33780846818594007
vn -0.8996666494155191 -0.2765598646791 0.33780846818594007
vn -0.8996666494155191 -0.2765598646791 0.33780846818594007
vn 0.8996666494155191 0.2765598646791 -0.33780846818594007
vn 0.8996666494155191 0.2765598646791 -0.33780846818594007
vn 0.8996666494155191 0.2765598646791 -0.33780846818594007
vn 0.8996666494155191 0.2765598646791 -0.33780846818594007
f 2497/2497/2497 2499/2499/2499 2498/2498/2498
f 2499/2499/2499 2500/2500/2500 2498/2498/2498
f 2501/2501/2501 2503/2503/2503 2502/2502/2502
f 2503/2503/2503 2504/2504/2504 2502/2502/2502
f 2505/2505/2505 2507/2507/2507 2506/2506/2506
f 2507/2507/2507 2508/2508/2508 2506/2506/2506
f 2509/2509/2509 2511/2511/2511 2510/2510/2510
f 2511/2511/2511 2512/2512/2512 2510/2510/2510
f 2513/2513/2513 2515/2515/2515 2514/2514/2514
f 2515/2515/2515 2516/2516/2516 2514/2514/2514
f 2517/2517/2517 2519/2519/2519 2518/2518/2518
f 2519/2519/2519 2520/2520/2520 2518/2518/2518
o planet_2_145
usemtl sun_gold
v -0.26362878067659995 0.12843531685831064 0.8523497306715053
v -0.2333905889945215 0.13148937600019905 0.8602043996299247
v -0.25817785584952396 0.09903461166959657 0.8427968624725551
v -0.22793966416744552 0.10208867081148501 0.8506515314309744
v -0.20082486696096633 0.18502530471514386 0.714019952684325
v -0.23106305864304474 0.18197124557325542 0.7061652837259058
v -0.1953739421338903 0.1556245995264298 0.7044670844853749
v -0.22561213381596876 0.15257054038454138 0.6966124155269555
v -0.20082486696096633 0.18502530471514386 0.714019952684325
v -0.2333905889945215 0.13148937600019905 0.8602043996299247
v -0.23106305864304474 0.18197124557325542 0.7061652837259058
v -0.26362878067659995 0.12843531685831064 0.8523497306715053
v -0.22561213381596876 0.15257054038454138 0.6966124155269555
v -0.25817785584952396 0.09903461166959657 0.8427968624725551
v -0.1953739421338903 0.1556245995264298 0.7044670844853749
v -0.22793966416744552 0.10208867081148501 0.8506515314309744
v -0.23106305864304474 0.18197124557325542 0.7061652837259058
v -0.26362878067659995 0.12843531685831064 0.8523497306715053
v -0.22561213381596876 0.15257054038454138 0.6966124155269555
v -0.25817785584952396 0.09903461166959657 0.8427968624725551
v -0.2333905889945215 0.13148937600019905 0.8602043996299247
v -0.20082486696096633 0.18502530471514386 0.714019952684325
v -0.22793966416744552 0.10208867081148501 0.8506515314309744
v -0.1953739421338903 0.1556245995264298 0.7044670844853749
vt 0 0.3125
vt 0.0625 0.3125
vt 0 0.25
vt 0.0625 0.25
vt 0 0.3125
vt 0.0625 0.3125
vt 0 0.25
vt 0.0625 0.25
vt 0 0.3125
vt 0.1875 0.3125
vt 0 0.25
vt 0.1875 0.25
vt 0 0.3125
vt 0.1875 0.3125
vt 0 0.25
vt 0.1875 0.25
vt 0 0.3125
vt 0.1875 0.3125
vt 0 0.25
vt 0.1875 0.25
vt 0 0.3125
vt 0.1875 0.3125
vt 0 0.25
vt 0.1875 0.25
vn -0.2047530450592066 -0.33660068747018296 0.9191170587762924
vn -0.2047530450592066 -0.33660068747018296 0.9191170587762924
vn -0.2047530450592066 -0.33660068747018296 0.9191170587762924
vn -0.2047530450592066 -0.33660068747018296 0.9191170587762924
vn 0.2047530450592066 0.33660068747018296 -0.9191170587762924
vn 0.2047530450592066 0.33660068747018296 -0.9191170587762924
vn 0.2047530450592066 0.33660068747018296 -0.9191170587762924
vn 0.2047530450592066 0.33660068747018296 -0.9191170587762924
vn -0.1736481776669304 0.9366078308002487 0.3043223318729782
vn -0.1736481776669304 0.9366078308002487 0.3043223318729782
vn -0.1736481776669304 0.9366078308002487 0.3043223318729782
vn -0.1736481776669304 0.9366078308002487 0.3043223318729782
vn 0.1736481776669304 -0.9366078308002487 -0.3043223318729782
vn 0.1736481776669304 -0.9366078308002487 -0.3043223318729782
vn 0.1736481776669304 -0.9366078308002487 -0.3043223318729782
vn 0.1736481776669304 -0.9366078308002487 -0.3043223318729782
vn -0.9632873407929415 -0.09729207818858138 -0.25022340136328236
vn -0.9632873407929415 -0.09729207818858138 -0.25022340136328236
vn -0.9632873407929415 -0.09729207818858138 -0.25022340136328236
vn -0.9632873407929415 -0.09729207818858138 -0.25022340136328236
vn 0.9632873407929415 0.09729207818858138 0.25022340136328236
vn 0.9632873407929415 0.09729207818858138 0.25022340136328236
vn 0.9632873407929415 0.09729207818858138 0.25022340136328236
vn 0.9632873407929415 0.09729207818858138 0.25022340136328236
f 2521/2521/2521 2523/2523/2523 2522/2522/2522
f 2523/2523/2523 2524/2524/2524 2522/2522/2522
f 2525/2525/2525 2527/2527/2527 2526/2526/2526
f 2527/2527/2527 2528/2528/2528 2526/2526/2526
f 2529/2529/2529 2531/2531/2531 2530/2530/2530
f 2531/2531/2531 2532/2532/2532 2530/2530/2530
f 2533/2533/2533 2535/2535/2535 2534/2534/2534
f 2535/2535/2535 2536/2536/2536 2534/2534/2534
f 2537/2537/2537 2539/2539/2539 2538/2538/2538
f 2539/2539/2539 2540/2540/2540 2538/2538/2538
f 2541/2541/2541 2543/2543/2543 2542/2542/2542
f 2543/2543/2543 2544/2544/2544 2542/2542/2542
o planet_2_146
usemtl sun_gold
v -0.37147721415310064 0.08339788190727891 0.931039052186237
v -0.35014322198931686 0.0795407899558451 0.9550832665637914
v -0.3658553544011338 0.05307520338512086 0.9211866166918492
v -0.34452136223734997 0.049218111433687046 0.9452308310694036
v -0.23009241775219658 0.13359118891451965 0.8572349642191059
v -0.2514264099159804 0.13744828086595348 0.8331907498415515
v -0.22447055800022972 0.10326851039236161 0.8473825287247182
v -0.24580455016401354 0.10712560234379542 0.8233383143471638
v -0.23009241775219658 0.13359118891451965 0.8572349642191059
v -0.35014322198931686 0.0795407899558451 0.9550832665637914
v -0.2514264099159804 0.13744828086595348 0.8331907498415515
v -0.37147721415310064 0.08339788190727891 0.931039052186237
v -0.24580455016401354 0.10712560234379542 0.8233383143471638
v -0.3658553544011338 0.05307520338512086 0.9211866166918492
v -0.22447055800022972 0.10326851039236161 0.8473825287247182
v -0.34452136223734997 0.049218111433687046 0.9452308310694036
v -0.2514264099159804 0.13744828086595348 0.8331907498415515
v -0.37147721415310064 0.08339788190727891 0.931039052186237
v -0.24580455016401354 0.10712560234379542 0.8233383143471638
v -0.3658553544011338 0.05307520338512086 0.9211866166918492
v -0.35014322198931686 0.0795407899558451 0.9550832665637914
v -0.23009241775219658 0.13359118891451965 0.8572349642191059
v -0.34452136223734997 0.049218111433687046 0.9452308310694036
v -0.22447055800022972 0.10326851039236161 0.8473825287247182
vt 0 0.3125
vt 0.0625 0.3125
vt 0 0.25
vt 0.0625 0.25
vt 0 0.3125
vt 0.0625 0.3125
vt 0 0.25
vt 0.0625 0.25
vt 0 0.3125
vt 0.1875 0.3125
vt 0 0.25
vt 0.1875 0.25
vt 0 0.3125
vt 0.1875 0.3125
vt 0 0.25
vt 0.1875 0.25
vt 0 0.3125
vt 0.1875 0.3125
vt 0 0.25
vt 0.1875 0.25
vt 0 0.3125
vt 0.1875 0.3125
vt 0 0.25
vt 0.1875 0.25
vn -0.7318547857410421 -0.3295025252058028 0.5965036952701405
vn -0.7318547857410421 -0.3295025252058028 0.5965036952701405
vn -0.7318547857410421 -0.3295025252058028 0.5965036952701405
vn -0.7318547857410421 -0.3295025252058028 0.5965036952701405
vn 0.7318547857410421 0.3295025252058028 -0.5965036952701405
vn 0.7318547857410421 0.3295025252058028 -0.5965036952701405
vn 0.7318547857410421 0.3295025252058028 -0.5965036952701405
vn 0.7318547857410421 0.3295025252058028 -0.5965036952701405
vn -0.17364817766693044 0.9366078308002487 0.3043223318729782
vn -0.17364817766693044 0.9366078308002487 0.3043223318729782
vn -0.17364817766693044 0.9366078308002487 0.3043223318729782
vn -0.17364817766693044 0.9366078308002487 0.3043223318729782
vn 0.17364817766693044 -0.9366078308002487 -0.3043223318729782
vn 0.17364817766693044 -0.9366078308002487 -0.3043223318729782
vn 0.17364817766693044 -0.9366078308002487 -0.3043223318729782
vn 0.17364817766693044 -0.9366078308002487 -0.3043223318729782
vn -0.6589650089199633 0.1191379753338629 -0.7426784363723375
vn -0.6589650089199633 0.1191379753338629 -0.7426784363723375
vn -0.6589650089199633 0.1191379753338629 -0.7426784363723375
vn -0.6589650089199633 0.1191379753338629 -0.7426784363723375
vn 0.6589650089199633 -0.1191379753338629 0.7426784363723375
vn 0.6589650089199633 -0.1191379753338629 0.7426784363723375
vn 0.6589650089199633 -0.1191379753338629 0.7426784363723375
vn 0.6589650089199633 -0.1191379753338629 0.7426784363723375
f 2545/2545/2545 2547/2547/2547 2546/2546/2546
f 2547/2547/2547 2548/2548/2548 2546/2546/2546
f 2549/2549/2549 2551/2551/2551 2550/2550/2550
f 2551/2551/2551 2552/2552/2552 2550/2550/2550
f 2553/2553/2553 2555/2555/2555 2554/2554/2554
f 2555/2555/2555 2556/2556/2556 2554/2554/2554
f 2557/2557/2557 2559/2559/2559 2558/2558/2558
f 2559/2559/2559 2560/2560/2560 2558/2558/2558
f 2561/2561/2561 2563/2563/2563 2562/2562/2562
f 2563/2563/2563 2564/2564/2564 2562/2562/2562
f 2565/2565/2565 2567/2567/2567 2566/2566/2566
f 2567/2567/2567 2568/2568/2568 2566/2566/2566
o planet_2_147
usemtl sun_gold
v -0.5056761399214996 0.058514449190254045 0.9296613814710935
v -0.5024302991400695 0.049368451566057646 0.9596619643261365
v -0.5002007958194392 0.028982033525333704 0.9200657179442236
v -0.49695495503800907 0.019836035901137312 0.9500663007992667
v -0.3459580318814781 0.08076883044121694 0.9523055647286333
v -0.34920387266290825 0.08991482806541334 0.9223049818735902
v -0.3404826877794177 0.051236414776296604 0.9427099012017635
v -0.34372852856084785 0.060382412400493 0.9127093183467204
v -0.3459580318814781 0.08076883044121694 0.9523055647286333
v -0.5024302991400695 0.049368451566057646 0.9596619643261365
v -0.34920387266290825 0.08991482806541334 0.9223049818735902
v -0.5056761399214996 0.058514449190254045 0.9296613814710935
v -0.34372852856084785 0.060382412400493 0.9127093183467204
v -0.5002007958194392 0.028982033525333704 0.9200657179442236
v -0.3404826877794177 0.051236414776296604 0.9427099012017635
v -0.49695495503800907 0.019836035901137312 0.9500663007992667
v -0.34920387266290825 0.08991482806541334 0.9223049818735902
v -0.5056761399214996 0.058514449190254045 0.9296613814710935
v -0.34372852856084785 0.060382412400493 0.9127093183467204
v -0.5002007958194392 0.028982033525333704 0.9200657179442236
v -0.5024302991400695 0.049368451566057646 0.9596619643261365
v -0.3459580318814781 0.08076883044121694 0.9523055647286333
v -0.49695495503800907 0.019836035901137312 0.9500663007992667
v -0.3404826877794177 0.051236414776296604 0.9427099012017635
vt 0 0.3125
vt 0.0625 0.3125
vt 0 0.25
vt 0.0625 0.25
vt 0 0.3125
vt 0.0625 0.3125
vt 0 0.25
vt 0.0625 0.25
vt 0 0.3125
vt 0.1875 0.3125
vt 0 0.25
vt 0.1875 0.25
vt 0 0.3125
vt 0.1875 0.3125
vt 0 0.25
vt 0.1875 0.25
vt 0 0.3125
vt 0.1875 0.3125
vt 0 0.25
vt 0.1875 0.25
vt 0 0.3125
vt 0.1875 0.3125
vt 0 0.25
vt 0.1875 0.25
vn -0.9794128730990715 -0.19654559769172492 0.04604619458570459
vn -0.9794128730990715 -0.19654559769172492 0.04604619458570459
vn -0.9794128730990715 -0.19654559769172492 0.04604619458570459
vn -0.9794128730990715 -0.19654559769172492 0.04604619458570459
vn 0.9794128730990715 0.19654559769172492 -0.04604619458570459
vn 0.9794128730990715 0.19654559769172492 -0.04604619458570459
vn 0.9794128730990715 0.19654559769172492 -0.04604619458570459
vn 0.9794128730990715 0.19654559769172492 -0.04604619458570459
vn -0.17364817766693041 0.9366078308002486 0.30432233187297814
vn -0.17364817766693041 0.9366078308002486 0.30432233187297814
vn -0.17364817766693041 0.9366078308002486 0.30432233187297814
vn -0.17364817766693041 0.9366078308002486 0.30432233187297814
vn 0.17364817766693041 -0.9366078308002486 -0.30432233187297814
vn 0.17364817766693041 -0.9366078308002486 -0.30432233187297814
vn 0.17364817766693041 -0.9366078308002486 -0.30432233187297814
vn 0.17364817766693041 -0.9366078308002486 -0.30432233187297814
vn -0.10294044103643693 0.2900613716296182 -0.9514555513987862
vn -0.10294044103643693 0.2900613716296182 -0.9514555513987862
vn -0.10294044103643693 0.2900613716296182 -0.9514555513987862
vn -0.10294044103643693 0.2900613716296182 -0.9514555513987862
vn 0.10294044103643693 -0.2900613716296182 0.9514555513987862
vn 0.10294044103643693 -0.2900613716296182 0.9514555513987862
vn 0.10294044103643693 -0.2900613716296182 0.9514555513987862
vn 0.10294044103643693 -0.2900613716296182 0.9514555513987862
f 2569/2569/2569 2571/2571/2571 2570/2570/2570
f 2571/2571/2571 2572/2572/2572 2570/2570/2570
f 2573/2573/2573 2575/2575/2575 2574/2574/2574
f 2575/2575/2575 2576/2576/2576 2574/2574/2574
f 2577/2577/2577 2579/2579/2579 2578/2578/2578
f 2579/2579/2579 2580/2580/2580 2578/2578/2578
f 2581/2581/2581 2583/2583/2583 2582/2582/2582
f 2583/2583/2583 2584/2584/2584 2582/2582/2582
f 2585/2585/2585 2587/2587/2587 2586/2586/2586
f 2587/2587/2587 2588/2588/2588 2586/2586/2586
f 2589/2589/2589 2591/2591/2591 2590/2590/2590
f 2591/2591/2591 2592/2592/2592 2590/2590/2590
o guard_192
usemtl bright_gold
v -0.21165624847635628 0.9012656234763563 0.03834375152364373
v -0.21165624847635628 0.9012656234763563 -0.03834375152364373
v -0.21165624847635628 0.7862343765236437 0.03834375152364373
v -0.21165624847635628 0.7862343765236437 -0.03834375152364373
v -0.2883437515236437 0.9012656234763563 -0.03834375152364373
v -0.2883437515236437 0.9012656234763563 0.03834375152364373
v -0.2883437515236437 0.7862343765236437 -0.03834375152364373
v -0.2883437515236437 0.7862343765236437 0.03834375152364373
v -0.2883437515236437 0.9012656234763563 -0.03834375152364373
v -0.21165624847635628 0.9012656234763563 -0.03834375152364373
v -0.2883437515236437 0.9012656234763563 0.03834375152364373
v -0.21165624847635628 0.9012656234763563 0.03834375152364373
v -0.2883437515236437 0.7862343765236437 0.03834375152364373
v -0.21165624847635628 0.7862343765236437 0.03834375152364373
v -0.2883437515236437 0.7862343765236437 -0.03834375152364373
v -0.21165624847635628 0.7862343765236437 -0.03834375152364373
v -0.2883437515236437 0.9012656234763563 0.03834375152364373
v -0.21165624847635628 0.9012656234763563 0.03834375152364373
v -0.2883437515236437 0.7862343765236437 0.03834375152364373
v -0.21165624847635628 0.7862343765236437 0.03834375152364373
v -0.21165624847635628 0.9012656234763563 -0.03834375152364373
v -0.2883437515236437 0.9012656234763563 -0.03834375152364373
v -0.21165624847635628 0.7862343765236437 -0.03834375152364373
v -0.2883437515236437 0.7862343765236437 -0.03834375152364373
vt 0.3125 0.6875
vt 0.375 0.6875
vt 0.3125 0.5625
vt 0.375 0.5625
vt 0.3125 0.6875
vt 0.375 0.6875
vt 0.3125 0.5625
vt 0.375 0.5625
vt 0.3125 0.625
vt 0.375 0.625
vt 0.3125 0.5625
vt 0.375 0.5625
vt 0.3125 0.625
vt 0.375 0.625
vt 0.3125 0.5625
vt 0.375 0.5625
vt 0.3125 0.6875
vt 0.375 0.6875
vt 0.3125 0.5625
vt 0.375 0.5625
vt 0.3125 0.6875
vt 0.375 0.6875
vt 0.3125 0.5625
vt 0.375 0.5625
vn 1 0 0
vn 1 0 0
vn 1 0 0
vn 1 0 0
vn -1 0 0
vn -1 0 0
vn -1 0 0
vn -1 0 0
vn 0 1 0
vn 0 1 0
vn 0 1 0
vn 0 1 0
vn 0 -1 0
vn 0 -1 0
vn 0 -1 0
vn 0 -1 0
vn 0 0 1
vn 0 0 1
vn 0 0 1
vn 0 0 1
vn 0 0 -1
vn 0 0 -1
vn 0 0 -1
vn 0 0 -1
f 2593/2593/2593 2595/2595/2595 2594/2594/2594
f 2595/2595/2595 2596/2596/2596 2594/2594/2594
f 2597/2597/2597 2599/2599/2599 2598/2598/2598
f 2599/2599/2599 2600/2600/2600 2598/2598/2598
f 2601/2601/2601 2603/2603/2603 2602/2602/2602
f 2603/2603/2603 2604/2604/2604 2602/2602/2602
f 2605/2605/2605 2607/2607/2607 2606/2606/2606
f 2607/2607/2607 2608/2608/2608 2606/2606/2606
f 2609/2609/2609 2611/2611/2611 2610/2610/2610
f 2611/2611/2611 2612/2612/2612 2610/2610/2610
f 2613/2613/2613 2615/2615/2615 2614/2614/2614
f 2615/2615/2615 2616/2616/2616 2614/2614/2614
o guard_193
usemtl bright_gold
v -0.08547499842941761 0.9415500031411648 0.03952500157058239
v -0.08547499842941761 0.9415500031411648 -0.03952500157058239
v -0.08547499842941761 0.7834499968588353 0.03952500157058239
v -0.08547499842941761 0.7834499968588353 -0.03952500157058239
v -0.1645250015705824 0.9415500031411648 -0.03952500157058239
v -0.1645250015705824 0.9415500031411648 0.03952500157058239
v -0.1645250015705824 0.7834499968588353 -0.03952500157058239
v -0.1645250015705824 0.7834499968588353 0.03952500157058239
v -0.1645250015705824 0.9415500031411648 -0.03952500157058239
v -0.08547499842941761 0.9415500031411648 -0.03952500157058239
v -0.1645250015705824 0.9415500031411648 0.03952500157058239
v -0.08547499842941761 0.9415500031411648 0.03952500157058239
v -0.1645250015705824 0.7834499968588353 0.03952500157058239
v -0.08547499842941761 0.7834499968588353 0.03952500157058239
v -0.1645250015705824 0.7834499968588353 -0.03952500157058239
v -0.08547499842941761 0.7834499968588353 -0.03952500157058239
v -0.1645250015705824 0.9415500031411648 0.03952500157058239
v -0.08547499842941761 0.9415500031411648 0.03952500157058239
v -0.1645250015705824 0.7834499968588353 0.03952500157058239
v -0.08547499842941761 0.7834499968588353 0.03952500157058239
v -0.08547499842941761 0.9415500031411648 -0.03952500157058239
v -0.1645250015705824 0.9415500031411648 -0.03952500157058239
v -0.08547499842941761 0.7834499968588353 -0.03952500157058239
v -0.1645250015705824 0.7834499968588353 -0.03952500157058239
vt 0.5 0.6875
vt 0.5625 0.6875
vt 0.5 0.5625
vt 0.5625 0.5625
vt 0.5 0.6875
vt 0.5625 0.6875
vt 0.5 0.5625
vt 0.5625 0.5625
vt 0.5 0.625
vt 0.5625 0.625
vt 0.5 0.5625
vt 0.5625 0.5625
vt 0.5 0.625
vt 0.5625 0.625
vt 0.5 0.5625
vt 0.5625 0.5625
vt 0.5 0.6875
vt 0.5625 0.6875
vt 0.5 0.5625
vt 0.5625 0.5625
vt 0.5 0.6875
vt 0.5625 0.6875
vt 0.5 0.5625
vt 0.5625 0.5625
vn 1 0 0
vn 1 0 0
vn 1 0 0
vn 1 0 0
vn -1 0 0
vn -1 0 0
vn -1 0 0
vn -1 0 0
vn 0 1 0
vn 0 1 0
vn 0 1 0
vn 0 1 0
vn 0 -1 0
vn 0 -1 0
vn 0 -1 0
vn 0 -1 0
vn 0 0 1
vn 0 0 1
vn 0 0 1
vn 0 0 1
vn 0 0 -1
vn 0 0 -1
vn 0 0 -1
vn 0 0 -1
f 2617/2617/2617 2619/2619/2619 2618/2618/2618
f 2619/2619/2619 2620/2620/2620 2618/2618/2618
f 2621/2621/2621 2623/2623/2623 2622/2622/2622
f 2623/2623/2623 2624/2624/2624 2622/2622/2622
f 2625/2625/2625 2627/2627/2627 2626/2626/2626
f 2627/2627/2627 2628/2628/2628 2626/2626/2626
f 2629/2629/2629 2631/2631/2631 2630/2630/2630
f 2631/2631/2631 2632/2632/2632 2630/2630/2630
f 2633/2633/2633 2635/2635/2635 2634/2634/2634
f 2635/2635/2635 2636/2636/2636 2634/2634/2634
f 2637/2637/2637 2639/2639/2639 2638/2638/2638
f 2639/2639/2639 2640/2640/2640 2638/2638/2638
o guard_194
usemtl bright_gold
v 0.03851250153034925 0.97753125 0.03851250153034925
v 0.03851250153034925 0.97753125 -0.03851250153034925
v 0.03851250153034925 0.78496875 0.03851250153034925
v 0.03851250153034925 0.78496875 -0.03851250153034925
v -0.03851250153034925 0.97753125 -0.03851250153034925
v -0.03851250153034925 0.97753125 0.03851250153034925
v -0.03851250153034925 0.78496875 -0.03851250153034925
v -0.03851250153034925 0.78496875 0.03851250153034925
v -0.03851250153034925 0.97753125 -0.03851250153034925
v 0.03851250153034925 0.97753125 -0.03851250153034925
v -0.03851250153034925 0.97753125 0.03851250153034925
v 0.03851250153034925 0.97753125 0.03851250153034925
v -0.03851250153034925 0.78496875 0.03851250153034925
v 0.03851250153034925 0.78496875 0.03851250153034925
v -0.03851250153034925 0.78496875 -0.03851250153034925
v 0.03851250153034925 0.78496875 -0.03851250153034925
v -0.03851250153034925 0.97753125 0.03851250153034925
v 0.03851250153034925 0.97753125 0.03851250153034925
v -0.03851250153034925 0.78496875 0.03851250153034925
v 0.03851250153034925 0.78496875 0.03851250153034925
v 0.03851250153034925 0.97753125 -0.03851250153034925
v -0.03851250153034925 0.97753125 -0.03851250153034925
v 0.03851250153034925 0.78496875 -0.03851250153034925
v -0.03851250153034925 0.78496875 -0.03851250153034925
vt 0.3125 0.75
vt 0.375 0.75
vt 0.3125 0.5625
vt 0.375 0.5625
vt 0.3125 0.75
vt 0.375 0.75
vt 0.3125 0.5625
vt 0.375 0.5625
vt 0.3125 0.625
vt 0.375 0.625
vt 0.3125 0.5625
vt 0.375 0.5625
vt 0.3125 0.625
vt 0.375 0.625
vt 0.3125 0.5625
vt 0.375 0.5625
vt 0.3125 0.75
vt 0.375 0.75
vt 0.3125 0.5625
vt 0.375 0.5625
vt 0.3125 0.75
vt 0.375 0.75
vt 0.3125 0.5625
vt 0.375 0.5625
vn 1 0 0
vn 1 0 0
vn 1 0 0
vn 1 0 0
vn -1 0 0
vn -1 0 0
vn -1 0 0
vn -1 0 0
vn 0 1 0
vn 0 1 0
vn 0 1 0
vn 0 1 0
vn 0 -1 0
vn 0 -1 0
vn 0 -1 0
vn 0 -1 0
vn 0 0 1
vn 0 0 1
vn 0 0 1
vn 0 0 1
vn 0 0 -1
vn 0 0 -1
vn 0 0 -1
vn 0 0 -1
f 2641/2641/2641 2643/2643/2643 2642/2642/2642
f 2643/2643/2643 2644/2644/2644 2642/2642/2642
f 2645/2645/2645 2647/2647/2647 2646/2646/2646
f 2647/2647/2647 2648/2648/2648 2646/2646/2646
f 2649/2649/2649 2651/2651/2651 2650/2650/2650
f 2651/2651/2651 2652/2652/2652 2650/2650/2650
f 2653/2653/2653 2655/2655/2655 2654/2654/2654
f 2655/2655/2655 2656/2656/2656 2654/2654/2654
f 2657/2657/2657 2659/2659/2659 2658/2658/2658
f 2659/2659/2659 2660/2660/2660 2658/2658/2658
f 2661/2661/2661 2663/2663/2663 2662/2662/2662
f 2663/2663/2663 2664/2664/2664 2662/2662/2662
o guard_195
usemtl bright_gold
v 0.16250000149011612 0.9375000029802323 0.03750000149011612
v 0.16250000149011612 0.9375000029802323 -0.03750000149011612
v 0.16250000149011612 0.7874999970197678 0.03750000149011612
v 0.16250000149011612 0.7874999970197678 -0.03750000149011612
v 0.08749999850988388 0.9375000029802323 -0.03750000149011612
v 0.08749999850988388 0.9375000029802323 0.03750000149011612
v 0.08749999850988388 0.7874999970197678 -0.03750000149011612
v 0.08749999850988388 0.7874999970197678 0.03750000149011612
v 0.08749999850988388 0.9375000029802323 -0.03750000149011612
v 0.16250000149011612 0.9375000029802323 -0.03750000149011612
v 0.08749999850988388 0.9375000029802323 0.03750000149011612
v 0.16250000149011612 0.9375000029802323 0.03750000149011612
v 0.08749999850988388 0.7874999970197678 0.03750000149011612
v 0.16250000149011612 0.7874999970197678 0.03750000149011612
v 0.08749999850988388 0.7874999970197678 -0.03750000149011612
v 0.16250000149011612 0.7874999970197678 -0.03750000149011612
v 0.08749999850988388 0.9375000029802323 0.03750000149011612
v 0.16250000149011612 0.9375000029802323 0.03750000149011612
v 0.08749999850988388 0.7874999970197678 0.03750000149011612
v 0.16250000149011612 0.7874999970197678 0.03750000149011612
v 0.16250000149011612 0.9375000029802323 -0.03750000149011612
v 0.08749999850988388 0.9375000029802323 -0.03750000149011612
v 0.16250000149011612 0.7874999970197678 -0.03750000149011612
v 0.08749999850988388 0.7874999970197678 -0.03750000149011612
vt 0.5 0.6875
vt 0.5625 0.6875
vt 0.5 0.5625
vt 0.5625 0.5625
vt 0.5 0.6875
vt 0.5625 0.6875
vt 0.5 0.5625
vt 0.5625 0.5625
vt 0.5 0.625
vt 0.5625 0.625
vt 0.5 0.5625
vt 0.5625 0.5625
vt 0.5 0.625
vt 0.5625 0.625
vt 0.5 0.5625
vt 0.5625 0.5625
vt 0.5 0.6875
vt 0.5625 0.6875
vt 0.5 0.5625
vt 0.5625 0.5625
vt 0.5 0.6875
vt 0.5625 0.6875
vt 0.5 0.5625
vt 0.5625 0.5625
vn 1 0 0
vn 1 0 0
vn 1 0 0
vn 1 0 0
vn -1 0 0
vn -1 0 0
vn -1 0 0
vn -1 0 0
vn 0 1 0
vn 0 1 0
vn 0 1 0
vn 0 1 0
vn 0 -1 0
vn 0 -1 0
vn 0 -1 0
vn 0 -1 0
vn 0 0 1
vn 0 0 1
vn 0 0 1
vn 0 0 1
vn 0 0 -1
vn 0 0 -1
vn 0 0 -1
vn 0 0 -1
f 2665/2665/2665 2667/2667/2667 2666/2666/2666
f 2667/2667/2667 2668/2668/2668 2666/2666/2666
f 2669/2669/2669 2671/2671/2671 2670/2670/2670
f 2671/2671/2671 2672/2672/2672 2670/2670/2670
f 2673/2673/2673 2675/2675/2675 2674/2674/2674
f 2675/2675/2675 2676/2676/2676 2674/2674/2674
f 2677/2677/2677 2679/2679/2679 2678/2678/2678
f 2679/2679/2679 2680/2680/2680 2678/2678/2678
f 2681/2681/2681 2683/2683/2683 2682/2682/2682
f 2683/2683/2683 2684/2684/2684 2682/2682/2682
f 2685/2685/2685 2687/2687/2687 2686/2686/2686
f 2687/2687/2687 2688/2688/2688 2686/2686/2686
o guard_196
usemtl bright_gold
v 0.28868125153705476 0.9017718734629452 0.03868125153705478
v 0.28868125153705476 0.9017718734629452 -0.03868125153705478
v 0.28868125153705476 0.7857281265370548 0.03868125153705478
v 0.28868125153705476 0.7857281265370548 -0.03868125153705478
v 0.2113187484629452 0.9017718734629452 -0.03868125153705478
v 0.2113187484629452 0.9017718734629452 0.03868125153705478
v 0.2113187484629452 0.7857281265370548 -0.03868125153705478
v 0.2113187484629452 0.7857281265370548 0.03868125153705478
v 0.2113187484629452 0.9017718734629452 -0.03868125153705478
v 0.28868125153705476 0.9017718734629452 -0.03868125153705478
v 0.2113187484629452 0.9017718734629452 0.03868125153705478
v 0.28868125153705476 0.9017718734629452 0.03868125153705478
v 0.2113187484629452 0.7857281265370548 0.03868125153705478
v 0.28868125153705476 0.7857281265370548 0.03868125153705478
v 0.2113187484629452 0.7857281265370548 -0.03868125153705478
v 0.28868125153705476 0.7857281265370548 -0.03868125153705478
v 0.2113187484629452 0.9017718734629452 0.03868125153705478
v 0.28868125153705476 0.9017718734629452 0.03868125153705478
v 0.2113187484629452 0.7857281265370548 0.03868125153705478
v 0.28868125153705476 0.7857281265370548 0.03868125153705478
v 0.28868125153705476 0.9017718734629452 -0.03868125153705478
v 0.2113187484629452 0.9017718734629452 -0.03868125153705478
v 0.28868125153705476 0.7857281265370548 -0.03868125153705478
v 0.2113187484629452 0.7857281265370548 -0.03868125153705478
vt 0.3125 0.6875
vt 0.375 0.6875
vt 0.3125 0.5625
vt 0.375 0.5625
vt 0.3125 0.6875
vt 0.375 0.6875
vt 0.3125 0.5625
vt 0.375 0.5625
vt 0.3125 0.625
vt 0.375 0.625
vt 0.3125 0.5625
vt 0.375 0.5625
vt 0.3125 0.625
vt 0.375 0.625
vt 0.3125 0.5625
vt 0.375 0.5625
vt 0.3125 0.6875
vt 0.375 0.6875
vt 0.3125 0.5625
vt 0.375 0.5625
vt 0.3125 0.6875
vt 0.375 0.6875
vt 0.3125 0.5625
vt 0.375 0.5625
vn 1 0 0
vn 1 0 0
vn 1 0 0
vn 1 0 0
vn -1 0 0
vn -1 0 0
vn -1 0 0
vn -1 0 0
vn 0 1 0
vn 0 1 0
vn 0 1 0
vn 0 1 0
vn 0 -1 0
vn 0 -1 0
vn 0 -1 0
vn 0 -1 0
vn 0 0 1
vn 0 0 1
vn 0 0 1
vn 0 0 1
vn 0 0 -1
vn 0 0 -1
vn 0 0 -1
vn 0 0 -1
f 2689/2689/2689 2691/2691/2691 2690/2690/2690
f 2691/2691/2691 2692/2692/2692 2690/2690/2690
f 2693/2693/2693 2695/2695/2695 2694/2694/2694
f 2695/2695/2695 2696/2696/2696 2694/2694/2694
f 2697/2697/2697 2699/2699/2699 2698/2698/2698
f 2699/2699/2699 2700/2700/2700 2698/2698/2698
f 2701/2701/2701 2703/2703/2703 2702/2702/2702
f 2703/2703/2703 2704/2704/2704 2702/2702/2702
f 2705/2705/2705 2707/2707/2707 2706/2706/2706
f 2707/2707/2707 2708/2708/2708 2706/2706/2706
f 2709/2709/2709 2711/2711/2711 2710/2710/2710
f 2711/2711/2711 2712/2712/2712 2710/2710/2710
o med_link-1_0_197
usemtl sun_gold
v -0.27494374981289726 0.24400312350317835 0.012556250187102705
v -0.27494374981289726 0.24400312350317835 -0.012556250187102705
v -0.27494374981289726 0.13099687649682165 0.012556250187102705
v -0.27494374981289726 0.13099687649682165 -0.012556250187102705
v -0.3000562501871027 0.24400312350317835 -0.012556250187102705
v -0.3000562501871027 0.24400312350317835 0.012556250187102705
v -0.3000562501871027 0.13099687649682165 -0.012556250187102705
v -0.3000562501871027 0.13099687649682165 0.012556250187102705
v -0.3000562501871027 0.24400312350317835 -0.012556250187102705
v -0.27494374981289726 0.24400312350317835 -0.012556250187102705
v -0.3000562501871027 0.24400312350317835 0.012556250187102705
v -0.27494374981289726 0.24400312350317835 0.012556250187102705
v -0.3000562501871027 0.13099687649682165 0.012556250187102705
v -0.27494374981289726 0.13099687649682165 0.012556250187102705
v -0.3000562501871027 0.13099687649682165 -0.012556250187102705
v -0.27494374981289726 0.13099687649682165 -0.012556250187102705
v -0.3000562501871027 0.24400312350317835 0.012556250187102705
v -0.27494374981289726 0.24400312350317835 0.012556250187102705
v -0.3000562501871027 0.13099687649682165 0.012556250187102705
v -0.27494374981289726 0.13099687649682165 0.012556250187102705
v -0.27494374981289726 0.24400312350317835 -0.012556250187102705
v -0.3000562501871027 0.24400312350317835 -0.012556250187102705
v -0.27494374981289726 0.13099687649682165 -0.012556250187102705
v -0.3000562501871027 0.13099687649682165 -0.012556250187102705
vt 0.125 0.75
vt 0.1875 0.75
vt 0.125 0.625
vt 0.1875 0.625
vt 0.125 0.75
vt 0.1875 0.75
vt 0.125 0.625
vt 0.1875 0.625
vt 0.125 0.6875
vt 0.1875 0.6875
vt 0.125 0.625
vt 0.1875 0.625
vt 0.125 0.6875
vt 0.1875 0.6875
vt 0.125 0.625
vt 0.1875 0.625
vt 0.125 0.75
vt 0.1875 0.75
vt 0.125 0.625
vt 0.1875 0.625
vt 0.125 0.75
vt 0.1875 0.75
vt 0.125 0.625
vt 0.1875 0.625
vn 1 0 0
vn 1 0 0
vn 1 0 0
vn 1 0 0
vn -1 0 0
vn -1 0 0
vn -1 0 0
vn -1 0 0
vn 0 1 0
vn 0 1 0
vn 0 1 0
vn 0 1 0
vn 0 -1 0
vn 0 -1 0
vn 0 -1 0
vn 0 -1 0
vn 0 0 1
vn 0 0 1
vn 0 0 1
vn 0 0 1
vn 0 0 -1
vn 0 0 -1
vn 0 0 -1
vn 0 0 -1
f 2713/2713/2713 2715/2715/2715 2714/2714/2714
f 2715/2715/2715 2716/2716/2716 2714/2714/2714
f 2717/2717/2717 2719/2719/2719 2718/2718/2718
f 2719/2719/2719 2720/2720/2720 2718/2718/2718
f 2721/2721/2721 2723/2723/2723 2722/2722/2722
f 2723/2723/2723 2724/2724/2724 2722/2722/2722
f 2725/2725/2725 2727/2727/2727 2726/2726/2726
f 2727/2727/2727 2728/2728/2728 2726/2726/2726
f 2729/2729/2729 2731/2731/2731 2730/2730/2730
f 2731/2731/2731 2732/2732/2732 2730/2730/2730
f 2733/2733/2733 2735/2735/2735 2734/2734/2734
f 2735/2735/2735 2736/2736/2736 2734/2734/2734
o med_link-1_0_198
usemtl sun_gold
v -0.32454999980703 0.2457749984562397 0.012950000192970037
v -0.32454999980703 0.2457749984562397 -0.012950000192970037
v -0.32454999980703 0.1292250015437603 0.012950000192970037
v -0.32454999980703 0.1292250015437603 -0.012950000192970037
v -0.35045000019297007 0.2457749984562397 -0.012950000192970037
v -0.35045000019297007 0.2457749984562397 0.012950000192970037
v -0.35045000019297007 0.1292250015437603 -0.012950000192970037
v -0.35045000019297007 0.1292250015437603 0.012950000192970037
v -0.35045000019297007 0.2457749984562397 -0.012950000192970037
v -0.32454999980703 0.2457749984562397 -0.012950000192970037
v -0.35045000019297007 0.2457749984562397 0.012950000192970037
v -0.32454999980703 0.2457749984562397 0.012950000192970037
v -0.35045000019297007 0.1292250015437603 0.012950000192970037
v -0.32454999980703 0.1292250015437603 0.012950000192970037
v -0.35045000019297007 0.1292250015437603 -0.012950000192970037
v -0.32454999980703 0.1292250015437603 -0.012950000192970037
v -0.35045000019297007 0.2457749984562397 0.012950000192970037
v -0.32454999980703 0.2457749984562397 0.012950000192970037
v -0.35045000019297007 0.1292250015437603 0.012950000192970037
v -0.32454999980703 0.1292250015437603 0.012950000192970037
v -0.32454999980703 0.2457749984562397 -0.012950000192970037
v -0.35045000019297007 0.2457749984562397 -0.012950000192970037
v -0.32454999980703 0.1292250015437603 -0.012950000192970037
v -0.35045000019297007 0.1292250015437603 -0.012950000192970037
vt 0.125 0.75
vt 0.1875 0.75
vt 0.125 0.625
vt 0.1875 0.625
vt 0.125 0.75
vt 0.1875 0.75
vt 0.125 0.625
vt 0.1875 0.625
vt 0.125 0.6875
vt 0.1875 0.6875
vt 0.125 0.625
vt 0.1875 0.625
vt 0.125 0.6875
vt 0.1875 0.6875
vt 0.125 0.625
vt 0.1875 0.625
vt 0.125 0.75
vt 0.1875 0.75
vt 0.125 0.625
vt 0.1875 0.625
vt 0.125 0.75
vt 0.1875 0.75
vt 0.125 0.625
vt 0.1875 0.625
vn 1 0 0
vn 1 0 0
vn 1 0 0
vn 1 0 0
vn -1 0 0
vn -1 0 0
vn -1 0 0
vn -1 0 0
vn 0 1 0
vn 0 1 0
vn 0 1 0
vn 0 1 0
vn 0 -1 0
vn 0 -1 0
vn 0 -1 0
vn 0 -1 0
vn 0 0 1
vn 0 0 1
vn 0 0 1
vn 0 0 1
vn 0 0 -1
vn 0 0 -1
vn 0 0 -1
vn 0 0 -1
f 2737/2737/2737 2739/2739/2739 2738/2738/2738
f 2739/2739/2739 2740/2740/2740 2738/2738/2738
f 2741/2741/2741 2743/2743/2743 2742/2742/2742
f 2743/2743/2743 2744/2744/2744 2742/2742/2742
f 2745/2745/2745 2747/2747/2747 2746/2746/2746
f 2747/2747/2747 2748/2748/2748 2746/2746/2746
f 2749/2749/2749 2751/2751/2751 2750/2750/2750
f 2751/2751/2751 2752/2752/2752 2750/2750/2750
f 2753/2753/2753 2755/2755/2755 2754/2754/2754
f 2755/2755/2755 2756/2756/2756 2754/2754/2754
f 2757/2757/2757 2759/2759/2759 2758/2758/2758
f 2759/2759/2759 2760/2760/2760 2758/2758/2758
o med_link-1_0_199
usemtl sun_gold
v -0.27466249849647284 0.2438625001879409 0.012612500187940894
v -0.27466249849647284 0.2438625001879409 -0.012612500187940894
v -0.27466249849647284 0.21863749981205913 0.012612500187940894
v -0.27466249849647284 0.21863749981205913 -0.012612500187940894
v -0.35033750150352716 0.2438625001879409 -0.012612500187940894
v -0.35033750150352716 0.2438625001879409 0.012612500187940894
v -0.35033750150352716 0.21863749981205913 -0.012612500187940894
v -0.35033750150352716 0.21863749981205913 0.012612500187940894
v -0.35033750150352716 0.2438625001879409 -0.012612500187940894
v -0.27466249849647284 0.2438625001879409 -0.012612500187940894
v -0.35033750150352716 0.2438625001879409 0.012612500187940894
v -0.27466249849647284 0.2438625001879409 0.012612500187940894
v -0.35033750150352716 0.21863749981205913 0.012612500187940894
v -0.27466249849647284 0.21863749981205913 0.012612500187940894
v -0.35033750150352716 0.21863749981205913 -0.012612500187940894
v -0.27466249849647284 0.21863749981205913 -0.012612500187940894
v -0.35033750150352716 0.2438625001879409 0.012612500187940894
v -0.27466249849647284 0.2438625001879409 0.012612500187940894
v -0.35033750150352716 0.21863749981205913 0.012612500187940894
v -0.27466249849647284 0.21863749981205913 0.012612500187940894
v -0.27466249849647284 0.2438625001879409 -0.012612500187940894
v -0.35033750150352716 0.2438625001879409 -0.012612500187940894
v -0.27466249849647284 0.21863749981205913 -0.012612500187940894
v -0.35033750150352716 0.21863749981205913 -0.012612500187940894
vt 0.75 1
vt 0.8125 1
vt 0.75 0.9375
vt 0.8125 0.9375
vt 0.75 1
vt 0.8125 1
vt 0.75 0.9375
vt 0.8125 0.9375
vt 0.75 1
vt 0.8125 1
vt 0.75 0.9375
vt 0.8125 0.9375
vt 0.75 1
vt 0.8125 1
vt 0.75 0.9375
vt 0.8125 0.9375
vt 0.75 1
vt 0.8125 1
vt 0.75 0.9375
vt 0.8125 0.9375
vt 0.75 1
vt 0.8125 1
vt 0.75 0.9375
vt 0.8125 0.9375
vn 0.9999999999999999 0 0
vn 0.9999999999999999 0 0
vn 0.9999999999999999 0 0
vn 0.9999999999999999 0 0
vn -0.9999999999999999 0 0
vn -0.9999999999999999 0 0
vn -0.9999999999999999 0 0
vn -0.9999999999999999 0 0
vn 0 0.9999999999999999 0
vn 0 0.9999999999999999 0
vn 0 0.9999999999999999 0
vn 0 0.9999999999999999 0
vn 0 -0.9999999999999999 0
vn 0 -0.9999999999999999 0
vn 0 -0.9999999999999999 0
vn 0 -0.9999999999999999 0
vn 0 0 0.9999999999999999
vn 0 0 0.9999999999999999
vn 0 0 0.9999999999999999
vn 0 0 0.9999999999999999
vn 0 0 -0.9999999999999999
vn 0 0 -0.9999999999999999
vn 0 0 -0.9999999999999999
vn 0 0 -0.9999999999999999
f 2761/2761/2761 2763/2763/2763 2762/2762/2762
f 2763/2763/2763 2764/2764/2764 2762/2762/2762
f 2765/2765/2765 2767/2767/2767 2766/2766/2766
f 2767/2767/2767 2768/2768/2768 2766/2766/2766
f 2769/2769/2769 2771/2771/2771 2770/2770/2770
f 2771/2771/2771 2772/2772/2772 2770/2770/2770
f 2773/2773/2773 2775/2775/2775 2774/2774/2774
f 2775/2775/2775 2776/2776/2776 2774/2774/2774
f 2777/2777/2777 2779/2779/2779 2778/2778/2778
f 2779/2779/2779 2780/2780/2780 2778/2778/2778
f 2781/2781/2781 2783/2783/2783 2782/2782/2782
f 2783/2783/2783 2784/2784/2784 2782/2782/2782
o med_link-1_0_200
usemtl sun_gold
v -0.2734812484495342 0.1567562501938082 0.013006250193808227
v -0.2734812484495342 0.1567562501938082 -0.013006250193808227
v -0.2734812484495342 0.13074374980619177 0.013006250193808227
v -0.2734812484495342 0.13074374980619177 -0.013006250193808227
v -0.3515187515504658 0.1567562501938082 -0.013006250193808227
v -0.3515187515504658 0.1567562501938082 0.013006250193808227
v -0.3515187515504658 0.13074374980619177 -0.013006250193808227
v -0.3515187515504658 0.13074374980619177 0.013006250193808227
v -0.3515187515504658 0.1567562501938082 -0.013006250193808227
v -0.2734812484495342 0.1567562501938082 -0.013006250193808227
v -0.3515187515504658 0.1567562501938082 0.013006250193808227
v -0.2734812484495342 0.1567562501938082 0.013006250193808227
v -0.3515187515504658 0.13074374980619177 0.013006250193808227
v -0.2734812484495342 0.13074374980619177 0.013006250193808227
v -0.3515187515504658 0.13074374980619177 -0.013006250193808227
v -0.2734812484495342 0.13074374980619177 -0.013006250193808227
v -0.3515187515504658 0.1567562501938082 0.013006250193808227
v -0.2734812484495342 0.1567562501938082 0.013006250193808227
v -0.3515187515504658 0.13074374980619177 0.013006250193808227
v -0.2734812484495342 0.13074374980619177 0.013006250193808227
v -0.2734812484495342 0.1567562501938082 -0.013006250193808227
v -0.3515187515504658 0.1567562501938082 -0.013006250193808227
v -0.2734812484495342 0.13074374980619177 -0.013006250193808227
v -0.3515187515504658 0.13074374980619177 -0.013006250193808227
vt 0.75 1
vt 0.8125 1
vt 0.75 0.9375
vt 0.8125 0.9375
vt 0.75 1
vt 0.8125 1
vt 0.75 0.9375
vt 0.8125 0.9375
vt 0.75 1
vt 0.8125 1
vt 0.75 0.9375
vt 0.8125 0.9375
vt 0.75 1
vt 0.8125 1
vt 0.75 0.9375
vt 0.8125 0.9375
vt 0.75 1
vt 0.8125 1
vt 0.75 0.9375
vt 0.8125 0.9375
vt 0.75 1
vt 0.8125 1
vt 0.75 0.9375
vt 0.8125 0.9375
vn 1 0 0
vn 1 0 0
vn 1 0 0
vn 1 0 0
vn -1 0 0
vn -1 0 0
vn -1 0 0
vn -1 0 0
vn 0 1 0
vn 0 1 0
vn 0 1 0
vn 0 1 0
vn 0 -1 0
vn 0 -1 0
vn 0 -1 0
vn 0 -1 0
vn 0 0 1
vn 0 0 1
vn 0 0 1
vn 0 0 1
vn 0 0 -1
vn 0 0 -1
vn 0 0 -1
vn 0 0 -1
f 2785/2785/2785 2787/2787/2787 2786/2786/2786
f 2787/2787/2787 2788/2788/2788 2786/2786/2786
f 2789/2789/2789 2791/2791/2791 2790/2790/2790
f 2791/2791/2791 2792/2792/2792 2790/2790/2790
f 2793/2793/2793 2795/2795/2795 2794/2794/2794
f 2795/2795/2795 2796/2796/2796 2794/2794/2794
f 2797/2797/2797 2799/2799/2799 2798/2798/2798
f 2799/2799/2799 2800/2800/2800 2798/2798/2798
f 2801/2801/2801 2803/2803/2803 2802/2802/2802
f 2803/2803/2803 2804/2804/2804 2802/2802/2802
f 2805/2805/2805 2807/2807/2807 2806/2806/2806
f 2807/2807/2807 2808/2808/2808 2806/2806/2806
o med_link-1_1_201
usemtl sun_gold
v -0.2998312498112209 0.1507593734897673 0.037668750188779083
v -0.2998312498112209 0.1507593734897673 0.01233124981122091
v -0.2998312498112209 0.03674062651023268 0.037668750188779083
v -0.2998312498112209 0.03674062651023268 0.01233124981122091
v -0.3251687501887791 0.1507593734897673 0.01233124981122091
v -0.3251687501887791 0.1507593734897673 0.037668750188779083
v -0.3251687501887791 0.03674062651023268 0.01233124981122091
v -0.3251687501887791 0.03674062651023268 0.037668750188779083
v -0.3251687501887791 0.1507593734897673 0.01233124981122091
v -0.2998312498112209 0.1507593734897673 0.01233124981122091
v -0.3251687501887791 0.1507593734897673 0.037668750188779083
v -0.2998312498112209 0.1507593734897673 0.037668750188779083
v -0.3251687501887791 0.03674062651023268 0.037668750188779083
v -0.2998312498112209 0.03674062651023268 0.037668750188779083
v -0.3251687501887791 0.03674062651023268 0.01233124981122091
v -0.2998312498112209 0.03674062651023268 0.01233124981122091
v -0.3251687501887791 0.1507593734897673 0.037668750188779083
v -0.2998312498112209 0.1507593734897673 0.037668750188779083
v -0.3251687501887791 0.03674062651023268 0.037668750188779083
v -0.2998312498112209 0.03674062651023268 0.037668750188779083
v -0.2998312498112209 0.1507593734897673 0.01233124981122091
v -0.3251687501887791 0.1507593734897673 0.01233124981122091
v -0.2998312498112209 0.03674062651023268 0.01233124981122091
v -0.3251687501887791 0.03674062651023268 0.01233124981122091
vt 0.125 0.75
vt 0.1875 0.75
vt 0.125 0.625
vt 0.1875 0.625
vt 0.125 0.75
vt 0.1875 0.75
vt 0.125 0.625
vt 0.1875 0.625
vt 0.125 0.6875
vt 0.1875 0.6875
vt 0.125 0.625
vt 0.1875 0.625
vt 0.125 0.6875
vt 0.1875 0.6875
vt 0.125 0.625
vt 0.1875 0.625
vt 0.125 0.75
vt 0.1875 0.75
vt 0.125 0.625
vt 0.1875 0.625
vt 0.125 0.75
vt 0.1875 0.75
vt 0.125 0.625
vt 0.1875 0.625
vn 1 0 0
vn 1 0 0
vn 1 0 0
vn 1 0 0
vn -1 0 0
vn -1 0 0
vn -1 0 0
vn -1 0 0
vn 0 1 0
vn 0 1 0
vn 0 1 0
vn 0 1 0
vn 0 -1 0
vn 0 -1 0
vn 0 -1 0
vn 0 -1 0
vn 0 0 1
vn 0 0 1
vn 0 0 1
vn 0 0 1
vn 0 0 -1
vn 0 0 -1
vn 0 0 -1
vn 0 0 -1
f 2809/2809/2809 2811/2811/2811 2810/2810/2810
f 2811/2811/2811 2812/2812/2812 2810/2810/2810
f 2813/2813/2813 2815/2815/2815 2814/2814/2814
f 2815/2815/2815 2816/2816/2816 2814/2814/2814
f 2817/2817/2817 2819/2819/2819 2818/2818/2818
f 2819/2819/2819 2820/2820/2820 2818/2818/2818
f 2821/2821/2821 2823/2823/2823 2822/2822/2822
f 2823/2823/2823 2824/2824/2824 2822/2822/2822
f 2825/2825/2825 2827/2827/2827 2826/2826/2826
f 2827/2827/2827 2828/2828/2828 2826/2826/2826
f 2829/2829/2829 2831/2831/2831 2830/2830/2830
f 2831/2831/2831 2832/2832/2832 2830/2830/2830
o med_link-1_1_201_back
usemtl sun_gold
v -0.2998312498112209 0.1507593734897673 -0.01233124981122091
v -0.2998312498112209 0.1507593734897673 -0.037668750188779083
v -0.2998312498112209 0.03674062651023268 -0.01233124981122091
v -0.2998312498112209 0.03674062651023268 -0.037668750188779083
v -0.3251687501887791 0.1507593734897673 -0.037668750188779083
v -0.3251687501887791 0.1507593734897673 -0.01233124981122091
v -0.3251687501887791 0.03674062651023268 -0.037668750188779083
v -0.3251687501887791 0.03674062651023268 -0.01233124981122091
v -0.3251687501887791 0.1507593734897673 -0.037668750188779083
v -0.2998312498112209 0.1507593734897673 -0.037668750188779083
v -0.3251687501887791 0.1507593734897673 -0.01233124981122091
v -0.2998312498112209 0.1507593734897673 -0.01233124981122091
v -0.3251687501887791 0.03674062651023268 -0.01233124981122091
v -0.2998312498112209 0.03674062651023268 -0.01233124981122091
v -0.3251687501887791 0.03674062651023268 -0.037668750188779083
v -0.2998312498112209 0.03674062651023268 -0.037668750188779083
v -0.3251687501887791 0.1507593734897673 -0.01233124981122091
v -0.2998312498112209 0.1507593734897673 -0.01233124981122091
v -0.3251687501887791 0.03674062651023268 -0.01233124981122091
v -0.2998312498112209 0.03674062651023268 -0.01233124981122091
v -0.2998312498112209 0.1507593734897673 -0.037668750188779083
v -0.3251687501887791 0.1507593734897673 -0.037668750188779083
v -0.2998312498112209 0.03674062651023268 -0.037668750188779083
v -0.3251687501887791 0.03674062651023268 -0.037668750188779083
vt 0.125 0.75
vt 0.1875 0.75
vt 0.125 0.625
vt 0.1875 0.625
vt 0.125 0.75
vt 0.1875 0.75
vt 0.125 0.625
vt 0.1875 0.625
vt 0.125 0.6875
vt 0.1875 0.6875
vt 0.125 0.625
vt 0.1875 0.625
vt 0.125 0.6875
vt 0.1875 0.6875
vt 0.125 0.625
vt 0.1875 0.625
vt 0.125 0.75
vt 0.1875 0.75
vt 0.125 0.625
vt 0.1875 0.625
vt 0.125 0.75
vt 0.1875 0.75
vt 0.125 0.625
vt 0.1875 0.625
vn 1 0 0
vn 1 0 0
vn 1 0 0
vn 1 0 0
vn -1 0 0
vn -1 0 0
vn -1 0 0
vn -1 0 0
vn 0 1 0
vn 0 1 0
vn 0 1 0
vn 0 1 0
vn 0 -1 0
vn 0 -1 0
vn 0 -1 0
vn 0 -1 0
vn 0 0 1
vn 0 0 1
vn 0 0 1
vn 0 0 1
vn 0 0 -1
vn 0 0 -1
vn 0 0 -1
vn 0 0 -1
f 2833/2833/2833 2835/2835/2835 2834/2834/2834
f 2835/2835/2835 2836/2836/2836 2834/2834/2834
f 2837/2837/2837 2839/2839/2839 2838/2838/2838
f 2839/2839/2839 2840/2840/2840 2838/2838/2838
f 2841/2841/2841 2843/2843/2843 2842/2842/2842
f 2843/2843/2843 2844/2844/2844 2842/2842/2842
f 2845/2845/2845 2847/2847/2847 2846/2846/2846
f 2847/2847/2847 2848/2848/2848 2846/2846/2846
f 2849/2849/2849 2851/2851/2851 2850/2850/2850
f 2851/2851/2851 2852/2852/2852 2850/2850/2850
f 2853/2853/2853 2855/2855/2855 2854/2854/2854
f 2855/2855/2855 2856/2856/2856 2854/2854/2854
o med_link-1_1_202
usemtl sun_gold
v -0.29943749980535356 0.15253124844282864 -0.011937499805353581
v -0.29943749980535356 0.15253124844282864 -0.038062500194646416
v -0.29943749980535356 0.03496875155717135 -0.011937499805353581
v -0.29943749980535356 0.03496875155717135 -0.038062500194646416
v -0.32556250019464644 0.15253124844282864 -0.038062500194646416
v -0.32556250019464644 0.15253124844282864 -0.011937499805353581
v -0.32556250019464644 0.03496875155717135 -0.038062500194646416
v -0.32556250019464644 0.03496875155717135 -0.011937499805353581
v -0.32556250019464644 0.15253124844282864 -0.038062500194646416
v -0.29943749980535356 0.15253124844282864 -0.038062500194646416
v -0.32556250019464644 0.15253124844282864 -0.011937499805353581
v -0.29943749980535356 0.15253124844282864 -0.011937499805353581
v -0.32556250019464644 0.03496875155717135 -0.011937499805353581
v -0.29943749980535356 0.03496875155717135 -0.011937499805353581
v -0.32556250019464644 0.03496875155717135 -0.038062500194646416
v -0.29943749980535356 0.03496875155717135 -0.038062500194646416
v -0.32556250019464644 0.15253124844282864 -0.011937499805353581
v -0.29943749980535356 0.15253124844282864 -0.011937499805353581
v -0.32556250019464644 0.03496875155717135 -0.011937499805353581
v -0.29943749980535356 0.03496875155717135 -0.011937499805353581
v -0.29943749980535356 0.15253124844282864 -0.038062500194646416
v -0.32556250019464644 0.15253124844282864 -0.038062500194646416
v -0.29943749980535356 0.03496875155717135 -0.038062500194646416
v -0.32556250019464644 0.03496875155717135 -0.038062500194646416
vt 0.125 0.75
vt 0.1875 0.75
vt 0.125 0.625
vt 0.1875 0.625
vt 0.125 0.75
vt 0.1875 0.75
vt 0.125 0.625
vt 0.1875 0.625
vt 0.125 0.6875
vt 0.1875 0.6875
vt 0.125 0.625
vt 0.1875 0.625
vt 0.125 0.6875
vt 0.1875 0.6875
vt 0.125 0.625
vt 0.1875 0.625
vt 0.125 0.75
vt 0.1875 0.75
vt 0.125 0.625
vt 0.1875 0.625
vt 0.125 0.75
vt 0.1875 0.75
vt 0.125 0.625
vt 0.1875 0.625
vn 1 0 0
vn 1 0 0
vn 1 0 0
vn 1 0 0
vn -1 0 0
vn -1 0 0
vn -1 0 0
vn -1 0 0
vn 0 1 0
vn 0 1 0
vn 0 1 0
vn 0 1 0
vn 0 -1 0
vn 0 -1 0
vn 0 -1 0
vn 0 -1 0
vn 0 0 1
vn 0 0 1
vn 0 0 1
vn 0 0 1
vn 0 0 -1
vn 0 0 -1
vn 0 0 -1
vn 0 0 -1
f 2857/2857/2857 2859/2859/2859 2858/2858/2858
f 2859/2859/2859 2860/2860/2860 2858/2858/2858
f 2861/2861/2861 2863/2863/2863 2862/2862/2862
f 2863/2863/2863 2864/2864/2864 2862/2862/2862
f 2865/2865/2865 2867/2867/2867 2866/2866/2866
f 2867/2867/2867 2868/2868/2868 2866/2866/2866
f 2869/2869/2869 2871/2871/2871 2870/2870/2870
f 2871/2871/2871 2872/2872/2872 2870/2870/2870
f 2873/2873/2873 2875/2875/2875 2874/2874/2874
f 2875/2875/2875 2876/2876/2876 2874/2874/2874
f 2877/2877/2877 2879/2879/2879 2878/2878/2878
f 2879/2879/2879 2880/2880/2880 2878/2878/2878
o med_link-1_1_202_back
usemtl sun_gold
v -0.29943749980535356 0.15253124844282864 0.038062500194646416
v -0.29943749980535356 0.15253124844282864 0.011937499805353581
v -0.29943749980535356 0.03496875155717135 0.038062500194646416
v -0.29943749980535356 0.03496875155717135 0.011937499805353581
v -0.32556250019464644 0.15253124844282864 0.011937499805353581
v -0.32556250019464644 0.15253124844282864 0.038062500194646416
v -0.32556250019464644 0.03496875155717135 0.011937499805353581
v -0.32556250019464644 0.03496875155717135 0.038062500194646416
v -0.32556250019464644 0.15253124844282864 0.011937499805353581
v -0.29943749980535356 0.15253124844282864 0.011937499805353581
v -0.32556250019464644 0.15253124844282864 0.038062500194646416
v -0.29943749980535356 0.15253124844282864 0.038062500194646416
v -0.32556250019464644 0.03496875155717135 0.038062500194646416
v -0.29943749980535356 0.03496875155717135 0.038062500194646416
v -0.32556250019464644 0.03496875155717135 0.011937499805353581
v -0.29943749980535356 0.03496875155717135 0.011937499805353581
v -0.32556250019464644 0.15253124844282864 0.038062500194646416
v -0.29943749980535356 0.15253124844282864 0.038062500194646416
v -0.32556250019464644 0.03496875155717135 0.038062500194646416
v -0.29943749980535356 0.03496875155717135 0.038062500194646416
v -0.29943749980535356 0.15253124844282864 0.011937499805353581
v -0.32556250019464644 0.15253124844282864 0.011937499805353581
v -0.29943749980535356 0.03496875155717135 0.011937499805353581
v -0.32556250019464644 0.03496875155717135 0.011937499805353581
vt 0.125 0.75
vt 0.1875 0.75
vt 0.125 0.625
vt 0.1875 0.625
vt 0.125 0.75
vt 0.1875 0.75
vt 0.125 0.625
vt 0.1875 0.625
vt 0.125 0.6875
vt 0.1875 0.6875
vt 0.125 0.625
vt 0.1875 0.625
vt 0.125 0.6875
vt 0.1875 0.6875
vt 0.125 0.625
vt 0.1875 0.625
vt 0.125 0.75
vt 0.1875 0.75
vt 0.125 0.625
vt 0.1875 0.625
vt 0.125 0.75
vt 0.1875 0.75
vt 0.125 0.625
vt 0.1875 0.625
vn 1 0 0
vn 1 0 0
vn 1 0 0
vn 1 0 0
vn -1 0 0
vn -1 0 0
vn -1 0 0
vn -1 0 0
vn 0 1 0
vn 0 1 0
vn 0 1 0
vn 0 1 0
vn 0 -1 0
vn 0 -1 0
vn 0 -1 0
vn 0 -1 0
vn 0 0 1
vn 0 0 1
vn 0 0 1
vn 0 0 1
vn 0 0 -1
vn 0 0 -1
vn 0 0 -1
vn 0 0 -1
f 2881/2881/2881 2883/2883/2883 2882/2882/2882
f 2883/2883/2883 2884/2884/2884 2882/2882/2882
f 2885/2885/2885 2887/2887/2887 2886/2886/2886
f 2887/2887/2887 2888/2888/2888 2886/2886/2886
f 2889/2889/2889 2891/2891/2891 2890/2890/2890
f 2891/2891/2891 2892/2892/2892 2890/2890/2890
f 2893/2893/2893 2895/2895/2895 2894/2894/2894
f 2895/2895/2895 2896/2896/2896 2894/2894/2894
f 2897/2897/2897 2899/2899/2899 2898/2898/2898
f 2899/2899/2899 2900/2900/2900 2898/2898/2898
f 2901/2901/2901 2903/2903/2903 2902/2902/2902
f 2903/2903/2903 2904/2904/2904 2902/2902/2902
o med_link-1_1_203
usemtl sun_gold
v -0.29977499981038275 0.1502250001896173 0.03817500151693821
v -0.29977499981038275 0.1502250001896173 -0.03817500151693821
v -0.29977499981038275 0.12477499981038273 0.03817500151693821
v -0.29977499981038275 0.12477499981038273 -0.03817500151693821
v -0.32522500018961725 0.1502250001896173 -0.03817500151693821
v -0.32522500018961725 0.1502250001896173 0.03817500151693821
v -0.32522500018961725 0.12477499981038273 -0.03817500151693821
v -0.32522500018961725 0.12477499981038273 0.03817500151693821
v -0.32522500018961725 0.1502250001896173 -0.03817500151693821
v -0.29977499981038275 0.1502250001896173 -0.03817500151693821
v -0.32522500018961725 0.1502250001896173 0.03817500151693821
v -0.29977499981038275 0.1502250001896173 0.03817500151693821
v -0.32522500018961725 0.12477499981038273 0.03817500151693821
v -0.29977499981038275 0.12477499981038273 0.03817500151693821
v -0.32522500018961725 0.12477499981038273 -0.03817500151693821
v -0.29977499981038275 0.12477499981038273 -0.03817500151693821
v -0.32522500018961725 0.1502250001896173 0.03817500151693821
v -0.29977499981038275 0.1502250001896173 0.03817500151693821
v -0.32522500018961725 0.12477499981038273 0.03817500151693821
v -0.29977499981038275 0.12477499981038273 0.03817500151693821
v -0.29977499981038275 0.1502250001896173 -0.03817500151693821
v -0.32522500018961725 0.1502250001896173 -0.03817500151693821
v -0.29977499981038275 0.12477499981038273 -0.03817500151693821
v -0.32522500018961725 0.12477499981038273 -0.03817500151693821
vt 0.3125 1
vt 0.375 1
vt 0.3125 0.9375
vt 0.375 0.9375
vt 0.3125 1
vt 0.375 1
vt 0.3125 0.9375
vt 0.375 0.9375
vt 0.3125 1
vt 0.375 1
vt 0.3125 0.9375
vt 0.375 0.9375
vt 0.3125 1
vt 0.375 1
vt 0.3125 0.9375
vt 0.375 0.9375
vt 0.3125 1
vt 0.375 1
vt 0.3125 0.9375
vt 0.375 0.9375
vt 0.3125 1
vt 0.375 1
vt 0.3125 0.9375
vt 0.375 0.9375
vn 0.9999999999999999 0 0
vn 0.9999999999999999 0 0
vn 0.9999999999999999 0 0
vn 0.9999999999999999 0 0
vn -0.9999999999999999 0 0
vn -0.9999999999999999 0 0
vn -0.9999999999999999 0 0
vn -0.9999999999999999 0 0
vn 0 0.9999999999999999 0
vn 0 0.9999999999999999 0
vn 0 0.9999999999999999 0
vn 0 0.9999999999999999 0
vn 0 -0.9999999999999999 0
vn 0 -0.9999999999999999 0
vn 0 -0.9999999999999999 0
vn 0 -0.9999999999999999 0
vn 0 0 0.9999999999999999
vn 0 0 0.9999999999999999
vn 0 0 0.9999999999999999
vn 0 0 0.9999999999999999
vn 0 0 -0.9999999999999999
vn 0 0 -0.9999999999999999
vn 0 0 -0.9999999999999999
vn 0 0 -0.9999999999999999
f 2905/2905/2905 2907/2907/2907 2906/2906/2906
f 2907/2907/2907 2908/2908/2908 2906/2906/2906
f 2909/2909/2909 2911/2911/2911 2910/2910/2910
f 2911/2911/2911 2912/2912/2912 2910/2910/2910
f 2913/2913/2913 2915/2915/2915 2914/2914/2914
f 2915/2915/2915 2916/2916/2916 2914/2914/2914
f 2917/2917/2917 2919/2919/2919 2918/2918/2918
f 2919/2919/2919 2920/2920/2920 2918/2918/2918
f 2921/2921/2921 2923/2923/2923 2922/2922/2922
f 2923/2923/2923 2924/2924/2924 2922/2922/2922
f 2925/2925/2925 2927/2927/2927 2926/2926/2926
f 2927/2927/2927 2928/2928/2928 2926/2926/2926
o med_link-1_1_204
usemtl sun_gold
v -0.2993812498045154 0.06311875019548462 0.03935625156387687
v -0.2993812498045154 0.06311875019548462 -0.03935625156387687
v -0.2993812498045154 0.03688124980451539 0.03935625156387687
v -0.2993812498045154 0.03688124980451539 -0.03935625156387687
v -0.3256187501954846 0.06311875019548462 -0.03935625156387687
v -0.3256187501954846 0.06311875019548462 0.03935625156387687
v -0.3256187501954846 0.03688124980451539 -0.03935625156387687
v -0.3256187501954846 0.03688124980451539 0.03935625156387687
v -0.3256187501954846 0.06311875019548462 -0.03935625156387687
v -0.2993812498045154 0.06311875019548462 -0.03935625156387687
v -0.3256187501954846 0.06311875019548462 0.03935625156387687
v -0.2993812498045154 0.06311875019548462 0.03935625156387687
v -0.3256187501954846 0.03688124980451539 0.03935625156387687
v -0.2993812498045154 0.03688124980451539 0.03935625156387687
v -0.3256187501954846 0.03688124980451539 -0.03935625156387687
v -0.2993812498045154 0.03688124980451539 -0.03935625156387687
v -0.3256187501954846 0.06311875019548462 0.03935625156387687
v -0.2993812498045154 0.06311875019548462 0.03935625156387687
v -0.3256187501954846 0.03688124980451539 0.03935625156387687
v -0.2993812498045154 0.03688124980451539 0.03935625156387687
v -0.2993812498045154 0.06311875019548462 -0.03935625156387687
v -0.3256187501954846 0.06311875019548462 -0.03935625156387687
v -0.2993812498045154 0.03688124980451539 -0.03935625156387687
v -0.3256187501954846 0.03688124980451539 -0.03935625156387687
vt 0.3125 1
vt 0.375 1
vt 0.3125 0.9375
vt 0.375 0.9375
vt 0.3125 1
vt 0.375 1
vt 0.3125 0.9375
vt 0.375 0.9375
vt 0.3125 1
vt 0.375 1
vt 0.3125 0.9375
vt 0.375 0.9375
vt 0.3125 1
vt 0.375 1
vt 0.3125 0.9375
vt 0.375 0.9375
vt 0.3125 1
vt 0.375 1
vt 0.3125 0.9375
vt 0.375 0.9375
vt 0.3125 1
vt 0.375 1
vt 0.3125 0.9375
vt 0.375 0.9375
vn 1 0 0
vn 1 0 0
vn 1 0 0
vn 1 0 0
vn -1 0 0
vn -1 0 0
vn -1 0 0
vn -1 0 0
vn 0 1 0
vn 0 1 0
vn 0 1 0
vn 0 1 0
vn 0 -1 0
vn 0 -1 0
vn 0 -1 0
vn 0 -1 0
vn 0 0 1
vn 0 0 1
vn 0 0 1
vn 0 0 1
vn 0 0 -1
vn 0 0 -1
vn 0 0 -1
vn 0 0 -1
f 2929/2929/2929 2931/2931/2931 2930/2930/2930
f 2931/2931/2931 2932/2932/2932 2930/2930/2930
f 2933/2933/2933 2935/2935/2935 2934/2934/2934
f 2935/2935/2935 2936/2936/2936 2934/2934/2934
f 2937/2937/2937 2939/2939/2939 2938/2938/2938
f 2939/2939/2939 2940/2940/2940 2938/2938/2938
f 2941/2941/2941 2943/2943/2943 2942/2942/2942
f 2943/2943/2943 2944/2944/2944 2942/2942/2942
f 2945/2945/2945 2947/2947/2947 2946/2946/2946
f 2947/2947/2947 2948/2948/2948 2946/2946/2946
f 2949/2949/2949 2951/2951/2951 2950/2950/2950
f 2951/2951/2951 2952/2952/2952 2950/2950/2950
o med_link-1_2_205
usemtl sun_gold
v -0.2747187498095445 0.05751562347635627 0.012781250190455467
v -0.2747187498095445 0.05751562347635627 -0.012781250190455467
v -0.2747187498095445 -0.05751562347635627 0.012781250190455467
v -0.2747187498095445 -0.05751562347635627 -0.012781250190455467
v -0.30028125019045543 0.05751562347635627 -0.012781250190455467
v -0.30028125019045543 0.05751562347635627 0.012781250190455467
v -0.30028125019045543 -0.05751562347635627 -0.012781250190455467
v -0.30028125019045543 -0.05751562347635627 0.012781250190455467
v -0.30028125019045543 0.05751562347635627 -0.012781250190455467
v -0.2747187498095445 0.05751562347635627 -0.012781250190455467
v -0.30028125019045543 0.05751562347635627 0.012781250190455467
v -0.2747187498095445 0.05751562347635627 0.012781250190455467
v -0.30028125019045543 -0.05751562347635627 0.012781250190455467
v -0.2747187498095445 -0.05751562347635627 0.012781250190455467
v -0.30028125019045543 -0.05751562347635627 -0.012781250190455467
v -0.2747187498095445 -0.05751562347635627 -0.012781250190455467
v -0.30028125019045543 0.05751562347635627 0.012781250190455467
v -0.2747187498095445 0.05751562347635627 0.012781250190455467
v -0.30028125019045543 -0.05751562347635627 0.012781250190455467
v -0.2747187498095445 -0.05751562347635627 0.012781250190455467
v -0.2747187498095445 0.05751562347635627 -0.012781250190455467
v -0.30028125019045543 0.05751562347635627 -0.012781250190455467
v -0.2747187498095445 -0.05751562347635627 -0.012781250190455467
v -0.30028125019045543 -0.05751562347635627 -0.012781250190455467
vt 0.125 0.75
vt 0.1875 0.75
vt 0.125 0.625
vt 0.1875 0.625
vt 0.125 0.75
vt 0.1875 0.75
vt 0.125 0.625
vt 0.1875 0.625
vt 0.125 0.6875
vt 0.1875 0.6875
vt 0.125 0.625
vt 0.1875 0.625
vt 0.125 0.6875
vt 0.1875 0.6875
vt 0.125 0.625
vt 0.1875 0.625
vt 0.125 0.75
vt 0.1875 0.75
vt 0.125 0.625
vt 0.1875 0.625
vt 0.125 0.75
vt 0.1875 0.75
vt 0.125 0.625
vt 0.1875 0.625
vn 1 0 0
vn 1 0 0
vn 1 0 0
vn 1 0 0
vn -1 0 0
vn -1 0 0
vn -1 0 0
vn -1 0 0
vn 0 1 0
vn 0 1 0
vn 0 1 0
vn 0 1 0
vn 0 -1 0
vn 0 -1 0
vn 0 -1 0
vn 0 -1 0
vn 0 0 1
vn 0 0 1
vn 0 0 1
vn 0 0 1
vn 0 0 -1
vn 0 0 -1
vn 0 0 -1
vn 0 0 -1
f 2953/2953/2953 2955/2955/2955 2954/2954/2954
f 2955/2955/2955 2956/2956/2956 2954/2954/2954
f 2957/2957/2957 2959/2959/2959 2958/2958/2958
f 2959/2959/2959 2960/2960/2960 2958/2958/2958
f 2961/2961/2961 2963/2963/2963 2962/2962/2962
f 2963/2963/2963 2964/2964/2964 2962/2962/2962
f 2965/2965/2965 2967/2967/2967 2966/2966/2966
f 2967/2967/2967 2968/2968/2968 2966/2966/2966
f 2969/2969/2969 2971/2971/2971 2970/2970/2970
f 2971/2971/2971 2972/2972/2972 2970/2970/2970
f 2973/2973/2973 2975/2975/2975 2974/2974/2974
f 2975/2975/2975 2976/2976/2976 2974/2974/2974
o med_link-1_2_206
usemtl sun_gold
v -0.32432499980367724 0.059287498429417614 0.0131750001963228
v -0.32432499980367724 0.059287498429417614 -0.0131750001963228
v -0.32432499980367724 -0.059287498429417614 0.0131750001963228
v -0.32432499980367724 -0.059287498429417614 -0.0131750001963228
v -0.3506750001963228 0.059287498429417614 -0.0131750001963228
v -0.3506750001963228 0.059287498429417614 0.0131750001963228
v -0.3506750001963228 -0.059287498429417614 -0.0131750001963228
v -0.3506750001963228 -0.059287498429417614 0.0131750001963228
v -0.3506750001963228 0.059287498429417614 -0.0131750001963228
v -0.32432499980367724 0.059287498429417614 -0.0131750001963228
v -0.3506750001963228 0.059287498429417614 0.0131750001963228
v -0.32432499980367724 0.059287498429417614 0.0131750001963228
v -0.3506750001963228 -0.059287498429417614 0.0131750001963228
v -0.32432499980367724 -0.059287498429417614 0.0131750001963228
v -0.3506750001963228 -0.059287498429417614 -0.0131750001963228
v -0.32432499980367724 -0.059287498429417614 -0.0131750001963228
v -0.3506750001963228 0.059287498429417614 0.0131750001963228
v -0.32432499980367724 0.059287498429417614 0.0131750001963228
v -0.3506750001963228 -0.059287498429417614 0.0131750001963228
v -0.32432499980367724 -0.059287498429417614 0.0131750001963228
v -0.32432499980367724 0.059287498429417614 -0.0131750001963228
v -0.3506750001963228 0.059287498429417614 -0.0131750001963228
v -0.32432499980367724 -0.059287498429417614 -0.0131750001963228
v -0.3506750001963228 -0.059287498429417614 -0.0131750001963228
vt 0.125 0.75
vt 0.1875 0.75
vt 0.125 0.625
vt 0.1875 0.625
vt 0.125 0.75
vt 0.1875 0.75
vt 0.125 0.625
vt 0.1875 0.625
vt 0.125 0.6875
vt 0.1875 0.6875
vt 0.125 0.625
vt 0.1875 0.625
vt 0.125 0.6875
vt 0.1875 0.6875
vt 0.125 0.625
vt 0.1875 0.625
vt 0.125 0.75
vt 0.1875 0.75
vt 0.125 0.625
vt 0.1875 0.625
vt 0.125 0.75
vt 0.1875 0.75
vt 0.125 0.625
vt 0.1875 0.625
vn 1 0 0
vn 1 0 0
vn 1 0 0
vn 1 0 0
vn -1 0 0
vn -1 0 0
vn -1 0 0
vn -1 0 0
vn 0 1 0
vn 0 1 0
vn 0 1 0
vn 0 1 0
vn 0 -1 0
vn 0 -1 0
vn 0 -1 0
vn 0 -1 0
vn 0 0 1
vn 0 0 1
vn 0 0 1
vn 0 0 1
vn 0 0 -1
vn 0 0 -1
vn 0 0 -1
vn 0 0 -1
f 2977/2977/2977 2979/2979/2979 2978/2978/2978
f 2979/2979/2979 2980/2980/2980 2978/2978/2978
f 2981/2981/2981 2983/2983/2983 2982/2982/2982
f 2983/2983/2983 2984/2984/2984 2982/2982/2982
f 2985/2985/2985 2987/2987/2987 2986/2986/2986
f 2987/2987/2987 2988/2988/2988 2986/2986/2986
f 2989/2989/2989 2991/2991/2991 2990/2990/2990
f 2991/2991/2991 2992/2992/2992 2990/2990/2990
f 2993/2993/2993 2995/2995/2995 2994/2994/2994
f 2995/2995/2995 2996/2996/2996 2994/2994/2994
f 2997/2997/2997 2999/2999/2999 2998/2998/2998
f 2999/2999/2999 3000/3000/3000 2998/2998/2998
o med_link-1_2_207
usemtl sun_gold
v -0.27398749846965076 0.05658750019129365 0.012837500191293656
v -0.27398749846965076 0.05658750019129365 -0.012837500191293656
v -0.27398749846965076 0.03091249980870634 0.012837500191293656
v -0.27398749846965076 0.03091249980870634 -0.012837500191293656
v -0.35101250153034924 0.05658750019129365 -0.012837500191293656
v -0.35101250153034924 0.05658750019129365 0.012837500191293656
v -0.35101250153034924 0.03091249980870634 -0.012837500191293656
v -0.35101250153034924 0.03091249980870634 0.012837500191293656
v -0.35101250153034924 0.05658750019129365 -0.012837500191293656
v -0.27398749846965076 0.05658750019129365 -0.012837500191293656
v -0.35101250153034924 0.05658750019129365 0.012837500191293656
v -0.27398749846965076 0.05658750019129365 0.012837500191293656
v -0.35101250153034924 0.03091249980870634 0.012837500191293656
v -0.27398749846965076 0.03091249980870634 0.012837500191293656
v -0.35101250153034924 0.03091249980870634 -0.012837500191293656
v -0.27398749846965076 0.03091249980870634 -0.012837500191293656
v -0.35101250153034924 0.05658750019129365 0.012837500191293656
v -0.27398749846965076 0.05658750019129365 0.012837500191293656
v -0.35101250153034924 0.03091249980870634 0.012837500191293656
v -0.27398749846965076 0.03091249980870634 0.012837500191293656
v -0.27398749846965076 0.05658750019129365 -0.012837500191293656
v -0.35101250153034924 0.05658750019129365 -0.012837500191293656
v -0.27398749846965076 0.03091249980870634 -0.012837500191293656
v -0.35101250153034924 0.03091249980870634 -0.012837500191293656
vt 0.75 1
vt 0.8125 1
vt 0.75 0.9375
vt 0.8125 0.9375
vt 0.75 1
vt 0.8125 1
vt 0.75 0.9375
vt 0.8125 0.9375
vt 0.75 1
vt 0.8125 1
vt 0.75 0.9375
vt 0.8125 0.9375
vt 0.75 1
vt 0.8125 1
vt 0.75 0.9375
vt 0.8125 0.9375
vt 0.75 1
vt 0.8125 1
vt 0.75 0.9375
vt 0.8125 0.9375
vt 0.75 1
vt 0.8125 1
vt 0.75 0.9375
vt 0.8125 0.9375
vn 1 0 0
vn 1 0 0
vn 1 0 0
vn 1 0 0
vn -1 0 0
vn -1 0 0
vn -1 0 0
vn -1 0 0
vn 0 1 0
vn 0 1 0
vn 0 1 0
vn 0 1 0
vn 0 -1 0
vn 0 -1 0
vn 0 -1 0
vn 0 -1 0
vn 0 0 1
vn 0 0 1
vn 0 0 1
vn 0 0 1
vn 0 0 -1
vn 0 0 -1
vn 0 0 -1
vn 0 0 -1
f 3001/3001/3001 3003/3003/3003 3002/3002/3002
f 3003/3003/3003 3004/3004/3004 3002/3002/3002
f 3005/3005/3005 3007/3007/3007 3006/3006/3006
f 3007/3007/3007 3008/3008/3008 3006/3006/3006
f 3009/3009/3009 3011/3011/3011 3010/3010/3010
f 3011/3011/3011 3012/3012/3012 3010/3010/3010
f 3013/3013/3013 3015/3015/3015 3014/3014/3014
f 3015/3015/3015 3016/3016/3016 3014/3014/3014
f 3017/3017/3017 3019/3019/3019 3018/3018/3018
f 3019/3019/3019 3020/3020/3020 3018/3018/3018
f 3021/3021/3021 3023/3023/3023 3022/3022/3022
f 3023/3023/3023 3024/3024/3024 3022/3022/3022
o med_link-1_2_208
usemtl sun_gold
v -0.2749999985098839 -0.031249999813735482 0.012500000186264515
v -0.2749999985098839 -0.031249999813735482 -0.012500000186264515
v -0.2749999985098839 -0.05625000018626451 0.012500000186264515
v -0.2749999985098839 -0.05625000018626451 -0.012500000186264515
v -0.3500000014901161 -0.031249999813735482 -0.012500000186264515
v -0.3500000014901161 -0.031249999813735482 0.012500000186264515
v -0.3500000014901161 -0.05625000018626451 -0.012500000186264515
v -0.3500000014901161 -0.05625000018626451 0.012500000186264515
v -0.3500000014901161 -0.031249999813735482 -0.012500000186264515
v -0.2749999985098839 -0.031249999813735482 -0.012500000186264515
v -0.3500000014901161 -0.031249999813735482 0.012500000186264515
v -0.2749999985098839 -0.031249999813735482 0.012500000186264515
v -0.3500000014901161 -0.05625000018626451 0.012500000186264515
v -0.2749999985098839 -0.05625000018626451 0.012500000186264515
v -0.3500000014901161 -0.05625000018626451 -0.012500000186264515
v -0.2749999985098839 -0.05625000018626451 -0.012500000186264515
v -0.3500000014901161 -0.031249999813735482 0.012500000186264515
v -0.2749999985098839 -0.031249999813735482 0.012500000186264515
v -0.3500000014901161 -0.05625000018626451 0.012500000186264515
v -0.2749999985098839 -0.05625000018626451 0.012500000186264515
v -0.2749999985098839 -0.031249999813735482 -0.012500000186264515
v -0.3500000014901161 -0.031249999813735482 -0.012500000186264515
v -0.2749999985098839 -0.05625000018626451 -0.012500000186264515
v -0.3500000014901161 -0.05625000018626451 -0.012500000186264515
vt 0.75 1
vt 0.8125 1
vt 0.75 0.9375
vt 0.8125 0.9375
vt 0.75 1
vt 0.8125 1
vt 0.75 0.9375
vt 0.8125 0.9375
vt 0.75 1
vt 0.8125 1
vt 0.75 0.9375
vt 0.8125 0.9375
vt 0.75 1
vt 0.8125 1
vt 0.75 0.9375
vt 0.8125 0.9375
vt 0.75 1
vt 0.8125 1
vt 0.75 0.9375
vt 0.8125 0.9375
vt 0.75 1
vt 0.8125 1
vt 0.75 0.9375
vt 0.8125 0.9375
vn 1 0 0
vn 1 0 0
vn 1 0 0
vn 1 0 0
vn -1 0 0
vn -1 0 0
vn -1 0 0
vn -1 0 0
vn 0 1 0
vn 0 1 0
vn 0 1 0
vn 0 1 0
vn 0 -1 0
vn 0 -1 0
vn 0 -1 0
vn 0 -1 0
vn 0 0 1
vn 0 0 1
vn 0 0 1
vn 0 0 1
vn 0 0 -1
vn 0 0 -1
vn 0 0 -1
vn 0 0 -1
f 3025/3025/3025 3027/3027/3027 3026/3026/3026
f 3027/3027/3027 3028/3028/3028 3026/3026/3026
f 3029/3029/3029 3031/3031/3031 3030/3030/3030
f 3031/3031/3031 3032/3032/3032 3030/3030/3030
f 3033/3033/3033 3035/3035/3035 3034/3034/3034
f 3035/3035/3035 3036/3036/3036 3034/3034/3034
f 3037/3037/3037 3039/3039/3039 3038/3038/3038
f 3039/3039/3039 3040/3040/3040 3038/3038/3038
f 3041/3041/3041 3043/3043/3043 3042/3042/3042
f 3043/3043/3043 3044/3044/3044 3042/3042/3042
f 3045/3045/3045 3047/3047/3047 3046/3046/3046
f 3047/3047/3047 3048/3048/3048 3046/3046/3046
o med_disc-1_209
usemtl sun_gold
v -0.215796875 -0.059546875 0.025787500384263695
v -0.215796875 -0.059546875 -0.025787500384263695
v -0.215796875 -0.252953125 0.025787500384263695
v -0.215796875 -0.252953125 -0.025787500384263695
v -0.409203125 -0.059546875 -0.025787500384263695
v -0.409203125 -0.059546875 0.025787500384263695
v -0.409203125 -0.252953125 -0.025787500384263695
v -0.409203125 -0.252953125 0.025787500384263695
v -0.409203125 -0.059546875 -0.025787500384263695
v -0.215796875 -0.059546875 -0.025787500384263695
v -0.409203125 -0.059546875 0.025787500384263695
v -0.215796875 -0.059546875 0.025787500384263695
v -0.409203125 -0.252953125 0.025787500384263695
v -0.215796875 -0.252953125 0.025787500384263695
v -0.409203125 -0.252953125 -0.025787500384263695
v -0.215796875 -0.252953125 -0.025787500384263695
v -0.409203125 -0.059546875 0.025787500384263695
v -0.215796875 -0.059546875 0.025787500384263695
v -0.409203125 -0.252953125 0.025787500384263695
v -0.215796875 -0.252953125 0.025787500384263695
v -0.215796875 -0.059546875 -0.025787500384263695
v -0.409203125 -0.059546875 -0.025787500384263695
v -0.215796875 -0.252953125 -0.025787500384263695
v -0.409203125 -0.252953125 -0.025787500384263695
vt 0 0.5625
vt 0.0625 0.5625
vt 0 0.375
vt 0.0625 0.375
vt 0 0.5625
vt 0.0625 0.5625
vt 0 0.375
vt 0.0625 0.375
vt 0 0.4375
vt 0.1875 0.4375
vt 0 0.375
vt 0.1875 0.375
vt 0 0.4375
vt 0.1875 0.4375
vt 0 0.375
vt 0.1875 0.375
vt 0 0.5625
vt 0.1875 0.5625
vt 0 0.375
vt 0.1875 0.375
vt 0 0.5625
vt 0.1875 0.5625
vt 0 0.375
vt 0.1875 0.375
vn 1 0 0
vn 1 0 0
vn 1 0 0
vn 1 0 0
vn -1 0 0
vn -1 0 0
vn -1 0 0
vn -1 0 0
vn 0 1 0
vn 0 1 0
vn 0 1 0
vn 0 1 0
vn 0 -1 0
vn 0 -1 0
vn 0 -1 0
vn 0 -1 0
vn 0 0 1
vn 0 0 1
vn 0 0 1
vn 0 0 1
vn 0 0 -1
vn 0 0 -1
vn 0 0 -1
vn 0 0 -1
f 3049/3049/3049 3051/3051/3051 3050/3050/3050
f 3051/3051/3051 3052/3052/3052 3050/3050/3050
f 3053/3053/3053 3055/3055/3055 3054/3054/3054
f 3055/3055/3055 3056/3056/3056 3054/3054/3054
f 3057/3057/3057 3059/3059/3059 3058/3058/3058
f 3059/3059/3059 3060/3060/3060 3058/3058/3058
f 3061/3061/3061 3063/3063/3063 3062/3062/3062
f 3063/3063/3063 3064/3064/3064 3062/3062/3062
f 3065/3065/3065 3067/3067/3067 3066/3066/3066
f 3067/3067/3067 3068/3068/3068 3066/3066/3066
f 3069/3069/3069 3071/3071/3071 3070/3070/3070
f 3071/3071/3071 3072/3072/3072 3070/3070/3070
o med_disc-1_210
usemtl pommel_gem
v -0.3125 -0.09409973440949762 0.031390625
v -0.3125 -0.09409973440949762 -0.031390625
v -0.2503497344094976 -0.15625 0.031390625
v -0.2503497344094976 -0.15625 -0.031390625
v -0.3746502655905024 -0.15625 -0.031390625
v -0.3746502655905024 -0.15625 0.031390625
v -0.3125 -0.21840026559050238 -0.031390625
v -0.3125 -0.21840026559050238 0.031390625
v -0.3746502655905024 -0.15625 -0.031390625
v -0.3125 -0.09409973440949762 -0.031390625
v -0.3746502655905024 -0.15625 0.031390625
v -0.3125 -0.09409973440949762 0.031390625
v -0.3125 -0.21840026559050238 0.031390625
v -0.2503497344094976 -0.15625 0.031390625
v -0.3125 -0.21840026559050238 -0.031390625
v -0.2503497344094976 -0.15625 -0.031390625
v -0.3746502655905024 -0.15625 0.031390625
v -0.3125 -0.09409973440949762 0.031390625
v -0.3125 -0.21840026559050238 0.031390625
v -0.2503497344094976 -0.15625 0.031390625
v -0.3125 -0.09409973440949762 -0.031390625
v -0.3746502655905024 -0.15625 -0.031390625
v -0.2503497344094976 -0.15625 -0.031390625
v -0.3125 -0.21840026559050238 -0.031390625
vt 0.375 0.4375
vt 0.4375 0.4375
vt 0.375 0.375
vt 0.4375 0.375
vt 0.375 0.4375
vt 0.4375 0.4375
vt 0.375 0.375
vt 0.4375 0.375
vt 0.375 0.4375
vt 0.4375 0.4375
vt 0.375 0.375
vt 0.4375 0.375
vt 0.375 0.4375
vt 0.4375 0.4375
vt 0.375 0.375
vt 0.4375 0.375
vt 0.375 0.4375
vt 0.4375 0.4375
vt 0.375 0.375
vt 0.4375 0.375
vt 0.375 0.4375
vt 0.4375 0.4375
vt 0.375 0.375
vt 0.4375 0.375
vn 0.7071067811865474 0.7071067811865475 0
vn 0.7071067811865474 0.7071067811865475 0
vn 0.7071067811865474 0.7071067811865475 0
vn 0.7071067811865474 0.7071067811865475 0
vn -0.7071067811865474 -0.7071067811865475 0
vn -0.7071067811865474 -0.7071067811865475 0
vn -0.7071067811865474 -0.7071067811865475 0
vn -0.7071067811865474 -0.7071067811865475 0
vn -0.7071067811865475 0.7071067811865474 0
vn -0.7071067811865475 0.7071067811865474 0
vn -0.7071067811865475 0.7071067811865474 0
vn -0.7071067811865475 0.7071067811865474 0
vn 0.7071067811865475 -0.7071067811865474 0
vn 0.7071067811865475 -0.7071067811865474 0
vn 0.7071067811865475 -0.7071067811865474 0
vn 0.7071067811865475 -0.7071067811865474 0
vn 0 0 1
vn 0 0 1
vn 0 0 1
vn 0 0 1
vn 0 0 -1
vn 0 0 -1
vn 0 0 -1
vn 0 0 -1
f 3073/3073/3073 3075/3075/3075 3074/3074/3074
f 3075/3075/3075 3076/3076/3076 3074/3074/3074
f 3077/3077/3077 3079/3079/3079 3078/3078/3078
f 3079/3079/3079 3080/3080/3080 3078/3078/3078
f 3081/3081/3081 3083/3083/3083 3082/3082/3082
f 3083/3083/3083 3084/3084/3084 3082/3082/3082
f 3085/3085/3085 3087/3087/3087 3086/3086/3086
f 3087/3087/3087 3088/3088/3088 3086/3086/3086
f 3089/3089/3089 3091/3091/3091 3090/3090/3090
f 3091/3091/3091 3092/3092/3092 3090/3090/3090
f 3093/3093/3093 3095/3095/3095 3094/3094/3094
f 3095/3095/3095 3096/3096/3096 3094/3094/3094
o med_link1_0_211
usemtl sun_gold
v 0.35045000019297007 0.2457749984562397 0.012950000192970037
v 0.35045000019297007 0.2457749984562397 -0.012950000192970037
v 0.35045000019297007 0.1292250015437603 0.012950000192970037
v 0.35045000019297007 0.1292250015437603 -0.012950000192970037
v 0.32454999980703 0.2457749984562397 -0.012950000192970037
v 0.32454999980703 0.2457749984562397 0.012950000192970037
v 0.32454999980703 0.1292250015437603 -0.012950000192970037
v 0.32454999980703 0.1292250015437603 0.012950000192970037
v 0.32454999980703 0.2457749984562397 -0.012950000192970037
v 0.35045000019297007 0.2457749984562397 -0.012950000192970037
v 0.32454999980703 0.2457749984562397 0.012950000192970037
v 0.35045000019297007 0.2457749984562397 0.012950000192970037
v 0.32454999980703 0.1292250015437603 0.012950000192970037
v 0.35045000019297007 0.1292250015437603 0.012950000192970037
v 0.32454999980703 0.1292250015437603 -0.012950000192970037
v 0.35045000019297007 0.1292250015437603 -0.012950000192970037
v 0.32454999980703 0.2457749984562397 0.012950000192970037
v 0.35045000019297007 0.2457749984562397 0.012950000192970037
v 0.32454999980703 0.1292250015437603 0.012950000192970037
v 0.35045000019297007 0.1292250015437603 0.012950000192970037
v 0.35045000019297007 0.2457749984562397 -0.012950000192970037
v 0.32454999980703 0.2457749984562397 -0.012950000192970037
v 0.35045000019297007 0.1292250015437603 -0.012950000192970037
v 0.32454999980703 0.1292250015437603 -0.012950000192970037
vt 0.125 0.75
vt 0.1875 0.75
vt 0.125 0.625
vt 0.1875 0.625
vt 0.125 0.75
vt 0.1875 0.75
vt 0.125 0.625
vt 0.1875 0.625
vt 0.125 0.6875
vt 0.1875 0.6875
vt 0.125 0.625
vt 0.1875 0.625
vt 0.125 0.6875
vt 0.1875 0.6875
vt 0.125 0.625
vt 0.1875 0.625
vt 0.125 0.75
vt 0.1875 0.75
vt 0.125 0.625
vt 0.1875 0.625
vt 0.125 0.75
vt 0.1875 0.75
vt 0.125 0.625
vt 0.1875 0.625
vn 1 0 0
vn 1 0 0
vn 1 0 0
vn 1 0 0
vn -1 0 0
vn -1 0 0
vn -1 0 0
vn -1 0 0
vn 0 1 0
vn 0 1 0
vn 0 1 0
vn 0 1 0
vn 0 -1 0
vn 0 -1 0
vn 0 -1 0
vn 0 -1 0
vn 0 0 1
vn 0 0 1
vn 0 0 1
vn 0 0 1
vn 0 0 -1
vn 0 0 -1
vn 0 0 -1
vn 0 0 -1
f 3097/3097/3097 3099/3099/3099 3098/3098/3098
f 3099/3099/3099 3100/3100/3100 3098/3098/3098
f 3101/3101/3101 3103/3103/3103 3102/3102/3102
f 3103/3103/3103 3104/3104/3104 3102/3102/3102
f 3105/3105/3105 3107/3107/3107 3106/3106/3106
f 3107/3107/3107 3108/3108/3108 3106/3106/3106
f 3109/3109/3109 3111/3111/3111 3110/3110/3110
f 3111/3111/3111 3112/3112/3112 3110/3110/3110
f 3113/3113/3113 3115/3115/3115 3114/3114/3114
f 3115/3115/3115 3116/3116/3116 3114/3114/3114
f 3117/3117/3117 3119/3119/3119 3118/3118/3118
f 3119/3119/3119 3120/3120/3120 3118/3118/3118
o med_link1_0_212
usemtl sun_gold
v 0.3001125001879409 0.24425624849647282 0.012612500187940894
v 0.3001125001879409 0.24425624849647282 -0.012612500187940894
v 0.3001125001879409 0.13074375150352718 0.012612500187940894
v 0.3001125001879409 0.13074375150352718 -0.012612500187940894
v 0.27488749981205907 0.24425624849647282 -0.012612500187940894
v 0.27488749981205907 0.24425624849647282 0.012612500187940894
v 0.27488749981205907 0.13074375150352718 -0.012612500187940894
v 0.27488749981205907 0.13074375150352718 0.012612500187940894
v 0.27488749981205907 0.24425624849647282 -0.012612500187940894
v 0.3001125001879409 0.24425624849647282 -0.012612500187940894
v 0.27488749981205907 0.24425624849647282 0.012612500187940894
v 0.3001125001879409 0.24425624849647282 0.012612500187940894
v 0.27488749981205907 0.13074375150352718 0.012612500187940894
v 0.3001125001879409 0.13074375150352718 0.012612500187940894
v 0.27488749981205907 0.13074375150352718 -0.012612500187940894
v 0.3001125001879409 0.13074375150352718 -0.012612500187940894
v 0.27488749981205907 0.24425624849647282 0.012612500187940894
v 0.3001125001879409 0.24425624849647282 0.012612500187940894
v 0.27488749981205907 0.13074375150352718 0.012612500187940894
v 0.3001125001879409 0.13074375150352718 0.012612500187940894
v 0.3001125001879409 0.24425624849647282 -0.012612500187940894
v 0.27488749981205907 0.24425624849647282 -0.012612500187940894
v 0.3001125001879409 0.13074375150352718 -0.012612500187940894
v 0.27488749981205907 0.13074375150352718 -0.012612500187940894
vt 0.125 0.75
vt 0.1875 0.75
vt 0.125 0.625
vt 0.1875 0.625
vt 0.125 0.75
vt 0.1875 0.75
vt 0.125 0.625
vt 0.1875 0.625
vt 0.125 0.6875
vt 0.1875 0.6875
vt 0.125 0.625
vt 0.1875 0.625
vt 0.125 0.6875
vt 0.1875 0.6875
vt 0.125 0.625
vt 0.1875 0.625
vt 0.125 0.75
vt 0.1875 0.75
vt 0.125 0.625
vt 0.1875 0.625
vt 0.125 0.75
vt 0.1875 0.75
vt 0.125 0.625
vt 0.1875 0.625
vn 0.9999999999999999 0 0
vn 0.9999999999999999 0 0
vn 0.9999999999999999 0 0
vn 0.9999999999999999 0 0
vn -0.9999999999999999 0 0
vn -0.9999999999999999 0 0
vn -0.9999999999999999 0 0
vn -0.9999999999999999 0 0
vn 0 0.9999999999999999 0
vn 0 0.9999999999999999 0
vn 0 0.9999999999999999 0
vn 0 0.9999999999999999 0
vn 0 -0.9999999999999999 0
vn 0 -0.9999999999999999 0
vn 0 -0.9999999999999999 0
vn 0 -0.9999999999999999 0
vn 0 0 0.9999999999999999
vn 0 0 0.9999999999999999
vn 0 0 0.9999999999999999
vn 0 0 0.9999999999999999
vn 0 0 -0.9999999999999999
vn 0 0 -0.9999999999999999
vn 0 0 -0.9999999999999999
vn 0 0 -0.9999999999999999
f 3121/3121/3121 3123/3123/3123 3122/3122/3122
f 3123/3123/3123 3124/3124/3124 3122/3122/3122
f 3125/3125/3125 3127/3127/3127 3126/3126/3126
f 3127/3127/3127 3128/3128/3128 3126/3126/3126
f 3129/3129/3129 3131/3131/3131 3130/3130/3130
f 3131/3131/3131 3132/3132/3132 3130/3130/3130
f 3133/3133/3133 3135/3135/3135 3134/3134/3134
f 3135/3135/3135 3136/3136/3136 3134/3134/3134
f 3137/3137/3137 3139/3139/3139 3138/3138/3138
f 3139/3139/3139 3140/3140/3140 3138/3138/3138
f 3141/3141/3141 3143/3143/3143 3142/3142/3142
f 3143/3143/3143 3144/3144/3144 3142/3142/3142
o med_link1_0_213
usemtl sun_gold
v 0.3515187515504658 0.24425625019380823 0.013006250193808227
v 0.3515187515504658 0.24425625019380823 -0.013006250193808227
v 0.3515187515504658 0.2182437498061918 0.013006250193808227
v 0.3515187515504658 0.2182437498061918 -0.013006250193808227
v 0.2734812484495342 0.24425625019380823 -0.013006250193808227
v 0.2734812484495342 0.24425625019380823 0.013006250193808227
v 0.2734812484495342 0.2182437498061918 -0.013006250193808227
v 0.2734812484495342 0.2182437498061918 0.013006250193808227
v 0.2734812484495342 0.24425625019380823 -0.013006250193808227
v 0.3515187515504658 0.24425625019380823 -0.013006250193808227
v 0.2734812484495342 0.24425625019380823 0.013006250193808227
v 0.3515187515504658 0.24425625019380823 0.013006250193808227
v 0.2734812484495342 0.2182437498061918 0.013006250193808227
v 0.3515187515504658 0.2182437498061918 0.013006250193808227
v 0.2734812484495342 0.2182437498061918 -0.013006250193808227
v 0.3515187515504658 0.2182437498061918 -0.013006250193808227
v 0.2734812484495342 0.24425625019380823 0.013006250193808227
v 0.3515187515504658 0.24425625019380823 0.013006250193808227
v 0.2734812484495342 0.2182437498061918 0.013006250193808227
v 0.3515187515504658 0.2182437498061918 0.013006250193808227
v 0.3515187515504658 0.24425625019380823 -0.013006250193808227
v 0.2734812484495342 0.24425625019380823 -0.013006250193808227
v 0.3515187515504658 0.2182437498061918 -0.013006250193808227
v 0.2734812484495342 0.2182437498061918 -0.013006250193808227
vt 0.75 1
vt 0.8125 1
vt 0.75 0.9375
vt 0.8125 0.9375
vt 0.75 1
vt 0.8125 1
vt 0.75 0.9375
vt 0.8125 0.9375
vt 0.75 1
vt 0.8125 1
vt 0.75 0.9375
vt 0.8125 0.9375
vt 0.75 1
vt 0.8125 1
vt 0.75 0.9375
vt 0.8125 0.9375
vt 0.75 1
vt 0.8125 1
vt 0.75 0.9375
vt 0.8125 0.9375
vt 0.75 1
vt 0.8125 1
vt 0.75 0.9375
vt 0.8125 0.9375
vn 1 0 0
vn 1 0 0
vn 1 0 0
vn 1 0 0
vn -1 0 0
vn -1 0 0
vn -1 0 0
vn -1 0 0
vn 0 1 0
vn 0 1 0
vn 0 1 0
vn 0 1 0
vn 0 -1 0
vn 0 -1 0
vn 0 -1 0
vn 0 -1 0
vn 0 0 1
vn 0 0 1
vn 0 0 1
vn 0 0 1
vn 0 0 -1
vn 0 0 -1
vn 0 0 -1
vn 0 0 -1
f 3145/3145/3145 3147/3147/3147 3146/3146/3146
f 3147/3147/3147 3148/3148/3148 3146/3146/3146
f 3149/3149/3149 3151/3151/3151 3150/3150/3150
f 3151/3151/3151 3152/3152/3152 3150/3150/3150
f 3153/3153/3153 3155/3155/3155 3154/3154/3154
f 3155/3155/3155 3156/3156/3156 3154/3154/3154
f 3157/3157/3157 3159/3159/3159 3158/3158/3158
f 3159/3159/3159 3160/3160/3160 3158/3158/3158
f 3161/3161/3161 3163/3163/3163 3162/3162/3162
f 3163/3163/3163 3164/3164/3164 3162/3162/3162
f 3165/3165/3165 3167/3167/3167 3166/3166/3166
f 3167/3167/3167 3168/3168/3168 3166/3166/3166
o med_link1_0_214
usemtl sun_gold
v 0.3505062515102327 0.15641875018877907 0.012668750188779087
v 0.3505062515102327 0.15641875018877907 -0.012668750188779087
v 0.3505062515102327 0.1310812498112209 0.012668750188779087
v 0.3505062515102327 0.1310812498112209 -0.012668750188779087
v 0.2744937484897673 0.15641875018877907 -0.012668750188779087
v 0.2744937484897673 0.15641875018877907 0.012668750188779087
v 0.2744937484897673 0.1310812498112209 -0.012668750188779087
v 0.2744937484897673 0.1310812498112209 0.012668750188779087
v 0.2744937484897673 0.15641875018877907 -0.012668750188779087
v 0.3505062515102327 0.15641875018877907 -0.012668750188779087
v 0.2744937484897673 0.15641875018877907 0.012668750188779087
v 0.3505062515102327 0.15641875018877907 0.012668750188779087
v 0.2744937484897673 0.1310812498112209 0.012668750188779087
v 0.3505062515102327 0.1310812498112209 0.012668750188779087
v 0.2744937484897673 0.1310812498112209 -0.012668750188779087
v 0.3505062515102327 0.1310812498112209 -0.012668750188779087
v 0.2744937484897673 0.15641875018877907 0.012668750188779087
v 0.3505062515102327 0.15641875018877907 0.012668750188779087
v 0.2744937484897673 0.1310812498112209 0.012668750188779087
v 0.3505062515102327 0.1310812498112209 0.012668750188779087
v 0.3505062515102327 0.15641875018877907 -0.012668750188779087
v 0.2744937484897673 0.15641875018877907 -0.012668750188779087
v 0.3505062515102327 0.1310812498112209 -0.012668750188779087
v 0.2744937484897673 0.1310812498112209 -0.012668750188779087
vt 0.75 1
vt 0.8125 1
vt 0.75 0.9375
vt 0.8125 0.9375
vt 0.75 1
vt 0.8125 1
vt 0.75 0.9375
vt 0.8125 0.9375
vt 0.75 1
vt 0.8125 1
vt 0.75 0.9375
vt 0.8125 0.9375
vt 0.75 1
vt 0.8125 1
vt 0.75 0.9375
vt 0.8125 0.9375
vt 0.75 1
vt 0.8125 1
vt 0.75 0.9375
vt 0.8125 0.9375
vt 0.75 1
vt 0.8125 1
vt 0.75 0.9375
vt 0.8125 0.9375
vn 1 0 0
vn 1 0 0
vn 1 0 0
vn 1 0 0
vn -1 0 0
vn -1 0 0
vn -1 0 0
vn -1 0 0
vn 0 1 0
vn 0 1 0
vn 0 1 0
vn 0 1 0
vn 0 -1 0
vn 0 -1 0
vn 0 -1 0
vn 0 -1 0
vn 0 0 1
vn 0 0 1
vn 0 0 1
vn 0 0 1
vn 0 0 -1
vn 0 0 -1
vn 0 0 -1
vn 0 0 -1
f 3169/3169/3169 3171/3171/3171 3170/3170/3170
f 3171/3171/3171 3172/3172/3172 3170/3170/3170
f 3173/3173/3173 3175/3175/3175 3174/3174/3174
f 3175/3175/3175 3176/3176/3176 3174/3174/3174
f 3177/3177/3177 3179/3179/3179 3178/3178/3178
f 3179/3179/3179 3180/3180/3180 3178/3178/3178
f 3181/3181/3181 3183/3183/3183 3182/3182/3182
f 3183/3183/3183 3184/3184/3184 3182/3182/3182
f 3185/3185/3185 3187/3187/3187 3186/3186/3186
f 3187/3187/3187 3188/3188/3188 3186/3186/3186
f 3189/3189/3189 3191/3191/3191 3190/3190/3190
f 3191/3191/3191 3192/3192/3192 3190/3190/3190
o med_link1_1_215
usemtl sun_gold
v 0.32556250019464644 0.15253124844282864 0.038062500194646416
v 0.32556250019464644 0.15253124844282864 0.011937499805353581
v 0.32556250019464644 0.03496875155717135 0.038062500194646416
v 0.32556250019464644 0.03496875155717135 0.011937499805353581
v 0.29943749980535356 0.15253124844282864 0.011937499805353581
v 0.29943749980535356 0.15253124844282864 0.038062500194646416
v 0.29943749980535356 0.03496875155717135 0.011937499805353581
v 0.29943749980535356 0.03496875155717135 0.038062500194646416
v 0.29943749980535356 0.15253124844282864 0.011937499805353581
v 0.32556250019464644 0.15253124844282864 0.011937499805353581
v 0.29943749980535356 0.15253124844282864 0.038062500194646416
v 0.32556250019464644 0.15253124844282864 0.038062500194646416
v 0.29943749980535356 0.03496875155717135 0.038062500194646416
v 0.32556250019464644 0.03496875155717135 0.038062500194646416
v 0.29943749980535356 0.03496875155717135 0.011937499805353581
v 0.32556250019464644 0.03496875155717135 0.011937499805353581
v 0.29943749980535356 0.15253124844282864 0.038062500194646416
v 0.32556250019464644 0.15253124844282864 0.038062500194646416
v 0.29943749980535356 0.03496875155717135 0.038062500194646416
v 0.32556250019464644 0.03496875155717135 0.038062500194646416
v 0.32556250019464644 0.15253124844282864 0.011937499805353581
v 0.29943749980535356 0.15253124844282864 0.011937499805353581
v 0.32556250019464644 0.03496875155717135 0.011937499805353581
v 0.29943749980535356 0.03496875155717135 0.011937499805353581
vt 0.125 0.75
vt 0.1875 0.75
vt 0.125 0.625
vt 0.1875 0.625
vt 0.125 0.75
vt 0.1875 0.75
vt 0.125 0.625
vt 0.1875 0.625
vt 0.125 0.6875
vt 0.1875 0.6875
vt 0.125 0.625
vt 0.1875 0.625
vt 0.125 0.6875
vt 0.1875 0.6875
vt 0.125 0.625
vt 0.1875 0.625
vt 0.125 0.75
vt 0.1875 0.75
vt 0.125 0.625
vt 0.1875 0.625
vt 0.125 0.75
vt 0.1875 0.75
vt 0.125 0.625
vt 0.1875 0.625
vn 1 0 0
vn 1 0 0
vn 1 0 0
vn 1 0 0
vn -1 0 0
vn -1 0 0
vn -1 0 0
vn -1 0 0
vn 0 1 0
vn 0 1 0
vn 0 1 0
vn 0 1 0
vn 0 -1 0
vn 0 -1 0
vn 0 -1 0
vn 0 -1 0
vn 0 0 1
vn 0 0 1
vn 0 0 1
vn 0 0 1
vn 0 0 -1
vn 0 0 -1
vn 0 0 -1
vn 0 0 -1
f 3193/3193/3193 3195/3195/3195 3194/3194/3194
f 3195/3195/3195 3196/3196/3196 3194/3194/3194
f 3197/3197/3197 3199/3199/3199 3198/3198/3198
f 3199/3199/3199 3200/3200/3200 3198/3198/3198
f 3201/3201/3201 3203/3203/3203 3202/3202/3202
f 3203/3203/3203 3204/3204/3204 3202/3202/3202
f 3205/3205/3205 3207/3207/3207 3206/3206/3206
f 3207/3207/3207 3208/3208/3208 3206/3206/3206
f 3209/3209/3209 3211/3211/3211 3210/3210/3210
f 3211/3211/3211 3212/3212/3212 3210/3210/3210
f 3213/3213/3213 3215/3215/3215 3214/3214/3214
f 3215/3215/3215 3216/3216/3216 3214/3214/3214
o med_link1_1_215_back
usemtl sun_gold
v 0.32556250019464644 0.15253124844282864 -0.011937499805353581
v 0.32556250019464644 0.15253124844282864 -0.038062500194646416
v 0.32556250019464644 0.03496875155717135 -0.011937499805353581
v 0.32556250019464644 0.03496875155717135 -0.038062500194646416
v 0.29943749980535356 0.15253124844282864 -0.038062500194646416
v 0.29943749980535356 0.15253124844282864 -0.011937499805353581
v 0.29943749980535356 0.03496875155717135 -0.038062500194646416
v 0.29943749980535356 0.03496875155717135 -0.011937499805353581
v 0.29943749980535356 0.15253124844282864 -0.038062500194646416
v 0.32556250019464644 0.15253124844282864 -0.038062500194646416
v 0.29943749980535356 0.15253124844282864 -0.011937499805353581
v 0.32556250019464644 0.15253124844282864 -0.011937499805353581
v 0.29943749980535356 0.03496875155717135 -0.011937499805353581
v 0.32556250019464644 0.03496875155717135 -0.011937499805353581
v 0.29943749980535356 0.03496875155717135 -0.038062500194646416
v 0.32556250019464644 0.03496875155717135 -0.038062500194646416
v 0.29943749980535356 0.15253124844282864 -0.011937499805353581
v 0.32556250019464644 0.15253124844282864 -0.011937499805353581
v 0.29943749980535356 0.03496875155717135 -0.011937499805353581
v 0.32556250019464644 0.03496875155717135 -0.011937499805353581
v 0.32556250019464644 0.15253124844282864 -0.038062500194646416
v 0.29943749980535356 0.15253124844282864 -0.038062500194646416
v 0.32556250019464644 0.03496875155717135 -0.038062500194646416
v 0.29943749980535356 0.03496875155717135 -0.038062500194646416
vt 0.125 0.75
vt 0.1875 0.75
vt 0.125 0.625
vt 0.1875 0.625
vt 0.125 0.75
vt 0.1875 0.75
vt 0.125 0.625
vt 0.1875 0.625
vt 0.125 0.6875
vt 0.1875 0.6875
vt 0.125 0.625
vt 0.1875 0.625
vt 0.125 0.6875
vt 0.1875 0.6875
vt 0.125 0.625
vt 0.1875 0.625
vt 0.125 0.75
vt 0.1875 0.75
vt 0.125 0.625
vt 0.1875 0.625
vt 0.125 0.75
vt 0.1875 0.75
vt 0.125 0.625
vt 0.1875 0.625
vn 1 0 0
vn 1 0 0
vn 1 0 0
vn 1 0 0
vn -1 0 0
vn -1 0 0
vn -1 0 0
vn -1 0 0
vn 0 1 0
vn 0 1 0
vn 0 1 0
vn 0 1 0
vn 0 -1 0
vn 0 -1 0
vn 0 -1 0
vn 0 -1 0
vn 0 0 1
vn 0 0 1
vn 0 0 1
vn 0 0 1
vn 0 0 -1
vn 0 0 -1
vn 0 0 -1
vn 0 0 -1
f 3217/3217/3217 3219/3219/3219 3218/3218/3218
f 3219/3219/3219 3220/3220/3220 3218/3218/3218
f 3221/3221/3221 3223/3223/3223 3222/3222/3222
f 3223/3223/3223 3224/3224/3224 3222/3222/3222
f 3225/3225/3225 3227/3227/3227 3226/3226/3226
f 3227/3227/3227 3228/3228/3228 3226/3226/3226
f 3229/3229/3229 3231/3231/3231 3230/3230/3230
f 3231/3231/3231 3232/3232/3232 3230/3230/3230
f 3233/3233/3233 3235/3235/3235 3234/3234/3234
f 3235/3235/3235 3236/3236/3236 3234/3234/3234
f 3237/3237/3237 3239/3239/3239 3238/3238/3238
f 3239/3239/3239 3240/3240/3240 3238/3238/3238
o med_link1_1_216
usemtl sun_gold
v 0.32522500018961725 0.1510124984830618 -0.012274999810382721
v 0.32522500018961725 0.1510124984830618 -0.037725000189617275
v 0.32522500018961725 0.036487501516938206 -0.012274999810382721
v 0.32522500018961725 0.036487501516938206 -0.037725000189617275
v 0.29977499981038275 0.1510124984830618 -0.037725000189617275
v 0.29977499981038275 0.1510124984830618 -0.012274999810382721
v 0.29977499981038275 0.036487501516938206 -0.037725000189617275
v 0.29977499981038275 0.036487501516938206 -0.012274999810382721
v 0.29977499981038275 0.1510124984830618 -0.037725000189617275
v 0.32522500018961725 0.1510124984830618 -0.037725000189617275
v 0.29977499981038275 0.1510124984830618 -0.012274999810382721
v 0.32522500018961725 0.1510124984830618 -0.012274999810382721
v 0.29977499981038275 0.036487501516938206 -0.012274999810382721
v 0.32522500018961725 0.036487501516938206 -0.012274999810382721
v 0.29977499981038275 0.036487501516938206 -0.037725000189617275
v 0.32522500018961725 0.036487501516938206 -0.037725000189617275
v 0.29977499981038275 0.1510124984830618 -0.012274999810382721
v 0.32522500018961725 0.1510124984830618 -0.012274999810382721
v 0.29977499981038275 0.036487501516938206 -0.012274999810382721
v 0.32522500018961725 0.036487501516938206 -0.012274999810382721
v 0.32522500018961725 0.1510124984830618 -0.037725000189617275
v 0.29977499981038275 0.1510124984830618 -0.037725000189617275
v 0.32522500018961725 0.036487501516938206 -0.037725000189617275
v 0.29977499981038275 0.036487501516938206 -0.037725000189617275
vt 0.125 0.75
vt 0.1875 0.75
vt 0.125 0.625
vt 0.1875 0.625
vt 0.125 0.75
vt 0.1875 0.75
vt 0.125 0.625
vt 0.1875 0.625
vt 0.125 0.6875
vt 0.1875 0.6875
vt 0.125 0.625
vt 0.1875 0.625
vt 0.125 0.6875
vt 0.1875 0.6875
vt 0.125 0.625
vt 0.1875 0.625
vt 0.125 0.75
vt 0.1875 0.75
vt 0.125 0.625
vt 0.1875 0.625
vt 0.125 0.75
vt 0.1875 0.75
vt 0.125 0.625
vt 0.1875 0.625
vn 0.9999999999999999 0 0
vn 0.9999999999999999 0 0
vn 0.9999999999999999 0 0
vn 0.9999999999999999 0 0
vn -0.9999999999999999 0 0
vn -0.9999999999999999 0 0
vn -0.9999999999999999 0 0
vn -0.9999999999999999 0 0
vn 0 0.9999999999999999 0
vn 0 0.9999999999999999 0
vn 0 0.9999999999999999 0
vn 0 0.9999999999999999 0
vn 0 -0.9999999999999999 0
vn 0 -0.9999999999999999 0
vn 0 -0.9999999999999999 0
vn 0 -0.9999999999999999 0
vn 0 0 0.9999999999999999
vn 0 0 0.9999999999999999
vn 0 0 0.9999999999999999
vn 0 0 0.9999999999999999
vn 0 0 -0.9999999999999999
vn 0 0 -0.9999999999999999
vn 0 0 -0.9999999999999999
vn 0 0 -0.9999999999999999
f 3241/3241/3241 3243/3243/3243 3242/3242/3242
f 3243/3243/3243 3244/3244/3244 3242/3242/3242
f 3245/3245/3245 3247/3247/3247 3246/3246/3246
f 3247/3247/3247 3248/3248/3248 3246/3246/3246
f 3249/3249/3249 3251/3251/3251 3250/3250/3250
f 3251/3251/3251 3252/3252/3252 3250/3250/3250
f 3253/3253/3253 3255/3255/3255 3254/3254/3254
f 3255/3255/3255 3256/3256/3256 3254/3254/3254
f 3257/3257/3257 3259/3259/3259 3258/3258/3258
f 3259/3259/3259 3260/3260/3260 3258/3258/3258
f 3261/3261/3261 3263/3263/3263 3262/3262/3262
f 3263/3263/3263 3264/3264/3264 3262/3262/3262
o med_link1_1_216_back
usemtl sun_gold
v 0.32522500018961725 0.1510124984830618 0.037725000189617275
v 0.32522500018961725 0.1510124984830618 0.012274999810382721
v 0.32522500018961725 0.036487501516938206 0.037725000189617275
v 0.32522500018961725 0.036487501516938206 0.012274999810382721
v 0.29977499981038275 0.1510124984830618 0.012274999810382721
v 0.29977499981038275 0.1510124984830618 0.037725000189617275
v 0.29977499981038275 0.036487501516938206 0.012274999810382721
v 0.29977499981038275 0.036487501516938206 0.037725000189617275
v 0.29977499981038275 0.1510124984830618 0.012274999810382721
v 0.32522500018961725 0.1510124984830618 0.012274999810382721
v 0.29977499981038275 0.1510124984830618 0.037725000189617275
v 0.32522500018961725 0.1510124984830618 0.037725000189617275
v 0.29977499981038275 0.036487501516938206 0.037725000189617275
v 0.32522500018961725 0.036487501516938206 0.037725000189617275
v 0.29977499981038275 0.036487501516938206 0.012274999810382721
v 0.32522500018961725 0.036487501516938206 0.012274999810382721
v 0.29977499981038275 0.1510124984830618 0.037725000189617275
v 0.32522500018961725 0.1510124984830618 0.037725000189617275
v 0.29977499981038275 0.036487501516938206 0.037725000189617275
v 0.32522500018961725 0.036487501516938206 0.037725000189617275
v 0.32522500018961725 0.1510124984830618 0.012274999810382721
v 0.29977499981038275 0.1510124984830618 0.012274999810382721
v 0.32522500018961725 0.036487501516938206 0.012274999810382721
v 0.29977499981038275 0.036487501516938206 0.012274999810382721
vt 0.125 0.75
vt 0.1875 0.75
vt 0.125 0.625
vt 0.1875 0.625
vt 0.125 0.75
vt 0.1875 0.75
vt 0.125 0.625
vt 0.1875 0.625
vt 0.125 0.6875
vt 0.1875 0.6875
vt 0.125 0.625
vt 0.1875 0.625
vt 0.125 0.6875
vt 0.1875 0.6875
vt 0.125 0.625
vt 0.1875 0.625
vt 0.125 0.75
vt 0.1875 0.75
vt 0.125 0.625
vt 0.1875 0.625
vt 0.125 0.75
vt 0.1875 0.75
vt 0.125 0.625
vt 0.1875 0.625
vn 0.9999999999999999 0 0
vn 0.9999999999999999 0 0
vn 0.9999999999999999 0 0
vn 0.9999999999999999 0 0
vn -0.9999999999999999 0 0
vn -0.9999999999999999 0 0
vn -0.9999999999999999 0 0
vn -0.9999999999999999 0 0
vn 0 0.9999999999999999 0
vn 0 0.9999999999999999 0
vn 0 0.9999999999999999 0
vn 0 0.9999999999999999 0
vn 0 -0.9999999999999999 0
vn 0 -0.9999999999999999 0
vn 0 -0.9999999999999999 0
vn 0 -0.9999999999999999 0
vn 0 0 0.9999999999999999
vn 0 0 0.9999999999999999
vn 0 0 0.9999999999999999
vn 0 0 0.9999999999999999
vn 0 0 -0.9999999999999999
vn 0 0 -0.9999999999999999
vn 0 0 -0.9999999999999999
vn 0 0 -0.9999999999999999
f 3265/3265/3265 3267/3267/3267 3266/3266/3266
f 3267/3267/3267 3268/3268/3268 3266/3266/3266
f 3269/3269/3269 3271/3271/3271 3270/3270/3270
f 3271/3271/3271 3272/3272/3272 3270/3270/3270
f 3273/3273/3273 3275/3275/3275 3274/3274/3274
f 3275/3275/3275 3276/3276/3276 3274/3274/3274
f 3277/3277/3277 3279/3279/3279 3278/3278/3278
f 3279/3279/3279 3280/3280/3280 3278/3278/3278
f 3281/3281/3281 3283/3283/3283 3282/3282/3282
f 3283/3283/3283 3284/3284/3284 3282/3282/3282
f 3285/3285/3285 3287/3287/3287 3286/3286/3286
f 3287/3287/3287 3288/3288/3288 3286/3286/3286
o med_link1_1_217
usemtl sun_gold
v 0.3256187501954846 0.15061875019548462 0.03935625156387687
v 0.3256187501954846 0.15061875019548462 -0.03935625156387687
v 0.3256187501954846 0.1243812498045154 0.03935625156387687
v 0.3256187501954846 0.1243812498045154 -0.03935625156387687
v 0.2993812498045154 0.15061875019548462 -0.03935625156387687
v 0.2993812498045154 0.15061875019548462 0.03935625156387687
v 0.2993812498045154 0.1243812498045154 -0.03935625156387687
v 0.2993812498045154 0.1243812498045154 0.03935625156387687
v 0.2993812498045154 0.15061875019548462 -0.03935625156387687
v 0.3256187501954846 0.15061875019548462 -0.03935625156387687
v 0.2993812498045154 0.15061875019548462 0.03935625156387687
v 0.3256187501954846 0.15061875019548462 0.03935625156387687
v 0.2993812498045154 0.1243812498045154 0.03935625156387687
v 0.3256187501954846 0.1243812498045154 0.03935625156387687
v 0.2993812498045154 0.1243812498045154 -0.03935625156387687
v 0.3256187501954846 0.1243812498045154 -0.03935625156387687
v 0.2993812498045154 0.15061875019548462 0.03935625156387687
v 0.3256187501954846 0.15061875019548462 0.03935625156387687
v 0.2993812498045154 0.1243812498045154 0.03935625156387687
v 0.3256187501954846 0.1243812498045154 0.03935625156387687
v 0.3256187501954846 0.15061875019548462 -0.03935625156387687
v 0.2993812498045154 0.15061875019548462 -0.03935625156387687
v 0.3256187501954846 0.1243812498045154 -0.03935625156387687
v 0.2993812498045154 0.1243812498045154 -0.03935625156387687
vt 0.3125 1
vt 0.375 1
vt 0.3125 0.9375
vt 0.375 0.9375
vt 0.3125 1
vt 0.375 1
vt 0.3125 0.9375
vt 0.375 0.9375
vt 0.3125 1
vt 0.375 1
vt 0.3125 0.9375
vt 0.375 0.9375
vt 0.3125 1
vt 0.375 1
vt 0.3125 0.9375
vt 0.375 0.9375
vt 0.3125 1
vt 0.375 1
vt 0.3125 0.9375
vt 0.375 0.9375
vt 0.3125 1
vt 0.375 1
vt 0.3125 0.9375
vt 0.375 0.9375
vn 1 0 0
vn 1 0 0
vn 1 0 0
vn 1 0 0
vn -1 0 0
vn -1 0 0
vn -1 0 0
vn -1 0 0
vn 0 1 0
vn 0 1 0
vn 0 1 0
vn 0 1 0
vn 0 -1 0
vn 0 -1 0
vn 0 -1 0
vn 0 -1 0
vn 0 0 1
vn 0 0 1
vn 0 0 1
vn 0 0 1
vn 0 0 -1
vn 0 0 -1
vn 0 0 -1
vn 0 0 -1
f 3289/3289/3289 3291/3291/3291 3290/3290/3290
f 3291/3291/3291 3292/3292/3292 3290/3290/3290
f 3293/3293/3293 3295/3295/3295 3294/3294/3294
f 3295/3295/3295 3296/3296/3296 3294/3294/3294
f 3297/3297/3297 3299/3299/3299 3298/3298/3298
f 3299/3299/3299 3300/3300/3300 3298/3298/3298
f 3301/3301/3301 3303/3303/3303 3302/3302/3302
f 3303/3303/3303 3304/3304/3304 3302/3302/3302
f 3305/3305/3305 3307/3307/3307 3306/3306/3306
f 3307/3307/3307 3308/3308/3308 3306/3306/3306
f 3309/3309/3309 3311/3311/3311 3310/3310/3310
f 3311/3311/3311 3312/3312/3312 3310/3310/3310
o med_link1_1_218
usemtl sun_gold
v 0.32528125019045545 0.06278125019045547 0.03834375152364373
v 0.32528125019045545 0.06278125019045547 -0.03834375152364373
v 0.32528125019045545 0.03721874980954454 0.03834375152364373
v 0.32528125019045545 0.03721874980954454 -0.03834375152364373
v 0.29971874980954455 0.06278125019045547 -0.03834375152364373
v 0.29971874980954455 0.06278125019045547 0.03834375152364373
v 0.29971874980954455 0.03721874980954454 -0.03834375152364373
v 0.29971874980954455 0.03721874980954454 0.03834375152364373
v 0.29971874980954455 0.06278125019045547 -0.03834375152364373
v 0.32528125019045545 0.06278125019045547 -0.03834375152364373
v 0.29971874980954455 0.06278125019045547 0.03834375152364373
v 0.32528125019045545 0.06278125019045547 0.03834375152364373
v 0.29971874980954455 0.03721874980954454 0.03834375152364373
v 0.32528125019045545 0.03721874980954454 0.03834375152364373
v 0.29971874980954455 0.03721874980954454 -0.03834375152364373
v 0.32528125019045545 0.03721874980954454 -0.03834375152364373
v 0.29971874980954455 0.06278125019045547 0.03834375152364373
v 0.32528125019045545 0.06278125019045547 0.03834375152364373
v 0.29971874980954455 0.03721874980954454 0.03834375152364373
v 0.32528125019045545 0.03721874980954454 0.03834375152364373
v 0.32528125019045545 0.06278125019045547 -0.03834375152364373
v 0.29971874980954455 0.06278125019045547 -0.03834375152364373
v 0.32528125019045545 0.03721874980954454 -0.03834375152364373
v 0.29971874980954455 0.03721874980954454 -0.03834375152364373
vt 0.3125 1
vt 0.375 1
vt 0.3125 0.9375
vt 0.375 0.9375
vt 0.3125 1
vt 0.375 1
vt 0.3125 0.9375
vt 0.375 0.9375
vt 0.3125 1
vt 0.375 1
vt 0.3125 0.9375
vt 0.375 0.9375
vt 0.3125 1
vt 0.375 1
vt 0.3125 0.9375
vt 0.375 0.9375
vt 0.3125 1
vt 0.375 1
vt 0.3125 0.9375
vt 0.375 0.9375
vt 0.3125 1
vt 0.375 1
vt 0.3125 0.9375
vt 0.375 0.9375
vn 1 0 0
vn 1 0 0
vn 1 0 0
vn 1 0 0
vn -1 0 0
vn -1 0 0
vn -1 0 0
vn -1 0 0
vn 0 1 0
vn 0 1 0
vn 0 1 0
vn 0 1 0
vn 0 -1 0
vn 0 -1 0
vn 0 -1 0
vn 0 -1 0
vn 0 0 1
vn 0 0 1
vn 0 0 1
vn 0 0 1
vn 0 0 -1
vn 0 0 -1
vn 0 0 -1
vn 0 0 -1
f 3313/3313/3313 3315/3315/3315 3314/3314/3314
f 3315/3315/3315 3316/3316/3316 3314/3314/3314
f 3317/3317/3317 3319/3319/3319 3318/3318/3318
f 3319/3319/3319 3320/3320/3320 3318/3318/3318
f 3321/3321/3321 3323/3323/3323 3322/3322/3322
f 3323/3323/3323 3324/3324/3324 3322/3322/3322
f 3325/3325/3325 3327/3327/3327 3326/3326/3326
f 3327/3327/3327 3328/3328/3328 3326/3326/3326
f 3329/3329/3329 3331/3331/3331 3330/3330/3330
f 3331/3331/3331 3332/3332/3332 3330/3330/3330
f 3333/3333/3333 3335/3335/3335 3334/3334/3334
f 3335/3335/3335 3336/3336/3336 3334/3334/3334
o med_link1_2_219
usemtl sun_gold
v 0.3506750001963228 0.059287498429417614 0.0131750001963228
v 0.3506750001963228 0.059287498429417614 -0.0131750001963228
v 0.3506750001963228 -0.059287498429417614 0.0131750001963228
v 0.3506750001963228 -0.059287498429417614 -0.0131750001963228
v 0.32432499980367724 0.059287498429417614 -0.0131750001963228
v 0.32432499980367724 0.059287498429417614 0.0131750001963228
v 0.32432499980367724 -0.059287498429417614 -0.0131750001963228
v 0.32432499980367724 -0.059287498429417614 0.0131750001963228
v 0.32432499980367724 0.059287498429417614 -0.0131750001963228
v 0.3506750001963228 0.059287498429417614 -0.0131750001963228
v 0.32432499980367724 0.059287498429417614 0.0131750001963228
v 0.3506750001963228 0.059287498429417614 0.0131750001963228
v 0.32432499980367724 -0.059287498429417614 0.0131750001963228
v 0.3506750001963228 -0.059287498429417614 0.0131750001963228
v 0.32432499980367724 -0.059287498429417614 -0.0131750001963228
v 0.3506750001963228 -0.059287498429417614 -0.0131750001963228
v 0.32432499980367724 0.059287498429417614 0.0131750001963228
v 0.3506750001963228 0.059287498429417614 0.0131750001963228
v 0.32432499980367724 -0.059287498429417614 0.0131750001963228
v 0.3506750001963228 -0.059287498429417614 0.0131750001963228
v 0.3506750001963228 0.059287498429417614 -0.0131750001963228
v 0.32432499980367724 0.059287498429417614 -0.0131750001963228
v 0.3506750001963228 -0.059287498429417614 -0.0131750001963228
v 0.32432499980367724 -0.059287498429417614 -0.0131750001963228
vt 0.125 0.75
vt 0.1875 0.75
vt 0.125 0.625
vt 0.1875 0.625
vt 0.125 0.75
vt 0.1875 0.75
vt 0.125 0.625
vt 0.1875 0.625
vt 0.125 0.6875
vt 0.1875 0.6875
vt 0.125 0.625
vt 0.1875 0.625
vt 0.125 0.6875
vt 0.1875 0.6875
vt 0.125 0.625
vt 0.1875 0.625
vt 0.125 0.75
vt 0.1875 0.75
vt 0.125 0.625
vt 0.1875 0.625
vt 0.125 0.75
vt 0.1875 0.75
vt 0.125 0.625
vt 0.1875 0.625
vn 1 0 0
vn 1 0 0
vn 1 0 0
vn 1 0 0
vn -1 0 0
vn -1 0 0
vn -1 0 0
vn -1 0 0
vn 0 1 0
vn 0 1 0
vn 0 1 0
vn 0 1 0
vn 0 -1 0
vn 0 -1 0
vn 0 -1 0
vn 0 -1 0
vn 0 0 1
vn 0 0 1
vn 0 0 1
vn 0 0 1
vn 0 0 -1
vn 0 0 -1
vn 0 0 -1
vn 0 0 -1
f 3337/3337/3337 3339/3339/3339 3338/3338/3338
f 3339/3339/3339 3340/3340/3340 3338/3338/3338
f 3341/3341/3341 3343/3343/3343 3342/3342/3342
f 3343/3343/3343 3344/3344/3344 3342/3342/3342
f 3345/3345/3345 3347/3347/3347 3346/3346/3346
f 3347/3347/3347 3348/3348/3348 3346/3346/3346
f 3349/3349/3349 3351/3351/3351 3350/3350/3350
f 3351/3351/3351 3352/3352/3352 3350/3350/3350
f 3353/3353/3353 3355/3355/3355 3354/3354/3354
f 3355/3355/3355 3356/3356/3356 3354/3354/3354
f 3357/3357/3357 3359/3359/3359 3358/3358/3358
f 3359/3359/3359 3360/3360/3360 3358/3358/3358
o med_link1_2_220
usemtl sun_gold
v 0.3003375001912936 0.057768748469650744 0.012837500191293656
v 0.3003375001912936 0.057768748469650744 -0.012837500191293656
v 0.3003375001912936 -0.057768748469650744 0.012837500191293656
v 0.3003375001912936 -0.057768748469650744 -0.012837500191293656
v 0.27466249980870633 0.057768748469650744 -0.012837500191293656
v 0.27466249980870633 0.057768748469650744 0.012837500191293656
v 0.27466249980870633 -0.057768748469650744 -0.012837500191293656
v 0.27466249980870633 -0.057768748469650744 0.012837500191293656
v 0.27466249980870633 0.057768748469650744 -0.012837500191293656
v 0.3003375001912936 0.057768748469650744 -0.012837500191293656
v 0.27466249980870633 0.057768748469650744 0.012837500191293656
v 0.3003375001912936 0.057768748469650744 0.012837500191293656
v 0.27466249980870633 -0.057768748469650744 0.012837500191293656
v 0.3003375001912936 -0.057768748469650744 0.012837500191293656
v 0.27466249980870633 -0.057768748469650744 -0.012837500191293656
v 0.3003375001912936 -0.057768748469650744 -0.012837500191293656
v 0.27466249980870633 0.057768748469650744 0.012837500191293656
v 0.3003375001912936 0.057768748469650744 0.012837500191293656
v 0.27466249980870633 -0.057768748469650744 0.012837500191293656
v 0.3003375001912936 -0.057768748469650744 0.012837500191293656
v 0.3003375001912936 0.057768748469650744 -0.012837500191293656
v 0.27466249980870633 0.057768748469650744 -0.012837500191293656
v 0.3003375001912936 -0.057768748469650744 -0.012837500191293656
v 0.27466249980870633 -0.057768748469650744 -0.012837500191293656
vt 0.125 0.75
vt 0.1875 0.75
vt 0.125 0.625
vt 0.1875 0.625
vt 0.125 0.75
vt 0.1875 0.75
vt 0.125 0.625
vt 0.1875 0.625
vt 0.125 0.6875
vt 0.1875 0.6875
vt 0.125 0.625
vt 0.1875 0.625
vt 0.125 0.6875
vt 0.1875 0.6875
vt 0.125 0.625
vt 0.1875 0.625
vt 0.125 0.75
vt 0.1875 0.75
vt 0.125 0.625
vt 0.1875 0.625
vt 0.125 0.75
vt 0.1875 0.75
vt 0.125 0.625
vt 0.1875 0.625
vn 1 0 0
vn 1 0 0
vn 1 0 0
vn 1 0 0
vn -1 0 0
vn -1 0 0
vn -1 0 0
vn -1 0 0
vn 0 1 0
vn 0 1 0
vn 0 1 0
vn 0 1 0
vn 0 -1 0
vn 0 -1 0
vn 0 -1 0
vn 0 -1 0
vn 0 0 1
vn 0 0 1
vn 0 0 1
vn 0 0 1
vn 0 0 -1
vn 0 0 -1
vn 0 0 -1
vn 0 0 -1
f 3361/3361/3361 3363/3363/3363 3362/3362/3362
f 3363/3363/3363 3364/3364/3364 3362/3362/3362
f 3365/3365/3365 3367/3367/3367 3366/3366/3366
f 3367/3367/3367 3368/3368/3368 3366/3366/3366
f 3369/3369/3369 3371/3371/3371 3370/3370/3370
f 3371/3371/3371 3372/3372/3372 3370/3370/3370
f 3373/3373/3373 3375/3375/3375 3374/3374/3374
f 3375/3375/3375 3376/3376/3376 3374/3374/3374
f 3377/3377/3377 3379/3379/3379 3378/3378/3378
f 3379/3379/3379 3380/3380/3380 3378/3378/3378
f 3381/3381/3381 3383/3383/3383 3382/3382/3382
f 3383/3383/3383 3384/3384/3384 3382/3382/3382
o med_link1_2_221
usemtl sun_gold
v 0.3500000014901161 0.05625000018626451 0.012500000186264515
v 0.3500000014901161 0.05625000018626451 -0.012500000186264515
v 0.3500000014901161 0.031249999813735482 0.012500000186264515
v 0.3500000014901161 0.031249999813735482 -0.012500000186264515
v 0.2749999985098839 0.05625000018626451 -0.012500000186264515
v 0.2749999985098839 0.05625000018626451 0.012500000186264515
v 0.2749999985098839 0.031249999813735482 -0.012500000186264515
v 0.2749999985098839 0.031249999813735482 0.012500000186264515
v 0.2749999985098839 0.05625000018626451 -0.012500000186264515
v 0.3500000014901161 0.05625000018626451 -0.012500000186264515
v 0.2749999985098839 0.05625000018626451 0.012500000186264515
v 0.3500000014901161 0.05625000018626451 0.012500000186264515
v 0.2749999985098839 0.031249999813735482 0.012500000186264515
v 0.3500000014901161 0.031249999813735482 0.012500000186264515
v 0.2749999985098839 0.031249999813735482 -0.012500000186264515
v 0.3500000014901161 0.031249999813735482 -0.012500000186264515
v 0.2749999985098839 0.05625000018626451 0.012500000186264515
v 0.3500000014901161 0.05625000018626451 0.012500000186264515
v 0.2749999985098839 0.031249999813735482 0.012500000186264515
v 0.3500000014901161 0.031249999813735482 0.012500000186264515
v 0.3500000014901161 0.05625000018626451 -0.012500000186264515
v 0.2749999985098839 0.05625000018626451 -0.012500000186264515
v 0.3500000014901161 0.031249999813735482 -0.012500000186264515
v 0.2749999985098839 0.031249999813735482 -0.012500000186264515
vt 0.75 1
vt 0.8125 1
vt 0.75 0.9375
vt 0.8125 0.9375
vt 0.75 1
vt 0.8125 1
vt 0.75 0.9375
vt 0.8125 0.9375
vt 0.75 1
vt 0.8125 1
vt 0.75 0.9375
vt 0.8125 0.9375
vt 0.75 1
vt 0.8125 1
vt 0.75 0.9375
vt 0.8125 0.9375
vt 0.75 1
vt 0.8125 1
vt 0.75 0.9375
vt 0.8125 0.9375
vt 0.75 1
vt 0.8125 1
vt 0.75 0.9375
vt 0.8125 0.9375
vn 1 0 0
vn 1 0 0
vn 1 0 0
vn 1 0 0
vn -1 0 0
vn -1 0 0
vn -1 0 0
vn -1 0 0
vn 0 1 0
vn 0 1 0
vn 0 1 0
vn 0 1 0
vn 0 -1 0
vn 0 -1 0
vn 0 -1 0
vn 0 -1 0
vn 0 0 1
vn 0 0 1
vn 0 0 1
vn 0 0 1
vn 0 0 -1
vn 0 0 -1
vn 0 0 -1
vn 0 0 -1
f 3385/3385/3385 3387/3387/3387 3386/3386/3386
f 3387/3387/3387 3388/3388/3388 3386/3386/3386
f 3389/3389/3389 3391/3391/3391 3390/3390/3390
f 3391/3391/3391 3392/3392/3392 3390/3390/3390
f 3393/3393/3393 3395/3395/3395 3394/3394/3394
f 3395/3395/3395 3396/3396/3396 3394/3394/3394
f 3397/3397/3397 3399/3399/3399 3398/3398/3398
f 3399/3399/3399 3400/3400/3400 3398/3398/3398
f 3401/3401/3401 3403/3403/3403 3402/3402/3402
f 3403/3403/3403 3404/3404/3404 3402/3402/3402
f 3405/3405/3405 3407/3407/3407 3406/3406/3406
f 3407/3407/3407 3408/3408/3408 3406/3406/3406
o med_link1_2_222
usemtl sun_gold
v 0.35118125153705476 -0.03085624980786815 0.012893750192131848
v 0.35118125153705476 -0.03085624980786815 -0.012893750192131848
v 0.35118125153705476 -0.056643750192131845 0.012893750192131848
v 0.35118125153705476 -0.056643750192131845 -0.012893750192131848
v 0.27381874846294524 -0.03085624980786815 -0.012893750192131848
v 0.27381874846294524 -0.03085624980786815 0.012893750192131848
v 0.27381874846294524 -0.056643750192131845 -0.012893750192131848
v 0.27381874846294524 -0.056643750192131845 0.012893750192131848
v 0.27381874846294524 -0.03085624980786815 -0.012893750192131848
v 0.35118125153705476 -0.03085624980786815 -0.012893750192131848
v 0.27381874846294524 -0.03085624980786815 0.012893750192131848
v 0.35118125153705476 -0.03085624980786815 0.012893750192131848
v 0.27381874846294524 -0.056643750192131845 0.012893750192131848
v 0.35118125153705476 -0.056643750192131845 0.012893750192131848
v 0.27381874846294524 -0.056643750192131845 -0.012893750192131848
v 0.35118125153705476 -0.056643750192131845 -0.012893750192131848
v 0.27381874846294524 -0.03085624980786815 0.012893750192131848
v 0.35118125153705476 -0.03085624980786815 0.012893750192131848
v 0.27381874846294524 -0.056643750192131845 0.012893750192131848
v 0.35118125153705476 -0.056643750192131845 0.012893750192131848
v 0.35118125153705476 -0.03085624980786815 -0.012893750192131848
v 0.27381874846294524 -0.03085624980786815 -0.012893750192131848
v 0.35118125153705476 -0.056643750192131845 -0.012893750192131848
v 0.27381874846294524 -0.056643750192131845 -0.012893750192131848
vt 0.75 1
vt 0.8125 1
vt 0.75 0.9375
vt 0.8125 0.9375
vt 0.75 1
vt 0.8125 1
vt 0.75 0.9375
vt 0.8125 0.9375
vt 0.75 1
vt 0.8125 1
vt 0.75 0.9375
vt 0.8125 0.9375
vt 0.75 1
vt 0.8125 1
vt 0.75 0.9375
vt 0.8125 0.9375
vt 0.75 1
vt 0.8125 1
vt 0.75 0.9375
vt 0.8125 0.9375
vt 0.75 1
vt 0.8125 1
vt 0.75 0.9375
vt 0.8125 0.9375
vn 1 0 0
vn 1 0 0
vn 1 0 0
vn 1 0 0
vn -1 0 0
vn -1 0 0
vn -1 0 0
vn -1 0 0
vn 0 1 0
vn 0 1 0
vn 0 1 0
vn 0 1 0
vn 0 -1 0
vn 0 -1 0
vn 0 -1 0
vn 0 -1 0
vn 0 0 1
vn 0 0 1
vn 0 0 1
vn 0 0 1
vn 0 0 -1
vn 0 0 -1
vn 0 0 -1
vn 0 0 -1
f 3409/3409/3409 3411/3411/3411 3410/3410/3410
f 3411/3411/3411 3412/3412/3412 3410/3410/3410
f 3413/3413/3413 3415/3415/3415 3414/3414/3414
f 3415/3415/3415 3416/3416/3416 3414/3414/3414
f 3417/3417/3417 3419/3419/3419 3418/3418/3418
f 3419/3419/3419 3420/3420/3420 3418/3418/3418
f 3421/3421/3421 3423/3423/3423 3422/3422/3422
f 3423/3423/3423 3424/3424/3424 3422/3422/3422
f 3425/3425/3425 3427/3427/3427 3426/3426/3426
f 3427/3427/3427 3428/3428/3428 3426/3426/3426
f 3429/3429/3429 3431/3431/3431 3430/3430/3430
f 3431/3431/3431 3432/3432/3432 3430/3430/3430
o med_disc1_223
usemtl sun_gold
v 0.406671875 -0.06207812500000001 0.02511250037420541
v 0.406671875 -0.06207812500000001 -0.02511250037420541
v 0.406671875 -0.250421875 0.02511250037420541
v 0.406671875 -0.250421875 -0.02511250037420541
v 0.218328125 -0.06207812500000001 -0.02511250037420541
v 0.218328125 -0.06207812500000001 0.02511250037420541
v 0.218328125 -0.250421875 -0.02511250037420541
v 0.218328125 -0.250421875 0.02511250037420541
v 0.218328125 -0.06207812500000001 -0.02511250037420541
v 0.406671875 -0.06207812500000001 -0.02511250037420541
v 0.218328125 -0.06207812500000001 0.02511250037420541
v 0.406671875 -0.06207812500000001 0.02511250037420541
v 0.218328125 -0.250421875 0.02511250037420541
v 0.406671875 -0.250421875 0.02511250037420541
v 0.218328125 -0.250421875 -0.02511250037420541
v 0.406671875 -0.250421875 -0.02511250037420541
v 0.218328125 -0.06207812500000001 0.02511250037420541
v 0.406671875 -0.06207812500000001 0.02511250037420541
v 0.218328125 -0.250421875 0.02511250037420541
v 0.406671875 -0.250421875 0.02511250037420541
v 0.406671875 -0.06207812500000001 -0.02511250037420541
v 0.218328125 -0.06207812500000001 -0.02511250037420541
v 0.406671875 -0.250421875 -0.02511250037420541
v 0.218328125 -0.250421875 -0.02511250037420541
vt 0 0.5625
vt 0.0625 0.5625
vt 0 0.375
vt 0.0625 0.375
vt 0 0.5625
vt 0.0625 0.5625
vt 0 0.375
vt 0.0625 0.375
vt 0 0.4375
vt 0.1875 0.4375
vt 0 0.375
vt 0.1875 0.375
vt 0 0.4375
vt 0.1875 0.4375
vt 0 0.375
vt 0.1875 0.375
vt 0 0.5625
vt 0.1875 0.5625
vt 0 0.375
vt 0.1875 0.375
vt 0 0.5625
vt 0.1875 0.5625
vt 0 0.375
vt 0.1875 0.375
vn 1 0 0
vn 1 0 0
vn 1 0 0
vn 1 0 0
vn -1 0 0
vn -1 0 0
vn -1 0 0
vn -1 0 0
vn 0 1 0
vn 0 1 0
vn 0 1 0
vn 0 1 0
vn 0 -1 0
vn 0 -1 0
vn 0 -1 0
vn 0 -1 0
vn 0 0 1
vn 0 0 1
vn 0 0 1
vn 0 0 1
vn 0 0 -1
vn 0 0 -1
vn 0 0 -1
vn 0 0 -1
f 3433/3433/3433 3435/3435/3435 3434/3434/3434
f 3435/3435/3435 3436/3436/3436 3434/3434/3434
f 3437/3437/3437 3439/3439/3439 3438/3438/3438
f 3439/3439/3439 3440/3440/3440 3438/3438/3438
f 3441/3441/3441 3443/3443/3443 3442/3442/3442
f 3443/3443/3443 3444/3444/3444 3442/3442/3442
f 3445/3445/3445 3447/3447/3447 3446/3446/3446
f 3447/3447/3447 3448/3448/3448 3446/3446/3446
f 3449/3449/3449 3451/3451/3451 3450/3450/3450
f 3451/3451/3451 3452/3452/3452 3450/3450/3450
f 3453/3453/3453 3455/3455/3455 3454/3454/3454
f 3455/3455/3455 3456/3456/3456 3454/3454/3454
o med_disc1_224
usemtl pommel_gem
v 0.3125 -0.09215077137704283 0.032375
v 0.3125 -0.09215077137704283 -0.032375
v 0.37659922862295714 -0.15625 0.032375
v 0.37659922862295714 -0.15625 -0.032375
v 0.24840077137704283 -0.15625 -0.032375
v 0.24840077137704283 -0.15625 0.032375
v 0.3125 -0.22034922862295717 -0.032375
v 0.3125 -0.22034922862295717 0.032375
v 0.24840077137704283 -0.15625 -0.032375
v 0.3125 -0.09215077137704283 -0.032375
v 0.24840077137704283 -0.15625 0.032375
v 0.3125 -0.09215077137704283 0.032375
v 0.3125 -0.22034922862295717 0.032375
v 0.37659922862295714 -0.15625 0.032375
v 0.3125 -0.22034922862295717 -0.032375
v 0.37659922862295714 -0.15625 -0.032375
v 0.24840077137704283 -0.15625 0.032375
v 0.3125 -0.09215077137704283 0.032375
v 0.3125 -0.22034922862295717 0.032375
v 0.37659922862295714 -0.15625 0.032375
v 0.3125 -0.09215077137704283 -0.032375
v 0.24840077137704283 -0.15625 -0.032375
v 0.37659922862295714 -0.15625 -0.032375
v 0.3125 -0.22034922862295717 -0.032375
vt 0.375 0.4375
vt 0.4375 0.4375
vt 0.375 0.375
vt 0.4375 0.375
vt 0.375 0.4375
vt 0.4375 0.4375
vt 0.375 0.375
vt 0.4375 0.375
vt 0.375 0.4375
vt 0.4375 0.4375
vt 0.375 0.375
vt 0.4375 0.375
vt 0.375 0.4375
vt 0.4375 0.4375
vt 0.375 0.375
vt 0.4375 0.375
vt 0.375 0.4375
vt 0.4375 0.4375
vt 0.375 0.375
vt 0.4375 0.375
vt 0.375 0.4375
vt 0.4375 0.4375
vt 0.375 0.375
vt 0.4375 0.375
vn 0.7071067811865475 0.7071067811865476 0
vn 0.7071067811865475 0.7071067811865476 0
vn 0.7071067811865475 0.7071067811865476 0
vn 0.7071067811865475 0.7071067811865476 0
vn -0.7071067811865475 -0.7071067811865476 0
vn -0.7071067811865475 -0.7071067811865476 0
vn -0.7071067811865475 -0.7071067811865476 0
vn -0.7071067811865475 -0.7071067811865476 0
vn -0.7071067811865476 0.7071067811865475 0
vn -0.7071067811865476 0.7071067811865475 0
vn -0.7071067811865476 0.7071067811865475 0
vn -0.7071067811865476 0.7071067811865475 0
vn 0.7071067811865476 -0.7071067811865475 0
vn 0.7071067811865476 -0.7071067811865475 0
vn 0.7071067811865476 -0.7071067811865475 0
vn 0.7071067811865476 -0.7071067811865475 0
vn 0 0 1
vn 0 0 1
vn 0 0 1
vn 0 0 1
vn 0 0 -1
vn 0 0 -1
vn 0 0 -1
vn 0 0 -1
f 3457/3457/3457 3459/3459/3459 3458/3458/3458
f 3459/3459/3459 3460/3460/3460 3458/3458/3458
f 3461/3461/3461 3463/3463/3463 3462/3462/3462
f 3463/3463/3463 3464/3464/3464 3462/3462/3462
f 3465/3465/3465 3467/3467/3467 3466/3466/3466
f 3467/3467/3467 3468/3468/3468 3466/3466/3466
f 3469/3469/3469 3471/3471/3471 3470/3470/3470
f 3471/3471/3471 3472/3472/3472 3470/3470/3470
f 3473/3473/3473 3475/3475/3475 3474/3474/3474
f 3475/3475/3475 3476/3476/3476 3474/3474/3474
f 3477/3477/3477 3479/3479/3479 3478/3478/3478
f 3479/3479/3479 3480/3480/3480 3478/3478/3478
o rail_L_79
usemtl sun_gold
v -0.2226374969258904 3.1653593750000004 0.10315000153705478
v -0.2226374969258904 3.1653593750000004 -0.10315000153705478
v -0.2226374969258904 0.5221406249999998 0.10315000153705478
v -0.2226374969258904 0.5221406249999998 -0.10315000153705478
v -0.37736250307410957 3.1653593750000004 -0.10315000153705478
v -0.37736250307410957 3.1653593750000004 0.10315000153705478
v -0.37736250307410957 0.5221406249999998 -0.10315000153705478
v -0.37736250307410957 0.5221406249999998 0.10315000153705478
v -0.37736250307410957 3.1653593750000004 -0.10315000153705478
v -0.2226374969258904 3.1653593750000004 -0.10315000153705478
v -0.37736250307410957 3.1653593750000004 0.10315000153705478
v -0.2226374969258904 3.1653593750000004 0.10315000153705478
v -0.37736250307410957 0.5221406249999998 0.10315000153705478
v -0.2226374969258904 0.5221406249999998 0.10315000153705478
v -0.37736250307410957 0.5221406249999998 -0.10315000153705478
v -0.2226374969258904 0.5221406249999998 -0.10315000153705478
v -0.37736250307410957 3.1653593750000004 0.10315000153705478
v -0.2226374969258904 3.1653593750000004 0.10315000153705478
v -0.37736250307410957 0.5221406249999998 0.10315000153705478
v -0.2226374969258904 0.5221406249999998 0.10315000153705478
v -0.2226374969258904 3.1653593750000004 -0.10315000153705478
v -0.37736250307410957 3.1653593750000004 -0.10315000153705478
v -0.2226374969258904 0.5221406249999998 -0.10315000153705478
v -0.37736250307410957 0.5221406249999998 -0.10315000153705478
vt 0.1875 2.875
vt 0.375 2.875
vt 0.1875 0.3125
vt 0.375 0.3125
vt 0.1875 2.875
vt 0.375 2.875
vt 0.1875 0.3125
vt 0.375 0.3125
vt 0.1875 0.5
vt 0.3125 0.5
vt 0.1875 0.3125
vt 0.3125 0.3125
vt 0.1875 0.5
vt 0.3125 0.5
vt 0.1875 0.3125
vt 0.3125 0.3125
vt 0.1875 2.875
vt 0.3125 2.875
vt 0.1875 0.3125
vt 0.3125 0.3125
vt 0.1875 2.875
vt 0.3125 2.875
vt 0.1875 0.3125
vt 0.3125 0.3125
vn 1 0 0
vn 1 0 0
vn 1 0 0
vn 1 0 0
vn -1 0 0
vn -1 0 0
vn -1 0 0
vn -1 0 0
vn 0 1 0
vn 0 1 0
vn 0 1 0
vn 0 1 0
vn 0 -1 0
vn 0 -1 0
vn 0 -1 0
vn 0 -1 0
vn 0 0 1
vn 0 0 1
vn 0 0 1
vn 0 0 1
vn 0 0 -1
vn 0 0 -1
vn 0 0 -1
vn 0 0 -1
f 3481/3481/3481 3483/3483/3483 3482/3482/3482
f 3483/3483/3483 3484/3484/3484 3482/3482/3482
f 3485/3485/3485 3487/3487/3487 3486/3486/3486
f 3487/3487/3487 3488/3488/3488 3486/3486/3486
f 3489/3489/3489 3491/3491/3491 3490/3490/3490
f 3491/3491/3491 3492/3492/3492 3490/3490/3490
f 3493/3493/3493 3495/3495/3495 3494/3494/3494
f 3495/3495/3495 3496/3496/3496 3494/3494/3494
f 3497/3497/3497 3499/3499/3499 3498/3498/3498
f 3499/3499/3499 3500/3500/3500 3498/3498/3498
f 3501/3501/3501 3503/3503/3503 3502/3502/3502
f 3503/3503/3503 3504/3504/3504 3502/3502/3502
o rail_L_80
usemtl bright_gold
v -0.374859375 3.130765625 0.06278125
v -0.374859375 3.130765625 -0.06278125
v -0.374859375 0.556734375 0.06278125
v -0.374859375 0.556734375 -0.06278125
v -0.437640625 3.130765625 -0.06278125
v -0.437640625 3.130765625 0.06278125
v -0.437640625 0.556734375 -0.06278125
v -0.437640625 0.556734375 0.06278125
v -0.437640625 3.130765625 -0.06278125
v -0.374859375 3.130765625 -0.06278125
v -0.437640625 3.130765625 0.06278125
v -0.374859375 3.130765625 0.06278125
v -0.437640625 0.556734375 0.06278125
v -0.374859375 0.556734375 0.06278125
v -0.437640625 0.556734375 -0.06278125
v -0.374859375 0.556734375 -0.06278125
v -0.437640625 3.130765625 0.06278125
v -0.374859375 3.130765625 0.06278125
v -0.437640625 0.556734375 0.06278125
v -0.374859375 0.556734375 0.06278125
v -0.374859375 3.130765625 -0.06278125
v -0.437640625 3.130765625 -0.06278125
v -0.374859375 0.556734375 -0.06278125
v -0.437640625 0.556734375 -0.06278125
vt 0.3125 3.25
vt 0.4375 3.25
vt 0.3125 0.6875
vt 0.4375 0.6875
vt 0.3125 3.25
vt 0.4375 3.25
vt 0.3125 0.6875
vt 0.4375 0.6875
vt 0.3125 0.8125
vt 0.375 0.8125
vt 0.3125 0.6875
vt 0.375 0.6875
vt 0.3125 0.8125
vt 0.375 0.8125
vt 0.3125 0.6875
vt 0.375 0.6875
vt 0.3125 3.25
vt 0.375 3.25
vt 0.3125 0.6875
vt 0.375 0.6875
vt 0.3125 3.25
vt 0.375 3.25
vt 0.3125 0.6875
vt 0.375 0.6875
vn 1 0 0
vn 1 0 0
vn 1 0 0
vn 1 0 0
vn -1 0 0
vn -1 0 0
vn -1 0 0
vn -1 0 0
vn 0 1 0
vn 0 1 0
vn 0 1 0
vn 0 1 0
vn 0 -1 0
vn 0 -1 0
vn 0 -1 0
vn 0 -1 0
vn 0 0 1
vn 0 0 1
vn 0 0 1
vn 0 0 1
vn 0 0 -1
vn 0 0 -1
vn 0 0 -1
vn 0 0 -1
f 3505/3505/3505 3507/3507/3507 3506/3506/3506
f 3507/3507/3507 3508/3508/3508 3506/3506/3506
f 3509/3509/3509 3511/3511/3511 3510/3510/3510
f 3511/3511/3511 3512/3512/3512 3510/3510/3510
f 3513/3513/3513 3515/3515/3515 3514/3514/3514
f 3515/3515/3515 3516/3516/3516 3514/3514/3514
f 3517/3517/3517 3519/3519/3519 3518/3518/3518
f 3519/3519/3519 3520/3520/3520 3518/3518/3518
f 3521/3521/3521 3523/3523/3523 3522/3522/3522
f 3523/3523/3523 3524/3524/3524 3522/3522/3522
f 3525/3525/3525 3527/3527/3527 3526/3526/3526
f 3527/3527/3527 3528/3528/3528 3526/3526/3526
o rail_L_81
usemtl dark_bronze
v -0.28057499922811985 0.8703249992281198 0.1100750030875206
v -0.28057499922811985 0.8703249992281198 -0.1100750030875206
v -0.28057499922811985 0.7796750007718801 0.1100750030875206
v -0.28057499922811985 0.7796750007718801 -0.1100750030875206
v -0.31942500077188013 0.8703249992281198 -0.1100750030875206
v -0.31942500077188013 0.8703249992281198 0.1100750030875206
v -0.31942500077188013 0.7796750007718801 -0.1100750030875206
v -0.31942500077188013 0.7796750007718801 0.1100750030875206
v -0.31942500077188013 0.8703249992281198 -0.1100750030875206
v -0.28057499922811985 0.8703249992281198 -0.1100750030875206
v -0.31942500077188013 0.8703249992281198 0.1100750030875206
v -0.28057499922811985 0.8703249992281198 0.1100750030875206
v -0.31942500077188013 0.7796750007718801 0.1100750030875206
v -0.28057499922811985 0.7796750007718801 0.1100750030875206
v -0.31942500077188013 0.7796750007718801 -0.1100750030875206
v -0.28057499922811985 0.7796750007718801 -0.1100750030875206
v -0.31942500077188013 0.8703249992281198 0.1100750030875206
v -0.28057499922811985 0.8703249992281198 0.1100750030875206
v -0.31942500077188013 0.7796750007718801 0.1100750030875206
v -0.28057499922811985 0.7796750007718801 0.1100750030875206
v -0.28057499922811985 0.8703249992281198 -0.1100750030875206
v -0.31942500077188013 0.8703249992281198 -0.1100750030875206
v -0.28057499922811985 0.7796750007718801 -0.1100750030875206
v -0.31942500077188013 0.7796750007718801 -0.1100750030875206
vt 0.375 0.375
vt 0.5625 0.375
vt 0.375 0.3125
vt 0.5625 0.3125
vt 0.375 0.375
vt 0.5625 0.375
vt 0.375 0.3125
vt 0.5625 0.3125
vt 0.375 0.5
vt 0.4375 0.5
vt 0.375 0.3125
vt 0.4375 0.3125
vt 0.375 0.5
vt 0.4375 0.5
vt 0.375 0.3125
vt 0.4375 0.3125
vt 0.375 0.375
vt 0.4375 0.375
vt 0.375 0.3125
vt 0.4375 0.3125
vt 0.375 0.375
vt 0.4375 0.375
vt 0.375 0.3125
vt 0.4375 0.3125
vn 1 0 0
vn 1 0 0
vn 1 0 0
vn 1 0 0
vn -1 0 0
vn -1 0 0
vn -1 0 0
vn -1 0 0
vn 0 1 0
vn 0 1 0
vn 0 1 0
vn 0 1 0
vn 0 -1 0
vn 0 -1 0
vn 0 -1 0
vn 0 -1 0
vn 0 0 1
vn 0 0 1
vn 0 0 1
vn 0 0 1
vn 0 0 -1
vn 0 0 -1
vn 0 0 -1
vn 0 0 -1
f 3529/3529/3529 3531/3531/3531 3530/3530/3530
f 3531/3531/3531 3532/3532/3532 3530/3530/3530
f 3533/3533/3533 3535/3535/3535 3534/3534/3534
f 3535/3535/3535 3536/3536/3536 3534/3534/3534
f 3537/3537/3537 3539/3539/3539 3538/3538/3538
f 3539/3539/3539 3540/3540/3540 3538/3538/3538
f 3541/3541/3541 3543/3543/3543 3542/3542/3542
f 3543/3543/3543 3544/3544/3544 3542/3542/3542
f 3545/3545/3545 3547/3547/3547 3546/3546/3546
f 3547/3547/3547 3548/3548/3548 3546/3546/3546
f 3549/3549/3549 3551/3551/3551 3550/3550/3550
f 3551/3551/3551 3552/3552/3552 3550/3550/3550
o rail_L_82
usemtl dark_bronze
v -0.2810812492482364 1.3816437492482363 0.10720625300705432
v -0.2810812492482364 1.3816437492482363 -0.10720625300705432
v -0.2810812492482364 1.2933562507517635 0.10720625300705432
v -0.2810812492482364 1.2933562507517635 -0.10720625300705432
v -0.31891875075176357 1.3816437492482363 -0.10720625300705432
v -0.31891875075176357 1.3816437492482363 0.10720625300705432
v -0.31891875075176357 1.2933562507517635 -0.10720625300705432
v -0.31891875075176357 1.2933562507517635 0.10720625300705432
v -0.31891875075176357 1.3816437492482363 -0.10720625300705432
v -0.2810812492482364 1.3816437492482363 -0.10720625300705432
v -0.31891875075176357 1.3816437492482363 0.10720625300705432
v -0.2810812492482364 1.3816437492482363 0.10720625300705432
v -0.31891875075176357 1.2933562507517635 0.10720625300705432
v -0.2810812492482364 1.2933562507517635 0.10720625300705432
v -0.31891875075176357 1.2933562507517635 -0.10720625300705432
v -0.2810812492482364 1.2933562507517635 -0.10720625300705432
v -0.31891875075176357 1.3816437492482363 0.10720625300705432
v -0.2810812492482364 1.3816437492482363 0.10720625300705432
v -0.31891875075176357 1.2933562507517635 0.10720625300705432
v -0.2810812492482364 1.2933562507517635 0.10720625300705432
v -0.2810812492482364 1.3816437492482363 -0.10720625300705432
v -0.31891875075176357 1.3816437492482363 -0.10720625300705432
v -0.2810812492482364 1.2933562507517635 -0.10720625300705432
v -0.31891875075176357 1.2933562507517635 -0.10720625300705432
vt 0.375 0.375
vt 0.5625 0.375
vt 0.375 0.3125
vt 0.5625 0.3125
vt 0.375 0.375
vt 0.5625 0.375
vt 0.375 0.3125
vt 0.5625 0.3125
vt 0.375 0.5
vt 0.4375 0.5
vt 0.375 0.3125
vt 0.4375 0.3125
vt 0.375 0.5
vt 0.4375 0.5
vt 0.375 0.3125
vt 0.4375 0.3125
vt 0.375 0.375
vt 0.4375 0.375
vt 0.375 0.3125
vt 0.4375 0.3125
vt 0.375 0.375
vt 0.4375 0.375
vt 0.375 0.3125
vt 0.4375 0.3125
vn 0.9999999999999999 0 0
vn 0.9999999999999999 0 0
vn 0.9999999999999999 0 0
vn 0.9999999999999999 0 0
vn -0.9999999999999999 0 0
vn -0.9999999999999999 0 0
vn -0.9999999999999999 0 0
vn -0.9999999999999999 0 0
vn 0 0.9999999999999999 0
vn 0 0.9999999999999999 0
vn 0 0.9999999999999999 0
vn 0 0.9999999999999999 0
vn 0 -0.9999999999999999 0
vn 0 -0.9999999999999999 0
vn 0 -0.9999999999999999 0
vn 0 -0.9999999999999999 0
vn 0 0 0.9999999999999999
vn 0 0 0.9999999999999999
vn 0 0 0.9999999999999999
vn 0 0 0.9999999999999999
vn 0 0 -0.9999999999999999
vn 0 0 -0.9999999999999999
vn 0 0 -0.9999999999999999
vn 0 0 -0.9999999999999999
f 3553/3553/3553 3555/3555/3555 3554/3554/3554
f 3555/3555/3555 3556/3556/3556 3554/3554/3554
f 3557/3557/3557 3559/3559/3559 3558/3558/3558
f 3559/3559/3559 3560/3560/3560 3558/3558/3558
f 3561/3561/3561 3563/3563/3563 3562/3562/3562
f 3563/3563/3563 3564/3564/3564 3562/3562/3562
f 3565/3565/3565 3567/3567/3567 3566/3566/3566
f 3567/3567/3567 3568/3568/3568 3566/3566/3566
f 3569/3569/3569 3571/3571/3571 3570/3570/3570
f 3571/3571/3571 3572/3572/3572 3570/3570/3570
f 3573/3573/3573 3575/3575/3575 3574/3574/3574
f 3575/3575/3575 3576/3576/3576 3574/3574/3574
o rail_L_83
usemtl dark_bronze
v -0.28049062422476706 1.895521874224767 0.11055312810093164
v -0.28049062422476706 1.895521874224767 -0.11055312810093164
v -0.28049062422476706 1.8044781257752327 0.11055312810093164
v -0.28049062422476706 1.8044781257752327 -0.11055312810093164
v -0.3195093757752329 1.895521874224767 -0.11055312810093164
v -0.3195093757752329 1.895521874224767 0.11055312810093164
v -0.3195093757752329 1.8044781257752327 -0.11055312810093164
v -0.3195093757752329 1.8044781257752327 0.11055312810093164
v -0.3195093757752329 1.895521874224767 -0.11055312810093164
v -0.28049062422476706 1.895521874224767 -0.11055312810093164
v -0.3195093757752329 1.895521874224767 0.11055312810093164
v -0.28049062422476706 1.895521874224767 0.11055312810093164
v -0.3195093757752329 1.8044781257752327 0.11055312810093164
v -0.28049062422476706 1.8044781257752327 0.11055312810093164
v -0.3195093757752329 1.8044781257752327 -0.11055312810093164
v -0.28049062422476706 1.8044781257752327 -0.11055312810093164
v -0.3195093757752329 1.895521874224767 0.11055312810093164
v -0.28049062422476706 1.895521874224767 0.11055312810093164
v -0.3195093757752329 1.8044781257752327 0.11055312810093164
v -0.28049062422476706 1.8044781257752327 0.11055312810093164
v -0.28049062422476706 1.895521874224767 -0.11055312810093164
v -0.3195093757752329 1.895521874224767 -0.11055312810093164
v -0.28049062422476706 1.8044781257752327 -0.11055312810093164
v -0.3195093757752329 1.8044781257752327 -0.11055312810093164
vt 0.375 0.375
vt 0.5625 0.375
vt 0.375 0.3125
vt 0.5625 0.3125
vt 0.375 0.375
vt 0.5625 0.375
vt 0.375 0.3125
vt 0.5625 0.3125
vt 0.375 0.5
vt 0.4375 0.5
vt 0.375 0.3125
vt 0.4375 0.3125
vt 0.375 0.5
vt 0.4375 0.5
vt 0.375 0.3125
vt 0.4375 0.3125
vt 0.375 0.375
vt 0.4375 0.375
vt 0.375 0.3125
vt 0.4375 0.3125
vt 0.375 0.375
vt 0.4375 0.375
vt 0.375 0.3125
vt 0.4375 0.3125
vn 1 0 0
vn 1 0 0
vn 1 0 0
vn 1 0 0
vn -1 0 0
vn -1 0 0
vn -1 0 0
vn -1 0 0
vn 0 1 0
vn 0 1 0
vn 0 1 0
vn 0 1 0
vn 0 -1 0
vn 0 -1 0
vn 0 -1 0
vn 0 -1 0
vn 0 0 1
vn 0 0 1
vn 0 0 1
vn 0 0 1
vn 0 0 -1
vn 0 0 -1
vn 0 0 -1
vn 0 0 -1
f 3577/3577/3577 3579/3579/3579 3578/3578/3578
f 3579/3579/3579 3580/3580/3580 3578/3578/3578
f 3581/3581/3581 3583/3583/3583 3582/3582/3582
f 3583/3583/3583 3584/3584/3584 3582/3582/3582
f 3585/3585/3585 3587/3587/3587 3586/3586/3586
f 3587/3587/3587 3588/3588/3588 3586/3586/3586
f 3589/3589/3589 3591/3591/3591 3590/3590/3590
f 3591/3591/3591 3592/3592/3592 3590/3590/3590
f 3593/3593/3593 3595/3595/3595 3594/3594/3594
f 3595/3595/3595 3596/3596/3596 3594/3594/3594
f 3597/3597/3597 3599/3599/3599 3598/3598/3598
f 3599/3599/3599 3600/3600/3600 3598/3598/3598
o rail_L_84
usemtl dark_bronze
v -0.2809968742448836 2.4068406242448837 0.10768437802046538
v -0.2809968742448836 2.4068406242448837 -0.10768437802046538
v -0.2809968742448836 2.318159375755116 0.10768437802046538
v -0.2809968742448836 2.318159375755116 -0.10768437802046538
v -0.31900312575511636 2.4068406242448837 -0.10768437802046538
v -0.31900312575511636 2.4068406242448837 0.10768437802046538
v -0.31900312575511636 2.318159375755116 -0.10768437802046538
v -0.31900312575511636 2.318159375755116 0.10768437802046538
v -0.31900312575511636 2.4068406242448837 -0.10768437802046538
v -0.2809968742448836 2.4068406242448837 -0.10768437802046538
v -0.31900312575511636 2.4068406242448837 0.10768437802046538
v -0.2809968742448836 2.4068406242448837 0.10768437802046538
v -0.31900312575511636 2.318159375755116 0.10768437802046538
v -0.2809968742448836 2.318159375755116 0.10768437802046538
v -0.31900312575511636 2.318159375755116 -0.10768437802046538
v -0.2809968742448836 2.318159375755116 -0.10768437802046538
v -0.31900312575511636 2.4068406242448837 0.10768437802046538
v -0.2809968742448836 2.4068406242448837 0.10768437802046538
v -0.31900312575511636 2.318159375755116 0.10768437802046538
v -0.2809968742448836 2.318159375755116 0.10768437802046538
v -0.2809968742448836 2.4068406242448837 -0.10768437802046538
v -0.31900312575511636 2.4068406242448837 -0.10768437802046538
v -0.2809968742448836 2.318159375755116 -0.10768437802046538
v -0.31900312575511636 2.318159375755116 -0.10768437802046538
vt 0.375 0.375
vt 0.5625 0.375
vt 0.375 0.3125
vt 0.5625 0.3125
vt 0.375 0.375
vt 0.5625 0.375
vt 0.375 0.3125
vt 0.5625 0.3125
vt 0.375 0.5
vt 0.4375 0.5
vt 0.375 0.3125
vt 0.4375 0.3125
vt 0.375 0.5
vt 0.4375 0.5
vt 0.375 0.3125
vt 0.4375 0.3125
vt 0.375 0.375
vt 0.4375 0.375
vt 0.375 0.3125
vt 0.4375 0.3125
vt 0.375 0.375
vt 0.4375 0.375
vt 0.375 0.3125
vt 0.4375 0.3125
vn 1 0 0
vn 1 0 0
vn 1 0 0
vn 1 0 0
vn -1 0 0
vn -1 0 0
vn -1 0 0
vn -1 0 0
vn 0 1 0
vn 0 1 0
vn 0 1 0
vn 0 1 0
vn 0 -1 0
vn 0 -1 0
vn 0 -1 0
vn 0 -1 0
vn 0 0 1
vn 0 0 1
vn 0 0 1
vn 0 0 1
vn 0 0 -1
vn 0 0 -1
vn 0 0 -1
vn 0 0 -1
f 3601/3601/3601 3603/3603/3603 3602/3602/3602
f 3603/3603/3603 3604/3604/3604 3602/3602/3602
f 3605/3605/3605 3607/3607/3607 3606/3606/3606
f 3607/3607/3607 3608/3608/3608 3606/3606/3606
f 3609/3609/3609 3611/3611/3611 3610/3610/3610
f 3611/3611/3611 3612/3612/3612 3610/3610/3610
f 3613/3613/3613 3615/3615/3615 3614/3614/3614
f 3615/3615/3615 3616/3616/3616 3614/3614/3614
f 3617/3617/3617 3619/3619/3619 3618/3618/3618
f 3619/3619/3619 3620/3620/3620 3618/3618/3618
f 3621/3621/3621 3623/3623/3623 3622/3622/3622
f 3623/3623/3623 3624/3624/3624 3622/3622/3622
o rail_L_85
usemtl dark_bronze
v -0.2804062492214143 2.920718749221414 0.11103125311434268
v -0.2804062492214143 2.920718749221414 -0.11103125311434268
v -0.2804062492214143 2.829281250778586 0.11103125311434268
v -0.2804062492214143 2.829281250778586 -0.11103125311434268
v -0.31959375077858565 2.920718749221414 -0.11103125311434268
v -0.31959375077858565 2.920718749221414 0.11103125311434268
v -0.31959375077858565 2.829281250778586 -0.11103125311434268
v -0.31959375077858565 2.829281250778586 0.11103125311434268
v -0.31959375077858565 2.920718749221414 -0.11103125311434268
v -0.2804062492214143 2.920718749221414 -0.11103125311434268
v -0.31959375077858565 2.920718749221414 0.11103125311434268
v -0.2804062492214143 2.920718749221414 0.11103125311434268
v -0.31959375077858565 2.829281250778586 0.11103125311434268
v -0.2804062492214143 2.829281250778586 0.11103125311434268
v -0.31959375077858565 2.829281250778586 -0.11103125311434268
v -0.2804062492214143 2.829281250778586 -0.11103125311434268
v -0.31959375077858565 2.920718749221414 0.11103125311434268
v -0.2804062492214143 2.920718749221414 0.11103125311434268
v -0.31959375077858565 2.829281250778586 0.11103125311434268
v -0.2804062492214143 2.829281250778586 0.11103125311434268
v -0.2804062492214143 2.920718749221414 -0.11103125311434268
v -0.31959375077858565 2.920718749221414 -0.11103125311434268
v -0.2804062492214143 2.829281250778586 -0.11103125311434268
v -0.31959375077858565 2.829281250778586 -0.11103125311434268
vt 0.375 0.375
vt 0.5625 0.375
vt 0.375 0.3125
vt 0.5625 0.3125
vt 0.375 0.375
vt 0.5625 0.375
vt 0.375 0.3125
vt 0.5625 0.3125
vt 0.375 0.5
vt 0.4375 0.5
vt 0.375 0.3125
vt 0.4375 0.3125
vt 0.375 0.5
vt 0.4375 0.5
vt 0.375 0.3125
vt 0.4375 0.3125
vt 0.375 0.375
vt 0.4375 0.375
vt 0.375 0.3125
vt 0.4375 0.3125
vt 0.375 0.375
vt 0.4375 0.375
vt 0.375 0.3125
vt 0.4375 0.3125
vn 1 0 0
vn 1 0 0
vn 1 0 0
vn 1 0 0
vn -1 0 0
vn -1 0 0
vn -1 0 0
vn -1 0 0
vn 0 1 0
vn 0 1 0
vn 0 1 0
vn 0 1 0
vn 0 -1 0
vn 0 -1 0
vn 0 -1 0
vn 0 -1 0
vn 0 0 1
vn 0 0 1
vn 0 0 1
vn 0 0 1
vn 0 0 -1
vn 0 0 -1
vn 0 0 -1
vn 0 0 -1
f 3625/3625/3625 3627/3627/3627 3626/3626/3626
f 3627/3627/3627 3628/3628/3628 3626/3626/3626
f 3629/3629/3629 3631/3631/3631 3630/3630/3630
f 3631/3631/3631 3632/3632/3632 3630/3630/3630
f 3633/3633/3633 3635/3635/3635 3634/3634/3634
f 3635/3635/3635 3636/3636/3636 3634/3634/3634
f 3637/3637/3637 3639/3639/3639 3638/3638/3638
f 3639/3639/3639 3640/3640/3640 3638/3638/3638
f 3641/3641/3641 3643/3643/3643 3642/3642/3642
f 3643/3643/3643 3644/3644/3644 3642/3642/3642
f 3645/3645/3645 3647/3647/3647 3646/3646/3646
f 3647/3647/3647 3648/3648/3648 3646/3646/3646
o rail_L_152
usemtl bright_gold
v -0.4225249992180615 0.8024750007819385 0.05247500078193844
v -0.4225249992180615 0.8024750007819385 -0.05247500078193844
v -0.4225249992180615 0.6975249992180615 0.05247500078193844
v -0.4225249992180615 0.6975249992180615 -0.05247500078193844
v -0.5274750007819384 0.8024750007819385 -0.05247500078193844
v -0.5274750007819384 0.8024750007819385 0.05247500078193844
v -0.5274750007819384 0.6975249992180615 -0.05247500078193844
v -0.5274750007819384 0.6975249992180615 0.05247500078193844
v -0.5274750007819384 0.8024750007819385 -0.05247500078193844
v -0.4225249992180615 0.8024750007819385 -0.05247500078193844
v -0.5274750007819384 0.8024750007819385 0.05247500078193844
v -0.4225249992180615 0.8024750007819385 0.05247500078193844
v -0.5274750007819384 0.6975249992180615 0.05247500078193844
v -0.4225249992180615 0.6975249992180615 0.05247500078193844
v -0.5274750007819384 0.6975249992180615 -0.05247500078193844
v -0.4225249992180615 0.6975249992180615 -0.05247500078193844
v -0.5274750007819384 0.8024750007819385 0.05247500078193844
v -0.4225249992180615 0.8024750007819385 0.05247500078193844
v -0.5274750007819384 0.6975249992180615 0.05247500078193844
v -0.4225249992180615 0.6975249992180615 0.05247500078193844
v -0.4225249992180615 0.8024750007819385 -0.05247500078193844
v -0.5274750007819384 0.8024750007819385 -0.05247500078193844
v -0.4225249992180615 0.6975249992180615 -0.05247500078193844
v -0.5274750007819384 0.6975249992180615 -0.05247500078193844
vt 0.4375 0.75
vt 0.5625 0.75
vt 0.4375 0.625
vt 0.5625 0.625
vt 0.4375 0.75
vt 0.5625 0.75
vt 0.4375 0.625
vt 0.5625 0.625
vt 0.4375 0.75
vt 0.5625 0.75
vt 0.4375 0.625
vt 0.5625 0.625
vt 0.4375 0.75
vt 0.5625 0.75
vt 0.4375 0.625
vt 0.5625 0.625
vt 0.4375 0.75
vt 0.5625 0.75
vt 0.4375 0.625
vt 0.5625 0.625
vt 0.4375 0.75
vt 0.5625 0.75
vt 0.4375 0.625
vt 0.5625 0.625
vn 1 0 0
vn 1 0 0
vn 1 0 0
vn 1 0 0
vn -1 0 0
vn -1 0 0
vn -1 0 0
vn -1 0 0
vn 0 1 0
vn 0 1 0
vn 0 1 0
vn 0 1 0
vn 0 -1 0
vn 0 -1 0
vn 0 -1 0
vn 0 -1 0
vn 0 0 1
vn 0 0 1
vn 0 0 1
vn 0 0 1
vn 0 0 -1
vn 0 0 -1
vn 0 0 -1
vn 0 0 -1
f 3649/3649/3649 3651/3651/3651 3650/3650/3650
f 3651/3651/3651 3652/3652/3652 3650/3650/3650
f 3653/3653/3653 3655/3655/3655 3654/3654/3654
f 3655/3655/3655 3656/3656/3656 3654/3654/3654
f 3657/3657/3657 3659/3659/3659 3658/3658/3658
f 3659/3659/3659 3660/3660/3660 3658/3658/3658
f 3661/3661/3661 3663/3663/3663 3662/3662/3662
f 3663/3663/3663 3664/3664/3664 3662/3662/3662
f 3665/3665/3665 3667/3667/3667 3666/3666/3666
f 3667/3667/3667 3668/3668/3668 3666/3666/3666
f 3669/3669/3669 3671/3671/3671 3670/3670/3670
f 3671/3671/3671 3672/3672/3672 3670/3670/3670
o rail_L_153
usemtl sun_gold
v -0.505546875 0.8319531250000001 0.031953125
v -0.505546875 0.8319531250000001 -0.031953125
v -0.505546875 0.768046875 0.031953125
v -0.505546875 0.768046875 -0.031953125
v -0.569453125 0.8319531250000001 -0.031953125
v -0.569453125 0.8319531250000001 0.031953125
v -0.569453125 0.768046875 -0.031953125
v -0.569453125 0.768046875 0.031953125
v -0.569453125 0.8319531250000001 -0.031953125
v -0.505546875 0.8319531250000001 -0.031953125
v -0.569453125 0.8319531250000001 0.031953125
v -0.505546875 0.8319531250000001 0.031953125
v -0.569453125 0.768046875 0.031953125
v -0.505546875 0.768046875 0.031953125
v -0.569453125 0.768046875 -0.031953125
v -0.505546875 0.768046875 -0.031953125
v -0.569453125 0.8319531250000001 0.031953125
v -0.505546875 0.8319531250000001 0.031953125
v -0.569453125 0.768046875 0.031953125
v -0.505546875 0.768046875 0.031953125
v -0.505546875 0.8319531250000001 -0.031953125
v -0.569453125 0.8319531250000001 -0.031953125
v -0.505546875 0.768046875 -0.031953125
v -0.569453125 0.768046875 -0.031953125
vt 0.0625 0.625
vt 0.125 0.625
vt 0.0625 0.5625
vt 0.125 0.5625
vt 0.0625 0.625
vt 0.125 0.625
vt 0.0625 0.5625
vt 0.125 0.5625
vt 0.0625 0.625
vt 0.125 0.625
vt 0.0625 0.5625
vt 0.125 0.5625
vt 0.0625 0.625
vt 0.125 0.625
vt 0.0625 0.5625
vt 0.125 0.5625
vt 0.0625 0.625
vt 0.125 0.625
vt 0.0625 0.5625
vt 0.125 0.5625
vt 0.0625 0.625
vt 0.125 0.625
vt 0.0625 0.5625
vt 0.125 0.5625
vn 1 0 0
vn 1 0 0
vn 1 0 0
vn 1 0 0
vn -1 0 0
vn -1 0 0
vn -1 0 0
vn -1 0 0
vn 0 1 0
vn 0 1 0
vn 0 1 0
vn 0 1 0
vn 0 -1 0
vn 0 -1 0
vn 0 -1 0
vn 0 -1 0
vn 0 0 1
vn 0 0 1
vn 0 0 1
vn 0 0 1
vn 0 0 -1
vn 0 0 -1
vn 0 0 -1
vn 0 0 -1
f 3673/3673/3673 3675/3675/3675 3674/3674/3674
f 3675/3675/3675 3676/3676/3676 3674/3674/3674
f 3677/3677/3677 3679/3679/3679 3678/3678/3678
f 3679/3679/3679 3680/3680/3680 3678/3678/3678
f 3681/3681/3681 3683/3683/3683 3682/3682/3682
f 3683/3683/3683 3684/3684/3684 3682/3682/3682
f 3685/3685/3685 3687/3687/3687 3686/3686/3686
f 3687/3687/3687 3688/3688/3688 3686/3686/3686
f 3689/3689/3689 3691/3691/3691 3690/3690/3690
f 3691/3691/3691 3692/3692/3692 3690/3690/3690
f 3693/3693/3693 3695/3695/3695 3694/3694/3694
f 3695/3695/3695 3696/3696/3696 3694/3694/3694
o rail_L_154
usemtl bright_gold
v -0.4222999992147088 1.0527000007852911 0.0527000007852912
v -0.4222999992147088 1.0527000007852911 -0.0527000007852912
v -0.4222999992147088 0.9472999992147088 0.0527000007852912
v -0.4222999992147088 0.9472999992147088 -0.0527000007852912
v -0.5277000007852912 1.0527000007852911 -0.0527000007852912
v -0.5277000007852912 1.0527000007852911 0.0527000007852912
v -0.5277000007852912 0.9472999992147088 -0.0527000007852912
v -0.5277000007852912 0.9472999992147088 0.0527000007852912
v -0.5277000007852912 1.0527000007852911 -0.0527000007852912
v -0.4222999992147088 1.0527000007852911 -0.0527000007852912
v -0.5277000007852912 1.0527000007852911 0.0527000007852912
v -0.4222999992147088 1.0527000007852911 0.0527000007852912
v -0.5277000007852912 0.9472999992147088 0.0527000007852912
v -0.4222999992147088 0.9472999992147088 0.0527000007852912
v -0.5277000007852912 0.9472999992147088 -0.0527000007852912
v -0.4222999992147088 0.9472999992147088 -0.0527000007852912
v -0.5277000007852912 1.0527000007852911 0.0527000007852912
v -0.4222999992147088 1.0527000007852911 0.0527000007852912
v -0.5277000007852912 0.9472999992147088 0.0527000007852912
v -0.4222999992147088 0.9472999992147088 0.0527000007852912
v -0.4222999992147088 1.0527000007852911 -0.0527000007852912
v -0.5277000007852912 1.0527000007852911 -0.0527000007852912
v -0.4222999992147088 0.9472999992147088 -0.0527000007852912
v -0.5277000007852912 0.9472999992147088 -0.0527000007852912
vt 0.4375 0.75
vt 0.5625 0.75
vt 0.4375 0.625
vt 0.5625 0.625
vt 0.4375 0.75
vt 0.5625 0.75
vt 0.4375 0.625
vt 0.5625 0.625
vt 0.4375 0.75
vt 0.5625 0.75
vt 0.4375 0.625
vt 0.5625 0.625
vt 0.4375 0.75
vt 0.5625 0.75
vt 0.4375 0.625
vt 0.5625 0.625
vt 0.4375 0.75
vt 0.5625 0.75
vt 0.4375 0.625
vt 0.5625 0.625
vt 0.4375 0.75
vt 0.5625 0.75
vt 0.4375 0.625
vt 0.5625 0.625
vn 1 0 0
vn 1 0 0
vn 1 0 0
vn 1 0 0
vn -1 0 0
vn -1 0 0
vn -1 0 0
vn -1 0 0
vn 0 1 0
vn 0 1 0
vn 0 1 0
vn 0 1 0
vn 0 -1 0
vn 0 -1 0
vn 0 -1 0
vn 0 -1 0
vn 0 0 1
vn 0 0 1
vn 0 0 1
vn 0 0 1
vn 0 0 -1
vn 0 0 -1
vn 0 0 -1
vn 0 0 -1
f 3697/3697/3697 3699/3699/3699 3698/3698/3698
f 3699/3699/3699 3700/3700/3700 3698/3698/3698
f 3701/3701/3701 3703/3703/3703 3702/3702/3702
f 3703/3703/3703 3704/3704/3704 3702/3702/3702
f 3705/3705/3705 3707/3707/3707 3706/3706/3706
f 3707/3707/3707 3708/3708/3708 3706/3706/3706
f 3709/3709/3709 3711/3711/3711 3710/3710/3710
f 3711/3711/3711 3712/3712/3712 3710/3710/3710
f 3713/3713/3713 3715/3715/3715 3714/3714/3714
f 3715/3715/3715 3716/3716/3716 3714/3714/3714
f 3717/3717/3717 3719/3719/3719 3718/3718/3718
f 3719/3719/3719 3720/3720/3720 3718/3718/3718
o rail_L_155
usemtl sun_gold
v -0.50540625 1.08209375 0.03209375
v -0.50540625 1.08209375 -0.03209375
v -0.50540625 1.01790625 0.03209375
v -0.50540625 1.01790625 -0.03209375
v -0.56959375 1.08209375 -0.03209375
v -0.56959375 1.08209375 0.03209375
v -0.56959375 1.01790625 -0.03209375
v -0.56959375 1.01790625 0.03209375
v -0.56959375 1.08209375 -0.03209375
v -0.50540625 1.08209375 -0.03209375
v -0.56959375 1.08209375 0.03209375
v -0.50540625 1.08209375 0.03209375
v -0.56959375 1.01790625 0.03209375
v -0.50540625 1.01790625 0.03209375
v -0.56959375 1.01790625 -0.03209375
v -0.50540625 1.01790625 -0.03209375
v -0.56959375 1.08209375 0.03209375
v -0.50540625 1.08209375 0.03209375
v -0.56959375 1.01790625 0.03209375
v -0.50540625 1.01790625 0.03209375
v -0.50540625 1.08209375 -0.03209375
v -0.56959375 1.08209375 -0.03209375
v -0.50540625 1.01790625 -0.03209375
v -0.56959375 1.01790625 -0.03209375
vt 0.0625 0.625
vt 0.125 0.625
vt 0.0625 0.5625
vt 0.125 0.5625
vt 0.0625 0.625
vt 0.125 0.625
vt 0.0625 0.5625
vt 0.125 0.5625
vt 0.0625 0.625
vt 0.125 0.625
vt 0.0625 0.5625
vt 0.125 0.5625
vt 0.0625 0.625
vt 0.125 0.625
vt 0.0625 0.5625
vt 0.125 0.5625
vt 0.0625 0.625
vt 0.125 0.625
vt 0.0625 0.5625
vt 0.125 0.5625
vt 0.0625 0.625
vt 0.125 0.625
vt 0.0625 0.5625
vt 0.125 0.5625
vn 1 0 0
vn 1 0 0
vn 1 0 0
vn 1 0 0
vn -1 0 0
vn -1 0 0
vn -1 0 0
vn -1 0 0
vn 0 1 0
vn 0 1 0
vn 0 1 0
vn 0 1 0
vn 0 -1 0
vn 0 -1 0
vn 0 -1 0
vn 0 -1 0
vn 0 0 1
vn 0 0 1
vn 0 0 1
vn 0 0 1
vn 0 0 -1
vn 0 0 -1
vn 0 0 -1
vn 0 0 -1
f 3721/3721/3721 3723/3723/3723 3722/3722/3722
f 3723/3723/3723 3724/3724/3724 3722/3722/3722
f 3725/3725/3725 3727/3727/3727 3726/3726/3726
f 3727/3727/3727 3728/3728/3728 3726/3726/3726
f 3729/3729/3729 3731/3731/3731 3730/3730/3730
f 3731/3731/3731 3732/3732/3732 3730/3730/3730
f 3733/3733/3733 3735/3735/3735 3734/3734/3734
f 3735/3735/3735 3736/3736/3736 3734/3734/3734
f 3737/3737/3737 3739/3739/3739 3738/3738/3738
f 3739/3739/3739 3740/3740/3740 3738/3738/3738
f 3741/3741/3741 3743/3743/3743 3742/3742/3742
f 3743/3743/3743 3744/3744/3744 3742/3742/3742
o rail_L_156
usemtl bright_gold
v -0.4249999992549419 1.300000000745058 0.05000000074505806
v -0.4249999992549419 1.300000000745058 -0.05000000074505806
v -0.4249999992549419 1.199999999254942 0.05000000074505806
v -0.4249999992549419 1.199999999254942 -0.05000000074505806
v -0.525000000745058 1.300000000745058 -0.05000000074505806
v -0.525000000745058 1.300000000745058 0.05000000074505806
v -0.525000000745058 1.199999999254942 -0.05000000074505806
v -0.525000000745058 1.199999999254942 0.05000000074505806
v -0.525000000745058 1.300000000745058 -0.05000000074505806
v -0.4249999992549419 1.300000000745058 -0.05000000074505806
v -0.525000000745058 1.300000000745058 0.05000000074505806
v -0.4249999992549419 1.300000000745058 0.05000000074505806
v -0.525000000745058 1.199999999254942 0.05000000074505806
v -0.4249999992549419 1.199999999254942 0.05000000074505806
v -0.525000000745058 1.199999999254942 -0.05000000074505806
v -0.4249999992549419 1.199999999254942 -0.05000000074505806
v -0.525000000745058 1.300000000745058 0.05000000074505806
v -0.4249999992549419 1.300000000745058 0.05000000074505806
v -0.525000000745058 1.199999999254942 0.05000000074505806
v -0.4249999992549419 1.199999999254942 0.05000000074505806
v -0.4249999992549419 1.300000000745058 -0.05000000074505806
v -0.525000000745058 1.300000000745058 -0.05000000074505806
v -0.4249999992549419 1.199999999254942 -0.05000000074505806
v -0.525000000745058 1.199999999254942 -0.05000000074505806
vt 0.4375 0.75
vt 0.5625 0.75
vt 0.4375 0.625
vt 0.5625 0.625
vt 0.4375 0.75
vt 0.5625 0.75
vt 0.4375 0.625
vt 0.5625 0.625
vt 0.4375 0.75
vt 0.5625 0.75
vt 0.4375 0.625
vt 0.5625 0.625
vt 0.4375 0.75
vt 0.5625 0.75
vt 0.4375 0.625
vt 0.5625 0.625
vt 0.4375 0.75
vt 0.5625 0.75
vt 0.4375 0.625
vt 0.5625 0.625
vt 0.4375 0.75
vt 0.5625 0.75
vt 0.4375 0.625
vt 0.5625 0.625
vn 1 0 0
vn 1 0 0
vn 1 0 0
vn 1 0 0
vn -1 0 0
vn -1 0 0
vn -1 0 0
vn -1 0 0
vn 0 1 0
vn 0 1 0
vn 0 1 0
vn 0 1 0
vn 0 -1 0
vn 0 -1 0
vn 0 -1 0
vn 0 -1 0
vn 0 0 1
vn 0 0 1
vn 0 0 1
vn 0 0 1
vn 0 0 -1
vn 0 0 -1
vn 0 0 -1
vn 0 0 -1
f 3745/3745/3745 3747/3747/3747 3746/3746/3746
f 3747/3747/3747 3748/3748/3748 3746/3746/3746
f 3749/3749/3749 3751/3751/3751 3750/3750/3750
f 3751/3751/3751 3752/3752/3752 3750/3750/3750
f 3753/3753/3753 3755/3755/3755 3754/3754/3754
f 3755/3755/3755 3756/3756/3756 3754/3754/3754
f 3757/3757/3757 3759/3759/3759 3758/3758/3758
f 3759/3759/3759 3760/3760/3760 3758/3758/3758
f 3761/3761/3761 3763/3763/3763 3762/3762/3762
f 3763/3763/3763 3764/3764/3764 3762/3762/3762
f 3765/3765/3765 3767/3767/3767 3766/3766/3766
f 3767/3767/3767 3768/3768/3768 3766/3766/3766
o rail_L_157
usemtl sun_gold
v -0.5052656249999999 1.332234375 0.032234375
v -0.5052656249999999 1.332234375 -0.032234375
v -0.5052656249999999 1.267765625 0.032234375
v -0.5052656249999999 1.267765625 -0.032234375
v -0.569734375 1.332234375 -0.032234375
v -0.569734375 1.332234375 0.032234375
v -0.569734375 1.267765625 -0.032234375
v -0.569734375 1.267765625 0.032234375
v -0.569734375 1.332234375 -0.032234375
v -0.5052656249999999 1.332234375 -0.032234375
v -0.569734375 1.332234375 0.032234375
v -0.5052656249999999 1.332234375 0.032234375
v -0.569734375 1.267765625 0.032234375
v -0.5052656249999999 1.267765625 0.032234375
v -0.569734375 1.267765625 -0.032234375
v -0.5052656249999999 1.267765625 -0.032234375
v -0.569734375 1.332234375 0.032234375
v -0.5052656249999999 1.332234375 0.032234375
v -0.569734375 1.267765625 0.032234375
v -0.5052656249999999 1.267765625 0.032234375
v -0.5052656249999999 1.332234375 -0.032234375
v -0.569734375 1.332234375 -0.032234375
v -0.5052656249999999 1.267765625 -0.032234375
v -0.569734375 1.267765625 -0.032234375
vt 0.0625 0.625
vt 0.125 0.625
vt 0.0625 0.5625
vt 0.125 0.5625
vt 0.0625 0.625
vt 0.125 0.625
vt 0.0625 0.5625
vt 0.125 0.5625
vt 0.0625 0.625
vt 0.125 0.625
vt 0.0625 0.5625
vt 0.125 0.5625
vt 0.0625 0.625
vt 0.125 0.625
vt 0.0625 0.5625
vt 0.125 0.5625
vt 0.0625 0.625
vt 0.125 0.625
vt 0.0625 0.5625
vt 0.125 0.5625
vt 0.0625 0.625
vt 0.125 0.625
vt 0.0625 0.5625
vt 0.125 0.5625
vn 1 0 0
vn 1 0 0
vn 1 0 0
vn 1 0 0
vn -1 0 0
vn -1 0 0
vn -1 0 0
vn -1 0 0
vn 0 1 0
vn 0 1 0
vn 0 1 0
vn 0 1 0
vn 0 -1 0
vn 0 -1 0
vn 0 -1 0
vn 0 -1 0
vn 0 0 1
vn 0 0 1
vn 0 0 1
vn 0 0 1
vn 0 0 -1
vn 0 0 -1
vn 0 0 -1
vn 0 0 -1
f 3769/3769/3769 3771/3771/3771 3770/3770/3770
f 3771/3771/3771 3772/3772/3772 3770/3770/3770
f 3773/3773/3773 3775/3775/3775 3774/3774/3774
f 3775/3775/3775 3776/3776/3776 3774/3774/3774
f 3777/3777/3777 3779/3779/3779 3778/3778/3778
f 3779/3779/3779 3780/3780/3780 3778/3778/3778
f 3781/3781/3781 3783/3783/3783 3782/3782/3782
f 3783/3783/3783 3784/3784/3784 3782/3782/3782
f 3785/3785/3785 3787/3787/3787 3786/3786/3786
f 3787/3787/3787 3788/3788/3788 3786/3786/3786
f 3789/3789/3789 3791/3791/3791 3790/3790/3790
f 3791/3791/3791 3792/3792/3792 3790/3790/3790
o rail_L_158
usemtl bright_gold
v -0.4247749992515892 1.5502250007484109 0.05022500074841082
v -0.4247749992515892 1.5502250007484109 -0.05022500074841082
v -0.4247749992515892 1.4497749992515891 0.05022500074841082
v -0.4247749992515892 1.4497749992515891 -0.05022500074841082
v -0.5252250007484108 1.5502250007484109 -0.05022500074841082
v -0.5252250007484108 1.5502250007484109 0.05022500074841082
v -0.5252250007484108 1.4497749992515891 -0.05022500074841082
v -0.5252250007484108 1.4497749992515891 0.05022500074841082
v -0.5252250007484108 1.5502250007484109 -0.05022500074841082
v -0.4247749992515892 1.5502250007484109 -0.05022500074841082
v -0.5252250007484108 1.5502250007484109 0.05022500074841082
v -0.4247749992515892 1.5502250007484109 0.05022500074841082
v -0.5252250007484108 1.4497749992515891 0.05022500074841082
v -0.4247749992515892 1.4497749992515891 0.05022500074841082
v -0.5252250007484108 1.4497749992515891 -0.05022500074841082
v -0.4247749992515892 1.4497749992515891 -0.05022500074841082
v -0.5252250007484108 1.5502250007484109 0.05022500074841082
v -0.4247749992515892 1.5502250007484109 0.05022500074841082
v -0.5252250007484108 1.4497749992515891 0.05022500074841082
v -0.4247749992515892 1.4497749992515891 0.05022500074841082
v -0.4247749992515892 1.5502250007484109 -0.05022500074841082
v -0.5252250007484108 1.5502250007484109 -0.05022500074841082
v -0.4247749992515892 1.4497749992515891 -0.05022500074841082
v -0.5252250007484108 1.4497749992515891 -0.05022500074841082
vt 0.4375 0.75
vt 0.5625 0.75
vt 0.4375 0.625
vt 0.5625 0.625
vt 0.4375 0.75
vt 0.5625 0.75
vt 0.4375 0.625
vt 0.5625 0.625
vt 0.4375 0.75
vt 0.5625 0.75
vt 0.4375 0.625
vt 0.5625 0.625
vt 0.4375 0.75
vt 0.5625 0.75
vt 0.4375 0.625
vt 0.5625 0.625
vt 0.4375 0.75
vt 0.5625 0.75
vt 0.4375 0.625
vt 0.5625 0.625
vt 0.4375 0.75
vt 0.5625 0.75
vt 0.4375 0.625
vt 0.5625 0.625
vn 1 0 0
vn 1 0 0
vn 1 0 0
vn 1 0 0
vn -1 0 0
vn -1 0 0
vn -1 0 0
vn -1 0 0
vn 0 1 0
vn 0 1 0
vn 0 1 0
vn 0 1 0
vn 0 -1 0
vn 0 -1 0
vn 0 -1 0
vn 0 -1 0
vn 0 0 1
vn 0 0 1
vn 0 0 1
vn 0 0 1
vn 0 0 -1
vn 0 0 -1
vn 0 0 -1
vn 0 0 -1
f 3793/3793/3793 3795/3795/3795 3794/3794/3794
f 3795/3795/3795 3796/3796/3796 3794/3794/3794
f 3797/3797/3797 3799/3799/3799 3798/3798/3798
f 3799/3799/3799 3800/3800/3800 3798/3798/3798
f 3801/3801/3801 3803/3803/3803 3802/3802/3802
f 3803/3803/3803 3804/3804/3804 3802/3802/3802
f 3805/3805/3805 3807/3807/3807 3806/3806/3806
f 3807/3807/3807 3808/3808/3808 3806/3806/3806
f 3809/3809/3809 3811/3811/3811 3810/3810/3810
f 3811/3811/3811 3812/3812/3812 3810/3810/3810
f 3813/3813/3813 3815/3815/3815 3814/3814/3814
f 3815/3815/3815 3816/3816/3816 3814/3814/3814
o rail_L_159
usemtl sun_gold
v -0.5051249999999999 1.582375 0.032375
v -0.5051249999999999 1.582375 -0.032375
v -0.5051249999999999 1.517625 0.032375
v -0.5051249999999999 1.517625 -0.032375
v -0.569875 1.582375 -0.032375
v -0.569875 1.582375 0.032375
v -0.569875 1.517625 -0.032375
v -0.569875 1.517625 0.032375
v -0.569875 1.582375 -0.032375
v -0.5051249999999999 1.582375 -0.032375
v -0.569875 1.582375 0.032375
v -0.5051249999999999 1.582375 0.032375
v -0.569875 1.517625 0.032375
v -0.5051249999999999 1.517625 0.032375
v -0.569875 1.517625 -0.032375
v -0.5051249999999999 1.517625 -0.032375
v -0.569875 1.582375 0.032375
v -0.5051249999999999 1.582375 0.032375
v -0.569875 1.517625 0.032375
v -0.5051249999999999 1.517625 0.032375
v -0.5051249999999999 1.582375 -0.032375
v -0.569875 1.582375 -0.032375
v -0.5051249999999999 1.517625 -0.032375
v -0.569875 1.517625 -0.032375
vt 0.0625 0.625
vt 0.125 0.625
vt 0.0625 0.5625
vt 0.125 0.5625
vt 0.0625 0.625
vt 0.125 0.625
vt 0.0625 0.5625
vt 0.125 0.5625
vt 0.0625 0.625
vt 0.125 0.625
vt 0.0625 0.5625
vt 0.125 0.5625
vt 0.0625 0.625
vt 0.125 0.625
vt 0.0625 0.5625
vt 0.125 0.5625
vt 0.0625 0.625
vt 0.125 0.625
vt 0.0625 0.5625
vt 0.125 0.5625
vt 0.0625 0.625
vt 0.125 0.625
vt 0.0625 0.5625
vt 0.125 0.5625
vn 1 0 0
vn 1 0 0
vn 1 0 0
vn 1 0 0
vn -1 0 0
vn -1 0 0
vn -1 0 0
vn -1 0 0
vn 0 1 0
vn 0 1 0
vn 0 1 0
vn 0 1 0
vn 0 -1 0
vn 0 -1 0
vn 0 -1 0
vn 0 -1 0
vn 0 0 1
vn 0 0 1
vn 0 0 1
vn 0 0 1
vn 0 0 -1
vn 0 0 -1
vn 0 0 -1
vn 0 0 -1
f 3817/3817/3817 3819/3819/3819 3818/3818/3818
f 3819/3819/3819 3820/3820/3820 3818/3818/3818
f 3821/3821/3821 3823/3823/3823 3822/3822/3822
f 3823/3823/3823 3824/3824/3824 3822/3822/3822
f 3825/3825/3825 3827/3827/3827 3826/3826/3826
f 3827/3827/3827 3828/3828/3828 3826/3826/3826
f 3829/3829/3829 3831/3831/3831 3830/3830/3830
f 3831/3831/3831 3832/3832/3832 3830/3830/3830
f 3833/3833/3833 3835/3835/3835 3834/3834/3834
f 3835/3835/3835 3836/3836/3836 3834/3834/3834
f 3837/3837/3837 3839/3839/3839 3838/3838/3838
f 3839/3839/3839 3840/3840/3840 3838/3838/3838
o rail_L_160
usemtl bright_gold
v -0.4245499992482364 1.8004500007517636 0.05045000075176358
v -0.4245499992482364 1.8004500007517636 -0.05045000075176358
v -0.4245499992482364 1.6995499992482364 0.05045000075176358
v -0.4245499992482364 1.6995499992482364 -0.05045000075176358
v -0.5254500007517635 1.8004500007517636 -0.05045000075176358
v -0.5254500007517635 1.8004500007517636 0.05045000075176358
v -0.5254500007517635 1.6995499992482364 -0.05045000075176358
v -0.5254500007517635 1.6995499992482364 0.05045000075176358
v -0.5254500007517635 1.8004500007517636 -0.05045000075176358
v -0.4245499992482364 1.8004500007517636 -0.05045000075176358
v -0.5254500007517635 1.8004500007517636 0.05045000075176358
v -0.4245499992482364 1.8004500007517636 0.05045000075176358
v -0.5254500007517635 1.6995499992482364 0.05045000075176358
v -0.4245499992482364 1.6995499992482364 0.05045000075176358
v -0.5254500007517635 1.6995499992482364 -0.05045000075176358
v -0.4245499992482364 1.6995499992482364 -0.05045000075176358
v -0.5254500007517635 1.8004500007517636 0.05045000075176358
v -0.4245499992482364 1.8004500007517636 0.05045000075176358
v -0.5254500007517635 1.6995499992482364 0.05045000075176358
v -0.4245499992482364 1.6995499992482364 0.05045000075176358
v -0.4245499992482364 1.8004500007517636 -0.05045000075176358
v -0.5254500007517635 1.8004500007517636 -0.05045000075176358
v -0.4245499992482364 1.6995499992482364 -0.05045000075176358
v -0.5254500007517635 1.6995499992482364 -0.05045000075176358
vt 0.4375 0.75
vt 0.5625 0.75
vt 0.4375 0.625
vt 0.5625 0.625
vt 0.4375 0.75
vt 0.5625 0.75
vt 0.4375 0.625
vt 0.5625 0.625
vt 0.4375 0.75
vt 0.5625 0.75
vt 0.4375 0.625
vt 0.5625 0.625
vt 0.4375 0.75
vt 0.5625 0.75
vt 0.4375 0.625
vt 0.5625 0.625
vt 0.4375 0.75
vt 0.5625 0.75
vt 0.4375 0.625
vt 0.5625 0.625
vt 0.4375 0.75
vt 0.5625 0.75
vt 0.4375 0.625
vt 0.5625 0.625
vn 0.9999999999999999 0 0
vn 0.9999999999999999 0 0
vn 0.9999999999999999 0 0
vn 0.9999999999999999 0 0
vn -0.9999999999999999 0 0
vn -0.9999999999999999 0 0
vn -0.9999999999999999 0 0
vn -0.9999999999999999 0 0
vn 0 0.9999999999999999 0
vn 0 0.9999999999999999 0
vn 0 0.9999999999999999 0
vn 0 0.9999999999999999 0
vn 0 -0.9999999999999999 0
vn 0 -0.9999999999999999 0
vn 0 -0.9999999999999999 0
vn 0 -0.9999999999999999 0
vn 0 0 0.9999999999999999
vn 0 0 0.9999999999999999
vn 0 0 0.9999999999999999
vn 0 0 0.9999999999999999
vn 0 0 -0.9999999999999999
vn 0 0 -0.9999999999999999
vn 0 0 -0.9999999999999999
vn 0 0 -0.9999999999999999
f 3841/3841/3841 3843/3843/3843 3842/3842/3842
f 3843/3843/3843 3844/3844/3844 3842/3842/3842
f 3845/3845/3845 3847/3847/3847 3846/3846/3846
f 3847/3847/3847 3848/3848/3848 3846/3846/3846
f 3849/3849/3849 3851/3851/3851 3850/3850/3850
f 3851/3851/3851 3852/3852/3852 3850/3850/3850
f 3853/3853/3853 3855/3855/3855 3854/3854/3854
f 3855/3855/3855 3856/3856/3856 3854/3854/3854
f 3857/3857/3857 3859/3859/3859 3858/3858/3858
f 3859/3859/3859 3860/3860/3860 3858/3858/3858
f 3861/3861/3861 3863/3863/3863 3862/3862/3862
f 3863/3863/3863 3864/3864/3864 3862/3862/3862
o rail_L_161
usemtl sun_gold
v -0.5049843749999999 1.832515625 0.032515625
v -0.5049843749999999 1.832515625 -0.032515625
v -0.5049843749999999 1.767484375 0.032515625
v -0.5049843749999999 1.767484375 -0.032515625
v -0.570015625 1.832515625 -0.032515625
v -0.570015625 1.832515625 0.032515625
v -0.570015625 1.767484375 -0.032515625
v -0.570015625 1.767484375 0.032515625
v -0.570015625 1.832515625 -0.032515625
v -0.5049843749999999 1.832515625 -0.032515625
v -0.570015625 1.832515625 0.032515625
v -0.5049843749999999 1.832515625 0.032515625
v -0.570015625 1.767484375 0.032515625
v -0.5049843749999999 1.767484375 0.032515625
v -0.570015625 1.767484375 -0.032515625
v -0.5049843749999999 1.767484375 -0.032515625
v -0.570015625 1.832515625 0.032515625
v -0.5049843749999999 1.832515625 0.032515625
v -0.570015625 1.767484375 0.032515625
v -0.5049843749999999 1.767484375 0.032515625
v -0.5049843749999999 1.832515625 -0.032515625
v -0.570015625 1.832515625 -0.032515625
v -0.5049843749999999 1.767484375 -0.032515625
v -0.570015625 1.767484375 -0.032515625
vt 0.0625 0.625
vt 0.125 0.625
vt 0.0625 0.5625
vt 0.125 0.5625
vt 0.0625 0.625
vt 0.125 0.625
vt 0.0625 0.5625
vt 0.125 0.5625
vt 0.0625 0.625
vt 0.125 0.625
vt 0.0625 0.5625
vt 0.125 0.5625
vt 0.0625 0.625
vt 0.125 0.625
vt 0.0625 0.5625
vt 0.125 0.5625
vt 0.0625 0.625
vt 0.125 0.625
vt 0.0625 0.5625
vt 0.125 0.5625
vt 0.0625 0.625
vt 0.125 0.625
vt 0.0625 0.5625
vt 0.125 0.5625
vn 1 0 0
vn 1 0 0
vn 1 0 0
vn 1 0 0
vn -1 0 0
vn -1 0 0
vn -1 0 0
vn -1 0 0
vn 0 1 0
vn 0 1 0
vn 0 1 0
vn 0 1 0
vn 0 -1 0
vn 0 -1 0
vn 0 -1 0
vn 0 -1 0
vn 0 0 1
vn 0 0 1
vn 0 0 1
vn 0 0 1
vn 0 0 -1
vn 0 0 -1
vn 0 0 -1
vn 0 0 -1
f 3865/3865/3865 3867/3867/3867 3866/3866/3866
f 3867/3867/3867 3868/3868/3868 3866/3866/3866
f 3869/3869/3869 3871/3871/3871 3870/3870/3870
f 3871/3871/3871 3872/3872/3872 3870/3870/3870
f 3873/3873/3873 3875/3875/3875 3874/3874/3874
f 3875/3875/3875 3876/3876/3876 3874/3874/3874
f 3877/3877/3877 3879/3879/3879 3878/3878/3878
f 3879/3879/3879 3880/3880/3880 3878/3878/3878
f 3881/3881/3881 3883/3883/3883 3882/3882/3882
f 3883/3883/3883 3884/3884/3884 3882/3882/3882
f 3885/3885/3885 3887/3887/3887 3886/3886/3886
f 3887/3887/3887 3888/3888/3888 3886/3886/3886
o rail_L_162
usemtl bright_gold
v -0.42432499924488365 2.0506750007551164 0.05067500075511635
v -0.42432499924488365 2.0506750007551164 -0.05067500075511635
v -0.42432499924488365 1.9493249992448836 0.05067500075511635
v -0.42432499924488365 1.9493249992448836 -0.05067500075511635
v -0.5256750007551163 2.0506750007551164 -0.05067500075511635
v -0.5256750007551163 2.0506750007551164 0.05067500075511635
v -0.5256750007551163 1.9493249992448836 -0.05067500075511635
v -0.5256750007551163 1.9493249992448836 0.05067500075511635
v -0.5256750007551163 2.0506750007551164 -0.05067500075511635
v -0.42432499924488365 2.0506750007551164 -0.05067500075511635
v -0.5256750007551163 2.0506750007551164 0.05067500075511635
v -0.42432499924488365 2.0506750007551164 0.05067500075511635
v -0.5256750007551163 1.9493249992448836 0.05067500075511635
v -0.42432499924488365 1.9493249992448836 0.05067500075511635
v -0.5256750007551163 1.9493249992448836 -0.05067500075511635
v -0.42432499924488365 1.9493249992448836 -0.05067500075511635
v -0.5256750007551163 2.0506750007551164 0.05067500075511635
v -0.42432499924488365 2.0506750007551164 0.05067500075511635
v -0.5256750007551163 1.9493249992448836 0.05067500075511635
v -0.42432499924488365 1.9493249992448836 0.05067500075511635
v -0.42432499924488365 2.0506750007551164 -0.05067500075511635
v -0.5256750007551163 2.0506750007551164 -0.05067500075511635
v -0.42432499924488365 1.9493249992448836 -0.05067500075511635
v -0.5256750007551163 1.9493249992448836 -0.05067500075511635
vt 0.4375 0.75
vt 0.5625 0.75
vt 0.4375 0.625
vt 0.5625 0.625
vt 0.4375 0.75
vt 0.5625 0.75
vt 0.4375 0.625
vt 0.5625 0.625
vt 0.4375 0.75
vt 0.5625 0.75
vt 0.4375 0.625
vt 0.5625 0.625
vt 0.4375 0.75
vt 0.5625 0.75
vt 0.4375 0.625
vt 0.5625 0.625
vt 0.4375 0.75
vt 0.5625 0.75
vt 0.4375 0.625
vt 0.5625 0.625
vt 0.4375 0.75
vt 0.5625 0.75
vt 0.4375 0.625
vt 0.5625 0.625
vn 1 0 0
vn 1 0 0
vn 1 0 0
vn 1 0 0
vn -1 0 0
vn -1 0 0
vn -1 0 0
vn -1 0 0
vn 0 1 0
vn 0 1 0
vn 0 1 0
vn 0 1 0
vn 0 -1 0
vn 0 -1 0
vn 0 -1 0
vn 0 -1 0
vn 0 0 1
vn 0 0 1
vn 0 0 1
vn 0 0 1
vn 0 0 -1
vn 0 0 -1
vn 0 0 -1
vn 0 0 -1
f 3889/3889/3889 3891/3891/3891 3890/3890/3890
f 3891/3891/3891 3892/3892/3892 3890/3890/3890
f 3893/3893/3893 3895/3895/3895 3894/3894/3894
f 3895/3895/3895 3896/3896/3896 3894/3894/3894
f 3897/3897/3897 3899/3899/3899 3898/3898/3898
f 3899/3899/3899 3900/3900/3900 3898/3898/3898
f 3901/3901/3901 3903/3903/3903 3902/3902/3902
f 3903/3903/3903 3904/3904/3904 3902/3902/3902
f 3905/3905/3905 3907/3907/3907 3906/3906/3906
f 3907/3907/3907 3908/3908/3908 3906/3906/3906
f 3909/3909/3909 3911/3911/3911 3910/3910/3910
f 3911/3911/3911 3912/3912/3912 3910/3910/3910
o rail_L_163
usemtl sun_gold
v -0.50484375 2.08265625 0.03265625
v -0.50484375 2.08265625 -0.03265625
v -0.50484375 2.0173437499999998 0.03265625
v -0.50484375 2.0173437499999998 -0.03265625
v -0.5701562499999999 2.08265625 -0.03265625
v -0.5701562499999999 2.08265625 0.03265625
v -0.5701562499999999 2.0173437499999998 -0.03265625
v -0.5701562499999999 2.0173437499999998 0.03265625
v -0.5701562499999999 2.08265625 -0.03265625
v -0.50484375 2.08265625 -0.03265625
v -0.5701562499999999 2.08265625 0.03265625
v -0.50484375 2.08265625 0.03265625
v -0.5701562499999999 2.0173437499999998 0.03265625
v -0.50484375 2.0173437499999998 0.03265625
v -0.5701562499999999 2.0173437499999998 -0.03265625
v -0.50484375 2.0173437499999998 -0.03265625
v -0.5701562499999999 2.08265625 0.03265625
v -0.50484375 2.08265625 0.03265625
v -0.5701562499999999 2.0173437499999998 0.03265625
v -0.50484375 2.0173437499999998 0.03265625
v -0.50484375 2.08265625 -0.03265625
v -0.5701562499999999 2.08265625 -0.03265625
v -0.50484375 2.0173437499999998 -0.03265625
v -0.5701562499999999 2.0173437499999998 -0.03265625
vt 0.0625 0.625
vt 0.125 0.625
vt 0.0625 0.5625
vt 0.125 0.5625
vt 0.0625 0.625
vt 0.125 0.625
vt 0.0625 0.5625
vt 0.125 0.5625
vt 0.0625 0.625
vt 0.125 0.625
vt 0.0625 0.5625
vt 0.125 0.5625
vt 0.0625 0.625
vt 0.125 0.625
vt 0.0625 0.5625
vt 0.125 0.5625
vt 0.0625 0.625
vt 0.125 0.625
vt 0.0625 0.5625
vt 0.125 0.5625
vt 0.0625 0.625
vt 0.125 0.625
vt 0.0625 0.5625
vt 0.125 0.5625
vn 1 0 0
vn 1 0 0
vn 1 0 0
vn 1 0 0
vn -1 0 0
vn -1 0 0
vn -1 0 0
vn -1 0 0
vn 0 1 0
vn 0 1 0
vn 0 1 0
vn 0 1 0
vn 0 -1 0
vn 0 -1 0
vn 0 -1 0
vn 0 -1 0
vn 0 0 1
vn 0 0 1
vn 0 0 1
vn 0 0 1
vn 0 0 -1
vn 0 0 -1
vn 0 0 -1
vn 0 0 -1
f 3913/3913/3913 3915/3915/3915 3914/3914/3914
f 3915/3915/3915 3916/3916/3916 3914/3914/3914
f 3917/3917/3917 3919/3919/3919 3918/3918/3918
f 3919/3919/3919 3920/3920/3920 3918/3918/3918
f 3921/3921/3921 3923/3923/3923 3922/3922/3922
f 3923/3923/3923 3924/3924/3924 3922/3922/3922
f 3925/3925/3925 3927/3927/3927 3926/3926/3926
f 3927/3927/3927 3928/3928/3928 3926/3926/3926
f 3929/3929/3929 3931/3931/3931 3930/3930/3930
f 3931/3931/3931 3932/3932/3932 3930/3930/3930
f 3933/3933/3933 3935/3935/3935 3934/3934/3934
f 3935/3935/3935 3936/3936/3936 3934/3934/3934
o rail_L_164
usemtl bright_gold
v -0.42409999924153086 2.3009000007584692 0.05090000075846911
v -0.42409999924153086 2.3009000007584692 -0.05090000075846911
v -0.42409999924153086 2.1990999992415308 0.05090000075846911
v -0.42409999924153086 2.1990999992415308 -0.05090000075846911
v -0.5259000007584691 2.3009000007584692 -0.05090000075846911
v -0.5259000007584691 2.3009000007584692 0.05090000075846911
v -0.5259000007584691 2.1990999992415308 -0.05090000075846911
v -0.5259000007584691 2.1990999992415308 0.05090000075846911
v -0.5259000007584691 2.3009000007584692 -0.05090000075846911
v -0.42409999924153086 2.3009000007584692 -0.05090000075846911
v -0.5259000007584691 2.3009000007584692 0.05090000075846911
v -0.42409999924153086 2.3009000007584692 0.05090000075846911
v -0.5259000007584691 2.1990999992415308 0.05090000075846911
v -0.42409999924153086 2.1990999992415308 0.05090000075846911
v -0.5259000007584691 2.1990999992415308 -0.05090000075846911
v -0.42409999924153086 2.1990999992415308 -0.05090000075846911
v -0.5259000007584691 2.3009000007584692 0.05090000075846911
v -0.42409999924153086 2.3009000007584692 0.05090000075846911
v -0.5259000007584691 2.1990999992415308 0.05090000075846911
v -0.42409999924153086 2.1990999992415308 0.05090000075846911
v -0.42409999924153086 2.3009000007584692 -0.05090000075846911
v -0.5259000007584691 2.3009000007584692 -0.05090000075846911
v -0.42409999924153086 2.1990999992415308 -0.05090000075846911
v -0.5259000007584691 2.1990999992415308 -0.05090000075846911
vt 0.4375 0.75
vt 0.5625 0.75
vt 0.4375 0.625
vt 0.5625 0.625
vt 0.4375 0.75
vt 0.5625 0.75
vt 0.4375 0.625
vt 0.5625 0.625
vt 0.4375 0.75
vt 0.5625 0.75
vt 0.4375 0.625
vt 0.5625 0.625
vt 0.4375 0.75
vt 0.5625 0.75
vt 0.4375 0.625
vt 0.5625 0.625
vt 0.4375 0.75
vt 0.5625 0.75
vt 0.4375 0.625
vt 0.5625 0.625
vt 0.4375 0.75
vt 0.5625 0.75
vt 0.4375 0.625
vt 0.5625 0.625
vn 0.9999999999999999 0 0
vn 0.9999999999999999 0 0
vn 0.9999999999999999 0 0
vn 0.9999999999999999 0 0
vn -0.9999999999999999 0 0
vn -0.9999999999999999 0 0
vn -0.9999999999999999 0 0
vn -0.9999999999999999 0 0
vn 0 0.9999999999999999 0
vn 0 0.9999999999999999 0
vn 0 0.9999999999999999 0
vn 0 0.9999999999999999 0
vn 0 -0.9999999999999999 0
vn 0 -0.9999999999999999 0
vn 0 -0.9999999999999999 0
vn 0 -0.9999999999999999 0
vn 0 0 0.9999999999999999
vn 0 0 0.9999999999999999
vn 0 0 0.9999999999999999
vn 0 0 0.9999999999999999
vn 0 0 -0.9999999999999999
vn 0 0 -0.9999999999999999
vn 0 0 -0.9999999999999999
vn 0 0 -0.9999999999999999
f 3937/3937/3937 3939/3939/3939 3938/3938/3938
f 3939/3939/3939 3940/3940/3940 3938/3938/3938
f 3941/3941/3941 3943/3943/3943 3942/3942/3942
f 3943/3943/3943 3944/3944/3944 3942/3942/3942
f 3945/3945/3945 3947/3947/3947 3946/3946/3946
f 3947/3947/3947 3948/3948/3948 3946/3946/3946
f 3949/3949/3949 3951/3951/3951 3950/3950/3950
f 3951/3951/3951 3952/3952/3952 3950/3950/3950
f 3953/3953/3953 3955/3955/3955 3954/3954/3954
f 3955/3955/3955 3956/3956/3956 3954/3954/3954
f 3957/3957/3957 3959/3959/3959 3958/3958/3958
f 3959/3959/3959 3960/3960/3960 3958/3958/3958
o rail_L_165
usemtl sun_gold
v -0.504703125 2.3327968749999997 0.032796875
v -0.504703125 2.3327968749999997 -0.032796875
v -0.504703125 2.267203125 0.032796875
v -0.504703125 2.267203125 -0.032796875
v -0.5702968749999999 2.3327968749999997 -0.032796875
v -0.5702968749999999 2.3327968749999997 0.032796875
v -0.5702968749999999 2.267203125 -0.032796875
v -0.5702968749999999 2.267203125 0.032796875
v -0.5702968749999999 2.3327968749999997 -0.032796875
v -0.504703125 2.3327968749999997 -0.032796875
v -0.5702968749999999 2.3327968749999997 0.032796875
v -0.504703125 2.3327968749999997 0.032796875
v -0.5702968749999999 2.267203125 0.032796875
v -0.504703125 2.267203125 0.032796875
v -0.5702968749999999 2.267203125 -0.032796875
v -0.504703125 2.267203125 -0.032796875
v -0.5702968749999999 2.3327968749999997 0.032796875
v -0.504703125 2.3327968749999997 0.032796875
v -0.5702968749999999 2.267203125 0.032796875
v -0.504703125 2.267203125 0.032796875
v -0.504703125 2.3327968749999997 -0.032796875
v -0.5702968749999999 2.3327968749999997 -0.032796875
v -0.504703125 2.267203125 -0.032796875
v -0.5702968749999999 2.267203125 -0.032796875
vt 0.0625 0.625
vt 0.125 0.625
vt 0.0625 0.5625
vt 0.125 0.5625
vt 0.0625 0.625
vt 0.125 0.625
vt 0.0625 0.5625
vt 0.125 0.5625
vt 0.0625 0.625
vt 0.125 0.625
vt 0.0625 0.5625
vt 0.125 0.5625
vt 0.0625 0.625
vt 0.125 0.625
vt 0.0625 0.5625
vt 0.125 0.5625
vt 0.0625 0.625
vt 0.125 0.625
vt 0.0625 0.5625
vt 0.125 0.5625
vt 0.0625 0.625
vt 0.125 0.625
vt 0.0625 0.5625
vt 0.125 0.5625
vn 1 0 0
vn 1 0 0
vn 1 0 0
vn 1 0 0
vn -1 0 0
vn -1 0 0
vn -1 0 0
vn -1 0 0
vn 0 1 0
vn 0 1 0
vn 0 1 0
vn 0 1 0
vn 0 -1 0
vn 0 -1 0
vn 0 -1 0
vn 0 -1 0
vn 0 0 1
vn 0 0 1
vn 0 0 1
vn 0 0 1
vn 0 0 -1
vn 0 0 -1
vn 0 0 -1
vn 0 0 -1
f 3961/3961/3961 3963/3963/3963 3962/3962/3962
f 3963/3963/3963 3964/3964/3964 3962/3962/3962
f 3965/3965/3965 3967/3967/3967 3966/3966/3966
f 3967/3967/3967 3968/3968/3968 3966/3966/3966
f 3969/3969/3969 3971/3971/3971 3970/3970/3970
f 3971/3971/3971 3972/3972/3972 3970/3970/3970
f 3973/3973/3973 3975/3975/3975 3974/3974/3974
f 3975/3975/3975 3976/3976/3976 3974/3974/3974
f 3977/3977/3977 3979/3979/3979 3978/3978/3978
f 3979/3979/3979 3980/3980/3980 3978/3978/3978
f 3981/3981/3981 3983/3983/3983 3982/3982/3982
f 3983/3983/3983 3984/3984/3984 3982/3982/3982
o rail_L_166
usemtl bright_gold
v -0.4238749992381781 2.551125000761822 0.051125000761821866
v -0.4238749992381781 2.551125000761822 -0.051125000761821866
v -0.4238749992381781 2.448874999238178 0.051125000761821866
v -0.4238749992381781 2.448874999238178 -0.051125000761821866
v -0.5261250007618219 2.551125000761822 -0.051125000761821866
v -0.5261250007618219 2.551125000761822 0.051125000761821866
v -0.5261250007618219 2.448874999238178 -0.051125000761821866
v -0.5261250007618219 2.448874999238178 0.051125000761821866
v -0.5261250007618219 2.551125000761822 -0.051125000761821866
v -0.4238749992381781 2.551125000761822 -0.051125000761821866
v -0.5261250007618219 2.551125000761822 0.051125000761821866
v -0.4238749992381781 2.551125000761822 0.051125000761821866
v -0.5261250007618219 2.448874999238178 0.051125000761821866
v -0.4238749992381781 2.448874999238178 0.051125000761821866
v -0.5261250007618219 2.448874999238178 -0.051125000761821866
v -0.4238749992381781 2.448874999238178 -0.051125000761821866
v -0.5261250007618219 2.551125000761822 0.051125000761821866
v -0.4238749992381781 2.551125000761822 0.051125000761821866
v -0.5261250007618219 2.448874999238178 0.051125000761821866
v -0.4238749992381781 2.448874999238178 0.051125000761821866
v -0.4238749992381781 2.551125000761822 -0.051125000761821866
v -0.5261250007618219 2.551125000761822 -0.051125000761821866
v -0.4238749992381781 2.448874999238178 -0.051125000761821866
v -0.5261250007618219 2.448874999238178 -0.051125000761821866
vt 0.4375 0.75
vt 0.5625 0.75
vt 0.4375 0.625
vt 0.5625 0.625
vt 0.4375 0.75
vt 0.5625 0.75
vt 0.4375 0.625
vt 0.5625 0.625
vt 0.4375 0.75
vt 0.5625 0.75
vt 0.4375 0.625
vt 0.5625 0.625
vt 0.4375 0.75
vt 0.5625 0.75
vt 0.4375 0.625
vt 0.5625 0.625
vt 0.4375 0.75
vt 0.5625 0.75
vt 0.4375 0.625
vt 0.5625 0.625
vt 0.4375 0.75
vt 0.5625 0.75
vt 0.4375 0.625
vt 0.5625 0.625
vn 1 0 0
vn 1 0 0
vn 1 0 0
vn 1 0 0
vn -1 0 0
vn -1 0 0
vn -1 0 0
vn -1 0 0
vn 0 1 0
vn 0 1 0
vn 0 1 0
vn 0 1 0
vn 0 -1 0
vn 0 -1 0
vn 0 -1 0
vn 0 -1 0
vn 0 0 1
vn 0 0 1
vn 0 0 1
vn 0 0 1
vn 0 0 -1
vn 0 0 -1
vn 0 0 -1
vn 0 0 -1
f 3985/3985/3985 3987/3987/3987 3986/3986/3986
f 3987/3987/3987 3988/3988/3988 3986/3986/3986
f 3989/3989/3989 3991/3991/3991 3990/3990/3990
f 3991/3991/3991 3992/3992/3992 3990/3990/3990
f 3993/3993/3993 3995/3995/3995 3994/3994/3994
f 3995/3995/3995 3996/3996/3996 3994/3994/3994
f 3997/3997/3997 3999/3999/3999 3998/3998/3998
f 3999/3999/3999 4000/4000/4000 3998/3998/3998
f 4001/4001/4001 4003/4003/4003 4002/4002/4002
f 4003/4003/4003 4004/4004/4004 4002/4002/4002
f 4005/4005/4005 4007/4007/4007 4006/4006/4006
f 4007/4007/4007 4008/4008/4008 4006/4006/4006
o rail_L_167
usemtl sun_gold
v -0.5045625 2.5829375 0.0329375
v -0.5045625 2.5829375 -0.0329375
v -0.5045625 2.5170624999999998 0.0329375
v -0.5045625 2.5170624999999998 -0.0329375
v -0.5704374999999999 2.5829375 -0.0329375
v -0.5704374999999999 2.5829375 0.0329375
v -0.5704374999999999 2.5170624999999998 -0.0329375
v -0.5704374999999999 2.5170624999999998 0.0329375
v -0.5704374999999999 2.5829375 -0.0329375
v -0.5045625 2.5829375 -0.0329375
v -0.5704374999999999 2.5829375 0.0329375
v -0.5045625 2.5829375 0.0329375
v -0.5704374999999999 2.5170624999999998 0.0329375
v -0.5045625 2.5170624999999998 0.0329375
v -0.5704374999999999 2.5170624999999998 -0.0329375
v -0.5045625 2.5170624999999998 -0.0329375
v -0.5704374999999999 2.5829375 0.0329375
v -0.5045625 2.5829375 0.0329375
v -0.5704374999999999 2.5170624999999998 0.0329375
v -0.5045625 2.5170624999999998 0.0329375
v -0.5045625 2.5829375 -0.0329375
v -0.5704374999999999 2.5829375 -0.0329375
v -0.5045625 2.5170624999999998 -0.0329375
v -0.5704374999999999 2.5170624999999998 -0.0329375
vt 0.0625 0.625
vt 0.125 0.625
vt 0.0625 0.5625
vt 0.125 0.5625
vt 0.0625 0.625
vt 0.125 0.625
vt 0.0625 0.5625
vt 0.125 0.5625
vt 0.0625 0.625
vt 0.125 0.625
vt 0.0625 0.5625
vt 0.125 0.5625
vt 0.0625 0.625
vt 0.125 0.625
vt 0.0625 0.5625
vt 0.125 0.5625
vt 0.0625 0.625
vt 0.125 0.625
vt 0.0625 0.5625
vt 0.125 0.5625
vt 0.0625 0.625
vt 0.125 0.625
vt 0.0625 0.5625
vt 0.125 0.5625
vn 1 0 0
vn 1 0 0
vn 1 0 0
vn 1 0 0
vn -1 0 0
vn -1 0 0
vn -1 0 0
vn -1 0 0
vn 0 1 0
vn 0 1 0
vn 0 1 0
vn 0 1 0
vn 0 -1 0
vn 0 -1 0
vn 0 -1 0
vn 0 -1 0
vn 0 0 1
vn 0 0 1
vn 0 0 1
vn 0 0 1
vn 0 0 -1
vn 0 0 -1
vn 0 0 -1
vn 0 0 -1
f 4009/4009/4009 4011/4011/4011 4010/4010/4010
f 4011/4011/4011 4012/4012/4012 4010/4010/4010
f 4013/4013/4013 4015/4015/4015 4014/4014/4014
f 4015/4015/4015 4016/4016/4016 4014/4014/4014
f 4017/4017/4017 4019/4019/4019 4018/4018/4018
f 4019/4019/4019 4020/4020/4020 4018/4018/4018
f 4021/4021/4021 4023/4023/4023 4022/4022/4022
f 4023/4023/4023 4024/4024/4024 4022/4022/4022
f 4025/4025/4025 4027/4027/4027 4026/4026/4026
f 4027/4027/4027 4028/4028/4028 4026/4026/4026
f 4029/4029/4029 4031/4031/4031 4030/4030/4030
f 4031/4031/4031 4032/4032/4032 4030/4030/4030
o rail_L_168
usemtl bright_gold
v -0.4236499992348254 2.801350000765175 0.051350000765174625
v -0.4236499992348254 2.801350000765175 -0.051350000765174625
v -0.4236499992348254 2.698649999234825 0.051350000765174625
v -0.4236499992348254 2.698649999234825 -0.051350000765174625
v -0.5263500007651746 2.801350000765175 -0.051350000765174625
v -0.5263500007651746 2.801350000765175 0.051350000765174625
v -0.5263500007651746 2.698649999234825 -0.051350000765174625
v -0.5263500007651746 2.698649999234825 0.051350000765174625
v -0.5263500007651746 2.801350000765175 -0.051350000765174625
v -0.4236499992348254 2.801350000765175 -0.051350000765174625
v -0.5263500007651746 2.801350000765175 0.051350000765174625
v -0.4236499992348254 2.801350000765175 0.051350000765174625
v -0.5263500007651746 2.698649999234825 0.051350000765174625
v -0.4236499992348254 2.698649999234825 0.051350000765174625
v -0.5263500007651746 2.698649999234825 -0.051350000765174625
v -0.4236499992348254 2.698649999234825 -0.051350000765174625
v -0.5263500007651746 2.801350000765175 0.051350000765174625
v -0.4236499992348254 2.801350000765175 0.051350000765174625
v -0.5263500007651746 2.698649999234825 0.051350000765174625
v -0.4236499992348254 2.698649999234825 0.051350000765174625
v -0.4236499992348254 2.801350000765175 -0.051350000765174625
v -0.5263500007651746 2.801350000765175 -0.051350000765174625
v -0.4236499992348254 2.698649999234825 -0.051350000765174625
v -0.5263500007651746 2.698649999234825 -0.051350000765174625
vt 0.4375 0.75
vt 0.5625 0.75
vt 0.4375 0.625
vt 0.5625 0.625
vt 0.4375 0.75
vt 0.5625 0.75
vt 0.4375 0.625
vt 0.5625 0.625
vt 0.4375 0.75
vt 0.5625 0.75
vt 0.4375 0.625
vt 0.5625 0.625
vt 0.4375 0.75
vt 0.5625 0.75
vt 0.4375 0.625
vt 0.5625 0.625
vt 0.4375 0.75
vt 0.5625 0.75
vt 0.4375 0.625
vt 0.5625 0.625
vt 0.4375 0.75
vt 0.5625 0.75
vt 0.4375 0.625
vt 0.5625 0.625
vn 1 0 0
vn 1 0 0
vn 1 0 0
vn 1 0 0
vn -1 0 0
vn -1 0 0
vn -1 0 0
vn -1 0 0
vn 0 1 0
vn 0 1 0
vn 0 1 0
vn 0 1 0
vn 0 -1 0
vn 0 -1 0
vn 0 -1 0
vn 0 -1 0
vn 0 0 1
vn 0 0 1
vn 0 0 1
vn 0 0 1
vn 0 0 -1
vn 0 0 -1
vn 0 0 -1
vn 0 0 -1
f 4033/4033/4033 4035/4035/4035 4034/4034/4034
f 4035/4035/4035 4036/4036/4036 4034/4034/4034
f 4037/4037/4037 4039/4039/4039 4038/4038/4038
f 4039/4039/4039 4040/4040/4040 4038/4038/4038
f 4041/4041/4041 4043/4043/4043 4042/4042/4042
f 4043/4043/4043 4044/4044/4044 4042/4042/4042
f 4045/4045/4045 4047/4047/4047 4046/4046/4046
f 4047/4047/4047 4048/4048/4048 4046/4046/4046
f 4049/4049/4049 4051/4051/4051 4050/4050/4050
f 4051/4051/4051 4052/4052/4052 4050/4050/4050
f 4053/4053/4053 4055/4055/4055 4054/4054/4054
f 4055/4055/4055 4056/4056/4056 4054/4054/4054
o rail_L_169
usemtl sun_gold
v -0.50625 2.83125 0.03125
v -0.50625 2.83125 -0.03125
v -0.50625 2.76875 0.03125
v -0.50625 2.76875 -0.03125
v -0.56875 2.83125 -0.03125
v -0.56875 2.83125 0.03125
v -0.56875 2.76875 -0.03125
v -0.56875 2.76875 0.03125
v -0.56875 2.83125 -0.03125
v -0.50625 2.83125 -0.03125
v -0.56875 2.83125 0.03125
v -0.50625 2.83125 0.03125
v -0.56875 2.76875 0.03125
v -0.50625 2.76875 0.03125
v -0.56875 2.76875 -0.03125
v -0.50625 2.76875 -0.03125
v -0.56875 2.83125 0.03125
v -0.50625 2.83125 0.03125
v -0.56875 2.76875 0.03125
v -0.50625 2.76875 0.03125
v -0.50625 2.83125 -0.03125
v -0.56875 2.83125 -0.03125
v -0.50625 2.76875 -0.03125
v -0.56875 2.76875 -0.03125
vt 0.0625 0.625
vt 0.125 0.625
vt 0.0625 0.5625
vt 0.125 0.5625
vt 0.0625 0.625
vt 0.125 0.625
vt 0.0625 0.5625
vt 0.125 0.5625
vt 0.0625 0.625
vt 0.125 0.625
vt 0.0625 0.5625
vt 0.125 0.5625
vt 0.0625 0.625
vt 0.125 0.625
vt 0.0625 0.5625
vt 0.125 0.5625
vt 0.0625 0.625
vt 0.125 0.625
vt 0.0625 0.5625
vt 0.125 0.5625
vt 0.0625 0.625
vt 0.125 0.625
vt 0.0625 0.5625
vt 0.125 0.5625
vn 1 0 0
vn 1 0 0
vn 1 0 0
vn 1 0 0
vn -1 0 0
vn -1 0 0
vn -1 0 0
vn -1 0 0
vn 0 1 0
vn 0 1 0
vn 0 1 0
vn 0 1 0
vn 0 -1 0
vn 0 -1 0
vn 0 -1 0
vn 0 -1 0
vn 0 0 1
vn 0 0 1
vn 0 0 1
vn 0 0 1
vn 0 0 -1
vn 0 0 -1
vn 0 0 -1
vn 0 0 -1
f 4057/4057/4057 4059/4059/4059 4058/4058/4058
f 4059/4059/4059 4060/4060/4060 4058/4058/4058
f 4061/4061/4061 4063/4063/4063 4062/4062/4062
f 4063/4063/4063 4064/4064/4064 4062/4062/4062
f 4065/4065/4065 4067/4067/4067 4066/4066/4066
f 4067/4067/4067 4068/4068/4068 4066/4066/4066
f 4069/4069/4069 4071/4071/4071 4070/4070/4070
f 4071/4071/4071 4072/4072/4072 4070/4070/4070
f 4073/4073/4073 4075/4075/4075 4074/4074/4074
f 4075/4075/4075 4076/4076/4076 4074/4074/4074
f 4077/4077/4077 4079/4079/4079 4078/4078/4078
f 4079/4079/4079 4080/4080/4080 4078/4078/4078
o rail_L_170
usemtl bright_gold
v -0.4234249992314726 3.051575000768527 0.05157500076852739
v -0.4234249992314726 3.051575000768527 -0.05157500076852739
v -0.4234249992314726 2.948424999231473 0.05157500076852739
v -0.4234249992314726 2.948424999231473 -0.05157500076852739
v -0.5265750007685274 3.051575000768527 -0.05157500076852739
v -0.5265750007685274 3.051575000768527 0.05157500076852739
v -0.5265750007685274 2.948424999231473 -0.05157500076852739
v -0.5265750007685274 2.948424999231473 0.05157500076852739
v -0.5265750007685274 3.051575000768527 -0.05157500076852739
v -0.4234249992314726 3.051575000768527 -0.05157500076852739
v -0.5265750007685274 3.051575000768527 0.05157500076852739
v -0.4234249992314726 3.051575000768527 0.05157500076852739
v -0.5265750007685274 2.948424999231473 0.05157500076852739
v -0.4234249992314726 2.948424999231473 0.05157500076852739
v -0.5265750007685274 2.948424999231473 -0.05157500076852739
v -0.4234249992314726 2.948424999231473 -0.05157500076852739
v -0.5265750007685274 3.051575000768527 0.05157500076852739
v -0.4234249992314726 3.051575000768527 0.05157500076852739
v -0.5265750007685274 2.948424999231473 0.05157500076852739
v -0.4234249992314726 2.948424999231473 0.05157500076852739
v -0.4234249992314726 3.051575000768527 -0.05157500076852739
v -0.5265750007685274 3.051575000768527 -0.05157500076852739
v -0.4234249992314726 2.948424999231473 -0.05157500076852739
v -0.5265750007685274 2.948424999231473 -0.05157500076852739
vt 0.4375 0.75
vt 0.5625 0.75
vt 0.4375 0.625
vt 0.5625 0.625
vt 0.4375 0.75
vt 0.5625 0.75
vt 0.4375 0.625
vt 0.5625 0.625
vt 0.4375 0.75
vt 0.5625 0.75
vt 0.4375 0.625
vt 0.5625 0.625
vt 0.4375 0.75
vt 0.5625 0.75
vt 0.4375 0.625
vt 0.5625 0.625
vt 0.4375 0.75
vt 0.5625 0.75
vt 0.4375 0.625
vt 0.5625 0.625
vt 0.4375 0.75
vt 0.5625 0.75
vt 0.4375 0.625
vt 0.5625 0.625
vn 1 0 0
vn 1 0 0
vn 1 0 0
vn 1 0 0
vn -1 0 0
vn -1 0 0
vn -1 0 0
vn -1 0 0
vn 0 1 0
vn 0 1 0
vn 0 1 0
vn 0 1 0
vn 0 -1 0
vn 0 -1 0
vn 0 -1 0
vn 0 -1 0
vn 0 0 1
vn 0 0 1
vn 0 0 1
vn 0 0 1
vn 0 0 -1
vn 0 0 -1
vn 0 0 -1
vn 0 0 -1
f 4081/4081/4081 4083/4083/4083 4082/4082/4082
f 4083/4083/4083 4084/4084/4084 4082/4082/4082
f 4085/4085/4085 4087/4087/4087 4086/4086/4086
f 4087/4087/4087 4088/4088/4088 4086/4086/4086
f 4089/4089/4089 4091/4091/4091 4090/4090/4090
f 4091/4091/4091 4092/4092/4092 4090/4090/4090
f 4093/4093/4093 4095/4095/4095 4094/4094/4094
f 4095/4095/4095 4096/4096/4096 4094/4094/4094
f 4097/4097/4097 4099/4099/4099 4098/4098/4098
f 4099/4099/4099 4100/4100/4100 4098/4098/4098
f 4101/4101/4101 4103/4103/4103 4102/4102/4102
f 4103/4103/4103 4104/4104/4104 4102/4102/4102
o rail_L_171
usemtl sun_gold
v -0.506109375 3.0813906249999996 0.031390625
v -0.506109375 3.0813906249999996 -0.031390625
v -0.506109375 3.018609375 0.031390625
v -0.506109375 3.018609375 -0.031390625
v -0.568890625 3.0813906249999996 -0.031390625
v -0.568890625 3.0813906249999996 0.031390625
v -0.568890625 3.018609375 -0.031390625
v -0.568890625 3.018609375 0.031390625
v -0.568890625 3.0813906249999996 -0.031390625
v -0.506109375 3.0813906249999996 -0.031390625
v -0.568890625 3.0813906249999996 0.031390625
v -0.506109375 3.0813906249999996 0.031390625
v -0.568890625 3.018609375 0.031390625
v -0.506109375 3.018609375 0.031390625
v -0.568890625 3.018609375 -0.031390625
v -0.506109375 3.018609375 -0.031390625
v -0.568890625 3.0813906249999996 0.031390625
v -0.506109375 3.0813906249999996 0.031390625
v -0.568890625 3.018609375 0.031390625
v -0.506109375 3.018609375 0.031390625
v -0.506109375 3.0813906249999996 -0.031390625
v -0.568890625 3.0813906249999996 -0.031390625
v -0.506109375 3.018609375 -0.031390625
v -0.568890625 3.018609375 -0.031390625
vt 0.0625 0.625
vt 0.125 0.625
vt 0.0625 0.5625
vt 0.125 0.5625
vt 0.0625 0.625
vt 0.125 0.625
vt 0.0625 0.5625
vt 0.125 0.5625
vt 0.0625 0.625
vt 0.125 0.625
vt 0.0625 0.5625
vt 0.125 0.5625
vt 0.0625 0.625
vt 0.125 0.625
vt 0.0625 0.5625
vt 0.125 0.5625
vt 0.0625 0.625
vt 0.125 0.625
vt 0.0625 0.5625
vt 0.125 0.5625
vt 0.0625 0.625
vt 0.125 0.625
vt 0.0625 0.5625
vt 0.125 0.5625
vn 1 0 0
vn 1 0 0
vn 1 0 0
vn 1 0 0
vn -1 0 0
vn -1 0 0
vn -1 0 0
vn -1 0 0
vn 0 1 0
vn 0 1 0
vn 0 1 0
vn 0 1 0
vn 0 -1 0
vn 0 -1 0
vn 0 -1 0
vn 0 -1 0
vn 0 0 1
vn 0 0 1
vn 0 0 1
vn 0 0 1
vn 0 0 -1
vn 0 0 -1
vn 0 0 -1
vn 0 0 -1
f 4105/4105/4105 4107/4107/4107 4106/4106/4106
f 4107/4107/4107 4108/4108/4108 4106/4106/4106
f 4109/4109/4109 4111/4111/4111 4110/4110/4110
f 4111/4111/4111 4112/4112/4112 4110/4110/4110
f 4113/4113/4113 4115/4115/4115 4114/4114/4114
f 4115/4115/4115 4116/4116/4116 4114/4114/4114
f 4117/4117/4117 4119/4119/4119 4118/4118/4118
f 4119/4119/4119 4120/4120/4120 4118/4118/4118
f 4121/4121/4121 4123/4123/4123 4122/4122/4122
f 4123/4123/4123 4124/4124/4124 4122/4122/4122
f 4125/4125/4125 4127/4127/4127 4126/4126/4126
f 4127/4127/4127 4128/4128/4128 4126/4126/4126
o rail_R_86
usemtl sun_gold
v 0.3763500030338764 3.1480625 0.10180000151693822
v 0.3763500030338764 3.1480625 -0.10180000151693822
v 0.3763500030338764 0.5394375 0.10180000151693822
v 0.3763500030338764 0.5394375 -0.10180000151693822
v 0.2236499969661236 3.1480625 -0.10180000151693822
v 0.2236499969661236 3.1480625 0.10180000151693822
v 0.2236499969661236 0.5394375 -0.10180000151693822
v 0.2236499969661236 0.5394375 0.10180000151693822
v 0.2236499969661236 3.1480625 -0.10180000151693822
v 0.3763500030338764 3.1480625 -0.10180000151693822
v 0.2236499969661236 3.1480625 0.10180000151693822
v 0.3763500030338764 3.1480625 0.10180000151693822
v 0.2236499969661236 0.5394375 0.10180000151693822
v 0.3763500030338764 0.5394375 0.10180000151693822
v 0.2236499969661236 0.5394375 -0.10180000151693822
v 0.3763500030338764 0.5394375 -0.10180000151693822
v 0.2236499969661236 3.1480625 0.10180000151693822
v 0.3763500030338764 3.1480625 0.10180000151693822
v 0.2236499969661236 0.5394375 0.10180000151693822
v 0.3763500030338764 0.5394375 0.10180000151693822
v 0.3763500030338764 3.1480625 -0.10180000151693822
v 0.2236499969661236 3.1480625 -0.10180000151693822
v 0.3763500030338764 0.5394375 -0.10180000151693822
v 0.2236499969661236 0.5394375 -0.10180000151693822
vt 0.1875 2.875
vt 0.375 2.875
vt 0.1875 0.3125
vt 0.375 0.3125
vt 0.1875 2.875
vt 0.375 2.875
vt 0.1875 0.3125
vt 0.375 0.3125
vt 0.1875 0.5
vt 0.3125 0.5
vt 0.1875 0.3125
vt 0.3125 0.3125
vt 0.1875 0.5
vt 0.3125 0.5
vt 0.1875 0.3125
vt 0.3125 0.3125
vt 0.1875 2.875
vt 0.3125 2.875
vt 0.1875 0.3125
vt 0.3125 0.3125
vt 0.1875 2.875
vt 0.3125 2.875
vt 0.1875 0.3125
vt 0.3125 0.3125
vn 0.9999999999999999 0 0
vn 0.9999999999999999 0 0
vn 0.9999999999999999 0 0
vn 0.9999999999999999 0 0
vn -0.9999999999999999 0 0
vn -0.9999999999999999 0 0
vn -0.9999999999999999 0 0
vn -0.9999999999999999 0 0
vn 0 0.9999999999999999 0
vn 0 0.9999999999999999 0
vn 0 0.9999999999999999 0
vn 0 0.9999999999999999 0
vn 0 -0.9999999999999999 0
vn 0 -0.9999999999999999 0
vn 0 -0.9999999999999999 0
vn 0 -0.9999999999999999 0
vn 0 0 0.9999999999999999
vn 0 0 0.9999999999999999
vn 0 0 0.9999999999999999
vn 0 0 0.9999999999999999
vn 0 0 -0.9999999999999999
vn 0 0 -0.9999999999999999
vn 0 0 -0.9999999999999999
vn 0 0 -0.9999999999999999
f 4129/4129/4129 4131/4131/4131 4130/4130/4130
f 4131/4131/4131 4132/4132/4132 4130/4130/4130
f 4133/4133/4133 4135/4135/4135 4134/4134/4134
f 4135/4135/4135 4136/4136/4136 4134/4134/4134
f 4137/4137/4137 4139/4139/4139 4138/4138/4138
f 4139/4139/4139 4140/4140/4140 4138/4138/4138
f 4141/4141/4141 4143/4143/4143 4142/4142/4142
f 4143/4143/4143 4144/4144/4144 4142/4142/4142
f 4145/4145/4145 4147/4147/4147 4146/4146/4146
f 4147/4147/4147 4148/4148/4148 4146/4146/4146
f 4149/4149/4149 4151/4151/4151 4150/4150/4150
f 4151/4151/4151 4152/4152/4152 4150/4150/4150
o rail_R_87
usemtl bright_gold
v 0.439046875 3.1884218750000004 0.06559375
v 0.439046875 3.1884218750000004 -0.06559375
v 0.439046875 0.4990781249999998 0.06559375
v 0.439046875 0.4990781249999998 -0.06559375
v 0.373453125 3.1884218750000004 -0.06559375
v 0.373453125 3.1884218750000004 0.06559375
v 0.373453125 0.4990781249999998 -0.06559375
v 0.373453125 0.4990781249999998 0.06559375
v 0.373453125 3.1884218750000004 -0.06559375
v 0.439046875 3.1884218750000004 -0.06559375
v 0.373453125 3.1884218750000004 0.06559375
v 0.439046875 3.1884218750000004 0.06559375
v 0.373453125 0.4990781249999998 0.06559375
v 0.439046875 0.4990781249999998 0.06559375
v 0.373453125 0.4990781249999998 -0.06559375
v 0.439046875 0.4990781249999998 -0.06559375
v 0.373453125 3.1884218750000004 0.06559375
v 0.439046875 3.1884218750000004 0.06559375
v 0.373453125 0.4990781249999998 0.06559375
v 0.439046875 0.4990781249999998 0.06559375
v 0.439046875 3.1884218750000004 -0.06559375
v 0.373453125 3.1884218750000004 -0.06559375
v 0.439046875 0.4990781249999998 -0.06559375
v 0.373453125 0.4990781249999998 -0.06559375
vt 0.3125 3.25
vt 0.4375 3.25
vt 0.3125 0.6875
vt 0.4375 0.6875
vt 0.3125 3.25
vt 0.4375 3.25
vt 0.3125 0.6875
vt 0.4375 0.6875
vt 0.3125 0.8125
vt 0.375 0.8125
vt 0.3125 0.6875
vt 0.375 0.6875
vt 0.3125 0.8125
vt 0.375 0.8125
vt 0.3125 0.6875
vt 0.375 0.6875
vt 0.3125 3.25
vt 0.375 3.25
vt 0.3125 0.6875
vt 0.375 0.6875
vt 0.3125 3.25
vt 0.375 3.25
vt 0.3125 0.6875
vt 0.375 0.6875
vn 1 0 0
vn 1 0 0
vn 1 0 0
vn 1 0 0
vn -1 0 0
vn -1 0 0
vn -1 0 0
vn -1 0 0
vn 0 1 0
vn 0 1 0
vn 0 1 0
vn 0 1 0
vn 0 -1 0
vn 0 -1 0
vn 0 -1 0
vn 0 -1 0
vn 0 0 1
vn 0 0 1
vn 0 0 1
vn 0 0 1
vn 0 0 -1
vn 0 0 -1
vn 0 0 -1
vn 0 0 -1
f 4153/4153/4153 4155/4155/4155 4154/4154/4154
f 4155/4155/4155 4156/4156/4156 4154/4154/4154
f 4157/4157/4157 4159/4159/4159 4158/4158/4158
f 4159/4159/4159 4160/4160/4160 4158/4158/4158
f 4161/4161/4161 4163/4163/4163 4162/4162/4162
f 4163/4163/4163 4164/4164/4164 4162/4162/4162
f 4165/4165/4165 4167/4167/4167 4166/4166/4166
f 4167/4167/4167 4168/4168/4168 4166/4166/4166
f 4169/4169/4169 4171/4171/4171 4170/4170/4170
f 4171/4171/4171 4172/4172/4172 4170/4170/4170
f 4173/4173/4173 4175/4175/4175 4174/4174/4174
f 4175/4175/4175 4176/4176/4176 4174/4174/4174
o rail_R_88
usemtl dark_bronze
v 0.3191718757618219 0.8697343742381781 0.10864062804728745
v 0.3191718757618219 0.8697343742381781 -0.10864062804728745
v 0.3191718757618219 0.7802656257618218 0.10864062804728745
v 0.3191718757618219 0.7802656257618218 -0.10864062804728745
v 0.2808281242381781 0.8697343742381781 -0.10864062804728745
v 0.2808281242381781 0.8697343742381781 0.10864062804728745
v 0.2808281242381781 0.7802656257618218 -0.10864062804728745
v 0.2808281242381781 0.7802656257618218 0.10864062804728745
v 0.2808281242381781 0.8697343742381781 -0.10864062804728745
v 0.3191718757618219 0.8697343742381781 -0.10864062804728745
v 0.2808281242381781 0.8697343742381781 0.10864062804728745
v 0.3191718757618219 0.8697343742381781 0.10864062804728745
v 0.2808281242381781 0.7802656257618218 0.10864062804728745
v 0.3191718757618219 0.7802656257618218 0.10864062804728745
v 0.2808281242381781 0.7802656257618218 -0.10864062804728745
v 0.3191718757618219 0.7802656257618218 -0.10864062804728745
v 0.2808281242381781 0.8697343742381781 0.10864062804728745
v 0.3191718757618219 0.8697343742381781 0.10864062804728745
v 0.2808281242381781 0.7802656257618218 0.10864062804728745
v 0.3191718757618219 0.7802656257618218 0.10864062804728745
v 0.3191718757618219 0.8697343742381781 -0.10864062804728745
v 0.2808281242381781 0.8697343742381781 -0.10864062804728745
v 0.3191718757618219 0.7802656257618218 -0.10864062804728745
v 0.2808281242381781 0.7802656257618218 -0.10864062804728745
vt 0.375 0.375
vt 0.5625 0.375
vt 0.375 0.3125
vt 0.5625 0.3125
vt 0.375 0.375
vt 0.5625 0.375
vt 0.375 0.3125
vt 0.5625 0.3125
vt 0.375 0.5
vt 0.4375 0.5
vt 0.375 0.3125
vt 0.4375 0.3125
vt 0.375 0.5
vt 0.4375 0.5
vt 0.375 0.3125
vt 0.4375 0.3125
vt 0.375 0.375
vt 0.4375 0.375
vt 0.375 0.3125
vt 0.4375 0.3125
vt 0.375 0.375
vt 0.4375 0.375
vt 0.375 0.3125
vt 0.4375 0.3125
vn 1 0 0
vn 1 0 0
vn 1 0 0
vn 1 0 0
vn -1 0 0
vn -1 0 0
vn -1 0 0
vn -1 0 0
vn 0 1 0
vn 0 1 0
vn 0 1 0
vn 0 1 0
vn 0 -1 0
vn 0 -1 0
vn 0 -1 0
vn 0 -1 0
vn 0 0 1
vn 0 0 1
vn 0 0 1
vn 0 0 1
vn 0 0 -1
vn 0 0 -1
vn 0 0 -1
vn 0 0 -1
f 4177/4177/4177 4179/4179/4179 4178/4178/4178
f 4179/4179/4179 4180/4180/4180 4178/4178/4178
f 4181/4181/4181 4183/4183/4183 4182/4182/4182
f 4183/4183/4183 4184/4184/4184 4182/4182/4182
f 4185/4185/4185 4187/4187/4187 4186/4186/4186
f 4187/4187/4187 4188/4188/4188 4186/4186/4186
f 4189/4189/4189 4191/4191/4191 4190/4190/4190
f 4191/4191/4191 4192/4192/4192 4190/4190/4190
f 4193/4193/4193 4195/4195/4195 4194/4194/4194
f 4195/4195/4195 4196/4196/4196 4194/4194/4194
f 4197/4197/4197 4199/4199/4199 4198/4198/4198
f 4199/4199/4199 4200/4200/4200 4198/4198/4198
o rail_R_89
usemtl dark_bronze
v 0.31976250078529117 1.3836124992147087 0.11198750314116479
v 0.31976250078529117 1.3836124992147087 -0.11198750314116479
v 0.31976250078529117 1.291387500785291 0.11198750314116479
v 0.31976250078529117 1.291387500785291 -0.11198750314116479
v 0.2802374992147088 1.3836124992147087 -0.11198750314116479
v 0.2802374992147088 1.3836124992147087 0.11198750314116479
v 0.2802374992147088 1.291387500785291 -0.11198750314116479
v 0.2802374992147088 1.291387500785291 0.11198750314116479
v 0.2802374992147088 1.3836124992147087 -0.11198750314116479
v 0.31976250078529117 1.3836124992147087 -0.11198750314116479
v 0.2802374992147088 1.3836124992147087 0.11198750314116479
v 0.31976250078529117 1.3836124992147087 0.11198750314116479
v 0.2802374992147088 1.291387500785291 0.11198750314116479
v 0.31976250078529117 1.291387500785291 0.11198750314116479
v 0.2802374992147088 1.291387500785291 -0.11198750314116479
v 0.31976250078529117 1.291387500785291 -0.11198750314116479
v 0.2802374992147088 1.3836124992147087 0.11198750314116479
v 0.31976250078529117 1.3836124992147087 0.11198750314116479
v 0.2802374992147088 1.291387500785291 0.11198750314116479
v 0.31976250078529117 1.291387500785291 0.11198750314116479
v 0.31976250078529117 1.3836124992147087 -0.11198750314116479
v 0.2802374992147088 1.3836124992147087 -0.11198750314116479
v 0.31976250078529117 1.291387500785291 -0.11198750314116479
v 0.2802374992147088 1.291387500785291 -0.11198750314116479
vt 0.375 0.375
vt 0.5625 0.375
vt 0.375 0.3125
vt 0.5625 0.3125
vt 0.375 0.375
vt 0.5625 0.375
vt 0.375 0.3125
vt 0.5625 0.3125
vt 0.375 0.5
vt 0.4375 0.5
vt 0.375 0.3125
vt 0.4375 0.3125
vt 0.375 0.5
vt 0.4375 0.5
vt 0.375 0.3125
vt 0.4375 0.3125
vt 0.375 0.375
vt 0.4375 0.375
vt 0.375 0.3125
vt 0.4375 0.3125
vt 0.375 0.375
vt 0.4375 0.375
vt 0.375 0.3125
vt 0.4375 0.3125
vn 1 0 0
vn 1 0 0
vn 1 0 0
vn 1 0 0
vn -1 0 0
vn -1 0 0
vn -1 0 0
vn -1 0 0
vn 0 1 0
vn 0 1 0
vn 0 1 0
vn 0 1 0
vn 0 -1 0
vn 0 -1 0
vn 0 -1 0
vn 0 -1 0
vn 0 0 1
vn 0 0 1
vn 0 0 1
vn 0 0 1
vn 0 0 -1
vn 0 0 -1
vn 0 0 -1
vn 0 0 -1
f 4201/4201/4201 4203/4203/4203 4202/4202/4202
f 4203/4203/4203 4204/4204/4204 4202/4202/4202
f 4205/4205/4205 4207/4207/4207 4206/4206/4206
f 4207/4207/4207 4208/4208/4208 4206/4206/4206
f 4209/4209/4209 4211/4211/4211 4210/4210/4210
f 4211/4211/4211 4212/4212/4212 4210/4210/4210
f 4213/4213/4213 4215/4215/4215 4214/4214/4214
f 4215/4215/4215 4216/4216/4216 4214/4214/4214
f 4217/4217/4217 4219/4219/4219 4218/4218/4218
f 4219/4219/4219 4220/4220/4220 4218/4218/4218
f 4221/4221/4221 4223/4223/4223 4222/4222/4222
f 4223/4223/4223 4224/4224/4224 4222/4222/4222
o rail_R_90
usemtl dark_bronze
v 0.3192562507651746 1.8949312492348251 0.1091187530606985
v 0.3192562507651746 1.8949312492348251 -0.1091187530606985
v 0.3192562507651746 1.8050687507651746 0.1091187530606985
v 0.3192562507651746 1.8050687507651746 -0.1091187530606985
v 0.28074374923482537 1.8949312492348251 -0.1091187530606985
v 0.28074374923482537 1.8949312492348251 0.1091187530606985
v 0.28074374923482537 1.8050687507651746 -0.1091187530606985
v 0.28074374923482537 1.8050687507651746 0.1091187530606985
v 0.28074374923482537 1.8949312492348251 -0.1091187530606985
v 0.3192562507651746 1.8949312492348251 -0.1091187530606985
v 0.28074374923482537 1.8949312492348251 0.1091187530606985
v 0.3192562507651746 1.8949312492348251 0.1091187530606985
v 0.28074374923482537 1.8050687507651746 0.1091187530606985
v 0.3192562507651746 1.8050687507651746 0.1091187530606985
v 0.28074374923482537 1.8050687507651746 -0.1091187530606985
v 0.3192562507651746 1.8050687507651746 -0.1091187530606985
v 0.28074374923482537 1.8949312492348251 0.1091187530606985
v 0.3192562507651746 1.8949312492348251 0.1091187530606985
v 0.28074374923482537 1.8050687507651746 0.1091187530606985
v 0.3192562507651746 1.8050687507651746 0.1091187530606985
v 0.3192562507651746 1.8949312492348251 -0.1091187530606985
v 0.28074374923482537 1.8949312492348251 -0.1091187530606985
v 0.3192562507651746 1.8050687507651746 -0.1091187530606985
v 0.28074374923482537 1.8050687507651746 -0.1091187530606985
vt 0.375 0.375
vt 0.5625 0.375
vt 0.375 0.3125
vt 0.5625 0.3125
vt 0.375 0.375
vt 0.5625 0.375
vt 0.375 0.3125
vt 0.5625 0.3125
vt 0.375 0.5
vt 0.4375 0.5
vt 0.375 0.3125
vt 0.4375 0.3125
vt 0.375 0.5
vt 0.4375 0.5
vt 0.375 0.3125
vt 0.4375 0.3125
vt 0.375 0.375
vt 0.4375 0.375
vt 0.375 0.3125
vt 0.4375 0.3125
vt 0.375 0.375
vt 0.4375 0.375
vt 0.375 0.3125
vt 0.4375 0.3125
vn 1 0 0
vn 1 0 0
vn 1 0 0
vn 1 0 0
vn -1 0 0
vn -1 0 0
vn -1 0 0
vn -1 0 0
vn 0 1 0
vn 0 1 0
vn 0 1 0
vn 0 1 0
vn 0 -1 0
vn 0 -1 0
vn 0 -1 0
vn 0 -1 0
vn 0 0 1
vn 0 0 1
vn 0 0 1
vn 0 0 1
vn 0 0 -1
vn 0 0 -1
vn 0 0 -1
vn 0 0 -1
f 4225/4225/4225 4227/4227/4227 4226/4226/4226
f 4227/4227/4227 4228/4228/4228 4226/4226/4226
f 4229/4229/4229 4231/4231/4231 4230/4230/4230
f 4231/4231/4231 4232/4232/4232 4230/4230/4230
f 4233/4233/4233 4235/4235/4235 4234/4234/4234
f 4235/4235/4235 4236/4236/4236 4234/4234/4234
f 4237/4237/4237 4239/4239/4239 4238/4238/4238
f 4239/4239/4239 4240/4240/4240 4238/4238/4238
f 4241/4241/4241 4243/4243/4243 4242/4242/4242
f 4243/4243/4243 4244/4244/4244 4242/4242/4242
f 4245/4245/4245 4247/4247/4247 4246/4246/4246
f 4247/4247/4247 4248/4248/4248 4246/4246/4246
o rail_R_91
usemtl dark_bronze
v 0.31875000074505805 2.4062499992549418 0.10625000298023224
v 0.31875000074505805 2.4062499992549418 -0.10625000298023224
v 0.31875000074505805 2.318750000745058 0.10625000298023224
v 0.31875000074505805 2.318750000745058 -0.10625000298023224
v 0.28124999925494193 2.4062499992549418 -0.10625000298023224
v 0.28124999925494193 2.4062499992549418 0.10625000298023224
v 0.28124999925494193 2.318750000745058 -0.10625000298023224
v 0.28124999925494193 2.318750000745058 0.10625000298023224
v 0.28124999925494193 2.4062499992549418 -0.10625000298023224
v 0.31875000074505805 2.4062499992549418 -0.10625000298023224
v 0.28124999925494193 2.4062499992549418 0.10625000298023224
v 0.31875000074505805 2.4062499992549418 0.10625000298023224
v 0.28124999925494193 2.318750000745058 0.10625000298023224
v 0.31875000074505805 2.318750000745058 0.10625000298023224
v 0.28124999925494193 2.318750000745058 -0.10625000298023224
v 0.31875000074505805 2.318750000745058 -0.10625000298023224
v 0.28124999925494193 2.4062499992549418 0.10625000298023224
v 0.31875000074505805 2.4062499992549418 0.10625000298023224
v 0.28124999925494193 2.318750000745058 0.10625000298023224
v 0.31875000074505805 2.318750000745058 0.10625000298023224
v 0.31875000074505805 2.4062499992549418 -0.10625000298023224
v 0.28124999925494193 2.4062499992549418 -0.10625000298023224
v 0.31875000074505805 2.318750000745058 -0.10625000298023224
v 0.28124999925494193 2.318750000745058 -0.10625000298023224
vt 0.375 0.375
vt 0.5625 0.375
vt 0.375 0.3125
vt 0.5625 0.3125
vt 0.375 0.375
vt 0.5625 0.375
vt 0.375 0.3125
vt 0.5625 0.3125
vt 0.375 0.5
vt 0.4375 0.5
vt 0.375 0.3125
vt 0.4375 0.3125
vt 0.375 0.5
vt 0.4375 0.5
vt 0.375 0.3125
vt 0.4375 0.3125
vt 0.375 0.375
vt 0.4375 0.375
vt 0.375 0.3125
vt 0.4375 0.3125
vt 0.375 0.375
vt 0.4375 0.375
vt 0.375 0.3125
vt 0.4375 0.3125
vn 1 0 0
vn 1 0 0
vn 1 0 0
vn 1 0 0
vn -1 0 0
vn -1 0 0
vn -1 0 0
vn -1 0 0
vn 0 1 0
vn 0 1 0
vn 0 1 0
vn 0 1 0
vn 0 -1 0
vn 0 -1 0
vn 0 -1 0
vn 0 -1 0
vn 0 0 1
vn 0 0 1
vn 0 0 1
vn 0 0 1
vn 0 0 -1
vn 0 0 -1
vn 0 0 -1
vn 0 0 -1
f 4249/4249/4249 4251/4251/4251 4250/4250/4250
f 4251/4251/4251 4252/4252/4252 4250/4250/4250
f 4253/4253/4253 4255/4255/4255 4254/4254/4254
f 4255/4255/4255 4256/4256/4256 4254/4254/4254
f 4257/4257/4257 4259/4259/4259 4258/4258/4258
f 4259/4259/4259 4260/4260/4260 4258/4258/4258
f 4261/4261/4261 4263/4263/4263 4262/4262/4262
f 4263/4263/4263 4264/4264/4264 4262/4262/4262
f 4265/4265/4265 4267/4267/4267 4266/4266/4266
f 4267/4267/4267 4268/4268/4268 4266/4266/4266
f 4269/4269/4269 4271/4271/4271 4270/4270/4270
f 4271/4271/4271 4272/4272/4272 4270/4270/4270
o rail_R_92
usemtl dark_bronze
v 0.3193406257685274 2.9201281242314727 0.10959687807410956
v 0.3193406257685274 2.9201281242314727 -0.10959687807410956
v 0.3193406257685274 2.8298718757685273 0.10959687807410956
v 0.3193406257685274 2.8298718757685273 -0.10959687807410956
v 0.2806593742314726 2.9201281242314727 -0.10959687807410956
v 0.2806593742314726 2.9201281242314727 0.10959687807410956
v 0.2806593742314726 2.8298718757685273 -0.10959687807410956
v 0.2806593742314726 2.8298718757685273 0.10959687807410956
v 0.2806593742314726 2.9201281242314727 -0.10959687807410956
v 0.3193406257685274 2.9201281242314727 -0.10959687807410956
v 0.2806593742314726 2.9201281242314727 0.10959687807410956
v 0.3193406257685274 2.9201281242314727 0.10959687807410956
v 0.2806593742314726 2.8298718757685273 0.10959687807410956
v 0.3193406257685274 2.8298718757685273 0.10959687807410956
v 0.2806593742314726 2.8298718757685273 -0.10959687807410956
v 0.3193406257685274 2.8298718757685273 -0.10959687807410956
v 0.2806593742314726 2.9201281242314727 0.10959687807410956
v 0.3193406257685274 2.9201281242314727 0.10959687807410956
v 0.2806593742314726 2.8298718757685273 0.10959687807410956
v 0.3193406257685274 2.8298718757685273 0.10959687807410956
v 0.3193406257685274 2.9201281242314727 -0.10959687807410956
v 0.2806593742314726 2.9201281242314727 -0.10959687807410956
v 0.3193406257685274 2.8298718757685273 -0.10959687807410956
v 0.2806593742314726 2.8298718757685273 -0.10959687807410956
vt 0.375 0.375
vt 0.5625 0.375
vt 0.375 0.3125
vt 0.5625 0.3125
vt 0.375 0.375
vt 0.5625 0.375
vt 0.375 0.3125
vt 0.5625 0.3125
vt 0.375 0.5
vt 0.4375 0.5
vt 0.375 0.3125
vt 0.4375 0.3125
vt 0.375 0.5
vt 0.4375 0.5
vt 0.375 0.3125
vt 0.4375 0.3125
vt 0.375 0.375
vt 0.4375 0.375
vt 0.375 0.3125
vt 0.4375 0.3125
vt 0.375 0.375
vt 0.4375 0.375
vt 0.375 0.3125
vt 0.4375 0.3125
vn 1 0 0
vn 1 0 0
vn 1 0 0
vn 1 0 0
vn -1 0 0
vn -1 0 0
vn -1 0 0
vn -1 0 0
vn 0 1 0
vn 0 1 0
vn 0 1 0
vn 0 1 0
vn 0 -1 0
vn 0 -1 0
vn 0 -1 0
vn 0 -1 0
vn 0 0 1
vn 0 0 1
vn 0 0 1
vn 0 0 1
vn 0 0 -1
vn 0 0 -1
vn 0 0 -1
vn 0 0 -1
f 4273/4273/4273 4275/4275/4275 4274/4274/4274
f 4275/4275/4275 4276/4276/4276 4274/4274/4274
f 4277/4277/4277 4279/4279/4279 4278/4278/4278
f 4279/4279/4279 4280/4280/4280 4278/4278/4278
f 4281/4281/4281 4283/4283/4283 4282/4282/4282
f 4283/4283/4283 4284/4284/4284 4282/4282/4282
f 4285/4285/4285 4287/4287/4287 4286/4286/4286
f 4287/4287/4287 4288/4288/4288 4286/4286/4286
f 4289/4289/4289 4291/4291/4291 4290/4290/4290
f 4291/4291/4291 4292/4292/4292 4290/4290/4290
f 4293/4293/4293 4295/4295/4295 4294/4294/4294
f 4295/4295/4295 4296/4296/4296 4294/4294/4294
o rail_R_172
usemtl bright_gold
v 0.5268000007718802 0.8018000007718802 0.05180000077188015
v 0.5268000007718802 0.8018000007718802 -0.05180000077188015
v 0.5268000007718802 0.6981999992281198 0.05180000077188015
v 0.5268000007718802 0.6981999992281198 -0.05180000077188015
v 0.42319999922811985 0.8018000007718802 -0.05180000077188015
v 0.42319999922811985 0.8018000007718802 0.05180000077188015
v 0.42319999922811985 0.6981999992281198 -0.05180000077188015
v 0.42319999922811985 0.6981999992281198 0.05180000077188015
v 0.42319999922811985 0.8018000007718802 -0.05180000077188015
v 0.5268000007718802 0.8018000007718802 -0.05180000077188015
v 0.42319999922811985 0.8018000007718802 0.05180000077188015
v 0.5268000007718802 0.8018000007718802 0.05180000077188015
v 0.42319999922811985 0.6981999992281198 0.05180000077188015
v 0.5268000007718802 0.6981999992281198 0.05180000077188015
v 0.42319999922811985 0.6981999992281198 -0.05180000077188015
v 0.5268000007718802 0.6981999992281198 -0.05180000077188015
v 0.42319999922811985 0.8018000007718802 0.05180000077188015
v 0.5268000007718802 0.8018000007718802 0.05180000077188015
v 0.42319999922811985 0.6981999992281198 0.05180000077188015
v 0.5268000007718802 0.6981999992281198 0.05180000077188015
v 0.5268000007718802 0.8018000007718802 -0.05180000077188015
v 0.42319999922811985 0.8018000007718802 -0.05180000077188015
v 0.5268000007718802 0.6981999992281198 -0.05180000077188015
v 0.42319999922811985 0.6981999992281198 -0.05180000077188015
vt 0.4375 0.75
vt 0.5625 0.75
vt 0.4375 0.625
vt 0.5625 0.625
vt 0.4375 0.75
vt 0.5625 0.75
vt 0.4375 0.625
vt 0.5625 0.625
vt 0.4375 0.75
vt 0.5625 0.75
vt 0.4375 0.625
vt 0.5625 0.625
vt 0.4375 0.75
vt 0.5625 0.75
vt 0.4375 0.625
vt 0.5625 0.625
vt 0.4375 0.75
vt 0.5625 0.75
vt 0.4375 0.625
vt 0.5625 0.625
vt 0.4375 0.75
vt 0.5625 0.75
vt 0.4375 0.625
vt 0.5625 0.625
vn 1 0 0
vn 1 0 0
vn 1 0 0
vn 1 0 0
vn -1 0 0
vn -1 0 0
vn -1 0 0
vn -1 0 0
vn 0 1 0
vn 0 1 0
vn 0 1 0
vn 0 1 0
vn 0 -1 0
vn 0 -1 0
vn 0 -1 0
vn 0 -1 0
vn 0 0 1
vn 0 0 1
vn 0 0 1
vn 0 0 1
vn 0 0 -1
vn 0 0 -1
vn 0 0 -1
vn 0 0 -1
f 4297/4297/4297 4299/4299/4299 4298/4298/4298
f 4299/4299/4299 4300/4300/4300 4298/4298/4298
f 4301/4301/4301 4303/4303/4303 4302/4302/4302
f 4303/4303/4303 4304/4304/4304 4302/4302/4302
f 4305/4305/4305 4307/4307/4307 4306/4306/4306
f 4307/4307/4307 4308/4308/4308 4306/4306/4306
f 4309/4309/4309 4311/4311/4311 4310/4310/4310
f 4311/4311/4311 4312/4312/4312 4310/4310/4310
f 4313/4313/4313 4315/4315/4315 4314/4314/4314
f 4315/4315/4315 4316/4316/4316 4314/4314/4314
f 4317/4317/4317 4319/4319/4319 4318/4318/4318
f 4319/4319/4319 4320/4320/4320 4318/4318/4318
o rail_R_173
usemtl sun_gold
v 0.56903125 0.83153125 0.03153125
v 0.56903125 0.83153125 -0.03153125
v 0.56903125 0.76846875 0.03153125
v 0.56903125 0.76846875 -0.03153125
v 0.50596875 0.83153125 -0.03153125
v 0.50596875 0.83153125 0.03153125
v 0.50596875 0.76846875 -0.03153125
v 0.50596875 0.76846875 0.03153125
v 0.50596875 0.83153125 -0.03153125
v 0.56903125 0.83153125 -0.03153125
v 0.50596875 0.83153125 0.03153125
v 0.56903125 0.83153125 0.03153125
v 0.50596875 0.76846875 0.03153125
v 0.56903125 0.76846875 0.03153125
v 0.50596875 0.76846875 -0.03153125
v 0.56903125 0.76846875 -0.03153125
v 0.50596875 0.83153125 0.03153125
v 0.56903125 0.83153125 0.03153125
v 0.50596875 0.76846875 0.03153125
v 0.56903125 0.76846875 0.03153125
v 0.56903125 0.83153125 -0.03153125
v 0.50596875 0.83153125 -0.03153125
v 0.56903125 0.76846875 -0.03153125
v 0.50596875 0.76846875 -0.03153125
vt 0.0625 0.625
vt 0.125 0.625
vt 0.0625 0.5625
vt 0.125 0.5625
vt 0.0625 0.625
vt 0.125 0.625
vt 0.0625 0.5625
vt 0.125 0.5625
vt 0.0625 0.625
vt 0.125 0.625
vt 0.0625 0.5625
vt 0.125 0.5625
vt 0.0625 0.625
vt 0.125 0.625
vt 0.0625 0.5625
vt 0.125 0.5625
vt 0.0625 0.625
vt 0.125 0.625
vt 0.0625 0.5625
vt 0.125 0.5625
vt 0.0625 0.625
vt 0.125 0.625
vt 0.0625 0.5625
vt 0.125 0.5625
vn 0.9999999999999999 0 0
vn 0.9999999999999999 0 0
vn 0.9999999999999999 0 0
vn 0.9999999999999999 0 0
vn -0.9999999999999999 0 0
vn -0.9999999999999999 0 0
vn -0.9999999999999999 0 0
vn -0.9999999999999999 0 0
vn 0 0.9999999999999999 0
vn 0 0.9999999999999999 0
vn 0 0.9999999999999999 0
vn 0 0.9999999999999999 0
vn 0 -0.9999999999999999 0
vn 0 -0.9999999999999999 0
vn 0 -0.9999999999999999 0
vn 0 -0.9999999999999999 0
vn 0 0 0.9999999999999999
vn 0 0 0.9999999999999999
vn 0 0 0.9999999999999999
vn 0 0 0.9999999999999999
vn 0 0 -0.9999999999999999
vn 0 0 -0.9999999999999999
vn 0 0 -0.9999999999999999
vn 0 0 -0.9999999999999999
f 4321/4321/4321 4323/4323/4323 4322/4322/4322
f 4323/4323/4323 4324/4324/4324 4322/4322/4322
f 4325/4325/4325 4327/4327/4327 4326/4326/4326
f 4327/4327/4327 4328/4328/4328 4326/4326/4326
f 4329/4329/4329 4331/4331/4331 4330/4330/4330
f 4331/4331/4331 4332/4332/4332 4330/4330/4330
f 4333/4333/4333 4335/4335/4335 4334/4334/4334
f 4335/4335/4335 4336/4336/4336 4334/4334/4334
f 4337/4337/4337 4339/4339/4339 4338/4338/4338
f 4339/4339/4339 4340/4340/4340 4338/4338/4338
f 4341/4341/4341 4343/4343/4343 4342/4342/4342
f 4343/4343/4343 4344/4344/4344 4342/4342/4342
o rail_R_174
usemtl bright_gold
v 0.5270250007752328 1.052025000775233 0.05202500077523291
v 0.5270250007752328 1.052025000775233 -0.05202500077523291
v 0.5270250007752328 0.9479749992247671 0.05202500077523291
v 0.5270250007752328 0.9479749992247671 -0.05202500077523291
v 0.42297499922476706 1.052025000775233 -0.05202500077523291
v 0.42297499922476706 1.052025000775233 0.05202500077523291
v 0.42297499922476706 0.9479749992247671 -0.05202500077523291
v 0.42297499922476706 0.9479749992247671 0.05202500077523291
v 0.42297499922476706 1.052025000775233 -0.05202500077523291
v 0.5270250007752328 1.052025000775233 -0.05202500077523291
v 0.42297499922476706 1.052025000775233 0.05202500077523291
v 0.5270250007752328 1.052025000775233 0.05202500077523291
v 0.42297499922476706 0.9479749992247671 0.05202500077523291
v 0.5270250007752328 0.9479749992247671 0.05202500077523291
v 0.42297499922476706 0.9479749992247671 -0.05202500077523291
v 0.5270250007752328 0.9479749992247671 -0.05202500077523291
v 0.42297499922476706 1.052025000775233 0.05202500077523291
v 0.5270250007752328 1.052025000775233 0.05202500077523291
v 0.42297499922476706 0.9479749992247671 0.05202500077523291
v 0.5270250007752328 0.9479749992247671 0.05202500077523291
v 0.5270250007752328 1.052025000775233 -0.05202500077523291
v 0.42297499922476706 1.052025000775233 -0.05202500077523291
v 0.5270250007752328 0.9479749992247671 -0.05202500077523291
v 0.42297499922476706 0.9479749992247671 -0.05202500077523291
vt 0.4375 0.75
vt 0.5625 0.75
vt 0.4375 0.625
vt 0.5625 0.625
vt 0.4375 0.75
vt 0.5625 0.75
vt 0.4375 0.625
vt 0.5625 0.625
vt 0.4375 0.75
vt 0.5625 0.75
vt 0.4375 0.625
vt 0.5625 0.625
vt 0.4375 0.75
vt 0.5625 0.75
vt 0.4375 0.625
vt 0.5625 0.625
vt 0.4375 0.75
vt 0.5625 0.75
vt 0.4375 0.625
vt 0.5625 0.625
vt 0.4375 0.75
vt 0.5625 0.75
vt 0.4375 0.625
vt 0.5625 0.625
vn 1 0 0
vn 1 0 0
vn 1 0 0
vn 1 0 0
vn -1 0 0
vn -1 0 0
vn -1 0 0
vn -1 0 0
vn 0 1 0
vn 0 1 0
vn 0 1 0
vn 0 1 0
vn 0 -1 0
vn 0 -1 0
vn 0 -1 0
vn 0 -1 0
vn 0 0 1
vn 0 0 1
vn 0 0 1
vn 0 0 1
vn 0 0 -1
vn 0 0 -1
vn 0 0 -1
vn 0 0 -1
f 4345/4345/4345 4347/4347/4347 4346/4346/4346
f 4347/4347/4347 4348/4348/4348 4346/4346/4346
f 4349/4349/4349 4351/4351/4351 4350/4350/4350
f 4351/4351/4351 4352/4352/4352 4350/4350/4350
f 4353/4353/4353 4355/4355/4355 4354/4354/4354
f 4355/4355/4355 4356/4356/4356 4354/4354/4354
f 4357/4357/4357 4359/4359/4359 4358/4358/4358
f 4359/4359/4359 4360/4360/4360 4358/4358/4358
f 4361/4361/4361 4363/4363/4363 4362/4362/4362
f 4363/4363/4363 4364/4364/4364 4362/4362/4362
f 4365/4365/4365 4367/4367/4367 4366/4366/4366
f 4367/4367/4367 4368/4368/4368 4366/4366/4366
o rail_R_175
usemtl sun_gold
v 0.569171875 1.081671875 0.031671875
v 0.569171875 1.081671875 -0.031671875
v 0.569171875 1.018328125 0.031671875
v 0.569171875 1.018328125 -0.031671875
v 0.505828125 1.081671875 -0.031671875
v 0.505828125 1.081671875 0.031671875
v 0.505828125 1.018328125 -0.031671875
v 0.505828125 1.018328125 0.031671875
v 0.505828125 1.081671875 -0.031671875
v 0.569171875 1.081671875 -0.031671875
v 0.505828125 1.081671875 0.031671875
v 0.569171875 1.081671875 0.031671875
v 0.505828125 1.018328125 0.031671875
v 0.569171875 1.018328125 0.031671875
v 0.505828125 1.018328125 -0.031671875
v 0.569171875 1.018328125 -0.031671875
v 0.505828125 1.081671875 0.031671875
v 0.569171875 1.081671875 0.031671875
v 0.505828125 1.018328125 0.031671875
v 0.569171875 1.018328125 0.031671875
v 0.569171875 1.081671875 -0.031671875
v 0.505828125 1.081671875 -0.031671875
v 0.569171875 1.018328125 -0.031671875
v 0.505828125 1.018328125 -0.031671875
vt 0.0625 0.625
vt 0.125 0.625
vt 0.0625 0.5625
vt 0.125 0.5625
vt 0.0625 0.625
vt 0.125 0.625
vt 0.0625 0.5625
vt 0.125 0.5625
vt 0.0625 0.625
vt 0.125 0.625
vt 0.0625 0.5625
vt 0.125 0.5625
vt 0.0625 0.625
vt 0.125 0.625
vt 0.0625 0.5625
vt 0.125 0.5625
vt 0.0625 0.625
vt 0.125 0.625
vt 0.0625 0.5625
vt 0.125 0.5625
vt 0.0625 0.625
vt 0.125 0.625
vt 0.0625 0.5625
vt 0.125 0.5625
vn 1 0 0
vn 1 0 0
vn 1 0 0
vn 1 0 0
vn -1 0 0
vn -1 0 0
vn -1 0 0
vn -1 0 0
vn 0 1 0
vn 0 1 0
vn 0 1 0
vn 0 1 0
vn 0 -1 0
vn 0 -1 0
vn 0 -1 0
vn 0 -1 0
vn 0 0 1
vn 0 0 1
vn 0 0 1
vn 0 0 1
vn 0 0 -1
vn 0 0 -1
vn 0 0 -1
vn 0 0 -1
f 4369/4369/4369 4371/4371/4371 4370/4370/4370
f 4371/4371/4371 4372/4372/4372 4370/4370/4370
f 4373/4373/4373 4375/4375/4375 4374/4374/4374
f 4375/4375/4375 4376/4376/4376 4374/4374/4374
f 4377/4377/4377 4379/4379/4379 4378/4378/4378
f 4379/4379/4379 4380/4380/4380 4378/4378/4378
f 4381/4381/4381 4383/4383/4383 4382/4382/4382
f 4383/4383/4383 4384/4384/4384 4382/4382/4382
f 4385/4385/4385 4387/4387/4387 4386/4386/4386
f 4387/4387/4387 4388/4388/4388 4386/4386/4386
f 4389/4389/4389 4391/4391/4391 4390/4390/4390
f 4391/4391/4391 4392/4392/4392 4390/4390/4390
o rail_R_176
usemtl bright_gold
v 0.5272500007785856 1.3022500007785858 0.052250000778585666
v 0.5272500007785856 1.3022500007785858 -0.052250000778585666
v 0.5272500007785856 1.1977499992214142 0.052250000778585666
v 0.5272500007785856 1.1977499992214142 -0.052250000778585666
v 0.4227499992214143 1.3022500007785858 -0.052250000778585666
v 0.4227499992214143 1.3022500007785858 0.052250000778585666
v 0.4227499992214143 1.1977499992214142 -0.052250000778585666
v 0.4227499992214143 1.1977499992214142 0.052250000778585666
v 0.4227499992214143 1.3022500007785858 -0.052250000778585666
v 0.5272500007785856 1.3022500007785858 -0.052250000778585666
v 0.4227499992214143 1.3022500007785858 0.052250000778585666
v 0.5272500007785856 1.3022500007785858 0.052250000778585666
v 0.4227499992214143 1.1977499992214142 0.052250000778585666
v 0.5272500007785856 1.1977499992214142 0.052250000778585666
v 0.4227499992214143 1.1977499992214142 -0.052250000778585666
v 0.5272500007785856 1.1977499992214142 -0.052250000778585666
v 0.4227499992214143 1.3022500007785858 0.052250000778585666
v 0.5272500007785856 1.3022500007785858 0.052250000778585666
v 0.4227499992214143 1.1977499992214142 0.052250000778585666
v 0.5272500007785856 1.1977499992214142 0.052250000778585666
v 0.5272500007785856 1.3022500007785858 -0.052250000778585666
v 0.4227499992214143 1.3022500007785858 -0.052250000778585666
v 0.5272500007785856 1.1977499992214142 -0.052250000778585666
v 0.4227499992214143 1.1977499992214142 -0.052250000778585666
vt 0.4375 0.75
vt 0.5625 0.75
vt 0.4375 0.625
vt 0.5625 0.625
vt 0.4375 0.75
vt 0.5625 0.75
vt 0.4375 0.625
vt 0.5625 0.625
vt 0.4375 0.75
vt 0.5625 0.75
vt 0.4375 0.625
vt 0.5625 0.625
vt 0.4375 0.75
vt 0.5625 0.75
vt 0.4375 0.625
vt 0.5625 0.625
vt 0.4375 0.75
vt 0.5625 0.75
vt 0.4375 0.625
vt 0.5625 0.625
vt 0.4375 0.75
vt 0.5625 0.75
vt 0.4375 0.625
vt 0.5625 0.625
vn 1 0 0
vn 1 0 0
vn 1 0 0
vn 1 0 0
vn -1 0 0
vn -1 0 0
vn -1 0 0
vn -1 0 0
vn 0 1 0
vn 0 1 0
vn 0 1 0
vn 0 1 0
vn 0 -1 0
vn 0 -1 0
vn 0 -1 0
vn 0 -1 0
vn 0 0 1
vn 0 0 1
vn 0 0 1
vn 0 0 1
vn 0 0 -1
vn 0 0 -1
vn 0 0 -1
vn 0 0 -1
f 4393/4393/4393 4395/4395/4395 4394/4394/4394
f 4395/4395/4395 4396/4396/4396 4394/4394/4394
f 4397/4397/4397 4399/4399/4399 4398/4398/4398
f 4399/4399/4399 4400/4400/4400 4398/4398/4398
f 4401/4401/4401 4403/4403/4403 4402/4402/4402
f 4403/4403/4403 4404/4404/4404 4402/4402/4402
f 4405/4405/4405 4407/4407/4407 4406/4406/4406
f 4407/4407/4407 4408/4408/4408 4406/4406/4406
f 4409/4409/4409 4411/4411/4411 4410/4410/4410
f 4411/4411/4411 4412/4412/4412 4410/4410/4410
f 4413/4413/4413 4415/4415/4415 4414/4414/4414
f 4415/4415/4415 4416/4416/4416 4414/4414/4414
o rail_R_177
usemtl sun_gold
v 0.5693125 1.3318125 0.0318125
v 0.5693125 1.3318125 -0.0318125
v 0.5693125 1.2681875 0.0318125
v 0.5693125 1.2681875 -0.0318125
v 0.5056875 1.3318125 -0.0318125
v 0.5056875 1.3318125 0.0318125
v 0.5056875 1.2681875 -0.0318125
v 0.5056875 1.2681875 0.0318125
v 0.5056875 1.3318125 -0.0318125
v 0.5693125 1.3318125 -0.0318125
v 0.5056875 1.3318125 0.0318125
v 0.5693125 1.3318125 0.0318125
v 0.5056875 1.2681875 0.0318125
v 0.5693125 1.2681875 0.0318125
v 0.5056875 1.2681875 -0.0318125
v 0.5693125 1.2681875 -0.0318125
v 0.5056875 1.3318125 0.0318125
v 0.5693125 1.3318125 0.0318125
v 0.5056875 1.2681875 0.0318125
v 0.5693125 1.2681875 0.0318125
v 0.5693125 1.3318125 -0.0318125
v 0.5056875 1.3318125 -0.0318125
v 0.5693125 1.2681875 -0.0318125
v 0.5056875 1.2681875 -0.0318125
vt 0.0625 0.625
vt 0.125 0.625
vt 0.0625 0.5625
vt 0.125 0.5625
vt 0.0625 0.625
vt 0.125 0.625
vt 0.0625 0.5625
vt 0.125 0.5625
vt 0.0625 0.625
vt 0.125 0.625
vt 0.0625 0.5625
vt 0.125 0.5625
vt 0.0625 0.625
vt 0.125 0.625
vt 0.0625 0.5625
vt 0.125 0.5625
vt 0.0625 0.625
vt 0.125 0.625
vt 0.0625 0.5625
vt 0.125 0.5625
vt 0.0625 0.625
vt 0.125 0.625
vt 0.0625 0.5625
vt 0.125 0.5625
vn 0.9999999999999999 0 0
vn 0.9999999999999999 0 0
vn 0.9999999999999999 0 0
vn 0.9999999999999999 0 0
vn -0.9999999999999999 0 0
vn -0.9999999999999999 0 0
vn -0.9999999999999999 0 0
vn -0.9999999999999999 0 0
vn 0 0.9999999999999999 0
vn 0 0.9999999999999999 0
vn 0 0.9999999999999999 0
vn 0 0.9999999999999999 0
vn 0 -0.9999999999999999 0
vn 0 -0.9999999999999999 0
vn 0 -0.9999999999999999 0
vn 0 -0.9999999999999999 0
vn 0 0 0.9999999999999999
vn 0 0 0.9999999999999999
vn 0 0 0.9999999999999999
vn 0 0 0.9999999999999999
vn 0 0 -0.9999999999999999
vn 0 0 -0.9999999999999999
vn 0 0 -0.9999999999999999
vn 0 0 -0.9999999999999999
f 4417/4417/4417 4419/4419/4419 4418/4418/4418
f 4419/4419/4419 4420/4420/4420 4418/4418/4418
f 4421/4421/4421 4423/4423/4423 4422/4422/4422
f 4423/4423/4423 4424/4424/4424 4422/4422/4422
f 4425/4425/4425 4427/4427/4427 4426/4426/4426
f 4427/4427/4427 4428/4428/4428 4426/4426/4426
f 4429/4429/4429 4431/4431/4431 4430/4430/4430
f 4431/4431/4431 4432/4432/4432 4430/4430/4430
f 4433/4433/4433 4435/4435/4435 4434/4434/4434
f 4435/4435/4435 4436/4436/4436 4434/4434/4434
f 4437/4437/4437 4439/4439/4439 4438/4438/4438
f 4439/4439/4439 4440/4440/4440 4438/4438/4438
o rail_R_178
usemtl bright_gold
v 0.5274750007819384 1.5524750007819383 0.05247500078193844
v 0.5274750007819384 1.5524750007819383 -0.05247500078193844
v 0.5274750007819384 1.4475249992180617 0.05247500078193844
v 0.5274750007819384 1.4475249992180617 -0.05247500078193844
v 0.4225249992180615 1.5524750007819383 -0.05247500078193844
v 0.4225249992180615 1.5524750007819383 0.05247500078193844
v 0.4225249992180615 1.4475249992180617 -0.05247500078193844
v 0.4225249992180615 1.4475249992180617 0.05247500078193844
v 0.4225249992180615 1.5524750007819383 -0.05247500078193844
v 0.5274750007819384 1.5524750007819383 -0.05247500078193844
v 0.4225249992180615 1.5524750007819383 0.05247500078193844
v 0.5274750007819384 1.5524750007819383 0.05247500078193844
v 0.4225249992180615 1.4475249992180617 0.05247500078193844
v 0.5274750007819384 1.4475249992180617 0.05247500078193844
v 0.4225249992180615 1.4475249992180617 -0.05247500078193844
v 0.5274750007819384 1.4475249992180617 -0.05247500078193844
v 0.4225249992180615 1.5524750007819383 0.05247500078193844
v 0.5274750007819384 1.5524750007819383 0.05247500078193844
v 0.4225249992180615 1.4475249992180617 0.05247500078193844
v 0.5274750007819384 1.4475249992180617 0.05247500078193844
v 0.5274750007819384 1.5524750007819383 -0.05247500078193844
v 0.4225249992180615 1.5524750007819383 -0.05247500078193844
v 0.5274750007819384 1.4475249992180617 -0.05247500078193844
v 0.4225249992180615 1.4475249992180617 -0.05247500078193844
vt 0.4375 0.75
vt 0.5625 0.75
vt 0.4375 0.625
vt 0.5625 0.625
vt 0.4375 0.75
vt 0.5625 0.75
vt 0.4375 0.625
vt 0.5625 0.625
vt 0.4375 0.75
vt 0.5625 0.75
vt 0.4375 0.625
vt 0.5625 0.625
vt 0.4375 0.75
vt 0.5625 0.75
vt 0.4375 0.625
vt 0.5625 0.625
vt 0.4375 0.75
vt 0.5625 0.75
vt 0.4375 0.625
vt 0.5625 0.625
vt 0.4375 0.75
vt 0.5625 0.75
vt 0.4375 0.625
vt 0.5625 0.625
vn 1 0 0
vn 1 0 0
vn 1 0 0
vn 1 0 0
vn -1 0 0
vn -1 0 0
vn -1 0 0
vn -1 0 0
vn 0 1 0
vn 0 1 0
vn 0 1 0
vn 0 1 0
vn 0 -1 0
vn 0 -1 0
vn 0 -1 0
vn 0 -1 0
vn 0 0 1
vn 0 0 1
vn 0 0 1
vn 0 0 1
vn 0 0 -1
vn 0 0 -1
vn 0 0 -1
vn 0 0 -1
f 4441/4441/4441 4443/4443/4443 4442/4442/4442
f 4443/4443/4443 4444/4444/4444 4442/4442/4442
f 4445/4445/4445 4447/4447/4447 4446/4446/4446
f 4447/4447/4447 4448/4448/4448 4446/4446/4446
f 4449/4449/4449 4451/4451/4451 4450/4450/4450
f 4451/4451/4451 4452/4452/4452 4450/4450/4450
f 4453/4453/4453 4455/4455/4455 4454/4454/4454
f 4455/4455/4455 4456/4456/4456 4454/4454/4454
f 4457/4457/4457 4459/4459/4459 4458/4458/4458
f 4459/4459/4459 4460/4460/4460 4458/4458/4458
f 4461/4461/4461 4463/4463/4463 4462/4462/4462
f 4463/4463/4463 4464/4464/4464 4462/4462/4462
o rail_R_179
usemtl sun_gold
v 0.569453125 1.581953125 0.031953125
v 0.569453125 1.581953125 -0.031953125
v 0.569453125 1.518046875 0.031953125
v 0.569453125 1.518046875 -0.031953125
v 0.505546875 1.581953125 -0.031953125
v 0.505546875 1.581953125 0.031953125
v 0.505546875 1.518046875 -0.031953125
v 0.505546875 1.518046875 0.031953125
v 0.505546875 1.581953125 -0.031953125
v 0.569453125 1.581953125 -0.031953125
v 0.505546875 1.581953125 0.031953125
v 0.569453125 1.581953125 0.031953125
v 0.505546875 1.518046875 0.031953125
v 0.569453125 1.518046875 0.031953125
v 0.505546875 1.518046875 -0.031953125
v 0.569453125 1.518046875 -0.031953125
v 0.505546875 1.581953125 0.031953125
v 0.569453125 1.581953125 0.031953125
v 0.505546875 1.518046875 0.031953125
v 0.569453125 1.518046875 0.031953125
v 0.569453125 1.581953125 -0.031953125
v 0.505546875 1.581953125 -0.031953125
v 0.569453125 1.518046875 -0.031953125
v 0.505546875 1.518046875 -0.031953125
vt 0.0625 0.625
vt 0.125 0.625
vt 0.0625 0.5625
vt 0.125 0.5625
vt 0.0625 0.625
vt 0.125 0.625
vt 0.0625 0.5625
vt 0.125 0.5625
vt 0.0625 0.625
vt 0.125 0.625
vt 0.0625 0.5625
vt 0.125 0.5625
vt 0.0625 0.625
vt 0.125 0.625
vt 0.0625 0.5625
vt 0.125 0.5625
vt 0.0625 0.625
vt 0.125 0.625
vt 0.0625 0.5625
vt 0.125 0.5625
vt 0.0625 0.625
vt 0.125 0.625
vt 0.0625 0.5625
vt 0.125 0.5625
vn 1 0 0
vn 1 0 0
vn 1 0 0
vn 1 0 0
vn -1 0 0
vn -1 0 0
vn -1 0 0
vn -1 0 0
vn 0 1 0
vn 0 1 0
vn 0 1 0
vn 0 1 0
vn 0 -1 0
vn 0 -1 0
vn 0 -1 0
vn 0 -1 0
vn 0 0 1
vn 0 0 1
vn 0 0 1
vn 0 0 1
vn 0 0 -1
vn 0 0 -1
vn 0 0 -1
vn 0 0 -1
f 4465/4465/4465 4467/4467/4467 4466/4466/4466
f 4467/4467/4467 4468/4468/4468 4466/4466/4466
f 4469/4469/4469 4471/4471/4471 4470/4470/4470
f 4471/4471/4471 4472/4472/4472 4470/4470/4470
f 4473/4473/4473 4475/4475/4475 4474/4474/4474
f 4475/4475/4475 4476/4476/4476 4474/4474/4474
f 4477/4477/4477 4479/4479/4479 4478/4478/4478
f 4479/4479/4479 4480/4480/4480 4478/4478/4478
f 4481/4481/4481 4483/4483/4483 4482/4482/4482
f 4483/4483/4483 4484/4484/4484 4482/4482/4482
f 4485/4485/4485 4487/4487/4487 4486/4486/4486
f 4487/4487/4487 4488/4488/4488 4486/4486/4486
o rail_R_180
usemtl bright_gold
v 0.5277000007852912 1.8027000007852911 0.0527000007852912
v 0.5277000007852912 1.8027000007852911 -0.0527000007852912
v 0.5277000007852912 1.6972999992147089 0.0527000007852912
v 0.5277000007852912 1.6972999992147089 -0.0527000007852912
v 0.4222999992147088 1.8027000007852911 -0.0527000007852912
v 0.4222999992147088 1.8027000007852911 0.0527000007852912
v 0.4222999992147088 1.6972999992147089 -0.0527000007852912
v 0.4222999992147088 1.6972999992147089 0.0527000007852912
v 0.4222999992147088 1.8027000007852911 -0.0527000007852912
v 0.5277000007852912 1.8027000007852911 -0.0527000007852912
v 0.4222999992147088 1.8027000007852911 0.0527000007852912
v 0.5277000007852912 1.8027000007852911 0.0527000007852912
v 0.4222999992147088 1.6972999992147089 0.0527000007852912
v 0.5277000007852912 1.6972999992147089 0.0527000007852912
v 0.4222999992147088 1.6972999992147089 -0.0527000007852912
v 0.5277000007852912 1.6972999992147089 -0.0527000007852912
v 0.4222999992147088 1.8027000007852911 0.0527000007852912
v 0.5277000007852912 1.8027000007852911 0.0527000007852912
v 0.4222999992147088 1.6972999992147089 0.0527000007852912
v 0.5277000007852912 1.6972999992147089 0.0527000007852912
v 0.5277000007852912 1.8027000007852911 -0.0527000007852912
v 0.4222999992147088 1.8027000007852911 -0.0527000007852912
v 0.5277000007852912 1.6972999992147089 -0.0527000007852912
v 0.4222999992147088 1.6972999992147089 -0.0527000007852912
vt 0.4375 0.75
vt 0.5625 0.75
vt 0.4375 0.625
vt 0.5625 0.625
vt 0.4375 0.75
vt 0.5625 0.75
vt 0.4375 0.625
vt 0.5625 0.625
vt 0.4375 0.75
vt 0.5625 0.75
vt 0.4375 0.625
vt 0.5625 0.625
vt 0.4375 0.75
vt 0.5625 0.75
vt 0.4375 0.625
vt 0.5625 0.625
vt 0.4375 0.75
vt 0.5625 0.75
vt 0.4375 0.625
vt 0.5625 0.625
vt 0.4375 0.75
vt 0.5625 0.75
vt 0.4375 0.625
vt 0.5625 0.625
vn 1 0 0
vn 1 0 0
vn 1 0 0
vn 1 0 0
vn -1 0 0
vn -1 0 0
vn -1 0 0
vn -1 0 0
vn 0 1 0
vn 0 1 0
vn 0 1 0
vn 0 1 0
vn 0 -1 0
vn 0 -1 0
vn 0 -1 0
vn 0 -1 0
vn 0 0 1
vn 0 0 1
vn 0 0 1
vn 0 0 1
vn 0 0 -1
vn 0 0 -1
vn 0 0 -1
vn 0 0 -1
f 4489/4489/4489 4491/4491/4491 4490/4490/4490
f 4491/4491/4491 4492/4492/4492 4490/4490/4490
f 4493/4493/4493 4495/4495/4495 4494/4494/4494
f 4495/4495/4495 4496/4496/4496 4494/4494/4494
f 4497/4497/4497 4499/4499/4499 4498/4498/4498
f 4499/4499/4499 4500/4500/4500 4498/4498/4498
f 4501/4501/4501 4503/4503/4503 4502/4502/4502
f 4503/4503/4503 4504/4504/4504 4502/4502/4502
f 4505/4505/4505 4507/4507/4507 4506/4506/4506
f 4507/4507/4507 4508/4508/4508 4506/4506/4506
f 4509/4509/4509 4511/4511/4511 4510/4510/4510
f 4511/4511/4511 4512/4512/4512 4510/4510/4510
o rail_R_181
usemtl sun_gold
v 0.56959375 1.83209375 0.03209375
v 0.56959375 1.83209375 -0.03209375
v 0.56959375 1.76790625 0.03209375
v 0.56959375 1.76790625 -0.03209375
v 0.50540625 1.83209375 -0.03209375
v 0.50540625 1.83209375 0.03209375
v 0.50540625 1.76790625 -0.03209375
v 0.50540625 1.76790625 0.03209375
v 0.50540625 1.83209375 -0.03209375
v 0.56959375 1.83209375 -0.03209375
v 0.50540625 1.83209375 0.03209375
v 0.56959375 1.83209375 0.03209375
v 0.50540625 1.76790625 0.03209375
v 0.56959375 1.76790625 0.03209375
v 0.50540625 1.76790625 -0.03209375
v 0.56959375 1.76790625 -0.03209375
v 0.50540625 1.83209375 0.03209375
v 0.56959375 1.83209375 0.03209375
v 0.50540625 1.76790625 0.03209375
v 0.56959375 1.76790625 0.03209375
v 0.56959375 1.83209375 -0.03209375
v 0.50540625 1.83209375 -0.03209375
v 0.56959375 1.76790625 -0.03209375
v 0.50540625 1.76790625 -0.03209375
vt 0.0625 0.625
vt 0.125 0.625
vt 0.0625 0.5625
vt 0.125 0.5625
vt 0.0625 0.625
vt 0.125 0.625
vt 0.0625 0.5625
vt 0.125 0.5625
vt 0.0625 0.625
vt 0.125 0.625
vt 0.0625 0.5625
vt 0.125 0.5625
vt 0.0625 0.625
vt 0.125 0.625
vt 0.0625 0.5625
vt 0.125 0.5625
vt 0.0625 0.625
vt 0.125 0.625
vt 0.0625 0.5625
vt 0.125 0.5625
vt 0.0625 0.625
vt 0.125 0.625
vt 0.0625 0.5625
vt 0.125 0.5625
vn 1 0 0
vn 1 0 0
vn 1 0 0
vn 1 0 0
vn -1 0 0
vn -1 0 0
vn -1 0 0
vn -1 0 0
vn 0 1 0
vn 0 1 0
vn 0 1 0
vn 0 1 0
vn 0 -1 0
vn 0 -1 0
vn 0 -1 0
vn 0 -1 0
vn 0 0 1
vn 0 0 1
vn 0 0 1
vn 0 0 1
vn 0 0 -1
vn 0 0 -1
vn 0 0 -1
vn 0 0 -1
f 4513/4513/4513 4515/4515/4515 4514/4514/4514
f 4515/4515/4515 4516/4516/4516 4514/4514/4514
f 4517/4517/4517 4519/4519/4519 4518/4518/4518
f 4519/4519/4519 4520/4520/4520 4518/4518/4518
f 4521/4521/4521 4523/4523/4523 4522/4522/4522
f 4523/4523/4523 4524/4524/4524 4522/4522/4522
f 4525/4525/4525 4527/4527/4527 4526/4526/4526
f 4527/4527/4527 4528/4528/4528 4526/4526/4526
f 4529/4529/4529 4531/4531/4531 4530/4530/4530
f 4531/4531/4531 4532/4532/4532 4530/4530/4530
f 4533/4533/4533 4535/4535/4535 4534/4534/4534
f 4535/4535/4535 4536/4536/4536 4534/4534/4534
o rail_R_182
usemtl bright_gold
v 0.525000000745058 2.050000000745058 0.05000000074505806
v 0.525000000745058 2.050000000745058 -0.05000000074505806
v 0.525000000745058 1.949999999254942 0.05000000074505806
v 0.525000000745058 1.949999999254942 -0.05000000074505806
v 0.4249999992549419 2.050000000745058 -0.05000000074505806
v 0.4249999992549419 2.050000000745058 0.05000000074505806
v 0.4249999992549419 1.949999999254942 -0.05000000074505806
v 0.4249999992549419 1.949999999254942 0.05000000074505806
v 0.4249999992549419 2.050000000745058 -0.05000000074505806
v 0.525000000745058 2.050000000745058 -0.05000000074505806
v 0.4249999992549419 2.050000000745058 0.05000000074505806
v 0.525000000745058 2.050000000745058 0.05000000074505806
v 0.4249999992549419 1.949999999254942 0.05000000074505806
v 0.525000000745058 1.949999999254942 0.05000000074505806
v 0.4249999992549419 1.949999999254942 -0.05000000074505806
v 0.525000000745058 1.949999999254942 -0.05000000074505806
v 0.4249999992549419 2.050000000745058 0.05000000074505806
v 0.525000000745058 2.050000000745058 0.05000000074505806
v 0.4249999992549419 1.949999999254942 0.05000000074505806
v 0.525000000745058 1.949999999254942 0.05000000074505806
v 0.525000000745058 2.050000000745058 -0.05000000074505806
v 0.4249999992549419 2.050000000745058 -0.05000000074505806
v 0.525000000745058 1.949999999254942 -0.05000000074505806
v 0.4249999992549419 1.949999999254942 -0.05000000074505806
vt 0.4375 0.75
vt 0.5625 0.75
vt 0.4375 0.625
vt 0.5625 0.625
vt 0.4375 0.75
vt 0.5625 0.75
vt 0.4375 0.625
vt 0.5625 0.625
vt 0.4375 0.75
vt 0.5625 0.75
vt 0.4375 0.625
vt 0.5625 0.625
vt 0.4375 0.75
vt 0.5625 0.75
vt 0.4375 0.625
vt 0.5625 0.625
vt 0.4375 0.75
vt 0.5625 0.75
vt 0.4375 0.625
vt 0.5625 0.625
vt 0.4375 0.75
vt 0.5625 0.75
vt 0.4375 0.625
vt 0.5625 0.625
vn 1 0 0
vn 1 0 0
vn 1 0 0
vn 1 0 0
vn -1 0 0
vn -1 0 0
vn -1 0 0
vn -1 0 0
vn 0 1 0
vn 0 1 0
vn 0 1 0
vn 0 1 0
vn 0 -1 0
vn 0 -1 0
vn 0 -1 0
vn 0 -1 0
vn 0 0 1
vn 0 0 1
vn 0 0 1
vn 0 0 1
vn 0 0 -1
vn 0 0 -1
vn 0 0 -1
vn 0 0 -1
f 4537/4537/4537 4539/4539/4539 4538/4538/4538
f 4539/4539/4539 4540/4540/4540 4538/4538/4538
f 4541/4541/4541 4543/4543/4543 4542/4542/4542
f 4543/4543/4543 4544/4544/4544 4542/4542/4542
f 4545/4545/4545 4547/4547/4547 4546/4546/4546
f 4547/4547/4547 4548/4548/4548 4546/4546/4546
f 4549/4549/4549 4551/4551/4551 4550/4550/4550
f 4551/4551/4551 4552/4552/4552 4550/4550/4550
f 4553/4553/4553 4555/4555/4555 4554/4554/4554
f 4555/4555/4555 4556/4556/4556 4554/4554/4554
f 4557/4557/4557 4559/4559/4559 4558/4558/4558
f 4559/4559/4559 4560/4560/4560 4558/4558/4558
o rail_R_183
usemtl sun_gold
v 0.569734375 2.0822343749999996 0.032234375
v 0.569734375 2.0822343749999996 -0.032234375
v 0.569734375 2.017765625 0.032234375
v 0.569734375 2.017765625 -0.032234375
v 0.5052656249999999 2.0822343749999996 -0.032234375
v 0.5052656249999999 2.0822343749999996 0.032234375
v 0.5052656249999999 2.017765625 -0.032234375
v 0.5052656249999999 2.017765625 0.032234375
v 0.5052656249999999 2.0822343749999996 -0.032234375
v 0.569734375 2.0822343749999996 -0.032234375
v 0.5052656249999999 2.0822343749999996 0.032234375
v 0.569734375 2.0822343749999996 0.032234375
v 0.5052656249999999 2.017765625 0.032234375
v 0.569734375 2.017765625 0.032234375
v 0.5052656249999999 2.017765625 -0.032234375
v 0.569734375 2.017765625 -0.032234375
v 0.5052656249999999 2.0822343749999996 0.032234375
v 0.569734375 2.0822343749999996 0.032234375
v 0.5052656249999999 2.017765625 0.032234375
v 0.569734375 2.017765625 0.032234375
v 0.569734375 2.0822343749999996 -0.032234375
v 0.5052656249999999 2.0822343749999996 -0.032234375
v 0.569734375 2.017765625 -0.032234375
v 0.5052656249999999 2.017765625 -0.032234375
vt 0.0625 0.625
vt 0.125 0.625
vt 0.0625 0.5625
vt 0.125 0.5625
vt 0.0625 0.625
vt 0.125 0.625
vt 0.0625 0.5625
vt 0.125 0.5625
vt 0.0625 0.625
vt 0.125 0.625
vt 0.0625 0.5625
vt 0.125 0.5625
vt 0.0625 0.625
vt 0.125 0.625
vt 0.0625 0.5625
vt 0.125 0.5625
vt 0.0625 0.625
vt 0.125 0.625
vt 0.0625 0.5625
vt 0.125 0.5625
vt 0.0625 0.625
vt 0.125 0.625
vt 0.0625 0.5625
vt 0.125 0.5625
vn 1 0 0
vn 1 0 0
vn 1 0 0
vn 1 0 0
vn -1 0 0
vn -1 0 0
vn -1 0 0
vn -1 0 0
vn 0 1 0
vn 0 1 0
vn 0 1 0
vn 0 1 0
vn 0 -1 0
vn 0 -1 0
vn 0 -1 0
vn 0 -1 0
vn 0 0 1
vn 0 0 1
vn 0 0 1
vn 0 0 1
vn 0 0 -1
vn 0 0 -1
vn 0 0 -1
vn 0 0 -1
f 4561/4561/4561 4563/4563/4563 4562/4562/4562
f 4563/4563/4563 4564/4564/4564 4562/4562/4562
f 4565/4565/4565 4567/4567/4567 4566/4566/4566
f 4567/4567/4567 4568/4568/4568 4566/4566/4566
f 4569/4569/4569 4571/4571/4571 4570/4570/4570
f 4571/4571/4571 4572/4572/4572 4570/4570/4570
f 4573/4573/4573 4575/4575/4575 4574/4574/4574
f 4575/4575/4575 4576/4576/4576 4574/4574/4574
f 4577/4577/4577 4579/4579/4579 4578/4578/4578
f 4579/4579/4579 4580/4580/4580 4578/4578/4578
f 4581/4581/4581 4583/4583/4583 4582/4582/4582
f 4583/4583/4583 4584/4584/4584 4582/4582/4582
o rail_R_184
usemtl bright_gold
v 0.5252250007484108 2.300225000748411 0.05022500074841082
v 0.5252250007484108 2.300225000748411 -0.05022500074841082
v 0.5252250007484108 2.199774999251589 0.05022500074841082
v 0.5252250007484108 2.199774999251589 -0.05022500074841082
v 0.4247749992515892 2.300225000748411 -0.05022500074841082
v 0.4247749992515892 2.300225000748411 0.05022500074841082
v 0.4247749992515892 2.199774999251589 -0.05022500074841082
v 0.4247749992515892 2.199774999251589 0.05022500074841082
v 0.4247749992515892 2.300225000748411 -0.05022500074841082
v 0.5252250007484108 2.300225000748411 -0.05022500074841082
v 0.4247749992515892 2.300225000748411 0.05022500074841082
v 0.5252250007484108 2.300225000748411 0.05022500074841082
v 0.4247749992515892 2.199774999251589 0.05022500074841082
v 0.5252250007484108 2.199774999251589 0.05022500074841082
v 0.4247749992515892 2.199774999251589 -0.05022500074841082
v 0.5252250007484108 2.199774999251589 -0.05022500074841082
v 0.4247749992515892 2.300225000748411 0.05022500074841082
v 0.5252250007484108 2.300225000748411 0.05022500074841082
v 0.4247749992515892 2.199774999251589 0.05022500074841082
v 0.5252250007484108 2.199774999251589 0.05022500074841082
v 0.5252250007484108 2.300225000748411 -0.05022500074841082
v 0.4247749992515892 2.300225000748411 -0.05022500074841082
v 0.5252250007484108 2.199774999251589 -0.05022500074841082
v 0.4247749992515892 2.199774999251589 -0.05022500074841082
vt 0.4375 0.75
vt 0.5625 0.75
vt 0.4375 0.625
vt 0.5625 0.625
vt 0.4375 0.75
vt 0.5625 0.75
vt 0.4375 0.625
vt 0.5625 0.625
vt 0.4375 0.75
vt 0.5625 0.75
vt 0.4375 0.625
vt 0.5625 0.625
vt 0.4375 0.75
vt 0.5625 0.75
vt 0.4375 0.625
vt 0.5625 0.625
vt 0.4375 0.75
vt 0.5625 0.75
vt 0.4375 0.625
vt 0.5625 0.625
vt 0.4375 0.75
vt 0.5625 0.75
vt 0.4375 0.625
vt 0.5625 0.625
vn 1 0 0
vn 1 0 0
vn 1 0 0
vn 1 0 0
vn -1 0 0
vn -1 0 0
vn -1 0 0
vn -1 0 0
vn 0 1 0
vn 0 1 0
vn 0 1 0
vn 0 1 0
vn 0 -1 0
vn 0 -1 0
vn 0 -1 0
vn 0 -1 0
vn 0 0 1
vn 0 0 1
vn 0 0 1
vn 0 0 1
vn 0 0 -1
vn 0 0 -1
vn 0 0 -1
vn 0 0 -1
f 4585/4585/4585 4587/4587/4587 4586/4586/4586
f 4587/4587/4587 4588/4588/4588 4586/4586/4586
f 4589/4589/4589 4591/4591/4591 4590/4590/4590
f 4591/4591/4591 4592/4592/4592 4590/4590/4590
f 4593/4593/4593 4595/4595/4595 4594/4594/4594
f 4595/4595/4595 4596/4596/4596 4594/4594/4594
f 4597/4597/4597 4599/4599/4599 4598/4598/4598
f 4599/4599/4599 4600/4600/4600 4598/4598/4598
f 4601/4601/4601 4603/4603/4603 4602/4602/4602
f 4603/4603/4603 4604/4604/4604 4602/4602/4602
f 4605/4605/4605 4607/4607/4607 4606/4606/4606
f 4607/4607/4607 4608/4608/4608 4606/4606/4606
o rail_R_185
usemtl sun_gold
v 0.569875 2.332375 0.032375
v 0.569875 2.332375 -0.032375
v 0.569875 2.267625 0.032375
v 0.569875 2.267625 -0.032375
v 0.5051249999999999 2.332375 -0.032375
v 0.5051249999999999 2.332375 0.032375
v 0.5051249999999999 2.267625 -0.032375
v 0.5051249999999999 2.267625 0.032375
v 0.5051249999999999 2.332375 -0.032375
v 0.569875 2.332375 -0.032375
v 0.5051249999999999 2.332375 0.032375
v 0.569875 2.332375 0.032375
v 0.5051249999999999 2.267625 0.032375
v 0.569875 2.267625 0.032375
v 0.5051249999999999 2.267625 -0.032375
v 0.569875 2.267625 -0.032375
v 0.5051249999999999 2.332375 0.032375
v 0.569875 2.332375 0.032375
v 0.5051249999999999 2.267625 0.032375
v 0.569875 2.267625 0.032375
v 0.569875 2.332375 -0.032375
v 0.5051249999999999 2.332375 -0.032375
v 0.569875 2.267625 -0.032375
v 0.5051249999999999 2.267625 -0.032375
vt 0.0625 0.625
vt 0.125 0.625
vt 0.0625 0.5625
vt 0.125 0.5625
vt 0.0625 0.625
vt 0.125 0.625
vt 0.0625 0.5625
vt 0.125 0.5625
vt 0.0625 0.625
vt 0.125 0.625
vt 0.0625 0.5625
vt 0.125 0.5625
vt 0.0625 0.625
vt 0.125 0.625
vt 0.0625 0.5625
vt 0.125 0.5625
vt 0.0625 0.625
vt 0.125 0.625
vt 0.0625 0.5625
vt 0.125 0.5625
vt 0.0625 0.625
vt 0.125 0.625
vt 0.0625 0.5625
vt 0.125 0.5625
vn 1 0 0
vn 1 0 0
vn 1 0 0
vn 1 0 0
vn -1 0 0
vn -1 0 0
vn -1 0 0
vn -1 0 0
vn 0 1 0
vn 0 1 0
vn 0 1 0
vn 0 1 0
vn 0 -1 0
vn 0 -1 0
vn 0 -1 0
vn 0 -1 0
vn 0 0 1
vn 0 0 1
vn 0 0 1
vn 0 0 1
vn 0 0 -1
vn 0 0 -1
vn 0 0 -1
vn 0 0 -1
f 4609/4609/4609 4611/4611/4611 4610/4610/4610
f 4611/4611/4611 4612/4612/4612 4610/4610/4610
f 4613/4613/4613 4615/4615/4615 4614/4614/4614
f 4615/4615/4615 4616/4616/4616 4614/4614/4614
f 4617/4617/4617 4619/4619/4619 4618/4618/4618
f 4619/4619/4619 4620/4620/4620 4618/4618/4618
f 4621/4621/4621 4623/4623/4623 4622/4622/4622
f 4623/4623/4623 4624/4624/4624 4622/4622/4622
f 4625/4625/4625 4627/4627/4627 4626/4626/4626
f 4627/4627/4627 4628/4628/4628 4626/4626/4626
f 4629/4629/4629 4631/4631/4631 4630/4630/4630
f 4631/4631/4631 4632/4632/4632 4630/4630/4630
o rail_R_186
usemtl bright_gold
v 0.5254500007517635 2.5504500007517636 0.05045000075176358
v 0.5254500007517635 2.5504500007517636 -0.05045000075176358
v 0.5254500007517635 2.4495499992482364 0.05045000075176358
v 0.5254500007517635 2.4495499992482364 -0.05045000075176358
v 0.4245499992482364 2.5504500007517636 -0.05045000075176358
v 0.4245499992482364 2.5504500007517636 0.05045000075176358
v 0.4245499992482364 2.4495499992482364 -0.05045000075176358
v 0.4245499992482364 2.4495499992482364 0.05045000075176358
v 0.4245499992482364 2.5504500007517636 -0.05045000075176358
v 0.5254500007517635 2.5504500007517636 -0.05045000075176358
v 0.4245499992482364 2.5504500007517636 0.05045000075176358
v 0.5254500007517635 2.5504500007517636 0.05045000075176358
v 0.4245499992482364 2.4495499992482364 0.05045000075176358
v 0.5254500007517635 2.4495499992482364 0.05045000075176358
v 0.4245499992482364 2.4495499992482364 -0.05045000075176358
v 0.5254500007517635 2.4495499992482364 -0.05045000075176358
v 0.4245499992482364 2.5504500007517636 0.05045000075176358
v 0.5254500007517635 2.5504500007517636 0.05045000075176358
v 0.4245499992482364 2.4495499992482364 0.05045000075176358
v 0.5254500007517635 2.4495499992482364 0.05045000075176358
v 0.5254500007517635 2.5504500007517636 -0.05045000075176358
v 0.4245499992482364 2.5504500007517636 -0.05045000075176358
v 0.5254500007517635 2.4495499992482364 -0.05045000075176358
v 0.4245499992482364 2.4495499992482364 -0.05045000075176358
vt 0.4375 0.75
vt 0.5625 0.75
vt 0.4375 0.625
vt 0.5625 0.625
vt 0.4375 0.75
vt 0.5625 0.75
vt 0.4375 0.625
vt 0.5625 0.625
vt 0.4375 0.75
vt 0.5625 0.75
vt 0.4375 0.625
vt 0.5625 0.625
vt 0.4375 0.75
vt 0.5625 0.75
vt 0.4375 0.625
vt 0.5625 0.625
vt 0.4375 0.75
vt 0.5625 0.75
vt 0.4375 0.625
vt 0.5625 0.625
vt 0.4375 0.75
vt 0.5625 0.75
vt 0.4375 0.625
vt 0.5625 0.625
vn 0.9999999999999999 0 0
vn 0.9999999999999999 0 0
vn 0.9999999999999999 0 0
vn 0.9999999999999999 0 0
vn -0.9999999999999999 0 0
vn -0.9999999999999999 0 0
vn -0.9999999999999999 0 0
vn -0.9999999999999999 0 0
vn 0 0.9999999999999999 0
vn 0 0.9999999999999999 0
vn 0 0.9999999999999999 0
vn 0 0.9999999999999999 0
vn 0 -0.9999999999999999 0
vn 0 -0.9999999999999999 0
vn 0 -0.9999999999999999 0
vn 0 -0.9999999999999999 0
vn 0 0 0.9999999999999999
vn 0 0 0.9999999999999999
vn 0 0 0.9999999999999999
vn 0 0 0.9999999999999999
vn 0 0 -0.9999999999999999
vn 0 0 -0.9999999999999999
vn 0 0 -0.9999999999999999
vn 0 0 -0.9999999999999999
f 4633/4633/4633 4635/4635/4635 4634/4634/4634
f 4635/4635/4635 4636/4636/4636 4634/4634/4634
f 4637/4637/4637 4639/4639/4639 4638/4638/4638
f 4639/4639/4639 4640/4640/4640 4638/4638/4638
f 4641/4641/4641 4643/4643/4643 4642/4642/4642
f 4643/4643/4643 4644/4644/4644 4642/4642/4642
f 4645/4645/4645 4647/4647/4647 4646/4646/4646
f 4647/4647/4647 4648/4648/4648 4646/4646/4646
f 4649/4649/4649 4651/4651/4651 4650/4650/4650
f 4651/4651/4651 4652/4652/4652 4650/4650/4650
f 4653/4653/4653 4655/4655/4655 4654/4654/4654
f 4655/4655/4655 4656/4656/4656 4654/4654/4654
o rail_R_187
usemtl sun_gold
v 0.570015625 2.5825156249999996 0.032515625
v 0.570015625 2.5825156249999996 -0.032515625
v 0.570015625 2.517484375 0.032515625
v 0.570015625 2.517484375 -0.032515625
v 0.5049843749999999 2.5825156249999996 -0.032515625
v 0.5049843749999999 2.5825156249999996 0.032515625
v 0.5049843749999999 2.517484375 -0.032515625
v 0.5049843749999999 2.517484375 0.032515625
v 0.5049843749999999 2.5825156249999996 -0.032515625
v 0.570015625 2.5825156249999996 -0.032515625
v 0.5049843749999999 2.5825156249999996 0.032515625
v 0.570015625 2.5825156249999996 0.032515625
v 0.5049843749999999 2.517484375 0.032515625
v 0.570015625 2.517484375 0.032515625
v 0.5049843749999999 2.517484375 -0.032515625
v 0.570015625 2.517484375 -0.032515625
v 0.5049843749999999 2.5825156249999996 0.032515625
v 0.570015625 2.5825156249999996 0.032515625
v 0.5049843749999999 2.517484375 0.032515625
v 0.570015625 2.517484375 0.032515625
v 0.570015625 2.5825156249999996 -0.032515625
v 0.5049843749999999 2.5825156249999996 -0.032515625
v 0.570015625 2.517484375 -0.032515625
v 0.5049843749999999 2.517484375 -0.032515625
vt 0.0625 0.625
vt 0.125 0.625
vt 0.0625 0.5625
vt 0.125 0.5625
vt 0.0625 0.625
vt 0.125 0.625
vt 0.0625 0.5625
vt 0.125 0.5625
vt 0.0625 0.625
vt 0.125 0.625
vt 0.0625 0.5625
vt 0.125 0.5625
vt 0.0625 0.625
vt 0.125 0.625
vt 0.0625 0.5625
vt 0.125 0.5625
vt 0.0625 0.625
vt 0.125 0.625
vt 0.0625 0.5625
vt 0.125 0.5625
vt 0.0625 0.625
vt 0.125 0.625
vt 0.0625 0.5625
vt 0.125 0.5625
vn 1 0 0
vn 1 0 0
vn 1 0 0
vn 1 0 0
vn -1 0 0
vn -1 0 0
vn -1 0 0
vn -1 0 0
vn 0 1 0
vn 0 1 0
vn 0 1 0
vn 0 1 0
vn 0 -1 0
vn 0 -1 0
vn 0 -1 0
vn 0 -1 0
vn 0 0 1
vn 0 0 1
vn 0 0 1
vn 0 0 1
vn 0 0 -1
vn 0 0 -1
vn 0 0 -1
vn 0 0 -1
f 4657/4657/4657 4659/4659/4659 4658/4658/4658
f 4659/4659/4659 4660/4660/4660 4658/4658/4658
f 4661/4661/4661 4663/4663/4663 4662/4662/4662
f 4663/4663/4663 4664/4664/4664 4662/4662/4662
f 4665/4665/4665 4667/4667/4667 4666/4666/4666
f 4667/4667/4667 4668/4668/4668 4666/4666/4666
f 4669/4669/4669 4671/4671/4671 4670/4670/4670
f 4671/4671/4671 4672/4672/4672 4670/4670/4670
f 4673/4673/4673 4675/4675/4675 4674/4674/4674
f 4675/4675/4675 4676/4676/4676 4674/4674/4674
f 4677/4677/4677 4679/4679/4679 4678/4678/4678
f 4679/4679/4679 4680/4680/4680 4678/4678/4678
o rail_R_188
usemtl bright_gold
v 0.5256750007551163 2.8006750007551164 0.05067500075511635
v 0.5256750007551163 2.8006750007551164 -0.05067500075511635
v 0.5256750007551163 2.6993249992448836 0.05067500075511635
v 0.5256750007551163 2.6993249992448836 -0.05067500075511635
v 0.42432499924488365 2.8006750007551164 -0.05067500075511635
v 0.42432499924488365 2.8006750007551164 0.05067500075511635
v 0.42432499924488365 2.6993249992448836 -0.05067500075511635
v 0.42432499924488365 2.6993249992448836 0.05067500075511635
v 0.42432499924488365 2.8006750007551164 -0.05067500075511635
v 0.5256750007551163 2.8006750007551164 -0.05067500075511635
v 0.42432499924488365 2.8006750007551164 0.05067500075511635
v 0.5256750007551163 2.8006750007551164 0.05067500075511635
v 0.42432499924488365 2.6993249992448836 0.05067500075511635
v 0.5256750007551163 2.6993249992448836 0.05067500075511635
v 0.42432499924488365 2.6993249992448836 -0.05067500075511635
v 0.5256750007551163 2.6993249992448836 -0.05067500075511635
v 0.42432499924488365 2.8006750007551164 0.05067500075511635
v 0.5256750007551163 2.8006750007551164 0.05067500075511635
v 0.42432499924488365 2.6993249992448836 0.05067500075511635
v 0.5256750007551163 2.6993249992448836 0.05067500075511635
v 0.5256750007551163 2.8006750007551164 -0.05067500075511635
v 0.42432499924488365 2.8006750007551164 -0.05067500075511635
v 0.5256750007551163 2.6993249992448836 -0.05067500075511635
v 0.42432499924488365 2.6993249992448836 -0.05067500075511635
vt 0.4375 0.75
vt 0.5625 0.75
vt 0.4375 0.625
vt 0.5625 0.625
vt 0.4375 0.75
vt 0.5625 0.75
vt 0.4375 0.625
vt 0.5625 0.625
vt 0.4375 0.75
vt 0.5625 0.75
vt 0.4375 0.625
vt 0.5625 0.625
vt 0.4375 0.75
vt 0.5625 0.75
vt 0.4375 0.625
vt 0.5625 0.625
vt 0.4375 0.75
vt 0.5625 0.75
vt 0.4375 0.625
vt 0.5625 0.625
vt 0.4375 0.75
vt 0.5625 0.75
vt 0.4375 0.625
vt 0.5625 0.625
vn 1 0 0
vn 1 0 0
vn 1 0 0
vn 1 0 0
vn -1 0 0
vn -1 0 0
vn -1 0 0
vn -1 0 0
vn 0 1 0
vn 0 1 0
vn 0 1 0
vn 0 1 0
vn 0 -1 0
vn 0 -1 0
vn 0 -1 0
vn 0 -1 0
vn 0 0 1
vn 0 0 1
vn 0 0 1
vn 0 0 1
vn 0 0 -1
vn 0 0 -1
vn 0 0 -1
vn 0 0 -1
f 4681/4681/4681 4683/4683/4683 4682/4682/4682
f 4683/4683/4683 4684/4684/4684 4682/4682/4682
f 4685/4685/4685 4687/4687/4687 4686/4686/4686
f 4687/4687/4687 4688/4688/4688 4686/4686/4686
f 4689/4689/4689 4691/4691/4691 4690/4690/4690
f 4691/4691/4691 4692/4692/4692 4690/4690/4690
f 4693/4693/4693 4695/4695/4695 4694/4694/4694
f 4695/4695/4695 4696/4696/4696 4694/4694/4694
f 4697/4697/4697 4699/4699/4699 4698/4698/4698
f 4699/4699/4699 4700/4700/4700 4698/4698/4698
f 4701/4701/4701 4703/4703/4703 4702/4702/4702
f 4703/4703/4703 4704/4704/4704 4702/4702/4702
o rail_R_189
usemtl sun_gold
v 0.5701562499999999 2.83265625 0.03265625
v 0.5701562499999999 2.83265625 -0.03265625
v 0.5701562499999999 2.7673437499999998 0.03265625
v 0.5701562499999999 2.7673437499999998 -0.03265625
v 0.50484375 2.83265625 -0.03265625
v 0.50484375 2.83265625 0.03265625
v 0.50484375 2.7673437499999998 -0.03265625
v 0.50484375 2.7673437499999998 0.03265625
v 0.50484375 2.83265625 -0.03265625
v 0.5701562499999999 2.83265625 -0.03265625
v 0.50484375 2.83265625 0.03265625
v 0.5701562499999999 2.83265625 0.03265625
v 0.50484375 2.7673437499999998 0.03265625
v 0.5701562499999999 2.7673437499999998 0.03265625
v 0.50484375 2.7673437499999998 -0.03265625
v 0.5701562499999999 2.7673437499999998 -0.03265625
v 0.50484375 2.83265625 0.03265625
v 0.5701562499999999 2.83265625 0.03265625
v 0.50484375 2.7673437499999998 0.03265625
v 0.5701562499999999 2.7673437499999998 0.03265625
v 0.5701562499999999 2.83265625 -0.03265625
v 0.50484375 2.83265625 -0.03265625
v 0.5701562499999999 2.7673437499999998 -0.03265625
v 0.50484375 2.7673437499999998 -0.03265625
vt 0.0625 0.625
vt 0.125 0.625
vt 0.0625 0.5625
vt 0.125 0.5625
vt 0.0625 0.625
vt 0.125 0.625
vt 0.0625 0.5625
vt 0.125 0.5625
vt 0.0625 0.625
vt 0.125 0.625
vt 0.0625 0.5625
vt 0.125 0.5625
vt 0.0625 0.625
vt 0.125 0.625
vt 0.0625 0.5625
vt 0.125 0.5625
vt 0.0625 0.625
vt 0.125 0.625
vt 0.0625 0.5625
vt 0.125 0.5625
vt 0.0625 0.625
vt 0.125 0.625
vt 0.0625 0.5625
vt 0.125 0.5625
vn 1 0 0
vn 1 0 0
vn 1 0 0
vn 1 0 0
vn -1 0 0
vn -1 0 0
vn -1 0 0
vn -1 0 0
vn 0 1 0
vn 0 1 0
vn 0 1 0
vn 0 1 0
vn 0 -1 0
vn 0 -1 0
vn 0 -1 0
vn 0 -1 0
vn 0 0 1
vn 0 0 1
vn 0 0 1
vn 0 0 1
vn 0 0 -1
vn 0 0 -1
vn 0 0 -1
vn 0 0 -1
f 4705/4705/4705 4707/4707/4707 4706/4706/4706
f 4707/4707/4707 4708/4708/4708 4706/4706/4706
f 4709/4709/4709 4711/4711/4711 4710/4710/4710
f 4711/4711/4711 4712/4712/4712 4710/4710/4710
f 4713/4713/4713 4715/4715/4715 4714/4714/4714
f 4715/4715/4715 4716/4716/4716 4714/4714/4714
f 4717/4717/4717 4719/4719/4719 4718/4718/4718
f 4719/4719/4719 4720/4720/4720 4718/4718/4718
f 4721/4721/4721 4723/4723/4723 4722/4722/4722
f 4723/4723/4723 4724/4724/4724 4722/4722/4722
f 4725/4725/4725 4727/4727/4727 4726/4726/4726
f 4727/4727/4727 4728/4728/4728 4726/4726/4726
o rail_R_190
usemtl bright_gold
v 0.5259000007584691 3.0509000007584692 0.05090000075846911
v 0.5259000007584691 3.0509000007584692 -0.05090000075846911
v 0.5259000007584691 2.9490999992415308 0.05090000075846911
v 0.5259000007584691 2.9490999992415308 -0.05090000075846911
v 0.42409999924153086 3.0509000007584692 -0.05090000075846911
v 0.42409999924153086 3.0509000007584692 0.05090000075846911
v 0.42409999924153086 2.9490999992415308 -0.05090000075846911
v 0.42409999924153086 2.9490999992415308 0.05090000075846911
v 0.42409999924153086 3.0509000007584692 -0.05090000075846911
v 0.5259000007584691 3.0509000007584692 -0.05090000075846911
v 0.42409999924153086 3.0509000007584692 0.05090000075846911
v 0.5259000007584691 3.0509000007584692 0.05090000075846911
v 0.42409999924153086 2.9490999992415308 0.05090000075846911
v 0.5259000007584691 2.9490999992415308 0.05090000075846911
v 0.42409999924153086 2.9490999992415308 -0.05090000075846911
v 0.5259000007584691 2.9490999992415308 -0.05090000075846911
v 0.42409999924153086 3.0509000007584692 0.05090000075846911
v 0.5259000007584691 3.0509000007584692 0.05090000075846911
v 0.42409999924153086 2.9490999992415308 0.05090000075846911
v 0.5259000007584691 2.9490999992415308 0.05090000075846911
v 0.5259000007584691 3.0509000007584692 -0.05090000075846911
v 0.42409999924153086 3.0509000007584692 -0.05090000075846911
v 0.5259000007584691 2.9490999992415308 -0.05090000075846911
v 0.42409999924153086 2.9490999992415308 -0.05090000075846911
vt 0.4375 0.75
vt 0.5625 0.75
vt 0.4375 0.625
vt 0.5625 0.625
vt 0.4375 0.75
vt 0.5625 0.75
vt 0.4375 0.625
vt 0.5625 0.625
vt 0.4375 0.75
vt 0.5625 0.75
vt 0.4375 0.625
vt 0.5625 0.625
vt 0.4375 0.75
vt 0.5625 0.75
vt 0.4375 0.625
vt 0.5625 0.625
vt 0.4375 0.75
vt 0.5625 0.75
vt 0.4375 0.625
vt 0.5625 0.625
vt 0.4375 0.75
vt 0.5625 0.75
vt 0.4375 0.625
vt 0.5625 0.625
vn 0.9999999999999999 0 0
vn 0.9999999999999999 0 0
vn 0.9999999999999999 0 0
vn 0.9999999999999999 0 0
vn -0.9999999999999999 0 0
vn -0.9999999999999999 0 0
vn -0.9999999999999999 0 0
vn -0.9999999999999999 0 0
vn 0 0.9999999999999999 0
vn 0 0.9999999999999999 0
vn 0 0.9999999999999999 0
vn 0 0.9999999999999999 0
vn 0 -0.9999999999999999 0
vn 0 -0.9999999999999999 0
vn 0 -0.9999999999999999 0
vn 0 -0.9999999999999999 0
vn 0 0 0.9999999999999999
vn 0 0 0.9999999999999999
vn 0 0 0.9999999999999999
vn 0 0 0.9999999999999999
vn 0 0 -0.9999999999999999
vn 0 0 -0.9999999999999999
vn 0 0 -0.9999999999999999
vn 0 0 -0.9999999999999999
f 4729/4729/4729 4731/4731/4731 4730/4730/4730
f 4731/4731/4731 4732/4732/4732 4730/4730/4730
f 4733/4733/4733 4735/4735/4735 4734/4734/4734
f 4735/4735/4735 4736/4736/4736 4734/4734/4734
f 4737/4737/4737 4739/4739/4739 4738/4738/4738
f 4739/4739/4739 4740/4740/4740 4738/4738/4738
f 4741/4741/4741 4743/4743/4743 4742/4742/4742
f 4743/4743/4743 4744/4744/4744 4742/4742/4742
f 4745/4745/4745 4747/4747/4747 4746/4746/4746
f 4747/4747/4747 4748/4748/4748 4746/4746/4746
f 4749/4749/4749 4751/4751/4751 4750/4750/4750
f 4751/4751/4751 4752/4752/4752 4750/4750/4750
o rail_R_191
usemtl sun_gold
v 0.5702968749999999 3.0827968749999997 0.032796875
v 0.5702968749999999 3.0827968749999997 -0.032796875
v 0.5702968749999999 3.017203125 0.032796875
v 0.5702968749999999 3.017203125 -0.032796875
v 0.504703125 3.0827968749999997 -0.032796875
v 0.504703125 3.0827968749999997 0.032796875
v 0.504703125 3.017203125 -0.032796875
v 0.504703125 3.017203125 0.032796875
v 0.504703125 3.0827968749999997 -0.032796875
v 0.5702968749999999 3.0827968749999997 -0.032796875
v 0.504703125 3.0827968749999997 0.032796875
v 0.5702968749999999 3.0827968749999997 0.032796875
v 0.504703125 3.017203125 0.032796875
v 0.5702968749999999 3.017203125 0.032796875
v 0.504703125 3.017203125 -0.032796875
v 0.5702968749999999 3.017203125 -0.032796875
v 0.504703125 3.0827968749999997 0.032796875
v 0.5702968749999999 3.0827968749999997 0.032796875
v 0.504703125 3.017203125 0.032796875
v 0.5702968749999999 3.017203125 0.032796875
v 0.5702968749999999 3.0827968749999997 -0.032796875
v 0.504703125 3.0827968749999997 -0.032796875
v 0.5702968749999999 3.017203125 -0.032796875
v 0.504703125 3.017203125 -0.032796875
vt 0.0625 0.625
vt 0.125 0.625
vt 0.0625 0.5625
vt 0.125 0.5625
vt 0.0625 0.625
vt 0.125 0.625
vt 0.0625 0.5625
vt 0.125 0.5625
vt 0.0625 0.625
vt 0.125 0.625
vt 0.0625 0.5625
vt 0.125 0.5625
vt 0.0625 0.625
vt 0.125 0.625
vt 0.0625 0.5625
vt 0.125 0.5625
vt 0.0625 0.625
vt 0.125 0.625
vt 0.0625 0.5625
vt 0.125 0.5625
vt 0.0625 0.625
vt 0.125 0.625
vt 0.0625 0.5625
vt 0.125 0.5625
vn 1 0 0
vn 1 0 0
vn 1 0 0
vn 1 0 0
vn -1 0 0
vn -1 0 0
vn -1 0 0
vn -1 0 0
vn 0 1 0
vn 0 1 0
vn 0 1 0
vn 0 1 0
vn 0 -1 0
vn 0 -1 0
vn 0 -1 0
vn 0 -1 0
vn 0 0 1
vn 0 0 1
vn 0 0 1
vn 0 0 1
vn 0 0 -1
vn 0 0 -1
vn 0 0 -1
vn 0 0 -1
f 4753/4753/4753 4755/4755/4755 4754/4754/4754
f 4755/4755/4755 4756/4756/4756 4754/4754/4754
f 4757/4757/4757 4759/4759/4759 4758/4758/4758
f 4759/4759/4759 4760/4760/4760 4758/4758/4758
f 4761/4761/4761 4763/4763/4763 4762/4762/4762
f 4763/4763/4763 4764/4764/4764 4762/4762/4762
f 4765/4765/4765 4767/4767/4767 4766/4766/4766
f 4767/4767/4767 4768/4768/4768 4766/4766/4766
f 4769/4769/4769 4771/4771/4771 4770/4770/4770
f 4771/4771/4771 4772/4772/4772 4770/4770/4770
f 4773/4773/4773 4775/4775/4775 4774/4774/4774
f 4775/4775/4775 4776/4776/4776 4774/4774/4774
o blade_center_93
usemtl white_gold
v 0.22601249401271342 3.130765625 0.07533750299364328
v 0.22601249401271342 3.130765625 -0.07533750299364328
v 0.22601249401271342 0.556734375 0.07533750299364328
v 0.22601249401271342 0.556734375 -0.07533750299364328
v -0.22601249401271342 3.130765625 -0.07533750299364328
v -0.22601249401271342 3.130765625 0.07533750299364328
v -0.22601249401271342 0.556734375 -0.07533750299364328
v -0.22601249401271342 0.556734375 0.07533750299364328
v -0.22601249401271342 3.130765625 -0.07533750299364328
v 0.22601249401271342 3.130765625 -0.07533750299364328
v -0.22601249401271342 3.130765625 0.07533750299364328
v 0.22601249401271342 3.130765625 0.07533750299364328
v -0.22601249401271342 0.556734375 0.07533750299364328
v 0.22601249401271342 0.556734375 0.07533750299364328
v -0.22601249401271342 0.556734375 -0.07533750299364328
v 0.22601249401271342 0.556734375 -0.07533750299364328
v -0.22601249401271342 3.130765625 0.07533750299364328
v 0.22601249401271342 3.130765625 0.07533750299364328
v -0.22601249401271342 0.556734375 0.07533750299364328
v 0.22601249401271342 0.556734375 0.07533750299364328
v 0.22601249401271342 3.130765625 -0.07533750299364328
v -0.22601249401271342 3.130765625 -0.07533750299364328
v 0.22601249401271342 0.556734375 -0.07533750299364328
v -0.22601249401271342 0.556734375 -0.07533750299364328
vt 0.8125 3.1875
vt 0.9375 3.1875
vt 0.8125 0.625
vt 0.9375 0.625
vt 0.8125 3.1875
vt 0.9375 3.1875
vt 0.8125 0.625
vt 0.9375 0.625
vt 0.8125 0.75
vt 1.25 0.75
vt 0.8125 0.625
vt 1.25 0.625
vt 0.8125 0.75
vt 1.25 0.75
vt 0.8125 0.625
vt 1.25 0.625
vt 0.8125 3.1875
vt 1.25 3.1875
vt 0.8125 0.625
vt 1.25 0.625
vt 0.8125 3.1875
vt 1.25 3.1875
vt 0.8125 0.625
vt 1.25 0.625
vn 1 0 0
vn 1 0 0
vn 1 0 0
vn 1 0 0
vn -1 0 0
vn -1 0 0
vn -1 0 0
vn -1 0 0
vn 0 1 0
vn 0 1 0
vn 0 1 0
vn 0 1 0
vn 0 -1 0
vn 0 -1 0
vn 0 -1 0
vn 0 -1 0
vn 0 0 1
vn 0 0 1
vn 0 0 1
vn 0 0 1
vn 0 0 -1
vn 0 0 -1
vn 0 0 -1
vn 0 0 -1
f 4777/4777/4777 4779/4779/4779 4778/4778/4778
f 4779/4779/4779 4780/4780/4780 4778/4778/4778
f 4781/4781/4781 4783/4783/4783 4782/4782/4782
f 4783/4783/4783 4784/4784/4784 4782/4782/4782
f 4785/4785/4785 4787/4787/4787 4786/4786/4786
f 4787/4787/4787 4788/4788/4788 4786/4786/4786
f 4789/4789/4789 4791/4791/4791 4790/4790/4790
f 4791/4791/4791 4792/4792/4792 4790/4790/4790
f 4793/4793/4793 4795/4795/4795 4794/4794/4794
f 4795/4795/4795 4796/4796/4796 4794/4794/4794
f 4797/4797/4797 4799/4799/4799 4798/4798/4798
f 4799/4799/4799 4800/4800/4800 4798/4798/4798
o blade_center_94
usemtl sun_channel_0
v 0.0712250015437603 1.0580999938249587 0.0938875030875206
v 0.0712250015437603 1.0580999938249587 -0.0938875030875206
v 0.0712250015437603 0.5919000061750411 0.0938875030875206
v 0.0712250015437603 0.5919000061750411 -0.0938875030875206
v -0.0712250015437603 1.0580999938249587 -0.0938875030875206
v -0.0712250015437603 1.0580999938249587 0.0938875030875206
v -0.0712250015437603 0.5919000061750411 -0.0938875030875206
v -0.0712250015437603 0.5919000061750411 0.0938875030875206
v -0.0712250015437603 1.0580999938249587 -0.0938875030875206
v 0.0712250015437603 1.0580999938249587 -0.0938875030875206
v -0.0712250015437603 1.0580999938249587 0.0938875030875206
v 0.0712250015437603 1.0580999938249587 0.0938875030875206
v -0.0712250015437603 0.5919000061750411 0.0938875030875206
v 0.0712250015437603 0.5919000061750411 0.0938875030875206
v -0.0712250015437603 0.5919000061750411 -0.0938875030875206
v 0.0712250015437603 0.5919000061750411 -0.0938875030875206
v -0.0712250015437603 1.0580999938249587 0.0938875030875206
v 0.0712250015437603 1.0580999938249587 0.0938875030875206
v -0.0712250015437603 0.5919000061750411 0.0938875030875206
v 0.0712250015437603 0.5919000061750411 0.0938875030875206
v 0.0712250015437603 1.0580999938249587 -0.0938875030875206
v -0.0712250015437603 1.0580999938249587 -0.0938875030875206
v 0.0712250015437603 0.5919000061750411 -0.0938875030875206
v -0.0712250015437603 0.5919000061750411 -0.0938875030875206
vt 0.4375 0.5625
vt 0.625 0.5625
vt 0.4375 0.125
vt 0.625 0.125
vt 0.4375 0.5625
vt 0.625 0.5625
vt 0.4375 0.125
vt 0.625 0.125
vt 0.4375 0.3125
vt 0.5625 0.3125
vt 0.4375 0.125
vt 0.5625 0.125
vt 0.4375 0.3125
vt 0.5625 0.3125
vt 0.4375 0.125
vt 0.5625 0.125
vt 0.4375 0.5625
vt 0.5625 0.5625
vt 0.4375 0.125
vt 0.5625 0.125
vt 0.4375 0.5625
vt 0.5625 0.5625
vt 0.4375 0.125
vt 0.5625 0.125
vn 1 0 0
vn 1 0 0
vn 1 0 0
vn 1 0 0
vn -1 0 0
vn -1 0 0
vn -1 0 0
vn -1 0 0
vn 0 1 0
vn 0 1 0
vn 0 1 0
vn 0 1 0
vn 0 -1 0
vn 0 -1 0
vn 0 -1 0
vn 0 -1 0
vn 0 0 1
vn 0 0 1
vn 0 0 1
vn 0 0 1
vn 0 0 -1
vn 0 0 -1
vn 0 0 -1
vn 0 0 -1
f 4801/4801/4801 4803/4803/4803 4802/4802/4802
f 4803/4803/4803 4804/4804/4804 4802/4802/4802
f 4805/4805/4805 4807/4807/4807 4806/4806/4806
f 4807/4807/4807 4808/4808/4808 4806/4806/4806
f 4809/4809/4809 4811/4811/4811 4810/4810/4810
f 4811/4811/4811 4812/4812/4812 4810/4810/4810
f 4813/4813/4813 4815/4815/4815 4814/4814/4814
f 4815/4815/4815 4816/4816/4816 4814/4814/4814
f 4817/4817/4817 4819/4819/4819 4818/4818/4818
f 4819/4819/4819 4820/4820/4820 4818/4818/4818
f 4821/4821/4821 4823/4823/4823 4822/4822/4822
f 4823/4823/4823 4824/4824/4824 4822/4822/4822
o blade_center_95
usemtl sun_channel_1
v 0.06936875150352716 1.5645249939858912 0.09144062800705433
v 0.06936875150352716 1.5645249939858912 -0.09144062800705433
v 0.06936875150352716 1.1104750060141086 0.09144062800705433
v 0.06936875150352716 1.1104750060141086 -0.09144062800705433
v -0.06936875150352716 1.5645249939858912 -0.09144062800705433
v -0.06936875150352716 1.5645249939858912 0.09144062800705433
v -0.06936875150352716 1.1104750060141086 -0.09144062800705433
v -0.06936875150352716 1.1104750060141086 0.09144062800705433
v -0.06936875150352716 1.5645249939858912 -0.09144062800705433
v 0.06936875150352716 1.5645249939858912 -0.09144062800705433
v -0.06936875150352716 1.5645249939858912 0.09144062800705433
v 0.06936875150352716 1.5645249939858912 0.09144062800705433
v -0.06936875150352716 1.1104750060141086 0.09144062800705433
v 0.06936875150352716 1.1104750060141086 0.09144062800705433
v -0.06936875150352716 1.1104750060141086 -0.09144062800705433
v 0.06936875150352716 1.1104750060141086 -0.09144062800705433
v -0.06936875150352716 1.5645249939858912 0.09144062800705433
v 0.06936875150352716 1.5645249939858912 0.09144062800705433
v -0.06936875150352716 1.1104750060141086 0.09144062800705433
v 0.06936875150352716 1.1104750060141086 0.09144062800705433
v 0.06936875150352716 1.5645249939858912 -0.09144062800705433
v -0.06936875150352716 1.5645249939858912 -0.09144062800705433
v 0.06936875150352716 1.1104750060141086 -0.09144062800705433
v -0.06936875150352716 1.1104750060141086 -0.09144062800705433
vt 0.4375 0.5625
vt 0.625 0.5625
vt 0.4375 0.125
vt 0.625 0.125
vt 0.4375 0.5625
vt 0.625 0.5625
vt 0.4375 0.125
vt 0.625 0.125
vt 0.4375 0.3125
vt 0.5625 0.3125
vt 0.4375 0.125
vt 0.5625 0.125
vt 0.4375 0.3125
vt 0.5625 0.3125
vt 0.4375 0.125
vt 0.5625 0.125
vt 0.4375 0.5625
vt 0.5625 0.5625
vt 0.4375 0.125
vt 0.5625 0.125
vt 0.4375 0.5625
vt 0.5625 0.5625
vt 0.4375 0.125
vt 0.5625 0.125
vn 0.9999999999999999 0 0
vn 0.9999999999999999 0 0
vn 0.9999999999999999 0 0
vn 0.9999999999999999 0 0
vn -0.9999999999999999 0 0
vn -0.9999999999999999 0 0
vn -0.9999999999999999 0 0
vn -0.9999999999999999 0 0
vn 0 0.9999999999999999 0
vn 0 0.9999999999999999 0
vn 0 0.9999999999999999 0
vn 0 0.9999999999999999 0
vn 0 -0.9999999999999999 0
vn 0 -0.9999999999999999 0
vn 0 -0.9999999999999999 0
vn 0 -0.9999999999999999 0
vn 0 0 0.9999999999999999
vn 0 0 0.9999999999999999
vn 0 0 0.9999999999999999
vn 0 0 0.9999999999999999
vn 0 0 -0.9999999999999999
vn 0 0 -0.9999999999999999
vn 0 0 -0.9999999999999999
vn 0 0 -0.9999999999999999
f 4825/4825/4825 4827/4827/4827 4826/4826/4826
f 4827/4827/4827 4828/4828/4828 4826/4826/4826
f 4829/4829/4829 4831/4831/4831 4830/4830/4830
f 4831/4831/4831 4832/4832/4832 4830/4830/4830
f 4833/4833/4833 4835/4835/4835 4834/4834/4834
f 4835/4835/4835 4836/4836/4836 4834/4834/4834
f 4837/4837/4837 4839/4839/4839 4838/4838/4838
f 4839/4839/4839 4840/4840/4840 4838/4838/4838
f 4841/4841/4841 4843/4843/4843 4842/4842/4842
f 4843/4843/4843 4844/4844/4844 4842/4842/4842
f 4845/4845/4845 4847/4847/4847 4846/4846/4846
f 4847/4847/4847 4848/4848/4848 4846/4846/4846
o blade_center_96
usemtl sun_channel_2
v 0.07153437655046582 2.084112493798137 0.09429531560093164
v 0.07153437655046582 2.084112493798137 -0.09429531560093164
v 0.07153437655046582 1.6158875062018632 0.09429531560093164
v 0.07153437655046582 1.6158875062018632 -0.09429531560093164
v -0.07153437655046582 2.084112493798137 -0.09429531560093164
v -0.07153437655046582 2.084112493798137 0.09429531560093164
v -0.07153437655046582 1.6158875062018632 -0.09429531560093164
v -0.07153437655046582 1.6158875062018632 0.09429531560093164
v -0.07153437655046582 2.084112493798137 -0.09429531560093164
v 0.07153437655046582 2.084112493798137 -0.09429531560093164
v -0.07153437655046582 2.084112493798137 0.09429531560093164
v 0.07153437655046582 2.084112493798137 0.09429531560093164
v -0.07153437655046582 1.6158875062018632 0.09429531560093164
v 0.07153437655046582 1.6158875062018632 0.09429531560093164
v -0.07153437655046582 1.6158875062018632 -0.09429531560093164
v 0.07153437655046582 1.6158875062018632 -0.09429531560093164
v -0.07153437655046582 2.084112493798137 0.09429531560093164
v 0.07153437655046582 2.084112493798137 0.09429531560093164
v -0.07153437655046582 1.6158875062018632 0.09429531560093164
v 0.07153437655046582 1.6158875062018632 0.09429531560093164
v 0.07153437655046582 2.084112493798137 -0.09429531560093164
v -0.07153437655046582 2.084112493798137 -0.09429531560093164
v 0.07153437655046582 1.6158875062018632 -0.09429531560093164
v -0.07153437655046582 1.6158875062018632 -0.09429531560093164
vt 0.4375 0.5625
vt 0.625 0.5625
vt 0.4375 0.125
vt 0.625 0.125
vt 0.4375 0.5625
vt 0.625 0.5625
vt 0.4375 0.125
vt 0.625 0.125
vt 0.4375 0.3125
vt 0.5625 0.3125
vt 0.4375 0.125
vt 0.5625 0.125
vt 0.4375 0.3125
vt 0.5625 0.3125
vt 0.4375 0.125
vt 0.5625 0.125
vt 0.4375 0.5625
vt 0.5625 0.5625
vt 0.4375 0.125
vt 0.5625 0.125
vt 0.4375 0.5625
vt 0.5625 0.5625
vt 0.4375 0.125
vt 0.5625 0.125
vn 1 0 0
vn 1 0 0
vn 1 0 0
vn 1 0 0
vn -1 0 0
vn -1 0 0
vn -1 0 0
vn -1 0 0
vn 0 1 0
vn 0 1 0
vn 0 1 0
vn 0 1 0
vn 0 -1 0
vn 0 -1 0
vn 0 -1 0
vn 0 -1 0
vn 0 0 1
vn 0 0 1
vn 0 0 1
vn 0 0 1
vn 0 0 -1
vn 0 0 -1
vn 0 0 -1
vn 0 0 -1
f 4849/4849/4849 4851/4851/4851 4850/4850/4850
f 4851/4851/4851 4852/4852/4852 4850/4850/4850
f 4853/4853/4853 4855/4855/4855 4854/4854/4854
f 4855/4855/4855 4856/4856/4856 4854/4854/4854
f 4857/4857/4857 4859/4859/4859 4858/4858/4858
f 4859/4859/4859 4860/4860/4860 4858/4858/4858
f 4861/4861/4861 4863/4863/4863 4862/4862/4862
f 4863/4863/4863 4864/4864/4864 4862/4862/4862
f 4865/4865/4865 4867/4867/4867 4866/4866/4866
f 4867/4867/4867 4868/4868/4868 4866/4866/4866
f 4869/4869/4869 4871/4871/4871 4870/4870/4870
f 4871/4871/4871 4872/4872/4872 4870/4870/4870
o blade_center_97
usemtl sun_channel_3
v 0.0696781265102327 2.590537493959069 0.09184844052046538
v 0.0696781265102327 2.590537493959069 -0.09184844052046538
v 0.0696781265102327 2.1344625060409306 0.09184844052046538
v 0.0696781265102327 2.1344625060409306 -0.09184844052046538
v -0.0696781265102327 2.590537493959069 -0.09184844052046538
v -0.0696781265102327 2.590537493959069 0.09184844052046538
v -0.0696781265102327 2.1344625060409306 -0.09184844052046538
v -0.0696781265102327 2.1344625060409306 0.09184844052046538
v -0.0696781265102327 2.590537493959069 -0.09184844052046538
v 0.0696781265102327 2.590537493959069 -0.09184844052046538
v -0.0696781265102327 2.590537493959069 0.09184844052046538
v 0.0696781265102327 2.590537493959069 0.09184844052046538
v -0.0696781265102327 2.1344625060409306 0.09184844052046538
v 0.0696781265102327 2.1344625060409306 0.09184844052046538
v -0.0696781265102327 2.1344625060409306 -0.09184844052046538
v 0.0696781265102327 2.1344625060409306 -0.09184844052046538
v -0.0696781265102327 2.590537493959069 0.09184844052046538
v 0.0696781265102327 2.590537493959069 0.09184844052046538
v -0.0696781265102327 2.1344625060409306 0.09184844052046538
v 0.0696781265102327 2.1344625060409306 0.09184844052046538
v 0.0696781265102327 2.590537493959069 -0.09184844052046538
v -0.0696781265102327 2.590537493959069 -0.09184844052046538
v 0.0696781265102327 2.1344625060409306 -0.09184844052046538
v -0.0696781265102327 2.1344625060409306 -0.09184844052046538
vt 0.4375 0.5625
vt 0.625 0.5625
vt 0.4375 0.125
vt 0.625 0.125
vt 0.4375 0.5625
vt 0.625 0.5625
vt 0.4375 0.125
vt 0.625 0.125
vt 0.4375 0.3125
vt 0.5625 0.3125
vt 0.4375 0.125
vt 0.5625 0.125
vt 0.4375 0.3125
vt 0.5625 0.3125
vt 0.4375 0.125
vt 0.5625 0.125
vt 0.4375 0.5625
vt 0.5625 0.5625
vt 0.4375 0.125
vt 0.5625 0.125
vt 0.4375 0.5625
vt 0.5625 0.5625
vt 0.4375 0.125
vt 0.5625 0.125
vn 1 0 0
vn 1 0 0
vn 1 0 0
vn 1 0 0
vn -1 0 0
vn -1 0 0
vn -1 0 0
vn -1 0 0
vn 0 1 0
vn 0 1 0
vn 0 1 0
vn 0 1 0
vn 0 -1 0
vn 0 -1 0
vn 0 -1 0
vn 0 -1 0
vn 0 0 1
vn 0 0 1
vn 0 0 1
vn 0 0 1
vn 0 0 -1
vn 0 0 -1
vn 0 0 -1
vn 0 0 -1
f 4873/4873/4873 4875/4875/4875 4874/4874/4874
f 4875/4875/4875 4876/4876/4876 4874/4874/4874
f 4877/4877/4877 4879/4879/4879 4878/4878/4878
f 4879/4879/4879 4880/4880/4880 4878/4878/4878
f 4881/4881/4881 4883/4883/4883 4882/4882/4882
f 4883/4883/4883 4884/4884/4884 4882/4882/4882
f 4885/4885/4885 4887/4887/4887 4886/4886/4886
f 4887/4887/4887 4888/4888/4888 4886/4886/4886
f 4889/4889/4889 4891/4891/4891 4890/4890/4890
f 4891/4891/4891 4892/4892/4892 4890/4890/4890
f 4893/4893/4893 4895/4895/4895 4894/4894/4894
f 4895/4895/4895 4896/4896/4896 4894/4894/4894
o blade_center_98
usemtl sun_channel_4
v 0.07184375155717133 3.1101249937713145 0.09470312811434269
v 0.07184375155717133 3.1101249937713145 -0.09470312811434269
v 0.07184375155717133 2.6398750062286855 0.09470312811434269
v 0.07184375155717133 2.6398750062286855 -0.09470312811434269
v -0.07184375155717133 3.1101249937713145 -0.09470312811434269
v -0.07184375155717133 3.1101249937713145 0.09470312811434269
v -0.07184375155717133 2.6398750062286855 -0.09470312811434269
v -0.07184375155717133 2.6398750062286855 0.09470312811434269
v -0.07184375155717133 3.1101249937713145 -0.09470312811434269
v 0.07184375155717133 3.1101249937713145 -0.09470312811434269
v -0.07184375155717133 3.1101249937713145 0.09470312811434269
v 0.07184375155717133 3.1101249937713145 0.09470312811434269
v -0.07184375155717133 2.6398750062286855 0.09470312811434269
v 0.07184375155717133 2.6398750062286855 0.09470312811434269
v -0.07184375155717133 2.6398750062286855 -0.09470312811434269
v 0.07184375155717133 2.6398750062286855 -0.09470312811434269
v -0.07184375155717133 3.1101249937713145 0.09470312811434269
v 0.07184375155717133 3.1101249937713145 0.09470312811434269
v -0.07184375155717133 2.6398750062286855 0.09470312811434269
v 0.07184375155717133 2.6398750062286855 0.09470312811434269
v 0.07184375155717133 3.1101249937713145 -0.09470312811434269
v -0.07184375155717133 3.1101249937713145 -0.09470312811434269
v 0.07184375155717133 2.6398750062286855 -0.09470312811434269
v -0.07184375155717133 2.6398750062286855 -0.09470312811434269
vt 0.4375 0.5625
vt 0.625 0.5625
vt 0.4375 0.125
vt 0.625 0.125
vt 0.4375 0.5625
vt 0.625 0.5625
vt 0.4375 0.125
vt 0.625 0.125
vt 0.4375 0.3125
vt 0.5625 0.3125
vt 0.4375 0.125
vt 0.5625 0.125
vt 0.4375 0.3125
vt 0.5625 0.3125
vt 0.4375 0.125
vt 0.5625 0.125
vt 0.4375 0.5625
vt 0.5625 0.5625
vt 0.4375 0.125
vt 0.5625 0.125
vt 0.4375 0.5625
vt 0.5625 0.5625
vt 0.4375 0.125
vt 0.5625 0.125
vn 1 0 0
vn 1 0 0
vn 1 0 0
vn 1 0 0
vn -1 0 0
vn -1 0 0
vn -1 0 0
vn -1 0 0
vn 0 1 0
vn 0 1 0
vn 0 1 0
vn 0 1 0
vn 0 -1 0
vn 0 -1 0
vn 0 -1 0
vn 0 -1 0
vn 0 0 1
vn 0 0 1
vn 0 0 1
vn 0 0 1
vn 0 0 -1
vn 0 0 -1
vn 0 0 -1
vn 0 0 -1
f 4897/4897/4897 4899/4899/4899 4898/4898/4898
f 4899/4899/4899 4900/4900/4900 4898/4898/4898
f 4901/4901/4901 4903/4903/4903 4902/4902/4902
f 4903/4903/4903 4904/4904/4904 4902/4902/4902
f 4905/4905/4905 4907/4907/4907 4906/4906/4906
f 4907/4907/4907 4908/4908/4908 4906/4906/4906
f 4909/4909/4909 4911/4911/4911 4910/4910/4910
f 4911/4911/4911 4912/4912/4912 4910/4910/4910
f 4913/4913/4913 4915/4915/4915 4914/4914/4914
f 4915/4915/4915 4916/4916/4916 4914/4914/4914
f 4917/4917/4917 4919/4919/4919 4918/4918/4918
f 4919/4919/4919 4920/4920/4920 4918/4918/4918
o blade_center_99
usemtl sun_gold
v 0.23541250303387642 0.5943125 0.09543750000000001
v 0.23541250303387642 0.5943125 -0.09543750000000001
v 0.23541250303387642 0.5306875 0.09543750000000001
v 0.23541250303387642 0.5306875 -0.09543750000000001
v -0.23541250303387642 0.5943125 -0.09543750000000001
v -0.23541250303387642 0.5943125 0.09543750000000001
v -0.23541250303387642 0.5306875 -0.09543750000000001
v -0.23541250303387642 0.5306875 0.09543750000000001
v -0.23541250303387642 0.5943125 -0.09543750000000001
v 0.23541250303387642 0.5943125 -0.09543750000000001
v -0.23541250303387642 0.5943125 0.09543750000000001
v 0.23541250303387642 0.5943125 0.09543750000000001
v -0.23541250303387642 0.5306875 0.09543750000000001
v 0.23541250303387642 0.5306875 0.09543750000000001
v -0.23541250303387642 0.5306875 -0.09543750000000001
v 0.23541250303387642 0.5306875 -0.09543750000000001
v -0.23541250303387642 0.5943125 0.09543750000000001
v 0.23541250303387642 0.5943125 0.09543750000000001
v -0.23541250303387642 0.5306875 0.09543750000000001
v 0.23541250303387642 0.5306875 0.09543750000000001
v 0.23541250303387642 0.5943125 -0.09543750000000001
v -0.23541250303387642 0.5943125 -0.09543750000000001
v 0.23541250303387642 0.5306875 -0.09543750000000001
v -0.23541250303387642 0.5306875 -0.09543750000000001
vt 0.9375 0.9375
vt 1.125 0.9375
vt 0.9375 0.875
vt 1.125 0.875
vt 0.9375 0.9375
vt 1.125 0.9375
vt 0.9375 0.875
vt 1.125 0.875
vt 0.9375 1.0625
vt 1.375 1.0625
vt 0.9375 0.875
vt 1.375 0.875
vt 0.9375 1.0625
vt 1.375 1.0625
vt 0.9375 0.875
vt 1.375 0.875
vt 0.9375 0.9375
vt 1.375 0.9375
vt 0.9375 0.875
vt 1.375 0.875
vt 0.9375 0.9375
vt 1.375 0.9375
vt 0.9375 0.875
vt 1.375 0.875
vn 0.9999999999999999 0 0
vn 0.9999999999999999 0 0
vn 0.9999999999999999 0 0
vn 0.9999999999999999 0 0
vn -0.9999999999999999 0 0
vn -0.9999999999999999 0 0
vn -0.9999999999999999 0 0
vn -0.9999999999999999 0 0
vn 0 0.9999999999999999 0
vn 0 0.9999999999999999 0
vn 0 0.9999999999999999 0
vn 0 0.9999999999999999 0
vn 0 -0.9999999999999999 0
vn 0 -0.9999999999999999 0
vn 0 -0.9999999999999999 0
vn 0 -0.9999999999999999 0
vn 0 0 0.9999999999999999
vn 0 0 0.9999999999999999
vn 0 0 0.9999999999999999
vn 0 0 0.9999999999999999
vn 0 0 -0.9999999999999999
vn 0 0 -0.9999999999999999
vn 0 0 -0.9999999999999999
vn 0 0 -0.9999999999999999
f 4921/4921/4921 4923/4923/4923 4922/4922/4922
f 4923/4923/4923 4924/4924/4924 4922/4922/4922
f 4925/4925/4925 4927/4927/4927 4926/4926/4926
f 4927/4927/4927 4928/4928/4928 4926/4926/4926
f 4929/4929/4929 4931/4931/4931 4930/4930/4930
f 4931/4931/4931 4932/4932/4932 4930/4930/4930
f 4933/4933/4933 4935/4935/4935 4934/4934/4934
f 4935/4935/4935 4936/4936/4936 4934/4934/4934
f 4937/4937/4937 4939/4939/4939 4938/4938/4938
f 4939/4939/4939 4940/4940/4940 4938/4938/4938
f 4941/4941/4941 4943/4943/4943 4942/4942/4942
f 4943/4943/4943 4944/4944/4944 4942/4942/4942
o blade_center_100
usemtl sun_gold
v 0.24269687812775376 1.107796875 0.09839062500000001
v 0.24269687812775376 1.107796875 -0.09839062500000001
v 0.24269687812775376 1.042203125 0.09839062500000001
v 0.24269687812775376 1.042203125 -0.09839062500000001
v -0.24269687812775376 1.107796875 -0.09839062500000001
v -0.24269687812775376 1.107796875 0.09839062500000001
v -0.24269687812775376 1.042203125 -0.09839062500000001
v -0.24269687812775376 1.042203125 0.09839062500000001
v -0.24269687812775376 1.107796875 -0.09839062500000001
v 0.24269687812775376 1.107796875 -0.09839062500000001
v -0.24269687812775376 1.107796875 0.09839062500000001
v 0.24269687812775376 1.107796875 0.09839062500000001
v -0.24269687812775376 1.042203125 0.09839062500000001
v 0.24269687812775376 1.042203125 0.09839062500000001
v -0.24269687812775376 1.042203125 -0.09839062500000001
v 0.24269687812775376 1.042203125 -0.09839062500000001
v -0.24269687812775376 1.107796875 0.09839062500000001
v 0.24269687812775376 1.107796875 0.09839062500000001
v -0.24269687812775376 1.042203125 0.09839062500000001
v 0.24269687812775376 1.042203125 0.09839062500000001
v 0.24269687812775376 1.107796875 -0.09839062500000001
v -0.24269687812775376 1.107796875 -0.09839062500000001
v 0.24269687812775376 1.042203125 -0.09839062500000001
v -0.24269687812775376 1.042203125 -0.09839062500000001
vt 0.9375 0.9375
vt 1.125 0.9375
vt 0.9375 0.875
vt 1.125 0.875
vt 0.9375 0.9375
vt 1.125 0.9375
vt 0.9375 0.875
vt 1.125 0.875
vt 0.9375 1.0625
vt 1.375 1.0625
vt 0.9375 0.875
vt 1.375 0.875
vt 0.9375 1.0625
vt 1.375 1.0625
vt 0.9375 0.875
vt 1.375 0.875
vt 0.9375 0.9375
vt 1.375 0.9375
vt 0.9375 0.875
vt 1.375 0.875
vt 0.9375 0.9375
vt 1.375 0.9375
vt 0.9375 0.875
vt 1.375 0.875
vn 1 0 0
vn 1 0 0
vn 1 0 0
vn 1 0 0
vn -1 0 0
vn -1 0 0
vn -1 0 0
vn -1 0 0
vn 0 1 0
vn 0 1 0
vn 0 1 0
vn 0 1 0
vn 0 -1 0
vn 0 -1 0
vn 0 -1 0
vn 0 -1 0
vn 0 0 1
vn 0 0 1
vn 0 0 1
vn 0 0 1
vn 0 0 -1
vn 0 0 -1
vn 0 0 -1
vn 0 0 -1
f 4945/4945/4945 4947/4947/4947 4946/4946/4946
f 4947/4947/4947 4948/4948/4948 4946/4946/4946
f 4949/4949/4949 4951/4951/4951 4950/4950/4950
f 4951/4951/4951 4952/4952/4952 4950/4950/4950
f 4953/4953/4953 4955/4955/4955 4954/4954/4954
f 4955/4955/4955 4956/4956/4956 4954/4954/4954
f 4957/4957/4957 4959/4959/4959 4958/4958/4958
f 4959/4959/4959 4960/4960/4960 4958/4958/4958
f 4961/4961/4961 4963/4963/4963 4962/4962/4962
f 4963/4963/4963 4964/4964/4964 4962/4962/4962
f 4965/4965/4965 4967/4967/4967 4966/4966/4966
f 4967/4967/4967 4968/4968/4968 4966/4966/4966
o blade_center_101
usemtl sun_gold
v 0.23645312804728746 1.619453125 0.095859375
v 0.23645312804728746 1.619453125 -0.095859375
v 0.23645312804728746 1.5555468749999999 0.095859375
v 0.23645312804728746 1.5555468749999999 -0.095859375
v -0.23645312804728746 1.619453125 -0.095859375
v -0.23645312804728746 1.619453125 0.095859375
v -0.23645312804728746 1.5555468749999999 -0.095859375
v -0.23645312804728746 1.5555468749999999 0.095859375
v -0.23645312804728746 1.619453125 -0.095859375
v 0.23645312804728746 1.619453125 -0.095859375
v -0.23645312804728746 1.619453125 0.095859375
v 0.23645312804728746 1.619453125 0.095859375
v -0.23645312804728746 1.5555468749999999 0.095859375
v 0.23645312804728746 1.5555468749999999 0.095859375
v -0.23645312804728746 1.5555468749999999 -0.095859375
v 0.23645312804728746 1.5555468749999999 -0.095859375
v -0.23645312804728746 1.619453125 0.095859375
v 0.23645312804728746 1.619453125 0.095859375
v -0.23645312804728746 1.5555468749999999 0.095859375
v 0.23645312804728746 1.5555468749999999 0.095859375
v 0.23645312804728746 1.619453125 -0.095859375
v -0.23645312804728746 1.619453125 -0.095859375
v 0.23645312804728746 1.5555468749999999 -0.095859375
v -0.23645312804728746 1.5555468749999999 -0.095859375
vt 0.9375 0.9375
vt 1.125 0.9375
vt 0.9375 0.875
vt 1.125 0.875
vt 0.9375 0.9375
vt 1.125 0.9375
vt 0.9375 0.875
vt 1.125 0.875
vt 0.9375 1.0625
vt 1.375 1.0625
vt 0.9375 0.875
vt 1.375 0.875
vt 0.9375 1.0625
vt 1.375 1.0625
vt 0.9375 0.875
vt 1.375 0.875
vt 0.9375 0.9375
vt 1.375 0.9375
vt 0.9375 0.875
vt 1.375 0.875
vt 0.9375 0.9375
vt 1.375 0.9375
vt 0.9375 0.875
vt 1.375 0.875
vn 1 0 0
vn 1 0 0
vn 1 0 0
vn 1 0 0
vn -1 0 0
vn -1 0 0
vn -1 0 0
vn -1 0 0
vn 0 1 0
vn 0 1 0
vn 0 1 0
vn 0 1 0
vn 0 -1 0
vn 0 -1 0
vn 0 -1 0
vn 0 -1 0
vn 0 0 1
vn 0 0 1
vn 0 0 1
vn 0 0 1
vn 0 0 -1
vn 0 0 -1
vn 0 0 -1
vn 0 0 -1
f 4969/4969/4969 4971/4971/4971 4970/4970/4970
f 4971/4971/4971 4972/4972/4972 4970/4970/4970
f 4973/4973/4973 4975/4975/4975 4974/4974/4974
f 4975/4975/4975 4976/4976/4976 4974/4974/4974
f 4977/4977/4977 4979/4979/4979 4978/4978/4978
f 4979/4979/4979 4980/4980/4980 4978/4978/4978
f 4981/4981/4981 4983/4983/4983 4982/4982/4982
f 4983/4983/4983 4984/4984/4984 4982/4982/4982
f 4985/4985/4985 4987/4987/4987 4986/4986/4986
f 4987/4987/4987 4988/4988/4988 4986/4986/4986
f 4989/4989/4989 4991/4991/4991 4990/4990/4990
f 4991/4991/4991 4992/4992/4992 4990/4990/4990
o blade_center_102
usemtl sun_gold
v 0.2437375031411648 2.1329374999999997 0.0988125
v 0.2437375031411648 2.1329374999999997 -0.0988125
v 0.2437375031411648 2.0670624999999996 0.0988125
v 0.2437375031411648 2.0670624999999996 -0.0988125
v -0.2437375031411648 2.1329374999999997 -0.0988125
v -0.2437375031411648 2.1329374999999997 0.0988125
v -0.2437375031411648 2.0670624999999996 -0.0988125
v -0.2437375031411648 2.0670624999999996 0.0988125
v -0.2437375031411648 2.1329374999999997 -0.0988125
v 0.2437375031411648 2.1329374999999997 -0.0988125
v -0.2437375031411648 2.1329374999999997 0.0988125
v 0.2437375031411648 2.1329374999999997 0.0988125
v -0.2437375031411648 2.0670624999999996 0.0988125
v 0.2437375031411648 2.0670624999999996 0.0988125
v -0.2437375031411648 2.0670624999999996 -0.0988125
v 0.2437375031411648 2.0670624999999996 -0.0988125
v -0.2437375031411648 2.1329374999999997 0.0988125
v 0.2437375031411648 2.1329374999999997 0.0988125
v -0.2437375031411648 2.0670624999999996 0.0988125
v 0.2437375031411648 2.0670624999999996 0.0988125
v 0.2437375031411648 2.1329374999999997 -0.0988125
v -0.2437375031411648 2.1329374999999997 -0.0988125
v 0.2437375031411648 2.0670624999999996 -0.0988125
v -0.2437375031411648 2.0670624999999996 -0.0988125
vt 0.9375 0.9375
vt 1.125 0.9375
vt 0.9375 0.875
vt 1.125 0.875
vt 0.9375 0.9375
vt 1.125 0.9375
vt 0.9375 0.875
vt 1.125 0.875
vt 0.9375 1.0625
vt 1.375 1.0625
vt 0.9375 0.875
vt 1.375 0.875
vt 0.9375 1.0625
vt 1.375 1.0625
vt 0.9375 0.875
vt 1.375 0.875
vt 0.9375 0.9375
vt 1.375 0.9375
vt 0.9375 0.875
vt 1.375 0.875
vt 0.9375 0.9375
vt 1.375 0.9375
vt 0.9375 0.875
vt 1.375 0.875
vn 1 0 0
vn 1 0 0
vn 1 0 0
vn 1 0 0
vn -1 0 0
vn -1 0 0
vn -1 0 0
vn -1 0 0
vn 0 1 0
vn 0 1 0
vn 0 1 0
vn 0 1 0
vn 0 -1 0
vn 0 -1 0
vn 0 -1 0
vn 0 -1 0
vn 0 0 1
vn 0 0 1
vn 0 0 1
vn 0 0 1
vn 0 0 -1
vn 0 0 -1
vn 0 0 -1
vn 0 0 -1
f 4993/4993/4993 4995/4995/4995 4994/4994/4994
f 4995/4995/4995 4996/4996/4996 4994/4994/4994
f 4997/4997/4997 4999/4999/4999 4998/4998/4998
f 4999/4999/4999 5000/5000/5000 4998/4998/4998
f 5001/5001/5001 5003/5003/5003 5002/5002/5002
f 5003/5003/5003 5004/5004/5004 5002/5002/5002
f 5005/5005/5005 5007/5007/5007 5006/5006/5006
f 5007/5007/5007 5008/5008/5008 5006/5006/5006
f 5009/5009/5009 5011/5011/5011 5010/5010/5010
f 5011/5011/5011 5012/5012/5012 5010/5010/5010
f 5013/5013/5013 5015/5015/5015 5014/5014/5014
f 5015/5015/5015 5016/5016/5016 5014/5014/5014
o blade_center_103
usemtl sun_gold
v 0.23749375306069848 2.64459375 0.09628124999999998
v 0.23749375306069848 2.64459375 -0.09628124999999998
v 0.23749375306069848 2.58040625 0.09628124999999998
v 0.23749375306069848 2.58040625 -0.09628124999999998
v -0.23749375306069848 2.64459375 -0.09628124999999998
v -0.23749375306069848 2.64459375 0.09628124999999998
v -0.23749375306069848 2.58040625 -0.09628124999999998
v -0.23749375306069848 2.58040625 0.09628124999999998
v -0.23749375306069848 2.64459375 -0.09628124999999998
v 0.23749375306069848 2.64459375 -0.09628124999999998
v -0.23749375306069848 2.64459375 0.09628124999999998
v 0.23749375306069848 2.64459375 0.09628124999999998
v -0.23749375306069848 2.58040625 0.09628124999999998
v 0.23749375306069848 2.58040625 0.09628124999999998
v -0.23749375306069848 2.58040625 -0.09628124999999998
v 0.23749375306069848 2.58040625 -0.09628124999999998
v -0.23749375306069848 2.64459375 0.09628124999999998
v 0.23749375306069848 2.64459375 0.09628124999999998
v -0.23749375306069848 2.58040625 0.09628124999999998
v 0.23749375306069848 2.58040625 0.09628124999999998
v 0.23749375306069848 2.64459375 -0.09628124999999998
v -0.23749375306069848 2.64459375 -0.09628124999999998
v 0.23749375306069848 2.58040625 -0.09628124999999998
v -0.23749375306069848 2.58040625 -0.09628124999999998
vt 0.9375 0.9375
vt 1.125 0.9375
vt 0.9375 0.875
vt 1.125 0.875
vt 0.9375 0.9375
vt 1.125 0.9375
vt 0.9375 0.875
vt 1.125 0.875
vt 0.9375 1.0625
vt 1.375 1.0625
vt 0.9375 0.875
vt 1.375 0.875
vt 0.9375 1.0625
vt 1.375 1.0625
vt 0.9375 0.875
vt 1.375 0.875
vt 0.9375 0.9375
vt 1.375 0.9375
vt 0.9375 0.875
vt 1.375 0.875
vt 0.9375 0.9375
vt 1.375 0.9375
vt 0.9375 0.875
vt 1.375 0.875
vn 1 0 0
vn 1 0 0
vn 1 0 0
vn 1 0 0
vn -1 0 0
vn -1 0 0
vn -1 0 0
vn -1 0 0
vn 0 1 0
vn 0 1 0
vn 0 1 0
vn 0 1 0
vn 0 -1 0
vn 0 -1 0
vn 0 -1 0
vn 0 -1 0
vn 0 0 1
vn 0 0 1
vn 0 0 1
vn 0 0 1
vn 0 0 -1
vn 0 0 -1
vn 0 0 -1
vn 0 0 -1
f 5017/5017/5017 5019/5019/5019 5018/5018/5018
f 5019/5019/5019 5020/5020/5020 5018/5018/5018
f 5021/5021/5021 5023/5023/5023 5022/5022/5022
f 5023/5023/5023 5024/5024/5024 5022/5022/5022
f 5025/5025/5025 5027/5027/5027 5026/5026/5026
f 5027/5027/5027 5028/5028/5028 5026/5026/5026
f 5029/5029/5029 5031/5031/5031 5030/5030/5030
f 5031/5031/5031 5032/5032/5032 5030/5030/5030
f 5033/5033/5033 5035/5035/5035 5034/5034/5034
f 5035/5035/5035 5036/5036/5036 5034/5034/5034
f 5037/5037/5037 5039/5039/5039 5038/5038/5038
f 5039/5039/5039 5040/5040/5040 5038/5038/5038
o blade_center_104
usemtl sun_gold
v 0.23125000298023224 3.15625 0.09375
v 0.23125000298023224 3.15625 -0.09375
v 0.23125000298023224 3.09375 0.09375
v 0.23125000298023224 3.09375 -0.09375
v -0.23125000298023224 3.15625 -0.09375
v -0.23125000298023224 3.15625 0.09375
v -0.23125000298023224 3.09375 -0.09375
v -0.23125000298023224 3.09375 0.09375
v -0.23125000298023224 3.15625 -0.09375
v 0.23125000298023224 3.15625 -0.09375
v -0.23125000298023224 3.15625 0.09375
v 0.23125000298023224 3.15625 0.09375
v -0.23125000298023224 3.09375 0.09375
v 0.23125000298023224 3.09375 0.09375
v -0.23125000298023224 3.09375 -0.09375
v 0.23125000298023224 3.09375 -0.09375
v -0.23125000298023224 3.15625 0.09375
v 0.23125000298023224 3.15625 0.09375
v -0.23125000298023224 3.09375 0.09375
v 0.23125000298023224 3.09375 0.09375
v 0.23125000298023224 3.15625 -0.09375
v -0.23125000298023224 3.15625 -0.09375
v 0.23125000298023224 3.09375 -0.09375
v -0.23125000298023224 3.09375 -0.09375
vt 0.9375 0.9375
vt 1.125 0.9375
vt 0.9375 0.875
vt 1.125 0.875
vt 0.9375 0.9375
vt 1.125 0.9375
vt 0.9375 0.875
vt 1.125 0.875
vt 0.9375 1.0625
vt 1.375 1.0625
vt 0.9375 0.875
vt 1.375 0.875
vt 0.9375 1.0625
vt 1.375 1.0625
vt 0.9375 0.875
vt 1.375 0.875
vt 0.9375 0.9375
vt 1.375 0.9375
vt 0.9375 0.875
vt 1.375 0.875
vt 0.9375 0.9375
vt 1.375 0.9375
vt 0.9375 0.875
vt 1.375 0.875
vn 1 0 0
vn 1 0 0
vn 1 0 0
vn 1 0 0
vn -1 0 0
vn -1 0 0
vn -1 0 0
vn -1 0 0
vn 0 1 0
vn 0 1 0
vn 0 1 0
vn 0 1 0
vn 0 -1 0
vn 0 -1 0
vn 0 -1 0
vn 0 -1 0
vn 0 0 1
vn 0 0 1
vn 0 0 1
vn 0 0 1
vn 0 0 -1
vn 0 0 -1
vn 0 0 -1
vn 0 0 -1
f 5041/5041/5041 5043/5043/5043 5042/5042/5042
f 5043/5043/5043 5044/5044/5044 5042/5042/5042
f 5045/5045/5045 5047/5047/5047 5046/5046/5046
f 5047/5047/5047 5048/5048/5048 5046/5046/5046
f 5049/5049/5049 5051/5051/5051 5050/5050/5050
f 5051/5051/5051 5052/5052/5052 5050/5050/5050
f 5053/5053/5053 5055/5055/5055 5054/5054/5054
f 5055/5055/5055 5056/5056/5056 5054/5054/5054
f 5057/5057/5057 5059/5059/5059 5058/5058/5058
f 5059/5059/5059 5060/5060/5060 5058/5058/5058
f 5061/5061/5061 5063/5063/5063 5062/5062/5062
f 5063/5063/5063 5064/5064/5064 5062/5062/5062
o blade_center_105
usemtl bright_gold
v -0.15625 0.8751449204164441 0.08703281403705479
v -0.15625 0.8751449204164441 -0.08703281403705479
v -0.10610507958355589 0.825 0.08703281403705479
v -0.10610507958355589 0.825 -0.08703281403705479
v -0.2063949204164441 0.825 -0.08703281403705479
v -0.2063949204164441 0.825 0.08703281403705479
v -0.15625 0.7748550795835558 -0.08703281403705479
v -0.15625 0.7748550795835558 0.08703281403705479
v -0.2063949204164441 0.825 -0.08703281403705479
v -0.15625 0.8751449204164441 -0.08703281403705479
v -0.2063949204164441 0.825 0.08703281403705479
v -0.15625 0.8751449204164441 0.08703281403705479
v -0.15625 0.7748550795835558 0.08703281403705479
v -0.10610507958355589 0.825 0.08703281403705479
v -0.15625 0.7748550795835558 -0.08703281403705479
v -0.10610507958355589 0.825 -0.08703281403705479
v -0.2063949204164441 0.825 0.08703281403705479
v -0.15625 0.8751449204164441 0.08703281403705479
v -0.15625 0.7748550795835558 0.08703281403705479
v -0.10610507958355589 0.825 0.08703281403705479
v -0.15625 0.8751449204164441 -0.08703281403705479
v -0.2063949204164441 0.825 -0.08703281403705479
v -0.10610507958355589 0.825 -0.08703281403705479
v -0.15625 0.7748550795835558 -0.08703281403705479
vt 0.4375 0.75
vt 0.625 0.75
vt 0.4375 0.6875
vt 0.625 0.6875
vt 0.4375 0.75
vt 0.625 0.75
vt 0.4375 0.6875
vt 0.625 0.6875
vt 0.4375 0.875
vt 0.5 0.875
vt 0.4375 0.6875
vt 0.5 0.6875
vt 0.4375 0.875
vt 0.5 0.875
vt 0.4375 0.6875
vt 0.5 0.6875
vt 0.4375 0.75
vt 0.5 0.75
vt 0.4375 0.6875
vt 0.5 0.6875
vt 0.4375 0.75
vt 0.5 0.75
vt 0.4375 0.6875
vt 0.5 0.6875
vn 0.7071067811865475 0.7071067811865476 0
vn 0.7071067811865475 0.7071067811865476 0
vn 0.7071067811865475 0.7071067811865476 0
vn 0.7071067811865475 0.7071067811865476 0
vn -0.7071067811865475 -0.7071067811865476 0
vn -0.7071067811865475 -0.7071067811865476 0
vn -0.7071067811865475 -0.7071067811865476 0
vn -0.7071067811865475 -0.7071067811865476 0
vn -0.7071067811865476 0.7071067811865475 0
vn -0.7071067811865476 0.7071067811865475 0
vn -0.7071067811865476 0.7071067811865475 0
vn -0.7071067811865476 0.7071067811865475 0
vn 0.7071067811865476 -0.7071067811865475 0
vn 0.7071067811865476 -0.7071067811865475 0
vn 0.7071067811865476 -0.7071067811865475 0
vn 0.7071067811865476 -0.7071067811865475 0
vn 0 0 1
vn 0 0 1
vn 0 0 1
vn 0 0 1
vn 0 0 -1
vn 0 0 -1
vn 0 0 -1
vn 0 0 -1
f 5065/5065/5065 5067/5067/5067 5066/5066/5066
f 5067/5067/5067 5068/5068/5068 5066/5066/5066
f 5069/5069/5069 5071/5071/5071 5070/5070/5070
f 5071/5071/5071 5072/5072/5072 5070/5070/5070
f 5073/5073/5073 5075/5075/5075 5074/5074/5074
f 5075/5075/5075 5076/5076/5076 5074/5074/5074
f 5077/5077/5077 5079/5079/5079 5078/5078/5078
f 5079/5079/5079 5080/5080/5080 5078/5078/5078
f 5081/5081/5081 5083/5083/5083 5082/5082/5082
f 5083/5083/5083 5084/5084/5084 5082/5082/5082
f 5085/5085/5085 5087/5087/5087 5086/5086/5086
f 5087/5087/5087 5088/5088/5088 5086/5086/5086
o blade_center_106
usemtl bright_gold
v 0.15625 0.8738323534254174 0.08475468899682163
v 0.15625 0.8738323534254174 -0.08475468899682163
v 0.20508235342541747 0.825 0.08475468899682163
v 0.20508235342541747 0.825 -0.08475468899682163
v 0.10741764657458254 0.825 -0.08475468899682163
v 0.10741764657458254 0.825 0.08475468899682163
v 0.15625 0.7761676465745825 -0.08475468899682163
v 0.15625 0.7761676465745825 0.08475468899682163
v 0.10741764657458254 0.825 -0.08475468899682163
v 0.15625 0.8738323534254174 -0.08475468899682163
v 0.10741764657458254 0.825 0.08475468899682163
v 0.15625 0.8738323534254174 0.08475468899682163
v 0.15625 0.7761676465745825 0.08475468899682163
v 0.20508235342541747 0.825 0.08475468899682163
v 0.15625 0.7761676465745825 -0.08475468899682163
v 0.20508235342541747 0.825 -0.08475468899682163
v 0.10741764657458254 0.825 0.08475468899682163
v 0.15625 0.8738323534254174 0.08475468899682163
v 0.15625 0.7761676465745825 0.08475468899682163
v 0.20508235342541747 0.825 0.08475468899682163
v 0.15625 0.8738323534254174 -0.08475468899682163
v 0.10741764657458254 0.825 -0.08475468899682163
v 0.20508235342541747 0.825 -0.08475468899682163
v 0.15625 0.7761676465745825 -0.08475468899682163
vt 0.4375 0.75
vt 0.625 0.75
vt 0.4375 0.6875
vt 0.625 0.6875
vt 0.4375 0.75
vt 0.625 0.75
vt 0.4375 0.6875
vt 0.625 0.6875
vt 0.4375 0.875
vt 0.5 0.875
vt 0.4375 0.6875
vt 0.5 0.6875
vt 0.4375 0.875
vt 0.5 0.875
vt 0.4375 0.6875
vt 0.5 0.6875
vt 0.4375 0.75
vt 0.5 0.75
vt 0.4375 0.6875
vt 0.5 0.6875
vt 0.4375 0.75
vt 0.5 0.75
vt 0.4375 0.6875
vt 0.5 0.6875
vn 0.7071067811865474 0.7071067811865475 0
vn 0.7071067811865474 0.7071067811865475 0
vn 0.7071067811865474 0.7071067811865475 0
vn 0.7071067811865474 0.7071067811865475 0
vn -0.7071067811865474 -0.7071067811865475 0
vn -0.7071067811865474 -0.7071067811865475 0
vn -0.7071067811865474 -0.7071067811865475 0
vn -0.7071067811865474 -0.7071067811865475 0
vn -0.7071067811865475 0.7071067811865474 0
vn -0.7071067811865475 0.7071067811865474 0
vn -0.7071067811865475 0.7071067811865474 0
vn -0.7071067811865475 0.7071067811865474 0
vn 0.7071067811865475 -0.7071067811865474 0
vn 0.7071067811865475 -0.7071067811865474 0
vn 0.7071067811865475 -0.7071067811865474 0
vn 0.7071067811865475 -0.7071067811865474 0
vn 0 0 1
vn 0 0 1
vn 0 0 1
vn 0 0 1
vn 0 0 -1
vn 0 0 -1
vn 0 0 -1
vn 0 0 -1
f 5089/5089/5089 5091/5091/5091 5090/5090/5090
f 5091/5091/5091 5092/5092/5092 5090/5090/5090
f 5093/5093/5093 5095/5095/5095 5094/5094/5094
f 5095/5095/5095 5096/5096/5096 5094/5094/5094
f 5097/5097/5097 5099/5099/5099 5098/5098/5098
f 5099/5099/5099 5100/5100/5100 5098/5098/5098
f 5101/5101/5101 5103/5103/5103 5102/5102/5102
f 5103/5103/5103 5104/5104/5104 5102/5102/5102
f 5105/5105/5105 5107/5107/5107 5106/5106/5106
f 5107/5107/5107 5108/5108/5108 5106/5106/5106
f 5109/5109/5109 5111/5111/5111 5110/5110/5110
f 5111/5111/5111 5112/5112/5112 5110/5110/5110
o blade_center_107
usemtl bright_gold
v -0.15625 1.3878636815816152 0.0874125015437603
v -0.15625 1.3878636815816152 -0.0874125015437603
v -0.10588631841838478 1.3375 0.0874125015437603
v -0.10588631841838478 1.3375 -0.0874125015437603
v -0.20661368158161522 1.3375 -0.0874125015437603
v -0.20661368158161522 1.3375 0.0874125015437603
v -0.15625 1.2871363184183846 -0.0874125015437603
v -0.15625 1.2871363184183846 0.0874125015437603
v -0.20661368158161522 1.3375 -0.0874125015437603
v -0.15625 1.3878636815816152 -0.0874125015437603
v -0.20661368158161522 1.3375 0.0874125015437603
v -0.15625 1.3878636815816152 0.0874125015437603
v -0.15625 1.2871363184183846 0.0874125015437603
v -0.10588631841838478 1.3375 0.0874125015437603
v -0.15625 1.2871363184183846 -0.0874125015437603
v -0.10588631841838478 1.3375 -0.0874125015437603
v -0.20661368158161522 1.3375 0.0874125015437603
v -0.15625 1.3878636815816152 0.0874125015437603
v -0.15625 1.2871363184183846 0.0874125015437603
v -0.10588631841838478 1.3375 0.0874125015437603
v -0.15625 1.3878636815816152 -0.0874125015437603
v -0.20661368158161522 1.3375 -0.0874125015437603
v -0.10588631841838478 1.3375 -0.0874125015437603
v -0.15625 1.2871363184183846 -0.0874125015437603
vt 0.4375 0.75
vt 0.625 0.75
vt 0.4375 0.6875
vt 0.625 0.6875
vt 0.4375 0.75
vt 0.625 0.75
vt 0.4375 0.6875
vt 0.625 0.6875
vt 0.4375 0.875
vt 0.5 0.875
vt 0.4375 0.6875
vt 0.5 0.6875
vt 0.4375 0.875
vt 0.5 0.875
vt 0.4375 0.6875
vt 0.5 0.6875
vt 0.4375 0.75
vt 0.5 0.75
vt 0.4375 0.6875
vt 0.5 0.6875
vt 0.4375 0.75
vt 0.5 0.75
vt 0.4375 0.6875
vt 0.5 0.6875
vn 0.7071067811865475 0.7071067811865476 0
vn 0.7071067811865475 0.7071067811865476 0
vn 0.7071067811865475 0.7071067811865476 0
vn 0.7071067811865475 0.7071067811865476 0
vn -0.7071067811865475 -0.7071067811865476 0
vn -0.7071067811865475 -0.7071067811865476 0
vn -0.7071067811865475 -0.7071067811865476 0
vn -0.7071067811865475 -0.7071067811865476 0
vn -0.7071067811865476 0.7071067811865475 0
vn -0.7071067811865476 0.7071067811865475 0
vn -0.7071067811865476 0.7071067811865475 0
vn -0.7071067811865476 0.7071067811865475 0
vn 0.7071067811865476 -0.7071067811865475 0
vn 0.7071067811865476 -0.7071067811865475 0
vn 0.7071067811865476 -0.7071067811865475 0
vn 0.7071067811865476 -0.7071067811865475 0
vn 0 0 1
vn 0 0 1
vn 0 0 1
vn 0 0 1
vn 0 0 -1
vn 0 0 -1
vn 0 0 -1
vn 0 0 -1
f 5113/5113/5113 5115/5115/5115 5114/5114/5114
f 5115/5115/5115 5116/5116/5116 5114/5114/5114
f 5117/5117/5117 5119/5119/5119 5118/5118/5118
f 5119/5119/5119 5120/5120/5120 5118/5118/5118
f 5121/5121/5121 5123/5123/5123 5122/5122/5122
f 5123/5123/5123 5124/5124/5124 5122/5122/5122
f 5125/5125/5125 5127/5127/5127 5126/5126/5126
f 5127/5127/5127 5128/5128/5128 5126/5126/5126
f 5129/5129/5129 5131/5131/5131 5130/5130/5130
f 5131/5131/5131 5132/5132/5132 5130/5130/5130
f 5133/5133/5133 5135/5135/5135 5134/5134/5134
f 5135/5135/5135 5136/5136/5136 5134/5134/5134
o blade_center_108
usemtl bright_gold
v 0.15625 1.3865511145905884 0.08513437650352716
v 0.15625 1.3865511145905884 -0.08513437650352716
v 0.20530111459058858 1.3375 0.08513437650352716
v 0.20530111459058858 1.3375 -0.08513437650352716
v 0.10719888540941143 1.3375 -0.08513437650352716
v 0.10719888540941143 1.3375 0.08513437650352716
v 0.15625 1.2884488854094114 -0.08513437650352716
v 0.15625 1.2884488854094114 0.08513437650352716
v 0.10719888540941143 1.3375 -0.08513437650352716
v 0.15625 1.3865511145905884 -0.08513437650352716
v 0.10719888540941143 1.3375 0.08513437650352716
v 0.15625 1.3865511145905884 0.08513437650352716
v 0.15625 1.2884488854094114 0.08513437650352716
v 0.20530111459058858 1.3375 0.08513437650352716
v 0.15625 1.2884488854094114 -0.08513437650352716
v 0.20530111459058858 1.3375 -0.08513437650352716
v 0.10719888540941143 1.3375 0.08513437650352716
v 0.15625 1.3865511145905884 0.08513437650352716
v 0.15625 1.2884488854094114 0.08513437650352716
v 0.20530111459058858 1.3375 0.08513437650352716
v 0.15625 1.3865511145905884 -0.08513437650352716
v 0.10719888540941143 1.3375 -0.08513437650352716
v 0.20530111459058858 1.3375 -0.08513437650352716
v 0.15625 1.2884488854094114 -0.08513437650352716
vt 0.4375 0.75
vt 0.625 0.75
vt 0.4375 0.6875
vt 0.625 0.6875
vt 0.4375 0.75
vt 0.625 0.75
vt 0.4375 0.6875
vt 0.625 0.6875
vt 0.4375 0.875
vt 0.5 0.875
vt 0.4375 0.6875
vt 0.5 0.6875
vt 0.4375 0.875
vt 0.5 0.875
vt 0.4375 0.6875
vt 0.5 0.6875
vt 0.4375 0.75
vt 0.5 0.75
vt 0.4375 0.6875
vt 0.5 0.6875
vt 0.4375 0.75
vt 0.5 0.75
vt 0.4375 0.6875
vt 0.5 0.6875
vn 0.7071067811865476 0.7071067811865477 0
vn 0.7071067811865476 0.7071067811865477 0
vn 0.7071067811865476 0.7071067811865477 0
vn 0.7071067811865476 0.7071067811865477 0
vn -0.7071067811865476 -0.7071067811865477 0
vn -0.7071067811865476 -0.7071067811865477 0
vn -0.7071067811865476 -0.7071067811865477 0
vn -0.7071067811865476 -0.7071067811865477 0
vn -0.7071067811865477 0.7071067811865476 0
vn -0.7071067811865477 0.7071067811865476 0
vn -0.7071067811865477 0.7071067811865476 0
vn -0.7071067811865477 0.7071067811865476 0
vn 0.7071067811865477 -0.7071067811865476 0
vn 0.7071067811865477 -0.7071067811865476 0
vn 0.7071067811865477 -0.7071067811865476 0
vn 0.7071067811865477 -0.7071067811865476 0
vn 0 0 0.9999999999999999
vn 0 0 0.9999999999999999
vn 0 0 0.9999999999999999
vn 0 0 0.9999999999999999
vn 0 0 -0.9999999999999999
vn 0 0 -0.9999999999999999
vn 0 0 -0.9999999999999999
vn 0 0 -0.9999999999999999
f 5137/5137/5137 5139/5139/5139 5138/5138/5138
f 5139/5139/5139 5140/5140/5140 5138/5138/5138
f 5141/5141/5141 5143/5143/5143 5142/5142/5142
f 5143/5143/5143 5144/5144/5144 5142/5142/5142
f 5145/5145/5145 5147/5147/5147 5146/5146/5146
f 5147/5147/5147 5148/5148/5148 5146/5146/5146
f 5149/5149/5149 5151/5151/5151 5150/5150/5150
f 5151/5151/5151 5152/5152/5152 5150/5150/5150
f 5153/5153/5153 5155/5155/5155 5154/5154/5154
f 5155/5155/5155 5156/5156/5156 5154/5154/5154
f 5157/5157/5157 5159/5159/5159 5158/5158/5158
f 5159/5159/5159 5160/5160/5160 5158/5158/5158
o blade_center_109
usemtl bright_gold
v -0.15625 1.9005824427467861 0.08779218905046582
v -0.15625 1.9005824427467861 -0.08779218905046582
v -0.10566755725321367 1.8499999999999999 0.08779218905046582
v -0.10566755725321367 1.8499999999999999 -0.08779218905046582
v -0.20683244274678633 1.8499999999999999 -0.08779218905046582
v -0.20683244274678633 1.8499999999999999 0.08779218905046582
v -0.15625 1.7994175572532136 -0.08779218905046582
v -0.15625 1.7994175572532136 0.08779218905046582
v -0.20683244274678633 1.8499999999999999 -0.08779218905046582
v -0.15625 1.9005824427467861 -0.08779218905046582
v -0.20683244274678633 1.8499999999999999 0.08779218905046582
v -0.15625 1.9005824427467861 0.08779218905046582
v -0.15625 1.7994175572532136 0.08779218905046582
v -0.10566755725321367 1.8499999999999999 0.08779218905046582
v -0.15625 1.7994175572532136 -0.08779218905046582
v -0.10566755725321367 1.8499999999999999 -0.08779218905046582
v -0.20683244274678633 1.8499999999999999 0.08779218905046582
v -0.15625 1.9005824427467861 0.08779218905046582
v -0.15625 1.7994175572532136 0.08779218905046582
v -0.10566755725321367 1.8499999999999999 0.08779218905046582
v -0.15625 1.9005824427467861 -0.08779218905046582
v -0.20683244274678633 1.8499999999999999 -0.08779218905046582
v -0.10566755725321367 1.8499999999999999 -0.08779218905046582
v -0.15625 1.7994175572532136 -0.08779218905046582
vt 0.4375 0.75
vt 0.625 0.75
vt 0.4375 0.6875
vt 0.625 0.6875
vt 0.4375 0.75
vt 0.625 0.75
vt 0.4375 0.6875
vt 0.625 0.6875
vt 0.4375 0.875
vt 0.5 0.875
vt 0.4375 0.6875
vt 0.5 0.6875
vt 0.4375 0.875
vt 0.5 0.875
vt 0.4375 0.6875
vt 0.5 0.6875
vt 0.4375 0.75
vt 0.5 0.75
vt 0.4375 0.6875
vt 0.5 0.6875
vt 0.4375 0.75
vt 0.5 0.75
vt 0.4375 0.6875
vt 0.5 0.6875
vn 0.7071067811865475 0.7071067811865476 0
vn 0.7071067811865475 0.7071067811865476 0
vn 0.7071067811865475 0.7071067811865476 0
vn 0.7071067811865475 0.7071067811865476 0
vn -0.7071067811865475 -0.7071067811865476 0
vn -0.7071067811865475 -0.7071067811865476 0
vn -0.7071067811865475 -0.7071067811865476 0
vn -0.7071067811865475 -0.7071067811865476 0
vn -0.7071067811865476 0.7071067811865475 0
vn -0.7071067811865476 0.7071067811865475 0
vn -0.7071067811865476 0.7071067811865475 0
vn -0.7071067811865476 0.7071067811865475 0
vn 0.7071067811865476 -0.7071067811865475 0
vn 0.7071067811865476 -0.7071067811865475 0
vn 0.7071067811865476 -0.7071067811865475 0
vn 0.7071067811865476 -0.7071067811865475 0
vn 0 0 1
vn 0 0 1
vn 0 0 1
vn 0 0 1
vn 0 0 -1
vn 0 0 -1
vn 0 0 -1
vn 0 0 -1
f 5161/5161/5161 5163/5163/5163 5162/5162/5162
f 5163/5163/5163 5164/5164/5164 5162/5162/5162
f 5165/5165/5165 5167/5167/5167 5166/5166/5166
f 5167/5167/5167 5168/5168/5168 5166/5166/5166
f 5169/5169/5169 5171/5171/5171 5170/5170/5170
f 5171/5171/5171 5172/5172/5172 5170/5170/5170
f 5173/5173/5173 5175/5175/5175 5174/5174/5174
f 5175/5175/5175 5176/5176/5176 5174/5174/5174
f 5177/5177/5177 5179/5179/5179 5178/5178/5178
f 5179/5179/5179 5180/5180/5180 5178/5178/5178
f 5181/5181/5181 5183/5183/5183 5182/5182/5182
f 5183/5183/5183 5184/5184/5184 5182/5182/5182
o blade_center_110
usemtl bright_gold
v 0.15625 1.8992698757557596 0.08551406401023269
v 0.15625 1.8992698757557596 -0.08551406401023269
v 0.2055198757557597 1.8499999999999999 0.08551406401023269
v 0.2055198757557597 1.8499999999999999 -0.08551406401023269
v 0.10698012424424032 1.8499999999999999 -0.08551406401023269
v 0.10698012424424032 1.8499999999999999 0.08551406401023269
v 0.15625 1.8007301242442402 -0.08551406401023269
v 0.15625 1.8007301242442402 0.08551406401023269
v 0.10698012424424032 1.8499999999999999 -0.08551406401023269
v 0.15625 1.8992698757557596 -0.08551406401023269
v 0.10698012424424032 1.8499999999999999 0.08551406401023269
v 0.15625 1.8992698757557596 0.08551406401023269
v 0.15625 1.8007301242442402 0.08551406401023269
v 0.2055198757557597 1.8499999999999999 0.08551406401023269
v 0.15625 1.8007301242442402 -0.08551406401023269
v 0.2055198757557597 1.8499999999999999 -0.08551406401023269
v 0.10698012424424032 1.8499999999999999 0.08551406401023269
v 0.15625 1.8992698757557596 0.08551406401023269
v 0.15625 1.8007301242442402 0.08551406401023269
v 0.2055198757557597 1.8499999999999999 0.08551406401023269
v 0.15625 1.8992698757557596 -0.08551406401023269
v 0.10698012424424032 1.8499999999999999 -0.08551406401023269
v 0.2055198757557597 1.8499999999999999 -0.08551406401023269
v 0.15625 1.8007301242442402 -0.08551406401023269
vt 0.4375 0.75
vt 0.625 0.75
vt 0.4375 0.6875
vt 0.625 0.6875
vt 0.4375 0.75
vt 0.625 0.75
vt 0.4375 0.6875
vt 0.625 0.6875
vt 0.4375 0.875
vt 0.5 0.875
vt 0.4375 0.6875
vt 0.5 0.6875
vt 0.4375 0.875
vt 0.5 0.875
vt 0.4375 0.6875
vt 0.5 0.6875
vt 0.4375 0.75
vt 0.5 0.75
vt 0.4375 0.6875
vt 0.5 0.6875
vt 0.4375 0.75
vt 0.5 0.75
vt 0.4375 0.6875
vt 0.5 0.6875
vn 0.7071067811865475 0.7071067811865476 0
vn 0.7071067811865475 0.7071067811865476 0
vn 0.7071067811865475 0.7071067811865476 0
vn 0.7071067811865475 0.7071067811865476 0
vn -0.7071067811865475 -0.7071067811865476 0
vn -0.7071067811865475 -0.7071067811865476 0
vn -0.7071067811865475 -0.7071067811865476 0
vn -0.7071067811865475 -0.7071067811865476 0
vn -0.7071067811865476 0.7071067811865475 0
vn -0.7071067811865476 0.7071067811865475 0
vn -0.7071067811865476 0.7071067811865475 0
vn -0.7071067811865476 0.7071067811865475 0
vn 0.7071067811865476 -0.7071067811865475 0
vn 0.7071067811865476 -0.7071067811865475 0
vn 0.7071067811865476 -0.7071067811865475 0
vn 0.7071067811865476 -0.7071067811865475 0
vn 0 0 1
vn 0 0 1
vn 0 0 1
vn 0 0 1
vn 0 0 -1
vn 0 0 -1
vn 0 0 -1
vn 0 0 -1
f 5185/5185/5185 5187/5187/5187 5186/5186/5186
f 5187/5187/5187 5188/5188/5188 5186/5186/5186
f 5189/5189/5189 5191/5191/5191 5190/5190/5190
f 5191/5191/5191 5192/5192/5192 5190/5190/5190
f 5193/5193/5193 5195/5195/5195 5194/5194/5194
f 5195/5195/5195 5196/5196/5196 5194/5194/5194
f 5197/5197/5197 5199/5199/5199 5198/5198/5198
f 5199/5199/5199 5200/5200/5200 5198/5198/5198
f 5201/5201/5201 5203/5203/5203 5202/5202/5202
f 5203/5203/5203 5204/5204/5204 5202/5202/5202
f 5205/5205/5205 5207/5207/5207 5206/5206/5206
f 5207/5207/5207 5208/5208/5208 5206/5206/5206
o blade_center_111
usemtl bright_gold
v -0.15625 2.4133012039119572 0.08817187655717133
v -0.15625 2.4133012039119572 -0.08817187655717133
v -0.10544879608804257 2.3625 0.08817187655717133
v -0.10544879608804257 2.3625 -0.08817187655717133
v -0.20705120391195742 2.3625 -0.08817187655717133
v -0.20705120391195742 2.3625 0.08817187655717133
v -0.15625 2.3116987960880424 -0.08817187655717133
v -0.15625 2.3116987960880424 0.08817187655717133
v -0.20705120391195742 2.3625 -0.08817187655717133
v -0.15625 2.4133012039119572 -0.08817187655717133
v -0.20705120391195742 2.3625 0.08817187655717133
v -0.15625 2.4133012039119572 0.08817187655717133
v -0.15625 2.3116987960880424 0.08817187655717133
v -0.10544879608804257 2.3625 0.08817187655717133
v -0.15625 2.3116987960880424 -0.08817187655717133
v -0.10544879608804257 2.3625 -0.08817187655717133
v -0.20705120391195742 2.3625 0.08817187655717133
v -0.15625 2.4133012039119572 0.08817187655717133
v -0.15625 2.3116987960880424 0.08817187655717133
v -0.10544879608804257 2.3625 0.08817187655717133
v -0.15625 2.4133012039119572 -0.08817187655717133
v -0.20705120391195742 2.3625 -0.08817187655717133
v -0.10544879608804257 2.3625 -0.08817187655717133
v -0.15625 2.3116987960880424 -0.08817187655717133
vt 0.4375 0.75
vt 0.625 0.75
vt 0.4375 0.6875
vt 0.625 0.6875
vt 0.4375 0.75
vt 0.625 0.75
vt 0.4375 0.6875
vt 0.625 0.6875
vt 0.4375 0.875
vt 0.5 0.875
vt 0.4375 0.6875
vt 0.5 0.6875
vt 0.4375 0.875
vt 0.5 0.875
vt 0.4375 0.6875
vt 0.5 0.6875
vt 0.4375 0.75
vt 0.5 0.75
vt 0.4375 0.6875
vt 0.5 0.6875
vt 0.4375 0.75
vt 0.5 0.75
vt 0.4375 0.6875
vt 0.5 0.6875
vn 0.7071067811865474 0.7071067811865475 0
vn 0.7071067811865474 0.7071067811865475 0
vn 0.7071067811865474 0.7071067811865475 0
vn 0.7071067811865474 0.7071067811865475 0
vn -0.7071067811865474 -0.7071067811865475 0
vn -0.7071067811865474 -0.7071067811865475 0
vn -0.7071067811865474 -0.7071067811865475 0
vn -0.7071067811865474 -0.7071067811865475 0
vn -0.7071067811865475 0.7071067811865474 0
vn -0.7071067811865475 0.7071067811865474 0
vn -0.7071067811865475 0.7071067811865474 0
vn -0.7071067811865475 0.7071067811865474 0
vn 0.7071067811865475 -0.7071067811865474 0
vn 0.7071067811865475 -0.7071067811865474 0
vn 0.7071067811865475 -0.7071067811865474 0
vn 0.7071067811865475 -0.7071067811865474 0
vn 0 0 0.9999999999999999
vn 0 0 0.9999999999999999
vn 0 0 0.9999999999999999
vn 0 0 0.9999999999999999
vn 0 0 -0.9999999999999999
vn 0 0 -0.9999999999999999
vn 0 0 -0.9999999999999999
vn 0 0 -0.9999999999999999
f 5209/5209/5209 5211/5211/5211 5210/5210/5210
f 5211/5211/5211 5212/5212/5212 5210/5210/5210
f 5213/5213/5213 5215/5215/5215 5214/5214/5214
f 5215/5215/5215 5216/5216/5216 5214/5214/5214
f 5217/5217/5217 5219/5219/5219 5218/5218/5218
f 5219/5219/5219 5220/5220/5220 5218/5218/5218
f 5221/5221/5221 5223/5223/5223 5222/5222/5222
f 5223/5223/5223 5224/5224/5224 5222/5222/5222
f 5225/5225/5225 5227/5227/5227 5226/5226/5226
f 5227/5227/5227 5228/5228/5228 5226/5226/5226
f 5229/5229/5229 5231/5231/5231 5230/5230/5230
f 5231/5231/5231 5232/5232/5232 5230/5230/5230
o blade_center_112
usemtl bright_gold
v 0.15625 2.4119886369209307 0.0858937515169382
v 0.15625 2.4119886369209307 -0.0858937515169382
v 0.2057386369209308 2.3625 0.0858937515169382
v 0.2057386369209308 2.3625 -0.0858937515169382
v 0.10676136307906921 2.3625 -0.0858937515169382
v 0.10676136307906921 2.3625 0.0858937515169382
v 0.15625 2.313011363079069 -0.0858937515169382
v 0.15625 2.313011363079069 0.0858937515169382
v 0.10676136307906921 2.3625 -0.0858937515169382
v 0.15625 2.4119886369209307 -0.0858937515169382
v 0.10676136307906921 2.3625 0.0858937515169382
v 0.15625 2.4119886369209307 0.0858937515169382
v 0.15625 2.313011363079069 0.0858937515169382
v 0.2057386369209308 2.3625 0.0858937515169382
v 0.15625 2.313011363079069 -0.0858937515169382
v 0.2057386369209308 2.3625 -0.0858937515169382
v 0.10676136307906921 2.3625 0.0858937515169382
v 0.15625 2.4119886369209307 0.0858937515169382
v 0.15625 2.313011363079069 0.0858937515169382
v 0.2057386369209308 2.3625 0.0858937515169382
v 0.15625 2.4119886369209307 -0.0858937515169382
v 0.10676136307906921 2.3625 -0.0858937515169382
v 0.2057386369209308 2.3625 -0.0858937515169382
v 0.15625 2.313011363079069 -0.0858937515169382
vt 0.4375 0.75
vt 0.625 0.75
vt 0.4375 0.6875
vt 0.625 0.6875
vt 0.4375 0.75
vt 0.625 0.75
vt 0.4375 0.6875
vt 0.625 0.6875
vt 0.4375 0.875
vt 0.5 0.875
vt 0.4375 0.6875
vt 0.5 0.6875
vt 0.4375 0.875
vt 0.5 0.875
vt 0.4375 0.6875
vt 0.5 0.6875
vt 0.4375 0.75
vt 0.5 0.75
vt 0.4375 0.6875
vt 0.5 0.6875
vt 0.4375 0.75
vt 0.5 0.75
vt 0.4375 0.6875
vt 0.5 0.6875
vn 0.7071067811865474 0.7071067811865475 0
vn 0.7071067811865474 0.7071067811865475 0
vn 0.7071067811865474 0.7071067811865475 0
vn 0.7071067811865474 0.7071067811865475 0
vn -0.7071067811865474 -0.7071067811865475 0
vn -0.7071067811865474 -0.7071067811865475 0
vn -0.7071067811865474 -0.7071067811865475 0
vn -0.7071067811865474 -0.7071067811865475 0
vn -0.7071067811865475 0.7071067811865474 0
vn -0.7071067811865475 0.7071067811865474 0
vn -0.7071067811865475 0.7071067811865474 0
vn -0.7071067811865475 0.7071067811865474 0
vn 0.7071067811865475 -0.7071067811865474 0
vn 0.7071067811865475 -0.7071067811865474 0
vn 0.7071067811865475 -0.7071067811865474 0
vn 0.7071067811865475 -0.7071067811865474 0
vn 0 0 0.9999999999999999
vn 0 0 0.9999999999999999
vn 0 0 0.9999999999999999
vn 0 0 0.9999999999999999
vn 0 0 -0.9999999999999999
vn 0 0 -0.9999999999999999
vn 0 0 -0.9999999999999999
vn 0 0 -0.9999999999999999
f 5233/5233/5233 5235/5235/5235 5234/5234/5234
f 5235/5235/5235 5236/5236/5236 5234/5234/5234
f 5237/5237/5237 5239/5239/5239 5238/5238/5238
f 5239/5239/5239 5240/5240/5240 5238/5238/5238
f 5241/5241/5241 5243/5243/5243 5242/5242/5242
f 5243/5243/5243 5244/5244/5244 5242/5242/5242
f 5245/5245/5245 5247/5247/5247 5246/5246/5246
f 5247/5247/5247 5248/5248/5248 5246/5246/5246
f 5249/5249/5249 5251/5251/5251 5250/5250/5250
f 5251/5251/5251 5252/5252/5252 5250/5250/5250
f 5253/5253/5253 5255/5255/5255 5254/5254/5254
f 5255/5255/5255 5256/5256/5256 5254/5254/5254
o blade_center_113
usemtl bright_gold
v -0.15625 2.9260199650771286 0.08855156406387688
v -0.15625 2.9260199650771286 -0.08855156406387688
v -0.10523003492287145 2.875 0.08855156406387688
v -0.10523003492287145 2.875 -0.08855156406387688
v -0.20726996507712855 2.875 -0.08855156406387688
v -0.20726996507712855 2.875 0.08855156406387688
v -0.15625 2.8239800349228714 -0.08855156406387688
v -0.15625 2.8239800349228714 0.08855156406387688
v -0.20726996507712855 2.875 -0.08855156406387688
v -0.15625 2.9260199650771286 -0.08855156406387688
v -0.20726996507712855 2.875 0.08855156406387688
v -0.15625 2.9260199650771286 0.08855156406387688
v -0.15625 2.8239800349228714 0.08855156406387688
v -0.10523003492287145 2.875 0.08855156406387688
v -0.15625 2.8239800349228714 -0.08855156406387688
v -0.10523003492287145 2.875 -0.08855156406387688
v -0.20726996507712855 2.875 0.08855156406387688
v -0.15625 2.9260199650771286 0.08855156406387688
v -0.15625 2.8239800349228714 0.08855156406387688
v -0.10523003492287145 2.875 0.08855156406387688
v -0.15625 2.9260199650771286 -0.08855156406387688
v -0.20726996507712855 2.875 -0.08855156406387688
v -0.10523003492287145 2.875 -0.08855156406387688
v -0.15625 2.8239800349228714 -0.08855156406387688
vt 0.4375 0.75
vt 0.625 0.75
vt 0.4375 0.6875
vt 0.625 0.6875
vt 0.4375 0.75
vt 0.625 0.75
vt 0.4375 0.6875
vt 0.625 0.6875
vt 0.4375 0.875
vt 0.5 0.875
vt 0.4375 0.6875
vt 0.5 0.6875
vt 0.4375 0.875
vt 0.5 0.875
vt 0.4375 0.6875
vt 0.5 0.6875
vt 0.4375 0.75
vt 0.5 0.75
vt 0.4375 0.6875
vt 0.5 0.6875
vt 0.4375 0.75
vt 0.5 0.75
vt 0.4375 0.6875
vt 0.5 0.6875
vn 0.7071067811865476 0.7071067811865476 0
vn 0.7071067811865476 0.7071067811865476 0
vn 0.7071067811865476 0.7071067811865476 0
vn 0.7071067811865476 0.7071067811865476 0
vn -0.7071067811865476 -0.7071067811865476 0
vn -0.7071067811865476 -0.7071067811865476 0
vn -0.7071067811865476 -0.7071067811865476 0
vn -0.7071067811865476 -0.7071067811865476 0
vn -0.7071067811865476 0.7071067811865476 0
vn -0.7071067811865476 0.7071067811865476 0
vn -0.7071067811865476 0.7071067811865476 0
vn -0.7071067811865476 0.7071067811865476 0
vn 0.7071067811865476 -0.7071067811865476 0
vn 0.7071067811865476 -0.7071067811865476 0
vn 0.7071067811865476 -0.7071067811865476 0
vn 0.7071067811865476 -0.7071067811865476 0
vn 0 0 0.9999999999999999
vn 0 0 0.9999999999999999
vn 0 0 0.9999999999999999
vn 0 0 0.9999999999999999
vn 0 0 -0.9999999999999999
vn 0 0 -0.9999999999999999
vn 0 0 -0.9999999999999999
vn 0 0 -0.9999999999999999
f 5257/5257/5257 5259/5259/5259 5258/5258/5258
f 5259/5259/5259 5260/5260/5260 5258/5258/5258
f 5261/5261/5261 5263/5263/5263 5262/5262/5262
f 5263/5263/5263 5264/5264/5264 5262/5262/5262
f 5265/5265/5265 5267/5267/5267 5266/5266/5266
f 5267/5267/5267 5268/5268/5268 5266/5266/5266
f 5269/5269/5269 5271/5271/5271 5270/5270/5270
f 5271/5271/5271 5272/5272/5272 5270/5270/5270
f 5273/5273/5273 5275/5275/5275 5274/5274/5274
f 5275/5275/5275 5276/5276/5276 5274/5274/5274
f 5277/5277/5277 5279/5279/5279 5278/5278/5278
f 5279/5279/5279 5280/5280/5280 5278/5278/5278
o blade_center_114
usemtl bright_gold
v 0.15625 2.924707398086102 0.08627343902364373
v 0.15625 2.924707398086102 -0.08627343902364373
v 0.20595739808610192 2.875 0.08627343902364373
v 0.20595739808610192 2.875 -0.08627343902364373
v 0.1065426019138981 2.875 -0.08627343902364373
v 0.1065426019138981 2.875 0.08627343902364373
v 0.15625 2.825292601913898 -0.08627343902364373
v 0.15625 2.825292601913898 0.08627343902364373
v 0.1065426019138981 2.875 -0.08627343902364373
v 0.15625 2.924707398086102 -0.08627343902364373
v 0.1065426019138981 2.875 0.08627343902364373
v 0.15625 2.924707398086102 0.08627343902364373
v 0.15625 2.825292601913898 0.08627343902364373
v 0.20595739808610192 2.875 0.08627343902364373
v 0.15625 2.825292601913898 -0.08627343902364373
v 0.20595739808610192 2.875 -0.08627343902364373
v 0.1065426019138981 2.875 0.08627343902364373
v 0.15625 2.924707398086102 0.08627343902364373
v 0.15625 2.825292601913898 0.08627343902364373
v 0.20595739808610192 2.875 0.08627343902364373
v 0.15625 2.924707398086102 -0.08627343902364373
v 0.1065426019138981 2.875 -0.08627343902364373
v 0.20595739808610192 2.875 -0.08627343902364373
v 0.15625 2.825292601913898 -0.08627343902364373
vt 0.4375 0.75
vt 0.625 0.75
vt 0.4375 0.6875
vt 0.625 0.6875
vt 0.4375 0.75
vt 0.625 0.75
vt 0.4375 0.6875
vt 0.625 0.6875
vt 0.4375 0.875
vt 0.5 0.875
vt 0.4375 0.6875
vt 0.5 0.6875
vt 0.4375 0.875
vt 0.5 0.875
vt 0.4375 0.6875
vt 0.5 0.6875
vt 0.4375 0.75
vt 0.5 0.75
vt 0.4375 0.6875
vt 0.5 0.6875
vt 0.4375 0.75
vt 0.5 0.75
vt 0.4375 0.6875
vt 0.5 0.6875
vn 0.7071067811865475 0.7071067811865475 0
vn 0.7071067811865475 0.7071067811865475 0
vn 0.7071067811865475 0.7071067811865475 0
vn 0.7071067811865475 0.7071067811865475 0
vn -0.7071067811865475 -0.7071067811865475 0
vn -0.7071067811865475 -0.7071067811865475 0
vn -0.7071067811865475 -0.7071067811865475 0
vn -0.7071067811865475 -0.7071067811865475 0
vn -0.7071067811865475 0.7071067811865475 0
vn -0.7071067811865475 0.7071067811865475 0
vn -0.7071067811865475 0.7071067811865475 0
vn -0.7071067811865475 0.7071067811865475 0
vn 0.7071067811865475 -0.7071067811865475 0
vn 0.7071067811865475 -0.7071067811865475 0
vn 0.7071067811865475 -0.7071067811865475 0
vn 0.7071067811865475 -0.7071067811865475 0
vn 0 0 1
vn 0 0 1
vn 0 0 1
vn 0 0 1
vn 0 0 -1
vn 0 0 -1
vn 0 0 -1
vn 0 0 -1
f 5281/5281/5281 5283/5283/5283 5282/5282/5282
f 5283/5283/5283 5284/5284/5284 5282/5282/5282
f 5285/5285/5285 5287/5287/5287 5286/5286/5286
f 5287/5287/5287 5288/5288/5288 5286/5286/5286
f 5289/5289/5289 5291/5291/5291 5290/5290/5290
f 5291/5291/5291 5292/5292/5292 5290/5290/5290
f 5293/5293/5293 5295/5295/5295 5294/5294/5294
f 5295/5295/5295 5296/5296/5296 5294/5294/5294
f 5297/5297/5297 5299/5299/5299 5298/5298/5298
f 5299/5299/5299 5300/5300/5300 5298/5298/5298
f 5301/5301/5301 5303/5303/5303 5302/5302/5302
f 5303/5303/5303 5304/5304/5304 5302/5302/5302
o blade_tip_115
usemtl sun_gold
v 0.44795001256465916 3.2448641087583137 0.1054000015705824
v 0.44795001256465916 3.2448641087583137 -0.1054000015705824
v 0.44795001256465916 3.121207319813115 0.1054000015705824
v 0.44795001256465916 3.121207319813115 -0.1054000015705824
v -0.44795001256465916 3.2448641087583137 -0.1054000015705824
v -0.44795001256465916 3.2448641087583137 0.1054000015705824
v -0.44795001256465916 3.121207319813115 -0.1054000015705824
v -0.44795001256465916 3.121207319813115 0.1054000015705824
v -0.44795001256465916 3.2448641087583137 -0.1054000015705824
v 0.44795001256465916 3.2448641087583137 -0.1054000015705824
v -0.44795001256465916 3.2448641087583137 0.1054000015705824
v 0.44795001256465916 3.2448641087583137 0.1054000015705824
v -0.44795001256465916 3.121207319813115 0.1054000015705824
v 0.44795001256465916 3.121207319813115 0.1054000015705824
v -0.44795001256465916 3.121207319813115 -0.1054000015705824
v 0.44795001256465916 3.121207319813115 -0.1054000015705824
v -0.44795001256465916 3.2448641087583137 0.1054000015705824
v 0.44795001256465916 3.2448641087583137 0.1054000015705824
v -0.44795001256465916 3.121207319813115 0.1054000015705824
v 0.44795001256465916 3.121207319813115 0.1054000015705824
v 0.44795001256465916 3.2448641087583137 -0.1054000015705824
v -0.44795001256465916 3.2448641087583137 -0.1054000015705824
v 0.44795001256465916 3.121207319813115 -0.1054000015705824
v -0.44795001256465916 3.121207319813115 -0.1054000015705824
vt 0.9375 0.125
vt 1.125 0.125
vt 0.9375 0
vt 1.125 0
vt 0.9375 0.125
vt 1.125 0.125
vt 0.9375 0
vt 1.125 0
vt 0.9375 0.1875
vt 1.8125 0.1875
vt 0.9375 0
vt 1.8125 0
vt 0.9375 0.1875
vt 1.8125 0.1875
vt 0.9375 0
vt 1.8125 0
vt 0.9375 0.125
vt 1.8125 0.125
vt 0.9375 0
vt 1.8125 0
vt 0.9375 0.125
vt 1.8125 0.125
vt 0.9375 0
vt 1.8125 0
vn 1 0 0
vn 1 0 0
vn 1 0 0
vn 1 0 0
vn -1 0 0
vn -1 0 0
vn -1 0 0
vn -1 0 0
vn 0 1 0
vn 0 1 0
vn 0 1 0
vn 0 1 0
vn 0 -1 0
vn 0 -1 0
vn 0 -1 0
vn 0 -1 0
vn 0 0 1
vn 0 0 1
vn 0 0 1
vn 0 0 1
vn 0 0 -1
vn 0 0 -1
vn 0 0 -1
vn 0 0 -1
f 5305/5305/5305 5307/5307/5307 5306/5306/5306
f 5307/5307/5307 5308/5308/5308 5306/5306/5306
f 5309/5309/5309 5311/5311/5311 5310/5310/5310
f 5311/5311/5311 5312/5312/5312 5310/5310/5310
f 5313/5313/5313 5315/5315/5315 5314/5314/5314
f 5315/5315/5315 5316/5316/5316 5314/5314/5314
f 5317/5317/5317 5319/5319/5319 5318/5318/5318
f 5319/5319/5319 5320/5320/5320 5318/5318/5318
f 5321/5321/5321 5323/5323/5323 5322/5322/5322
f 5323/5323/5323 5324/5324/5324 5322/5322/5322
f 5325/5325/5325 5327/5327/5327 5326/5326/5326
f 5327/5327/5327 5328/5328/5328 5326/5326/5326
o blade_tip_116
usemtl sun_gold
v 0.3701479309499263 3.3593516980026448 0.09735104064643382
v 0.3701479309499263 3.3593516980026448 -0.09735104064643382
v 0.3701479309499263 3.238862587711641 0.09735104064643382
v 0.3701479309499263 3.238862587711641 -0.09735104064643382
v -0.3701479309499263 3.3593516980026448 -0.09735104064643382
v -0.3701479309499263 3.3593516980026448 0.09735104064643382
v -0.3701479309499263 3.238862587711641 -0.09735104064643382
v -0.3701479309499263 3.238862587711641 0.09735104064643382
v -0.3701479309499263 3.3593516980026448 -0.09735104064643382
v 0.3701479309499263 3.3593516980026448 -0.09735104064643382
v -0.3701479309499263 3.3593516980026448 0.09735104064643382
v 0.3701479309499263 3.3593516980026448 0.09735104064643382
v -0.3701479309499263 3.238862587711641 0.09735104064643382
v 0.3701479309499263 3.238862587711641 0.09735104064643382
v -0.3701479309499263 3.238862587711641 -0.09735104064643382
v 0.3701479309499263 3.238862587711641 -0.09735104064643382
v -0.3701479309499263 3.3593516980026448 0.09735104064643382
v 0.3701479309499263 3.3593516980026448 0.09735104064643382
v -0.3701479309499263 3.238862587711641 0.09735104064643382
v 0.3701479309499263 3.238862587711641 0.09735104064643382
v 0.3701479309499263 3.3593516980026448 -0.09735104064643382
v -0.3701479309499263 3.3593516980026448 -0.09735104064643382
v 0.3701479309499263 3.238862587711641 -0.09735104064643382
v -0.3701479309499263 3.238862587711641 -0.09735104064643382
vt 0.1875 0.5
vt 0.375 0.5
vt 0.1875 0.375
vt 0.375 0.375
vt 0.1875 0.5
vt 0.375 0.5
vt 0.1875 0.375
vt 0.375 0.375
vt 0.1875 0.5625
vt 0.9375 0.5625
vt 0.1875 0.375
vt 0.9375 0.375
vt 0.1875 0.5625
vt 0.9375 0.5625
vt 0.1875 0.375
vt 0.9375 0.375
vt 0.1875 0.5
vt 0.9375 0.5
vt 0.1875 0.375
vt 0.9375 0.375
vt 0.1875 0.5
vt 0.9375 0.5
vt 0.1875 0.375
vt 0.9375 0.375
vn 1 0 0
vn 1 0 0
vn 1 0 0
vn 1 0 0
vn -1 0 0
vn -1 0 0
vn -1 0 0
vn -1 0 0
vn 0 1 0
vn 0 1 0
vn 0 1 0
vn 0 1 0
vn 0 -1 0
vn 0 -1 0
vn 0 -1 0
vn 0 -1 0
vn 0 0 1
vn 0 0 1
vn 0 0 1
vn 0 0 1
vn 0 0 -1
vn 0 0 -1
vn 0 0 -1
vn 0 0 -1
f 5329/5329/5329 5331/5331/5331 5330/5330/5330
f 5331/5331/5331 5332/5332/5332 5330/5330/5330
f 5333/5333/5333 5335/5335/5335 5334/5334/5334
f 5335/5335/5335 5336/5336/5336 5334/5334/5334
f 5337/5337/5337 5339/5339/5339 5338/5338/5338
f 5339/5339/5339 5340/5340/5340 5338/5338/5338
f 5341/5341/5341 5343/5343/5343 5342/5342/5342
f 5343/5343/5343 5344/5344/5344 5342/5342/5342
f 5345/5345/5345 5347/5347/5347 5346/5346/5346
f 5347/5347/5347 5348/5348/5348 5346/5346/5346
f 5349/5349/5349 5351/5351/5351 5350/5350/5350
f 5351/5351/5351 5352/5352/5352 5350/5350/5350
o blade_tip_117
usemtl sun_gold
v 0.2958333194255829 3.4738392872469768 0.08958332985639572
v 0.2958333194255829 3.4738392872469768 -0.08958332985639572
v 0.2958333194255829 3.3565178556101665 0.08958332985639572
v 0.2958333194255829 3.3565178556101665 -0.08958332985639572
v -0.2958333194255829 3.4738392872469768 -0.08958332985639572
v -0.2958333194255829 3.4738392872469768 0.08958332985639572
v -0.2958333194255829 3.3565178556101665 -0.08958332985639572
v -0.2958333194255829 3.3565178556101665 0.08958332985639572
v -0.2958333194255829 3.4738392872469768 -0.08958332985639572
v 0.2958333194255829 3.4738392872469768 -0.08958332985639572
v -0.2958333194255829 3.4738392872469768 0.08958332985639572
v 0.2958333194255829 3.4738392872469768 0.08958332985639572
v -0.2958333194255829 3.3565178556101665 0.08958332985639572
v 0.2958333194255829 3.3565178556101665 0.08958332985639572
v -0.2958333194255829 3.3565178556101665 -0.08958332985639572
v 0.2958333194255829 3.3565178556101665 -0.08958332985639572
v -0.2958333194255829 3.4738392872469768 0.08958332985639572
v 0.2958333194255829 3.4738392872469768 0.08958332985639572
v -0.2958333194255829 3.3565178556101665 0.08958332985639572
v 0.2958333194255829 3.3565178556101665 0.08958332985639572
v 0.2958333194255829 3.4738392872469768 -0.08958332985639572
v -0.2958333194255829 3.4738392872469768 -0.08958332985639572
v 0.2958333194255829 3.3565178556101665 -0.08958332985639572
v -0.2958333194255829 3.3565178556101665 -0.08958332985639572
vt 0.9375 1.0625
vt 1.125 1.0625
vt 0.9375 0.9375
vt 1.125 0.9375
vt 0.9375 1.0625
vt 1.125 1.0625
vt 0.9375 0.9375
vt 1.125 0.9375
vt 0.9375 1.125
vt 1.5 1.125
vt 0.9375 0.9375
vt 1.5 0.9375
vt 0.9375 1.125
vt 1.5 1.125
vt 0.9375 0.9375
vt 1.5 0.9375
vt 0.9375 1.0625
vt 1.5 1.0625
vt 0.9375 0.9375
vt 1.5 0.9375
vt 0.9375 1.0625
vt 1.5 1.0625
vt 0.9375 0.9375
vt 1.5 0.9375
vn 1 0 0
vn 1 0 0
vn 1 0 0
vn 1 0 0
vn -1 0 0
vn -1 0 0
vn -1 0 0
vn -1 0 0
vn 0 1 0
vn 0 1 0
vn 0 1 0
vn 0 1 0
vn 0 -1 0
vn 0 -1 0
vn 0 -1 0
vn 0 -1 0
vn 0 0 1
vn 0 0 1
vn 0 0 1
vn 0 0 1
vn 0 0 -1
vn 0 0 -1
vn 0 0 -1
vn 0 0 -1
f 5353/5353/5353 5355/5355/5355 5354/5354/5354
f 5355/5355/5355 5356/5356/5356 5354/5354/5354
f 5357/5357/5357 5359/5359/5359 5358/5358/5358
f 5359/5359/5359 5360/5360/5360 5358/5358/5358
f 5361/5361/5361 5363/5363/5363 5362/5362/5362
f 5363/5363/5363 5364/5364/5364 5362/5362/5362
f 5365/5365/5365 5367/5367/5367 5366/5366/5366
f 5367/5367/5367 5368/5368/5368 5366/5366/5366
f 5369/5369/5369 5371/5371/5371 5370/5370/5370
f 5371/5371/5371 5372/5372/5372 5370/5370/5370
f 5373/5373/5373 5375/5375/5375 5374/5374/5374
f 5375/5375/5375 5376/5376/5376 5374/5374/5374
o blade_tip_118
usemtl sun_gold
v 0.23853437807410957 3.591758528366685 0.08703281403705479
v 0.23853437807410957 3.591758528366685 -0.08703281403705479
v 0.23853437807410957 3.470741471633315 0.08703281403705479
v 0.23853437807410957 3.470741471633315 -0.08703281403705479
v -0.23853437807410957 3.591758528366685 -0.08703281403705479
v -0.23853437807410957 3.591758528366685 0.08703281403705479
v -0.23853437807410957 3.470741471633315 -0.08703281403705479
v -0.23853437807410957 3.470741471633315 0.08703281403705479
v -0.23853437807410957 3.591758528366685 -0.08703281403705479
v 0.23853437807410957 3.591758528366685 -0.08703281403705479
v -0.23853437807410957 3.591758528366685 0.08703281403705479
v 0.23853437807410957 3.591758528366685 0.08703281403705479
v -0.23853437807410957 3.470741471633315 0.08703281403705479
v 0.23853437807410957 3.470741471633315 0.08703281403705479
v -0.23853437807410957 3.470741471633315 -0.08703281403705479
v 0.23853437807410957 3.470741471633315 -0.08703281403705479
v -0.23853437807410957 3.591758528366685 0.08703281403705479
v 0.23853437807410957 3.591758528366685 0.08703281403705479
v -0.23853437807410957 3.470741471633315 0.08703281403705479
v 0.23853437807410957 3.470741471633315 0.08703281403705479
v 0.23853437807410957 3.591758528366685 -0.08703281403705479
v -0.23853437807410957 3.591758528366685 -0.08703281403705479
v 0.23853437807410957 3.470741471633315 -0.08703281403705479
v -0.23853437807410957 3.470741471633315 -0.08703281403705479
vt 0.8125 0.75
vt 1 0.75
vt 0.8125 0.625
vt 1 0.625
vt 0.8125 0.75
vt 1 0.75
vt 0.8125 0.625
vt 1 0.625
vt 0.8125 0.8125
vt 1.25 0.8125
vt 0.8125 0.625
vt 1.25 0.625
vt 0.8125 0.8125
vt 1.25 0.8125
vt 0.8125 0.625
vt 1.25 0.625
vt 0.8125 0.75
vt 1.25 0.75
vt 0.8125 0.625
vt 1.25 0.625
vt 0.8125 0.75
vt 1.25 0.75
vt 0.8125 0.625
vt 1.25 0.625
vn 1 0 0
vn 1 0 0
vn 1 0 0
vn 1 0 0
vn -1 0 0
vn -1 0 0
vn -1 0 0
vn -1 0 0
vn 0 1 0
vn 0 1 0
vn 0 1 0
vn 0 1 0
vn 0 -1 0
vn 0 -1 0
vn 0 -1 0
vn 0 -1 0
vn 0 0 1
vn 0 0 1
vn 0 0 1
vn 0 0 1
vn 0 0 -1
vn 0 0 -1
vn 0 0 -1
vn 0 0 -1
f 5377/5377/5377 5379/5379/5379 5378/5378/5378
f 5379/5379/5379 5380/5380/5380 5378/5378/5378
f 5381/5381/5381 5383/5383/5383 5382/5382/5382
f 5383/5383/5383 5384/5384/5384 5382/5382/5382
f 5385/5385/5385 5387/5387/5387 5386/5386/5386
f 5387/5387/5387 5388/5388/5388 5386/5386/5386
f 5389/5389/5389 5391/5391/5391 5390/5390/5390
f 5391/5391/5391 5392/5392/5392 5390/5390/5390
f 5393/5393/5393 5395/5395/5395 5394/5394/5394
f 5395/5395/5395 5396/5396/5396 5394/5394/5394
f 5397/5397/5397 5399/5399/5399 5398/5398/5398
f 5399/5399/5399 5400/5400/5400 5398/5398/5398
o blade_tip_119
usemtl sun_gold
v 0.16741667165607213 3.7062461176110166 0.07952291566878557
v 0.16741667165607213 3.7062461176110166 -0.07952291566878557
v 0.16741667165607213 3.588396739531841 0.07952291566878557
v 0.16741667165607213 3.588396739531841 -0.07952291566878557
v -0.16741667165607213 3.7062461176110166 -0.07952291566878557
v -0.16741667165607213 3.7062461176110166 0.07952291566878557
v -0.16741667165607213 3.588396739531841 -0.07952291566878557
v -0.16741667165607213 3.588396739531841 0.07952291566878557
v -0.16741667165607213 3.7062461176110166 -0.07952291566878557
v 0.16741667165607213 3.7062461176110166 -0.07952291566878557
v -0.16741667165607213 3.7062461176110166 0.07952291566878557
v 0.16741667165607213 3.7062461176110166 0.07952291566878557
v -0.16741667165607213 3.588396739531841 0.07952291566878557
v 0.16741667165607213 3.588396739531841 0.07952291566878557
v -0.16741667165607213 3.588396739531841 -0.07952291566878557
v 0.16741667165607213 3.588396739531841 -0.07952291566878557
v -0.16741667165607213 3.7062461176110166 0.07952291566878557
v 0.16741667165607213 3.7062461176110166 0.07952291566878557
v -0.16741667165607213 3.588396739531841 0.07952291566878557
v 0.16741667165607213 3.588396739531841 0.07952291566878557
v 0.16741667165607213 3.7062461176110166 -0.07952291566878557
v -0.16741667165607213 3.7062461176110166 -0.07952291566878557
v 0.16741667165607213 3.588396739531841 -0.07952291566878557
v -0.16741667165607213 3.588396739531841 -0.07952291566878557
vt 0.0625 0.875
vt 0.25 0.875
vt 0.0625 0.75
vt 0.25 0.75
vt 0.0625 0.875
vt 0.25 0.875
vt 0.0625 0.75
vt 0.25 0.75
vt 0.0625 0.9375
vt 0.375 0.9375
vt 0.0625 0.75
vt 0.375 0.75
vt 0.0625 0.9375
vt 0.375 0.9375
vt 0.0625 0.75
vt 0.375 0.75
vt 0.0625 0.875
vt 0.375 0.875
vt 0.0625 0.75
vt 0.375 0.75
vt 0.0625 0.875
vt 0.375 0.875
vt 0.0625 0.75
vt 0.375 0.75
vn 1 0 0
vn 1 0 0
vn 1 0 0
vn 1 0 0
vn -1 0 0
vn -1 0 0
vn -1 0 0
vn -1 0 0
vn 0 1 0
vn 0 1 0
vn 0 1 0
vn 0 1 0
vn 0 -1 0
vn 0 -1 0
vn 0 -1 0
vn 0 -1 0
vn 0 0 1
vn 0 0 1
vn 0 0 1
vn 0 0 1
vn 0 0 -1
vn 0 0 -1
vn 0 0 -1
vn 0 0 -1
f 5401/5401/5401 5403/5403/5403 5402/5402/5402
f 5403/5403/5403 5404/5404/5404 5402/5402/5402
f 5405/5405/5405 5407/5407/5407 5406/5406/5406
f 5407/5407/5407 5408/5408/5408 5406/5406/5406
f 5409/5409/5409 5411/5411/5411 5410/5410/5410
f 5411/5411/5411 5412/5412/5412 5410/5410/5410
f 5413/5413/5413 5415/5415/5415 5414/5414/5414
f 5415/5415/5415 5416/5416/5416 5414/5414/5414
f 5417/5417/5417 5419/5419/5419 5418/5418/5418
f 5419/5419/5419 5420/5420/5420 5418/5418/5418
f 5421/5421/5421 5423/5423/5423 5422/5422/5422
f 5423/5423/5423 5424/5424/5424 5422/5422/5422
o blade_tip_120
usemtl sun_gold
v 0.10575833281874657 3.824165358730725 0.07662082973122597
v 0.10575833281874657 3.824165358730725 -0.07662082973122597
v 0.10575833281874657 3.7026203555549895 0.07662082973122597
v 0.10575833281874657 3.7026203555549895 -0.07662082973122597
v -0.10575833281874657 3.824165358730725 -0.07662082973122597
v -0.10575833281874657 3.824165358730725 0.07662082973122597
v -0.10575833281874657 3.7026203555549895 -0.07662082973122597
v -0.10575833281874657 3.7026203555549895 0.07662082973122597
v -0.10575833281874657 3.824165358730725 -0.07662082973122597
v 0.10575833281874657 3.824165358730725 -0.07662082973122597
v -0.10575833281874657 3.824165358730725 0.07662082973122597
v 0.10575833281874657 3.824165358730725 0.07662082973122597
v -0.10575833281874657 3.7026203555549895 0.07662082973122597
v 0.10575833281874657 3.7026203555549895 0.07662082973122597
v -0.10575833281874657 3.7026203555549895 -0.07662082973122597
v 0.10575833281874657 3.7026203555549895 -0.07662082973122597
v -0.10575833281874657 3.824165358730725 0.07662082973122597
v 0.10575833281874657 3.824165358730725 0.07662082973122597
v -0.10575833281874657 3.7026203555549895 0.07662082973122597
v 0.10575833281874657 3.7026203555549895 0.07662082973122597
v 0.10575833281874657 3.824165358730725 -0.07662082973122597
v -0.10575833281874657 3.824165358730725 -0.07662082973122597
v 0.10575833281874657 3.7026203555549895 -0.07662082973122597
v -0.10575833281874657 3.7026203555549895 -0.07662082973122597
vt 0.4375 0.25
vt 0.5625 0.25
vt 0.4375 0.125
vt 0.5625 0.125
vt 0.4375 0.25
vt 0.5625 0.25
vt 0.4375 0.125
vt 0.5625 0.125
vt 0.4375 0.25
vt 0.625 0.25
vt 0.4375 0.125
vt 0.625 0.125
vt 0.4375 0.25
vt 0.625 0.25
vt 0.4375 0.125
vt 0.625 0.125
vt 0.4375 0.25
vt 0.625 0.25
vt 0.4375 0.125
vt 0.625 0.125
vt 0.4375 0.25
vt 0.625 0.25
vt 0.4375 0.125
vt 0.625 0.125
vn 1 0 0
vn 1 0 0
vn 1 0 0
vn 1 0 0
vn -1 0 0
vn -1 0 0
vn -1 0 0
vn -1 0 0
vn 0 1 0
vn 0 1 0
vn 0 1 0
vn 0 1 0
vn 0 -1 0
vn 0 -1 0
vn 0 -1 0
vn 0 -1 0
vn 0 0 1
vn 0 0 1
vn 0 0 1
vn 0 0 1
vn 0 0 -1
vn 0 0 -1
vn 0 0 -1
vn 0 0 -1
f 5425/5425/5425 5427/5427/5427 5426/5426/5426
f 5427/5427/5427 5428/5428/5428 5426/5426/5426
f 5429/5429/5429 5431/5431/5431 5430/5430/5430
f 5431/5431/5431 5432/5432/5432 5430/5430/5430
f 5433/5433/5433 5435/5435/5435 5434/5434/5434
f 5435/5435/5435 5436/5436/5436 5434/5434/5434
f 5437/5437/5437 5439/5439/5439 5438/5438/5438
f 5439/5439/5439 5440/5440/5440 5438/5438/5438
f 5441/5441/5441 5443/5443/5443 5442/5442/5442
f 5443/5443/5443 5444/5444/5444 5442/5442/5442
f 5445/5445/5445 5447/5447/5447 5446/5446/5446
f 5447/5447/5447 5448/5448/5448 5446/5446/5446
o blade_tip_121
usemtl sun_gold
v 0.03783750150352716 3.9386529479750565 0.06936875150352716
v 0.03783750150352716 3.9386529479750565 -0.06936875150352716
v 0.03783750150352716 3.8202756234535147 0.06936875150352716
v 0.03783750150352716 3.8202756234535147 -0.06936875150352716
v -0.03783750150352716 3.9386529479750565 -0.06936875150352716
v -0.03783750150352716 3.9386529479750565 0.06936875150352716
v -0.03783750150352716 3.8202756234535147 -0.06936875150352716
v -0.03783750150352716 3.8202756234535147 0.06936875150352716
v -0.03783750150352716 3.9386529479750565 -0.06936875150352716
v 0.03783750150352716 3.9386529479750565 -0.06936875150352716
v -0.03783750150352716 3.9386529479750565 0.06936875150352716
v 0.03783750150352716 3.9386529479750565 0.06936875150352716
v -0.03783750150352716 3.8202756234535147 0.06936875150352716
v 0.03783750150352716 3.8202756234535147 0.06936875150352716
v -0.03783750150352716 3.8202756234535147 -0.06936875150352716
v 0.03783750150352716 3.8202756234535147 -0.06936875150352716
v -0.03783750150352716 3.9386529479750565 0.06936875150352716
v 0.03783750150352716 3.9386529479750565 0.06936875150352716
v -0.03783750150352716 3.8202756234535147 0.06936875150352716
v 0.03783750150352716 3.8202756234535147 0.06936875150352716
v 0.03783750150352716 3.9386529479750565 -0.06936875150352716
v -0.03783750150352716 3.9386529479750565 -0.06936875150352716
v 0.03783750150352716 3.8202756234535147 -0.06936875150352716
v -0.03783750150352716 3.8202756234535147 -0.06936875150352716
vt 0.6875 0.6875
vt 0.8125 0.6875
vt 0.6875 0.5625
vt 0.8125 0.5625
vt 0.6875 0.6875
vt 0.8125 0.6875
vt 0.6875 0.5625
vt 0.8125 0.5625
vt 0.6875 0.6875
vt 0.75 0.6875
vt 0.6875 0.5625
vt 0.75 0.5625
vt 0.6875 0.6875
vt 0.75 0.6875
vt 0.6875 0.5625
vt 0.75 0.5625
vt 0.6875 0.6875
vt 0.75 0.6875
vt 0.6875 0.5625
vt 0.75 0.5625
vt 0.6875 0.6875
vt 0.75 0.6875
vt 0.6875 0.5625
vt 0.75 0.5625
vn 0.9999999999999999 0 0
vn 0.9999999999999999 0 0
vn 0.9999999999999999 0 0
vn 0.9999999999999999 0 0
vn -0.9999999999999999 0 0
vn -0.9999999999999999 0 0
vn -0.9999999999999999 0 0
vn -0.9999999999999999 0 0
vn 0 0.9999999999999999 0
vn 0 0.9999999999999999 0
vn 0 0.9999999999999999 0
vn 0 0.9999999999999999 0
vn 0 -0.9999999999999999 0
vn 0 -0.9999999999999999 0
vn 0 -0.9999999999999999 0
vn 0 -0.9999999999999999 0
vn 0 0 0.9999999999999999
vn 0 0 0.9999999999999999
vn 0 0 0.9999999999999999
vn 0 0 0.9999999999999999
vn 0 0 -0.9999999999999999
vn 0 0 -0.9999999999999999
vn 0 0 -0.9999999999999999
vn 0 0 -0.9999999999999999
f 5449/5449/5449 5451/5451/5451 5450/5450/5450
f 5451/5451/5451 5452/5452/5452 5450/5450/5450
f 5453/5453/5453 5455/5455/5455 5454/5454/5454
f 5455/5455/5455 5456/5456/5456 5454/5454/5454
f 5457/5457/5457 5459/5459/5459 5458/5458/5458
f 5459/5459/5459 5460/5460/5460 5458/5458/5458
f 5461/5461/5461 5463/5463/5463 5462/5462/5462
f 5463/5463/5463 5464/5464/5464 5462/5462/5462
f 5465/5465/5465 5467/5467/5467 5466/5466/5466
f 5467/5467/5467 5468/5468/5468 5466/5466/5466
f 5469/5469/5469 5471/5471/5471 5470/5470/5470
f 5471/5471/5471 5472/5472/5472 5470/5470/5470
o blade_tip_122
usemtl white_gold
v 0.24061562810093165 3.237240155629814 0.11055312810093164
v 0.24061562810093165 3.237240155629814 -0.11055312810093164
v 0.24061562810093165 3.122134844370186 0.11055312810093164
v 0.24061562810093165 3.122134844370186 -0.11055312810093164
v -0.24061562810093165 3.237240155629814 -0.11055312810093164
v -0.24061562810093165 3.237240155629814 0.11055312810093164
v -0.24061562810093165 3.122134844370186 -0.11055312810093164
v -0.24061562810093165 3.122134844370186 0.11055312810093164
v -0.24061562810093165 3.237240155629814 -0.11055312810093164
v 0.24061562810093165 3.237240155629814 -0.11055312810093164
v -0.24061562810093165 3.237240155629814 0.11055312810093164
v 0.24061562810093165 3.237240155629814 0.11055312810093164
v -0.24061562810093165 3.122134844370186 0.11055312810093164
v 0.24061562810093165 3.122134844370186 0.11055312810093164
v -0.24061562810093165 3.122134844370186 -0.11055312810093164
v 0.24061562810093165 3.122134844370186 -0.11055312810093164
v -0.24061562810093165 3.237240155629814 0.11055312810093164
v 0.24061562810093165 3.237240155629814 0.11055312810093164
v -0.24061562810093165 3.122134844370186 0.11055312810093164
v 0.24061562810093165 3.122134844370186 0.11055312810093164
v 0.24061562810093165 3.237240155629814 -0.11055312810093164
v -0.24061562810093165 3.237240155629814 -0.11055312810093164
v 0.24061562810093165 3.122134844370186 -0.11055312810093164
v -0.24061562810093165 3.122134844370186 -0.11055312810093164
vt 0.4375 0.5625
vt 0.625 0.5625
vt 0.4375 0.4375
vt 0.625 0.4375
vt 0.4375 0.5625
vt 0.625 0.5625
vt 0.4375 0.4375
vt 0.625 0.4375
vt 0.4375 0.625
vt 0.875 0.625
vt 0.4375 0.4375
vt 0.875 0.4375
vt 0.4375 0.625
vt 0.875 0.625
vt 0.4375 0.4375
vt 0.875 0.4375
vt 0.4375 0.5625
vt 0.875 0.5625
vt 0.4375 0.4375
vt 0.875 0.4375
vt 0.4375 0.5625
vt 0.875 0.5625
vt 0.4375 0.4375
vt 0.875 0.4375
vn 1 0 0
vn 1 0 0
vn 1 0 0
vn 1 0 0
vn -1 0 0
vn -1 0 0
vn -1 0 0
vn -1 0 0
vn 0 1 0
vn 0 1 0
vn 0 1 0
vn 0 1 0
vn 0 -1 0
vn 0 -1 0
vn 0 -1 0
vn 0 -1 0
vn 0 0 1
vn 0 0 1
vn 0 0 1
vn 0 0 1
vn 0 0 -1
vn 0 0 -1
vn 0 0 -1
vn 0 0 -1
f 5473/5473/5473 5475/5475/5475 5474/5474/5474
f 5475/5475/5475 5476/5476/5476 5474/5474/5474
f 5477/5477/5477 5479/5479/5479 5478/5478/5478
f 5479/5479/5479 5480/5480/5480 5478/5478/5478
f 5481/5481/5481 5483/5483/5483 5482/5482/5482
f 5483/5483/5483 5484/5484/5484 5482/5482/5482
f 5485/5485/5485 5487/5487/5487 5486/5486/5486
f 5487/5487/5487 5488/5488/5488 5486/5486/5486
f 5489/5489/5489 5491/5491/5491 5490/5490/5490
f 5491/5491/5491 5492/5492/5492 5490/5490/5490
f 5493/5493/5493 5495/5495/5495 5494/5494/5494
f 5495/5495/5495 5496/5496/5496 5494/5494/5494
o blade_tip_123
usemtl white_gold
v 0.19256499758362772 3.345121718145907 0.10261687530204655
v 0.19256499758362772 3.345121718145907 -0.10261687530204655
v 0.19256499758362772 3.233003281854093 0.10261687530204655
v 0.19256499758362772 3.233003281854093 -0.10261687530204655
v -0.19256499758362772 3.345121718145907 -0.10261687530204655
v -0.19256499758362772 3.345121718145907 0.10261687530204655
v -0.19256499758362772 3.233003281854093 -0.10261687530204655
v -0.19256499758362772 3.233003281854093 0.10261687530204655
v -0.19256499758362772 3.345121718145907 -0.10261687530204655
v 0.19256499758362772 3.345121718145907 -0.10261687530204655
v -0.19256499758362772 3.345121718145907 0.10261687530204655
v 0.19256499758362772 3.345121718145907 0.10261687530204655
v -0.19256499758362772 3.233003281854093 0.10261687530204655
v 0.19256499758362772 3.233003281854093 0.10261687530204655
v -0.19256499758362772 3.233003281854093 -0.10261687530204655
v 0.19256499758362772 3.233003281854093 -0.10261687530204655
v -0.19256499758362772 3.345121718145907 0.10261687530204655
v 0.19256499758362772 3.345121718145907 0.10261687530204655
v -0.19256499758362772 3.233003281854093 0.10261687530204655
v 0.19256499758362772 3.233003281854093 0.10261687530204655
v 0.19256499758362772 3.345121718145907 -0.10261687530204655
v -0.19256499758362772 3.345121718145907 -0.10261687530204655
v 0.19256499758362772 3.233003281854093 -0.10261687530204655
v -0.19256499758362772 3.233003281854093 -0.10261687530204655
vt 0.5625 0.3125
vt 0.75 0.3125
vt 0.5625 0.1875
vt 0.75 0.1875
vt 0.5625 0.3125
vt 0.75 0.3125
vt 0.5625 0.1875
vt 0.75 0.1875
vt 0.5625 0.375
vt 0.9375 0.375
vt 0.5625 0.1875
vt 0.9375 0.1875
vt 0.5625 0.375
vt 0.9375 0.375
vt 0.5625 0.1875
vt 0.9375 0.1875
vt 0.5625 0.3125
vt 0.9375 0.3125
vt 0.5625 0.1875
vt 0.9375 0.1875
vt 0.5625 0.3125
vt 0.9375 0.3125
vt 0.5625 0.1875
vt 0.9375 0.1875
vn 1 0 0
vn 1 0 0
vn 1 0 0
vn 1 0 0
vn -1 0 0
vn -1 0 0
vn -1 0 0
vn -1 0 0
vn 0 1 0
vn 0 1 0
vn 0 1 0
vn 0 1 0
vn 0 -1 0
vn 0 -1 0
vn 0 -1 0
vn 0 -1 0
vn 0 0 1
vn 0 0 1
vn 0 0 1
vn 0 0 1
vn 0 0 -1
vn 0 0 -1
vn 0 0 -1
vn 0 0 -1
f 5497/5497/5497 5499/5499/5499 5498/5498/5498
f 5499/5499/5499 5500/5500/5500 5498/5498/5498
f 5501/5501/5501 5503/5503/5503 5502/5502/5502
f 5503/5503/5503 5504/5504/5504 5502/5502/5502
f 5505/5505/5505 5507/5507/5507 5506/5506/5506
f 5507/5507/5507 5508/5508/5508 5506/5506/5506
f 5509/5509/5509 5511/5511/5511 5510/5510/5510
f 5511/5511/5511 5512/5512/5512 5510/5510/5510
f 5513/5513/5513 5515/5515/5515 5514/5514/5514
f 5515/5515/5515 5516/5516/5516 5514/5514/5514
f 5517/5517/5517 5519/5519/5519 5518/5518/5518
f 5519/5519/5519 5520/5520/5520 5518/5518/5518
o blade_tip_124
usemtl white_gold
v 0.15544375747442243 3.4562390618771315 0.10058124750852585
v 0.15544375747442243 3.4562390618771315 -0.10058124750852585
v 0.15544375747442243 3.3406359381228685 0.10058124750852585
v 0.15544375747442243 3.3406359381228685 -0.10058124750852585
v -0.15544375747442243 3.4562390618771315 -0.10058124750852585
v -0.15544375747442243 3.4562390618771315 0.10058124750852585
v -0.15544375747442243 3.3406359381228685 -0.10058124750852585
v -0.15544375747442243 3.3406359381228685 0.10058124750852585
v -0.15544375747442243 3.4562390618771315 -0.10058124750852585
v 0.15544375747442243 3.4562390618771315 -0.10058124750852585
v -0.15544375747442243 3.4562390618771315 0.10058124750852585
v 0.15544375747442243 3.4562390618771315 0.10058124750852585
v -0.15544375747442243 3.3406359381228685 0.10058124750852585
v 0.15544375747442243 3.3406359381228685 0.10058124750852585
v -0.15544375747442243 3.3406359381228685 -0.10058124750852585
v 0.15544375747442243 3.3406359381228685 -0.10058124750852585
v -0.15544375747442243 3.4562390618771315 0.10058124750852585
v 0.15544375747442243 3.4562390618771315 0.10058124750852585
v -0.15544375747442243 3.3406359381228685 0.10058124750852585
v 0.15544375747442243 3.3406359381228685 0.10058124750852585
v 0.15544375747442243 3.4562390618771315 -0.10058124750852585
v -0.15544375747442243 3.4562390618771315 -0.10058124750852585
v 0.15544375747442243 3.3406359381228685 -0.10058124750852585
v -0.15544375747442243 3.3406359381228685 -0.10058124750852585
vt 0.5 0.1875
vt 0.6875 0.1875
vt 0.5 0.0625
vt 0.6875 0.0625
vt 0.5 0.1875
vt 0.6875 0.1875
vt 0.5 0.0625
vt 0.6875 0.0625
vt 0.5 0.25
vt 0.8125 0.25
vt 0.5 0.0625
vt 0.8125 0.0625
vt 0.5 0.25
vt 0.8125 0.25
vt 0.5 0.0625
vt 0.8125 0.0625
vt 0.5 0.1875
vt 0.8125 0.1875
vt 0.5 0.0625
vt 0.8125 0.0625
vt 0.5 0.1875
vt 0.8125 0.1875
vt 0.5 0.0625
vt 0.8125 0.0625
vn 1 0 0
vn 1 0 0
vn 1 0 0
vn 1 0 0
vn -1 0 0
vn -1 0 0
vn -1 0 0
vn -1 0 0
vn 0 1 0
vn 0 1 0
vn 0 1 0
vn 0 1 0
vn 0 -1 0
vn 0 -1 0
vn 0 -1 0
vn 0 -1 0
vn 0 0 1
vn 0 0 1
vn 0 0 1
vn 0 0 1
vn 0 0 -1
vn 0 0 -1
vn 0 0 -1
vn 0 0 -1
f 5521/5521/5521 5523/5523/5523 5522/5522/5522
f 5523/5523/5523 5524/5524/5524 5522/5522/5522
f 5525/5525/5525 5527/5527/5527 5526/5526/5526
f 5527/5527/5527 5528/5528/5528 5526/5526/5526
f 5529/5529/5529 5531/5531/5531 5530/5530/5530
f 5531/5531/5531 5532/5532/5532 5530/5530/5530
f 5533/5533/5533 5535/5535/5535 5534/5534/5534
f 5535/5535/5535 5536/5536/5536 5534/5534/5534
f 5537/5537/5537 5539/5539/5539 5538/5538/5538
f 5539/5539/5539 5540/5540/5540 5538/5538/5538
f 5541/5541/5541 5543/5543/5543 5542/5542/5542
f 5543/5543/5543 5544/5544/5544 5542/5542/5542
o blade_tip_125
usemtl white_gold
v 0.10943500182032585 3.5641206243932246 0.09289250242710113
v 0.10943500182032585 3.5641206243932246 -0.09289250242710113
v 0.10943500182032585 3.4515043756067754 0.09289250242710113
v 0.10943500182032585 3.4515043756067754 -0.09289250242710113
v -0.10943500182032585 3.5641206243932246 -0.09289250242710113
v -0.10943500182032585 3.5641206243932246 0.09289250242710113
v -0.10943500182032585 3.4515043756067754 -0.09289250242710113
v -0.10943500182032585 3.4515043756067754 0.09289250242710113
v -0.10943500182032585 3.5641206243932246 -0.09289250242710113
v 0.10943500182032585 3.5641206243932246 -0.09289250242710113
v -0.10943500182032585 3.5641206243932246 0.09289250242710113
v 0.10943500182032585 3.5641206243932246 0.09289250242710113
v -0.10943500182032585 3.4515043756067754 0.09289250242710113
v 0.10943500182032585 3.4515043756067754 0.09289250242710113
v -0.10943500182032585 3.4515043756067754 -0.09289250242710113
v 0.10943500182032585 3.4515043756067754 -0.09289250242710113
v -0.10943500182032585 3.5641206243932246 0.09289250242710113
v 0.10943500182032585 3.5641206243932246 0.09289250242710113
v -0.10943500182032585 3.4515043756067754 0.09289250242710113
v 0.10943500182032585 3.4515043756067754 0.09289250242710113
v 0.10943500182032585 3.5641206243932246 -0.09289250242710113
v -0.10943500182032585 3.5641206243932246 -0.09289250242710113
v 0.10943500182032585 3.4515043756067754 -0.09289250242710113
v -0.10943500182032585 3.4515043756067754 -0.09289250242710113
vt 0.625 1.0625
vt 0.8125 1.0625
vt 0.625 0.9375
vt 0.8125 0.9375
vt 0.625 1.0625
vt 0.8125 1.0625
vt 0.625 0.9375
vt 0.8125 0.9375
vt 0.625 1.125
vt 0.8125 1.125
vt 0.625 0.9375
vt 0.8125 0.9375
vt 0.625 1.125
vt 0.8125 1.125
vt 0.625 0.9375
vt 0.8125 0.9375
vt 0.625 1.0625
vt 0.8125 1.0625
vt 0.625 0.9375
vt 0.8125 0.9375
vt 0.625 1.0625
vt 0.8125 1.0625
vt 0.625 0.9375
vt 0.8125 0.9375
vn 0.9999999999999999 0 0
vn 0.9999999999999999 0 0
vn 0.9999999999999999 0 0
vn 0.9999999999999999 0 0
vn -0.9999999999999999 0 0
vn -0.9999999999999999 0 0
vn -0.9999999999999999 0 0
vn -0.9999999999999999 0 0
vn 0 0.9999999999999999 0
vn 0 0.9999999999999999 0
vn 0 0.9999999999999999 0
vn 0 0.9999999999999999 0
vn 0 -0.9999999999999999 0
vn 0 -0.9999999999999999 0
vn 0 -0.9999999999999999 0
vn 0 -0.9999999999999999 0
vn 0 0 0.9999999999999999
vn 0 0 0.9999999999999999
vn 0 0 0.9999999999999999
vn 0 0 0.9999999999999999
vn 0 0 -0.9999999999999999
vn 0 0 -0.9999999999999999
vn 0 0 -0.9999999999999999
vn 0 0 -0.9999999999999999
f 5545/5545/5545 5547/5547/5547 5546/5546/5546
f 5547/5547/5547 5548/5548/5548 5546/5546/5546
f 5549/5549/5549 5551/5551/5551 5550/5550/5550
f 5551/5551/5551 5552/5552/5552 5550/5550/5550
f 5553/5553/5553 5555/5555/5555 5554/5554/5554
f 5555/5555/5555 5556/5556/5556 5554/5554/5554
f 5557/5557/5557 5559/5559/5559 5558/5558/5558
f 5559/5559/5559 5560/5560/5560 5558/5558/5558
f 5561/5561/5561 5563/5563/5563 5562/5562/5562
f 5563/5563/5563 5564/5564/5564 5562/5562/5562
f 5565/5565/5565 5567/5567/5567 5566/5566/5566
f 5567/5567/5567 5568/5568/5568 5566/5566/5566
o blade_tip_126
usemtl white_gold
v 0.06952937124669553 3.675237968124449 0.09051937468722464
v 0.06952937124669553 3.675237968124449 -0.09051937468722464
v 0.06952937124669553 3.559137031875551 0.09051937468722464
v 0.06952937124669553 3.559137031875551 -0.09051937468722464
v -0.06952937124669553 3.675237968124449 -0.09051937468722464
v -0.06952937124669553 3.675237968124449 0.09051937468722464
v -0.06952937124669553 3.559137031875551 -0.09051937468722464
v -0.06952937124669553 3.559137031875551 0.09051937468722464
v -0.06952937124669553 3.675237968124449 -0.09051937468722464
v 0.06952937124669553 3.675237968124449 -0.09051937468722464
v -0.06952937124669553 3.675237968124449 0.09051937468722464
v 0.06952937124669553 3.675237968124449 0.09051937468722464
v -0.06952937124669553 3.559137031875551 0.09051937468722464
v 0.06952937124669553 3.559137031875551 0.09051937468722464
v -0.06952937124669553 3.559137031875551 -0.09051937468722464
v 0.06952937124669553 3.559137031875551 -0.09051937468722464
v -0.06952937124669553 3.675237968124449 0.09051937468722464
v 0.06952937124669553 3.675237968124449 0.09051937468722464
v -0.06952937124669553 3.559137031875551 0.09051937468722464
v 0.06952937124669553 3.559137031875551 0.09051937468722464
v 0.06952937124669553 3.675237968124449 -0.09051937468722464
v -0.06952937124669553 3.675237968124449 -0.09051937468722464
v 0.06952937124669553 3.559137031875551 -0.09051937468722464
v -0.06952937124669553 3.559137031875551 -0.09051937468722464
vt 0.3125 0.5
vt 0.5 0.5
vt 0.3125 0.375
vt 0.5 0.375
vt 0.3125 0.5
vt 0.5 0.5
vt 0.3125 0.375
vt 0.5 0.375
vt 0.3125 0.5625
vt 0.4375 0.5625
vt 0.3125 0.375
vt 0.4375 0.375
vt 0.3125 0.5625
vt 0.4375 0.5625
vt 0.3125 0.375
vt 0.4375 0.375
vt 0.3125 0.5
vt 0.4375 0.5
vt 0.3125 0.375
vt 0.4375 0.375
vt 0.3125 0.5
vt 0.4375 0.5
vt 0.3125 0.375
vt 0.4375 0.375
vn 1 0 0
vn 1 0 0
vn 1 0 0
vn 1 0 0
vn -1 0 0
vn -1 0 0
vn -1 0 0
vn -1 0 0
vn 0 1 0
vn 0 1 0
vn 0 1 0
vn 0 1 0
vn 0 -1 0
vn 0 -1 0
vn 0 -1 0
vn 0 -1 0
vn 0 0 1
vn 0 0 1
vn 0 0 1
vn 0 0 1
vn 0 0 -1
vn 0 0 -1
vn 0 0 -1
vn 0 0 -1
f 5569/5569/5569 5571/5571/5571 5570/5570/5570
f 5571/5571/5571 5572/5572/5572 5570/5570/5570
f 5573/5573/5573 5575/5575/5575 5574/5574/5574
f 5575/5575/5575 5576/5576/5576 5574/5574/5574
f 5577/5577/5577 5579/5579/5579 5578/5578/5578
f 5579/5579/5579 5580/5580/5580 5578/5578/5578
f 5581/5581/5581 5583/5583/5583 5582/5582/5582
f 5583/5583/5583 5584/5584/5584 5582/5582/5582
f 5585/5585/5585 5587/5587/5587 5586/5586/5586
f 5587/5587/5587 5588/5588/5588 5586/5586/5586
f 5589/5589/5589 5591/5591/5591 5590/5590/5590
f 5591/5591/5591 5592/5592/5592 5590/5590/5590
o blade_tip_127
usemtl white_gold
v 0.025562500380910933 3.7831195306405423 0.08307812195271254
v 0.025562500380910933 3.7831195306405423 -0.08307812195271254
v 0.025562500380910933 3.6700054693594577 0.08307812195271254
v 0.025562500380910933 3.6700054693594577 -0.08307812195271254
v -0.025562500380910933 3.7831195306405423 -0.08307812195271254
v -0.025562500380910933 3.7831195306405423 0.08307812195271254
v -0.025562500380910933 3.6700054693594577 -0.08307812195271254
v -0.025562500380910933 3.6700054693594577 0.08307812195271254
v -0.025562500380910933 3.7831195306405423 -0.08307812195271254
v 0.025562500380910933 3.7831195306405423 -0.08307812195271254
v -0.025562500380910933 3.7831195306405423 0.08307812195271254
v 0.025562500380910933 3.7831195306405423 0.08307812195271254
v -0.025562500380910933 3.6700054693594577 0.08307812195271254
v 0.025562500380910933 3.6700054693594577 0.08307812195271254
v -0.025562500380910933 3.6700054693594577 -0.08307812195271254
v 0.025562500380910933 3.6700054693594577 -0.08307812195271254
v -0.025562500380910933 3.7831195306405423 0.08307812195271254
v 0.025562500380910933 3.7831195306405423 0.08307812195271254
v -0.025562500380910933 3.6700054693594577 0.08307812195271254
v 0.025562500380910933 3.6700054693594577 0.08307812195271254
v 0.025562500380910933 3.7831195306405423 -0.08307812195271254
v -0.025562500380910933 3.7831195306405423 -0.08307812195271254
v 0.025562500380910933 3.6700054693594577 -0.08307812195271254
v -0.025562500380910933 3.6700054693594577 -0.08307812195271254
vt 0.3125 0.5
vt 0.5 0.5
vt 0.3125 0.375
vt 0.5 0.375
vt 0.3125 0.5
vt 0.5 0.5
vt 0.3125 0.375
vt 0.5 0.375
vt 0.3125 0.5625
vt 0.375 0.5625
vt 0.3125 0.375
vt 0.375 0.375
vt 0.3125 0.5625
vt 0.375 0.5625
vt 0.3125 0.375
vt 0.375 0.375
vt 0.3125 0.5
vt 0.375 0.5
vt 0.3125 0.375
vt 0.375 0.375
vt 0.3125 0.5
vt 0.375 0.5
vt 0.3125 0.375
vt 0.375 0.375
vn 1 0 0
vn 1 0 0
vn 1 0 0
vn 1 0 0
vn -1 0 0
vn -1 0 0
vn -1 0 0
vn -1 0 0
vn 0 1 0
vn 0 1 0
vn 0 1 0
vn 0 1 0
vn 0 -1 0
vn 0 -1 0
vn 0 -1 0
vn 0 -1 0
vn 0 0 1
vn 0 0 1
vn 0 0 1
vn 0 0 1
vn 0 0 -1
vn 0 0 -1
vn 0 0 -1
vn 0 0 -1
f 5593/5593/5593 5595/5595/5595 5594/5594/5594
f 5595/5595/5595 5596/5596/5596 5594/5594/5594
f 5597/5597/5597 5599/5599/5599 5598/5598/5598
f 5599/5599/5599 5600/5600/5600 5598/5598/5598
f 5601/5601/5601 5603/5603/5603 5602/5602/5602
f 5603/5603/5603 5604/5604/5604 5602/5602/5602
f 5605/5605/5605 5607/5607/5607 5606/5606/5606
f 5607/5607/5607 5608/5608/5608 5606/5606/5606
f 5609/5609/5609 5611/5611/5611 5610/5610/5610
f 5611/5611/5611 5612/5612/5612 5610/5610/5610
f 5613/5613/5613 5615/5615/5615 5614/5614/5614
f 5615/5615/5615 5616/5616/5616 5614/5614/5614
o blade_tip_128
usemtl sun_channel_4
v 0.0724625015705824 3.254033749371767 0.11857499685883523
v 0.0724625015705824 3.254033749371767 -0.11857499685883523
v 0.0724625015705824 3.120966250628233 0.11857499685883523
v 0.0724625015705824 3.120966250628233 -0.11857499685883523
v -0.0724625015705824 3.254033749371767 -0.11857499685883523
v -0.0724625015705824 3.254033749371767 0.11857499685883523
v -0.0724625015705824 3.120966250628233 -0.11857499685883523
v -0.0724625015705824 3.120966250628233 0.11857499685883523
v -0.0724625015705824 3.254033749371767 -0.11857499685883523
v 0.0724625015705824 3.254033749371767 -0.11857499685883523
v -0.0724625015705824 3.254033749371767 0.11857499685883523
v 0.0724625015705824 3.254033749371767 0.11857499685883523
v -0.0724625015705824 3.120966250628233 0.11857499685883523
v 0.0724625015705824 3.120966250628233 0.11857499685883523
v -0.0724625015705824 3.120966250628233 -0.11857499685883523
v 0.0724625015705824 3.120966250628233 -0.11857499685883523
v -0.0724625015705824 3.254033749371767 0.11857499685883523
v 0.0724625015705824 3.254033749371767 0.11857499685883523
v -0.0724625015705824 3.120966250628233 0.11857499685883523
v 0.0724625015705824 3.120966250628233 0.11857499685883523
v 0.0724625015705824 3.254033749371767 -0.11857499685883523
v -0.0724625015705824 3.254033749371767 -0.11857499685883523
v 0.0724625015705824 3.120966250628233 -0.11857499685883523
v -0.0724625015705824 3.120966250628233 -0.11857499685883523
vt 0.4375 0.4375
vt 0.6875 0.4375
vt 0.4375 0.3125
vt 0.6875 0.3125
vt 0.4375 0.4375
vt 0.6875 0.4375
vt 0.4375 0.3125
vt 0.6875 0.3125
vt 0.4375 0.5625
vt 0.5625 0.5625
vt 0.4375 0.3125
vt 0.5625 0.3125
vt 0.4375 0.5625
vt 0.5625 0.5625
vt 0.4375 0.3125
vt 0.5625 0.3125
vt 0.4375 0.4375
vt 0.5625 0.4375
vt 0.4375 0.3125
vt 0.5625 0.3125
vt 0.4375 0.4375
vt 0.5625 0.4375
vt 0.4375 0.3125
vt 0.5625 0.3125
vn 1 0 0
vn 1 0 0
vn 1 0 0
vn 1 0 0
vn -1 0 0
vn -1 0 0
vn -1 0 0
vn -1 0 0
vn 0 1 0
vn 0 1 0
vn 0 1 0
vn 0 1 0
vn 0 -1 0
vn 0 -1 0
vn 0 -1 0
vn 0 -1 0
vn 0 0 1
vn 0 0 1
vn 0 0 1
vn 0 0 1
vn 0 0 -1
vn 0 0 -1
vn 0 0 -1
vn 0 0 -1
f 5617/5617/5617 5619/5619/5619 5618/5618/5618
f 5619/5619/5619 5620/5620/5620 5618/5618/5618
f 5621/5621/5621 5623/5623/5623 5622/5622/5622
f 5623/5623/5623 5624/5624/5624 5622/5622/5622
f 5625/5625/5625 5627/5627/5627 5626/5626/5626
f 5627/5627/5627 5628/5628/5628 5626/5626/5626
f 5629/5629/5629 5631/5631/5631 5630/5630/5630
f 5631/5631/5631 5632/5632/5632 5630/5630/5630
f 5633/5633/5633 5635/5635/5635 5634/5634/5634
f 5635/5635/5635 5636/5636/5636 5634/5634/5634
f 5637/5637/5637 5639/5639/5639 5638/5638/5638
f 5639/5639/5639 5640/5640/5640 5638/5638/5638
o blade_tip_129
usemtl sun_channel_4
v 0.052419791411608456 3.3773293743878603 0.11553749693930149
v 0.052419791411608456 3.3773293743878603 -0.11553749693930149
v 0.052419791411608456 3.2476706256121397 0.11553749693930149
v 0.052419791411608456 3.2476706256121397 -0.11553749693930149
v -0.052419791411608456 3.3773293743878603 -0.11553749693930149
v -0.052419791411608456 3.3773293743878603 0.11553749693930149
v -0.052419791411608456 3.2476706256121397 -0.11553749693930149
v -0.052419791411608456 3.2476706256121397 0.11553749693930149
v -0.052419791411608456 3.3773293743878603 -0.11553749693930149
v 0.052419791411608456 3.3773293743878603 -0.11553749693930149
v -0.052419791411608456 3.3773293743878603 0.11553749693930149
v 0.052419791411608456 3.3773293743878603 0.11553749693930149
v -0.052419791411608456 3.2476706256121397 0.11553749693930149
v 0.052419791411608456 3.2476706256121397 0.11553749693930149
v -0.052419791411608456 3.2476706256121397 -0.11553749693930149
v 0.052419791411608456 3.2476706256121397 -0.11553749693930149
v -0.052419791411608456 3.3773293743878603 0.11553749693930149
v 0.052419791411608456 3.3773293743878603 0.11553749693930149
v -0.052419791411608456 3.2476706256121397 0.11553749693930149
v 0.052419791411608456 3.2476706256121397 0.11553749693930149
v 0.052419791411608456 3.3773293743878603 -0.11553749693930149
v -0.052419791411608456 3.3773293743878603 -0.11553749693930149
v 0.052419791411608456 3.2476706256121397 -0.11553749693930149
v -0.052419791411608456 3.2476706256121397 -0.11553749693930149
vt 0.25 0.5
vt 0.5 0.5
vt 0.25 0.375
vt 0.5 0.375
vt 0.25 0.5
vt 0.5 0.5
vt 0.25 0.375
vt 0.5 0.375
vt 0.25 0.625
vt 0.375 0.625
vt 0.25 0.375
vt 0.375 0.375
vt 0.25 0.625
vt 0.375 0.625
vt 0.25 0.375
vt 0.375 0.375
vt 0.25 0.5
vt 0.375 0.5
vt 0.25 0.375
vt 0.375 0.375
vt 0.25 0.5
vt 0.375 0.5
vt 0.25 0.375
vt 0.375 0.375
vn 1 0 0
vn 1 0 0
vn 1 0 0
vn 1 0 0
vn -1 0 0
vn -1 0 0
vn -1 0 0
vn -1 0 0
vn 0 1 0
vn 0 1 0
vn 0 1 0
vn 0 1 0
vn 0 -1 0
vn 0 -1 0
vn 0 -1 0
vn 0 -1 0
vn 0 0 1
vn 0 0 1
vn 0 0 1
vn 0 0 1
vn 0 0 -1
vn 0 0 -1
vn 0 0 -1
vn 0 0 -1
f 5641/5641/5641 5643/5643/5643 5642/5642/5642
f 5643/5643/5643 5644/5644/5644 5642/5642/5642
f 5645/5645/5645 5647/5647/5647 5646/5646/5646
f 5647/5647/5647 5648/5648/5648 5646/5646/5646
f 5649/5649/5649 5651/5651/5651 5650/5650/5650
f 5651/5651/5651 5652/5652/5652 5650/5650/5650
f 5653/5653/5653 5655/5655/5655 5654/5654/5654
f 5655/5655/5655 5656/5656/5656 5654/5654/5654
f 5657/5657/5657 5659/5659/5659 5658/5658/5658
f 5659/5659/5659 5660/5660/5660 5658/5658/5658
f 5661/5661/5661 5663/5663/5663 5662/5662/5662
f 5663/5663/5663 5664/5664/5664 5662/5662/5662
o blade_tip_130
usemtl sun_channel_4
v 0.03333333507180214 3.5006249994039536 0.11249999701976776
v 0.03333333507180214 3.5006249994039536 -0.11249999701976776
v 0.03333333507180214 3.3743750005960464 0.11249999701976776
v 0.03333333507180214 3.3743750005960464 -0.11249999701976776
v -0.03333333507180214 3.5006249994039536 -0.11249999701976776
v -0.03333333507180214 3.5006249994039536 0.11249999701976776
v -0.03333333507180214 3.3743750005960464 -0.11249999701976776
v -0.03333333507180214 3.3743750005960464 0.11249999701976776
v -0.03333333507180214 3.5006249994039536 -0.11249999701976776
v 0.03333333507180214 3.5006249994039536 -0.11249999701976776
v -0.03333333507180214 3.5006249994039536 0.11249999701976776
v 0.03333333507180214 3.5006249994039536 0.11249999701976776
v -0.03333333507180214 3.3743750005960464 0.11249999701976776
v 0.03333333507180214 3.3743750005960464 0.11249999701976776
v -0.03333333507180214 3.3743750005960464 -0.11249999701976776
v 0.03333333507180214 3.3743750005960464 -0.11249999701976776
v -0.03333333507180214 3.5006249994039536 0.11249999701976776
v 0.03333333507180214 3.5006249994039536 0.11249999701976776
v -0.03333333507180214 3.3743750005960464 0.11249999701976776
v 0.03333333507180214 3.3743750005960464 0.11249999701976776
v 0.03333333507180214 3.5006249994039536 -0.11249999701976776
v -0.03333333507180214 3.5006249994039536 -0.11249999701976776
v 0.03333333507180214 3.3743750005960464 -0.11249999701976776
v -0.03333333507180214 3.3743750005960464 -0.11249999701976776
vt 0.875 0.4375
vt 1.125 0.4375
vt 0.875 0.3125
vt 1.125 0.3125
vt 0.875 0.4375
vt 1.125 0.4375
vt 0.875 0.3125
vt 1.125 0.3125
vt 0.875 0.5625
vt 0.9375 0.5625
vt 0.875 0.3125
vt 0.9375 0.3125
vt 0.875 0.5625
vt 0.9375 0.5625
vt 0.875 0.3125
vt 0.9375 0.3125
vt 0.875 0.4375
vt 0.9375 0.4375
vt 0.875 0.3125
vt 0.9375 0.3125
vt 0.875 0.4375
vt 0.9375 0.4375
vt 0.875 0.3125
vt 0.9375 0.3125
vn 1 0 0
vn 1 0 0
vn 1 0 0
vn 1 0 0
vn -1 0 0
vn -1 0 0
vn -1 0 0
vn -1 0 0
vn 0 1 0
vn 0 1 0
vn 0 1 0
vn 0 1 0
vn 0 -1 0
vn 0 -1 0
vn 0 -1 0
vn 0 -1 0
vn 0 0 1
vn 0 0 1
vn 0 0 1
vn 0 0 1
vn 0 0 -1
vn 0 0 -1
vn 0 0 -1
vn 0 0 -1
f 5665/5665/5665 5667/5667/5667 5666/5666/5666
f 5667/5667/5667 5668/5668/5668 5666/5666/5666
f 5669/5669/5669 5671/5671/5671 5670/5670/5670
f 5671/5671/5671 5672/5672/5672 5670/5670/5670
f 5673/5673/5673 5675/5675/5675 5674/5674/5674
f 5675/5675/5675 5676/5676/5676 5674/5674/5674
f 5677/5677/5677 5679/5679/5679 5678/5678/5678
f 5679/5679/5679 5680/5680/5680 5678/5678/5678
f 5681/5681/5681 5683/5683/5683 5682/5682/5682
f 5683/5683/5683 5684/5684/5684 5682/5682/5682
f 5685/5685/5685 5687/5687/5687 5686/5686/5686
f 5687/5687/5687 5688/5688/5688 5686/5686/5686
o blade_tip_131
usemtl sun_channel_4
v 0.0161171875 3.627613436885178 0.11604374692589045
v 0.0161171875 3.627613436885178 -0.11604374692589045
v 0.0161171875 3.497386563114822 0.11604374692589045
v 0.0161171875 3.497386563114822 -0.11604374692589045
v -0.0161171875 3.627613436885178 -0.11604374692589045
v -0.0161171875 3.627613436885178 0.11604374692589045
v -0.0161171875 3.497386563114822 -0.11604374692589045
v -0.0161171875 3.497386563114822 0.11604374692589045
v -0.0161171875 3.627613436885178 -0.11604374692589045
v 0.0161171875 3.627613436885178 -0.11604374692589045
v -0.0161171875 3.627613436885178 0.11604374692589045
v 0.0161171875 3.627613436885178 0.11604374692589045
v -0.0161171875 3.497386563114822 0.11604374692589045
v 0.0161171875 3.497386563114822 0.11604374692589045
v -0.0161171875 3.497386563114822 -0.11604374692589045
v 0.0161171875 3.497386563114822 -0.11604374692589045
v -0.0161171875 3.627613436885178 0.11604374692589045
v 0.0161171875 3.627613436885178 0.11604374692589045
v -0.0161171875 3.497386563114822 0.11604374692589045
v 0.0161171875 3.497386563114822 0.11604374692589045
v 0.0161171875 3.627613436885178 -0.11604374692589045
v -0.0161171875 3.627613436885178 -0.11604374692589045
v 0.0161171875 3.497386563114822 -0.11604374692589045
v -0.0161171875 3.497386563114822 -0.11604374692589045
vt 0.9375 1.0625
vt 1.1875 1.0625
vt 0.9375 0.9375
vt 1.1875 0.9375
vt 0.9375 1.0625
vt 1.1875 1.0625
vt 0.9375 0.9375
vt 1.1875 0.9375
vt 0.9375 1.1875
vt 1 1.1875
vt 0.9375 0.9375
vt 1 0.9375
vt 0.9375 1.1875
vt 1 1.1875
vt 0.9375 0.9375
vt 1 0.9375
vt 0.9375 1.0625
vt 1 1.0625
vt 0.9375 0.9375
vt 1 0.9375
vt 0.9375 1.0625
vt 1 1.0625
vt 0.9375 0.9375
vt 1 0.9375
vn 1 0 0
vn 1 0 0
vn 1 0 0
vn 1 0 0
vn -1 0 0
vn -1 0 0
vn -1 0 0
vn -1 0 0
vn 0 1 0
vn 0 1 0
vn 0 1 0
vn 0 1 0
vn 0 -1 0
vn 0 -1 0
vn 0 -1 0
vn 0 -1 0
vn 0 0 1
vn 0 0 1
vn 0 0 1
vn 0 0 1
vn 0 0 -1
vn 0 0 -1
vn 0 0 -1
vn 0 0 -1
f 5689/5689/5689 5691/5691/5691 5690/5690/5690
f 5691/5691/5691 5692/5692/5692 5690/5690/5690
f 5693/5693/5693 5695/5695/5695 5694/5694/5694
f 5695/5695/5695 5696/5696/5696 5694/5694/5694
f 5697/5697/5697 5699/5699/5699 5698/5698/5698
f 5699/5699/5699 5700/5700/5700 5698/5698/5698
f 5701/5701/5701 5703/5703/5703 5702/5702/5702
f 5703/5703/5703 5704/5704/5704 5702/5702/5702
f 5705/5705/5705 5707/5707/5707 5706/5706/5706
f 5707/5707/5707 5708/5708/5708 5706/5706/5706
f 5709/5709/5709 5711/5711/5711 5710/5710/5710
f 5711/5711/5711 5712/5712/5712 5710/5710/5710
