mtllib starforge.mtl
o haft_1
usemtl void_grip
v 0.11604374692589045 -0.48567813114821906 0.11604374692589045
v 0.11604374692589045 -0.48567813114821906 -0.11604374692589045
v 0.11604374692589045 -1.014321868851781 0.11604374692589045
v 0.11604374692589045 -1.014321868851781 -0.11604374692589045
v -0.11604374692589045 -0.48567813114821906 -0.11604374692589045
v -0.11604374692589045 -0.48567813114821906 0.11604374692589045
v -0.11604374692589045 -1.014321868851781 -0.11604374692589045
v -0.11604374692589045 -1.014321868851781 0.11604374692589045
v -0.11604374692589045 -0.48567813114821906 -0.11604374692589045
v 0.11604374692589045 -0.48567813114821906 -0.11604374692589045
v -0.11604374692589045 -0.48567813114821906 0.11604374692589045
v 0.11604374692589045 -0.48567813114821906 0.11604374692589045
v -0.11604374692589045 -1.014321868851781 0.11604374692589045
v 0.11604374692589045 -1.014321868851781 0.11604374692589045
v -0.11604374692589045 -1.014321868851781 -0.11604374692589045
v 0.11604374692589045 -1.014321868851781 -0.11604374692589045
v -0.11604374692589045 -0.48567813114821906 0.11604374692589045
v 0.11604374692589045 -0.48567813114821906 0.11604374692589045
v -0.11604374692589045 -1.014321868851781 0.11604374692589045
v 0.11604374692589045 -1.014321868851781 0.11604374692589045
v 0.11604374692589045 -0.48567813114821906 -0.11604374692589045
v -0.11604374692589045 -0.48567813114821906 -0.11604374692589045
v 0.11604374692589045 -1.014321868851781 -0.11604374692589045
v -0.11604374692589045 -1.014321868851781 -0.11604374692589045
vt 0.5625 0.8125
vt 0.8125 0.8125
vt 0.5625 0.3125
vt 0.8125 0.3125
vt 0.5625 0.8125
vt 0.8125 0.8125
vt 0.5625 0.3125
vt 0.8125 0.3125
vt 0.5625 0.5625
vt 0.8125 0.5625
vt 0.5625 0.3125
vt 0.8125 0.3125
vt 0.5625 0.5625
vt 0.8125 0.5625
vt 0.5625 0.3125
vt 0.8125 0.3125
vt 0.5625 0.8125
vt 0.8125 0.8125
vt 0.5625 0.3125
vt 0.8125 0.3125
vt 0.5625 0.8125
vt 0.8125 0.8125
vt 0.5625 0.3125
vt 0.8125 0.3125
vn 1 0 0
vn 1 0 0
vn 1 0 0
vn 1 0 0
vn -1 0 0
vn -1 0 0
vn -1 0 0
vn -1 0 0
vn 0 1 0
vn 0 1 0
vn 0 1 0
vn 0 1 0
vn 0 -1 0
vn 0 -1 0
vn 0 -1 0
vn 0 -1 0
vn 0 0 1
vn 0 0 1
vn 0 0 1
vn 0 0 1
vn 0 0 -1
vn 0 0 -1
vn 0 0 -1
vn 0 0 -1
f 1/1/1 3/3/3 2/2/2
f 3/3/3 4/4/4 2/2/2
f 5/5/5 7/7/7 6/6/6
f 7/7/7 8/8/8 6/6/6
f 9/9/9 11/11/11 10/10/10
f 11/11/11 12/12/12 10/10/10
f 13/13/13 15/15/15 14/14/14
f 15/15/15 16/16/16 14/14/14
f 17/17/17 19/19/19 18/18/18
f 19/19/19 20/20/20 18/18/18
f 21/21/21 23/23/23 22/22/22
f 23/23/23 24/24/24 22/22/22
o haft_2
usemtl meteor_iron_dark
v 0.11300624700635671 0.0074031190127133994 0.11300624700635671
v 0.11300624700635671 0.0074031190127133994 -0.11300624700635671
v 0.11300624700635671 -0.5074031190127134 0.11300624700635671
v 0.11300624700635671 -0.5074031190127134 -0.11300624700635671
v -0.11300624700635671 0.0074031190127133994 -0.11300624700635671
v -0.11300624700635671 0.0074031190127133994 0.11300624700635671
v -0.11300624700635671 -0.5074031190127134 -0.11300624700635671
v -0.11300624700635671 -0.5074031190127134 0.11300624700635671
v -0.11300624700635671 0.0074031190127133994 -0.11300624700635671
v 0.11300624700635671 0.0074031190127133994 -0.11300624700635671
v -0.11300624700635671 0.0074031190127133994 0.11300624700635671
v 0.11300624700635671 0.0074031190127133994 0.11300624700635671
v -0.11300624700635671 -0.5074031190127134 0.11300624700635671
v 0.11300624700635671 -0.5074031190127134 0.11300624700635671
v -0.11300624700635671 -0.5074031190127134 -0.11300624700635671
v 0.11300624700635671 -0.5074031190127134 -0.11300624700635671
v -0.11300624700635671 0.0074031190127133994 0.11300624700635671
v 0.11300624700635671 0.0074031190127133994 0.11300624700635671
v -0.11300624700635671 -0.5074031190127134 0.11300624700635671
v 0.11300624700635671 -0.5074031190127134 0.11300624700635671
v 0.11300624700635671 0.0074031190127133994 -0.11300624700635671
v -0.11300624700635671 0.0074031190127133994 -0.11300624700635671
v 0.11300624700635671 -0.5074031190127134 -0.11300624700635671
v -0.11300624700635671 -0.5074031190127134 -0.11300624700635671
vt 0.5625 0.8125
vt 0.8125 0.8125
vt 0.5625 0.3125
vt 0.8125 0.3125
vt 0.5625 0.8125
vt 0.8125 0.8125
vt 0.5625 0.3125
vt 0.8125 0.3125
vt 0.5625 0.5625
vt 0.8125 0.5625
vt 0.5625 0.3125
vt 0.8125 0.3125
vt 0.5625 0.5625
vt 0.8125 0.5625
vt 0.5625 0.3125
vt 0.8125 0.3125
vt 0.5625 0.8125
vt 0.8125 0.8125
vt 0.5625 0.3125
vt 0.8125 0.3125
vt 0.5625 0.8125
vt 0.8125 0.8125
vt 0.5625 0.3125
vt 0.8125 0.3125
vn 1 0 0
vn 1 0 0
vn 1 0 0
vn 1 0 0
vn -1 0 0
vn -1 0 0
vn -1 0 0
vn -1 0 0
vn 0 1 0
vn 0 1 0
vn 0 1 0
vn 0 1 0
vn 0 -1 0
vn 0 -1 0
vn 0 -1 0
vn 0 -1 0
vn 0 0 1
vn 0 0 1
vn 0 0 1
vn 0 0 1
vn 0 0 -1
vn 0 0 -1
vn 0 0 -1
vn 0 0 -1
f 25/25/25 27/27/27 26/26/26
f 27/27/27 28/28/28 26/26/26
f 29/29/29 31/31/31 30/30/30
f 31/31/31 32/32/32 30/30/30
f 33/33/33 35/35/35 34/34/34
f 35/35/35 36/36/36 34/34/34
f 37/37/37 39/39/39 38/38/38
f 39/39/39 40/40/40 38/38/38
f 41/41/41 43/43/43 42/42/42
f 43/43/43 44/44/44 42/42/42
f 45/45/45 47/47/47 46/46/46
f 47/47/47 48/48/48 46/46/46
o haft_3
usemtl void_grip
v 0.1165499969124794 0.5154749938249588 0.1165499969124794
v 0.1165499969124794 0.5154749938249588 -0.1165499969124794
v 0.1165499969124794 -0.015474993824958816 0.1165499969124794
v 0.1165499969124794 -0.015474993824958816 -0.1165499969124794
v -0.1165499969124794 0.5154749938249588 -0.1165499969124794
v -0.1165499969124794 0.5154749938249588 0.1165499969124794
v -0.1165499969124794 -0.015474993824958816 -0.1165499969124794
v -0.1165499969124794 -0.015474993824958816 0.1165499969124794
v -0.1165499969124794 0.5154749938249588 -0.1165499969124794
v 0.1165499969124794 0.5154749938249588 -0.1165499969124794
v -0.1165499969124794 0.5154749938249588 0.1165499969124794
v 0.1165499969124794 0.5154749938249588 0.1165499969124794
v -0.1165499969124794 -0.015474993824958816 0.1165499969124794
v 0.1165499969124794 -0.015474993824958816 0.1165499969124794
v -0.1165499969124794 -0.015474993824958816 -0.1165499969124794
v 0.1165499969124794 -0.015474993824958816 -0.1165499969124794
v -0.1165499969124794 0.5154749938249588 0.1165499969124794
v 0.1165499969124794 0.5154749938249588 0.1165499969124794
v -0.1165499969124794 -0.015474993824958816 0.1165499969124794
v 0.1165499969124794 -0.015474993824958816 0.1165499969124794
v 0.1165499969124794 0.5154749938249588 -0.1165499969124794
v -0.1165499969124794 0.5154749938249588 -0.1165499969124794
v 0.1165499969124794 -0.015474993824958816 -0.1165499969124794
v -0.1165499969124794 -0.015474993824958816 -0.1165499969124794
vt 0.5625 0.8125
vt 0.8125 0.8125
vt 0.5625 0.3125
vt 0.8125 0.3125
vt 0.5625 0.8125
vt 0.8125 0.8125
vt 0.5625 0.3125
vt 0.8125 0.3125
vt 0.5625 0.5625
vt 0.8125 0.5625
vt 0.5625 0.3125
vt 0.8125 0.3125
vt 0.5625 0.5625
vt 0.8125 0.5625
vt 0.5625 0.3125
vt 0.8125 0.3125
vt 0.5625 0.8125
vt 0.8125 0.8125
vt 0.5625 0.3125
vt 0.8125 0.3125
vt 0.5625 0.8125
vt 0.8125 0.8125
vt 0.5625 0.3125
vt 0.8125 0.3125
vn 1 0 0
vn 1 0 0
vn 1 0 0
vn 1 0 0
vn -1 0 0
vn -1 0 0
vn -1 0 0
vn -1 0 0
vn 0 1 0
vn 0 1 0
vn 0 1 0
vn 0 1 0
vn 0 -1 0
vn 0 -1 0
vn 0 -1 0
vn 0 -1 0
vn 0 0 1
vn 0 0 1
vn 0 0 1
vn 0 0 1
vn 0 0 -1
vn 0 0 -1
vn 0 0 -1
vn 0 0 -1
f 49/49/49 51/51/51 50/50/50
f 51/51/51 52/52/52 50/50/50
f 53/53/53 55/55/55 54/54/54
f 55/55/55 56/56/56 54/54/54
f 57/57/57 59/59/59 58/58/58
f 59/59/59 60/60/60 58/58/58
f 61/61/61 63/63/63 62/62/62
f 63/63/63 64/64/64 62/62/62
f 65/65/65 67/67/67 66/66/66
f 67/67/67 68/68/68 66/66/66
f 69/69/69 71/71/71 70/70/70
f 71/71/71 72/72/72 70/70/70
o haft_4
usemtl meteor_iron_dark
v 0.11351249699294566 1.0085562439858913 0.11351249699294566
v 0.11351249699294566 1.0085562439858913 -0.11351249699294566
v 0.11351249699294566 0.49144375601410867 0.11351249699294566
v 0.11351249699294566 0.49144375601410867 -0.11351249699294566
v -0.11351249699294566 1.0085562439858913 -0.11351249699294566
v -0.11351249699294566 1.0085562439858913 0.11351249699294566
v -0.11351249699294566 0.49144375601410867 -0.11351249699294566
v -0.11351249699294566 0.49144375601410867 0.11351249699294566
v -0.11351249699294566 1.0085562439858913 -0.11351249699294566
v 0.11351249699294566 1.0085562439858913 -0.11351249699294566
v -0.11351249699294566 1.0085562439858913 0.11351249699294566
v 0.11351249699294566 1.0085562439858913 0.11351249699294566
v -0.11351249699294566 0.49144375601410867 0.11351249699294566
v 0.11351249699294566 0.49144375601410867 0.11351249699294566
v -0.11351249699294566 0.49144375601410867 -0.11351249699294566
v 0.11351249699294566 0.49144375601410867 -0.11351249699294566
v -0.11351249699294566 1.0085562439858913 0.11351249699294566
v 0.11351249699294566 1.0085562439858913 0.11351249699294566
v -0.11351249699294566 0.49144375601410867 0.11351249699294566
v 0.11351249699294566 0.49144375601410867 0.11351249699294566
v 0.11351249699294566 1.0085562439858913 -0.11351249699294566
v -0.11351249699294566 1.0085562439858913 -0.11351249699294566
v 0.11351249699294566 0.49144375601410867 -0.11351249699294566
v -0.11351249699294566 0.49144375601410867 -0.11351249699294566
vt 0.5625 0.8125
vt 0.8125 0.8125
vt 0.5625 0.3125
vt 0.8125 0.3125
vt 0.5625 0.8125
vt 0.8125 0.8125
vt 0.5625 0.3125
vt 0.8125 0.3125
vt 0.5625 0.5625
vt 0.8125 0.5625
vt 0.5625 0.3125
vt 0.8125 0.3125
vt 0.5625 0.5625
vt 0.8125 0.5625
vt 0.5625 0.3125
vt 0.8125 0.3125
vt 0.5625 0.8125
vt 0.8125 0.8125
vt 0.5625 0.3125
vt 0.8125 0.3125
vt 0.5625 0.8125
vt 0.8125 0.8125
vt 0.5625 0.3125
vt 0.8125 0.3125
vn 0.9999999999999999 0 0
vn 0.9999999999999999 0 0
vn 0.9999999999999999 0 0
vn 0.9999999999999999 0 0
vn -0.9999999999999999 0 0
vn -0.9999999999999999 0 0
vn -0.9999999999999999 0 0
vn -0.9999999999999999 0 0
vn 0 0.9999999999999999 0
vn 0 0.9999999999999999 0
vn 0 0.9999999999999999 0
vn 0 0.9999999999999999 0
vn 0 -0.9999999999999999 0
vn 0 -0.9999999999999999 0
vn 0 -0.9999999999999999 0
vn 0 -0.9999999999999999 0
vn 0 0 0.9999999999999999
vn 0 0 0.9999999999999999
vn 0 0 0.9999999999999999
vn 0 0 0.9999999999999999
vn 0 0 -0.9999999999999999
vn 0 0 -0.9999999999999999
vn 0 0 -0.9999999999999999
vn 0 0 -0.9999999999999999
f 73/73/73 75/75/75 74/74/74
f 75/75/75 76/76/76 74/74/74
f 77/77/77 79/79/79 78/78/78
f 79/79/79 80/80/80 78/78/78
f 81/81/81 83/83/83 82/82/82
f 83/83/83 84/84/84 82/82/82
f 85/85/85 87/87/87 86/86/86
f 87/87/87 88/88/88 86/86/86
f 89/89/89 91/91/91 90/90/90
f 91/91/91 92/92/92 90/90/90
f 93/93/93 95/95/95 94/94/94
f 95/95/95 96/96/96 94/94/94
o haft_5
usemtl void_grip
v 0.11705624689906835 1.5166281187981367 0.11705624689906835
v 0.11705624689906835 1.5166281187981367 -0.11705624689906835
v 0.11705624689906835 0.9833718812018633 0.11705624689906835
v 0.11705624689906835 0.9833718812018633 -0.11705624689906835
v -0.11705624689906835 1.5166281187981367 -0.11705624689906835
v -0.11705624689906835 1.5166281187981367 0.11705624689906835
v -0.11705624689906835 0.9833718812018633 -0.11705624689906835
v -0.11705624689906835 0.9833718812018633 0.11705624689906835
v -0.11705624689906835 1.5166281187981367 -0.11705624689906835
v 0.11705624689906835 1.5166281187981367 -0.11705624689906835
v -0.11705624689906835 1.5166281187981367 0.11705624689906835
v 0.11705624689906835 1.5166281187981367 0.11705624689906835
v -0.11705624689906835 0.9833718812018633 0.11705624689906835
v 0.11705624689906835 0.9833718812018633 0.11705624689906835
v -0.11705624689906835 0.9833718812018633 -0.11705624689906835
v 0.11705624689906835 0.9833718812018633 -0.11705624689906835
v -0.11705624689906835 1.5166281187981367 0.11705624689906835
v 0.11705624689906835 1.5166281187981367 0.11705624689906835
v -0.11705624689906835 0.9833718812018633 0.11705624689906835
v 0.11705624689906835 0.9833718812018633 0.11705624689906835
v 0.11705624689906835 1.5166281187981367 -0.11705624689906835
v -0.11705624689906835 1.5166281187981367 -0.11705624689906835
v 0.11705624689906835 0.9833718812018633 -0.11705624689906835
v -0.11705624689906835 0.9833718812018633 -0.11705624689906835
vt 0.5625 0.8125
vt 0.8125 0.8125
vt 0.5625 0.3125
vt 0.8125 0.3125
vt 0.5625 0.8125
vt 0.8125 0.8125
vt 0.5625 0.3125
vt 0.8125 0.3125
vt 0.5625 0.5625
vt 0.8125 0.5625
vt 0.5625 0.3125
vt 0.8125 0.3125
vt 0.5625 0.5625
vt 0.8125 0.5625
vt 0.5625 0.3125
vt 0.8125 0.3125
vt 0.5625 0.8125
vt 0.8125 0.8125
vt 0.5625 0.3125
vt 0.8125 0.3125
vt 0.5625 0.8125
vt 0.8125 0.8125
vt 0.5625 0.3125
vt 0.8125 0.3125
vn 1 0 0
vn 1 0 0
vn 1 0 0
vn 1 0 0
vn -1 0 0
vn -1 0 0
vn -1 0 0
vn -1 0 0
vn 0 1 0
vn 0 1 0
vn 0 1 0
vn 0 1 0
vn 0 -1 0
vn 0 -1 0
vn 0 -1 0
vn 0 -1 0
vn 0 0 1
vn 0 0 1
vn 0 0 1
vn 0 0 1
vn 0 0 -1
vn 0 0 -1
vn 0 0 -1
vn 0 0 -1
f 97/97/97 99/99/99 98/98/98
f 99/99/99 100/100/100 98/98/98
f 101/101/101 103/103/103 102/102/102
f 103/103/103 104/104/104 102/102/102
f 105/105/105 107/107/107 106/106/106
f 107/107/107 108/108/108 106/106/106
f 109/109/109 111/111/111 110/110/110
f 111/111/111 112/112/112 110/110/110
f 113/113/113 115/115/115 114/114/114
f 115/115/115 116/116/116 114/114/114
f 117/117/117 119/119/119 118/118/118
f 119/119/119 120/120/120 118/118/118
o haft_6
usemtl meteor_iron_dark
v 0.11401874697953464 2.0097093689590695 0.11401874697953464
v 0.11401874697953464 2.0097093689590695 -0.11401874697953464
v 0.11401874697953464 1.4902906310409307 0.11401874697953464
v 0.11401874697953464 1.4902906310409307 -0.11401874697953464
v -0.11401874697953464 2.0097093689590695 -0.11401874697953464
v -0.11401874697953464 2.0097093689590695 0.11401874697953464
v -0.11401874697953464 1.4902906310409307 -0.11401874697953464
v -0.11401874697953464 1.4902906310409307 0.11401874697953464
v -0.11401874697953464 2.0097093689590695 -0.11401874697953464
v 0.11401874697953464 2.0097093689590695 -0.11401874697953464
v -0.11401874697953464 2.0097093689590695 0.11401874697953464
v 0.11401874697953464 2.0097093689590695 0.11401874697953464
v -0.11401874697953464 1.4902906310409307 0.11401874697953464
v 0.11401874697953464 1.4902906310409307 0.11401874697953464
v -0.11401874697953464 1.4902906310409307 -0.11401874697953464
v 0.11401874697953464 1.4902906310409307 -0.11401874697953464
v -0.11401874697953464 2.0097093689590695 0.11401874697953464
v 0.11401874697953464 2.0097093689590695 0.11401874697953464
v -0.11401874697953464 1.4902906310409307 0.11401874697953464
v 0.11401874697953464 1.4902906310409307 0.11401874697953464
v 0.11401874697953464 2.0097093689590695 -0.11401874697953464
v -0.11401874697953464 2.0097093689590695 -0.11401874697953464
v 0.11401874697953464 1.4902906310409307 -0.11401874697953464
v -0.11401874697953464 1.4902906310409307 -0.11401874697953464
vt 0.5625 0.8125
vt 0.8125 0.8125
vt 0.5625 0.3125
vt 0.8125 0.3125
vt 0.5625 0.8125
vt 0.8125 0.8125
vt 0.5625 0.3125
vt 0.8125 0.3125
vt 0.5625 0.5625
vt 0.8125 0.5625
vt 0.5625 0.3125
vt 0.8125 0.3125
vt 0.5625 0.5625
vt 0.8125 0.5625
vt 0.5625 0.3125
vt 0.8125 0.3125
vt 0.5625 0.8125
vt 0.8125 0.8125
vt 0.5625 0.3125
vt 0.8125 0.3125
vt 0.5625 0.8125
vt 0.8125 0.8125
vt 0.5625 0.3125
vt 0.8125 0.3125
vn 1 0 0
vn 1 0 0
vn 1 0 0
vn 1 0 0
vn -1 0 0
vn -1 0 0
vn -1 0 0
vn -1 0 0
vn 0 1 0
vn 0 1 0
vn 0 1 0
vn 0 1 0
vn 0 -1 0
vn 0 -1 0
vn 0 -1 0
vn 0 -1 0
vn 0 0 1
vn 0 0 1
vn 0 0 1
vn 0 0 1
vn 0 0 -1
vn 0 0 -1
vn 0 0 -1
vn 0 0 -1
f 121/121/121 123/123/123 122/122/122
f 123/123/123 124/124/124 122/122/122
f 125/125/125 127/127/127 126/126/126
f 127/127/127 128/128/128 126/126/126
f 129/129/129 131/131/131 130/130/130
f 131/131/131 132/132/132 130/130/130
f 133/133/133 135/135/135 134/134/134
f 135/135/135 136/136/136 134/134/134
f 137/137/137 139/139/139 138/138/138
f 139/139/139 140/140/140 138/138/138
f 141/141/141 143/143/143 142/142/142
f 143/143/143 144/144/144 142/142/142
o haft_7
usemtl void_grip
v 0.1175624968856573 2.5177812437713145 0.1175624968856573
v 0.1175624968856573 2.5177812437713145 -0.1175624968856573
v 0.1175624968856573 1.9822187562286855 0.1175624968856573
v 0.1175624968856573 1.9822187562286855 -0.1175624968856573
v -0.1175624968856573 2.5177812437713145 -0.1175624968856573
v -0.1175624968856573 2.5177812437713145 0.1175624968856573
v -0.1175624968856573 1.9822187562286855 -0.1175624968856573
v -0.1175624968856573 1.9822187562286855 0.1175624968856573
v -0.1175624968856573 2.5177812437713145 -0.1175624968856573
v 0.1175624968856573 2.5177812437713145 -0.1175624968856573
v -0.1175624968856573 2.5177812437713145 0.1175624968856573
v 0.1175624968856573 2.5177812437713145 0.1175624968856573
v -0.1175624968856573 1.9822187562286855 0.1175624968856573
v 0.1175624968856573 1.9822187562286855 0.1175624968856573
v -0.1175624968856573 1.9822187562286855 -0.1175624968856573
v 0.1175624968856573 1.9822187562286855 -0.1175624968856573
v -0.1175624968856573 2.5177812437713145 0.1175624968856573
v 0.1175624968856573 2.5177812437713145 0.1175624968856573
v -0.1175624968856573 1.9822187562286855 0.1175624968856573
v 0.1175624968856573 1.9822187562286855 0.1175624968856573
v 0.1175624968856573 2.5177812437713145 -0.1175624968856573
v -0.1175624968856573 2.5177812437713145 -0.1175624968856573
v 0.1175624968856573 1.9822187562286855 -0.1175624968856573
v -0.1175624968856573 1.9822187562286855 -0.1175624968856573
vt 0.5625 0.8125
vt 0.8125 0.8125
vt 0.5625 0.3125
vt 0.8125 0.3125
vt 0.5625 0.8125
vt 0.8125 0.8125
vt 0.5625 0.3125
vt 0.8125 0.3125
vt 0.5625 0.5625
vt 0.8125 0.5625
vt 0.5625 0.3125
vt 0.8125 0.3125
vt 0.5625 0.5625
vt 0.8125 0.5625
vt 0.5625 0.3125
vt 0.8125 0.3125
vt 0.5625 0.8125
vt 0.8125 0.8125
vt 0.5625 0.3125
vt 0.8125 0.3125
vt 0.5625 0.8125
vt 0.8125 0.8125
vt 0.5625 0.3125
vt 0.8125 0.3125
vn 1 0 0
vn 1 0 0
vn 1 0 0
vn 1 0 0
vn -1 0 0
vn -1 0 0
vn -1 0 0
vn -1 0 0
vn 0 1 0
vn 0 1 0
vn 0 1 0
vn 0 1 0
vn 0 -1 0
vn 0 -1 0
vn 0 -1 0
vn 0 -1 0
vn 0 0 1
vn 0 0 1
vn 0 0 1
vn 0 0 1
vn 0 0 -1
vn 0 0 -1
vn 0 0 -1
vn 0 0 -1
f 145/145/145 147/147/147 146/146/146
f 147/147/147 148/148/148 146/146/146
f 149/149/149 151/151/151 150/150/150
f 151/151/151 152/152/152 150/150/150
f 153/153/153 155/155/155 154/154/154
f 155/155/155 156/156/156 154/154/154
f 157/157/157 159/159/159 158/158/158
f 159/159/159 160/160/160 158/158/158
f 161/161/161 163/163/163 162/162/162
f 163/163/163 164/164/164 162/162/162
f 165/165/165 167/167/167 166/166/166
f 167/167/167 168/168/168 166/166/166
o haft_8
usemtl star_silver
v 0.13997500303387642 -0.8368249984830618 0.13997500303387642
v 0.13997500303387642 -0.8368249984830618 -0.13997500303387642
v 0.13997500303387642 -0.9131750015169382 0.13997500303387642
v 0.13997500303387642 -0.9131750015169382 -0.13997500303387642
v -0.13997500303387642 -0.8368249984830618 -0.13997500303387642
v -0.13997500303387642 -0.8368249984830618 0.13997500303387642
v -0.13997500303387642 -0.9131750015169382 -0.13997500303387642
v -0.13997500303387642 -0.9131750015169382 0.13997500303387642
v -0.13997500303387642 -0.8368249984830618 -0.13997500303387642
v 0.13997500303387642 -0.8368249984830618 -0.13997500303387642
v -0.13997500303387642 -0.8368249984830618 0.13997500303387642
v 0.13997500303387642 -0.8368249984830618 0.13997500303387642
v -0.13997500303387642 -0.9131750015169382 0.13997500303387642
v 0.13997500303387642 -0.9131750015169382 0.13997500303387642
v -0.13997500303387642 -0.9131750015169382 -0.13997500303387642
v 0.13997500303387642 -0.9131750015169382 -0.13997500303387642
v -0.13997500303387642 -0.8368249984830618 0.13997500303387642
v 0.13997500303387642 -0.8368249984830618 0.13997500303387642
v -0.13997500303387642 -0.9131750015169382 0.13997500303387642
v 0.13997500303387642 -0.9131750015169382 0.13997500303387642
v 0.13997500303387642 -0.8368249984830618 -0.13997500303387642
v -0.13997500303387642 -0.8368249984830618 -0.13997500303387642
v 0.13997500303387642 -0.9131750015169382 -0.13997500303387642
v -0.13997500303387642 -0.9131750015169382 -0.13997500303387642
vt 0 0.25
vt 0.25 0.25
vt 0 0.1875
vt 0.25 0.1875
vt 0 0.25
vt 0.25 0.25
vt 0 0.1875
vt 0.25 0.1875
vt 0 0.4375
vt 0.25 0.4375
vt 0 0.1875
vt 0.25 0.1875
vt 0 0.4375
vt 0.25 0.4375
vt 0 0.1875
vt 0.25 0.1875
vt 0 0.25
vt 0.25 0.25
vt 0 0.1875
vt 0.25 0.1875
vt 0 0.25
vt 0.25 0.25
vt 0 0.1875
vt 0.25 0.1875
vn 0.9999999999999999 0 0
vn 0.9999999999999999 0 0
vn 0.9999999999999999 0 0
vn 0.9999999999999999 0 0
vn -0.9999999999999999 0 0
vn -0.9999999999999999 0 0
vn -0.9999999999999999 0 0
vn -0.9999999999999999 0 0
vn 0 0.9999999999999999 0
vn 0 0.9999999999999999 0
vn 0 0.9999999999999999 0
vn 0 0.9999999999999999 0
vn 0 -0.9999999999999999 0
vn 0 -0.9999999999999999 0
vn 0 -0.9999999999999999 0
vn 0 -0.9999999999999999 0
vn 0 0 0.9999999999999999
vn 0 0 0.9999999999999999
vn 0 0 0.9999999999999999
vn 0 0 0.9999999999999999
vn 0 0 -0.9999999999999999
vn 0 0 -0.9999999999999999
vn 0 0 -0.9999999999999999
vn 0 0 -0.9999999999999999
f 169/169/169 171/171/171 170/170/170
f 171/171/171 172/172/172 170/170/170
f 173/173/173 175/175/175 174/174/174
f 175/175/175 176/176/176 174/174/174
f 177/177/177 179/179/179 178/178/178
f 179/179/179 180/180/180 178/178/178
f 181/181/181 183/183/183 182/182/182
f 183/183/183 184/184/184 182/182/182
f 185/185/185 187/187/187 186/186/186
f 187/187/187 188/188/188 186/186/186
f 189/189/189 191/191/191 190/190/190
f 191/191/191 192/192/192 190/190/190
o haft_9
usemtl star_silver
v 0.14430625312775375 -0.08564374843612313 0.14430625312775375
v 0.14430625312775375 -0.08564374843612313 -0.14430625312775375
v 0.14430625312775375 -0.16435625156387687 0.14430625312775375
v 0.14430625312775375 -0.16435625156387687 -0.14430625312775375
v -0.14430625312775375 -0.08564374843612313 -0.14430625312775375
v -0.14430625312775375 -0.08564374843612313 0.14430625312775375
v -0.14430625312775375 -0.16435625156387687 -0.14430625312775375
v -0.14430625312775375 -0.16435625156387687 0.14430625312775375
v -0.14430625312775375 -0.08564374843612313 -0.14430625312775375
v 0.14430625312775375 -0.08564374843612313 -0.14430625312775375
v -0.14430625312775375 -0.08564374843612313 0.14430625312775375
v 0.14430625312775375 -0.08564374843612313 0.14430625312775375
v -0.14430625312775375 -0.16435625156387687 0.14430625312775375
v 0.14430625312775375 -0.16435625156387687 0.14430625312775375
v -0.14430625312775375 -0.16435625156387687 -0.14430625312775375
v 0.14430625312775375 -0.16435625156387687 -0.14430625312775375
v -0.14430625312775375 -0.08564374843612313 0.14430625312775375
v 0.14430625312775375 -0.08564374843612313 0.14430625312775375
v -0.14430625312775375 -0.16435625156387687 0.14430625312775375
v 0.14430625312775375 -0.16435625156387687 0.14430625312775375
v 0.14430625312775375 -0.08564374843612313 -0.14430625312775375
v -0.14430625312775375 -0.08564374843612313 -0.14430625312775375
v 0.14430625312775375 -0.16435625156387687 -0.14430625312775375
v -0.14430625312775375 -0.16435625156387687 -0.14430625312775375
vt 0 0.25
vt 0.25 0.25
vt 0 0.1875
vt 0.25 0.1875
vt 0 0.25
vt 0.25 0.25
vt 0 0.1875
vt 0.25 0.1875
vt 0 0.4375
vt 0.25 0.4375
vt 0 0.1875
vt 0.25 0.1875
vt 0 0.4375
vt 0.25 0.4375
vt 0 0.1875
vt 0.25 0.1875
vt 0 0.25
vt 0.25 0.25
vt 0 0.1875
vt 0.25 0.1875
vt 0 0.25
vt 0.25 0.25
vt 0 0.1875
vt 0.25 0.1875
vn 1 0 0
vn 1 0 0
vn 1 0 0
vn 1 0 0
vn -1 0 0
vn -1 0 0
vn -1 0 0
vn -1 0 0
vn 0 1 0
vn 0 1 0
vn 0 1 0
vn 0 1 0
vn 0 -1 0
vn 0 -1 0
vn 0 -1 0
vn 0 -1 0
vn 0 0 1
vn 0 0 1
vn 0 0 1
vn 0 0 1
vn 0 0 -1
vn 0 0 -1
vn 0 0 -1
vn 0 0 -1
f 193/193/193 195/195/195 194/194/194
f 195/195/195 196/196/196 194/194/194
f 197/197/197 199/199/199 198/198/198
f 199/199/199 200/200/200 198/198/198
f 201/201/201 203/203/203 202/202/202
f 203/203/203 204/204/204 202/202/202
f 205/205/205 207/207/207 206/206/206
f 207/207/207 208/208/208 206/206/206
f 209/209/209 211/211/211 210/210/210
f 211/211/211 212/212/212 210/210/210
f 213/213/213 215/215/215 214/214/214
f 215/215/215 216/216/216 214/214/214
o haft_10
usemtl star_silver
v 0.14059375304728747 0.6633437515236438 0.14059375304728747
v 0.14059375304728747 0.6633437515236438 -0.14059375304728747
v 0.14059375304728747 0.5866562484763562 0.14059375304728747
v 0.14059375304728747 0.5866562484763562 -0.14059375304728747
v -0.14059375304728747 0.6633437515236438 -0.14059375304728747
v -0.14059375304728747 0.6633437515236438 0.14059375304728747
v -0.14059375304728747 0.5866562484763562 -0.14059375304728747
v -0.14059375304728747 0.5866562484763562 0.14059375304728747
v -0.14059375304728747 0.6633437515236438 -0.14059375304728747
v 0.14059375304728747 0.6633437515236438 -0.14059375304728747
v -0.14059375304728747 0.6633437515236438 0.14059375304728747
v 0.14059375304728747 0.6633437515236438 0.14059375304728747
v -0.14059375304728747 0.5866562484763562 0.14059375304728747
v 0.14059375304728747 0.5866562484763562 0.14059375304728747
v -0.14059375304728747 0.5866562484763562 -0.14059375304728747
v 0.14059375304728747 0.5866562484763562 -0.14059375304728747
v -0.14059375304728747 0.6633437515236438 0.14059375304728747
v 0.14059375304728747 0.6633437515236438 0.14059375304728747
v -0.14059375304728747 0.5866562484763562 0.14059375304728747
v 0.14059375304728747 0.5866562484763562 0.14059375304728747
v 0.14059375304728747 0.6633437515236438 -0.14059375304728747
v -0.14059375304728747 0.6633437515236438 -0.14059375304728747
v 0.14059375304728747 0.5866562484763562 -0.14059375304728747
v -0.14059375304728747 0.5866562484763562 -0.14059375304728747
vt 0 0.25
vt 0.25 0.25
vt 0 0.1875
vt 0.25 0.1875
vt 0 0.25
vt 0.25 0.25
vt 0 0.1875
vt 0.25 0.1875
vt 0 0.4375
vt 0.25 0.4375
vt 0 0.1875
vt 0.25 0.1875
vt 0 0.4375
vt 0.25 0.4375
vt 0 0.1875
vt 0.25 0.1875
vt 0 0.25
vt 0.25 0.25
vt 0 0.1875
vt 0.25 0.1875
vt 0 0.25
vt 0.25 0.25
vt 0 0.1875
vt 0.25 0.1875
vn 1 0 0
vn 1 0 0
vn 1 0 0
vn 1 0 0
vn -1 0 0
vn -1 0 0
vn -1 0 0
vn -1 0 0
vn 0 1 0
vn 0 1 0
vn 0 1 0
vn 0 1 0
vn 0 -1 0
vn 0 -1 0
vn 0 -1 0
vn 0 -1 0
vn 0 0 1
vn 0 0 1
vn 0 0 1
vn 0 0 1
vn 0 0 -1
vn 0 0 -1
vn 0 0 -1
vn 0 0 -1
f 217/217/217 219/219/219 218/218/218
f 219/219/219 220/220/220 218/218/218
f 221/221/221 223/223/223 222/222/222
f 223/223/223 224/224/224 222/222/222
f 225/225/225 227/227/227 226/226/226
f 227/227/227 228/228/228 226/226/226
f 229/229/229 231/231/231 230/230/230
f 231/231/231 232/232/232 230/230/230
f 233/233/233 235/235/235 234/234/234
f 235/235/235 236/236/236 234/234/234
f 237/237/237 239/239/239 238/238/238
f 239/239/239 240/240/240 238/238/238
o haft_11
usemtl star_silver
v 0.1449250031411648 1.4145250015705824 0.1449250031411648
v 0.1449250031411648 1.4145250015705824 -0.1449250031411648
v 0.1449250031411648 1.3354749984294176 0.1449250031411648
v 0.1449250031411648 1.3354749984294176 -0.1449250031411648
v -0.1449250031411648 1.4145250015705824 -0.1449250031411648
v -0.1449250031411648 1.4145250015705824 0.1449250031411648
v -0.1449250031411648 1.3354749984294176 -0.1449250031411648
v -0.1449250031411648 1.3354749984294176 0.1449250031411648
v -0.1449250031411648 1.4145250015705824 -0.1449250031411648
v 0.1449250031411648 1.4145250015705824 -0.1449250031411648
v -0.1449250031411648 1.4145250015705824 0.1449250031411648
v 0.1449250031411648 1.4145250015705824 0.1449250031411648
v -0.1449250031411648 1.3354749984294176 0.1449250031411648
v 0.1449250031411648 1.3354749984294176 0.1449250031411648
v -0.1449250031411648 1.3354749984294176 -0.1449250031411648
v 0.1449250031411648 1.3354749984294176 -0.1449250031411648
v -0.1449250031411648 1.4145250015705824 0.1449250031411648
v 0.1449250031411648 1.4145250015705824 0.1449250031411648
v -0.1449250031411648 1.3354749984294176 0.1449250031411648
v 0.1449250031411648 1.3354749984294176 0.1449250031411648
v 0.1449250031411648 1.4145250015705824 -0.1449250031411648
v -0.1449250031411648 1.4145250015705824 -0.1449250031411648
v 0.1449250031411648 1.3354749984294176 -0.1449250031411648
v -0.1449250031411648 1.3354749984294176 -0.1449250031411648
vt 0 0.25
vt 0.25 0.25
vt 0 0.1875
vt 0.25 0.1875
vt 0 0.25
vt 0.25 0.25
vt 0 0.1875
vt 0.25 0.1875
vt 0 0.4375
vt 0.25 0.4375
vt 0 0.1875
vt 0.25 0.1875
vt 0 0.4375
vt 0.25 0.4375
vt 0 0.1875
vt 0.25 0.1875
vt 0 0.25
vt 0.25 0.25
vt 0 0.1875
vt 0.25 0.1875
vt 0 0.25
vt 0.25 0.25
vt 0 0.1875
vt 0.25 0.1875
vn 1 0 0
vn 1 0 0
vn 1 0 0
vn 1 0 0
vn -1 0 0
vn -1 0 0
vn -1 0 0
vn -1 0 0
vn 0 1 0
vn 0 1 0
vn 0 1 0
vn 0 1 0
vn 0 -1 0
vn 0 -1 0
vn 0 -1 0
vn 0 -1 0
vn 0 0 1
vn 0 0 1
vn 0 0 1
vn 0 0 1
vn 0 0 -1
vn 0 0 -1
vn 0 0 -1
vn 0 0 -1
f 241/241/241 243/243/243 242/242/242
f 243/243/243 244/244/244 242/242/242
f 245/245/245 247/247/247 246/246/246
f 247/247/247 248/248/248 246/246/246
f 249/249/249 251/251/251 250/250/250
f 251/251/251 252/252/252 250/250/250
f 253/253/253 255/255/255 254/254/254
f 255/255/255 256/256/256 254/254/254
f 257/257/257 259/259/259 258/258/258
f 259/259/259 260/260/260 258/258/258
f 261/261/261 263/263/263 262/262/262
f 263/263/263 264/264/264 262/262/262
o haft_12
usemtl star_silver
v 0.1412125030606985 2.163512501530349 0.1412125030606985
v 0.1412125030606985 2.163512501530349 -0.1412125030606985
v 0.1412125030606985 2.086487498469651 0.1412125030606985
v 0.1412125030606985 2.086487498469651 -0.1412125030606985
v -0.1412125030606985 2.163512501530349 -0.1412125030606985
v -0.1412125030606985 2.163512501530349 0.1412125030606985
v -0.1412125030606985 2.086487498469651 -0.1412125030606985
v -0.1412125030606985 2.086487498469651 0.1412125030606985
v -0.1412125030606985 2.163512501530349 -0.1412125030606985
v 0.1412125030606985 2.163512501530349 -0.1412125030606985
v -0.1412125030606985 2.163512501530349 0.1412125030606985
v 0.1412125030606985 2.163512501530349 0.1412125030606985
v -0.1412125030606985 2.086487498469651 0.1412125030606985
v 0.1412125030606985 2.086487498469651 0.1412125030606985
v -0.1412125030606985 2.086487498469651 -0.1412125030606985
v 0.1412125030606985 2.086487498469651 -0.1412125030606985
v -0.1412125030606985 2.163512501530349 0.1412125030606985
v 0.1412125030606985 2.163512501530349 0.1412125030606985
v -0.1412125030606985 2.086487498469651 0.1412125030606985
v 0.1412125030606985 2.086487498469651 0.1412125030606985
v 0.1412125030606985 2.163512501530349 -0.1412125030606985
v -0.1412125030606985 2.163512501530349 -0.1412125030606985
v 0.1412125030606985 2.086487498469651 -0.1412125030606985
v -0.1412125030606985 2.086487498469651 -0.1412125030606985
vt 0 0.25
vt 0.25 0.25
vt 0 0.1875
vt 0.25 0.1875
vt 0 0.25
vt 0.25 0.25
vt 0 0.1875
vt 0.25 0.1875
vt 0 0.4375
vt 0.25 0.4375
vt 0 0.1875
vt 0.25 0.1875
vt 0 0.4375
vt 0.25 0.4375
vt 0 0.1875
vt 0.25 0.1875
vt 0 0.25
vt 0.25 0.25
vt 0 0.1875
vt 0.25 0.1875
vt 0 0.25
vt 0.25 0.25
vt 0 0.1875
vt 0.25 0.1875
vn 1 0 0
vn 1 0 0
vn 1 0 0
vn 1 0 0
vn -1 0 0
vn -1 0 0
vn -1 0 0
vn -1 0 0
vn 0 1 0
vn 0 1 0
vn 0 1 0
vn 0 1 0
vn 0 -1 0
vn 0 -1 0
vn 0 -1 0
vn 0 -1 0
vn 0 0 1
vn 0 0 1
vn 0 0 1
vn 0 0 1
vn 0 0 -1
vn 0 0 -1
vn 0 0 -1
vn 0 0 -1
f 265/265/265 267/267/267 266/266/266
f 267/267/267 268/268/268 266/266/266
f 269/269/269 271/271/271 270/270/270
f 271/271/271 272/272/272 270/270/270
f 273/273/273 275/275/275 274/274/274
f 275/275/275 276/276/276 274/274/274
f 277/277/277 279/279/279 278/278/278
f 279/279/279 280/280/280 278/278/278
f 281/281/281 283/283/283 282/282/282
f 283/283/283 284/284/284 282/282/282
f 285/285/285 287/287/287 286/286/286
f 287/287/287 288/288/288 286/286/286
o haft_13
usemtl cosmic_vein_violet
v 0.08125 -0.53125 0.125
v 0.08125 -0.53125 -0.125
v 0.08125 -0.59375 0.125
v 0.08125 -0.59375 -0.125
v 0.018750000000000003 -0.53125 -0.125
v 0.018750000000000003 -0.53125 0.125
v 0.018750000000000003 -0.59375 -0.125
v 0.018750000000000003 -0.59375 0.125
v 0.018750000000000003 -0.53125 -0.125
v 0.08125 -0.53125 -0.125
v 0.018750000000000003 -0.53125 0.125
v 0.08125 -0.53125 0.125
v 0.018750000000000003 -0.59375 0.125
v 0.08125 -0.59375 0.125
v 0.018750000000000003 -0.59375 -0.125
v 0.08125 -0.59375 -0.125
v 0.018750000000000003 -0.53125 0.125
v 0.08125 -0.53125 0.125
v 0.018750000000000003 -0.59375 0.125
v 0.08125 -0.59375 0.125
v 0.08125 -0.53125 -0.125
v 0.018750000000000003 -0.53125 -0.125
v 0.08125 -0.59375 -0.125
v 0.018750000000000003 -0.59375 -0.125
vt 0.75 0.75
vt 1 0.75
vt 0.75 0.6875
vt 1 0.6875
vt 0.75 0.75
vt 1 0.75
vt 0.75 0.6875
vt 1 0.6875
vt 0.75 0.9375
vt 0.8125 0.9375
vt 0.75 0.6875
vt 0.8125 0.6875
vt 0.75 0.9375
vt 0.8125 0.9375
vt 0.75 0.6875
vt 0.8125 0.6875
vt 0.75 0.75
vt 0.8125 0.75
vt 0.75 0.6875
vt 0.8125 0.6875
vt 0.75 0.75
vt 0.8125 0.75
vt 0.75 0.6875
vt 0.8125 0.6875
vn 1 0 0
vn 1 0 0
vn 1 0 0
vn 1 0 0
vn -1 0 0
vn -1 0 0
vn -1 0 0
vn -1 0 0
vn 0 1 0
vn 0 1 0
vn 0 1 0
vn 0 1 0
vn 0 -1 0
vn 0 -1 0
vn 0 -1 0
vn 0 -1 0
vn 0 0 1
vn 0 0 1
vn 0 0 1
vn 0 0 1
vn 0 0 -1
vn 0 0 -1
vn 0 0 -1
vn 0 0 -1
f 289/289/289 291/291/291 290/290/290
f 291/291/291 292/292/292 290/290/290
f 293/293/293 295/295/295 294/294/294
f 295/295/295 296/296/296 294/294/294
f 297/297/297 299/299/299 298/298/298
f 299/299/299 300/300/300 298/298/298
f 301/301/301 303/303/303 302/302/302
f 303/303/303 304/304/304 302/302/302
f 305/305/305 307/307/307 306/306/306
f 307/307/307 308/308/308 306/306/306
f 309/309/309 311/311/311 310/310/310
f 311/311/311 312/312/312 310/310/310
o haft_14
usemtl cosmic_vein_blue
v -0.017765625 -0.342765625 0.1289375
v -0.017765625 -0.342765625 -0.1289375
v -0.017765625 -0.407234375 0.1289375
v -0.017765625 -0.407234375 -0.1289375
v -0.082234375 -0.342765625 -0.1289375
v -0.082234375 -0.342765625 0.1289375
v -0.082234375 -0.407234375 -0.1289375
v -0.082234375 -0.407234375 0.1289375
v -0.082234375 -0.342765625 -0.1289375
v -0.017765625 -0.342765625 -0.1289375
v -0.082234375 -0.342765625 0.1289375
v -0.017765625 -0.342765625 0.1289375
v -0.082234375 -0.407234375 0.1289375
v -0.017765625 -0.407234375 0.1289375
v -0.082234375 -0.407234375 -0.1289375
v -0.017765625 -0.407234375 -0.1289375
v -0.082234375 -0.342765625 0.1289375
v -0.017765625 -0.342765625 0.1289375
v -0.082234375 -0.407234375 0.1289375
v -0.017765625 -0.407234375 0.1289375
v -0.017765625 -0.342765625 -0.1289375
v -0.082234375 -0.342765625 -0.1289375
v -0.017765625 -0.407234375 -0.1289375
v -0.082234375 -0.407234375 -0.1289375
vt 0.75 0.75
vt 1 0.75
vt 0.75 0.6875
vt 1 0.6875
vt 0.75 0.75
vt 1 0.75
vt 0.75 0.6875
vt 1 0.6875
vt 0.75 0.9375
vt 0.8125 0.9375
vt 0.75 0.6875
vt 0.8125 0.6875
vt 0.75 0.9375
vt 0.8125 0.9375
vt 0.75 0.6875
vt 0.8125 0.6875
vt 0.75 0.75
vt 0.8125 0.75
vt 0.75 0.6875
vt 0.8125 0.6875
vt 0.75 0.75
vt 0.8125 0.75
vt 0.75 0.6875
vt 0.8125 0.6875
vn 1 0 0
vn 1 0 0
vn 1 0 0
vn 1 0 0
vn -1 0 0
vn -1 0 0
vn -1 0 0
vn -1 0 0
vn 0 1 0
vn 0 1 0
vn 0 1 0
vn 0 1 0
vn 0 -1 0
vn 0 -1 0
vn 0 -1 0
vn 0 -1 0
vn 0 0 1
vn 0 0 1
vn 0 0 1
vn 0 0 1
vn 0 0 -1
vn 0 0 -1
vn 0 0 -1
vn 0 0 -1
f 313/313/313 315/315/315 314/314/314
f 315/315/315 316/316/316 314/314/314
f 317/317/317 319/319/319 318/318/318
f 319/319/319 320/320/320 318/318/318
f 321/321/321 323/323/323 322/322/322
f 323/323/323 324/324/324 322/322/322
f 325/325/325 327/327/327 326/326/326
f 327/327/327 328/328/328 326/326/326
f 329/329/329 331/331/331 330/330/330
f 331/331/331 332/332/332 330/330/330
f 333/333/333 335/335/335 334/334/334
f 335/335/335 336/336/336 334/334/334
o haft_15
usemtl cosmic_vein_violet
v 0.081390625 0.343890625 0.1255625
v 0.081390625 0.343890625 -0.1255625
v 0.081390625 0.281109375 0.1255625
v 0.081390625 0.281109375 -0.1255625
v 0.018609375000000004 0.343890625 -0.1255625
v 0.018609375000000004 0.343890625 0.1255625
v 0.018609375000000004 0.281109375 -0.1255625
v 0.018609375000000004 0.281109375 0.1255625
v 0.018609375000000004 0.343890625 -0.1255625
v 0.081390625 0.343890625 -0.1255625
v 0.018609375000000004 0.343890625 0.1255625
v 0.081390625 0.343890625 0.1255625
v 0.018609375000000004 0.281109375 0.1255625
v 0.081390625 0.281109375 0.1255625
v 0.018609375000000004 0.281109375 -0.1255625
v 0.081390625 0.281109375 -0.1255625
v 0.018609375000000004 0.343890625 0.1255625
v 0.081390625 0.343890625 0.1255625
v 0.018609375000000004 0.281109375 0.1255625
v 0.081390625 0.281109375 0.1255625
v 0.081390625 0.343890625 -0.1255625
v 0.018609375000000004 0.343890625 -0.1255625
v 0.081390625 0.281109375 -0.1255625
v 0.018609375000000004 0.281109375 -0.1255625
vt 0.75 0.75
vt 1 0.75
vt 0.75 0.6875
vt 1 0.6875
vt 0.75 0.75
vt 1 0.75
vt 0.75 0.6875
vt 1 0.6875
vt 0.75 0.9375
vt 0.8125 0.9375
vt 0.75 0.6875
vt 0.8125 0.6875
vt 0.75 0.9375
vt 0.8125 0.9375
vt 0.75 0.6875
vt 0.8125 0.6875
vt 0.75 0.75
vt 0.8125 0.75
vt 0.75 0.6875
vt 0.8125 0.6875
vt 0.75 0.75
vt 0.8125 0.75
vt 0.75 0.6875
vt 0.8125 0.6875
vn 1 0 0
vn 1 0 0
vn 1 0 0
vn 1 0 0
vn -1 0 0
vn -1 0 0
vn -1 0 0
vn -1 0 0
vn 0 1 0
vn 0 1 0
vn 0 1 0
vn 0 1 0
vn 0 -1 0
vn 0 -1 0
vn 0 -1 0
vn 0 -1 0
vn 0 0 1
vn 0 0 1
vn 0 0 1
vn 0 0 1
vn 0 0 -1
vn 0 0 -1
vn 0 0 -1
vn 0 0 -1
f 337/337/337 339/339/339 338/338/338
f 339/339/339 340/340/340 338/338/338
f 341/341/341 343/343/343 342/342/342
f 343/343/343 344/344/344 342/342/342
f 345/345/345 347/347/347 346/346/346
f 347/347/347 348/348/348 346/346/346
f 349/349/349 351/351/351 350/350/350
f 351/351/351 352/352/352 350/350/350
f 353/353/353 355/355/355 354/354/354
f 355/355/355 356/356/356 354/354/354
f 357/357/357 359/359/359 358/358/358
f 359/359/359 360/360/360 358/358/358
o haft_16
usemtl cosmic_vein_blue
v -0.017625000000000002 1.032375 0.1295
v -0.017625000000000002 1.032375 -0.1295
v -0.017625000000000002 0.967625 0.1295
v -0.017625000000000002 0.967625 -0.1295
v -0.082375 1.032375 -0.1295
v -0.082375 1.032375 0.1295
v -0.082375 0.967625 -0.1295
v -0.082375 0.967625 0.1295
v -0.082375 1.032375 -0.1295
v -0.017625000000000002 1.032375 -0.1295
v -0.082375 1.032375 0.1295
v -0.017625000000000002 1.032375 0.1295
v -0.082375 0.967625 0.1295
v -0.017625000000000002 0.967625 0.1295
v -0.082375 0.967625 -0.1295
v -0.017625000000000002 0.967625 -0.1295
v -0.082375 1.032375 0.1295
v -0.017625000000000002 1.032375 0.1295
v -0.082375 0.967625 0.1295
v -0.017625000000000002 0.967625 0.1295
v -0.017625000000000002 1.032375 -0.1295
v -0.082375 1.032375 -0.1295
v -0.017625000000000002 0.967625 -0.1295
v -0.082375 0.967625 -0.1295
vt 0.75 0.75
vt 1 0.75
vt 0.75 0.6875
vt 1 0.6875
vt 0.75 0.75
vt 1 0.75
vt 0.75 0.6875
vt 1 0.6875
vt 0.75 0.9375
vt 0.8125 0.9375
vt 0.75 0.6875
vt 0.8125 0.6875
vt 0.75 0.9375
vt 0.8125 0.9375
vt 0.75 0.6875
vt 0.8125 0.6875
vt 0.75 0.75
vt 0.8125 0.75
vt 0.75 0.6875
vt 0.8125 0.6875
vt 0.75 0.75
vt 0.8125 0.75
vt 0.75 0.6875
vt 0.8125 0.6875
vn 1 0 0
vn 1 0 0
vn 1 0 0
vn 1 0 0
vn -1 0 0
vn -1 0 0
vn -1 0 0
vn -1 0 0
vn 0 1 0
vn 0 1 0
vn 0 1 0
vn 0 1 0
vn 0 -1 0
vn 0 -1 0
vn 0 -1 0
vn 0 -1 0
vn 0 0 1
vn 0 0 1
vn 0 0 1
vn 0 0 1
vn 0 0 -1
vn 0 0 -1
vn 0 0 -1
vn 0 0 -1
f 361/361/361 363/363/363 362/362/362
f 363/363/363 364/364/364 362/362/362
f 365/365/365 367/367/367 366/366/366
f 367/367/367 368/368/368 366/366/366
f 369/369/369 371/371/371 370/370/370
f 371/371/371 372/372/372 370/370/370
f 373/373/373 375/375/375 374/374/374
f 375/375/375 376/376/376 374/374/374
f 377/377/377 379/379/379 378/378/378
f 379/379/379 380/380/380 378/378/378
f 381/381/381 383/383/383 382/382/382
f 383/383/383 384/384/384 382/382/382
o haft_17
usemtl cosmic_vein_violet
v 0.08153125 1.71903125 0.126125
v 0.08153125 1.71903125 -0.126125
v 0.08153125 1.65596875 0.126125
v 0.08153125 1.65596875 -0.126125
v 0.018468750000000006 1.71903125 -0.126125
v 0.018468750000000006 1.71903125 0.126125
v 0.018468750000000006 1.65596875 -0.126125
v 0.018468750000000006 1.65596875 0.126125
v 0.018468750000000006 1.71903125 -0.126125
v 0.08153125 1.71903125 -0.126125
v 0.018468750000000006 1.71903125 0.126125
v 0.08153125 1.71903125 0.126125
v 0.018468750000000006 1.65596875 0.126125
v 0.08153125 1.65596875 0.126125
v 0.018468750000000006 1.65596875 -0.126125
v 0.08153125 1.65596875 -0.126125
v 0.018468750000000006 1.71903125 0.126125
v 0.08153125 1.71903125 0.126125
v 0.018468750000000006 1.65596875 0.126125
v 0.08153125 1.65596875 0.126125
v 0.08153125 1.71903125 -0.126125
v 0.018468750000000006 1.71903125 -0.126125
v 0.08153125 1.65596875 -0.126125
v 0.018468750000000006 1.65596875 -0.126125
vt 0.75 0.75
vt 1 0.75
vt 0.75 0.6875
vt 1 0.6875
vt 0.75 0.75
vt 1 0.75
vt 0.75 0.6875
vt 1 0.6875
vt 0.75 0.9375
vt 0.8125 0.9375
vt 0.75 0.6875
vt 0.8125 0.6875
vt 0.75 0.9375
vt 0.8125 0.9375
vt 0.75 0.6875
vt 0.8125 0.6875
vt 0.75 0.75
vt 0.8125 0.75
vt 0.75 0.6875
vt 0.8125 0.6875
vt 0.75 0.75
vt 0.8125 0.75
vt 0.75 0.6875
vt 0.8125 0.6875
vn 0.9999999999999999 0 0
vn 0.9999999999999999 0 0
vn 0.9999999999999999 0 0
vn 0.9999999999999999 0 0
vn -0.9999999999999999 0 0
vn -0.9999999999999999 0 0
vn -0.9999999999999999 0 0
vn -0.9999999999999999 0 0
vn 0 0.9999999999999999 0
vn 0 0.9999999999999999 0
vn 0 0.9999999999999999 0
vn 0 0.9999999999999999 0
vn 0 -0.9999999999999999 0
vn 0 -0.9999999999999999 0
vn 0 -0.9999999999999999 0
vn 0 -0.9999999999999999 0
vn 0 0 0.9999999999999999
vn 0 0 0.9999999999999999
vn 0 0 0.9999999999999999
vn 0 0 0.9999999999999999
vn 0 0 -0.9999999999999999
vn 0 0 -0.9999999999999999
vn 0 0 -0.9999999999999999
vn 0 0 -0.9999999999999999
f 385/385/385 387/387/387 386/386/386
f 387/387/387 388/388/388 386/386/386
f 389/389/389 391/391/391 390/390/390
f 391/391/391 392/392/392 390/390/390
f 393/393/393 395/395/395 394/394/394
f 395/395/395 396/396/396 394/394/394
f 397/397/397 399/399/399 398/398/398
f 399/399/399 400/400/400 398/398/398
f 401/401/401 403/403/403 402/402/402
f 403/403/403 404/404/404 402/402/402
f 405/405/405 407/407/407 406/406/406
f 407/407/407 408/408/408 406/406/406
o haft_18
usemtl cosmic_vein_blue
v -0.017484375000000003 1.907515625 0.1300625
v -0.017484375000000003 1.907515625 -0.1300625
v -0.017484375000000003 1.842484375 0.1300625
v -0.017484375000000003 1.842484375 -0.1300625
v -0.08251562500000001 1.907515625 -0.1300625
v -0.08251562500000001 1.907515625 0.1300625
v -0.08251562500000001 1.842484375 -0.1300625
v -0.08251562500000001 1.842484375 0.1300625
v -0.08251562500000001 1.907515625 -0.1300625
v -0.017484375000000003 1.907515625 -0.1300625
v -0.08251562500000001 1.907515625 0.1300625
v -0.017484375000000003 1.907515625 0.1300625
v -0.08251562500000001 1.842484375 0.1300625
v -0.017484375000000003 1.842484375 0.1300625
v -0.08251562500000001 1.842484375 -0.1300625
v -0.017484375000000003 1.842484375 -0.1300625
v -0.08251562500000001 1.907515625 0.1300625
v -0.017484375000000003 1.907515625 0.1300625
v -0.08251562500000001 1.842484375 0.1300625
v -0.017484375000000003 1.842484375 0.1300625
v -0.017484375000000003 1.907515625 -0.1300625
v -0.08251562500000001 1.907515625 -0.1300625
v -0.017484375000000003 1.842484375 -0.1300625
v -0.08251562500000001 1.842484375 -0.1300625
vt 0.75 0.75
vt 1 0.75
vt 0.75 0.6875
vt 1 0.6875
vt 0.75 0.75
vt 1 0.75
vt 0.75 0.6875
vt 1 0.6875
vt 0.75 0.9375
vt 0.8125 0.9375
vt 0.75 0.6875
vt 0.8125 0.6875
vt 0.75 0.9375
vt 0.8125 0.9375
vt 0.75 0.6875
vt 0.8125 0.6875
vt 0.75 0.75
vt 0.8125 0.75
vt 0.75 0.6875
vt 0.8125 0.6875
vt 0.75 0.75
vt 0.8125 0.75
vt 0.75 0.6875
vt 0.8125 0.6875
vn 1 0 0
vn 1 0 0
vn 1 0 0
vn 1 0 0
vn -1 0 0
vn -1 0 0
vn -1 0 0
vn -1 0 0
vn 0 1 0
vn 0 1 0
vn 0 1 0
vn 0 1 0
vn 0 -1 0
vn 0 -1 0
vn 0 -1 0
vn 0 -1 0
vn 0 0 1
vn 0 0 1
vn 0 0 1
vn 0 0 1
vn 0 0 -1
vn 0 0 -1
vn 0 0 -1
vn 0 0 -1
f 409/409/409 411/411/411 410/410/410
f 411/411/411 412/412/412 410/410/410
f 413/413/413 415/415/415 414/414/414
f 415/415/415 416/416/416 414/414/414
f 417/417/417 419/419/419 418/418/418
f 419/419/419 420/420/420 418/418/418
f 421/421/421 423/423/423 422/422/422
f 423/423/423 424/424/424 422/422/422
f 425/425/425 427/427/427 426/426/426
f 427/427/427 428/428/428 426/426/426
f 429/429/429 431/431/431 430/430/430
f 431/431/431 432/432/432 430/430/430
o pommel_19
usemtl star_silver
v 0.17102812802046538 -1.0118249992448836 0.17102812802046538
v 0.17102812802046538 -1.0118249992448836 -0.17102812802046538
v 0.17102812802046538 -1.1131750007551164 0.17102812802046538
v 0.17102812802046538 -1.1131750007551164 -0.17102812802046538
v -0.17102812802046538 -1.0118249992448836 -0.17102812802046538
v -0.17102812802046538 -1.0118249992448836 0.17102812802046538
v -0.17102812802046538 -1.1131750007551164 -0.17102812802046538
v -0.17102812802046538 -1.1131750007551164 0.17102812802046538
v -0.17102812802046538 -1.0118249992448836 -0.17102812802046538
v 0.17102812802046538 -1.0118249992448836 -0.17102812802046538
v -0.17102812802046538 -1.0118249992448836 0.17102812802046538
v 0.17102812802046538 -1.0118249992448836 0.17102812802046538
v -0.17102812802046538 -1.1131750007551164 0.17102812802046538
v 0.17102812802046538 -1.1131750007551164 0.17102812802046538
v -0.17102812802046538 -1.1131750007551164 -0.17102812802046538
v 0.17102812802046538 -1.1131750007551164 -0.17102812802046538
v -0.17102812802046538 -1.0118249992448836 0.17102812802046538
v 0.17102812802046538 -1.0118249992448836 0.17102812802046538
v -0.17102812802046538 -1.1131750007551164 0.17102812802046538
v 0.17102812802046538 -1.1131750007551164 0.17102812802046538
v 0.17102812802046538 -1.0118249992448836 -0.17102812802046538
v -0.17102812802046538 -1.0118249992448836 -0.17102812802046538
v 0.17102812802046538 -1.1131750007551164 -0.17102812802046538
v -0.17102812802046538 -1.1131750007551164 -0.17102812802046538
vt 0.4375 0.5
vt 0.75 0.5
vt 0.4375 0.375
vt 0.75 0.375
vt 0.4375 0.5
vt 0.75 0.5
vt 0.4375 0.375
vt 0.75 0.375
vt 0.4375 0.6875
vt 0.75 0.6875
vt 0.4375 0.375
vt 0.75 0.375
vt 0.4375 0.6875
vt 0.75 0.6875
vt 0.4375 0.375
vt 0.75 0.375
vt 0.4375 0.5
vt 0.75 0.5
vt 0.4375 0.375
vt 0.75 0.375
vt 0.4375 0.5
vt 0.75 0.5
vt 0.4375 0.375
vt 0.75 0.375
vn 1 0 0
vn 1 0 0
vn 1 0 0
vn 1 0 0
vn -1 0 0
vn -1 0 0
vn -1 0 0
vn -1 0 0
vn 0 1 0
vn 0 1 0
vn 0 1 0
vn 0 1 0
vn 0 -1 0
vn 0 -1 0
vn 0 -1 0
vn 0 -1 0
vn 0 0 1
vn 0 0 1
vn 0 0 1
vn 0 0 1
vn 0 0 -1
vn 0 0 -1
vn 0 0 -1
vn 0 0 -1
f 433/433/433 435/435/435 434/434/434
f 435/435/435 436/436/436 434/434/434
f 437/437/437 439/439/439 438/438/438
f 439/439/439 440/440/440 438/438/438
f 441/441/441 443/443/443 442/442/442
f 443/443/443 444/444/444 442/442/442
f 445/445/445 447/447/447 446/446/446
f 447/447/447 448/448/448 446/446/446
f 449/449/449 451/451/451 450/450/450
f 451/451/451 452/452/452 450/450/450
f 453/453/453 455/455/455 454/454/454
f 455/455/455 456/456/456 454/454/454
o pommel_20
usemtl meteor_iron
v 0.11570387319392252 -1.0468316594910334 0.1502187468856573
v 0.11570387319392252 -1.0468316594910334 -0.1502187468856573
v 0.17816834050896657 -1.3407038731939227 0.1502187468856573
v 0.17816834050896657 -1.3407038731939227 -0.1502187468856573
v -0.17816834050896657 -1.1092961268060775 -0.1502187468856573
v -0.17816834050896657 -1.1092961268060775 0.1502187468856573
v -0.11570387319392252 -1.4031683405089668 -0.1502187468856573
v -0.11570387319392252 -1.4031683405089668 0.1502187468856573
v -0.17816834050896657 -1.1092961268060775 -0.1502187468856573
v 0.11570387319392252 -1.0468316594910334 -0.1502187468856573
v -0.17816834050896657 -1.1092961268060775 0.1502187468856573
v 0.11570387319392252 -1.0468316594910334 0.1502187468856573
v -0.11570387319392252 -1.4031683405089668 0.1502187468856573
v 0.17816834050896657 -1.3407038731939227 0.1502187468856573
v -0.11570387319392252 -1.4031683405089668 -0.1502187468856573
v 0.17816834050896657 -1.3407038731939227 -0.1502187468856573
v -0.17816834050896657 -1.1092961268060775 0.1502187468856573
v 0.11570387319392252 -1.0468316594910334 0.1502187468856573
v -0.11570387319392252 -1.4031683405089668 0.1502187468856573
v 0.17816834050896657 -1.3407038731939227 0.1502187468856573
v 0.11570387319392252 -1.0468316594910334 -0.1502187468856573
v -0.17816834050896657 -1.1092961268060775 -0.1502187468856573
v 0.17816834050896657 -1.3407038731939227 -0.1502187468856573
v -0.11570387319392252 -1.4031683405089668 -0.1502187468856573
vt 0.3125 0.375
vt 0.625 0.375
vt 0.3125 0.0625
vt 0.625 0.0625
vt 0.3125 0.375
vt 0.625 0.375
vt 0.3125 0.0625
vt 0.625 0.0625
vt 0.3125 0.375
vt 0.625 0.375
vt 0.3125 0.0625
vt 0.625 0.0625
vt 0.3125 0.375
vt 0.625 0.375
vt 0.3125 0.0625
vt 0.625 0.0625
vt 0.3125 0.375
vt 0.625 0.375
vt 0.3125 0.0625
vt 0.625 0.0625
vt 0.3125 0.375
vt 0.625 0.375
vt 0.3125 0.0625
vt 0.625 0.0625
vn 0.9781476007338056 0.20791169081775926 0
vn 0.9781476007338056 0.20791169081775926 0
vn 0.9781476007338056 0.20791169081775926 0
vn 0.9781476007338056 0.20791169081775926 0
vn -0.9781476007338056 -0.20791169081775926 0
vn -0.9781476007338056 -0.20791169081775926 0
vn -0.9781476007338056 -0.20791169081775926 0
vn -0.9781476007338056 -0.20791169081775926 0
vn -0.20791169081775926 0.9781476007338056 0
vn -0.20791169081775926 0.9781476007338056 0
vn -0.20791169081775926 0.9781476007338056 0
vn -0.20791169081775926 0.9781476007338056 0
vn 0.20791169081775926 -0.9781476007338056 0
vn 0.20791169081775926 -0.9781476007338056 0
vn 0.20791169081775926 -0.9781476007338056 0
vn 0.20791169081775926 -0.9781476007338056 0
vn 0 0 1
vn 0 0 1
vn 0 0 1
vn 0 0 1
vn 0 0 -1
vn 0 0 -1
vn 0 0 -1
vn 0 0 -1
f 457/457/457 459/459/459 458/458/458
f 459/459/459 460/460/460 458/458/458
f 461/461/461 463/463/463 462/462/462
f 463/463/463 464/464/464 462/462/462
f 465/465/465 467/467/467 466/466/466
f 467/467/467 468/468/468 466/466/466
f 469/469/469 471/471/471 470/470/470
f 471/471/471 472/472/472 470/470/470
f 473/473/473 475/475/475 474/474/474
f 475/475/475 476/476/476 474/474/474
f 477/477/477 479/479/479 478/478/478
f 479/479/479 480/480/480 478/478/478
o pommel_21
usemtl meteor_rock
v 0.1738797488558515 -1.2243054663625474 0.08339660464737103
v 0.07844224885585153 -1.2243054663625474 -0.08190599429998369
v 0.20824809169956598 -1.4110093896526126 0.06355403265495113
v 0.11281059169956602 -1.4110093896526126 -0.10174856629240359
v -0.08324809169956598 -1.2639906103473872 0.011445967345048873
v 0.012189408300433982 -1.2639906103473872 0.1767485662924036
v -0.048879748855851515 -1.4506945336374524 -0.008396604647371027
v 0.046557751144148465 -1.4506945336374524 0.1569059942999837
v -0.08324809169956598 -1.2639906103473872 0.011445967345048873
v 0.07844224885585153 -1.2243054663625474 -0.08190599429998369
v 0.012189408300433982 -1.2639906103473872 0.1767485662924036
v 0.1738797488558515 -1.2243054663625474 0.08339660464737103
v 0.046557751144148465 -1.4506945336374524 0.1569059942999837
v 0.20824809169956598 -1.4110093896526126 0.06355403265495113
v -0.048879748855851515 -1.4506945336374524 -0.008396604647371027
v 0.11281059169956602 -1.4110093896526126 -0.10174856629240359
v 0.012189408300433982 -1.2639906103473872 0.1767485662924036
v 0.1738797488558515 -1.2243054663625474 0.08339660464737103
v 0.046557751144148465 -1.4506945336374524 0.1569059942999837
v 0.20824809169956598 -1.4110093896526126 0.06355403265495113
v 0.07844224885585153 -1.2243054663625474 -0.08190599429998369
v -0.08324809169956598 -1.2639906103473872 0.011445967345048873
v 0.11281059169956602 -1.4110093896526126 -0.10174856629240359
v -0.048879748855851515 -1.4506945336374524 -0.008396604647371027
vt 0.1875 1.0625
vt 0.375 1.0625
vt 0.1875 0.875
vt 0.375 0.875
vt 0.1875 1.0625
vt 0.375 1.0625
vt 0.1875 0.875
vt 0.375 0.875
vt 0.1875 1.0625
vt 0.375 1.0625
vt 0.1875 0.875
vt 0.375 0.875
vt 0.1875 1.0625
vt 0.375 1.0625
vt 0.1875 0.875
vt 0.375 0.875
vt 0.1875 1.0625
vt 0.375 1.0625
vt 0.1875 0.875
vt 0.375 0.875
vt 0.1875 1.0625
vt 0.375 1.0625
vt 0.1875 0.875
vt 0.375 0.875
vn 0.8471006708862738 0.20791169081775931 -0.48907380036690273
vn 0.8471006708862738 0.20791169081775931 -0.48907380036690273
vn 0.8471006708862738 0.20791169081775931 -0.48907380036690273
vn 0.8471006708862738 0.20791169081775931 -0.48907380036690273
vn -0.8471006708862738 -0.20791169081775931 0.48907380036690273
vn -0.8471006708862738 -0.20791169081775931 0.48907380036690273
vn -0.8471006708862738 -0.20791169081775931 0.48907380036690273
vn -0.8471006708862738 -0.20791169081775931 0.48907380036690273
vn -0.18005680599195537 0.9781476007338057 0.10395584540887963
vn -0.18005680599195537 0.9781476007338057 0.10395584540887963
vn -0.18005680599195537 0.9781476007338057 0.10395584540887963
vn -0.18005680599195537 0.9781476007338057 0.10395584540887963
vn 0.18005680599195537 -0.9781476007338057 -0.10395584540887963
vn 0.18005680599195537 -0.9781476007338057 -0.10395584540887963
vn 0.18005680599195537 -0.9781476007338057 -0.10395584540887963
vn 0.18005680599195537 -0.9781476007338057 -0.10395584540887963
vn 0.49999999999999994 -1.3391360045520953e-17 0.8660254037844387
vn 0.49999999999999994 -1.3391360045520953e-17 0.8660254037844387
vn 0.49999999999999994 -1.3391360045520953e-17 0.8660254037844387
vn 0.49999999999999994 -1.3391360045520953e-17 0.8660254037844387
vn -0.49999999999999994 1.3391360045520953e-17 -0.8660254037844387
vn -0.49999999999999994 1.3391360045520953e-17 -0.8660254037844387
vn -0.49999999999999994 1.3391360045520953e-17 -0.8660254037844387
vn -0.49999999999999994 1.3391360045520953e-17 -0.8660254037844387
f 481/481/481 483/483/483 482/482/482
f 483/483/483 484/484/484 482/482/482
f 485/485/485 487/487/487 486/486/486
f 487/487/487 488/488/488 486/486/486
f 489/489/489 491/491/491 490/490/490
f 491/491/491 492/492/492 490/490/490
f 493/493/493 495/495/495 494/494/494
f 495/495/495 496/496/496 494/494/494
f 497/497/497 499/499/499 498/498/498
f 499/499/499 500/500/500 498/498/498
f 501/501/501 503/503/503 502/502/502
f 503/503/503 504/504/504 502/502/502
o pommel_22
usemtl meteor_iron
v 0.04456718468751337 -1.3347019233447897 -0.03595703351291169
v -0.06904452297145769 -1.3347019233447897 -0.10155078351291172
v 0.05820489215709077 -1.4630226617160558 -0.059578235748981336
v -0.05540681550188028 -1.4630226617160558 -0.12517198574898136
v -0.13320489215709078 -1.3619773382839444 0.009578235748981333
v -0.01959318449811972 -1.3619773382839444 0.07517198574898137
v -0.11956718468751337 -1.4902980766552105 -0.014042966487088311
v -0.005955477028542315 -1.4902980766552105 0.05155078351291172
v -0.13320489215709078 -1.3619773382839444 0.009578235748981333
v -0.06904452297145769 -1.3347019233447897 -0.10155078351291172
v -0.01959318449811972 -1.3619773382839444 0.07517198574898137
v 0.04456718468751337 -1.3347019233447897 -0.03595703351291169
v -0.005955477028542315 -1.4902980766552105 0.05155078351291172
v 0.05820489215709077 -1.4630226617160558 -0.059578235748981336
v -0.11956718468751337 -1.4902980766552105 -0.014042966487088311
v -0.05540681550188028 -1.4630226617160558 -0.12517198574898136
v -0.01959318449811972 -1.3619773382839444 0.07517198574898137
v 0.04456718468751337 -1.3347019233447897 -0.03595703351291169
v -0.005955477028542315 -1.4902980766552105 0.05155078351291172
v 0.05820489215709077 -1.4630226617160558 -0.059578235748981336
v -0.06904452297145769 -1.3347019233447897 -0.10155078351291172
v -0.13320489215709078 -1.3619773382839444 0.009578235748981333
v -0.05540681550188028 -1.4630226617160558 -0.12517198574898136
v -0.11956718468751337 -1.4902980766552105 -0.014042966487088311
vt 0.375 0.5625
vt 0.5 0.5625
vt 0.375 0.4375
vt 0.5 0.4375
vt 0.375 0.5625
vt 0.5 0.5625
vt 0.375 0.4375
vt 0.5 0.4375
vt 0.375 0.5625
vt 0.5 0.5625
vt 0.375 0.4375
vt 0.5 0.4375
vt 0.375 0.5625
vt 0.5 0.5625
vt 0.375 0.4375
vt 0.5 0.4375
vt 0.375 0.5625
vt 0.5 0.5625
vt 0.375 0.4375
vt 0.5 0.4375
vt 0.375 0.5625
vt 0.5 0.5625
vt 0.375 0.4375
vt 0.5 0.4375
vn 0.489073800366903 0.20791169081775931 -0.8471006708862738
vn 0.489073800366903 0.20791169081775931 -0.8471006708862738
vn 0.489073800366903 0.20791169081775931 -0.8471006708862738
vn 0.489073800366903 0.20791169081775931 -0.8471006708862738
vn -0.489073800366903 -0.20791169081775931 0.8471006708862738
vn -0.489073800366903 -0.20791169081775931 0.8471006708862738
vn -0.489073800366903 -0.20791169081775931 0.8471006708862738
vn -0.489073800366903 -0.20791169081775931 0.8471006708862738
vn -0.10395584540887969 0.9781476007338056 0.18005680599195537
vn -0.10395584540887969 0.9781476007338056 0.18005680599195537
vn -0.10395584540887969 0.9781476007338056 0.18005680599195537
vn -0.10395584540887969 0.9781476007338056 0.18005680599195537
vn 0.10395584540887969 -0.9781476007338056 -0.18005680599195537
vn 0.10395584540887969 -0.9781476007338056 -0.18005680599195537
vn 0.10395584540887969 -0.9781476007338056 -0.18005680599195537
vn 0.10395584540887969 -0.9781476007338056 -0.18005680599195537
vn 0.8660254037844386 -1.2599559360774081e-17 0.5000000000000001
vn 0.8660254037844386 -1.2599559360774081e-17 0.5000000000000001
vn 0.8660254037844386 -1.2599559360774081e-17 0.5000000000000001
vn 0.8660254037844386 -1.2599559360774081e-17 0.5000000000000001
vn -0.8660254037844386 1.2599559360774081e-17 -0.5000000000000001
vn -0.8660254037844386 1.2599559360774081e-17 -0.5000000000000001
vn -0.8660254037844386 1.2599559360774081e-17 -0.5000000000000001
vn -0.8660254037844386 1.2599559360774081e-17 -0.5000000000000001
f 505/505/505 507/507/507 506/506/506
f 507/507/507 508/508/508 506/506/506
f 509/509/509 511/511/511 510/510/510
f 511/511/511 512/512/512 510/510/510
f 513/513/513 515/515/515 514/514/514
f 515/515/515 516/516/516 514/514/514
f 517/517/517 519/519/519 518/518/518
f 519/519/519 520/520/520 518/518/518
f 521/521/521 523/523/523 522/522/522
f 523/523/523 524/524/524 522/522/522
f 525/525/525 527/527/527 526/526/526
f 527/527/527 528/528/528 526/526/526
o pommel_23
usemtl cosmic_vein_violet
v 0.056953125 -1.154140625 0.1533750060945749
v 0.056953125 -1.154140625 -0.1533750060945749
v 0.056953125 -1.345859375 0.1533750060945749
v 0.056953125 -1.345859375 -0.1533750060945749
v -0.0069531249999999975 -1.154140625 -0.1533750060945749
v -0.0069531249999999975 -1.154140625 0.1533750060945749
v -0.0069531249999999975 -1.345859375 -0.1533750060945749
v -0.0069531249999999975 -1.345859375 0.1533750060945749
v -0.0069531249999999975 -1.154140625 -0.1533750060945749
v 0.056953125 -1.154140625 -0.1533750060945749
v -0.0069531249999999975 -1.154140625 0.1533750060945749
v 0.056953125 -1.154140625 0.1533750060945749
v -0.0069531249999999975 -1.345859375 0.1533750060945749
v 0.056953125 -1.345859375 0.1533750060945749
v -0.0069531249999999975 -1.345859375 -0.1533750060945749
v 0.056953125 -1.345859375 -0.1533750060945749
v -0.0069531249999999975 -1.154140625 0.1533750060945749
v 0.056953125 -1.154140625 0.1533750060945749
v -0.0069531249999999975 -1.345859375 0.1533750060945749
v 0.056953125 -1.345859375 0.1533750060945749
v 0.056953125 -1.154140625 -0.1533750060945749
v -0.0069531249999999975 -1.154140625 -0.1533750060945749
v 0.056953125 -1.345859375 -0.1533750060945749
v -0.0069531249999999975 -1.345859375 -0.1533750060945749
vt 0.875 0.25
vt 1.1875 0.25
vt 0.875 0.0625
vt 1.1875 0.0625
vt 0.875 0.25
vt 1.1875 0.25
vt 0.875 0.0625
vt 1.1875 0.0625
vt 0.875 0.375
vt 0.9375 0.375
vt 0.875 0.0625
vt 0.9375 0.0625
vt 0.875 0.375
vt 0.9375 0.375
vt 0.875 0.0625
vt 0.9375 0.0625
vt 0.875 0.25
vt 0.9375 0.25
vt 0.875 0.0625
vt 0.9375 0.0625
vt 0.875 0.25
vt 0.9375 0.25
vt 0.875 0.0625
vt 0.9375 0.0625
vn 1 0 0
vn 1 0 0
vn 1 0 0
vn 1 0 0
vn -1 0 0
vn -1 0 0
vn -1 0 0
vn -1 0 0
vn 0 1 0
vn 0 1 0
vn 0 1 0
vn 0 1 0
vn 0 -1 0
vn 0 -1 0
vn 0 -1 0
vn 0 -1 0
vn 0 0 1
vn 0 0 1
vn 0 0 1
vn 0 0 1
vn 0 0 -1
vn 0 0 -1
vn 0 0 -1
vn 0 0 -1
f 529/529/529 531/531/531 530/530/530
f 531/531/531 532/532/532 530/530/530
f 533/533/533 535/535/535 534/534/534
f 535/535/535 536/536/536 534/534/534
f 537/537/537 539/539/539 538/538/538
f 539/539/539 540/540/540 538/538/538
f 541/541/541 543/543/543 542/542/542
f 543/543/543 544/544/544 542/542/542
f 545/545/545 547/547/547 546/546/546
f 547/547/547 548/548/548 546/546/546
f 549/549/549 551/551/551 550/550/550
f 551/551/551 552/552/552 550/550/550
o head_24
usemtl meteor_iron_dark
v 0.2635 3.1781875 0.32937500000000003
v 0.2635 3.1781875 -0.32937500000000003
v 0.2635 2.3218125 0.32937500000000003
v 0.2635 2.3218125 -0.32937500000000003
v -0.2635 3.1781875 -0.32937500000000003
v -0.2635 3.1781875 0.32937500000000003
v -0.2635 2.3218125 -0.32937500000000003
v -0.2635 2.3218125 0.32937500000000003
v -0.2635 3.1781875 -0.32937500000000003
v 0.2635 3.1781875 -0.32937500000000003
v -0.2635 3.1781875 0.32937500000000003
v 0.2635 3.1781875 0.32937500000000003
v -0.2635 2.3218125 0.32937500000000003
v 0.2635 2.3218125 0.32937500000000003
v -0.2635 2.3218125 -0.32937500000000003
v 0.2635 2.3218125 -0.32937500000000003
v -0.2635 3.1781875 0.32937500000000003
v 0.2635 3.1781875 0.32937500000000003
v -0.2635 2.3218125 0.32937500000000003
v 0.2635 2.3218125 0.32937500000000003
v 0.2635 3.1781875 -0.32937500000000003
v -0.2635 3.1781875 -0.32937500000000003
v 0.2635 2.3218125 -0.32937500000000003
v -0.2635 2.3218125 -0.32937500000000003
vt 0.1875 0.8125
vt 0.8125 0.8125
vt 0.1875 0
vt 0.8125 0
vt 0.1875 0.8125
vt 0.8125 0.8125
vt 0.1875 0
vt 0.8125 0
vt 0.1875 0.625
vt 0.6875 0.625
vt 0.1875 0
vt 0.6875 0
vt 0.1875 0.625
vt 0.6875 0.625
vt 0.1875 0
vt 0.6875 0
vt 0.1875 0.8125
vt 0.6875 0.8125
vt 0.1875 0
vt 0.6875 0
vt 0.1875 0.8125
vt 0.6875 0.8125
vt 0.1875 0
vt 0.6875 0
vn 1 0 0
vn 1 0 0
vn 1 0 0
vn 1 0 0
vn -1 0 0
vn -1 0 0
vn -1 0 0
vn -1 0 0
vn 0 1 0
vn 0 1 0
vn 0 1 0
vn 0 1 0
vn 0 -1 0
vn 0 -1 0
vn 0 -1 0
vn 0 -1 0
vn 0 0 1
vn 0 0 1
vn 0 0 1
vn 0 0 1
vn 0 0 -1
vn 0 0 -1
vn 0 0 -1
vn 0 0 -1
f 553/553/553 555/555/555 554/554/554
f 555/555/555 556/556/556 554/554/554
f 557/557/557 559/559/559 558/558/558
f 559/559/559 560/560/560 558/558/558
f 561/561/561 563/563/563 562/562/562
f 563/563/563 564/564/564 562/562/562
f 565/565/565 567/567/567 566/566/566
f 567/567/567 568/568/568 566/566/566
f 569/569/569 571/571/571 570/570/570
f 571/571/571 572/572/572 570/570/570
f 573/573/573 575/575/575 574/574/574
f 575/575/575 576/576/576 574/574/574
o head_25
usemtl star_silver
v 0.28884374999999995 3.194931249234825 0.35303124999999996
v 0.28884374999999995 3.194931249234825 -0.35303124999999996
v 0.28884374999999995 3.1050687507651746 0.35303124999999996
v 0.28884374999999995 3.1050687507651746 -0.35303124999999996
v -0.28884374999999995 3.194931249234825 -0.35303124999999996
v -0.28884374999999995 3.194931249234825 0.35303124999999996
v -0.28884374999999995 3.1050687507651746 -0.35303124999999996
v -0.28884374999999995 3.1050687507651746 0.35303124999999996
v -0.28884374999999995 3.194931249234825 -0.35303124999999996
v 0.28884374999999995 3.194931249234825 -0.35303124999999996
v -0.28884374999999995 3.194931249234825 0.35303124999999996
v 0.28884374999999995 3.194931249234825 0.35303124999999996
v -0.28884374999999995 3.1050687507651746 0.35303124999999996
v 0.28884374999999995 3.1050687507651746 0.35303124999999996
v -0.28884374999999995 3.1050687507651746 -0.35303124999999996
v 0.28884374999999995 3.1050687507651746 -0.35303124999999996
v -0.28884374999999995 3.194931249234825 0.35303124999999996
v 0.28884374999999995 3.194931249234825 0.35303124999999996
v -0.28884374999999995 3.1050687507651746 0.35303124999999996
v 0.28884374999999995 3.1050687507651746 0.35303124999999996
v 0.28884374999999995 3.194931249234825 -0.35303124999999996
v -0.28884374999999995 3.194931249234825 -0.35303124999999996
v 0.28884374999999995 3.1050687507651746 -0.35303124999999996
v -0.28884374999999995 3.1050687507651746 -0.35303124999999996
vt 0.625 1
vt 1.3125 1
vt 0.625 0.9375
vt 1.3125 0.9375
vt 0.625 1
vt 1.3125 1
vt 0.625 0.9375
vt 1.3125 0.9375
vt 0.625 1.625
vt 1.1875 1.625
vt 0.625 0.9375
vt 1.1875 0.9375
vt 0.625 1.625
vt 1.1875 1.625
vt 0.625 0.9375
vt 1.1875 0.9375
vt 0.625 1
vt 1.1875 1
vt 0.625 0.9375
vt 1.1875 0.9375
vt 0.625 1
vt 1.1875 1
vt 0.625 0.9375
vt 1.1875 0.9375
vn 1 0 0
vn 1 0 0
vn 1 0 0
vn 1 0 0
vn -1 0 0
vn -1 0 0
vn -1 0 0
vn -1 0 0
vn 0 1 0
vn 0 1 0
vn 0 1 0
vn 0 1 0
vn 0 -1 0
vn 0 -1 0
vn 0 -1 0
vn 0 -1 0
vn 0 0 1
vn 0 0 1
vn 0 0 1
vn 0 0 1
vn 0 0 -1
vn 0 0 -1
vn 0 0 -1
vn 0 0 -1
f 577/577/577 579/579/579 578/578/578
f 579/579/579 580/580/580 578/578/578
f 581/581/581 583/583/583 582/582/582
f 583/583/583 584/584/584 582/582/582
f 585/585/585 587/587/587 586/586/586
f 587/587/587 588/588/588 586/586/586
f 589/589/589 591/591/591 590/590/590
f 591/591/591 592/592/592 590/590/590
f 593/593/593 595/595/595 594/594/594
f 595/595/595 596/596/596 594/594/594
f 597/597/597 599/599/599 598/598/598
f 599/599/599 600/600/600 598/598/598
o head_26
usemtl star_silver
v 0.28125 2.393749999254942 0.34375
v 0.28125 2.393749999254942 -0.34375
v 0.28125 2.306250000745058 0.34375
v 0.28125 2.306250000745058 -0.34375
v -0.28125 2.393749999254942 -0.34375
v -0.28125 2.393749999254942 0.34375
v -0.28125 2.306250000745058 -0.34375
v -0.28125 2.306250000745058 0.34375
v -0.28125 2.393749999254942 -0.34375
v 0.28125 2.393749999254942 -0.34375
v -0.28125 2.393749999254942 0.34375
v 0.28125 2.393749999254942 0.34375
v -0.28125 2.306250000745058 0.34375
v 0.28125 2.306250000745058 0.34375
v -0.28125 2.306250000745058 -0.34375
v 0.28125 2.306250000745058 -0.34375
v -0.28125 2.393749999254942 0.34375
v 0.28125 2.393749999254942 0.34375
v -0.28125 2.306250000745058 0.34375
v 0.28125 2.306250000745058 0.34375
v 0.28125 2.393749999254942 -0.34375
v -0.28125 2.393749999254942 -0.34375
v 0.28125 2.306250000745058 -0.34375
v -0.28125 2.306250000745058 -0.34375
vt 0.625 1
vt 1.3125 1
vt 0.625 0.9375
vt 1.3125 0.9375
vt 0.625 1
vt 1.3125 1
vt 0.625 0.9375
vt 1.3125 0.9375
vt 0.625 1.625
vt 1.1875 1.625
vt 0.625 0.9375
vt 1.1875 0.9375
vt 0.625 1.625
vt 1.1875 1.625
vt 0.625 0.9375
vt 1.1875 0.9375
vt 0.625 1
vt 1.1875 1
vt 0.625 0.9375
vt 1.1875 0.9375
vt 0.625 1
vt 1.1875 1
vt 0.625 0.9375
vt 1.1875 0.9375
vn 1 0 0
vn 1 0 0
vn 1 0 0
vn 1 0 0
vn -1 0 0
vn -1 0 0
vn -1 0 0
vn -1 0 0
vn 0 1 0
vn 0 1 0
vn 0 1 0
vn 0 1 0
vn 0 -1 0
vn 0 -1 0
vn 0 -1 0
vn 0 -1 0
vn 0 0 1
vn 0 0 1
vn 0 0 1
vn 0 0 1
vn 0 0 -1
vn 0 0 -1
vn 0 0 -1
vn 0 0 -1
f 601/601/601 603/603/603 602/602/602
f 603/603/603 604/604/604 602/602/602
f 605/605/605 607/607/607 606/606/606
f 607/607/607 608/608/608 606/606/606
f 609/609/609 611/611/611 610/610/610
f 611/611/611 612/612/612 610/610/610
f 613/613/613 615/615/615 614/614/614
f 615/615/615 616/616/616 614/614/614
f 617/617/617 619/619/619 618/618/618
f 619/619/619 620/620/620 618/618/618
f 621/621/621 623/623/623 622/622/622
f 623/623/623 624/624/624 622/622/622
o crush_plate_27
usemtl meteor_iron
v -0.24212499999999998 3.233515625 0.3868125
v -0.24212499999999998 3.233515625 -0.3868125
v -0.24212499999999998 2.266484375 0.3868125
v -0.24212499999999998 2.266484375 -0.3868125
v -0.7578750000000001 3.233515625 -0.3868125
v -0.7578750000000001 3.233515625 0.3868125
v -0.7578750000000001 2.266484375 -0.3868125
v -0.7578750000000001 2.266484375 0.3868125
v -0.7578750000000001 3.233515625 -0.3868125
v -0.24212499999999998 3.233515625 -0.3868125
v -0.7578750000000001 3.233515625 0.3868125
v -0.24212499999999998 3.233515625 0.3868125
v -0.7578750000000001 2.266484375 0.3868125
v -0.24212499999999998 2.266484375 0.3868125
v -0.7578750000000001 2.266484375 -0.3868125
v -0.24212499999999998 2.266484375 -0.3868125
v -0.7578750000000001 3.233515625 0.3868125
v -0.24212499999999998 3.233515625 0.3868125
v -0.7578750000000001 2.266484375 0.3868125
v -0.24212499999999998 2.266484375 0.3868125
v -0.24212499999999998 3.233515625 -0.3868125
v -0.7578750000000001 3.233515625 -0.3868125
v -0.24212499999999998 2.266484375 -0.3868125
v -0.7578750000000001 2.266484375 -0.3868125
vt 0.9375 1.6875
vt 1.6875 1.6875
vt 0.9375 0.75
vt 1.6875 0.75
vt 0.9375 1.6875
vt 1.6875 1.6875
vt 0.9375 0.75
vt 1.6875 0.75
vt 0.9375 1.5
vt 1.4375 1.5
vt 0.9375 0.75
vt 1.4375 0.75
vt 0.9375 1.5
vt 1.4375 1.5
vt 0.9375 0.75
vt 1.4375 0.75
vt 0.9375 1.6875
vt 1.4375 1.6875
vt 0.9375 0.75
vt 1.4375 0.75
vt 0.9375 1.6875
vt 1.4375 1.6875
vt 0.9375 0.75
vt 1.4375 0.75
vn 1 0 0
vn 1 0 0
vn 1 0 0
vn 1 0 0
vn -1 0 0
vn -1 0 0
vn -1 0 0
vn -1 0 0
vn 0 1 0
vn 0 1 0
vn 0 1 0
vn 0 1 0
vn 0 -1 0
vn 0 -1 0
vn 0 -1 0
vn 0 -1 0
vn 0 0 1
vn 0 0 1
vn 0 0 1
vn 0 0 1
vn 0 0 -1
vn 0 0 -1
vn 0 0 -1
vn 0 0 -1
f 625/625/625 627/627/627 626/626/626
f 627/627/627 628/628/628 626/626/626
f 629/629/629 631/631/631 630/630/630
f 631/631/631 632/632/632 630/630/630
f 633/633/633 635/635/635 634/634/634
f 635/635/635 636/636/636 634/634/634
f 637/637/637 639/639/639 638/638/638
f 639/639/639 640/640/640 638/638/638
f 641/641/641 643/643/643 642/642/642
f 643/643/643 644/644/644 642/642/642
f 645/645/645 647/647/647 646/646/646
f 647/647/647 648/648/648 646/646/646
o crush_plate_28
usemtl meteor_iron_dark
v -0.72471875 3.283640625 0.43946874999999996
v -0.72471875 3.283640625 -0.43946874999999996
v -0.72471875 2.216359375 0.43946874999999996
v -0.72471875 2.216359375 -0.43946874999999996
v -0.85028125 3.283640625 -0.43946874999999996
v -0.85028125 3.283640625 0.43946874999999996
v -0.85028125 2.216359375 -0.43946874999999996
v -0.85028125 2.216359375 0.43946874999999996
v -0.85028125 3.283640625 -0.43946874999999996
v -0.72471875 3.283640625 -0.43946874999999996
v -0.85028125 3.283640625 0.43946874999999996
v -0.72471875 3.283640625 0.43946874999999996
v -0.85028125 2.216359375 0.43946874999999996
v -0.72471875 2.216359375 0.43946874999999996
v -0.85028125 2.216359375 -0.43946874999999996
v -0.72471875 2.216359375 -0.43946874999999996
v -0.85028125 3.283640625 0.43946874999999996
v -0.72471875 3.283640625 0.43946874999999996
v -0.85028125 2.216359375 0.43946874999999996
v -0.72471875 2.216359375 0.43946874999999996
v -0.72471875 3.283640625 -0.43946874999999996
v -0.85028125 3.283640625 -0.43946874999999996
v -0.72471875 2.216359375 -0.43946874999999996
v -0.85028125 2.216359375 -0.43946874999999996
vt 0 1.8125
vt 0.875 1.8125
vt 0 0.75
vt 0.875 0.75
vt 0 1.8125
vt 0.875 1.8125
vt 0 0.75
vt 0.875 0.75
vt 0 1.625
vt 0.125 1.625
vt 0 0.75
vt 0.125 0.75
vt 0 1.625
vt 0.125 1.625
vt 0 0.75
vt 0.125 0.75
vt 0 1.8125
vt 0.125 1.8125
vt 0 0.75
vt 0.125 0.75
vt 0 1.8125
vt 0.125 1.8125
vt 0 0.75
vt 0.125 0.75
vn 1 0 0
vn 1 0 0
vn 1 0 0
vn 1 0 0
vn -1 0 0
vn -1 0 0
vn -1 0 0
vn -1 0 0
vn 0 1 0
vn 0 1 0
vn 0 1 0
vn 0 1 0
vn 0 -1 0
vn 0 -1 0
vn 0 -1 0
vn 0 -1 0
vn 0 0 1
vn 0 0 1
vn 0 0 1
vn 0 0 1
vn 0 0 -1
vn 0 0 -1
vn 0 0 -1
vn 0 0 -1
f 649/649/649 651/651/651 650/650/650
f 651/651/651 652/652/652 650/650/650
f 653/653/653 655/655/655 654/654/654
f 655/655/655 656/656/656 654/654/654
f 657/657/657 659/659/659 658/658/658
f 659/659/659 660/660/660 658/658/658
f 661/661/661 663/663/663 662/662/662
f 663/663/663 664/664/664 662/662/662
f 665/665/665 667/667/667 666/666/666
f 667/667/667 668/668/668 666/666/666
f 669/669/669 671/671/671 670/670/670
f 671/671/671 672/672/672 670/670/670
o crush_plate_29
usemtl star_silver
v -0.8421750007718801 2.509625 -0.19037499999999996
v -0.8421750007718801 2.509625 -0.384625
v -0.8421750007718801 2.315375 -0.19037499999999996
v -0.8421750007718801 2.315375 -0.384625
v -0.9328249992281198 2.509625 -0.384625
v -0.9328249992281198 2.509625 -0.19037499999999996
v -0.9328249992281198 2.315375 -0.384625
v -0.9328249992281198 2.315375 -0.19037499999999996
v -0.9328249992281198 2.509625 -0.384625
v -0.8421750007718801 2.509625 -0.384625
v -0.9328249992281198 2.509625 -0.19037499999999996
v -0.8421750007718801 2.509625 -0.19037499999999996
v -0.9328249992281198 2.315375 -0.19037499999999996
v -0.8421750007718801 2.315375 -0.19037499999999996
v -0.9328249992281198 2.315375 -0.384625
v -0.8421750007718801 2.315375 -0.384625
v -0.9328249992281198 2.509625 -0.19037499999999996
v -0.8421750007718801 2.509625 -0.19037499999999996
v -0.9328249992281198 2.315375 -0.19037499999999996
v -0.8421750007718801 2.315375 -0.19037499999999996
v -0.8421750007718801 2.509625 -0.384625
v -0.9328249992281198 2.509625 -0.384625
v -0.8421750007718801 2.315375 -0.384625
v -0.9328249992281198 2.315375 -0.384625
vt 0.3125 0.6875
vt 0.5 0.6875
vt 0.3125 0.5
vt 0.5 0.5
vt 0.3125 0.6875
vt 0.5 0.6875
vt 0.3125 0.5
vt 0.5 0.5
vt 0.3125 0.6875
vt 0.375 0.6875
vt 0.3125 0.5
vt 0.375 0.5
vt 0.3125 0.6875
vt 0.375 0.6875
vt 0.3125 0.5
vt 0.375 0.5
vt 0.3125 0.6875
vt 0.375 0.6875
vt 0.3125 0.5
vt 0.375 0.5
vt 0.3125 0.6875
vt 0.375 0.6875
vt 0.3125 0.5
vt 0.375 0.5
vn 1 0 0
vn 1 0 0
vn 1 0 0
vn 1 0 0
vn -1 0 0
vn -1 0 0
vn -1 0 0
vn -1 0 0
vn 0 1 0
vn 0 1 0
vn 0 1 0
vn 0 1 0
vn 0 -1 0
vn 0 -1 0
vn 0 -1 0
vn 0 -1 0
vn 0 0 1
vn 0 0 1
vn 0 0 1
vn 0 0 1
vn 0 0 -1
vn 0 0 -1
vn 0 0 -1
vn 0 0 -1
f 673/673/673 675/675/675 674/674/674
f 675/675/675 676/676/676 674/674/674
f 677/677/677 679/679/679 678/678/678
f 679/679/679 680/680/680 678/678/678
f 681/681/681 683/683/683 682/682/682
f 683/683/683 684/684/684 682/682/682
f 685/685/685 687/687/687 686/686/686
f 687/687/687 688/688/688 686/686/686
f 689/689/689 691/691/691 690/690/690
f 691/691/691 692/692/692 690/690/690
f 693/693/693 695/695/695 694/694/694
f 695/695/695 696/696/696 694/694/694
o crush_plate_29_back
usemtl star_silver
v -0.8421750007718801 2.509625 0.384625
v -0.8421750007718801 2.509625 0.19037499999999996
v -0.8421750007718801 2.315375 0.384625
v -0.8421750007718801 2.315375 0.19037499999999996
v -0.9328249992281198 2.509625 0.19037499999999996
v -0.9328249992281198 2.509625 0.384625
v -0.9328249992281198 2.315375 0.19037499999999996
v -0.9328249992281198 2.315375 0.384625
v -0.9328249992281198 2.509625 0.19037499999999996
v -0.8421750007718801 2.509625 0.19037499999999996
v -0.9328249992281198 2.509625 0.384625
v -0.8421750007718801 2.509625 0.384625
v -0.9328249992281198 2.315375 0.384625
v -0.8421750007718801 2.315375 0.384625
v -0.9328249992281198 2.315375 0.19037499999999996
v -0.8421750007718801 2.315375 0.19037499999999996
v -0.9328249992281198 2.509625 0.384625
v -0.8421750007718801 2.509625 0.384625
v -0.9328249992281198 2.315375 0.384625
v -0.8421750007718801 2.315375 0.384625
v -0.8421750007718801 2.509625 0.19037499999999996
v -0.9328249992281198 2.509625 0.19037499999999996
v -0.8421750007718801 2.315375 0.19037499999999996
v -0.9328249992281198 2.315375 0.19037499999999996
vt 0.3125 0.6875
vt 0.5 0.6875
vt 0.3125 0.5
vt 0.5 0.5
vt 0.3125 0.6875
vt 0.5 0.6875
vt 0.3125 0.5
vt 0.5 0.5
vt 0.3125 0.6875
vt 0.375 0.6875
vt 0.3125 0.5
vt 0.375 0.5
vt 0.3125 0.6875
vt 0.375 0.6875
vt 0.3125 0.5
vt 0.375 0.5
vt 0.3125 0.6875
vt 0.375 0.6875
vt 0.3125 0.5
vt 0.375 0.5
vt 0.3125 0.6875
vt 0.375 0.6875
vt 0.3125 0.5
vt 0.375 0.5
vn 1 0 0
vn 1 0 0
vn 1 0 0
vn 1 0 0
vn -1 0 0
vn -1 0 0
vn -1 0 0
vn -1 0 0
vn 0 1 0
vn 0 1 0
vn 0 1 0
vn 0 1 0
vn 0 -1 0
vn 0 -1 0
vn 0 -1 0
vn 0 -1 0
vn 0 0 1
vn 0 0 1
vn 0 0 1
vn 0 0 1
vn 0 0 -1
vn 0 0 -1
vn 0 0 -1
vn 0 0 -1
f 697/697/697 699/699/699 698/698/698
f 699/699/699 700/700/700 698/698/698
f 701/701/701 703/703/703 702/702/702
f 703/703/703 704/704/704 702/702/702
f 705/705/705 707/707/707 706/706/706
f 707/707/707 708/708/708 706/706/706
f 709/709/709 711/711/711 710/710/710
f 711/711/711 712/712/712 710/710/710
f 713/713/713 715/715/715 714/714/714
f 715/715/715 716/716/716 714/714/714
f 717/717/717 719/719/719 718/718/718
f 719/719/719 720/720/720 718/718/718
o crush_plate_30
usemtl star_silver
v -0.8433562507517636 2.50709375 0.09459374999999999
v -0.8433562507517636 2.50709375 -0.09459374999999999
v -0.8433562507517636 2.31790625 0.09459374999999999
v -0.8433562507517636 2.31790625 -0.09459374999999999
v -0.9316437492482363 2.50709375 -0.09459374999999999
v -0.9316437492482363 2.50709375 0.09459374999999999
v -0.9316437492482363 2.31790625 -0.09459374999999999
v -0.9316437492482363 2.31790625 0.09459374999999999
v -0.9316437492482363 2.50709375 -0.09459374999999999
v -0.8433562507517636 2.50709375 -0.09459374999999999
v -0.9316437492482363 2.50709375 0.09459374999999999
v -0.8433562507517636 2.50709375 0.09459374999999999
v -0.9316437492482363 2.31790625 0.09459374999999999
v -0.8433562507517636 2.31790625 0.09459374999999999
v -0.9316437492482363 2.31790625 -0.09459374999999999
v -0.8433562507517636 2.31790625 -0.09459374999999999
v -0.9316437492482363 2.50709375 0.09459374999999999
v -0.8433562507517636 2.50709375 0.09459374999999999
v -0.9316437492482363 2.31790625 0.09459374999999999
v -0.8433562507517636 2.31790625 0.09459374999999999
v -0.8433562507517636 2.50709375 -0.09459374999999999
v -0.9316437492482363 2.50709375 -0.09459374999999999
v -0.8433562507517636 2.31790625 -0.09459374999999999
v -0.9316437492482363 2.31790625 -0.09459374999999999
vt 0.3125 0.6875
vt 0.5 0.6875
vt 0.3125 0.5
vt 0.5 0.5
vt 0.3125 0.6875
vt 0.5 0.6875
vt 0.3125 0.5
vt 0.5 0.5
vt 0.3125 0.6875
vt 0.375 0.6875
vt 0.3125 0.5
vt 0.375 0.5
vt 0.3125 0.6875
vt 0.375 0.6875
vt 0.3125 0.5
vt 0.375 0.5
vt 0.3125 0.6875
vt 0.375 0.6875
vt 0.3125 0.5
vt 0.375 0.5
vt 0.3125 0.6875
vt 0.375 0.6875
vt 0.3125 0.5
vt 0.375 0.5
vn 0.9999999999999999 0 0
vn 0.9999999999999999 0 0
vn 0.9999999999999999 0 0
vn 0.9999999999999999 0 0
vn -0.9999999999999999 0 0
vn -0.9999999999999999 0 0
vn -0.9999999999999999 0 0
vn -0.9999999999999999 0 0
vn 0 0.9999999999999999 0
vn 0 0.9999999999999999 0
vn 0 0.9999999999999999 0
vn 0 0.9999999999999999 0
vn 0 -0.9999999999999999 0
vn 0 -0.9999999999999999 0
vn 0 -0.9999999999999999 0
vn 0 -0.9999999999999999 0
vn 0 0 0.9999999999999999
vn 0 0 0.9999999999999999
vn 0 0 0.9999999999999999
vn 0 0 0.9999999999999999
vn 0 0 -0.9999999999999999
vn 0 0 -0.9999999999999999
vn 0 0 -0.9999999999999999
vn 0 0 -0.9999999999999999
f 721/721/721 723/723/723 722/722/722
f 723/723/723 724/724/724 722/722/722
f 725/725/725 727/727/727 726/726/726
f 727/727/727 728/728/728 726/726/726
f 729/729/729 731/731/731 730/730/730
f 731/731/731 732/732/732 730/730/730
f 733/733/733 735/735/735 734/734/734
f 735/735/735 736/736/736 734/734/734
f 737/737/737 739/739/739 738/738/738
f 739/739/739 740/740/740 738/738/738
f 741/741/741 743/743/743 742/742/742
f 743/743/743 744/744/744 742/742/742
o crush_plate_31
usemtl star_silver
v -0.8419781257752329 2.510046875 0.385046875
v -0.8419781257752329 2.510046875 0.18995312499999997
v -0.8419781257752329 2.314953125 0.385046875
v -0.8419781257752329 2.314953125 0.18995312499999997
v -0.933021874224767 2.510046875 0.18995312499999997
v -0.933021874224767 2.510046875 0.385046875
v -0.933021874224767 2.314953125 0.18995312499999997
v -0.933021874224767 2.314953125 0.385046875
v -0.933021874224767 2.510046875 0.18995312499999997
v -0.8419781257752329 2.510046875 0.18995312499999997
v -0.933021874224767 2.510046875 0.385046875
v -0.8419781257752329 2.510046875 0.385046875
v -0.933021874224767 2.314953125 0.385046875
v -0.8419781257752329 2.314953125 0.385046875
v -0.933021874224767 2.314953125 0.18995312499999997
v -0.8419781257752329 2.314953125 0.18995312499999997
v -0.933021874224767 2.510046875 0.385046875
v -0.8419781257752329 2.510046875 0.385046875
v -0.933021874224767 2.314953125 0.385046875
v -0.8419781257752329 2.314953125 0.385046875
v -0.8419781257752329 2.510046875 0.18995312499999997
v -0.933021874224767 2.510046875 0.18995312499999997
v -0.8419781257752329 2.314953125 0.18995312499999997
v -0.933021874224767 2.314953125 0.18995312499999997
vt 0.3125 0.6875
vt 0.5 0.6875
vt 0.3125 0.5
vt 0.5 0.5
vt 0.3125 0.6875
vt 0.5 0.6875
vt 0.3125 0.5
vt 0.5 0.5
vt 0.3125 0.6875
vt 0.375 0.6875
vt 0.3125 0.5
vt 0.375 0.5
vt 0.3125 0.6875
vt 0.375 0.6875
vt 0.3125 0.5
vt 0.375 0.5
vt 0.3125 0.6875
vt 0.375 0.6875
vt 0.3125 0.5
vt 0.375 0.5
vt 0.3125 0.6875
vt 0.375 0.6875
vt 0.3125 0.5
vt 0.375 0.5
vn 1 0 0
vn 1 0 0
vn 1 0 0
vn 1 0 0
vn -1 0 0
vn -1 0 0
vn -1 0 0
vn -1 0 0
vn 0 1 0
vn 0 1 0
vn 0 1 0
vn 0 1 0
vn 0 -1 0
vn 0 -1 0
vn 0 -1 0
vn 0 -1 0
vn 0 0 1
vn 0 0 1
vn 0 0 1
vn 0 0 1
vn 0 0 -1
vn 0 0 -1
vn 0 0 -1
vn 0 0 -1
f 745/745/745 747/747/747 746/746/746
f 747/747/747 748/748/748 746/746/746
f 749/749/749 751/751/751 750/750/750
f 751/751/751 752/752/752 750/750/750
f 753/753/753 755/755/755 754/754/754
f 755/755/755 756/756/756 754/754/754
f 757/757/757 759/759/759 758/758/758
f 759/759/759 760/760/760 758/758/758
f 761/761/761 763/763/763 762/762/762
f 763/763/763 764/764/764 762/762/762
f 765/765/765 767/767/767 766/766/766
f 767/767/767 768/768/768 766/766/766
o crush_plate_31_back
usemtl star_silver
v -0.8419781257752329 2.510046875 -0.18995312499999997
v -0.8419781257752329 2.510046875 -0.385046875
v -0.8419781257752329 2.314953125 -0.18995312499999997
v -0.8419781257752329 2.314953125 -0.385046875
v -0.933021874224767 2.510046875 -0.385046875
v -0.933021874224767 2.510046875 -0.18995312499999997
v -0.933021874224767 2.314953125 -0.385046875
v -0.933021874224767 2.314953125 -0.18995312499999997
v -0.933021874224767 2.510046875 -0.385046875
v -0.8419781257752329 2.510046875 -0.385046875
v -0.933021874224767 2.510046875 -0.18995312499999997
v -0.8419781257752329 2.510046875 -0.18995312499999997
v -0.933021874224767 2.314953125 -0.18995312499999997
v -0.8419781257752329 2.314953125 -0.18995312499999997
v -0.933021874224767 2.314953125 -0.385046875
v -0.8419781257752329 2.314953125 -0.385046875
v -0.933021874224767 2.510046875 -0.18995312499999997
v -0.8419781257752329 2.510046875 -0.18995312499999997
v -0.933021874224767 2.314953125 -0.18995312499999997
v -0.8419781257752329 2.314953125 -0.18995312499999997
v -0.8419781257752329 2.510046875 -0.385046875
v -0.933021874224767 2.510046875 -0.385046875
v -0.8419781257752329 2.314953125 -0.385046875
v -0.933021874224767 2.314953125 -0.385046875
vt 0.3125 0.6875
vt 0.5 0.6875
vt 0.3125 0.5
vt 0.5 0.5
vt 0.3125 0.6875
vt 0.5 0.6875
vt 0.3125 0.5
vt 0.5 0.5
vt 0.3125 0.6875
vt 0.375 0.6875
vt 0.3125 0.5
vt 0.375 0.5
vt 0.3125 0.6875
vt 0.375 0.6875
vt 0.3125 0.5
vt 0.375 0.5
vt 0.3125 0.6875
vt 0.375 0.6875
vt 0.3125 0.5
vt 0.375 0.5
vt 0.3125 0.6875
vt 0.375 0.6875
vt 0.3125 0.5
vt 0.375 0.5
vn 1 0 0
vn 1 0 0
vn 1 0 0
vn 1 0 0
vn -1 0 0
vn -1 0 0
vn -1 0 0
vn -1 0 0
vn 0 1 0
vn 0 1 0
vn 0 1 0
vn 0 1 0
vn 0 -1 0
vn 0 -1 0
vn 0 -1 0
vn 0 -1 0
vn 0 0 1
vn 0 0 1
vn 0 0 1
vn 0 0 1
vn 0 0 -1
vn 0 0 -1
vn 0 0 -1
vn 0 0 -1
f 769/769/769 771/771/771 770/770/770
f 771/771/771 772/772/772 770/770/770
f 773/773/773 775/775/775 774/774/774
f 775/775/775 776/776/776 774/774/774
f 777/777/777 779/779/779 778/778/778
f 779/779/779 780/780/780 778/778/778
f 781/781/781 783/783/783 782/782/782
f 783/783/783 784/784/784 782/782/782
f 785/785/785 787/787/787 786/786/786
f 787/787/787 788/788/788 786/786/786
f 789/789/789 791/791/791 790/790/790
f 791/791/791 792/792/792 790/790/790
o crush_plate_32
usemtl star_silver
v -0.8431593757551163 2.845015625 -0.19248437499999999
v -0.8431593757551163 2.845015625 -0.38251562499999997
v -0.8431593757551163 2.654984375 -0.19248437499999999
v -0.8431593757551163 2.654984375 -0.38251562499999997
v -0.9318406242448836 2.845015625 -0.38251562499999997
v -0.9318406242448836 2.845015625 -0.19248437499999999
v -0.9318406242448836 2.654984375 -0.38251562499999997
v -0.9318406242448836 2.654984375 -0.19248437499999999
v -0.9318406242448836 2.845015625 -0.38251562499999997
v -0.8431593757551163 2.845015625 -0.38251562499999997
v -0.9318406242448836 2.845015625 -0.19248437499999999
v -0.8431593757551163 2.845015625 -0.19248437499999999
v -0.9318406242448836 2.654984375 -0.19248437499999999
v -0.8431593757551163 2.654984375 -0.19248437499999999
v -0.9318406242448836 2.654984375 -0.38251562499999997
v -0.8431593757551163 2.654984375 -0.38251562499999997
v -0.9318406242448836 2.845015625 -0.19248437499999999
v -0.8431593757551163 2.845015625 -0.19248437499999999
v -0.9318406242448836 2.654984375 -0.19248437499999999
v -0.8431593757551163 2.654984375 -0.19248437499999999
v -0.8431593757551163 2.845015625 -0.38251562499999997
v -0.9318406242448836 2.845015625 -0.38251562499999997
v -0.8431593757551163 2.654984375 -0.38251562499999997
v -0.9318406242448836 2.654984375 -0.38251562499999997
vt 0.3125 0.6875
vt 0.5 0.6875
vt 0.3125 0.5
vt 0.5 0.5
vt 0.3125 0.6875
vt 0.5 0.6875
vt 0.3125 0.5
vt 0.5 0.5
vt 0.3125 0.6875
vt 0.375 0.6875
vt 0.3125 0.5
vt 0.375 0.5
vt 0.3125 0.6875
vt 0.375 0.6875
vt 0.3125 0.5
vt 0.375 0.5
vt 0.3125 0.6875
vt 0.375 0.6875
vt 0.3125 0.5
vt 0.375 0.5
vt 0.3125 0.6875
vt 0.375 0.6875
vt 0.3125 0.5
vt 0.375 0.5
vn 1 0 0
vn 1 0 0
vn 1 0 0
vn 1 0 0
vn -1 0 0
vn -1 0 0
vn -1 0 0
vn -1 0 0
vn 0 1 0
vn 0 1 0
vn 0 1 0
vn 0 1 0
vn 0 -1 0
vn 0 -1 0
vn 0 -1 0
vn 0 -1 0
vn 0 0 1
vn 0 0 1
vn 0 0 1
vn 0 0 1
vn 0 0 -1
vn 0 0 -1
vn 0 0 -1
vn 0 0 -1
f 793/793/793 795/795/795 794/794/794
f 795/795/795 796/796/796 794/794/794
f 797/797/797 799/799/799 798/798/798
f 799/799/799 800/800/800 798/798/798
f 801/801/801 803/803/803 802/802/802
f 803/803/803 804/804/804 802/802/802
f 805/805/805 807/807/807 806/806/806
f 807/807/807 808/808/808 806/806/806
f 809/809/809 811/811/811 810/810/810
f 811/811/811 812/812/812 810/810/810
f 813/813/813 815/815/815 814/814/814
f 815/815/815 816/816/816 814/814/814
o crush_plate_32_back
usemtl star_silver
v -0.8431593757551163 2.845015625 0.38251562499999997
v -0.8431593757551163 2.845015625 0.19248437499999999
v -0.8431593757551163 2.654984375 0.38251562499999997
v -0.8431593757551163 2.654984375 0.19248437499999999
v -0.9318406242448836 2.845015625 0.19248437499999999
v -0.9318406242448836 2.845015625 0.38251562499999997
v -0.9318406242448836 2.654984375 0.19248437499999999
v -0.9318406242448836 2.654984375 0.38251562499999997
v -0.9318406242448836 2.845015625 0.19248437499999999
v -0.8431593757551163 2.845015625 0.19248437499999999
v -0.9318406242448836 2.845015625 0.38251562499999997
v -0.8431593757551163 2.845015625 0.38251562499999997
v -0.9318406242448836 2.654984375 0.38251562499999997
v -0.8431593757551163 2.654984375 0.38251562499999997
v -0.9318406242448836 2.654984375 0.19248437499999999
v -0.8431593757551163 2.654984375 0.19248437499999999
v -0.9318406242448836 2.845015625 0.38251562499999997
v -0.8431593757551163 2.845015625 0.38251562499999997
v -0.9318406242448836 2.654984375 0.38251562499999997
v -0.8431593757551163 2.654984375 0.38251562499999997
v -0.8431593757551163 2.845015625 0.19248437499999999
v -0.9318406242448836 2.845015625 0.19248437499999999
v -0.8431593757551163 2.654984375 0.19248437499999999
v -0.9318406242448836 2.654984375 0.19248437499999999
vt 0.3125 0.6875
vt 0.5 0.6875
vt 0.3125 0.5
vt 0.5 0.5
vt 0.3125 0.6875
vt 0.5 0.6875
vt 0.3125 0.5
vt 0.5 0.5
vt 0.3125 0.6875
vt 0.375 0.6875
vt 0.3125 0.5
vt 0.375 0.5
vt 0.3125 0.6875
vt 0.375 0.6875
vt 0.3125 0.5
vt 0.375 0.5
vt 0.3125 0.6875
vt 0.375 0.6875
vt 0.3125 0.5
vt 0.375 0.5
vt 0.3125 0.6875
vt 0.375 0.6875
vt 0.3125 0.5
vt 0.375 0.5
vn 1 0 0
vn 1 0 0
vn 1 0 0
vn 1 0 0
vn -1 0 0
vn -1 0 0
vn -1 0 0
vn -1 0 0
vn 0 1 0
vn 0 1 0
vn 0 1 0
vn 0 1 0
vn 0 -1 0
vn 0 -1 0
vn 0 -1 0
vn 0 -1 0
vn 0 0 1
vn 0 0 1
vn 0 0 1
vn 0 0 1
vn 0 0 -1
vn 0 0 -1
vn 0 0 -1
vn 0 0 -1
f 817/817/817 819/819/819 818/818/818
f 819/819/819 820/820/820 818/818/818
f 821/821/821 823/823/823 822/822/822
f 823/823/823 824/824/824 822/822/822
f 825/825/825 827/827/827 826/826/826
f 827/827/827 828/828/828 826/826/826
f 829/829/829 831/831/831 830/830/830
f 831/831/831 832/832/832 830/830/830
f 833/833/833 835/835/835 834/834/834
f 835/835/835 836/836/836 834/834/834
f 837/837/837 839/839/839 838/838/838
f 839/839/839 840/840/840 838/838/838
o crush_plate_33
usemtl star_silver
v -0.8417812507785857 2.84796875 0.09796875
v -0.8417812507785857 2.84796875 -0.09796875
v -0.8417812507785857 2.65203125 0.09796875
v -0.8417812507785857 2.65203125 -0.09796875
v -0.9332187492214142 2.84796875 -0.09796875
v -0.9332187492214142 2.84796875 0.09796875
v -0.9332187492214142 2.65203125 -0.09796875
v -0.9332187492214142 2.65203125 0.09796875
v -0.9332187492214142 2.84796875 -0.09796875
v -0.8417812507785857 2.84796875 -0.09796875
v -0.9332187492214142 2.84796875 0.09796875
v -0.8417812507785857 2.84796875 0.09796875
v -0.9332187492214142 2.65203125 0.09796875
v -0.8417812507785857 2.65203125 0.09796875
v -0.9332187492214142 2.65203125 -0.09796875
v -0.8417812507785857 2.65203125 -0.09796875
v -0.9332187492214142 2.84796875 0.09796875
v -0.8417812507785857 2.84796875 0.09796875
v -0.9332187492214142 2.65203125 0.09796875
v -0.8417812507785857 2.65203125 0.09796875
v -0.8417812507785857 2.84796875 -0.09796875
v -0.9332187492214142 2.84796875 -0.09796875
v -0.8417812507785857 2.65203125 -0.09796875
v -0.9332187492214142 2.65203125 -0.09796875
vt 0.3125 0.6875
vt 0.5 0.6875
vt 0.3125 0.5
vt 0.5 0.5
vt 0.3125 0.6875
vt 0.5 0.6875
vt 0.3125 0.5
vt 0.5 0.5
vt 0.3125 0.6875
vt 0.375 0.6875
vt 0.3125 0.5
vt 0.375 0.5
vt 0.3125 0.6875
vt 0.375 0.6875
vt 0.3125 0.5
vt 0.375 0.5
vt 0.3125 0.6875
vt 0.375 0.6875
vt 0.3125 0.5
vt 0.375 0.5
vt 0.3125 0.6875
vt 0.375 0.6875
vt 0.3125 0.5
vt 0.375 0.5
vn 1 0 0
vn 1 0 0
vn 1 0 0
vn 1 0 0
vn -1 0 0
vn -1 0 0
vn -1 0 0
vn -1 0 0
vn 0 1 0
vn 0 1 0
vn 0 1 0
vn 0 1 0
vn 0 -1 0
vn 0 -1 0
vn 0 -1 0
vn 0 -1 0
vn 0 0 1
vn 0 0 1
vn 0 0 1
vn 0 0 1
vn 0 0 -1
vn 0 0 -1
vn 0 0 -1
vn 0 0 -1
f 841/841/841 843/843/843 842/842/842
f 843/843/843 844/844/844 842/842/842
f 845/845/845 847/847/847 846/846/846
f 847/847/847 848/848/848 846/846/846
f 849/849/849 851/851/851 850/850/850
f 851/851/851 852/852/852 850/850/850
f 853/853/853 855/855/855 854/854/854
f 855/855/855 856/856/856 854/854/854
f 857/857/857 859/859/859 858/858/858
f 859/859/859 860/860/860 858/858/858
f 861/861/861 863/863/863 862/862/862
f 863/863/863 864/864/864 862/862/862
o crush_plate_34
usemtl star_silver
v -0.842962500758469 2.8454375 0.3829375
v -0.842962500758469 2.8454375 0.19206249999999997
v -0.842962500758469 2.6545625 0.3829375
v -0.842962500758469 2.6545625 0.19206249999999997
v -0.9320374992415309 2.8454375 0.19206249999999997
v -0.9320374992415309 2.8454375 0.3829375
v -0.9320374992415309 2.6545625 0.19206249999999997
v -0.9320374992415309 2.6545625 0.3829375
v -0.9320374992415309 2.8454375 0.19206249999999997
v -0.842962500758469 2.8454375 0.19206249999999997
v -0.9320374992415309 2.8454375 0.3829375
v -0.842962500758469 2.8454375 0.3829375
v -0.9320374992415309 2.6545625 0.3829375
v -0.842962500758469 2.6545625 0.3829375
v -0.9320374992415309 2.6545625 0.19206249999999997
v -0.842962500758469 2.6545625 0.19206249999999997
v -0.9320374992415309 2.8454375 0.3829375
v -0.842962500758469 2.8454375 0.3829375
v -0.9320374992415309 2.6545625 0.3829375
v -0.842962500758469 2.6545625 0.3829375
v -0.842962500758469 2.8454375 0.19206249999999997
v -0.9320374992415309 2.8454375 0.19206249999999997
v -0.842962500758469 2.6545625 0.19206249999999997
v -0.9320374992415309 2.6545625 0.19206249999999997
vt 0.3125 0.6875
vt 0.5 0.6875
vt 0.3125 0.5
vt 0.5 0.5
vt 0.3125 0.6875
vt 0.5 0.6875
vt 0.3125 0.5
vt 0.5 0.5
vt 0.3125 0.6875
vt 0.375 0.6875
vt 0.3125 0.5
vt 0.375 0.5
vt 0.3125 0.6875
vt 0.375 0.6875
vt 0.3125 0.5
vt 0.375 0.5
vt 0.3125 0.6875
vt 0.375 0.6875
vt 0.3125 0.5
vt 0.375 0.5
vt 0.3125 0.6875
vt 0.375 0.6875
vt 0.3125 0.5
vt 0.375 0.5
vn 0.9999999999999999 0 0
vn 0.9999999999999999 0 0
vn 0.9999999999999999 0 0
vn 0.9999999999999999 0 0
vn -0.9999999999999999 0 0
vn -0.9999999999999999 0 0
vn -0.9999999999999999 0 0
vn -0.9999999999999999 0 0
vn 0 0.9999999999999999 0
vn 0 0.9999999999999999 0
vn 0 0.9999999999999999 0
vn 0 0.9999999999999999 0
vn 0 -0.9999999999999999 0
vn 0 -0.9999999999999999 0
vn 0 -0.9999999999999999 0
vn 0 -0.9999999999999999 0
vn 0 0 0.9999999999999999
vn 0 0 0.9999999999999999
vn 0 0 0.9999999999999999
vn 0 0 0.9999999999999999
vn 0 0 -0.9999999999999999
vn 0 0 -0.9999999999999999
vn 0 0 -0.9999999999999999
vn 0 0 -0.9999999999999999
f 865/865/865 867/867/867 866/866/866
f 867/867/867 868/868/868 866/866/866
f 869/869/869 871/871/871 870/870/870
f 871/871/871 872/872/872 870/870/870
f 873/873/873 875/875/875 874/874/874
f 875/875/875 876/876/876 874/874/874
f 877/877/877 879/879/879 878/878/878
f 879/879/879 880/880/880 878/878/878
f 881/881/881 883/883/883 882/882/882
f 883/883/883 884/884/884 882/882/882
f 885/885/885 887/887/887 886/886/886
f 887/887/887 888/888/888 886/886/886
o crush_plate_34_back
usemtl star_silver
v -0.842962500758469 2.8454375 -0.19206249999999997
v -0.842962500758469 2.8454375 -0.3829375
v -0.842962500758469 2.6545625 -0.19206249999999997
v -0.842962500758469 2.6545625 -0.3829375
v -0.9320374992415309 2.8454375 -0.3829375
v -0.9320374992415309 2.8454375 -0.19206249999999997
v -0.9320374992415309 2.6545625 -0.3829375
v -0.9320374992415309 2.6545625 -0.19206249999999997
v -0.9320374992415309 2.8454375 -0.3829375
v -0.842962500758469 2.8454375 -0.3829375
v -0.9320374992415309 2.8454375 -0.19206249999999997
v -0.842962500758469 2.8454375 -0.19206249999999997
v -0.9320374992415309 2.6545625 -0.19206249999999997
v -0.842962500758469 2.6545625 -0.19206249999999997
v -0.9320374992415309 2.6545625 -0.3829375
v -0.842962500758469 2.6545625 -0.3829375
v -0.9320374992415309 2.8454375 -0.19206249999999997
v -0.842962500758469 2.8454375 -0.19206249999999997
v -0.9320374992415309 2.6545625 -0.19206249999999997
v -0.842962500758469 2.6545625 -0.19206249999999997
v -0.842962500758469 2.8454375 -0.3829375
v -0.9320374992415309 2.8454375 -0.3829375
v -0.842962500758469 2.6545625 -0.3829375
v -0.9320374992415309 2.6545625 -0.3829375
vt 0.3125 0.6875
vt 0.5 0.6875
vt 0.3125 0.5
vt 0.5 0.5
vt 0.3125 0.6875
vt 0.5 0.6875
vt 0.3125 0.5
vt 0.5 0.5
vt 0.3125 0.6875
vt 0.375 0.6875
vt 0.3125 0.5
vt 0.375 0.5
vt 0.3125 0.6875
vt 0.375 0.6875
vt 0.3125 0.5
vt 0.375 0.5
vt 0.3125 0.6875
vt 0.375 0.6875
vt 0.3125 0.5
vt 0.375 0.5
vt 0.3125 0.6875
vt 0.375 0.6875
vt 0.3125 0.5
vt 0.375 0.5
vn 0.9999999999999999 0 0
vn 0.9999999999999999 0 0
vn 0.9999999999999999 0 0
vn 0.9999999999999999 0 0
vn -0.9999999999999999 0 0
vn -0.9999999999999999 0 0
vn -0.9999999999999999 0 0
vn -0.9999999999999999 0 0
vn 0 0.9999999999999999 0
vn 0 0.9999999999999999 0
vn 0 0.9999999999999999 0
vn 0 0.9999999999999999 0
vn 0 -0.9999999999999999 0
vn 0 -0.9999999999999999 0
vn 0 -0.9999999999999999 0
vn 0 -0.9999999999999999 0
vn 0 0 0.9999999999999999
vn 0 0 0.9999999999999999
vn 0 0 0.9999999999999999
vn 0 0 0.9999999999999999
vn 0 0 -0.9999999999999999
vn 0 0 -0.9999999999999999
vn 0 0 -0.9999999999999999
vn 0 0 -0.9999999999999999
f 889/889/889 891/891/891 890/890/890
f 891/891/891 892/892/892 890/890/890
f 893/893/893 895/895/895 894/894/894
f 895/895/895 896/896/896 894/894/894
f 897/897/897 899/899/899 898/898/898
f 899/899/899 900/900/900 898/898/898
f 901/901/901 903/903/903 902/902/902
f 903/903/903 904/904/904 902/902/902
f 905/905/905 907/907/907 906/906/906
f 907/907/907 908/908/908 906/906/906
f 909/909/909 911/911/911 910/910/910
f 911/911/911 912/912/912 910/910/910
o crush_plate_35
usemtl star_silver
v -0.8415843757819383 3.185890625 -0.18910937499999997
v -0.8415843757819383 3.185890625 -0.385890625
v -0.8415843757819383 2.989109375 -0.18910937499999997
v -0.8415843757819383 2.989109375 -0.385890625
v -0.9334156242180616 3.185890625 -0.385890625
v -0.9334156242180616 3.185890625 -0.18910937499999997
v -0.9334156242180616 2.989109375 -0.385890625
v -0.9334156242180616 2.989109375 -0.18910937499999997
v -0.9334156242180616 3.185890625 -0.385890625
v -0.8415843757819383 3.185890625 -0.385890625
v -0.9334156242180616 3.185890625 -0.18910937499999997
v -0.8415843757819383 3.185890625 -0.18910937499999997
v -0.9334156242180616 2.989109375 -0.18910937499999997
v -0.8415843757819383 2.989109375 -0.18910937499999997
v -0.9334156242180616 2.989109375 -0.385890625
v -0.8415843757819383 2.989109375 -0.385890625
v -0.9334156242180616 3.185890625 -0.18910937499999997
v -0.8415843757819383 3.185890625 -0.18910937499999997
v -0.9334156242180616 2.989109375 -0.18910937499999997
v -0.8415843757819383 2.989109375 -0.18910937499999997
v -0.8415843757819383 3.185890625 -0.385890625
v -0.9334156242180616 3.185890625 -0.385890625
v -0.8415843757819383 2.989109375 -0.385890625
v -0.9334156242180616 2.989109375 -0.385890625
vt 0.3125 0.6875
vt 0.5 0.6875
vt 0.3125 0.5
vt 0.5 0.5
vt 0.3125 0.6875
vt 0.5 0.6875
vt 0.3125 0.5
vt 0.5 0.5
vt 0.3125 0.6875
vt 0.375 0.6875
vt 0.3125 0.5
vt 0.375 0.5
vt 0.3125 0.6875
vt 0.375 0.6875
vt 0.3125 0.5
vt 0.375 0.5
vt 0.3125 0.6875
vt 0.375 0.6875
vt 0.3125 0.5
vt 0.375 0.5
vt 0.3125 0.6875
vt 0.375 0.6875
vt 0.3125 0.5
vt 0.375 0.5
vn 1 0 0
vn 1 0 0
vn 1 0 0
vn 1 0 0
vn -1 0 0
vn -1 0 0
vn -1 0 0
vn -1 0 0
vn 0 1 0
vn 0 1 0
vn 0 1 0
vn 0 1 0
vn 0 -1 0
vn 0 -1 0
vn 0 -1 0
vn 0 -1 0
vn 0 0 1
vn 0 0 1
vn 0 0 1
vn 0 0 1
vn 0 0 -1
vn 0 0 -1
vn 0 0 -1
vn 0 0 -1
f 913/913/913 915/915/915 914/914/914
f 915/915/915 916/916/916 914/914/914
f 917/917/917 919/919/919 918/918/918
f 919/919/919 920/920/920 918/918/918
f 921/921/921 923/923/923 922/922/922
f 923/923/923 924/924/924 922/922/922
f 925/925/925 927/927/927 926/926/926
f 927/927/927 928/928/928 926/926/926
f 929/929/929 931/931/931 930/930/930
f 931/931/931 932/932/932 930/930/930
f 933/933/933 935/935/935 934/934/934
f 935/935/935 936/936/936 934/934/934
o crush_plate_35_back
usemtl star_silver
v -0.8415843757819383 3.185890625 0.385890625
v -0.8415843757819383 3.185890625 0.18910937499999997
v -0.8415843757819383 2.989109375 0.385890625
v -0.8415843757819383 2.989109375 0.18910937499999997
v -0.9334156242180616 3.185890625 0.18910937499999997
v -0.9334156242180616 3.185890625 0.385890625
v -0.9334156242180616 2.989109375 0.18910937499999997
v -0.9334156242180616 2.989109375 0.385890625
v -0.9334156242180616 3.185890625 0.18910937499999997
v -0.8415843757819383 3.185890625 0.18910937499999997
v -0.9334156242180616 3.185890625 0.385890625
v -0.8415843757819383 3.185890625 0.385890625
v -0.9334156242180616 2.989109375 0.385890625
v -0.8415843757819383 2.989109375 0.385890625
v -0.9334156242180616 2.989109375 0.18910937499999997
v -0.8415843757819383 2.989109375 0.18910937499999997
v -0.9334156242180616 3.185890625 0.385890625
v -0.8415843757819383 3.185890625 0.385890625
v -0.9334156242180616 2.989109375 0.385890625
v -0.8415843757819383 2.989109375 0.385890625
v -0.8415843757819383 3.185890625 0.18910937499999997
v -0.9334156242180616 3.185890625 0.18910937499999997
v -0.8415843757819383 2.989109375 0.18910937499999997
v -0.9334156242180616 2.989109375 0.18910937499999997
vt 0.3125 0.6875
vt 0.5 0.6875
vt 0.3125 0.5
vt 0.5 0.5
vt 0.3125 0.6875
vt 0.5 0.6875
vt 0.3125 0.5
vt 0.5 0.5
vt 0.3125 0.6875
vt 0.375 0.6875
vt 0.3125 0.5
vt 0.375 0.5
vt 0.3125 0.6875
vt 0.375 0.6875
vt 0.3125 0.5
vt 0.375 0.5
vt 0.3125 0.6875
vt 0.375 0.6875
vt 0.3125 0.5
vt 0.375 0.5
vt 0.3125 0.6875
vt 0.375 0.6875
vt 0.3125 0.5
vt 0.375 0.5
vn 1 0 0
vn 1 0 0
vn 1 0 0
vn 1 0 0
vn -1 0 0
vn -1 0 0
vn -1 0 0
vn -1 0 0
vn 0 1 0
vn 0 1 0
vn 0 1 0
vn 0 1 0
vn 0 -1 0
vn 0 -1 0
vn 0 -1 0
vn 0 -1 0
vn 0 0 1
vn 0 0 1
vn 0 0 1
vn 0 0 1
vn 0 0 -1
vn 0 0 -1
vn 0 0 -1
vn 0 0 -1
f 937/937/937 939/939/939 938/938/938
f 939/939/939 940/940/940 938/938/938
f 941/941/941 943/943/943 942/942/942
f 943/943/943 944/944/944 942/942/942
f 945/945/945 947/947/947 946/946/946
f 947/947/947 948/948/948 946/946/946
f 949/949/949 951/951/951 950/950/950
f 951/951/951 952/952/952 950/950/950
f 953/953/953 955/955/955 954/954/954
f 955/955/955 956/956/956 954/954/954
f 957/957/957 959/959/959 958/958/958
f 959/959/959 960/960/960 958/958/958
o crush_plate_36
usemtl star_silver
v -0.8427656257618218 3.1833593749999998 0.095859375
v -0.8427656257618218 3.1833593749999998 -0.095859375
v -0.8427656257618218 2.991640625 0.095859375
v -0.8427656257618218 2.991640625 -0.095859375
v -0.9322343742381781 3.1833593749999998 -0.095859375
v -0.9322343742381781 3.1833593749999998 0.095859375
v -0.9322343742381781 2.991640625 -0.095859375
v -0.9322343742381781 2.991640625 0.095859375
v -0.9322343742381781 3.1833593749999998 -0.095859375
v -0.8427656257618218 3.1833593749999998 -0.095859375
v -0.9322343742381781 3.1833593749999998 0.095859375
v -0.8427656257618218 3.1833593749999998 0.095859375
v -0.9322343742381781 2.991640625 0.095859375
v -0.8427656257618218 2.991640625 0.095859375
v -0.9322343742381781 2.991640625 -0.095859375
v -0.8427656257618218 2.991640625 -0.095859375
v -0.9322343742381781 3.1833593749999998 0.095859375
v -0.8427656257618218 3.1833593749999998 0.095859375
v -0.9322343742381781 2.991640625 0.095859375
v -0.8427656257618218 2.991640625 0.095859375
v -0.8427656257618218 3.1833593749999998 -0.095859375
v -0.9322343742381781 3.1833593749999998 -0.095859375
v -0.8427656257618218 2.991640625 -0.095859375
v -0.9322343742381781 2.991640625 -0.095859375
vt 0.3125 0.6875
vt 0.5 0.6875
vt 0.3125 0.5
vt 0.5 0.5
vt 0.3125 0.6875
vt 0.5 0.6875
vt 0.3125 0.5
vt 0.5 0.5
vt 0.3125 0.6875
vt 0.375 0.6875
vt 0.3125 0.5
vt 0.375 0.5
vt 0.3125 0.6875
vt 0.375 0.6875
vt 0.3125 0.5
vt 0.375 0.5
vt 0.3125 0.6875
vt 0.375 0.6875
vt 0.3125 0.5
vt 0.375 0.5
vt 0.3125 0.6875
vt 0.375 0.6875
vt 0.3125 0.5
vt 0.375 0.5
vn 1 0 0
vn 1 0 0
vn 1 0 0
vn 1 0 0
vn -1 0 0
vn -1 0 0
vn -1 0 0
vn -1 0 0
vn 0 1 0
vn 0 1 0
vn 0 1 0
vn 0 1 0
vn 0 -1 0
vn 0 -1 0
vn 0 -1 0
vn 0 -1 0
vn 0 0 1
vn 0 0 1
vn 0 0 1
vn 0 0 1
vn 0 0 -1
vn 0 0 -1
vn 0 0 -1
vn 0 0 -1
f 961/961/961 963/963/963 962/962/962
f 963/963/963 964/964/964 962/962/962
f 965/965/965 967/967/967 966/966/966
f 967/967/967 968/968/968 966/966/966
f 969/969/969 971/971/971 970/970/970
f 971/971/971 972/972/972 970/970/970
f 973/973/973 975/975/975 974/974/974
f 975/975/975 976/976/976 974/974/974
f 977/977/977 979/979/979 978/978/978
f 979/979/979 980/980/980 978/978/978
f 981/981/981 983/983/983 982/982/982
f 983/983/983 984/984/984 982/982/982
o crush_plate_37
usemtl star_silver
v -0.8413875007852911 3.1863125 0.38631249999999995
v -0.8413875007852911 3.1863125 0.18868749999999998
v -0.8413875007852911 2.9886874999999997 0.38631249999999995
v -0.8413875007852911 2.9886874999999997 0.18868749999999998
v -0.9336124992147088 3.1863125 0.18868749999999998
v -0.9336124992147088 3.1863125 0.38631249999999995
v -0.9336124992147088 2.9886874999999997 0.18868749999999998
v -0.9336124992147088 2.9886874999999997 0.38631249999999995
v -0.9336124992147088 3.1863125 0.18868749999999998
v -0.8413875007852911 3.1863125 0.18868749999999998
v -0.9336124992147088 3.1863125 0.38631249999999995
v -0.8413875007852911 3.1863125 0.38631249999999995
v -0.9336124992147088 2.9886874999999997 0.38631249999999995
v -0.8413875007852911 2.9886874999999997 0.38631249999999995
v -0.9336124992147088 2.9886874999999997 0.18868749999999998
v -0.8413875007852911 2.9886874999999997 0.18868749999999998
v -0.9336124992147088 3.1863125 0.38631249999999995
v -0.8413875007852911 3.1863125 0.38631249999999995
v -0.9336124992147088 2.9886874999999997 0.38631249999999995
v -0.8413875007852911 2.9886874999999997 0.38631249999999995
v -0.8413875007852911 3.1863125 0.18868749999999998
v -0.9336124992147088 3.1863125 0.18868749999999998
v -0.8413875007852911 2.9886874999999997 0.18868749999999998
v -0.9336124992147088 2.9886874999999997 0.18868749999999998
vt 0.3125 0.6875
vt 0.5 0.6875
vt 0.3125 0.5
vt 0.5 0.5
vt 0.3125 0.6875
vt 0.5 0.6875
vt 0.3125 0.5
vt 0.5 0.5
vt 0.3125 0.6875
vt 0.375 0.6875
vt 0.3125 0.5
vt 0.375 0.5
vt 0.3125 0.6875
vt 0.375 0.6875
vt 0.3125 0.5
vt 0.375 0.5
vt 0.3125 0.6875
vt 0.375 0.6875
vt 0.3125 0.5
vt 0.375 0.5
vt 0.3125 0.6875
vt 0.375 0.6875
vt 0.3125 0.5
vt 0.375 0.5
vn 1 0 0
vn 1 0 0
vn 1 0 0
vn 1 0 0
vn -1 0 0
vn -1 0 0
vn -1 0 0
vn -1 0 0
vn 0 1 0
vn 0 1 0
vn 0 1 0
vn 0 1 0
vn 0 -1 0
vn 0 -1 0
vn 0 -1 0
vn 0 -1 0
vn 0 0 1
vn 0 0 1
vn 0 0 1
vn 0 0 1
vn 0 0 -1
vn 0 0 -1
vn 0 0 -1
vn 0 0 -1
f 985/985/985 987/987/987 986/986/986
f 987/987/987 988/988/988 986/986/986
f 989/989/989 991/991/991 990/990/990
f 991/991/991 992/992/992 990/990/990
f 993/993/993 995/995/995 994/994/994
f 995/995/995 996/996/996 994/994/994
f 997/997/997 999/999/999 998/998/998
f 999/999/999 1000/1000/1000 998/998/998
f 1001/1001/1001 1003/1003/1003 1002/1002/1002
f 1003/1003/1003 1004/1004/1004 1002/1002/1002
f 1005/1005/1005 1007/1007/1007 1006/1006/1006
f 1007/1007/1007 1008/1008/1008 1006/1006/1006
o crush_plate_37_back
usemtl star_silver
v -0.8413875007852911 3.1863125 -0.18868749999999998
v -0.8413875007852911 3.1863125 -0.38631249999999995
v -0.8413875007852911 2.9886874999999997 -0.18868749999999998
v -0.8413875007852911 2.9886874999999997 -0.38631249999999995
v -0.9336124992147088 3.1863125 -0.38631249999999995
v -0.9336124992147088 3.1863125 -0.18868749999999998
v -0.9336124992147088 2.9886874999999997 -0.38631249999999995
v -0.9336124992147088 2.9886874999999997 -0.18868749999999998
v -0.9336124992147088 3.1863125 -0.38631249999999995
v -0.8413875007852911 3.1863125 -0.38631249999999995
v -0.9336124992147088 3.1863125 -0.18868749999999998
v -0.8413875007852911 3.1863125 -0.18868749999999998
v -0.9336124992147088 2.9886874999999997 -0.18868749999999998
v -0.8413875007852911 2.9886874999999997 -0.18868749999999998
v -0.9336124992147088 2.9886874999999997 -0.38631249999999995
v -0.8413875007852911 2.9886874999999997 -0.38631249999999995
v -0.9336124992147088 3.1863125 -0.18868749999999998
v -0.8413875007852911 3.1863125 -0.18868749999999998
v -0.9336124992147088 2.9886874999999997 -0.18868749999999998
v -0.8413875007852911 2.9886874999999997 -0.18868749999999998
v -0.8413875007852911 3.1863125 -0.38631249999999995
v -0.9336124992147088 3.1863125 -0.38631249999999995
v -0.8413875007852911 2.9886874999999997 -0.38631249999999995
v -0.9336124992147088 2.9886874999999997 -0.38631249999999995
vt 0.3125 0.6875
vt 0.5 0.6875
vt 0.3125 0.5
vt 0.5 0.5
vt 0.3125 0.6875
vt 0.5 0.6875
vt 0.3125 0.5
vt 0.5 0.5
vt 0.3125 0.6875
vt 0.375 0.6875
vt 0.3125 0.5
vt 0.375 0.5
vt 0.3125 0.6875
vt 0.375 0.6875
vt 0.3125 0.5
vt 0.375 0.5
vt 0.3125 0.6875
vt 0.375 0.6875
vt 0.3125 0.5
vt 0.375 0.5
vt 0.3125 0.6875
vt 0.375 0.6875
vt 0.3125 0.5
vt 0.375 0.5
vn 1 0 0
vn 1 0 0
vn 1 0 0
vn 1 0 0
vn -1 0 0
vn -1 0 0
vn -1 0 0
vn -1 0 0
vn 0 1 0
vn 0 1 0
vn 0 1 0
vn 0 1 0
vn 0 -1 0
vn 0 -1 0
vn 0 -1 0
vn 0 -1 0
vn 0 0 1
vn 0 0 1
vn 0 0 1
vn 0 0 1
vn 0 0 -1
vn 0 0 -1
vn 0 0 -1
vn 0 0 -1
f 1009/1009/1009 1011/1011/1011 1010/1010/1010
f 1011/1011/1011 1012/1012/1012 1010/1010/1010
f 1013/1013/1013 1015/1015/1015 1014/1014/1014
f 1015/1015/1015 1016/1016/1016 1014/1014/1014
f 1017/1017/1017 1019/1019/1019 1018/1018/1018
f 1019/1019/1019 1020/1020/1020 1018/1018/1018
f 1021/1021/1021 1023/1023/1023 1022/1022/1022
f 1023/1023/1023 1024/1024/1024 1022/1022/1022
f 1025/1025/1025 1027/1027/1027 1026/1026/1026
f 1027/1027/1027 1028/1028/1028 1026/1026/1026
f 1029/1029/1029 1031/1031/1031 1030/1030/1030
f 1031/1031/1031 1032/1032/1032 1030/1030/1030
o crush_plate_38
usemtl star_gold
v -0.23041251224279408 3.1074312492348253 0.39796248775720594
v -0.23041251224279408 3.1074312492348253 -0.39796248775720594
v -0.23041251224279408 3.0175687507651747 0.39796248775720594
v -0.23041251224279408 3.0175687507651747 -0.39796248775720594
v -0.769587487757206 3.1074312492348253 -0.39796248775720594
v -0.769587487757206 3.1074312492348253 0.39796248775720594
v -0.769587487757206 3.0175687507651747 -0.39796248775720594
v -0.769587487757206 3.0175687507651747 0.39796248775720594
v -0.769587487757206 3.1074312492348253 -0.39796248775720594
v -0.23041251224279408 3.1074312492348253 -0.39796248775720594
v -0.769587487757206 3.1074312492348253 0.39796248775720594
v -0.23041251224279408 3.1074312492348253 0.39796248775720594
v -0.769587487757206 3.0175687507651747 0.39796248775720594
v -0.23041251224279408 3.0175687507651747 0.39796248775720594
v -0.769587487757206 3.0175687507651747 -0.39796248775720594
v -0.23041251224279408 3.0175687507651747 -0.39796248775720594
v -0.769587487757206 3.1074312492348253 0.39796248775720594
v -0.23041251224279408 3.1074312492348253 0.39796248775720594
v -0.769587487757206 3.0175687507651747 0.39796248775720594
v -0.23041251224279408 3.0175687507651747 0.39796248775720594
v -0.23041251224279408 3.1074312492348253 -0.39796248775720594
v -0.769587487757206 3.1074312492348253 -0.39796248775720594
v -0.23041251224279408 3.0175687507651747 -0.39796248775720594
v -0.769587487757206 3.0175687507651747 -0.39796248775720594
vt 0.4375 0.25
vt 1.1875 0.25
vt 0.4375 0.1875
vt 1.1875 0.1875
vt 0.4375 0.25
vt 1.1875 0.25
vt 0.4375 0.1875
vt 1.1875 0.1875
vt 0.4375 0.9375
vt 0.9375 0.9375
vt 0.4375 0.1875
vt 0.9375 0.1875
vt 0.4375 0.9375
vt 0.9375 0.9375
vt 0.4375 0.1875
vt 0.9375 0.1875
vt 0.4375 0.25
vt 0.9375 0.25
vt 0.4375 0.1875
vt 0.9375 0.1875
vt 0.4375 0.25
vt 0.9375 0.25
vt 0.4375 0.1875
vt 0.9375 0.1875
vn 1 0 0
vn 1 0 0
vn 1 0 0
vn 1 0 0
vn -1 0 0
vn -1 0 0
vn -1 0 0
vn -1 0 0
vn 0 1 0
vn 0 1 0
vn 0 1 0
vn 0 1 0
vn 0 -1 0
vn 0 -1 0
vn 0 -1 0
vn 0 -1 0
vn 0 0 1
vn 0 0 1
vn 0 0 1
vn 0 0 1
vn 0 0 -1
vn 0 0 -1
vn 0 0 -1
vn 0 0 -1
f 1033/1033/1033 1035/1035/1035 1034/1034/1034
f 1035/1035/1035 1036/1036/1036 1034/1034/1034
f 1037/1037/1037 1039/1039/1039 1038/1038/1038
f 1039/1039/1039 1040/1040/1040 1038/1038/1038
f 1041/1041/1041 1043/1043/1043 1042/1042/1042
f 1043/1043/1043 1044/1044/1044 1042/1042/1042
f 1045/1045/1045 1047/1047/1047 1046/1046/1046
f 1047/1047/1047 1048/1048/1048 1046/1046/1046
f 1049/1049/1049 1051/1051/1051 1050/1050/1050
f 1051/1051/1051 1052/1052/1052 1050/1050/1050
f 1053/1053/1053 1055/1055/1055 1054/1054/1054
f 1055/1055/1055 1056/1056/1056 1054/1054/1054
o crush_plate_39
usemtl star_gold
v -0.23750001192092896 2.481249999254942 0.38749998807907104
v -0.23750001192092896 2.481249999254942 -0.38749998807907104
v -0.23750001192092896 2.393750000745058 0.38749998807907104
v -0.23750001192092896 2.393750000745058 -0.38749998807907104
v -0.762499988079071 2.481249999254942 -0.38749998807907104
v -0.762499988079071 2.481249999254942 0.38749998807907104
v -0.762499988079071 2.393750000745058 -0.38749998807907104
v -0.762499988079071 2.393750000745058 0.38749998807907104
v -0.762499988079071 2.481249999254942 -0.38749998807907104
v -0.23750001192092896 2.481249999254942 -0.38749998807907104
v -0.762499988079071 2.481249999254942 0.38749998807907104
v -0.23750001192092896 2.481249999254942 0.38749998807907104
v -0.762499988079071 2.393750000745058 0.38749998807907104
v -0.23750001192092896 2.393750000745058 0.38749998807907104
v -0.762499988079071 2.393750000745058 -0.38749998807907104
v -0.23750001192092896 2.393750000745058 -0.38749998807907104
v -0.762499988079071 2.481249999254942 0.38749998807907104
v -0.23750001192092896 2.481249999254942 0.38749998807907104
v -0.762499988079071 2.393750000745058 0.38749998807907104
v -0.23750001192092896 2.393750000745058 0.38749998807907104
v -0.23750001192092896 2.481249999254942 -0.38749998807907104
v -0.762499988079071 2.481249999254942 -0.38749998807907104
v -0.23750001192092896 2.393750000745058 -0.38749998807907104
v -0.762499988079071 2.393750000745058 -0.38749998807907104
vt 0.4375 0.25
vt 1.1875 0.25
vt 0.4375 0.1875
vt 1.1875 0.1875
vt 0.4375 0.25
vt 1.1875 0.25
vt 0.4375 0.1875
vt 1.1875 0.1875
vt 0.4375 0.9375
vt 0.9375 0.9375
vt 0.4375 0.1875
vt 0.9375 0.1875
vt 0.4375 0.9375
vt 0.9375 0.9375
vt 0.4375 0.1875
vt 0.9375 0.1875
vt 0.4375 0.25
vt 0.9375 0.25
vt 0.4375 0.1875
vt 0.9375 0.1875
vt 0.4375 0.25
vt 0.9375 0.25
vt 0.4375 0.1875
vt 0.9375 0.1875
vn 1 0 0
vn 1 0 0
vn 1 0 0
vn 1 0 0
vn -1 0 0
vn -1 0 0
vn -1 0 0
vn -1 0 0
vn 0 1 0
vn 0 1 0
vn 0 1 0
vn 0 1 0
vn 0 -1 0
vn 0 -1 0
vn 0 -1 0
vn 0 -1 0
vn 0 0 1
vn 0 0 1
vn 0 0 1
vn 0 0 1
vn 0 0 -1
vn 0 0 -1
vn 0 0 -1
vn 0 0 -1
f 1057/1057/1057 1059/1059/1059 1058/1058/1058
f 1059/1059/1059 1060/1060/1060 1058/1058/1058
f 1061/1061/1061 1063/1063/1063 1062/1062/1062
f 1063/1063/1063 1064/1064/1064 1062/1062/1062
f 1065/1065/1065 1067/1067/1067 1066/1066/1066
f 1067/1067/1067 1068/1068/1068 1066/1066/1066
f 1069/1069/1069 1071/1071/1071 1070/1070/1070
f 1071/1071/1071 1072/1072/1072 1070/1070/1070
f 1073/1073/1073 1075/1075/1075 1074/1074/1074
f 1075/1075/1075 1076/1076/1076 1074/1074/1074
f 1077/1077/1077 1079/1079/1079 1078/1078/1078
f 1079/1079/1079 1080/1080/1080 1078/1078/1078
o crush_plate_40
usemtl cosmic_vein_violet
v -0.4227192767593673 2.99633346338472 0.39970623770356184
v -0.4227192767593673 2.99633346338472 -0.39970623770356184
v -0.29378177675936734 2.7730071623838075 0.39970623770356184
v -0.29378177675936734 2.7730071623838075 -0.39970623770356184
v -0.45621822324063266 2.9769928376161925 -0.39970623770356184
v -0.45621822324063266 2.9769928376161925 0.39970623770356184
v -0.3272807232406327 2.75366653661528 -0.39970623770356184
v -0.3272807232406327 2.75366653661528 0.39970623770356184
v -0.45621822324063266 2.9769928376161925 -0.39970623770356184
v -0.4227192767593673 2.99633346338472 -0.39970623770356184
v -0.45621822324063266 2.9769928376161925 0.39970623770356184
v -0.4227192767593673 2.99633346338472 0.39970623770356184
v -0.3272807232406327 2.75366653661528 0.39970623770356184
v -0.29378177675936734 2.7730071623838075 0.39970623770356184
v -0.3272807232406327 2.75366653661528 -0.39970623770356184
v -0.29378177675936734 2.7730071623838075 -0.39970623770356184
v -0.45621822324063266 2.9769928376161925 0.39970623770356184
v -0.4227192767593673 2.99633346338472 0.39970623770356184
v -0.3272807232406327 2.75366653661528 0.39970623770356184
v -0.29378177675936734 2.7730071623838075 0.39970623770356184
v -0.4227192767593673 2.99633346338472 -0.39970623770356184
v -0.45621822324063266 2.9769928376161925 -0.39970623770356184
v -0.29378177675936734 2.7730071623838075 -0.39970623770356184
v -0.3272807232406327 2.75366653661528 -0.39970623770356184
vt 0.25 0.8125
vt 1 0.8125
vt 0.25 0.5625
vt 1 0.5625
vt 0.25 0.8125
vt 1 0.8125
vt 0.25 0.5625
vt 1 0.5625
vt 0.25 1.3125
vt 0.3125 1.3125
vt 0.25 0.5625
vt 0.3125 0.5625
vt 0.25 1.3125
vt 0.3125 1.3125
vt 0.25 0.5625
vt 0.3125 0.5625
vt 0.25 0.8125
vt 0.3125 0.8125
vt 0.25 0.5625
vt 0.3125 0.5625
vt 0.25 0.8125
vt 0.3125 0.8125
vt 0.25 0.5625
vt 0.3125 0.5625
vn 0.8660254037844387 0.4999999999999999 0
vn 0.8660254037844387 0.4999999999999999 0
vn 0.8660254037844387 0.4999999999999999 0
vn 0.8660254037844387 0.4999999999999999 0
vn -0.8660254037844387 -0.4999999999999999 0
vn -0.8660254037844387 -0.4999999999999999 0
vn -0.8660254037844387 -0.4999999999999999 0
vn -0.8660254037844387 -0.4999999999999999 0
vn -0.4999999999999999 0.8660254037844387 0
vn -0.4999999999999999 0.8660254037844387 0
vn -0.4999999999999999 0.8660254037844387 0
vn -0.4999999999999999 0.8660254037844387 0
vn 0.4999999999999999 -0.8660254037844387 0
vn 0.4999999999999999 -0.8660254037844387 0
vn 0.4999999999999999 -0.8660254037844387 0
vn 0.4999999999999999 -0.8660254037844387 0
vn 0 0 1
vn 0 0 1
vn 0 0 1
vn 0 0 1
vn 0 0 -1
vn 0 0 -1
vn 0 0 -1
vn 0 0 -1
f 1081/1081/1081 1083/1083/1083 1082/1082/1082
f 1083/1083/1083 1084/1084/1084 1082/1082/1082
f 1085/1085/1085 1087/1087/1087 1086/1086/1086
f 1087/1087/1087 1088/1088/1088 1086/1086/1086
f 1089/1089/1089 1091/1091/1091 1090/1090/1090
f 1091/1091/1091 1092/1092/1092 1090/1090/1090
f 1093/1093/1093 1095/1095/1095 1094/1094/1094
f 1095/1095/1095 1096/1096/1096 1094/1094/1094
f 1097/1097/1097 1099/1099/1099 1098/1098/1098
f 1099/1099/1099 1100/1100/1100 1098/1098/1098
f 1101/1101/1101 1103/1103/1103 1102/1102/1102
f 1103/1103/1103 1104/1104/1104 1102/1102/1102
o crush_plate_41
usemtl cosmic_vein_violet
v -0.46736201187704896 2.6465799520218676 0.38924373802542683
v -0.46736201187704896 2.6465799520218676 -0.38924373802542683
v -0.6287820503595811 2.454207041243614 0.38924373802542683
v -0.6287820503595811 2.454207041243614 -0.38924373802542683
v -0.4962179496404189 2.670792958756386 -0.38924373802542683
v -0.4962179496404189 2.670792958756386 0.38924373802542683
v -0.657637988122951 2.4784200479781324 -0.38924373802542683
v -0.657637988122951 2.4784200479781324 0.38924373802542683
v -0.4962179496404189 2.670792958756386 -0.38924373802542683
v -0.46736201187704896 2.6465799520218676 -0.38924373802542683
v -0.4962179496404189 2.670792958756386 0.38924373802542683
v -0.46736201187704896 2.6465799520218676 0.38924373802542683
v -0.657637988122951 2.4784200479781324 0.38924373802542683
v -0.6287820503595811 2.454207041243614 0.38924373802542683
v -0.657637988122951 2.4784200479781324 -0.38924373802542683
v -0.6287820503595811 2.454207041243614 -0.38924373802542683
v -0.4962179496404189 2.670792958756386 0.38924373802542683
v -0.46736201187704896 2.6465799520218676 0.38924373802542683
v -0.657637988122951 2.4784200479781324 0.38924373802542683
v -0.6287820503595811 2.454207041243614 0.38924373802542683
v -0.46736201187704896 2.6465799520218676 -0.38924373802542683
v -0.4962179496404189 2.670792958756386 -0.38924373802542683
v -0.6287820503595811 2.454207041243614 -0.38924373802542683
v -0.657637988122951 2.4784200479781324 -0.38924373802542683
vt 0.25 0.8125
vt 1 0.8125
vt 0.25 0.5625
vt 1 0.5625
vt 0.25 0.8125
vt 1 0.8125
vt 0.25 0.5625
vt 1 0.5625
vt 0.25 1.3125
vt 0.3125 1.3125
vt 0.25 0.5625
vt 0.3125 0.5625
vt 0.25 1.3125
vt 0.3125 1.3125
vt 0.25 0.5625
vt 0.3125 0.5625
vt 0.25 0.8125
vt 0.3125 0.8125
vt 0.25 0.5625
vt 0.3125 0.5625
vt 0.25 0.8125
vt 0.3125 0.8125
vt 0.25 0.5625
vt 0.3125 0.5625
vn 0.766044443118978 -0.6427876096865394 0
vn 0.766044443118978 -0.6427876096865394 0
vn 0.766044443118978 -0.6427876096865394 0
vn 0.766044443118978 -0.6427876096865394 0
vn -0.766044443118978 0.6427876096865394 0
vn -0.766044443118978 0.6427876096865394 0
vn -0.766044443118978 0.6427876096865394 0
vn -0.766044443118978 0.6427876096865394 0
vn 0.6427876096865394 0.766044443118978 0
vn 0.6427876096865394 0.766044443118978 0
vn 0.6427876096865394 0.766044443118978 0
vn 0.6427876096865394 0.766044443118978 0
vn -0.6427876096865394 -0.766044443118978 0
vn -0.6427876096865394 -0.766044443118978 0
vn -0.6427876096865394 -0.766044443118978 0
vn -0.6427876096865394 -0.766044443118978 0
vn 0 0 1
vn 0 0 1
vn 0 0 1
vn 0 0 1
vn 0 0 -1
vn 0 0 -1
vn 0 0 -1
vn 0 0 -1
f 1105/1105/1105 1107/1107/1107 1106/1106/1106
f 1107/1107/1107 1108/1108/1108 1106/1106/1106
f 1109/1109/1109 1111/1111/1111 1110/1110/1110
f 1111/1111/1111 1112/1112/1112 1110/1110/1110
f 1113/1113/1113 1115/1115/1115 1114/1114/1114
f 1115/1115/1115 1116/1116/1116 1114/1114/1114
f 1117/1117/1117 1119/1119/1119 1118/1118/1118
f 1119/1119/1119 1120/1120/1120 1118/1118/1118
f 1121/1121/1121 1123/1123/1123 1122/1122/1122
f 1123/1123/1123 1124/1124/1124 1122/1122/1122
f 1125/1125/1125 1127/1127/1127 1126/1126/1126
f 1127/1127/1127 1128/1128/1128 1126/1126/1126
o crush_plate_42
usemtl cosmic_vein_violet
v -0.7400464528436754 3.0625451384447704 0.40144998764991763
v -0.7400464528436754 3.0625451384447704 -0.40144998764991763
v -0.4966660640601252 2.973961921323422 0.40144998764991763
v -0.4966660640601252 2.973961921323422 -0.40144998764991763
v -0.7533339359398747 3.026038078676578 -0.40144998764991763
v -0.7533339359398747 3.026038078676578 0.40144998764991763
v -0.5099535471563246 2.9374548615552296 -0.40144998764991763
v -0.5099535471563246 2.9374548615552296 0.40144998764991763
v -0.7533339359398747 3.026038078676578 -0.40144998764991763
v -0.7400464528436754 3.0625451384447704 -0.40144998764991763
v -0.7533339359398747 3.026038078676578 0.40144998764991763
v -0.7400464528436754 3.0625451384447704 0.40144998764991763
v -0.5099535471563246 2.9374548615552296 0.40144998764991763
v -0.4966660640601252 2.973961921323422 0.40144998764991763
v -0.5099535471563246 2.9374548615552296 -0.40144998764991763
v -0.4966660640601252 2.973961921323422 -0.40144998764991763
v -0.7533339359398747 3.026038078676578 0.40144998764991763
v -0.7400464528436754 3.0625451384447704 0.40144998764991763
v -0.5099535471563246 2.9374548615552296 0.40144998764991763
v -0.4966660640601252 2.973961921323422 0.40144998764991763
v -0.7400464528436754 3.0625451384447704 -0.40144998764991763
v -0.7533339359398747 3.026038078676578 -0.40144998764991763
v -0.4966660640601252 2.973961921323422 -0.40144998764991763
v -0.5099535471563246 2.9374548615552296 -0.40144998764991763
vt 0.25 0.8125
vt 1 0.8125
vt 0.25 0.5625
vt 1 0.5625
vt 0.25 0.8125
vt 1 0.8125
vt 0.25 0.5625
vt 1 0.5625
vt 0.25 1.3125
vt 0.3125 1.3125
vt 0.25 0.5625
vt 0.3125 0.5625
vt 0.25 1.3125
vt 0.3125 1.3125
vt 0.25 0.5625
vt 0.3125 0.5625
vt 0.25 0.8125
vt 0.3125 0.8125
vt 0.25 0.5625
vt 0.3125 0.5625
vt 0.25 0.8125
vt 0.3125 0.8125
vt 0.25 0.5625
vt 0.3125 0.5625
vn 0.3420201433256689 0.9396926207859083 0
vn 0.3420201433256689 0.9396926207859083 0
vn 0.3420201433256689 0.9396926207859083 0
vn 0.3420201433256689 0.9396926207859083 0
vn -0.3420201433256689 -0.9396926207859083 0
vn -0.3420201433256689 -0.9396926207859083 0
vn -0.3420201433256689 -0.9396926207859083 0
vn -0.3420201433256689 -0.9396926207859083 0
vn -0.9396926207859083 0.3420201433256689 0
vn -0.9396926207859083 0.3420201433256689 0
vn -0.9396926207859083 0.3420201433256689 0
vn -0.9396926207859083 0.3420201433256689 0
vn 0.9396926207859083 -0.3420201433256689 0
vn 0.9396926207859083 -0.3420201433256689 0
vn 0.9396926207859083 -0.3420201433256689 0
vn 0.9396926207859083 -0.3420201433256689 0
vn 0 0 1
vn 0 0 1
vn 0 0 1
vn 0 0 1
vn 0 0 -1
vn 0 0 -1
vn 0 0 -1
vn 0 0 -1
f 1129/1129/1129 1131/1131/1131 1130/1130/1130
f 1131/1131/1131 1132/1132/1132 1130/1130/1130
f 1133/1133/1133 1135/1135/1135 1134/1134/1134
f 1135/1135/1135 1136/1136/1136 1134/1134/1134
f 1137/1137/1137 1139/1139/1139 1138/1138/1138
f 1139/1139/1139 1140/1140/1140 1138/1138/1138
f 1141/1141/1141 1143/1143/1143 1142/1142/1142
f 1143/1143/1143 1144/1144/1144 1142/1142/1142
f 1145/1145/1145 1147/1147/1147 1146/1146/1146
f 1147/1147/1147 1148/1148/1148 1146/1146/1146
f 1149/1149/1149 1151/1151/1151 1150/1150/1150
f 1151/1151/1151 1152/1152/1152 1150/1150/1150
o meteor_pick_43
usemtl meteor_iron
v 0.5642556243985891 3.15990625 0.34684374999999995
v 0.5642556243985891 3.15990625 -0.34684374999999995
v 0.5642556243985891 2.34009375 0.34684374999999995
v 0.5642556243985891 2.34009375 -0.34684374999999995
v 0.3107443756014109 3.15990625 -0.34684374999999995
v 0.3107443756014109 3.15990625 0.34684374999999995
v 0.3107443756014109 2.34009375 -0.34684374999999995
v 0.3107443756014109 2.34009375 0.34684374999999995
v 0.3107443756014109 3.15990625 -0.34684374999999995
v 0.5642556243985891 3.15990625 -0.34684374999999995
v 0.3107443756014109 3.15990625 0.34684374999999995
v 0.5642556243985891 3.15990625 0.34684374999999995
v 0.3107443756014109 2.34009375 0.34684374999999995
v 0.5642556243985891 2.34009375 0.34684374999999995
v 0.3107443756014109 2.34009375 -0.34684374999999995
v 0.5642556243985891 2.34009375 -0.34684374999999995
v 0.3107443756014109 3.15990625 0.34684374999999995
v 0.5642556243985891 3.15990625 0.34684374999999995
v 0.3107443756014109 2.34009375 0.34684374999999995
v 0.5642556243985891 2.34009375 0.34684374999999995
v 0.5642556243985891 3.15990625 -0.34684374999999995
v 0.3107443756014109 3.15990625 -0.34684374999999995
v 0.5642556243985891 2.34009375 -0.34684374999999995
v 0.3107443756014109 2.34009375 -0.34684374999999995
vt 0.6875 0.8125
vt 1.375 0.8125
vt 0.6875 0
vt 1.375 0
vt 0.6875 0.8125
vt 1.375 0.8125
vt 0.6875 0
vt 1.375 0
vt 0.6875 0.6875
vt 0.9375 0.6875
vt 0.6875 0
vt 0.9375 0
vt 0.6875 0.6875
vt 0.9375 0.6875
vt 0.6875 0
vt 0.9375 0
vt 0.6875 0.8125
vt 0.9375 0.8125
vt 0.6875 0
vt 0.9375 0
vt 0.6875 0.8125
vt 0.9375 0.8125
vt 0.6875 0
vt 0.9375 0
vn 0.9999999999999999 0 0
vn 0.9999999999999999 0 0
vn 0.9999999999999999 0 0
vn 0.9999999999999999 0 0
vn -0.9999999999999999 0 0
vn -0.9999999999999999 0 0
vn -0.9999999999999999 0 0
vn -0.9999999999999999 0 0
vn 0 0.9999999999999999 0
vn 0 0.9999999999999999 0
vn 0 0.9999999999999999 0
vn 0 0.9999999999999999 0
vn 0 -0.9999999999999999 0
vn 0 -0.9999999999999999 0
vn 0 -0.9999999999999999 0
vn 0 -0.9999999999999999 0
vn 0 0 0.9999999999999999
vn 0 0 0.9999999999999999
vn 0 0 0.9999999999999999
vn 0 0 0.9999999999999999
vn 0 0 -0.9999999999999999
vn 0 0 -0.9999999999999999
vn 0 0 -0.9999999999999999
vn 0 0 -0.9999999999999999
f 1153/1153/1153 1155/1155/1155 1154/1154/1154
f 1155/1155/1155 1156/1156/1156 1154/1154/1154
f 1157/1157/1157 1159/1159/1159 1158/1158/1158
f 1159/1159/1159 1160/1160/1160 1158/1158/1158
f 1161/1161/1161 1163/1163/1163 1162/1162/1162
f 1163/1163/1163 1164/1164/1164 1162/1162/1162
f 1165/1165/1165 1167/1167/1167 1166/1166/1166
f 1167/1167/1167 1168/1168/1168 1166/1166/1166
f 1169/1169/1169 1171/1171/1171 1170/1170/1170
f 1171/1171/1171 1172/1172/1172 1170/1170/1170
f 1173/1173/1173 1175/1175/1175 1174/1174/1174
f 1175/1175/1175 1176/1176/1176 1174/1174/1174
o meteor_pick_44
usemtl meteor_rock
v 0.8182128118798137 3.03765625 0.2796343874037266
v 0.8182128118798137 3.03765625 -0.2796343874037266
v 0.8182128118798137 2.38734375 0.2796343874037266
v 0.8182128118798137 2.38734375 -0.2796343874037266
v 0.5567871881201863 3.03765625 -0.2796343874037266
v 0.5567871881201863 3.03765625 0.2796343874037266
v 0.5567871881201863 2.38734375 -0.2796343874037266
v 0.5567871881201863 2.38734375 0.2796343874037266
v 0.5567871881201863 3.03765625 -0.2796343874037266
v 0.8182128118798137 3.03765625 -0.2796343874037266
v 0.5567871881201863 3.03765625 0.2796343874037266
v 0.8182128118798137 3.03765625 0.2796343874037266
v 0.5567871881201863 2.38734375 0.2796343874037266
v 0.8182128118798137 2.38734375 0.2796343874037266
v 0.5567871881201863 2.38734375 -0.2796343874037266
v 0.8182128118798137 2.38734375 -0.2796343874037266
v 0.5567871881201863 3.03765625 0.2796343874037266
v 0.8182128118798137 3.03765625 0.2796343874037266
v 0.5567871881201863 2.38734375 0.2796343874037266
v 0.8182128118798137 2.38734375 0.2796343874037266
v 0.8182128118798137 3.03765625 -0.2796343874037266
v 0.5567871881201863 3.03765625 -0.2796343874037266
v 0.8182128118798137 2.38734375 -0.2796343874037266
v 0.5567871881201863 2.38734375 -0.2796343874037266
vt 0.625 1.0625
vt 1.1875 1.0625
vt 0.625 0.4375
vt 1.1875 0.4375
vt 0.625 1.0625
vt 1.1875 1.0625
vt 0.625 0.4375
vt 1.1875 0.4375
vt 0.625 1
vt 0.875 1
vt 0.625 0.4375
vt 0.875 0.4375
vt 0.625 1
vt 0.875 1
vt 0.625 0.4375
vt 0.875 0.4375
vt 0.625 1.0625
vt 0.875 1.0625
vt 0.625 0.4375
vt 0.875 0.4375
vt 0.625 1.0625
vt 0.875 1.0625
vt 0.625 0.4375
vt 0.875 0.4375
vn 1 0 0
vn 1 0 0
vn 1 0 0
vn 1 0 0
vn -1 0 0
vn -1 0 0
vn -1 0 0
vn -1 0 0
vn 0 1 0
vn 0 1 0
vn 0 1 0
vn 0 1 0
vn 0 -1 0
vn 0 -1 0
vn 0 -1 0
vn 0 -1 0
vn 0 0 1
vn 0 0 1
vn 0 0 1
vn 0 0 1
vn 0 0 -1
vn 0 0 -1
vn 0 0 -1
vn 0 0 -1
f 1177/1177/1177 1179/1179/1179 1178/1178/1178
f 1179/1179/1179 1180/1180/1180 1178/1178/1178
f 1181/1181/1181 1183/1183/1183 1182/1182/1182
f 1183/1183/1183 1184/1184/1184 1182/1182/1182
f 1185/1185/1185 1187/1187/1187 1186/1186/1186
f 1187/1187/1187 1188/1188/1188 1186/1186/1186
f 1189/1189/1189 1191/1191/1191 1190/1190/1190
f 1191/1191/1191 1192/1192/1192 1190/1190/1190
f 1193/1193/1193 1195/1195/1195 1194/1194/1194
f 1195/1195/1195 1196/1196/1196 1194/1194/1194
f 1197/1197/1197 1199/1199/1199 1198/1198/1198
f 1199/1199/1199 1200/1200/1200 1198/1198/1198
o meteor_pick_45
usemtl meteor_iron
v 1.064820936895907 2.9093718780204654 0.2027000030204654
v 1.064820936895907 2.9093718780204654 -0.2027000030204654
v 1.064820936895907 2.4406281219795343 0.2027000030204654
v 1.064820936895907 2.4406281219795343 -0.2027000030204654
v 0.810179063104093 2.9093718780204654 -0.2027000030204654
v 0.810179063104093 2.9093718780204654 0.2027000030204654
v 0.810179063104093 2.4406281219795343 -0.2027000030204654
v 0.810179063104093 2.4406281219795343 0.2027000030204654
v 0.810179063104093 2.9093718780204654 -0.2027000030204654
v 1.064820936895907 2.9093718780204654 -0.2027000030204654
v 0.810179063104093 2.9093718780204654 0.2027000030204654
v 1.064820936895907 2.9093718780204654 0.2027000030204654
v 0.810179063104093 2.4406281219795343 0.2027000030204654
v 1.064820936895907 2.4406281219795343 0.2027000030204654
v 0.810179063104093 2.4406281219795343 -0.2027000030204654
v 1.064820936895907 2.4406281219795343 -0.2027000030204654
v 0.810179063104093 2.9093718780204654 0.2027000030204654
v 1.064820936895907 2.9093718780204654 0.2027000030204654
v 0.810179063104093 2.4406281219795343 0.2027000030204654
v 1.064820936895907 2.4406281219795343 0.2027000030204654
v 1.064820936895907 2.9093718780204654 -0.2027000030204654
v 0.810179063104093 2.9093718780204654 -0.2027000030204654
v 1.064820936895907 2.4406281219795343 -0.2027000030204654
v 0.810179063104093 2.4406281219795343 -0.2027000030204654
vt 0.375 1.25
vt 0.75 1.25
vt 0.375 0.8125
vt 0.75 0.8125
vt 0.375 1.25
vt 0.75 1.25
vt 0.375 0.8125
vt 0.75 0.8125
vt 0.375 1.1875
vt 0.625 1.1875
vt 0.375 0.8125
vt 0.625 0.8125
vt 0.375 1.1875
vt 0.625 1.1875
vt 0.375 0.8125
vt 0.625 0.8125
vt 0.375 1.25
vt 0.625 1.25
vt 0.375 0.8125
vt 0.625 0.8125
vt 0.375 1.25
vt 0.625 1.25
vt 0.375 0.8125
vt 0.625 0.8125
vn 1 0 0
vn 1 0 0
vn 1 0 0
vn 1 0 0
vn -1 0 0
vn -1 0 0
vn -1 0 0
vn -1 0 0
vn 0 1 0
vn 0 1 0
vn 0 1 0
vn 0 1 0
vn 0 -1 0
vn 0 -1 0
vn 0 -1 0
vn 0 -1 0
vn 0 0 1
vn 0 0 1
vn 0 0 1
vn 0 0 1
vn 0 0 -1
vn 0 0 -1
vn 0 0 -1
vn 0 0 -1
f 1201/1201/1201 1203/1203/1203 1202/1202/1202
f 1203/1203/1203 1204/1204/1204 1202/1202/1202
f 1205/1205/1205 1207/1207/1207 1206/1206/1206
f 1207/1207/1207 1208/1208/1208 1206/1206/1206
f 1209/1209/1209 1211/1211/1211 1210/1210/1210
f 1211/1211/1211 1212/1212/1212 1210/1210/1210
f 1213/1213/1213 1215/1215/1215 1214/1214/1214
f 1215/1215/1215 1216/1216/1216 1214/1214/1214
f 1217/1217/1217 1219/1219/1219 1218/1218/1218
f 1219/1219/1219 1220/1220/1220 1218/1218/1218
f 1221/1221/1221 1223/1223/1223 1222/1222/1222
f 1223/1223/1223 1224/1224/1224 1222/1222/1222
o meteor_pick_46
usemtl meteor_rock
v 1.2937781243771316 2.80078125 0.14368750311434267
v 1.2937781243771316 2.80078125 -0.14368750311434267
v 1.2937781243771316 2.4742187500000004 0.14368750311434267
v 1.2937781243771316 2.4742187500000004 -0.14368750311434267
v 1.0312218756228686 2.80078125 -0.14368750311434267
v 1.0312218756228686 2.80078125 0.14368750311434267
v 1.0312218756228686 2.4742187500000004 -0.14368750311434267
v 1.0312218756228686 2.4742187500000004 0.14368750311434267
v 1.0312218756228686 2.80078125 -0.14368750311434267
v 1.2937781243771316 2.80078125 -0.14368750311434267
v 1.0312218756228686 2.80078125 0.14368750311434267
v 1.2937781243771316 2.80078125 0.14368750311434267
v 1.0312218756228686 2.4742187500000004 0.14368750311434267
v 1.2937781243771316 2.4742187500000004 0.14368750311434267
v 1.0312218756228686 2.4742187500000004 -0.14368750311434267
v 1.2937781243771316 2.4742187500000004 -0.14368750311434267
v 1.0312218756228686 2.80078125 0.14368750311434267
v 1.2937781243771316 2.80078125 0.14368750311434267
v 1.0312218756228686 2.4742187500000004 0.14368750311434267
v 1.2937781243771316 2.4742187500000004 0.14368750311434267
v 1.2937781243771316 2.80078125 -0.14368750311434267
v 1.0312218756228686 2.80078125 -0.14368750311434267
v 1.2937781243771316 2.4742187500000004 -0.14368750311434267
v 1.0312218756228686 2.4742187500000004 -0.14368750311434267
vt 0.875 1.0625
vt 1.125 1.0625
vt 0.875 0.75
vt 1.125 0.75
vt 0.875 1.0625
vt 1.125 1.0625
vt 0.875 0.75
vt 1.125 0.75
vt 0.875 1
vt 1.125 1
vt 0.875 0.75
vt 1.125 0.75
vt 0.875 1
vt 1.125 1
vt 0.875 0.75
vt 1.125 0.75
vt 0.875 1.0625
vt 1.125 1.0625
vt 0.875 0.75
vt 1.125 0.75
vt 0.875 1.0625
vt 1.125 1.0625
vt 0.875 0.75
vt 1.125 0.75
vn 1 0 0
vn 1 0 0
vn 1 0 0
vn 1 0 0
vn -1 0 0
vn -1 0 0
vn -1 0 0
vn -1 0 0
vn 0 1 0
vn 0 1 0
vn 0 1 0
vn 0 1 0
vn 0 -1 0
vn 0 -1 0
vn 0 -1 0
vn 0 -1 0
vn 0 0 1
vn 0 0 1
vn 0 0 1
vn 0 0 1
vn 0 0 -1
vn 0 0 -1
vn 0 0 -1
vn 0 0 -1
f 1225/1225/1225 1227/1227/1227 1226/1226/1226
f 1227/1227/1227 1228/1228/1228 1226/1226/1226
f 1229/1229/1229 1231/1231/1231 1230/1230/1230
f 1231/1231/1231 1232/1232/1232 1230/1230/1230
f 1233/1233/1233 1235/1235/1235 1234/1234/1234
f 1235/1235/1235 1236/1236/1236 1234/1234/1234
f 1237/1237/1237 1239/1239/1239 1238/1238/1238
f 1239/1239/1239 1240/1240/1240 1238/1238/1238
f 1241/1241/1241 1243/1243/1243 1242/1242/1242
f 1243/1243/1243 1244/1244/1244 1242/1242/1242
f 1245/1245/1245 1247/1247/1247 1246/1246/1246
f 1247/1247/1247 1248/1248/1248 1246/1246/1246
o meteor_pick_47
usemtl meteor_iron
v 1.4778862493932248 2.6954375 0.08271249696612358
v 1.4778862493932248 2.6954375 -0.08271249696612358
v 1.4778862493932248 2.5045625 0.08271249696612358
v 1.4778862493932248 2.5045625 -0.08271249696612358
v 1.2221137506067754 2.6954375 -0.08271249696612358
v 1.2221137506067754 2.6954375 0.08271249696612358
v 1.2221137506067754 2.5045625 -0.08271249696612358
v 1.2221137506067754 2.5045625 0.08271249696612358
v 1.2221137506067754 2.6954375 -0.08271249696612358
v 1.4778862493932248 2.6954375 -0.08271249696612358
v 1.2221137506067754 2.6954375 0.08271249696612358
v 1.4778862493932248 2.6954375 0.08271249696612358
v 1.2221137506067754 2.5045625 0.08271249696612358
v 1.4778862493932248 2.5045625 0.08271249696612358
v 1.2221137506067754 2.5045625 -0.08271249696612358
v 1.4778862493932248 2.5045625 -0.08271249696612358
v 1.2221137506067754 2.6954375 0.08271249696612358
v 1.4778862493932248 2.6954375 0.08271249696612358
v 1.2221137506067754 2.5045625 0.08271249696612358
v 1.4778862493932248 2.5045625 0.08271249696612358
v 1.4778862493932248 2.6954375 -0.08271249696612358
v 1.2221137506067754 2.6954375 -0.08271249696612358
v 1.4778862493932248 2.5045625 -0.08271249696612358
v 1.2221137506067754 2.5045625 -0.08271249696612358
vt 0.25 0.875
vt 0.4375 0.875
vt 0.25 0.6875
vt 0.4375 0.6875
vt 0.25 0.875
vt 0.4375 0.875
vt 0.25 0.6875
vt 0.4375 0.6875
vt 0.25 0.875
vt 0.5 0.875
vt 0.25 0.6875
vt 0.5 0.6875
vt 0.25 0.875
vt 0.5 0.875
vt 0.25 0.6875
vt 0.5 0.6875
vt 0.25 0.875
vt 0.5 0.875
vt 0.25 0.6875
vt 0.5 0.6875
vt 0.25 0.875
vt 0.5 0.875
vt 0.25 0.6875
vt 0.5 0.6875
vn 0.9999999999999999 0 0
vn 0.9999999999999999 0 0
vn 0.9999999999999999 0 0
vn 0.9999999999999999 0 0
vn -0.9999999999999999 0 0
vn -0.9999999999999999 0 0
vn -0.9999999999999999 0 0
vn -0.9999999999999999 0 0
vn 0 0.9999999999999999 0
vn 0 0.9999999999999999 0
vn 0 0.9999999999999999 0
vn 0 0.9999999999999999 0
vn 0 -0.9999999999999999 0
vn 0 -0.9999999999999999 0
vn 0 -0.9999999999999999 0
vn 0 -0.9999999999999999 0
vn 0 0 0.9999999999999999
vn 0 0 0.9999999999999999
vn 0 0 0.9999999999999999
vn 0 0 0.9999999999999999
vn 0 0 -0.9999999999999999
vn 0 0 -0.9999999999999999
vn 0 0 -0.9999999999999999
vn 0 0 -0.9999999999999999
f 1249/1249/1249 1251/1251/1251 1250/1250/1250
f 1251/1251/1251 1252/1252/1252 1250/1250/1250
f 1253/1253/1253 1255/1255/1255 1254/1254/1254
f 1255/1255/1255 1256/1256/1256 1254/1254/1254
f 1257/1257/1257 1259/1259/1259 1258/1258/1258
f 1259/1259/1259 1260/1260/1260 1258/1258/1258
f 1261/1261/1261 1263/1263/1263 1262/1262/1262
f 1263/1263/1263 1264/1264/1264 1262/1262/1262
f 1265/1265/1265 1267/1267/1267 1266/1266/1266
f 1267/1267/1267 1268/1268/1268 1266/1266/1266
f 1269/1269/1269 1271/1271/1271 1270/1270/1270
f 1271/1271/1271 1272/1272/1272 1270/1270/1270
o meteor_pick_48
usemtl meteor_rock
v 1.6068434368744493 2.6149750007819383 0.04591562421806157
v 1.6068434368744493 2.6149750007819383 -0.04591562421806157
v 1.6068434368744493 2.5100249992180617 0.04591562421806157
v 1.6068434368744493 2.5100249992180617 -0.04591562421806157
v 1.3431565631255509 2.6149750007819383 -0.04591562421806157
v 1.3431565631255509 2.6149750007819383 0.04591562421806157
v 1.3431565631255509 2.5100249992180617 -0.04591562421806157
v 1.3431565631255509 2.5100249992180617 0.04591562421806157
v 1.3431565631255509 2.6149750007819383 -0.04591562421806157
v 1.6068434368744493 2.6149750007819383 -0.04591562421806157
v 1.3431565631255509 2.6149750007819383 0.04591562421806157
v 1.6068434368744493 2.6149750007819383 0.04591562421806157
v 1.3431565631255509 2.5100249992180617 0.04591562421806157
v 1.6068434368744493 2.5100249992180617 0.04591562421806157
v 1.3431565631255509 2.5100249992180617 -0.04591562421806157
v 1.6068434368744493 2.5100249992180617 -0.04591562421806157
v 1.3431565631255509 2.6149750007819383 0.04591562421806157
v 1.6068434368744493 2.6149750007819383 0.04591562421806157
v 1.3431565631255509 2.5100249992180617 0.04591562421806157
v 1.6068434368744493 2.5100249992180617 0.04591562421806157
v 1.6068434368744493 2.6149750007819383 -0.04591562421806157
v 1.3431565631255509 2.6149750007819383 -0.04591562421806157
v 1.6068434368744493 2.5100249992180617 -0.04591562421806157
v 1.3431565631255509 2.5100249992180617 -0.04591562421806157
vt 0.5625 0.3125
vt 0.625 0.3125
vt 0.5625 0.1875
vt 0.625 0.1875
vt 0.5625 0.3125
vt 0.625 0.3125
vt 0.5625 0.1875
vt 0.625 0.1875
vt 0.5625 0.25
vt 0.8125 0.25
vt 0.5625 0.1875
vt 0.8125 0.1875
vt 0.5625 0.25
vt 0.8125 0.25
vt 0.5625 0.1875
vt 0.8125 0.1875
vt 0.5625 0.3125
vt 0.8125 0.3125
vt 0.5625 0.1875
vt 0.8125 0.1875
vt 0.5625 0.3125
vt 0.8125 0.3125
vt 0.5625 0.1875
vt 0.8125 0.1875
vn 1 0 0
vn 1 0 0
vn 1 0 0
vn 1 0 0
vn -1 0 0
vn -1 0 0
vn -1 0 0
vn -1 0 0
vn 0 1 0
vn 0 1 0
vn 0 1 0
vn 0 1 0
vn 0 -1 0
vn 0 -1 0
vn 0 -1 0
vn 0 -1 0
vn 0 0 1
vn 0 0 1
vn 0 0 1
vn 0 0 1
vn 0 0 -1
vn 0 0 -1
vn 0 0 -1
vn 0 0 -1
f 1273/1273/1273 1275/1275/1275 1274/1274/1274
f 1275/1275/1275 1276/1276/1276 1274/1274/1274
f 1277/1277/1277 1279/1279/1279 1278/1278/1278
f 1279/1279/1279 1280/1280/1280 1278/1278/1278
f 1281/1281/1281 1283/1283/1283 1282/1282/1282
f 1283/1283/1283 1284/1284/1284 1282/1282/1282
f 1285/1285/1285 1287/1287/1287 1286/1286/1286
f 1287/1287/1287 1288/1288/1288 1286/1286/1286
f 1289/1289/1289 1291/1291/1291 1290/1290/1290
f 1291/1291/1291 1292/1292/1292 1290/1290/1290
f 1293/1293/1293 1295/1295/1295 1294/1294/1294
f 1295/1295/1295 1296/1296/1296 1294/1294/1294
o meteor_pick_49
usemtl cosmic_vein_blue
v 0.5258726082189932 3.031687746563629 0.287578125
v 0.5258726082189932 3.031687746563629 -0.287578125
v 0.6351587321410233 2.7314265888281315 0.287578125
v 0.6351587321410233 2.7314265888281315 -0.287578125
v 0.48984126785897675 3.0185734111718685 -0.287578125
v 0.48984126785897675 3.0185734111718685 0.287578125
v 0.5991273917810068 2.718312253436371 -0.287578125
v 0.5991273917810068 2.718312253436371 0.287578125
v 0.48984126785897675 3.0185734111718685 -0.287578125
v 0.5258726082189932 3.031687746563629 -0.287578125
v 0.48984126785897675 3.0185734111718685 0.287578125
v 0.5258726082189932 3.031687746563629 0.287578125
v 0.5991273917810068 2.718312253436371 0.287578125
v 0.6351587321410233 2.7314265888281315 0.287578125
v 0.5991273917810068 2.718312253436371 -0.287578125
v 0.6351587321410233 2.7314265888281315 -0.287578125
v 0.48984126785897675 3.0185734111718685 0.287578125
v 0.5258726082189932 3.031687746563629 0.287578125
v 0.5991273917810068 2.718312253436371 0.287578125
v 0.6351587321410233 2.7314265888281315 0.287578125
v 0.5258726082189932 3.031687746563629 -0.287578125
v 0.48984126785897675 3.0185734111718685 -0.287578125
v 0.6351587321410233 2.7314265888281315 -0.287578125
v 0.5991273917810068 2.718312253436371 -0.287578125
vt 0.125 0.5
vt 0.6875 0.5
vt 0.125 0.1875
vt 0.6875 0.1875
vt 0.125 0.5
vt 0.6875 0.5
vt 0.125 0.1875
vt 0.6875 0.1875
vt 0.125 0.75
vt 0.1875 0.75
vt 0.125 0.1875
vt 0.1875 0.1875
vt 0.125 0.75
vt 0.1875 0.75
vt 0.125 0.1875
vt 0.1875 0.1875
vt 0.125 0.5
vt 0.1875 0.5
vt 0.125 0.1875
vt 0.1875 0.1875
vt 0.125 0.5
vt 0.1875 0.5
vt 0.125 0.1875
vt 0.1875 0.1875
vn 0.9396926207859085 0.34202014332566866 0
vn 0.9396926207859085 0.34202014332566866 0
vn 0.9396926207859085 0.34202014332566866 0
vn 0.9396926207859085 0.34202014332566866 0
vn -0.9396926207859085 -0.34202014332566866 0
vn -0.9396926207859085 -0.34202014332566866 0
vn -0.9396926207859085 -0.34202014332566866 0
vn -0.9396926207859085 -0.34202014332566866 0
vn -0.34202014332566866 0.9396926207859085 0
vn -0.34202014332566866 0.9396926207859085 0
vn -0.34202014332566866 0.9396926207859085 0
vn -0.34202014332566866 0.9396926207859085 0
vn 0.34202014332566866 -0.9396926207859085 0
vn 0.34202014332566866 -0.9396926207859085 0
vn 0.34202014332566866 -0.9396926207859085 0
vn 0.34202014332566866 -0.9396926207859085 0
vn 0 0 0.9999999999999999
vn 0 0 0.9999999999999999
vn 0 0 0.9999999999999999
vn 0 0 0.9999999999999999
vn 0 0 -0.9999999999999999
vn 0 0 -0.9999999999999999
vn 0 0 -0.9999999999999999
vn 0 0 -0.9999999999999999
f 1297/1297/1297 1299/1299/1299 1298/1298/1298
f 1299/1299/1299 1300/1300/1300 1298/1298/1298
f 1301/1301/1301 1303/1303/1303 1302/1302/1302
f 1303/1303/1303 1304/1304/1304 1302/1302/1302
f 1305/1305/1305 1307/1307/1307 1306/1306/1306
f 1307/1307/1307 1308/1308/1308 1306/1306/1306
f 1309/1309/1309 1311/1311/1311 1310/1310/1310
f 1311/1311/1311 1312/1312/1312 1310/1310/1310
f 1313/1313/1313 1315/1315/1315 1314/1314/1314
f 1315/1315/1315 1316/1316/1316 1314/1314/1314
f 1317/1317/1317 1319/1319/1319 1318/1318/1318
f 1319/1319/1319 1320/1320/1320 1318/1318/1318
o meteor_pick_50
usemtl cosmic_vein_blue
v 0.9119585777223721 2.7577423082931043 0.2964375
v 0.9119585777223721 2.7577423082931043 -0.2964375
v 0.7472710777223721 2.4724951909216046 0.2964375
v 0.7472710777223721 2.4724951909216046 -0.2964375
v 0.8777289222776279 2.7775048090783954 -0.2964375
v 0.8777289222776279 2.7775048090783954 0.2964375
v 0.7130414222776279 2.4922576917068957 -0.2964375
v 0.7130414222776279 2.4922576917068957 0.2964375
v 0.8777289222776279 2.7775048090783954 -0.2964375
v 0.9119585777223721 2.7577423082931043 -0.2964375
v 0.8777289222776279 2.7775048090783954 0.2964375
v 0.9119585777223721 2.7577423082931043 0.2964375
v 0.7130414222776279 2.4922576917068957 0.2964375
v 0.7472710777223721 2.4724951909216046 0.2964375
v 0.7130414222776279 2.4922576917068957 -0.2964375
v 0.7472710777223721 2.4724951909216046 -0.2964375
v 0.8777289222776279 2.7775048090783954 0.2964375
v 0.9119585777223721 2.7577423082931043 0.2964375
v 0.7130414222776279 2.4922576917068957 0.2964375
v 0.7472710777223721 2.4724951909216046 0.2964375
v 0.9119585777223721 2.7577423082931043 -0.2964375
v 0.8777289222776279 2.7775048090783954 -0.2964375
v 0.7472710777223721 2.4724951909216046 -0.2964375
v 0.7130414222776279 2.4922576917068957 -0.2964375
vt 0.125 0.5
vt 0.6875 0.5
vt 0.125 0.1875
vt 0.6875 0.1875
vt 0.125 0.5
vt 0.6875 0.5
vt 0.125 0.1875
vt 0.6875 0.1875
vt 0.125 0.75
vt 0.1875 0.75
vt 0.125 0.1875
vt 0.1875 0.1875
vt 0.125 0.75
vt 0.1875 0.75
vt 0.125 0.1875
vt 0.1875 0.1875
vt 0.125 0.5
vt 0.1875 0.5
vt 0.125 0.1875
vt 0.1875 0.1875
vt 0.125 0.5
vt 0.1875 0.5
vt 0.125 0.1875
vt 0.1875 0.1875
vn 0.8660254037844387 -0.4999999999999999 0
vn 0.8660254037844387 -0.4999999999999999 0
vn 0.8660254037844387 -0.4999999999999999 0
vn 0.8660254037844387 -0.4999999999999999 0
vn -0.8660254037844387 0.4999999999999999 0
vn -0.8660254037844387 0.4999999999999999 0
vn -0.8660254037844387 0.4999999999999999 0
vn -0.8660254037844387 0.4999999999999999 0
vn 0.4999999999999999 0.8660254037844387 0
vn 0.4999999999999999 0.8660254037844387 0
vn 0.4999999999999999 0.8660254037844387 0
vn 0.4999999999999999 0.8660254037844387 0
vn -0.4999999999999999 -0.8660254037844387 0
vn -0.4999999999999999 -0.8660254037844387 0
vn -0.4999999999999999 -0.8660254037844387 0
vn -0.4999999999999999 -0.8660254037844387 0
vn 0 0 1
vn 0 0 1
vn 0 0 1
vn 0 0 1
vn 0 0 -1
vn 0 0 -1
vn 0 0 -1
vn 0 0 -1
f 1321/1321/1321 1323/1323/1323 1322/1322/1322
f 1323/1323/1323 1324/1324/1324 1322/1322/1322
f 1325/1325/1325 1327/1327/1327 1326/1326/1326
f 1327/1327/1327 1328/1328/1328 1326/1326/1326
f 1329/1329/1329 1331/1331/1331 1330/1330/1330
f 1331/1331/1331 1332/1332/1332 1330/1330/1330
f 1333/1333/1333 1335/1335/1335 1334/1334/1334
f 1335/1335/1335 1336/1336/1336 1334/1334/1334
f 1337/1337/1337 1339/1339/1339 1338/1338/1338
f 1339/1339/1339 1340/1340/1340 1338/1338/1338
f 1341/1341/1341 1343/1343/1343 1342/1342/1342
f 1343/1343/1343 1344/1344/1344 1342/1342/1342
o meteor_pick_51
usemtl cosmic_vein_blue
v 0.9626476842027548 2.8770847667898125 0.28884374999999995
v 0.9626476842027548 2.8770847667898125 -0.28884374999999995
v 1.1895847667898125 2.650147684202755 0.28884374999999995
v 1.1895847667898125 2.650147684202755 -0.28884374999999995
v 0.9354152332101876 2.849852315797245 -0.28884374999999995
v 0.9354152332101876 2.849852315797245 0.28884374999999995
v 1.162352315797245 2.6229152332101875 -0.28884374999999995
v 1.162352315797245 2.6229152332101875 0.28884374999999995
v 0.9354152332101876 2.849852315797245 -0.28884374999999995
v 0.9626476842027548 2.8770847667898125 -0.28884374999999995
v 0.9354152332101876 2.849852315797245 0.28884374999999995
v 0.9626476842027548 2.8770847667898125 0.28884374999999995
v 1.162352315797245 2.6229152332101875 0.28884374999999995
v 1.1895847667898125 2.650147684202755 0.28884374999999995
v 1.162352315797245 2.6229152332101875 -0.28884374999999995
v 1.1895847667898125 2.650147684202755 -0.28884374999999995
v 0.9354152332101876 2.849852315797245 0.28884374999999995
v 0.9626476842027548 2.8770847667898125 0.28884374999999995
v 1.162352315797245 2.6229152332101875 0.28884374999999995
v 1.1895847667898125 2.650147684202755 0.28884374999999995
v 0.9626476842027548 2.8770847667898125 -0.28884374999999995
v 0.9354152332101876 2.849852315797245 -0.28884374999999995
v 1.1895847667898125 2.650147684202755 -0.28884374999999995
v 1.162352315797245 2.6229152332101875 -0.28884374999999995
vt 0.125 0.5
vt 0.6875 0.5
vt 0.125 0.1875
vt 0.6875 0.1875
vt 0.125 0.5
vt 0.6875 0.5
vt 0.125 0.1875
vt 0.6875 0.1875
vt 0.125 0.75
vt 0.1875 0.75
vt 0.125 0.1875
vt 0.1875 0.1875
vt 0.125 0.75
vt 0.1875 0.75
vt 0.125 0.1875
vt 0.1875 0.1875
vt 0.125 0.5
vt 0.1875 0.5
vt 0.125 0.1875
vt 0.1875 0.1875
vt 0.125 0.5
vt 0.1875 0.5
vt 0.125 0.1875
vt 0.1875 0.1875
vn 0.7071067811865474 0.7071067811865475 0
vn 0.7071067811865474 0.7071067811865475 0
vn 0.7071067811865474 0.7071067811865475 0
vn 0.7071067811865474 0.7071067811865475 0
vn -0.7071067811865474 -0.7071067811865475 0
vn -0.7071067811865474 -0.7071067811865475 0
vn -0.7071067811865474 -0.7071067811865475 0
vn -0.7071067811865474 -0.7071067811865475 0
vn -0.7071067811865475 0.7071067811865474 0
vn -0.7071067811865475 0.7071067811865474 0
vn -0.7071067811865475 0.7071067811865474 0
vn -0.7071067811865475 0.7071067811865474 0
vn 0.7071067811865475 -0.7071067811865474 0
vn 0.7071067811865475 -0.7071067811865474 0
vn 0.7071067811865475 -0.7071067811865474 0
vn 0.7071067811865475 -0.7071067811865474 0
vn 0 0 1
vn 0 0 1
vn 0 0 1
vn 0 0 1
vn 0 0 -1
vn 0 0 -1
vn 0 0 -1
vn 0 0 -1
f 1345/1345/1345 1347/1347/1347 1346/1346/1346
f 1347/1347/1347 1348/1348/1348 1346/1346/1346
f 1349/1349/1349 1351/1351/1351 1350/1350/1350
f 1351/1351/1351 1352/1352/1352 1350/1350/1350
f 1353/1353/1353 1355/1355/1355 1354/1354/1354
f 1355/1355/1355 1356/1356/1356 1354/1354/1354
f 1357/1357/1357 1359/1359/1359 1358/1358/1358
f 1359/1359/1359 1360/1360/1360 1358/1358/1358
f 1361/1361/1361 1363/1363/1363 1362/1362/1362
f 1363/1363/1363 1364/1364/1364 1362/1362/1362
f 1365/1365/1365 1367/1367/1367 1366/1366/1366
f 1367/1367/1367 1368/1368/1368 1366/1366/1366
o meteor_pick_52
usemtl star_gold
v 0.3875000014901161 3.1875 0.36250001192092896
v 0.3875000014901161 3.1875 -0.36250001192092896
v 0.3875000014901161 2.3125 0.36250001192092896
v 0.3875000014901161 2.3125 -0.36250001192092896
v 0.31249999850988386 3.1875 -0.36250001192092896
v 0.31249999850988386 3.1875 0.36250001192092896
v 0.31249999850988386 2.3125 -0.36250001192092896
v 0.31249999850988386 2.3125 0.36250001192092896
v 0.31249999850988386 3.1875 -0.36250001192092896
v 0.3875000014901161 3.1875 -0.36250001192092896
v 0.31249999850988386 3.1875 0.36250001192092896
v 0.3875000014901161 3.1875 0.36250001192092896
v 0.31249999850988386 2.3125 0.36250001192092896
v 0.3875000014901161 2.3125 0.36250001192092896
v 0.31249999850988386 2.3125 -0.36250001192092896
v 0.3875000014901161 2.3125 -0.36250001192092896
v 0.31249999850988386 3.1875 0.36250001192092896
v 0.3875000014901161 3.1875 0.36250001192092896
v 0.31249999850988386 2.3125 0.36250001192092896
v 0.3875000014901161 2.3125 0.36250001192092896
v 0.3875000014901161 3.1875 -0.36250001192092896
v 0.31249999850988386 3.1875 -0.36250001192092896
v 0.3875000014901161 2.3125 -0.36250001192092896
v 0.31249999850988386 2.3125 -0.36250001192092896
vt 0.4375 1.3125
vt 1.1875 1.3125
vt 0.4375 0.4375
vt 1.1875 0.4375
vt 0.4375 1.3125
vt 1.1875 1.3125
vt 0.4375 0.4375
vt 1.1875 0.4375
vt 0.4375 1.1875
vt 0.5 1.1875
vt 0.4375 0.4375
vt 0.5 0.4375
vt 0.4375 1.1875
vt 0.5 1.1875
vt 0.4375 0.4375
vt 0.5 0.4375
vt 0.4375 1.3125
vt 0.5 1.3125
vt 0.4375 0.4375
vt 0.5 0.4375
vt 0.4375 1.3125
vt 0.5 1.3125
vt 0.4375 0.4375
vt 0.5 0.4375
vn 1 0 0
vn 1 0 0
vn 1 0 0
vn 1 0 0
vn -1 0 0
vn -1 0 0
vn -1 0 0
vn -1 0 0
vn 0 1 0
vn 0 1 0
vn 0 1 0
vn 0 1 0
vn 0 -1 0
vn 0 -1 0
vn 0 -1 0
vn 0 -1 0
vn 0 0 1
vn 0 0 1
vn 0 0 1
vn 0 0 1
vn 0 0 -1
vn 0 0 -1
vn 0 0 -1
vn 0 0 -1
f 1369/1369/1369 1371/1371/1371 1370/1370/1370
f 1371/1371/1371 1372/1372/1372 1370/1370/1370
f 1373/1373/1373 1375/1375/1375 1374/1374/1374
f 1375/1375/1375 1376/1376/1376 1374/1374/1374
f 1377/1377/1377 1379/1379/1379 1378/1378/1378
f 1379/1379/1379 1380/1380/1380 1378/1378/1378
f 1381/1381/1381 1383/1383/1383 1382/1382/1382
f 1383/1383/1383 1384/1384/1384 1382/1382/1382
f 1385/1385/1385 1387/1387/1387 1386/1386/1386
f 1387/1387/1387 1388/1388/1388 1386/1386/1386
f 1389/1389/1389 1391/1391/1391 1390/1390/1390
f 1391/1391/1391 1392/1392/1392 1390/1390/1390
o top_spike_53
usemtl meteor_iron
v 0.1289375 3.377953125 0.1289375
v 0.1289375 3.377953125 -0.1289375
v 0.1289375 3.184546875 0.1289375
v 0.1289375 3.184546875 -0.1289375
v -0.1289375 3.377953125 -0.1289375
v -0.1289375 3.377953125 0.1289375
v -0.1289375 3.184546875 -0.1289375
v -0.1289375 3.184546875 0.1289375
v -0.1289375 3.377953125 -0.1289375
v 0.1289375 3.377953125 -0.1289375
v -0.1289375 3.377953125 0.1289375
v 0.1289375 3.377953125 0.1289375
v -0.1289375 3.184546875 0.1289375
v 0.1289375 3.184546875 0.1289375
v -0.1289375 3.184546875 -0.1289375
v 0.1289375 3.184546875 -0.1289375
v -0.1289375 3.377953125 0.1289375
v 0.1289375 3.377953125 0.1289375
v -0.1289375 3.184546875 0.1289375
v 0.1289375 3.184546875 0.1289375
v 0.1289375 3.377953125 -0.1289375
v -0.1289375 3.377953125 -0.1289375
v 0.1289375 3.184546875 -0.1289375
v -0.1289375 3.184546875 -0.1289375
vt 0.6875 0.875
vt 0.9375 0.875
vt 0.6875 0.6875
vt 0.9375 0.6875
vt 0.6875 0.875
vt 0.9375 0.875
vt 0.6875 0.6875
vt 0.9375 0.6875
vt 0.6875 0.9375
vt 0.9375 0.9375
vt 0.6875 0.6875
vt 0.9375 0.6875
vt 0.6875 0.9375
vt 0.9375 0.9375
vt 0.6875 0.6875
vt 0.9375 0.6875
vt 0.6875 0.875
vt 0.9375 0.875
vt 0.6875 0.6875
vt 0.9375 0.6875
vt 0.6875 0.875
vt 0.9375 0.875
vt 0.6875 0.6875
vt 0.9375 0.6875
vn 1 0 0
vn 1 0 0
vn 1 0 0
vn 1 0 0
vn -1 0 0
vn -1 0 0
vn -1 0 0
vn -1 0 0
vn 0 1 0
vn 0 1 0
vn 0 1 0
vn 0 1 0
vn 0 -1 0
vn 0 -1 0
vn 0 -1 0
vn 0 -1 0
vn 0 0 1
vn 0 0 1
vn 0 0 1
vn 0 0 1
vn 0 0 -1
vn 0 0 -1
vn 0 0 -1
vn 0 0 -1
f 1393/1393/1393 1395/1395/1395 1394/1394/1394
f 1395/1395/1395 1396/1396/1396 1394/1394/1394
f 1397/1397/1397 1399/1399/1399 1398/1398/1398
f 1399/1399/1399 1400/1400/1400 1398/1398/1398
f 1401/1401/1401 1403/1403/1403 1402/1402/1402
f 1403/1403/1403 1404/1404/1404 1402/1402/1402
f 1405/1405/1405 1407/1407/1407 1406/1406/1406
f 1407/1407/1407 1408/1408/1408 1406/1406/1406
f 1409/1409/1409 1411/1411/1411 1410/1410/1410
f 1411/1411/1411 1412/1412/1412 1410/1410/1410
f 1413/1413/1413 1415/1415/1415 1414/1414/1414
f 1415/1415/1415 1416/1416/1416 1414/1414/1414
o top_spike_54
usemtl star_silver
v 0.07533750299364328 3.562921875 0.07533750299364328
v 0.07533750299364328 3.562921875 -0.07533750299364328
v 0.07533750299364328 3.374578125 0.07533750299364328
v 0.07533750299364328 3.374578125 -0.07533750299364328
v -0.07533750299364328 3.562921875 -0.07533750299364328
v -0.07533750299364328 3.562921875 0.07533750299364328
v -0.07533750299364328 3.374578125 -0.07533750299364328
v -0.07533750299364328 3.374578125 0.07533750299364328
v -0.07533750299364328 3.562921875 -0.07533750299364328
v 0.07533750299364328 3.562921875 -0.07533750299364328
v -0.07533750299364328 3.562921875 0.07533750299364328
v 0.07533750299364328 3.562921875 0.07533750299364328
v -0.07533750299364328 3.374578125 0.07533750299364328
v 0.07533750299364328 3.374578125 0.07533750299364328
v -0.07533750299364328 3.374578125 -0.07533750299364328
v 0.07533750299364328 3.374578125 -0.07533750299364328
v -0.07533750299364328 3.562921875 0.07533750299364328
v 0.07533750299364328 3.562921875 0.07533750299364328
v -0.07533750299364328 3.374578125 0.07533750299364328
v 0.07533750299364328 3.374578125 0.07533750299364328
v 0.07533750299364328 3.562921875 -0.07533750299364328
v -0.07533750299364328 3.562921875 -0.07533750299364328
v 0.07533750299364328 3.374578125 -0.07533750299364328
v -0.07533750299364328 3.374578125 -0.07533750299364328
vt 0.5625 0.625
vt 0.6875 0.625
vt 0.5625 0.4375
vt 0.6875 0.4375
vt 0.5625 0.625
vt 0.6875 0.625
vt 0.5625 0.4375
vt 0.6875 0.4375
vt 0.5625 0.5625
vt 0.6875 0.5625
vt 0.5625 0.4375
vt 0.6875 0.4375
vt 0.5625 0.5625
vt 0.6875 0.5625
vt 0.5625 0.4375
vt 0.6875 0.4375
vt 0.5625 0.625
vt 0.6875 0.625
vt 0.5625 0.4375
vt 0.6875 0.4375
vt 0.5625 0.625
vt 0.6875 0.625
vt 0.5625 0.4375
vt 0.6875 0.4375
vn 1 0 0
vn 1 0 0
vn 1 0 0
vn 1 0 0
vn -1 0 0
vn -1 0 0
vn -1 0 0
vn -1 0 0
vn 0 1 0
vn 0 1 0
vn 0 1 0
vn 0 1 0
vn 0 -1 0
vn 0 -1 0
vn 0 -1 0
vn 0 -1 0
vn 0 0 1
vn 0 0 1
vn 0 0 1
vn 0 0 1
vn 0 0 -1
vn 0 0 -1
vn 0 0 -1
vn 0 0 -1
f 1417/1417/1417 1419/1419/1419 1418/1418/1418
f 1419/1419/1419 1420/1420/1420 1418/1418/1418
f 1421/1421/1421 1423/1423/1423 1422/1422/1422
f 1423/1423/1423 1424/1424/1424 1422/1422/1422
f 1425/1425/1425 1427/1427/1427 1426/1426/1426
f 1427/1427/1427 1428/1428/1428 1426/1426/1426
f 1429/1429/1429 1431/1431/1431 1430/1430/1430
f 1431/1431/1431 1432/1432/1432 1430/1430/1430
f 1433/1433/1433 1435/1435/1435 1434/1434/1434
f 1435/1435/1435 1436/1436/1436 1434/1434/1434
f 1437/1437/1437 1439/1439/1439 1438/1438/1438
f 1439/1439/1439 1440/1440/1440 1438/1438/1438
o top_spike_55
usemtl cosmic_vein_violet
v 0.0388500015437603 3.7027000030875206 0.0388500015437603
v 0.0388500015437603 3.7027000030875206 -0.0388500015437603
v 0.0388500015437603 3.5472999969124794 0.0388500015437603
v 0.0388500015437603 3.5472999969124794 -0.0388500015437603
v -0.0388500015437603 3.7027000030875206 -0.0388500015437603
v -0.0388500015437603 3.7027000030875206 0.0388500015437603
v -0.0388500015437603 3.5472999969124794 -0.0388500015437603
v -0.0388500015437603 3.5472999969124794 0.0388500015437603
v -0.0388500015437603 3.7027000030875206 -0.0388500015437603
v 0.0388500015437603 3.7027000030875206 -0.0388500015437603
v -0.0388500015437603 3.7027000030875206 0.0388500015437603
v 0.0388500015437603 3.7027000030875206 0.0388500015437603
v -0.0388500015437603 3.5472999969124794 0.0388500015437603
v 0.0388500015437603 3.5472999969124794 0.0388500015437603
v -0.0388500015437603 3.5472999969124794 -0.0388500015437603
v 0.0388500015437603 3.5472999969124794 -0.0388500015437603
v -0.0388500015437603 3.7027000030875206 0.0388500015437603
v 0.0388500015437603 3.7027000030875206 0.0388500015437603
v -0.0388500015437603 3.5472999969124794 0.0388500015437603
v 0.0388500015437603 3.5472999969124794 0.0388500015437603
v 0.0388500015437603 3.7027000030875206 -0.0388500015437603
v -0.0388500015437603 3.7027000030875206 -0.0388500015437603
v 0.0388500015437603 3.5472999969124794 -0.0388500015437603
v -0.0388500015437603 3.5472999969124794 -0.0388500015437603
vt 0.5 0.6875
vt 0.5625 0.6875
vt 0.5 0.5625
vt 0.5625 0.5625
vt 0.5 0.6875
vt 0.5625 0.6875
vt 0.5 0.5625
vt 0.5625 0.5625
vt 0.5 0.625
vt 0.5625 0.625
vt 0.5 0.5625
vt 0.5625 0.5625
vt 0.5 0.625
vt 0.5625 0.625
vt 0.5 0.5625
vt 0.5625 0.5625
vt 0.5 0.6875
vt 0.5625 0.6875
vt 0.5 0.5625
vt 0.5625 0.5625
vt 0.5 0.6875
vt 0.5625 0.6875
vt 0.5 0.5625
vt 0.5625 0.5625
vn 1 0 0
vn 1 0 0
vn 1 0 0
vn 1 0 0
vn -1 0 0
vn -1 0 0
vn -1 0 0
vn -1 0 0
vn 0 1 0
vn 0 1 0
vn 0 1 0
vn 0 1 0
vn 0 -1 0
vn 0 -1 0
vn 0 -1 0
vn 0 -1 0
vn 0 0 1
vn 0 0 1
vn 0 0 1
vn 0 0 1
vn 0 0 -1
vn 0 0 -1
vn 0 0 -1
vn 0 0 -1
f 1441/1441/1441 1443/1443/1443 1442/1442/1442
f 1443/1443/1443 1444/1444/1444 1442/1442/1442
f 1445/1445/1445 1447/1447/1447 1446/1446/1446
f 1447/1447/1447 1448/1448/1448 1446/1446/1446
f 1449/1449/1449 1451/1451/1451 1450/1450/1450
f 1451/1451/1451 1452/1452/1452 1450/1450/1450
f 1453/1453/1453 1455/1455/1455 1454/1454/1454
f 1455/1455/1455 1456/1456/1456 1454/1454/1454
f 1457/1457/1457 1459/1459/1459 1458/1458/1458
f 1459/1459/1459 1460/1460/1460 1458/1458/1458
f 1461/1461/1461 1463/1463/1463 1462/1462/1462
f 1463/1463/1463 1464/1464/1464 1462/1462/1462
o star_cage_56
usemtl star_gold
v 0.2377250003758818 3.0653125 0.3627250003758818
v 0.2377250003758818 3.0653125 0.31227499962411825
v 0.2377250003758818 2.4346875 0.3627250003758818
v 0.2377250003758818 2.4346875 0.31227499962411825
v 0.1872749996241182 3.0653125 0.31227499962411825
v 0.1872749996241182 3.0653125 0.3627250003758818
v 0.1872749996241182 2.4346875 0.31227499962411825
v 0.1872749996241182 2.4346875 0.3627250003758818
v 0.1872749996241182 3.0653125 0.31227499962411825
v 0.2377250003758818 3.0653125 0.31227499962411825
v 0.1872749996241182 3.0653125 0.3627250003758818
v 0.2377250003758818 3.0653125 0.3627250003758818
v 0.1872749996241182 2.4346875 0.3627250003758818
v 0.2377250003758818 2.4346875 0.3627250003758818
v 0.1872749996241182 2.4346875 0.31227499962411825
v 0.2377250003758818 2.4346875 0.31227499962411825
v 0.1872749996241182 3.0653125 0.3627250003758818
v 0.2377250003758818 3.0653125 0.3627250003758818
v 0.1872749996241182 2.4346875 0.3627250003758818
v 0.2377250003758818 2.4346875 0.3627250003758818
v 0.2377250003758818 3.0653125 0.31227499962411825
v 0.1872749996241182 3.0653125 0.31227499962411825
v 0.2377250003758818 2.4346875 0.31227499962411825
v 0.1872749996241182 2.4346875 0.31227499962411825
vt 0.375 1.3125
vt 0.4375 1.3125
vt 0.375 0.6875
vt 0.4375 0.6875
vt 0.375 1.3125
vt 0.4375 1.3125
vt 0.375 0.6875
vt 0.4375 0.6875
vt 0.375 0.75
vt 0.4375 0.75
vt 0.375 0.6875
vt 0.4375 0.6875
vt 0.375 0.75
vt 0.4375 0.75
vt 0.375 0.6875
vt 0.4375 0.6875
vt 0.375 1.3125
vt 0.4375 1.3125
vt 0.375 0.6875
vt 0.4375 0.6875
vt 0.375 1.3125
vt 0.4375 1.3125
vt 0.375 0.6875
vt 0.4375 0.6875
vn 0.9999999999999999 0 0
vn 0.9999999999999999 0 0
vn 0.9999999999999999 0 0
vn 0.9999999999999999 0 0
vn -0.9999999999999999 0 0
vn -0.9999999999999999 0 0
vn -0.9999999999999999 0 0
vn -0.9999999999999999 0 0
vn 0 0.9999999999999999 0
vn 0 0.9999999999999999 0
vn 0 0.9999999999999999 0
vn 0 0.9999999999999999 0
vn 0 -0.9999999999999999 0
vn 0 -0.9999999999999999 0
vn 0 -0.9999999999999999 0
vn 0 -0.9999999999999999 0
vn 0 0 0.9999999999999999
vn 0 0 0.9999999999999999
vn 0 0 0.9999999999999999
vn 0 0 0.9999999999999999
vn 0 0 -0.9999999999999999
vn 0 0 -0.9999999999999999
vn 0 0 -0.9999999999999999
vn 0 0 -0.9999999999999999
f 1465/1465/1465 1467/1467/1467 1466/1466/1466
f 1467/1467/1467 1468/1468/1468 1466/1466/1466
f 1469/1469/1469 1471/1471/1471 1470/1470/1470
f 1471/1471/1471 1472/1472/1472 1470/1470/1470
f 1473/1473/1473 1475/1475/1475 1474/1474/1474
f 1475/1475/1475 1476/1476/1476 1474/1474/1474
f 1477/1477/1477 1479/1479/1479 1478/1478/1478
f 1479/1479/1479 1480/1480/1480 1478/1478/1478
f 1481/1481/1481 1483/1483/1483 1482/1482/1482
f 1483/1483/1483 1484/1484/1484 1482/1482/1482
f 1485/1485/1485 1487/1487/1487 1486/1486/1486
f 1487/1487/1487 1488/1488/1488 1486/1486/1486
o star_cage_56_back
usemtl star_gold
v 0.2377250003758818 3.0653125 -0.31227499962411825
v 0.2377250003758818 3.0653125 -0.3627250003758818
v 0.2377250003758818 2.4346875 -0.31227499962411825
v 0.2377250003758818 2.4346875 -0.3627250003758818
v 0.1872749996241182 3.0653125 -0.3627250003758818
v 0.1872749996241182 3.0653125 -0.31227499962411825
v 0.1872749996241182 2.4346875 -0.3627250003758818
v 0.1872749996241182 2.4346875 -0.31227499962411825
v 0.1872749996241182 3.0653125 -0.3627250003758818
v 0.2377250003758818 3.0653125 -0.3627250003758818
v 0.1872749996241182 3.0653125 -0.31227499962411825
v 0.2377250003758818 3.0653125 -0.31227499962411825
v 0.1872749996241182 2.4346875 -0.31227499962411825
v 0.2377250003758818 2.4346875 -0.31227499962411825
v 0.1872749996241182 2.4346875 -0.3627250003758818
v 0.2377250003758818 2.4346875 -0.3627250003758818
v 0.1872749996241182 3.0653125 -0.31227499962411825
v 0.2377250003758818 3.0653125 -0.31227499962411825
v 0.1872749996241182 2.4346875 -0.31227499962411825
v 0.2377250003758818 2.4346875 -0.31227499962411825
v 0.2377250003758818 3.0653125 -0.3627250003758818
v 0.1872749996241182 3.0653125 -0.3627250003758818
v 0.2377250003758818 2.4346875 -0.3627250003758818
v 0.1872749996241182 2.4346875 -0.3627250003758818
vt 0.375 1.3125
vt 0.4375 1.3125
vt 0.375 0.6875
vt 0.4375 0.6875
vt 0.375 1.3125
vt 0.4375 1.3125
vt 0.375 0.6875
vt 0.4375 0.6875
vt 0.375 0.75
vt 0.4375 0.75
vt 0.375 0.6875
vt 0.4375 0.6875
vt 0.375 0.75
vt 0.4375 0.75
vt 0.375 0.6875
vt 0.4375 0.6875
vt 0.375 1.3125
vt 0.4375 1.3125
vt 0.375 0.6875
vt 0.4375 0.6875
vt 0.375 1.3125
vt 0.4375 1.3125
vt 0.375 0.6875
vt 0.4375 0.6875
vn 0.9999999999999999 0 0
vn 0.9999999999999999 0 0
vn 0.9999999999999999 0 0
vn 0.9999999999999999 0 0
vn -0.9999999999999999 0 0
vn -0.9999999999999999 0 0
vn -0.9999999999999999 0 0
vn -0.9999999999999999 0 0
vn 0 0.9999999999999999 0
vn 0 0.9999999999999999 0
vn 0 0.9999999999999999 0
vn 0 0.9999999999999999 0
vn 0 -0.9999999999999999 0
vn 0 -0.9999999999999999 0
vn 0 -0.9999999999999999 0
vn 0 -0.9999999999999999 0
vn 0 0 0.9999999999999999
vn 0 0 0.9999999999999999
vn 0 0 0.9999999999999999
vn 0 0 0.9999999999999999
vn 0 0 -0.9999999999999999
vn 0 0 -0.9999999999999999
vn 0 0 -0.9999999999999999
vn 0 0 -0.9999999999999999
f 1489/1489/1489 1491/1491/1491 1490/1490/1490
f 1491/1491/1491 1492/1492/1492 1490/1490/1490
f 1493/1493/1493 1495/1495/1495 1494/1494/1494
f 1495/1495/1495 1496/1496/1496 1494/1494/1494
f 1497/1497/1497 1499/1499/1499 1498/1498/1498
f 1499/1499/1499 1500/1500/1500 1498/1498/1498
f 1501/1501/1501 1503/1503/1503 1502/1502/1502
f 1503/1503/1503 1504/1504/1504 1502/1502/1502
f 1505/1505/1505 1507/1507/1507 1506/1506/1506
f 1507/1507/1507 1508/1508/1508 1506/1506/1506
f 1509/1509/1509 1511/1511/1511 1510/1510/1510
f 1511/1511/1511 1512/1512/1512 1510/1510/1510
o star_cage_57
usemtl star_gold
v -0.18648749961238353 3.07515625 0.36351250038761646
v -0.18648749961238353 3.07515625 0.3114874996123836
v -0.18648749961238353 2.42484375 0.36351250038761646
v -0.18648749961238353 2.42484375 0.3114874996123836
v -0.23851250038761646 3.07515625 0.3114874996123836
v -0.23851250038761646 3.07515625 0.36351250038761646
v -0.23851250038761646 2.42484375 0.3114874996123836
v -0.23851250038761646 2.42484375 0.36351250038761646
v -0.23851250038761646 3.07515625 0.3114874996123836
v -0.18648749961238353 3.07515625 0.3114874996123836
v -0.23851250038761646 3.07515625 0.36351250038761646
v -0.18648749961238353 3.07515625 0.36351250038761646
v -0.23851250038761646 2.42484375 0.36351250038761646
v -0.18648749961238353 2.42484375 0.36351250038761646
v -0.23851250038761646 2.42484375 0.3114874996123836
v -0.18648749961238353 2.42484375 0.3114874996123836
v -0.23851250038761646 3.07515625 0.36351250038761646
v -0.18648749961238353 3.07515625 0.36351250038761646
v -0.23851250038761646 2.42484375 0.36351250038761646
v -0.18648749961238353 2.42484375 0.36351250038761646
v -0.18648749961238353 3.07515625 0.3114874996123836
v -0.23851250038761646 3.07515625 0.3114874996123836
v -0.18648749961238353 2.42484375 0.3114874996123836
v -0.23851250038761646 2.42484375 0.3114874996123836
vt 0.375 1.3125
vt 0.4375 1.3125
vt 0.375 0.6875
vt 0.4375 0.6875
vt 0.375 1.3125
vt 0.4375 1.3125
vt 0.375 0.6875
vt 0.4375 0.6875
vt 0.375 0.75
vt 0.4375 0.75
vt 0.375 0.6875
vt 0.4375 0.6875
vt 0.375 0.75
vt 0.4375 0.75
vt 0.375 0.6875
vt 0.4375 0.6875
vt 0.375 1.3125
vt 0.4375 1.3125
vt 0.375 0.6875
vt 0.4375 0.6875
vt 0.375 1.3125
vt 0.4375 1.3125
vt 0.375 0.6875
vt 0.4375 0.6875
vn 1 0 0
vn 1 0 0
vn 1 0 0
vn 1 0 0
vn -1 0 0
vn -1 0 0
vn -1 0 0
vn -1 0 0
vn 0 1 0
vn 0 1 0
vn 0 1 0
vn 0 1 0
vn 0 -1 0
vn 0 -1 0
vn 0 -1 0
vn 0 -1 0
vn 0 0 1
vn 0 0 1
vn 0 0 1
vn 0 0 1
vn 0 0 -1
vn 0 0 -1
vn 0 0 -1
vn 0 0 -1
f 1513/1513/1513 1515/1515/1515 1514/1514/1514
f 1515/1515/1515 1516/1516/1516 1514/1514/1514
f 1517/1517/1517 1519/1519/1519 1518/1518/1518
f 1519/1519/1519 1520/1520/1520 1518/1518/1518
f 1521/1521/1521 1523/1523/1523 1522/1522/1522
f 1523/1523/1523 1524/1524/1524 1522/1522/1522
f 1525/1525/1525 1527/1527/1527 1526/1526/1526
f 1527/1527/1527 1528/1528/1528 1526/1526/1526
f 1529/1529/1529 1531/1531/1531 1530/1530/1530
f 1531/1531/1531 1532/1532/1532 1530/1530/1530
f 1533/1533/1533 1535/1535/1535 1534/1534/1534
f 1535/1535/1535 1536/1536/1536 1534/1534/1534
o star_cage_57_back
usemtl star_gold
v -0.18648749961238353 3.07515625 -0.3114874996123836
v -0.18648749961238353 3.07515625 -0.36351250038761646
v -0.18648749961238353 2.42484375 -0.3114874996123836
v -0.18648749961238353 2.42484375 -0.36351250038761646
v -0.23851250038761646 3.07515625 -0.36351250038761646
v -0.23851250038761646 3.07515625 -0.3114874996123836
v -0.23851250038761646 2.42484375 -0.36351250038761646
v -0.23851250038761646 2.42484375 -0.3114874996123836
v -0.23851250038761646 3.07515625 -0.36351250038761646
v -0.18648749961238353 3.07515625 -0.36351250038761646
v -0.23851250038761646 3.07515625 -0.3114874996123836
v -0.18648749961238353 3.07515625 -0.3114874996123836
v -0.23851250038761646 2.42484375 -0.3114874996123836
v -0.18648749961238353 2.42484375 -0.3114874996123836
v -0.23851250038761646 2.42484375 -0.36351250038761646
v -0.18648749961238353 2.42484375 -0.36351250038761646
v -0.23851250038761646 3.07515625 -0.3114874996123836
v -0.18648749961238353 3.07515625 -0.3114874996123836
v -0.23851250038761646 2.42484375 -0.3114874996123836
v -0.18648749961238353 2.42484375 -0.3114874996123836
v -0.18648749961238353 3.07515625 -0.36351250038761646
v -0.23851250038761646 3.07515625 -0.36351250038761646
v -0.18648749961238353 2.42484375 -0.36351250038761646
v -0.23851250038761646 2.42484375 -0.36351250038761646
vt 0.375 1.3125
vt 0.4375 1.3125
vt 0.375 0.6875
vt 0.4375 0.6875
vt 0.375 1.3125
vt 0.4375 1.3125
vt 0.375 0.6875
vt 0.4375 0.6875
vt 0.375 0.75
vt 0.4375 0.75
vt 0.375 0.6875
vt 0.4375 0.6875
vt 0.375 0.75
vt 0.4375 0.75
vt 0.375 0.6875
vt 0.4375 0.6875
vt 0.375 1.3125
vt 0.4375 1.3125
vt 0.375 0.6875
vt 0.4375 0.6875
vt 0.375 1.3125
vt 0.4375 1.3125
vt 0.375 0.6875
vt 0.4375 0.6875
vn 1 0 0
vn 1 0 0
vn 1 0 0
vn 1 0 0
vn -1 0 0
vn -1 0 0
vn -1 0 0
vn -1 0 0
vn 0 1 0
vn 0 1 0
vn 0 1 0
vn 0 1 0
vn 0 -1 0
vn 0 -1 0
vn 0 -1 0
vn 0 -1 0
vn 0 0 1
vn 0 0 1
vn 0 0 1
vn 0 0 1
vn 0 0 -1
vn 0 0 -1
vn 0 0 -1
vn 0 0 -1
f 1537/1537/1537 1539/1539/1539 1538/1538/1538
f 1539/1539/1539 1540/1540/1540 1538/1538/1538
f 1541/1541/1541 1543/1543/1543 1542/1542/1542
f 1543/1543/1543 1544/1544/1544 1542/1542/1542
f 1545/1545/1545 1547/1547/1547 1546/1546/1546
f 1547/1547/1547 1548/1548/1548 1546/1546/1546
f 1549/1549/1549 1551/1551/1551 1550/1550/1550
f 1551/1551/1551 1552/1552/1552 1550/1550/1550
f 1553/1553/1553 1555/1555/1555 1554/1554/1554
f 1555/1555/1555 1556/1556/1556 1554/1554/1554
f 1557/1557/1557 1559/1559/1559 1558/1558/1558
f 1559/1559/1559 1560/1560/1560 1558/1558/1558
o star_cage_58
usemtl star_gold
v 0.23783750037755816 3.06671875 -0.31216249962244186
v 0.23783750037755816 3.06671875 -0.3628375003775582
v 0.23783750037755816 2.43328125 -0.31216249962244186
v 0.23783750037755816 2.43328125 -0.3628375003775582
v 0.18716249962244183 3.06671875 -0.3628375003775582
v 0.18716249962244183 3.06671875 -0.31216249962244186
v 0.18716249962244183 2.43328125 -0.3628375003775582
v 0.18716249962244183 2.43328125 -0.31216249962244186
v 0.18716249962244183 3.06671875 -0.3628375003775582
v 0.23783750037755816 3.06671875 -0.3628375003775582
v 0.18716249962244183 3.06671875 -0.31216249962244186
v 0.23783750037755816 3.06671875 -0.31216249962244186
v 0.18716249962244183 2.43328125 -0.31216249962244186
v 0.23783750037755816 2.43328125 -0.31216249962244186
v 0.18716249962244183 2.43328125 -0.3628375003775582
v 0.23783750037755816 2.43328125 -0.3628375003775582
v 0.18716249962244183 3.06671875 -0.31216249962244186
v 0.23783750037755816 3.06671875 -0.31216249962244186
v 0.18716249962244183 2.43328125 -0.31216249962244186
v 0.23783750037755816 2.43328125 -0.31216249962244186
v 0.23783750037755816 3.06671875 -0.3628375003775582
v 0.18716249962244183 3.06671875 -0.3628375003775582
v 0.23783750037755816 2.43328125 -0.3628375003775582
v 0.18716249962244183 2.43328125 -0.3628375003775582
vt 0.375 1.3125
vt 0.4375 1.3125
vt 0.375 0.6875
vt 0.4375 0.6875
vt 0.375 1.3125
vt 0.4375 1.3125
vt 0.375 0.6875
vt 0.4375 0.6875
vt 0.375 0.75
vt 0.4375 0.75
vt 0.375 0.6875
vt 0.4375 0.6875
vt 0.375 0.75
vt 0.4375 0.75
vt 0.375 0.6875
vt 0.4375 0.6875
vt 0.375 1.3125
vt 0.4375 1.3125
vt 0.375 0.6875
vt 0.4375 0.6875
vt 0.375 1.3125
vt 0.4375 1.3125
vt 0.375 0.6875
vt 0.4375 0.6875
vn 1 0 0
vn 1 0 0
vn 1 0 0
vn 1 0 0
vn -1 0 0
vn -1 0 0
vn -1 0 0
vn -1 0 0
vn 0 1 0
vn 0 1 0
vn 0 1 0
vn 0 1 0
vn 0 -1 0
vn 0 -1 0
vn 0 -1 0
vn 0 -1 0
vn 0 0 1
vn 0 0 1
vn 0 0 1
vn 0 0 1
vn 0 0 -1
vn 0 0 -1
vn 0 0 -1
vn 0 0 -1
f 1561/1561/1561 1563/1563/1563 1562/1562/1562
f 1563/1563/1563 1564/1564/1564 1562/1562/1562
f 1565/1565/1565 1567/1567/1567 1566/1566/1566
f 1567/1567/1567 1568/1568/1568 1566/1566/1566
f 1569/1569/1569 1571/1571/1571 1570/1570/1570
f 1571/1571/1571 1572/1572/1572 1570/1570/1570
f 1573/1573/1573 1575/1575/1575 1574/1574/1574
f 1575/1575/1575 1576/1576/1576 1574/1574/1574
f 1577/1577/1577 1579/1579/1579 1578/1578/1578
f 1579/1579/1579 1580/1580/1580 1578/1578/1578
f 1581/1581/1581 1583/1583/1583 1582/1582/1582
f 1583/1583/1583 1584/1584/1584 1582/1582/1582
o star_cage_58_back
usemtl star_gold
v 0.23783750037755816 3.06671875 0.3628375003775582
v 0.23783750037755816 3.06671875 0.31216249962244186
v 0.23783750037755816 2.43328125 0.3628375003775582
v 0.23783750037755816 2.43328125 0.31216249962244186
v 0.18716249962244183 3.06671875 0.31216249962244186
v 0.18716249962244183 3.06671875 0.3628375003775582
v 0.18716249962244183 2.43328125 0.31216249962244186
v 0.18716249962244183 2.43328125 0.3628375003775582
v 0.18716249962244183 3.06671875 0.31216249962244186
v 0.23783750037755816 3.06671875 0.31216249962244186
v 0.18716249962244183 3.06671875 0.3628375003775582
v 0.23783750037755816 3.06671875 0.3628375003775582
v 0.18716249962244183 2.43328125 0.3628375003775582
v 0.23783750037755816 2.43328125 0.3628375003775582
v 0.18716249962244183 2.43328125 0.31216249962244186
v 0.23783750037755816 2.43328125 0.31216249962244186
v 0.18716249962244183 3.06671875 0.3628375003775582
v 0.23783750037755816 3.06671875 0.3628375003775582
v 0.18716249962244183 2.43328125 0.3628375003775582
v 0.23783750037755816 2.43328125 0.3628375003775582
v 0.23783750037755816 3.06671875 0.31216249962244186
v 0.18716249962244183 3.06671875 0.31216249962244186
v 0.23783750037755816 2.43328125 0.31216249962244186
v 0.18716249962244183 2.43328125 0.31216249962244186
vt 0.375 1.3125
vt 0.4375 1.3125
vt 0.375 0.6875
vt 0.4375 0.6875
vt 0.375 1.3125
vt 0.4375 1.3125
vt 0.375 0.6875
vt 0.4375 0.6875
vt 0.375 0.75
vt 0.4375 0.75
vt 0.375 0.6875
vt 0.4375 0.6875
vt 0.375 0.75
vt 0.4375 0.75
vt 0.375 0.6875
vt 0.4375 0.6875
vt 0.375 1.3125
vt 0.4375 1.3125
vt 0.375 0.6875
vt 0.4375 0.6875
vt 0.375 1.3125
vt 0.4375 1.3125
vt 0.375 0.6875
vt 0.4375 0.6875
vn 1 0 0
vn 1 0 0
vn 1 0 0
vn 1 0 0
vn -1 0 0
vn -1 0 0
vn -1 0 0
vn -1 0 0
vn 0 1 0
vn 0 1 0
vn 0 1 0
vn 0 1 0
vn 0 -1 0
vn 0 -1 0
vn 0 -1 0
vn 0 -1 0
vn 0 0 1
vn 0 0 1
vn 0 0 1
vn 0 0 1
vn 0 0 -1
vn 0 0 -1
vn 0 0 -1
vn 0 0 -1
f 1585/1585/1585 1587/1587/1587 1586/1586/1586
f 1587/1587/1587 1588/1588/1588 1586/1586/1586
f 1589/1589/1589 1591/1591/1591 1590/1590/1590
f 1591/1591/1591 1592/1592/1592 1590/1590/1590
f 1593/1593/1593 1595/1595/1595 1594/1594/1594
f 1595/1595/1595 1596/1596/1596 1594/1594/1594
f 1597/1597/1597 1599/1599/1599 1598/1598/1598
f 1599/1599/1599 1600/1600/1600 1598/1598/1598
f 1601/1601/1601 1603/1603/1603 1602/1602/1602
f 1603/1603/1603 1604/1604/1604 1602/1602/1602
f 1605/1605/1605 1607/1607/1607 1606/1606/1606
f 1607/1607/1607 1608/1608/1608 1606/1606/1606
o star_cage_59
usemtl star_gold
v -0.18637499961070716 3.0765625 -0.3113749996107072
v -0.18637499961070716 3.0765625 -0.36362500038929285
v -0.18637499961070716 2.4234375 -0.3113749996107072
v -0.18637499961070716 2.4234375 -0.36362500038929285
v -0.23862500038929282 3.0765625 -0.36362500038929285
v -0.23862500038929282 3.0765625 -0.3113749996107072
v -0.23862500038929282 2.4234375 -0.36362500038929285
v -0.23862500038929282 2.4234375 -0.3113749996107072
v -0.23862500038929282 3.0765625 -0.36362500038929285
v -0.18637499961070716 3.0765625 -0.36362500038929285
v -0.23862500038929282 3.0765625 -0.3113749996107072
v -0.18637499961070716 3.0765625 -0.3113749996107072
v -0.23862500038929282 2.4234375 -0.3113749996107072
v -0.18637499961070716 2.4234375 -0.3113749996107072
v -0.23862500038929282 2.4234375 -0.36362500038929285
v -0.18637499961070716 2.4234375 -0.36362500038929285
v -0.23862500038929282 3.0765625 -0.3113749996107072
v -0.18637499961070716 3.0765625 -0.3113749996107072
v -0.23862500038929282 2.4234375 -0.3113749996107072
v -0.18637499961070716 2.4234375 -0.3113749996107072
v -0.18637499961070716 3.0765625 -0.36362500038929285
v -0.23862500038929282 3.0765625 -0.36362500038929285
v -0.18637499961070716 2.4234375 -0.36362500038929285
v -0.23862500038929282 2.4234375 -0.36362500038929285
vt 0.375 1.3125
vt 0.4375 1.3125
vt 0.375 0.6875
vt 0.4375 0.6875
vt 0.375 1.3125
vt 0.4375 1.3125
vt 0.375 0.6875
vt 0.4375 0.6875
vt 0.375 0.75
vt 0.4375 0.75
vt 0.375 0.6875
vt 0.4375 0.6875
vt 0.375 0.75
vt 0.4375 0.75
vt 0.375 0.6875
vt 0.4375 0.6875
vt 0.375 1.3125
vt 0.4375 1.3125
vt 0.375 0.6875
vt 0.4375 0.6875
vt 0.375 1.3125
vt 0.4375 1.3125
vt 0.375 0.6875
vt 0.4375 0.6875
vn 1 0 0
vn 1 0 0
vn 1 0 0
vn 1 0 0
vn -1 0 0
vn -1 0 0
vn -1 0 0
vn -1 0 0
vn 0 1 0
vn 0 1 0
vn 0 1 0
vn 0 1 0
vn 0 -1 0
vn 0 -1 0
vn 0 -1 0
vn 0 -1 0
vn 0 0 1
vn 0 0 1
vn 0 0 1
vn 0 0 1
vn 0 0 -1
vn 0 0 -1
vn 0 0 -1
vn 0 0 -1
f 1609/1609/1609 1611/1611/1611 1610/1610/1610
f 1611/1611/1611 1612/1612/1612 1610/1610/1610
f 1613/1613/1613 1615/1615/1615 1614/1614/1614
f 1615/1615/1615 1616/1616/1616 1614/1614/1614
f 1617/1617/1617 1619/1619/1619 1618/1618/1618
f 1619/1619/1619 1620/1620/1620 1618/1618/1618
f 1621/1621/1621 1623/1623/1623 1622/1622/1622
f 1623/1623/1623 1624/1624/1624 1622/1622/1622
f 1625/1625/1625 1627/1627/1627 1626/1626/1626
f 1627/1627/1627 1628/1628/1628 1626/1626/1626
f 1629/1629/1629 1631/1631/1631 1630/1630/1630
f 1631/1631/1631 1632/1632/1632 1630/1630/1630
o star_cage_59_back
usemtl star_gold
v -0.18637499961070716 3.0765625 0.36362500038929285
v -0.18637499961070716 3.0765625 0.3113749996107072
v -0.18637499961070716 2.4234375 0.36362500038929285
v -0.18637499961070716 2.4234375 0.3113749996107072
v -0.23862500038929282 3.0765625 0.3113749996107072
v -0.23862500038929282 3.0765625 0.36362500038929285
v -0.23862500038929282 2.4234375 0.3113749996107072
v -0.23862500038929282 2.4234375 0.36362500038929285
v -0.23862500038929282 3.0765625 0.3113749996107072
v -0.18637499961070716 3.0765625 0.3113749996107072
v -0.23862500038929282 3.0765625 0.36362500038929285
v -0.18637499961070716 3.0765625 0.36362500038929285
v -0.23862500038929282 2.4234375 0.36362500038929285
v -0.18637499961070716 2.4234375 0.36362500038929285
v -0.23862500038929282 2.4234375 0.3113749996107072
v -0.18637499961070716 2.4234375 0.3113749996107072
v -0.23862500038929282 3.0765625 0.36362500038929285
v -0.18637499961070716 3.0765625 0.36362500038929285
v -0.23862500038929282 2.4234375 0.36362500038929285
v -0.18637499961070716 2.4234375 0.36362500038929285
v -0.18637499961070716 3.0765625 0.3113749996107072
v -0.23862500038929282 3.0765625 0.3113749996107072
v -0.18637499961070716 2.4234375 0.3113749996107072
v -0.23862500038929282 2.4234375 0.3113749996107072
vt 0.375 1.3125
vt 0.4375 1.3125
vt 0.375 0.6875
vt 0.4375 0.6875
vt 0.375 1.3125
vt 0.4375 1.3125
vt 0.375 0.6875
vt 0.4375 0.6875
vt 0.375 0.75
vt 0.4375 0.75
vt 0.375 0.6875
vt 0.4375 0.6875
vt 0.375 0.75
vt 0.4375 0.75
vt 0.375 0.6875
vt 0.4375 0.6875
vt 0.375 1.3125
vt 0.4375 1.3125
vt 0.375 0.6875
vt 0.4375 0.6875
vt 0.375 1.3125
vt 0.4375 1.3125
vt 0.375 0.6875
vt 0.4375 0.6875
vn 1 0 0
vn 1 0 0
vn 1 0 0
vn 1 0 0
vn -1 0 0
vn -1 0 0
vn -1 0 0
vn -1 0 0
vn 0 1 0
vn 0 1 0
vn 0 1 0
vn 0 1 0
vn 0 -1 0
vn 0 -1 0
vn 0 -1 0
vn 0 -1 0
vn 0 0 1
vn 0 0 1
vn 0 0 1
vn 0 0 1
vn 0 0 -1
vn 0 0 -1
vn 0 0 -1
vn 0 0 -1
f 1633/1633/1633 1635/1635/1635 1634/1634/1634
f 1635/1635/1635 1636/1636/1636 1634/1634/1634
f 1637/1637/1637 1639/1639/1639 1638/1638/1638
f 1639/1639/1639 1640/1640/1640 1638/1638/1638
f 1641/1641/1641 1643/1643/1643 1642/1642/1642
f 1643/1643/1643 1644/1644/1644 1642/1642/1642
f 1645/1645/1645 1647/1647/1647 1646/1646/1646
f 1647/1647/1647 1648/1648/1648 1646/1646/1646
f 1649/1649/1649 1651/1651/1651 1650/1650/1650
f 1651/1651/1651 1652/1652/1652 1650/1650/1650
f 1653/1653/1653 1655/1655/1655 1654/1654/1654
f 1655/1655/1655 1656/1656/1656 1654/1654/1654
o star_core_60
usemtl star_core
v 0.19795454768372317 2.8899750030338764 -1.3877787807814457e-17
v -1.3877787807814457e-17 2.8899750030338764 -0.19795454768372317
v 0.19795454768372317 2.6100249969661236 -1.3877787807814457e-17
v -1.3877787807814457e-17 2.6100249969661236 -0.19795454768372317
v -0.19795454768372317 2.8899750030338764 1.3877787807814457e-17
v 1.3877787807814457e-17 2.8899750030338764 0.19795454768372317
v -0.19795454768372317 2.6100249969661236 1.3877787807814457e-17
v 1.3877787807814457e-17 2.6100249969661236 0.19795454768372317
v -0.19795454768372317 2.8899750030338764 1.3877787807814457e-17
v -1.3877787807814457e-17 2.8899750030338764 -0.19795454768372317
v 1.3877787807814457e-17 2.8899750030338764 0.19795454768372317
v 0.19795454768372317 2.8899750030338764 -1.3877787807814457e-17
v 1.3877787807814457e-17 2.6100249969661236 0.19795454768372317
v 0.19795454768372317 2.6100249969661236 -1.3877787807814457e-17
v -0.19795454768372317 2.6100249969661236 1.3877787807814457e-17
v -1.3877787807814457e-17 2.6100249969661236 -0.19795454768372317
v 1.3877787807814457e-17 2.8899750030338764 0.19795454768372317
v 0.19795454768372317 2.8899750030338764 -1.3877787807814457e-17
v 1.3877787807814457e-17 2.6100249969661236 0.19795454768372317
v 0.19795454768372317 2.6100249969661236 -1.3877787807814457e-17
v -1.3877787807814457e-17 2.8899750030338764 -0.19795454768372317
v -0.19795454768372317 2.8899750030338764 1.3877787807814457e-17
v -1.3877787807814457e-17 2.6100249969661236 -0.19795454768372317
v -0.19795454768372317 2.6100249969661236 1.3877787807814457e-17
vt 0.875 1.0625
vt 1.125 1.0625
vt 0.875 0.8125
vt 1.125 0.8125
vt 0.875 1.0625
vt 1.125 1.0625
vt 0.875 0.8125
vt 1.125 0.8125
vt 0.875 1.0625
vt 1.125 1.0625
vt 0.875 0.8125
vt 1.125 0.8125
vt 0.875 1.0625
vt 1.125 1.0625
vt 0.875 0.8125
vt 1.125 0.8125
vt 0.875 1.0625
vt 1.125 1.0625
vt 0.875 0.8125
vt 1.125 0.8125
vt 0.875 1.0625
vt 1.125 1.0625
vt 0.875 0.8125
vt 1.125 0.8125
vn 0.7071067811865474 0 -0.7071067811865475
vn 0.7071067811865474 0 -0.7071067811865475
vn 0.7071067811865474 0 -0.7071067811865475
vn 0.7071067811865474 0 -0.7071067811865475
vn -0.7071067811865474 0 0.7071067811865475
vn -0.7071067811865474 0 0.7071067811865475
vn -0.7071067811865474 0 0.7071067811865475
vn -0.7071067811865474 0 0.7071067811865475
vn 0 0.9999999999999999 0
vn 0 0.9999999999999999 0
vn 0 0.9999999999999999 0
vn 0 0.9999999999999999 0
vn 0 -0.9999999999999999 0
vn 0 -0.9999999999999999 0
vn 0 -0.9999999999999999 0
vn 0 -0.9999999999999999 0
vn 0.7071067811865475 0 0.7071067811865474
vn 0.7071067811865475 0 0.7071067811865474
vn 0.7071067811865475 0 0.7071067811865474
vn 0.7071067811865475 0 0.7071067811865474
vn -0.7071067811865475 0 -0.7071067811865474
vn -0.7071067811865475 0 -0.7071067811865474
vn -0.7071067811865475 0 -0.7071067811865474
vn -0.7071067811865475 0 -0.7071067811865474
f 1657/1657/1657 1659/1659/1659 1658/1658/1658
f 1659/1659/1659 1660/1660/1660 1658/1658/1658
f 1661/1661/1661 1663/1663/1663 1662/1662/1662
f 1663/1663/1663 1664/1664/1664 1662/1662/1662
f 1665/1665/1665 1667/1667/1667 1666/1666/1666
f 1667/1667/1667 1668/1668/1668 1666/1666/1666
f 1669/1669/1669 1671/1671/1671 1670/1670/1670
f 1671/1671/1671 1672/1672/1672 1670/1670/1670
f 1673/1673/1673 1675/1675/1675 1674/1674/1674
f 1675/1675/1675 1676/1676/1676 1674/1674/1674
f 1677/1677/1677 1679/1679/1679 1678/1678/1678
f 1679/1679/1679 1680/1680/1680 1678/1678/1678
o star_core_61
usemtl star_core
v 0.20990000312775375 2.7959156242180616 0.04591562421806157
v 0.20990000312775375 2.7959156242180616 -0.04591562421806157
v 0.20990000312775375 2.7040843757819384 0.04591562421806157
v 0.20990000312775375 2.7040843757819384 -0.04591562421806157
v -0.20990000312775375 2.7959156242180616 -0.04591562421806157
v -0.20990000312775375 2.7959156242180616 0.04591562421806157
v -0.20990000312775375 2.7040843757819384 -0.04591562421806157
v -0.20990000312775375 2.7040843757819384 0.04591562421806157
v -0.20990000312775375 2.7959156242180616 -0.04591562421806157
v 0.20990000312775375 2.7959156242180616 -0.04591562421806157
v -0.20990000312775375 2.7959156242180616 0.04591562421806157
v 0.20990000312775375 2.7959156242180616 0.04591562421806157
v -0.20990000312775375 2.7040843757819384 0.04591562421806157
v 0.20990000312775375 2.7040843757819384 0.04591562421806157
v -0.20990000312775375 2.7040843757819384 -0.04591562421806157
v 0.20990000312775375 2.7040843757819384 -0.04591562421806157
v -0.20990000312775375 2.7959156242180616 0.04591562421806157
v 0.20990000312775375 2.7959156242180616 0.04591562421806157
v -0.20990000312775375 2.7040843757819384 0.04591562421806157
v 0.20990000312775375 2.7040843757819384 0.04591562421806157
v 0.20990000312775375 2.7959156242180616 -0.04591562421806157
v -0.20990000312775375 2.7959156242180616 -0.04591562421806157
v 0.20990000312775375 2.7040843757819384 -0.04591562421806157
v -0.20990000312775375 2.7040843757819384 -0.04591562421806157
vt 0.125 0.375
vt 0.1875 0.375
vt 0.125 0.3125
vt 0.1875 0.3125
vt 0.125 0.375
vt 0.1875 0.375
vt 0.125 0.3125
vt 0.1875 0.3125
vt 0.125 0.375
vt 0.5 0.375
vt 0.125 0.3125
vt 0.5 0.3125
vt 0.125 0.375
vt 0.5 0.375
vt 0.125 0.3125
vt 0.5 0.3125
vt 0.125 0.375
vt 0.5 0.375
vt 0.125 0.3125
vt 0.5 0.3125
vt 0.125 0.375
vt 0.5 0.375
vt 0.125 0.3125
vt 0.5 0.3125
vn 1 0 0
vn 1 0 0
vn 1 0 0
vn 1 0 0
vn -1 0 0
vn -1 0 0
vn -1 0 0
vn -1 0 0
vn 0 1 0
vn 0 1 0
vn 0 1 0
vn 0 1 0
vn 0 -1 0
vn 0 -1 0
vn 0 -1 0
vn 0 -1 0
vn 0 0 1
vn 0 0 1
vn 0 0 1
vn 0 0 1
vn 0 0 -1
vn 0 0 -1
vn 0 0 -1
vn 0 0 -1
f 1681/1681/1681 1683/1683/1683 1682/1682/1682
f 1683/1683/1683 1684/1684/1684 1682/1682/1682
f 1685/1685/1685 1687/1687/1687 1686/1686/1686
f 1687/1687/1687 1688/1688/1688 1686/1686/1686
f 1689/1689/1689 1691/1691/1691 1690/1690/1690
f 1691/1691/1691 1692/1692/1692 1690/1690/1690
f 1693/1693/1693 1695/1695/1695 1694/1694/1694
f 1695/1695/1695 1696/1696/1696 1694/1694/1694
f 1697/1697/1697 1699/1699/1699 1698/1698/1698
f 1699/1699/1699 1700/1700/1700 1698/1698/1698
f 1701/1701/1701 1703/1703/1703 1702/1702/1702
f 1703/1703/1703 1704/1704/1704 1702/1702/1702
o star_core_62
usemtl star_core
v 0.04473437423817813 2.9545000030472877 0.04473437423817813
v 0.04473437423817813 2.9545000030472877 -0.04473437423817813
v 0.04473437423817813 2.5454999969527123 0.04473437423817813
v 0.04473437423817813 2.5454999969527123 -0.04473437423817813
v -0.04473437423817813 2.9545000030472877 -0.04473437423817813
v -0.04473437423817813 2.9545000030472877 0.04473437423817813
v -0.04473437423817813 2.5454999969527123 -0.04473437423817813
v -0.04473437423817813 2.5454999969527123 0.04473437423817813
v -0.04473437423817813 2.9545000030472877 -0.04473437423817813
v 0.04473437423817813 2.9545000030472877 -0.04473437423817813
v -0.04473437423817813 2.9545000030472877 0.04473437423817813
v 0.04473437423817813 2.9545000030472877 0.04473437423817813
v -0.04473437423817813 2.5454999969527123 0.04473437423817813
v 0.04473437423817813 2.5454999969527123 0.04473437423817813
v -0.04473437423817813 2.5454999969527123 -0.04473437423817813
v 0.04473437423817813 2.5454999969527123 -0.04473437423817813
v -0.04473437423817813 2.9545000030472877 0.04473437423817813
v 0.04473437423817813 2.9545000030472877 0.04473437423817813
v -0.04473437423817813 2.5454999969527123 0.04473437423817813
v 0.04473437423817813 2.5454999969527123 0.04473437423817813
v 0.04473437423817813 2.9545000030472877 -0.04473437423817813
v -0.04473437423817813 2.9545000030472877 -0.04473437423817813
v 0.04473437423817813 2.5454999969527123 -0.04473437423817813
v -0.04473437423817813 2.5454999969527123 -0.04473437423817813
vt 0.4375 1
vt 0.5 1
vt 0.4375 0.625
vt 0.5 0.625
vt 0.4375 1
vt 0.5 1
vt 0.4375 0.625
vt 0.5 0.625
vt 0.4375 0.6875
vt 0.5 0.6875
vt 0.4375 0.625
vt 0.5 0.625
vt 0.4375 0.6875
vt 0.5 0.6875
vt 0.4375 0.625
vt 0.5 0.625
vt 0.4375 1
vt 0.5 1
vt 0.4375 0.625
vt 0.5 0.625
vt 0.4375 1
vt 0.5 1
vt 0.4375 0.625
vt 0.5 0.625
vn 1 0 0
vn 1 0 0
vn 1 0 0
vn 1 0 0
vn -1 0 0
vn -1 0 0
vn -1 0 0
vn -1 0 0
vn 0 1 0
vn 0 1 0
vn 0 1 0
vn 0 1 0
vn 0 -1 0
vn 0 -1 0
vn 0 -1 0
vn 0 -1 0
vn 0 0 1
vn 0 0 1
vn 0 0 1
vn 0 0 1
vn 0 0 -1
vn 0 0 -1
vn 0 0 -1
vn 0 0 -1
f 1705/1705/1705 1707/1707/1707 1706/1706/1706
f 1707/1707/1707 1708/1708/1708 1706/1706/1706
f 1709/1709/1709 1711/1711/1711 1710/1710/1710
f 1711/1711/1711 1712/1712/1712 1710/1710/1710
f 1713/1713/1713 1715/1715/1715 1714/1714/1714
f 1715/1715/1715 1716/1716/1716 1714/1714/1714
f 1717/1717/1717 1719/1719/1719 1718/1718/1718
f 1719/1719/1719 1720/1720/1720 1718/1718/1718
f 1721/1721/1721 1723/1723/1723 1722/1722/1722
f 1723/1723/1723 1724/1724/1724 1722/1722/1722
f 1725/1725/1725 1727/1727/1727 1726/1726/1726
f 1727/1727/1727 1728/1728/1728 1726/1726/1726
o star_core_63
usemtl star_core
v 0.04611249921470881 2.7961124992147086 0.2108000031411648
v 0.04611249921470881 2.7961124992147086 -0.2108000031411648
v 0.04611249921470881 2.7038875007852914 0.2108000031411648
v 0.04611249921470881 2.7038875007852914 -0.2108000031411648
v -0.04611249921470881 2.7961124992147086 -0.2108000031411648
v -0.04611249921470881 2.7961124992147086 0.2108000031411648
v -0.04611249921470881 2.7038875007852914 -0.2108000031411648
v -0.04611249921470881 2.7038875007852914 0.2108000031411648
v -0.04611249921470881 2.7961124992147086 -0.2108000031411648
v 0.04611249921470881 2.7961124992147086 -0.2108000031411648
v -0.04611249921470881 2.7961124992147086 0.2108000031411648
v 0.04611249921470881 2.7961124992147086 0.2108000031411648
v -0.04611249921470881 2.7038875007852914 0.2108000031411648
v 0.04611249921470881 2.7038875007852914 0.2108000031411648
v -0.04611249921470881 2.7038875007852914 -0.2108000031411648
v 0.04611249921470881 2.7038875007852914 -0.2108000031411648
v -0.04611249921470881 2.7961124992147086 0.2108000031411648
v 0.04611249921470881 2.7961124992147086 0.2108000031411648
v -0.04611249921470881 2.7038875007852914 0.2108000031411648
v 0.04611249921470881 2.7038875007852914 0.2108000031411648
v 0.04611249921470881 2.7961124992147086 -0.2108000031411648
v -0.04611249921470881 2.7961124992147086 -0.2108000031411648
v 0.04611249921470881 2.7038875007852914 -0.2108000031411648
v -0.04611249921470881 2.7038875007852914 -0.2108000031411648
vt 0.25 0.875
vt 0.625 0.875
vt 0.25 0.8125
vt 0.625 0.8125
vt 0.25 0.875
vt 0.625 0.875
vt 0.25 0.8125
vt 0.625 0.8125
vt 0.25 1.1875
vt 0.3125 1.1875
vt 0.25 0.8125
vt 0.3125 0.8125
vt 0.25 1.1875
vt 0.3125 1.1875
vt 0.25 0.8125
vt 0.3125 0.8125
vt 0.25 0.875
vt 0.3125 0.875
vt 0.25 0.8125
vt 0.3125 0.8125
vt 0.25 0.875
vt 0.3125 0.875
vt 0.25 0.8125
vt 0.3125 0.8125
vn 1 0 0
vn 1 0 0
vn 1 0 0
vn 1 0 0
vn -1 0 0
vn -1 0 0
vn -1 0 0
vn -1 0 0
vn 0 1 0
vn 0 1 0
vn 0 1 0
vn 0 1 0
vn 0 -1 0
vn 0 -1 0
vn 0 -1 0
vn 0 -1 0
vn 0 0 1
vn 0 0 1
vn 0 0 1
vn 0 0 1
vn 0 0 -1
vn 0 0 -1
vn 0 0 -1
vn 0 0 -1
f 1729/1729/1729 1731/1731/1731 1730/1730/1730
f 1731/1731/1731 1732/1732/1732 1730/1730/1730
f 1733/1733/1733 1735/1735/1735 1734/1734/1734
f 1735/1735/1735 1736/1736/1736 1734/1734/1734
f 1737/1737/1737 1739/1739/1739 1738/1738/1738
f 1739/1739/1739 1740/1740/1740 1738/1738/1738
f 1741/1741/1741 1743/1743/1743 1742/1742/1742
f 1743/1743/1743 1744/1744/1744 1742/1742/1742
f 1745/1745/1745 1747/1747/1747 1746/1746/1746
f 1747/1747/1747 1748/1748/1748 1746/1746/1746
f 1749/1749/1749 1751/1751/1751 1750/1750/1750
f 1751/1751/1751 1752/1752/1752 1750/1750/1750
o gravity_ring_0_spin_64
usemtl star_gold
v 1.0368249996174128 2.558343116910512 0.09708016535227103
v 1.0881750003825874 2.558343116910512 0.09708016535227103
v 1.0368249996174128 2.540780382289034 0.048826948555885694
v 1.0881750003825874 2.540780382289034 0.048826948555885694
v 1.0881750003825872 2.959219617710966 -0.048826948555885694
v 1.0368249996174126 2.959219617710966 -0.048826948555885694
v 1.0881750003825872 2.941656883089488 -0.09708016535227103
v 1.0368249996174126 2.941656883089488 -0.09708016535227103
v 1.0881750003825872 2.959219617710966 -0.048826948555885694
v 1.0881750003825874 2.558343116910512 0.09708016535227103
v 1.0368249996174126 2.959219617710966 -0.048826948555885694
v 1.0368249996174128 2.558343116910512 0.09708016535227103
v 1.0368249996174126 2.941656883089488 -0.09708016535227103
v 1.0368249996174128 2.540780382289034 0.048826948555885694
v 1.0881750003825872 2.941656883089488 -0.09708016535227103
v 1.0881750003825874 2.540780382289034 0.048826948555885694
v 1.0368249996174126 2.959219617710966 -0.048826948555885694
v 1.0368249996174128 2.558343116910512 0.09708016535227103
v 1.0368249996174126 2.941656883089488 -0.09708016535227103
v 1.0368249996174128 2.540780382289034 0.048826948555885694
v 1.0881750003825874 2.558343116910512 0.09708016535227103
v 1.0881750003825872 2.959219617710966 -0.048826948555885694
v 1.0881750003825874 2.540780382289034 0.048826948555885694
v 1.0881750003825872 2.941656883089488 -0.09708016535227103
vt 0.4375 0.375
vt 0.5 0.375
vt 0.4375 0.3125
vt 0.5 0.3125
vt 0.4375 0.375
vt 0.5 0.375
vt 0.4375 0.3125
vt 0.5 0.3125
vt 0.4375 0.375
vt 0.875 0.375
vt 0.4375 0.3125
vt 0.875 0.3125
vt 0.4375 0.375
vt 0.875 0.375
vt 0.4375 0.3125
vt 0.875 0.3125
vt 0.4375 0.375
vt 0.875 0.375
vt 0.4375 0.3125
vt 0.875 0.3125
vt 0.4375 0.375
vt 0.875 0.375
vt 0.4375 0.3125
vt 0.875 0.3125
vn 2.2204460492503136e-16 -0.9396926207859083 0.34202014332566893
vn 2.2204460492503136e-16 -0.9396926207859083 0.34202014332566893
vn 2.2204460492503136e-16 -0.9396926207859083 0.34202014332566893
vn 2.2204460492503136e-16 -0.9396926207859083 0.34202014332566893
vn -2.2204460492503136e-16 0.9396926207859083 -0.34202014332566893
vn -2.2204460492503136e-16 0.9396926207859083 -0.34202014332566893
vn -2.2204460492503136e-16 0.9396926207859083 -0.34202014332566893
vn -2.2204460492503136e-16 0.9396926207859083 -0.34202014332566893
vn 0 0.34202014332566893 0.9396926207859083
vn 0 0.34202014332566893 0.9396926207859083
vn 0 0.34202014332566893 0.9396926207859083
vn 0 0.34202014332566893 0.9396926207859083
vn 0 -0.34202014332566893 -0.9396926207859083
vn 0 -0.34202014332566893 -0.9396926207859083
vn 0 -0.34202014332566893 -0.9396926207859083
vn 0 -0.34202014332566893 -0.9396926207859083
vn -0.9999999999999999 -2.0865367673337423e-16 7.594372760115073e-17
vn -0.9999999999999999 -2.0865367673337423e-16 7.594372760115073e-17
vn -0.9999999999999999 -2.0865367673337423e-16 7.594372760115073e-17
vn -0.9999999999999999 -2.0865367673337423e-16 7.594372760115073e-17
vn 0.9999999999999999 2.0865367673337423e-16 -7.594372760115073e-17
vn 0.9999999999999999 2.0865367673337423e-16 -7.594372760115073e-17
vn 0.9999999999999999 2.0865367673337423e-16 -7.594372760115073e-17
vn 0.9999999999999999 2.0865367673337423e-16 -7.594372760115073e-17
f 1753/1753/1753 1755/1755/1755 1754/1754/1754
f 1755/1755/1755 1756/1756/1756 1754/1754/1754
f 1757/1757/1757 1759/1759/1759 1758/1758/1758
f 1759/1759/1759 1760/1760/1760 1758/1758/1758
f 1761/1761/1761 1763/1763/1763 1762/1762/1762
f 1763/1763/1763 1764/1764/1764 1762/1762/1762
f 1765/1765/1765 1767/1767/1767 1766/1766/1766
f 1767/1767/1767 1768/1768/1768 1766/1766/1766
f 1769/1769/1769 1771/1771/1771 1770/1770/1770
f 1771/1771/1771 1772/1772/1772 1770/1770/1770
f 1773/1773/1773 1775/1775/1775 1774/1774/1774
f 1775/1775/1775 1776/1776/1776 1774/1774/1774
o gravity_ring_0_spin_65
usemtl star_gold
v 0.903895497849613 2.2417058482242496 0.2116083862062954
v 0.9508801295890339 2.2256361577426294 0.2174572752154762
v 0.903895497849613 2.2246048408031416 0.16462375446687444
v 0.9508801295890339 2.208535150321521 0.17047264347605523
v 1.0929513213204425 2.59243332390491 0.08395402471921147
v 1.0459666895810216 2.608503014386531 0.07810513571003068
v 1.0929513213204425 2.5753323164838022 0.0369693929797905
v 1.0459666895810216 2.5914020069654224 0.03112050397060971
v 1.0929513213204425 2.59243332390491 0.08395402471921147
v 0.9508801295890339 2.2256361577426294 0.2174572752154762
v 1.0459666895810216 2.608503014386531 0.07810513571003068
v 0.903895497849613 2.2417058482242496 0.2116083862062954
v 1.0459666895810216 2.5914020069654224 0.03112050397060971
v 0.903895497849613 2.2246048408031416 0.16462375446687444
v 1.0929513213204425 2.5753323164838022 0.0369693929797905
v 0.9508801295890339 2.208535150321521 0.17047264347605523
v 1.0459666895810216 2.608503014386531 0.07810513571003068
v 0.903895497849613 2.2417058482242496 0.2116083862062954
v 1.0459666895810216 2.5914020069654224 0.03112050397060971
v 0.903895497849613 2.2246048408031416 0.16462375446687444
v 0.9508801295890339 2.2256361577426294 0.2174572752154762
v 1.0929513213204425 2.59243332390491 0.08395402471921147
v 0.9508801295890339 2.208535150321521 0.17047264347605523
v 1.0929513213204425 2.5753323164838022 0.0369693929797905
vt 0.4375 0.375
vt 0.5 0.375
vt 0.4375 0.3125
vt 0.5 0.3125
vt 0.4375 0.375
vt 0.5 0.375
vt 0.4375 0.3125
vt 0.5 0.3125
vt 0.4375 0.375
vt 0.875 0.375
vt 0.4375 0.3125
vt 0.875 0.3125
vt 0.4375 0.375
vt 0.875 0.375
vt 0.4375 0.3125
vt 0.875 0.3125
vt 0.4375 0.375
vt 0.875 0.375
vt 0.4375 0.3125
vt 0.875 0.3125
vt 0.4375 0.375
vt 0.875 0.375
vt 0.4375 0.3125
vt 0.875 0.3125
vn -0.34202014332566866 -0.8830222215594891 0.32139380484326985
vn -0.34202014332566866 -0.8830222215594891 0.32139380484326985
vn -0.34202014332566866 -0.8830222215594891 0.32139380484326985
vn -0.34202014332566866 -0.8830222215594891 0.32139380484326985
vn 0.34202014332566866 0.8830222215594891 -0.32139380484326985
vn 0.34202014332566866 0.8830222215594891 -0.32139380484326985
vn 0.34202014332566866 0.8830222215594891 -0.32139380484326985
vn 0.34202014332566866 0.8830222215594891 -0.32139380484326985
vn 0 0.342020143325669 0.9396926207859084
vn 0 0.342020143325669 0.9396926207859084
vn 0 0.342020143325669 0.9396926207859084
vn 0 0.342020143325669 0.9396926207859084
vn 0 -0.342020143325669 -0.9396926207859084
vn 0 -0.342020143325669 -0.9396926207859084
vn 0 -0.342020143325669 -0.9396926207859084
vn 0 -0.342020143325669 -0.9396926207859084
vn -0.9396926207859085 0.32139380484326957 -0.11697777844051101
vn -0.9396926207859085 0.32139380484326957 -0.11697777844051101
vn -0.9396926207859085 0.32139380484326957 -0.11697777844051101
vn -0.9396926207859085 0.32139380484326957 -0.11697777844051101
vn 0.9396926207859085 -0.32139380484326957 0.11697777844051101
vn 0.9396926207859085 -0.32139380484326957 0.11697777844051101
vn 0.9396926207859085 -0.32139380484326957 0.11697777844051101
vn 0.9396926207859085 -0.32139380484326957 0.11697777844051101
f 1777/1777/1777 1779/1779/1779 1778/1778/1778
f 1779/1779/1779 1780/1780/1780 1778/1778/1778
f 1781/1781/1781 1783/1783/1783 1782/1782/1782
f 1783/1783/1783 1784/1784/1784 1782/1782/1782
f 1785/1785/1785 1787/1787/1787 1786/1786/1786
f 1787/1787/1787 1788/1788/1788 1786/1786/1786
f 1789/1789/1789 1791/1791/1791 1790/1790/1790
f 1791/1791/1791 1792/1792/1792 1790/1790/1790
f 1793/1793/1793 1795/1795/1795 1794/1794/1794
f 1795/1795/1795 1796/1796/1796 1794/1794/1794
f 1797/1797/1797 1799/1799/1799 1798/1798/1798
f 1799/1799/1799 1800/1800/1800 1798/1798/1798
o gravity_ring_0_spin_66
usemtl star_gold
v 0.6564592465557235 1.9784044917463908 0.30828028261446316
v 0.6959679892983109 1.947252016736081 0.31961885624193775
v 0.6564592465557235 1.9607648025915176 0.25981563497525045
v 0.6959679892983109 1.9296123275812076 0.271154208602725
v 0.9713851950721049 2.2556868036039934 0.2073577746097774
v 0.9318764523295174 2.2868392786143033 0.19601920098230285
v 0.9713851950721049 2.23804711444912 0.15889312697056465
v 0.9318764523295174 2.26919958945943 0.14755455334309012
v 0.9713851950721049 2.2556868036039934 0.2073577746097774
v 0.6959679892983109 1.947252016736081 0.31961885624193775
v 0.9318764523295174 2.2868392786143033 0.19601920098230285
v 0.6564592465557235 1.9784044917463908 0.30828028261446316
v 0.9318764523295174 2.26919958945943 0.14755455334309012
v 0.6564592465557235 1.9607648025915176 0.25981563497525045
v 0.9713851950721049 2.23804711444912 0.15889312697056465
v 0.6959679892983109 1.9296123275812076 0.271154208602725
v 0.9318764523295174 2.2868392786143033 0.19601920098230285
v 0.6564592465557235 1.9784044917463908 0.30828028261446316
v 0.9318764523295174 2.26919958945943 0.14755455334309012
v 0.6564592465557235 1.9607648025915176 0.25981563497525045
v 0.6959679892983109 1.947252016736081 0.31961885624193775
v 0.9713851950721049 2.2556868036039934 0.2073577746097774
v 0.6959679892983109 1.9296123275812076 0.271154208602725
v 0.9713851950721049 2.23804711444912 0.15889312697056465
vt 0.4375 0.375
vt 0.5 0.375
vt 0.4375 0.3125
vt 0.5 0.3125
vt 0.4375 0.375
vt 0.5 0.375
vt 0.4375 0.3125
vt 0.5 0.3125
vt 0.4375 0.375
vt 0.875 0.375
vt 0.4375 0.3125
vt 0.875 0.3125
vt 0.4375 0.375
vt 0.875 0.375
vt 0.4375 0.3125
vt 0.875 0.3125
vt 0.4375 0.375
vt 0.875 0.375
vt 0.4375 0.3125
vt 0.875 0.3125
vt 0.4375 0.375
vt 0.875 0.375
vt 0.4375 0.3125
vt 0.875 0.3125
vn -0.6427876096865393 -0.7198463103929541 0.262002630229385
vn -0.6427876096865393 -0.7198463103929541 0.262002630229385
vn -0.6427876096865393 -0.7198463103929541 0.262002630229385
vn -0.6427876096865393 -0.7198463103929541 0.262002630229385
vn 0.6427876096865393 0.7198463103929541 -0.262002630229385
vn 0.6427876096865393 0.7198463103929541 -0.262002630229385
vn 0.6427876096865393 0.7198463103929541 -0.262002630229385
vn 0.6427876096865393 0.7198463103929541 -0.262002630229385
vn 2.6086257315905177e-17 0.3420201433256689 0.9396926207859083
vn 2.6086257315905177e-17 0.3420201433256689 0.9396926207859083
vn 2.6086257315905177e-17 0.3420201433256689 0.9396926207859083
vn 2.6086257315905177e-17 0.3420201433256689 0.9396926207859083
vn -2.6086257315905177e-17 -0.3420201433256689 -0.9396926207859083
vn -2.6086257315905177e-17 -0.3420201433256689 -0.9396926207859083
vn -2.6086257315905177e-17 -0.3420201433256689 -0.9396926207859083
vn -2.6086257315905177e-17 -0.3420201433256689 -0.9396926207859083
vn -0.7660444431189781 0.6040227735550537 -0.2198463103929543
vn -0.7660444431189781 0.6040227735550537 -0.2198463103929543
vn -0.7660444431189781 0.6040227735550537 -0.2198463103929543
vn -0.7660444431189781 0.6040227735550537 -0.2198463103929543
vn 0.7660444431189781 -0.6040227735550537 0.2198463103929543
vn 0.7660444431189781 -0.6040227735550537 0.2198463103929543
vn 0.7660444431189781 -0.6040227735550537 0.2198463103929543
vn 0.7660444431189781 -0.6040227735550537 0.2198463103929543
f 1801/1801/1801 1803/1803/1803 1802/1802/1802
f 1803/1803/1803 1804/1804/1804 1802/1802/1802
f 1805/1805/1805 1807/1807/1807 1806/1806/1806
f 1807/1807/1807 1808/1808/1808 1806/1806/1806
f 1809/1809/1809 1811/1811/1811 1810/1810/1810
f 1811/1811/1811 1812/1812/1812 1810/1810/1810
f 1813/1813/1813 1815/1815/1815 1814/1814/1814
f 1815/1815/1815 1816/1816/1816 1814/1814/1814
f 1817/1817/1817 1819/1819/1819 1818/1818/1818
f 1819/1819/1819 1820/1820/1820 1818/1818/1818
f 1821/1821/1821 1823/1823/1823 1822/1822/1822
f 1823/1823/1823 1824/1824/1824 1822/1822/1822
o gravity_ring_0_spin_67
usemtl star_gold
v 0.3380158990013718 1.8163419617465506 0.36654789961715345
v 0.3631283993755772 1.7754689725917234 0.3814244510549959
v 0.3380158990013718 1.7991639997920474 0.3193518370349051
v 0.3631283993755772 1.75829101063722 0.3342283884727475
v 0.7244841009986285 1.9715159273405334 0.31006919500789587
v 0.699371600624423 2.0123889164953606 0.2951926435700535
v 0.7244841009986285 1.9543379653860302 0.2628731324256475
v 0.699371600624423 1.9952109545408574 0.24799658098780508
v 0.7244841009986285 1.9715159273405334 0.31006919500789587
v 0.3631283993755772 1.7754689725917234 0.3814244510549959
v 0.699371600624423 2.0123889164953606 0.2951926435700535
v 0.3380158990013718 1.8163419617465506 0.36654789961715345
v 0.699371600624423 1.9952109545408574 0.24799658098780508
v 0.3380158990013718 1.7991639997920474 0.3193518370349051
v 0.7244841009986285 1.9543379653860302 0.2628731324256475
v 0.3631283993755772 1.75829101063722 0.3342283884727475
v 0.699371600624423 2.0123889164953606 0.2951926435700535
v 0.3380158990013718 1.8163419617465506 0.36654789961715345
v 0.699371600624423 1.9952109545408574 0.24799658098780508
v 0.3380158990013718 1.7991639997920474 0.3193518370349051
v 0.3631283993755772 1.7754689725917234 0.3814244510549959
v 0.7244841009986285 1.9715159273405334 0.31006919500789587
v 0.3631283993755772 1.75829101063722 0.3342283884727475
v 0.7244841009986285 1.9543379653860302 0.2628731324256475
vt 0.4375 0.375
vt 0.5 0.375
vt 0.4375 0.3125
vt 0.5 0.3125
vt 0.4375 0.375
vt 0.5 0.375
vt 0.4375 0.3125
vt 0.5 0.3125
vt 0.4375 0.375
vt 0.875 0.375
vt 0.4375 0.3125
vt 0.875 0.3125
vt 0.4375 0.375
vt 0.875 0.375
vt 0.4375 0.3125
vt 0.875 0.3125
vt 0.4375 0.375
vt 0.875 0.375
vt 0.4375 0.3125
vt 0.875 0.3125
vt 0.4375 0.375
vt 0.875 0.375
vt 0.4375 0.3125
vt 0.875 0.3125
vn -0.8660254037844386 -0.46984631039295405 0.17101007166283436
vn -0.8660254037844386 -0.46984631039295405 0.17101007166283436
vn -0.8660254037844386 -0.46984631039295405 0.17101007166283436
vn -0.8660254037844386 -0.46984631039295405 0.17101007166283436
vn 0.8660254037844386 0.46984631039295405 -0.17101007166283436
vn 0.8660254037844386 0.46984631039295405 -0.17101007166283436
vn 0.8660254037844386 0.46984631039295405 -0.17101007166283436
vn 0.8660254037844386 0.46984631039295405 -0.17101007166283436
vn 0 0.3420201433256689 0.9396926207859083
vn 0 0.3420201433256689 0.9396926207859083
vn 0 0.3420201433256689 0.9396926207859083
vn 0 0.3420201433256689 0.9396926207859083
vn 0 -0.3420201433256689 -0.9396926207859083
vn 0 -0.3420201433256689 -0.9396926207859083
vn 0 -0.3420201433256689 -0.9396926207859083
vn 0 -0.3420201433256689 -0.9396926207859083
vn -0.4999999999999998 0.8137976813493736 -0.2961981327260239
vn -0.4999999999999998 0.8137976813493736 -0.2961981327260239
vn -0.4999999999999998 0.8137976813493736 -0.2961981327260239
vn -0.4999999999999998 0.8137976813493736 -0.2961981327260239
vn 0.4999999999999998 -0.8137976813493736 0.2961981327260239
vn 0.4999999999999998 -0.8137976813493736 0.2961981327260239
vn 0.4999999999999998 -0.8137976813493736 0.2961981327260239
vn 0.4999999999999998 -0.8137976813493736 0.2961981327260239
f 1825/1825/1825 1827/1827/1827 1826/1826/1826
f 1827/1827/1827 1828/1828/1828 1826/1826/1826
f 1829/1829/1829 1831/1831/1831 1830/1830/1830
f 1831/1831/1831 1832/1832/1832 1830/1830/1830
f 1833/1833/1833 1835/1835/1835 1834/1834/1834
f 1835/1835/1835 1836/1836/1836 1834/1834/1834
f 1837/1837/1837 1839/1839/1839 1838/1838/1838
f 1839/1839/1839 1840/1840/1840 1838/1838/1838
f 1841/1841/1841 1843/1843/1843 1842/1842/1842
f 1843/1843/1843 1844/1844/1844 1842/1842/1842
f 1845/1845/1845 1847/1847/1847 1846/1846/1846
f 1847/1847/1847 1848/1848/1848 1846/1846/1846
o gravity_ring_0_spin_68
usemtl star_gold
v -0.031898543928477574 1.7644607439218543 0.3862691586311367
v -0.02290356819129502 1.7165241644465103 0.403716646692698
v -0.031898543928477574 1.746744100233586 0.33759308014909656
v -0.02290356819129502 1.6988075207582423 0.3550405682106579
v 0.4009009214707047 1.7867456706699771 0.3781581086220172
v 0.39190594573352217 1.8346822501453208 0.3607106205604559
v 0.4009009214707047 1.7690290269817088 0.32948203013997707
v 0.39190594573352217 1.8169656064570527 0.31203454207841574
v 0.4009009214707047 1.7867456706699771 0.3781581086220172
v -0.02290356819129502 1.7165241644465103 0.403716646692698
v 0.39190594573352217 1.8346822501453208 0.3607106205604559
v -0.031898543928477574 1.7644607439218543 0.3862691586311367
v 0.39190594573352217 1.8169656064570527 0.31203454207841574
v -0.031898543928477574 1.746744100233586 0.33759308014909656
v 0.4009009214707047 1.7690290269817088 0.32948203013997707
v -0.02290356819129502 1.6988075207582423 0.3550405682106579
v 0.39190594573352217 1.8346822501453208 0.3607106205604559
v -0.031898543928477574 1.7644607439218543 0.3862691586311367
v 0.39190594573352217 1.8169656064570527 0.31203454207841574
v -0.031898543928477574 1.746744100233586 0.33759308014909656
v -0.02290356819129502 1.7165241644465103 0.403716646692698
v 0.4009009214707047 1.7867456706699771 0.3781581086220172
v -0.02290356819129502 1.6988075207582423 0.3550405682106579
v 0.4009009214707047 1.7690290269817088 0.32948203013997707
vt 0.4375 0.375
vt 0.5 0.375
vt 0.4375 0.3125
vt 0.5 0.3125
vt 0.4375 0.375
vt 0.5 0.375
vt 0.4375 0.3125
vt 0.5 0.3125
vt 0.4375 0.375
vt 0.875 0.375
vt 0.4375 0.3125
vt 0.875 0.3125
vt 0.4375 0.375
vt 0.875 0.375
vt 0.4375 0.3125
vt 0.875 0.3125
vt 0.4375 0.375
vt 0.875 0.375
vt 0.4375 0.3125
vt 0.875 0.3125
vt 0.4375 0.375
vt 0.875 0.375
vt 0.4375 0.3125
vt 0.875 0.3125
vn -0.9848077530122081 -0.16317591116653477 0.05939117461388471
vn -0.9848077530122081 -0.16317591116653477 0.05939117461388471
vn -0.9848077530122081 -0.16317591116653477 0.05939117461388471
vn -0.9848077530122081 -0.16317591116653477 0.05939117461388471
vn 0.9848077530122081 0.16317591116653477 -0.05939117461388471
vn 0.9848077530122081 0.16317591116653477 -0.05939117461388471
vn 0.9848077530122081 0.16317591116653477 -0.05939117461388471
vn 0.9848077530122081 0.16317591116653477 -0.05939117461388471
vn -6.465032855714759e-18 0.34202014332566893 0.9396926207859083
vn -6.465032855714759e-18 0.34202014332566893 0.9396926207859083
vn -6.465032855714759e-18 0.34202014332566893 0.9396926207859083
vn -6.465032855714759e-18 0.34202014332566893 0.9396926207859083
vn 6.465032855714759e-18 -0.34202014332566893 -0.9396926207859083
vn 6.465032855714759e-18 -0.34202014332566893 -0.9396926207859083
vn 6.465032855714759e-18 -0.34202014332566893 -0.9396926207859083
vn 6.465032855714759e-18 -0.34202014332566893 -0.9396926207859083
vn -0.17364817766693028 0.9254165783983234 -0.3368240888334654
vn -0.17364817766693028 0.9254165783983234 -0.3368240888334654
vn -0.17364817766693028 0.9254165783983234 -0.3368240888334654
vn -0.17364817766693028 0.9254165783983234 -0.3368240888334654
vn 0.17364817766693028 -0.9254165783983234 0.3368240888334654
vn 0.17364817766693028 -0.9254165783983234 0.3368240888334654
vn 0.17364817766693028 -0.9254165783983234 0.3368240888334654
vn 0.17364817766693028 -0.9254165783983234 0.3368240888334654
f 1849/1849/1849 1851/1851/1851 1850/1850/1850
f 1851/1851/1851 1852/1852/1852 1850/1850/1850
f 1853/1853/1853 1855/1855/1855 1854/1854/1854
f 1855/1855/1855 1856/1856/1856 1854/1854/1854
f 1857/1857/1857 1859/1859/1859 1858/1858/1858
f 1859/1859/1859 1860/1860/1860 1858/1858/1858
f 1861/1861/1861 1863/1863/1863 1862/1862/1862
f 1863/1863/1863 1864/1864/1864 1862/1862/1862
f 1865/1865/1865 1867/1867/1867 1866/1866/1866
f 1867/1867/1867 1868/1868/1868 1866/1866/1866
f 1869/1869/1869 1871/1871/1871 1870/1870/1870
f 1871/1871/1871 1872/1872/1872 1870/1870/1870
o gravity_ring_0_spin_69
usemtl star_gold
v -0.38650060940342057 1.8329116817604507 0.3606367347431564
v -0.39526116009725965 1.786224414684561 0.3776295102780168
v -0.38650060940342057 1.8156567652725524 0.3132292413180806
v -0.39526116009725965 1.7689694981966626 0.33022201685294106
v 0.01749823186119373 1.7178330056310107 0.40252194745303316
v 0.02625878255503275 1.7645202727069005 0.3855291719181727
v 0.01749823186119373 1.7005780891431124 0.3551144540279574
v 0.02625878255503275 1.7472653562190021 0.338121678493097
v 0.01749823186119373 1.7178330056310107 0.40252194745303316
v -0.39526116009725965 1.786224414684561 0.3776295102780168
v 0.02625878255503275 1.7645202727069005 0.3855291719181727
v -0.38650060940342057 1.8329116817604507 0.3606367347431564
v 0.02625878255503275 1.7472653562190021 0.338121678493097
v -0.38650060940342057 1.8156567652725524 0.3132292413180806
v 0.01749823186119373 1.7005780891431124 0.3551144540279574
v -0.39526116009725965 1.7689694981966626 0.33022201685294106
v 0.02625878255503275 1.7645202727069005 0.3855291719181727
v -0.38650060940342057 1.8329116817604507 0.3606367347431564
v 0.02625878255503275 1.7472653562190021 0.338121678493097
v -0.38650060940342057 1.8156567652725524 0.3132292413180806
v -0.39526116009725965 1.786224414684561 0.3776295102780168
v 0.01749823186119373 1.7178330056310107 0.40252194745303316
v -0.39526116009725965 1.7689694981966626 0.33022201685294106
v 0.01749823186119373 1.7005780891431124 0.3551144540279574
vt 0.4375 0.375
vt 0.5 0.375
vt 0.4375 0.3125
vt 0.5 0.3125
vt 0.4375 0.375
vt 0.5 0.375
vt 0.4375 0.3125
vt 0.5 0.3125
vt 0.4375 0.375
vt 0.875 0.375
vt 0.4375 0.3125
vt 0.875 0.3125
vt 0.4375 0.375
vt 0.875 0.375
vt 0.4375 0.3125
vt 0.875 0.3125
vt 0.4375 0.375
vt 0.875 0.375
vt 0.4375 0.3125
vt 0.875 0.3125
vt 0.4375 0.375
vt 0.875 0.375
vt 0.4375 0.3125
vt 0.875 0.3125
vn -0.984807753012208 0.1631759111665349 -0.05939117461388477
vn -0.984807753012208 0.1631759111665349 -0.05939117461388477
vn -0.984807753012208 0.1631759111665349 -0.05939117461388477
vn -0.984807753012208 0.1631759111665349 -0.05939117461388477
vn 0.984807753012208 -0.1631759111665349 0.05939117461388477
vn 0.984807753012208 -0.1631759111665349 0.05939117461388477
vn 0.984807753012208 -0.1631759111665349 0.05939117461388477
vn 0.984807753012208 -0.1631759111665349 0.05939117461388477
vn -6.8156599562384815e-18 0.3420201433256688 0.9396926207859083
vn -6.8156599562384815e-18 0.3420201433256688 0.9396926207859083
vn -6.8156599562384815e-18 0.3420201433256688 0.9396926207859083
vn -6.8156599562384815e-18 0.3420201433256688 0.9396926207859083
vn 6.8156599562384815e-18 -0.3420201433256688 -0.9396926207859083
vn 6.8156599562384815e-18 -0.3420201433256688 -0.9396926207859083
vn 6.8156599562384815e-18 -0.3420201433256688 -0.9396926207859083
vn 6.8156599562384815e-18 -0.3420201433256688 -0.9396926207859083
vn 0.1736481776669305 0.9254165783983234 -0.3368240888334653
vn 0.1736481776669305 0.9254165783983234 -0.3368240888334653
vn 0.1736481776669305 0.9254165783983234 -0.3368240888334653
vn 0.1736481776669305 0.9254165783983234 -0.3368240888334653
vn -0.1736481776669305 -0.9254165783983234 0.3368240888334653
vn -0.1736481776669305 -0.9254165783983234 0.3368240888334653
vn -0.1736481776669305 -0.9254165783983234 0.3368240888334653
vn -0.1736481776669305 -0.9254165783983234 0.3368240888334653
f 1873/1873/1873 1875/1875/1875 1874/1874/1874
f 1875/1875/1875 1876/1876/1876 1874/1874/1874
f 1877/1877/1877 1879/1879/1879 1878/1878/1878
f 1879/1879/1879 1880/1880/1880 1878/1878/1878
f 1881/1881/1881 1883/1883/1883 1882/1882/1882
f 1883/1883/1883 1884/1884/1884 1882/1882/1882
f 1885/1885/1885 1887/1887/1887 1886/1886/1886
f 1887/1887/1887 1888/1888/1888 1886/1886/1886
f 1889/1889/1889 1891/1891/1891 1890/1890/1890
f 1891/1891/1891 1892/1892/1892 1890/1890/1890
f 1893/1893/1893 1895/1895/1895 1894/1894/1894
f 1895/1895/1895 1896/1896/1896 1894/1894/1894
o gravity_ring_0_spin_70
usemtl star_gold
v -0.7053968645591954 2.0169421890742028 0.2944931478923546
v -0.7314093649468119 1.9746043640711186 0.30990285597704853
v -0.7053968645591954 1.9991485908525393 0.24560563856748707
v -0.7314093649468119 1.9568107658494553 0.261015346652181
v -0.3571031354408042 1.7715313362800416 0.3838153934753139
v -0.3310906350531877 1.8138691612831255 0.36840568539061996
v -0.3571031354408042 1.7537377380583783 0.3349278841504464
v -0.3310906350531877 1.7960755630614622 0.31951817606575245
v -0.3571031354408042 1.7715313362800416 0.3838153934753139
v -0.7314093649468119 1.9746043640711186 0.30990285597704853
v -0.3310906350531877 1.8138691612831255 0.36840568539061996
v -0.7053968645591954 2.0169421890742028 0.2944931478923546
v -0.3310906350531877 1.7960755630614622 0.31951817606575245
v -0.7053968645591954 1.9991485908525393 0.24560563856748707
v -0.3571031354408042 1.7537377380583783 0.3349278841504464
v -0.7314093649468119 1.9568107658494553 0.261015346652181
v -0.3310906350531877 1.8138691612831255 0.36840568539061996
v -0.7053968645591954 2.0169421890742028 0.2944931478923546
v -0.3310906350531877 1.7960755630614622 0.31951817606575245
v -0.7053968645591954 1.9991485908525393 0.24560563856748707
v -0.7314093649468119 1.9746043640711186 0.30990285597704853
v -0.3571031354408042 1.7715313362800416 0.3838153934753139
v -0.7314093649468119 1.9568107658494553 0.261015346652181
v -0.3571031354408042 1.7537377380583783 0.3349278841504464
vt 0.4375 0.375
vt 0.5 0.375
vt 0.4375 0.3125
vt 0.5 0.3125
vt 0.4375 0.375
vt 0.5 0.375
vt 0.4375 0.3125
vt 0.5 0.3125
vt 0.4375 0.375
vt 0.875 0.375
vt 0.4375 0.3125
vt 0.875 0.3125
vt 0.4375 0.375
vt 0.875 0.375
vt 0.4375 0.3125
vt 0.875 0.3125
vt 0.4375 0.375
vt 0.875 0.375
vt 0.4375 0.3125
vt 0.875 0.3125
vt 0.4375 0.375
vt 0.875 0.375
vt 0.4375 0.3125
vt 0.875 0.3125
vn -0.8660254037844386 0.4698463103929542 -0.17101007166283444
vn -0.8660254037844386 0.4698463103929542 -0.17101007166283444
vn -0.8660254037844386 0.4698463103929542 -0.17101007166283444
vn -0.8660254037844386 0.4698463103929542 -0.17101007166283444
vn 0.8660254037844386 -0.4698463103929542 0.17101007166283444
vn 0.8660254037844386 -0.4698463103929542 0.17101007166283444
vn 0.8660254037844386 -0.4698463103929542 0.17101007166283444
vn 0.8660254037844386 -0.4698463103929542 0.17101007166283444
vn 0 0.342020143325669 0.9396926207859084
vn 0 0.342020143325669 0.9396926207859084
vn 0 0.342020143325669 0.9396926207859084
vn 0 0.342020143325669 0.9396926207859084
vn 0 -0.342020143325669 -0.9396926207859084
vn 0 -0.342020143325669 -0.9396926207859084
vn 0 -0.342020143325669 -0.9396926207859084
vn 0 -0.342020143325669 -0.9396926207859084
vn 0.5000000000000001 0.8137976813493735 -0.2961981327260239
vn 0.5000000000000001 0.8137976813493735 -0.2961981327260239
vn 0.5000000000000001 0.8137976813493735 -0.2961981327260239
vn 0.5000000000000001 0.8137976813493735 -0.2961981327260239
vn -0.5000000000000001 -0.8137976813493735 0.2961981327260239
vn -0.5000000000000001 -0.8137976813493735 0.2961981327260239
vn -0.5000000000000001 -0.8137976813493735 0.2961981327260239
vn -0.5000000000000001 -0.8137976813493735 0.2961981327260239
f 1897/1897/1897 1899/1899/1899 1898/1898/1898
f 1899/1899/1899 1900/1900/1900 1898/1898/1898
f 1901/1901/1901 1903/1903/1903 1902/1902/1902
f 1903/1903/1903 1904/1904/1904 1902/1902/1902
f 1905/1905/1905 1907/1907/1907 1906/1906/1906
f 1907/1907/1907 1908/1908/1908 1906/1906/1906
f 1909/1909/1909 1911/1911/1911 1910/1910/1910
f 1911/1911/1911 1912/1912/1912 1910/1910/1910
f 1913/1913/1913 1915/1915/1915 1914/1914/1914
f 1915/1915/1915 1916/1916/1916 1914/1914/1914
f 1917/1917/1917 1919/1919/1919 1918/1918/1918
f 1919/1919/1919 1920/1920/1920 1918/1918/1918
o gravity_ring_0_spin_71
usemtl star_gold
v -0.9298181138251249 2.2837224171898747 0.19667476576037737
v -0.9686374165586318 2.253113562683865 0.2078154777055499
v -0.9298181138251249 2.2663905461685814 0.1490558414924742
v -0.9686374165586318 2.235781691662572 0.16019655343764672
v -0.6980263278027032 1.9500610600269292 0.31811756809255376
v -0.6592070250691964 1.9806699145329392 0.30697685614738124
v -0.6980263278027032 1.932729189005636 0.27049864382465055
v -0.6592070250691964 1.9633380435116459 0.2593579318794781
v -0.6980263278027032 1.9500610600269292 0.31811756809255376
v -0.9686374165586318 2.253113562683865 0.2078154777055499
v -0.6592070250691964 1.9806699145329392 0.30697685614738124
v -0.9298181138251249 2.2837224171898747 0.19667476576037737
v -0.6592070250691964 1.9633380435116459 0.2593579318794781
v -0.9298181138251249 2.2663905461685814 0.1490558414924742
v -0.6980263278027032 1.932729189005636 0.27049864382465055
v -0.9686374165586318 2.235781691662572 0.16019655343764672
v -0.6592070250691964 1.9806699145329392 0.30697685614738124
v -0.9298181138251249 2.2837224171898747 0.19667476576037737
v -0.6592070250691964 1.9633380435116459 0.2593579318794781
v -0.9298181138251249 2.2663905461685814 0.1490558414924742
v -0.9686374165586318 2.253113562683865 0.2078154777055499
v -0.6980263278027032 1.9500610600269292 0.31811756809255376
v -0.9686374165586318 2.235781691662572 0.16019655343764672
v -0.6980263278027032 1.932729189005636 0.27049864382465055
vt 0.4375 0.375
vt 0.5 0.375
vt 0.4375 0.3125
vt 0.5 0.3125
vt 0.4375 0.375
vt 0.5 0.375
vt 0.4375 0.3125
vt 0.5 0.3125
vt 0.4375 0.375
vt 0.875 0.375
vt 0.4375 0.3125
vt 0.875 0.3125
vt 0.4375 0.375
vt 0.875 0.375
vt 0.4375 0.3125
vt 0.875 0.3125
vt 0.4375 0.375
vt 0.875 0.375
vt 0.4375 0.3125
vt 0.875 0.3125
vt 0.4375 0.375
vt 0.875 0.375
vt 0.4375 0.3125
vt 0.875 0.3125
vn -0.6427876096865397 0.719846310392954 -0.26200263022938497
vn -0.6427876096865397 0.719846310392954 -0.26200263022938497
vn -0.6427876096865397 0.719846310392954 -0.26200263022938497
vn -0.6427876096865397 0.719846310392954 -0.26200263022938497
vn 0.6427876096865397 -0.719846310392954 0.26200263022938497
vn 0.6427876096865397 -0.719846310392954 0.26200263022938497
vn 0.6427876096865397 -0.719846310392954 0.26200263022938497
vn 0.6427876096865397 -0.719846310392954 0.26200263022938497
vn 2.7021081814477324e-17 0.3420201433256688 0.9396926207859083
vn 2.7021081814477324e-17 0.3420201433256688 0.9396926207859083
vn 2.7021081814477324e-17 0.3420201433256688 0.9396926207859083
vn 2.7021081814477324e-17 0.3420201433256688 0.9396926207859083
vn -2.7021081814477324e-17 -0.3420201433256688 -0.9396926207859083
vn -2.7021081814477324e-17 -0.3420201433256688 -0.9396926207859083
vn -2.7021081814477324e-17 -0.3420201433256688 -0.9396926207859083
vn -2.7021081814477324e-17 -0.3420201433256688 -0.9396926207859083
vn 0.7660444431189778 0.6040227735550541 -0.21984631039295438
vn 0.7660444431189778 0.6040227735550541 -0.21984631039295438
vn 0.7660444431189778 0.6040227735550541 -0.21984631039295438
vn 0.7660444431189778 0.6040227735550541 -0.21984631039295438
vn -0.7660444431189778 -0.6040227735550541 0.21984631039295438
vn -0.7660444431189778 -0.6040227735550541 0.21984631039295438
vn -0.7660444431189778 -0.6040227735550541 0.21984631039295438
vn -0.7660444431189778 -0.6040227735550541 0.21984631039295438
f 1921/1921/1921 1923/1923/1923 1922/1922/1922
f 1923/1923/1923 1924/1924/1924 1922/1922/1922
f 1925/1925/1925 1927/1927/1927 1926/1926/1926
f 1927/1927/1927 1928/1928/1928 1926/1926/1926
f 1929/1929/1929 1931/1931/1931 1930/1930/1930
f 1931/1931/1931 1932/1932/1932 1930/1930/1930
f 1933/1933/1933 1935/1935/1935 1934/1934/1934
f 1935/1935/1935 1936/1936/1936 1934/1934/1934
f 1937/1937/1937 1939/1939/1939 1938/1938/1938
f 1939/1939/1939 1940/1940/1940 1938/1938/1938
f 1941/1941/1941 1943/1943/1943 1942/1942/1942
f 1943/1943/1943 1944/1944/1944 1942/1942/1942
o gravity_ring_0_spin_72
usemtl star_gold
v -1.0481061371808411 2.6175022913279937 0.07602686678529523
v -1.097205077348536 2.6007094647747 0.08213895579988915
v -1.0481061371808411 2.5996317385729353 0.02692792661760031
v -1.097205077348536 2.5828389120196418 0.03304001563219423
v -0.9487406819892141 2.2174064261351165 0.22164985256848574
v -0.8996417418215192 2.23419925268841 0.21553776355389181
v -0.9487406819892141 2.199535873380058 0.17255091240079085
v -0.8996417418215192 2.2163286999333516 0.16643882338619692
v -0.9487406819892141 2.2174064261351165 0.22164985256848574
v -1.097205077348536 2.6007094647747 0.08213895579988915
v -0.8996417418215192 2.23419925268841 0.21553776355389181
v -1.0481061371808411 2.6175022913279937 0.07602686678529523
v -0.8996417418215192 2.2163286999333516 0.16643882338619692
v -1.0481061371808411 2.5996317385729353 0.02692792661760031
v -0.9487406819892141 2.199535873380058 0.17255091240079085
v -1.097205077348536 2.5828389120196418 0.03304001563219423
v -0.8996417418215192 2.23419925268841 0.21553776355389181
v -1.0481061371808411 2.6175022913279937 0.07602686678529523
v -0.8996417418215192 2.2163286999333516 0.16643882338619692
v -1.0481061371808411 2.5996317385729353 0.02692792661760031
v -1.097205077348536 2.6007094647747 0.08213895579988915
v -0.9487406819892141 2.2174064261351165 0.22164985256848574
v -1.097205077348536 2.5828389120196418 0.03304001563219423
v -0.9487406819892141 2.199535873380058 0.17255091240079085
vt 0.4375 0.375
vt 0.5 0.375
vt 0.4375 0.3125
vt 0.5 0.3125
vt 0.4375 0.375
vt 0.5 0.375
vt 0.4375 0.3125
vt 0.5 0.3125
vt 0.4375 0.375
vt 0.875 0.375
vt 0.4375 0.3125
vt 0.875 0.3125
vt 0.4375 0.375
vt 0.875 0.375
vt 0.4375 0.3125
vt 0.875 0.3125
vt 0.4375 0.375
vt 0.875 0.375
vt 0.4375 0.3125
vt 0.875 0.3125
vt 0.4375 0.375
vt 0.875 0.375
vt 0.4375 0.3125
vt 0.875 0.3125
vn -0.3420201433256685 0.8830222215594891 -0.32139380484326985
vn -0.3420201433256685 0.8830222215594891 -0.32139380484326985
vn -0.3420201433256685 0.8830222215594891 -0.32139380484326985
vn -0.3420201433256685 0.8830222215594891 -0.32139380484326985
vn 0.3420201433256685 -0.8830222215594891 0.32139380484326985
vn 0.3420201433256685 -0.8830222215594891 0.32139380484326985
vn 0.3420201433256685 -0.8830222215594891 0.32139380484326985
vn 0.3420201433256685 -0.8830222215594891 0.32139380484326985
vn 0 0.34202014332566893 0.9396926207859083
vn 0 0.34202014332566893 0.9396926207859083
vn 0 0.34202014332566893 0.9396926207859083
vn 0 0.34202014332566893 0.9396926207859083
vn 0 -0.34202014332566893 -0.9396926207859083
vn 0 -0.34202014332566893 -0.9396926207859083
vn 0 -0.34202014332566893 -0.9396926207859083
vn 0 -0.34202014332566893 -0.9396926207859083
vn 0.9396926207859084 0.3213938048432694 -0.11697777844051097
vn 0.9396926207859084 0.3213938048432694 -0.11697777844051097
vn 0.9396926207859084 0.3213938048432694 -0.11697777844051097
vn 0.9396926207859084 0.3213938048432694 -0.11697777844051097
vn -0.9396926207859084 -0.3213938048432694 0.11697777844051097
vn -0.9396926207859084 -0.3213938048432694 0.11697777844051097
vn -0.9396926207859084 -0.3213938048432694 0.11697777844051097
vn -0.9396926207859084 -0.3213938048432694 0.11697777844051097
f 1945/1945/1945 1947/1947/1947 1946/1946/1946
f 1947/1947/1947 1948/1948/1948 1946/1946/1946
f 1949/1949/1949 1951/1951/1951 1950/1950/1950
f 1951/1951/1951 1952/1952/1952 1950/1950/1950
f 1953/1953/1953 1955/1955/1955 1954/1954/1954
f 1955/1955/1955 1956/1956/1956 1954/1954/1954
f 1957/1957/1957 1959/1959/1959 1958/1958/1958
f 1959/1959/1959 1960/1960/1960 1958/1958/1958
f 1961/1961/1961 1963/1963/1963 1962/1962/1962
f 1963/1963/1963 1964/1964/1964 1962/1962/1962
f 1965/1965/1965 1967/1967/1967 1966/1966/1966
f 1967/1967/1967 1968/1968/1968 1966/1966/1966
o gravity_ring_0_spin_73
usemtl star_gold
v -1.0370499996207654 2.9573861449170042 -0.048399059035921704
v -1.0879500003792346 2.9573861449170042 -0.048399059035921704
v -1.0370499996207654 2.939977319362316 -0.09622941414665226
v -1.0879500003792346 2.939977319362316 -0.09622941414665226
v -1.0879500003792346 2.560022680637684 0.09622941414665234
v -1.0370499996207654 2.560022680637684 0.09622941414665234
v -1.0879500003792346 2.5426138550829958 0.04839905903592179
v -1.0370499996207654 2.5426138550829958 0.04839905903592179
v -1.0879500003792346 2.560022680637684 0.09622941414665234
v -1.0879500003792346 2.9573861449170042 -0.048399059035921704
v -1.0370499996207654 2.560022680637684 0.09622941414665234
v -1.0370499996207654 2.9573861449170042 -0.048399059035921704
v -1.0370499996207654 2.5426138550829958 0.04839905903592179
v -1.0370499996207654 2.939977319362316 -0.09622941414665226
v -1.0879500003792346 2.5426138550829958 0.04839905903592179
v -1.0879500003792346 2.939977319362316 -0.09622941414665226
v -1.0370499996207654 2.560022680637684 0.09622941414665234
v -1.0370499996207654 2.9573861449170042 -0.048399059035921704
v -1.0370499996207654 2.5426138550829958 0.04839905903592179
v -1.0370499996207654 2.939977319362316 -0.09622941414665226
v -1.0879500003792346 2.9573861449170042 -0.048399059035921704
v -1.0879500003792346 2.560022680637684 0.09622941414665234
v -1.0879500003792346 2.939977319362316 -0.09622941414665226
v -1.0879500003792346 2.5426138550829958 0.04839905903592179
vt 0.4375 0.375
vt 0.5 0.375
vt 0.4375 0.3125
vt 0.5 0.3125
vt 0.4375 0.375
vt 0.5 0.375
vt 0.4375 0.3125
vt 0.5 0.3125
vt 0.4375 0.375
vt 0.875 0.375
vt 0.4375 0.3125
vt 0.875 0.3125
vt 0.4375 0.375
vt 0.875 0.375
vt 0.4375 0.3125
vt 0.875 0.3125
vt 0.4375 0.375
vt 0.875 0.375
vt 0.4375 0.3125
vt 0.875 0.3125
vt 0.4375 0.375
vt 0.875 0.375
vt 0.4375 0.3125
vt 0.875 0.3125
vn -2.2204460492503128e-16 0.9396926207859082 -0.3420201433256688
vn -2.2204460492503128e-16 0.9396926207859082 -0.3420201433256688
vn -2.2204460492503128e-16 0.9396926207859082 -0.3420201433256688
vn -2.2204460492503128e-16 0.9396926207859082 -0.3420201433256688
vn 2.2204460492503128e-16 -0.9396926207859082 0.3420201433256688
vn 2.2204460492503128e-16 -0.9396926207859082 0.3420201433256688
vn 2.2204460492503128e-16 -0.9396926207859082 0.3420201433256688
vn 2.2204460492503128e-16 -0.9396926207859082 0.3420201433256688
vn 0 0.3420201433256688 0.9396926207859082
vn 0 0.3420201433256688 0.9396926207859082
vn 0 0.3420201433256688 0.9396926207859082
vn 0 0.3420201433256688 0.9396926207859082
vn 0 -0.3420201433256688 -0.9396926207859082
vn 0 -0.3420201433256688 -0.9396926207859082
vn 0 -0.3420201433256688 -0.9396926207859082
vn 0 -0.3420201433256688 -0.9396926207859082
vn 0.9999999999999999 2.0865367673337425e-16 -7.594372760115072e-17
vn 0.9999999999999999 2.0865367673337425e-16 -7.594372760115072e-17
vn 0.9999999999999999 2.0865367673337425e-16 -7.594372760115072e-17
vn 0.9999999999999999 2.0865367673337425e-16 -7.594372760115072e-17
vn -0.9999999999999999 -2.0865367673337425e-16 7.594372760115072e-17
vn -0.9999999999999999 -2.0865367673337425e-16 7.594372760115072e-17
vn -0.9999999999999999 -2.0865367673337425e-16 7.594372760115072e-17
vn -0.9999999999999999 -2.0865367673337425e-16 7.594372760115072e-17
f 1969/1969/1969 1971/1971/1971 1970/1970/1970
f 1971/1971/1971 1972/1972/1972 1970/1970/1970
f 1973/1973/1973 1975/1975/1975 1974/1974/1974
f 1975/1975/1975 1976/1976/1976 1974/1974/1974
f 1977/1977/1977 1979/1979/1979 1978/1978/1978
f 1979/1979/1979 1980/1980/1980 1978/1978/1978
f 1981/1981/1981 1983/1983/1983 1982/1982/1982
f 1983/1983/1983 1984/1984/1984 1982/1982/1982
f 1985/1985/1985 1987/1987/1987 1986/1986/1986
f 1987/1987/1987 1988/1988/1988 1986/1986/1986
f 1989/1989/1989 1991/1991/1991 1990/1990/1990
f 1991/1991/1991 1992/1992/1992 1990/1990/1990
o gravity_ring_0_spin_74
usemtl star_gold
v -0.8992163662187098 3.2844989141536276 -0.16662033027812906
v -0.9485267372292321 3.3013640543140883 -0.1727587392932643
v -0.8992163662187098 3.266551406865174 -0.21593070128865138
v -0.9485267372292321 3.283416547025635 -0.22206911030378662
v -1.0976304529513456 2.916410428426774 -0.032647077897434484
v -1.0483200819408234 2.8995452882663133 -0.026508668882299247
v -1.0976304529513456 2.8984629211383206 -0.08195744890795681
v -1.0483200819408234 2.88159778097786 -0.07581903989282157
v -1.0976304529513456 2.916410428426774 -0.032647077897434484
v -0.9485267372292321 3.3013640543140883 -0.1727587392932643
v -1.0483200819408234 2.8995452882663133 -0.026508668882299247
v -0.8992163662187098 3.2844989141536276 -0.16662033027812906
v -1.0483200819408234 2.88159778097786 -0.07581903989282157
v -0.8992163662187098 3.266551406865174 -0.21593070128865138
v -1.0976304529513456 2.8984629211383206 -0.08195744890795681
v -0.9485267372292321 3.283416547025635 -0.22206911030378662
v -1.0483200819408234 2.8995452882663133 -0.026508668882299247
v -0.8992163662187098 3.2844989141536276 -0.16662033027812906
v -1.0483200819408234 2.88159778097786 -0.07581903989282157
v -0.8992163662187098 3.266551406865174 -0.21593070128865138
v -0.9485267372292321 3.3013640543140883 -0.1727587392932643
v -1.0976304529513456 2.916410428426774 -0.032647077897434484
v -0.9485267372292321 3.283416547025635 -0.22206911030378662
v -1.0976304529513456 2.8984629211383206 -0.08195744890795681
vt 0.4375 0.375
vt 0.5 0.375
vt 0.4375 0.3125
vt 0.5 0.3125
vt 0.4375 0.375
vt 0.5 0.375
vt 0.4375 0.3125
vt 0.5 0.3125
vt 0.4375 0.375
vt 0.875 0.375
vt 0.4375 0.3125
vt 0.875 0.3125
vt 0.4375 0.375
vt 0.875 0.375
vt 0.4375 0.3125
vt 0.875 0.3125
vt 0.4375 0.375
vt 0.875 0.375
vt 0.4375 0.3125
vt 0.875 0.3125
vt 0.4375 0.375
vt 0.875 0.375
vt 0.4375 0.3125
vt 0.875 0.3125
vn 0.3420201433256691 0.883022221559489 -0.3213938048432697
vn 0.3420201433256691 0.883022221559489 -0.3213938048432697
vn 0.3420201433256691 0.883022221559489 -0.3213938048432697
vn 0.3420201433256691 0.883022221559489 -0.3213938048432697
vn -0.3420201433256691 -0.883022221559489 0.3213938048432697
vn -0.3420201433256691 -0.883022221559489 0.3213938048432697
vn -0.3420201433256691 -0.883022221559489 0.3213938048432697
vn -0.3420201433256691 -0.883022221559489 0.3213938048432697
vn 1.2599559360774083e-17 0.3420201433256689 0.9396926207859083
vn 1.2599559360774083e-17 0.3420201433256689 0.9396926207859083
vn 1.2599559360774083e-17 0.3420201433256689 0.9396926207859083
vn 1.2599559360774083e-17 0.3420201433256689 0.9396926207859083
vn -1.2599559360774083e-17 -0.3420201433256689 -0.9396926207859083
vn -1.2599559360774083e-17 -0.3420201433256689 -0.9396926207859083
vn -1.2599559360774083e-17 -0.3420201433256689 -0.9396926207859083
vn -1.2599559360774083e-17 -0.3420201433256689 -0.9396926207859083
vn 0.9396926207859082 -0.32139380484327 0.11697777844051115
vn 0.9396926207859082 -0.32139380484327 0.11697777844051115
vn 0.9396926207859082 -0.32139380484327 0.11697777844051115
vn 0.9396926207859082 -0.32139380484327 0.11697777844051115
vn -0.9396926207859082 0.32139380484327 -0.11697777844051115
vn -0.9396926207859082 0.32139380484327 -0.11697777844051115
vn -0.9396926207859082 0.32139380484327 -0.11697777844051115
vn -0.9396926207859082 0.32139380484327 -0.11697777844051115
f 1993/1993/1993 1995/1995/1995 1994/1994/1994
f 1995/1995/1995 1996/1996/1996 1994/1994/1994
f 1997/1997/1997 1999/1999/1999 1998/1998/1998
f 1999/1999/1999 2000/2000/2000 1998/1998/1998
f 2001/2001/2001 2003/2003/2003 2002/2002/2002
f 2003/2003/2003 2004/2004/2004 2002/2002/2002
f 2005/2005/2005 2007/2007/2007 2006/2006/2006
f 2007/2007/2007 2008/2008/2008 2006/2006/2006
f 2009/2009/2009 2011/2011/2011 2010/2010/2010
f 2011/2011/2011 2012/2012/2012 2010/2010/2010
f 2013/2013/2013 2015/2015/2015 2014/2014/2014
f 2015/2015/2015 2016/2016/2016 2014/2014/2014
o gravity_ring_0_spin_75
usemtl star_gold
v -0.6578331358124601 3.5379485769484185 -0.25958678342736424
v -0.6969971585505071 3.5688292417065783 -0.27082642621368774
v -0.6578331358124601 3.5204627968603353 -0.3076285693809222
v -0.6969971585505071 3.551343461618495 -0.3188682121672457
v -0.9700113058153683 3.263085596944154 -0.15954484020410564
v -0.9308472830773212 3.232204932185994 -0.14830519741778214
v -0.9700113058153683 3.2455998168560707 -0.2075866261576636
v -0.9308472830773212 3.214719152097911 -0.19634698337134007
v -0.9700113058153683 3.263085596944154 -0.15954484020410564
v -0.6969971585505071 3.5688292417065783 -0.27082642621368774
v -0.9308472830773212 3.232204932185994 -0.14830519741778214
v -0.6578331358124601 3.5379485769484185 -0.25958678342736424
v -0.9308472830773212 3.214719152097911 -0.19634698337134007
v -0.6578331358124601 3.5204627968603353 -0.3076285693809222
v -0.9700113058153683 3.2455998168560707 -0.2075866261576636
v -0.6969971585505071 3.551343461618495 -0.3188682121672457
v -0.9308472830773212 3.232204932185994 -0.14830519741778214
v -0.6578331358124601 3.5379485769484185 -0.25958678342736424
v -0.9308472830773212 3.214719152097911 -0.19634698337134007
v -0.6578331358124601 3.5204627968603353 -0.3076285693809222
v -0.6969971585505071 3.5688292417065783 -0.27082642621368774
v -0.9700113058153683 3.263085596944154 -0.15954484020410564
v -0.6969971585505071 3.551343461618495 -0.3188682121672457
v -0.9700113058153683 3.2455998168560707 -0.2075866261576636
vt 0.4375 0.375
vt 0.5 0.375
vt 0.4375 0.3125
vt 0.5 0.3125
vt 0.4375 0.375
vt 0.5 0.375
vt 0.4375 0.3125
vt 0.5 0.3125
vt 0.4375 0.375
vt 0.875 0.375
vt 0.4375 0.3125
vt 0.875 0.3125
vt 0.4375 0.375
vt 0.875 0.375
vt 0.4375 0.3125
vt 0.875 0.3125
vt 0.4375 0.375
vt 0.875 0.375
vt 0.4375 0.3125
vt 0.875 0.3125
vt 0.4375 0.375
vt 0.875 0.375
vt 0.4375 0.3125
vt 0.875 0.3125
vn 0.6427876096865391 0.7198463103929542 -0.262002630229385
vn 0.6427876096865391 0.7198463103929542 -0.262002630229385
vn 0.6427876096865391 0.7198463103929542 -0.262002630229385
vn 0.6427876096865391 0.7198463103929542 -0.262002630229385
vn -0.6427876096865391 -0.7198463103929542 0.262002630229385
vn -0.6427876096865391 -0.7198463103929542 0.262002630229385
vn -0.6427876096865391 -0.7198463103929542 0.262002630229385
vn -0.6427876096865391 -0.7198463103929542 0.262002630229385
vn 2.6547498511490406e-17 0.34202014332566893 0.9396926207859084
vn 2.6547498511490406e-17 0.34202014332566893 0.9396926207859084
vn 2.6547498511490406e-17 0.34202014332566893 0.9396926207859084
vn 2.6547498511490406e-17 0.34202014332566893 0.9396926207859084
vn -2.6547498511490406e-17 -0.34202014332566893 -0.9396926207859084
vn -2.6547498511490406e-17 -0.34202014332566893 -0.9396926207859084
vn -2.6547498511490406e-17 -0.34202014332566893 -0.9396926207859084
vn -2.6547498511490406e-17 -0.34202014332566893 -0.9396926207859084
vn 0.7660444431189781 -0.6040227735550535 0.21984631039295421
vn 0.7660444431189781 -0.6040227735550535 0.21984631039295421
vn 0.7660444431189781 -0.6040227735550535 0.21984631039295421
vn 0.7660444431189781 -0.6040227735550535 0.21984631039295421
vn -0.7660444431189781 0.6040227735550535 -0.21984631039295421
vn -0.7660444431189781 0.6040227735550535 -0.21984631039295421
vn -0.7660444431189781 0.6040227735550535 -0.21984631039295421
vn -0.7660444431189781 0.6040227735550535 -0.21984631039295421
f 2017/2017/2017 2019/2019/2019 2018/2018/2018
f 2019/2019/2019 2020/2020/2020 2018/2018/2018
f 2021/2021/2021 2023/2023/2023 2022/2022/2022
f 2023/2023/2023 2024/2024/2024 2022/2022/2022
f 2025/2025/2025 2027/2027/2027 2026/2026/2026
f 2027/2027/2027 2028/2028/2028 2026/2026/2026
f 2029/2029/2029 2031/2031/2031 2030/2030/2030
f 2031/2031/2031 2032/2032/2032 2030/2030/2030
f 2033/2033/2033 2035/2035/2035 2034/2034/2034
f 2035/2035/2035 2036/2036/2036 2034/2034/2034
f 2037/2037/2037 2039/2039/2039 2038/2038/2038
f 2039/2039/2039 2040/2040/2040 2038/2038/2038
o gravity_ring_0_spin_76
usemtl star_gold
v -0.32849366107261946 3.705082600712507 -0.31958055320232015
v -0.35484366146526514 3.747969739158687 -0.33519019502958336
v -0.32849366107261946 3.6870581388906585 -0.36910235505566985
v -0.35484366146526514 3.7299452773368387 -0.38471199688293306
v -0.7340063389273814 3.54226193397676 -0.2603186769871309
v -0.7076563385347358 3.4993747955305796 -0.2447090351598677
v -0.7340063389273814 3.5242374721549115 -0.3098404788404806
v -0.7076563385347358 3.4813503337087313 -0.2942308370132174
v -0.7340063389273814 3.54226193397676 -0.2603186769871309
v -0.35484366146526514 3.747969739158687 -0.33519019502958336
v -0.7076563385347358 3.4993747955305796 -0.2447090351598677
v -0.32849366107261946 3.705082600712507 -0.31958055320232015
v -0.7076563385347358 3.4813503337087313 -0.2942308370132174
v -0.32849366107261946 3.6870581388906585 -0.36910235505566985
v -0.7340063389273814 3.5242374721549115 -0.3098404788404806
v -0.35484366146526514 3.7299452773368387 -0.38471199688293306
v -0.7076563385347358 3.4993747955305796 -0.2447090351598677
v -0.32849366107261946 3.705082600712507 -0.31958055320232015
v -0.7076563385347358 3.4813503337087313 -0.2942308370132174
v -0.32849366107261946 3.6870581388906585 -0.36910235505566985
v -0.35484366146526514 3.747969739158687 -0.33519019502958336
v -0.7340063389273814 3.54226193397676 -0.2603186769871309
v -0.35484366146526514 3.7299452773368387 -0.38471199688293306
v -0.7340063389273814 3.5242374721549115 -0.3098404788404806
vt 0.4375 0.375
vt 0.5 0.375
vt 0.4375 0.3125
vt 0.5 0.3125
vt 0.4375 0.375
vt 0.5 0.375
vt 0.4375 0.3125
vt 0.5 0.3125
vt 0.4375 0.375
vt 0.875 0.375
vt 0.4375 0.3125
vt 0.875 0.3125
vt 0.4375 0.375
vt 0.875 0.375
vt 0.4375 0.3125
vt 0.875 0.3125
vt 0.4375 0.375
vt 0.875 0.375
vt 0.4375 0.3125
vt 0.875 0.3125
vt 0.4375 0.375
vt 0.875 0.375
vt 0.4375 0.3125
vt 0.875 0.3125
vn 0.8660254037844384 0.4698463103929546 -0.17101007166283458
vn 0.8660254037844384 0.4698463103929546 -0.17101007166283458
vn 0.8660254037844384 0.4698463103929546 -0.17101007166283458
vn 0.8660254037844384 0.4698463103929546 -0.17101007166283458
vn -0.8660254037844384 -0.4698463103929546 0.17101007166283458
vn -0.8660254037844384 -0.4698463103929546 0.17101007166283458
vn -0.8660254037844384 -0.4698463103929546 0.17101007166283458
vn -0.8660254037844384 -0.4698463103929546 0.17101007166283458
vn 0 0.3420201433256688 0.9396926207859083
vn 0 0.3420201433256688 0.9396926207859083
vn 0 0.3420201433256688 0.9396926207859083
vn 0 0.3420201433256688 0.9396926207859083
vn 0 -0.3420201433256688 -0.9396926207859083
vn 0 -0.3420201433256688 -0.9396926207859083
vn 0 -0.3420201433256688 -0.9396926207859083
vn 0 -0.3420201433256688 -0.9396926207859083
vn 0.5000000000000004 -0.8137976813493735 0.29619813272602397
vn 0.5000000000000004 -0.8137976813493735 0.29619813272602397
vn 0.5000000000000004 -0.8137976813493735 0.29619813272602397
vn 0.5000000000000004 -0.8137976813493735 0.29619813272602397
vn -0.5000000000000004 0.8137976813493735 -0.29619813272602397
vn -0.5000000000000004 0.8137976813493735 -0.29619813272602397
vn -0.5000000000000004 0.8137976813493735 -0.29619813272602397
vn -0.5000000000000004 0.8137976813493735 -0.29619813272602397
f 2041/2041/2041 2043/2043/2043 2042/2042/2042
f 2043/2043/2043 2044/2044/2044 2042/2042/2042
f 2045/2045/2045 2047/2047/2047 2046/2046/2046
f 2047/2047/2047 2048/2048/2048 2046/2046/2046
f 2049/2049/2049 2051/2051/2051 2050/2050/2050
f 2051/2051/2051 2052/2052/2052 2050/2050/2050
f 2053/2053/2053 2055/2055/2055 2054/2054/2054
f 2055/2055/2055 2056/2056/2056 2054/2054/2054
f 2057/2057/2057 2059/2059/2059 2058/2058/2058
f 2059/2059/2059 2060/2060/2060 2058/2058/2058
f 2061/2061/2061 2063/2063/2063 2062/2062/2062
f 2063/2063/2063 2064/2064/2064 2062/2062/2062
o gravity_ring_0_spin_77
usemtl star_gold
v 0.03001862347066267 3.7530821477712757 -0.3377692795970967
v 0.02110178941459459 3.8006022897801346 -0.3550651968164244
v 0.03001862347066267 3.735519413149797 -0.386022496393482
v 0.02110178941459459 3.7830395551586564 -0.40331841361280973
v -0.3990210010128896 3.7309908159466403 -0.32972869237763175
v -0.3901041669568216 3.683470673937781 -0.31243277515830403
v -0.3990210010128896 3.7134280813251617 -0.3779819091740171
v -0.3901041669568216 3.6659079393163028 -0.36068599195468937
v -0.3990210010128896 3.7309908159466403 -0.32972869237763175
v 0.02110178941459459 3.8006022897801346 -0.3550651968164244
v -0.3901041669568216 3.683470673937781 -0.31243277515830403
v 0.03001862347066267 3.7530821477712757 -0.3377692795970967
v -0.3901041669568216 3.6659079393163028 -0.36068599195468937
v 0.03001862347066267 3.735519413149797 -0.386022496393482
v -0.3990210010128896 3.7134280813251617 -0.3779819091740171
v 0.02110178941459459 3.7830395551586564 -0.40331841361280973
v -0.3901041669568216 3.683470673937781 -0.31243277515830403
v 0.03001862347066267 3.7530821477712757 -0.3377692795970967
v -0.3901041669568216 3.6659079393163028 -0.36068599195468937
v 0.03001862347066267 3.735519413149797 -0.386022496393482
v 0.02110178941459459 3.8006022897801346 -0.3550651968164244
v -0.3990210010128896 3.7309908159466403 -0.32972869237763175
v 0.02110178941459459 3.7830395551586564 -0.40331841361280973
v -0.3990210010128896 3.7134280813251617 -0.3779819091740171
vt 0.4375 0.375
vt 0.5 0.375
vt 0.4375 0.3125
vt 0.5 0.3125
vt 0.4375 0.375
vt 0.5 0.375
vt 0.4375 0.3125
vt 0.5 0.3125
vt 0.4375 0.375
vt 0.875 0.375
vt 0.4375 0.3125
vt 0.875 0.3125
vt 0.4375 0.375
vt 0.875 0.375
vt 0.4375 0.3125
vt 0.875 0.3125
vt 0.4375 0.375
vt 0.875 0.375
vt 0.4375 0.3125
vt 0.875 0.3125
vt 0.4375 0.375
vt 0.875 0.375
vt 0.4375 0.3125
vt 0.875 0.3125
vn 0.9848077530122081 0.16317591116653482 -0.05939117461388475
vn 0.9848077530122081 0.16317591116653482 -0.05939117461388475
vn 0.9848077530122081 0.16317591116653482 -0.05939117461388475
vn 0.9848077530122081 0.16317591116653482 -0.05939117461388475
vn -0.9848077530122081 -0.16317591116653482 0.05939117461388475
vn -0.9848077530122081 -0.16317591116653482 0.05939117461388475
vn -0.9848077530122081 -0.16317591116653482 0.05939117461388475
vn -0.9848077530122081 -0.16317591116653482 0.05939117461388475
vn 0 0.3420201433256689 0.9396926207859083
vn 0 0.3420201433256689 0.9396926207859083
vn 0 0.3420201433256689 0.9396926207859083
vn 0 0.3420201433256689 0.9396926207859083
vn 0 -0.3420201433256689 -0.9396926207859083
vn 0 -0.3420201433256689 -0.9396926207859083
vn 0 -0.3420201433256689 -0.9396926207859083
vn 0 -0.3420201433256689 -0.9396926207859083
vn 0.1736481776669304 -0.9254165783983233 0.3368240888334653
vn 0.1736481776669304 -0.9254165783983233 0.3368240888334653
vn 0.1736481776669304 -0.9254165783983233 0.3368240888334653
vn 0.1736481776669304 -0.9254165783983233 0.3368240888334653
vn -0.1736481776669304 0.9254165783983233 -0.3368240888334653
vn -0.1736481776669304 0.9254165783983233 -0.3368240888334653
vn -0.1736481776669304 0.9254165783983233 -0.3368240888334653
vn -0.1736481776669304 0.9254165783983233 -0.3368240888334653
f 2065/2065/2065 2067/2067/2067 2066/2066/2066
f 2067/2067/2067 2068/2068/2068 2066/2066/2066
f 2069/2069/2069 2071/2071/2071 2070/2070/2070
f 2071/2071/2071 2072/2072/2072 2070/2070/2070
f 2073/2073/2073 2075/2075/2075 2074/2074/2074
f 2075/2075/2075 2076/2076/2076 2074/2074/2074
f 2077/2077/2077 2079/2079/2079 2078/2078/2078
f 2079/2079/2079 2080/2080/2080 2078/2078/2078
f 2081/2081/2081 2083/2083/2083 2082/2082/2082
f 2083/2083/2083 2084/2084/2084 2082/2082/2082
f 2085/2085/2085 2087/2087/2087 2086/2086/2086
f 2087/2087/2087 2088/2088/2088 2086/2086/2086
o gravity_ring_0_spin_78
usemtl star_gold
v 0.38469883062671983 3.6847795151222815 -0.313627474397969
v 0.3933812396394443 3.7310503447316865 -0.3304686790905958
v 0.38469883062671983 3.667678507701173 -0.36061210613739
v 0.3933812396394443 3.713949337310578 -0.37745331083001676
v -0.015696453084493633 3.7988317213952643 -0.3551390826337239
v -0.024378862097218124 3.7525608917858593 -0.3382978779410971
v -0.015696453084493633 3.781730713974156 -0.40212371437314487
v -0.024378862097218124 3.735459884364751 -0.3852825096805181
v -0.015696453084493633 3.7988317213952643 -0.3551390826337239
v 0.3933812396394443 3.7310503447316865 -0.3304686790905958
v -0.024378862097218124 3.7525608917858593 -0.3382978779410971
v 0.38469883062671983 3.6847795151222815 -0.313627474397969
v -0.024378862097218124 3.735459884364751 -0.3852825096805181
v 0.38469883062671983 3.667678507701173 -0.36061210613739
v -0.015696453084493633 3.781730713974156 -0.40212371437314487
v 0.3933812396394443 3.713949337310578 -0.37745331083001676
v -0.024378862097218124 3.7525608917858593 -0.3382978779410971
v 0.38469883062671983 3.6847795151222815 -0.313627474397969
v -0.024378862097218124 3.735459884364751 -0.3852825096805181
v 0.38469883062671983 3.667678507701173 -0.36061210613739
v 0.3933812396394443 3.7310503447316865 -0.3304686790905958
v -0.015696453084493633 3.7988317213952643 -0.3551390826337239
v 0.3933812396394443 3.713949337310578 -0.37745331083001676
v -0.015696453084493633 3.781730713974156 -0.40212371437314487
vt 0.4375 0.375
vt 0.5 0.375
vt 0.4375 0.3125
vt 0.5 0.3125
vt 0.4375 0.375
vt 0.5 0.375
vt 0.4375 0.3125
vt 0.5 0.3125
vt 0.4375 0.375
vt 0.875 0.375
vt 0.4375 0.3125
vt 0.875 0.3125
vt 0.4375 0.375
vt 0.875 0.375
vt 0.4375 0.3125
vt 0.875 0.3125
vt 0.4375 0.375
vt 0.875 0.375
vt 0.4375 0.3125
vt 0.875 0.3125
vt 0.4375 0.375
vt 0.875 0.375
vt 0.4375 0.3125
vt 0.875 0.3125
vn 0.9848077530122081 -0.16317591116653438 0.05939117461388457
vn 0.9848077530122081 -0.16317591116653438 0.05939117461388457
vn 0.9848077530122081 -0.16317591116653438 0.05939117461388457
vn 0.9848077530122081 -0.16317591116653438 0.05939117461388457
vn -0.9848077530122081 0.16317591116653438 -0.05939117461388457
vn -0.9848077530122081 0.16317591116653438 -0.05939117461388457
vn -0.9848077530122081 0.16317591116653438 -0.05939117461388457
vn -0.9848077530122081 0.16317591116653438 -0.05939117461388457
vn -6.93889390390723e-18 0.3420201433256689 0.9396926207859085
vn -6.93889390390723e-18 0.3420201433256689 0.9396926207859085
vn -6.93889390390723e-18 0.3420201433256689 0.9396926207859085
vn -6.93889390390723e-18 0.3420201433256689 0.9396926207859085
vn 6.93889390390723e-18 -0.3420201433256689 -0.9396926207859085
vn 6.93889390390723e-18 -0.3420201433256689 -0.9396926207859085
vn 6.93889390390723e-18 -0.3420201433256689 -0.9396926207859085
vn 6.93889390390723e-18 -0.3420201433256689 -0.9396926207859085
vn -0.17364817766692986 -0.9254165783983234 0.3368240888334653
vn -0.17364817766692986 -0.9254165783983234 0.3368240888334653
vn -0.17364817766692986 -0.9254165783983234 0.3368240888334653
vn -0.17364817766692986 -0.9254165783983234 0.3368240888334653
vn 0.17364817766692986 0.9254165783983234 -0.3368240888334653
vn 0.17364817766692986 0.9254165783983234 -0.3368240888334653
vn 0.17364817766692986 0.9254165783983234 -0.3368240888334653
vn 0.17364817766692986 0.9254165783983234 -0.3368240888334653
f 2089/2089/2089 2091/2091/2091 2090/2090/2090
f 2091/2091/2091 2092/2092/2092 2090/2090/2090
f 2093/2093/2093 2095/2095/2095 2094/2094/2094
f 2095/2095/2095 2096/2096/2096 2094/2094/2094
f 2097/2097/2097 2099/2099/2099 2098/2098/2098
f 2099/2099/2099 2100/2100/2100 2098/2098/2098
f 2101/2101/2101 2103/2103/2103 2102/2102/2102
f 2103/2103/2103 2104/2104/2104 2102/2102/2102
f 2105/2105/2105 2107/2107/2107 2106/2106/2106
f 2107/2107/2107 2108/2108/2108 2106/2106/2106
f 2109/2109/2109 2111/2111/2111 2110/2110/2110
f 2111/2111/2111 2112/2112/2112 2110/2110/2110
o gravity_ring_0_spin_79
usemtl star_gold
v 0.7038905485755025 3.501835818225381 -0.24620337417256655
v 0.7296780489597663 3.5438074342664008 -0.26147979309554764
v 0.7038905485755025 3.484196129070508 -0.2946680218117793
v 0.7296780489597663 3.5261677451115276 -0.30994444073476035
v 0.3586094514244977 3.7451239437969113 -0.33475301023102166
v 0.332821951040234 3.7031523277558915 -0.3194765913080406
v 0.3586094514244977 3.727484254642038 -0.38321765787023443
v 0.332821951040234 3.6855126386010184 -0.36794123894725334
v 0.3586094514244977 3.7451239437969113 -0.33475301023102166
v 0.7296780489597663 3.5438074342664008 -0.26147979309554764
v 0.332821951040234 3.7031523277558915 -0.3194765913080406
v 0.7038905485755025 3.501835818225381 -0.24620337417256655
v 0.332821951040234 3.6855126386010184 -0.36794123894725334
v 0.7038905485755025 3.484196129070508 -0.2946680218117793
v 0.3586094514244977 3.727484254642038 -0.38321765787023443
v 0.7296780489597663 3.5261677451115276 -0.30994444073476035
v 0.332821951040234 3.7031523277558915 -0.3194765913080406
v 0.7038905485755025 3.501835818225381 -0.24620337417256655
v 0.332821951040234 3.6855126386010184 -0.36794123894725334
v 0.7038905485755025 3.484196129070508 -0.2946680218117793
v 0.7296780489597663 3.5438074342664008 -0.26147979309554764
v 0.3586094514244977 3.7451239437969113 -0.33475301023102166
v 0.7296780489597663 3.5261677451115276 -0.30994444073476035
v 0.3586094514244977 3.727484254642038 -0.38321765787023443
vt 0.4375 0.375
vt 0.5 0.375
vt 0.4375 0.3125
vt 0.5 0.3125
vt 0.4375 0.375
vt 0.5 0.375
vt 0.4375 0.3125
vt 0.5 0.3125
vt 0.4375 0.375
vt 0.875 0.375
vt 0.4375 0.3125
vt 0.875 0.3125
vt 0.4375 0.375
vt 0.875 0.375
vt 0.4375 0.3125
vt 0.875 0.3125
vt 0.4375 0.375
vt 0.875 0.375
vt 0.4375 0.3125
vt 0.875 0.3125
vt 0.4375 0.375
vt 0.875 0.375
vt 0.4375 0.3125
vt 0.875 0.3125
vn 0.8660254037844386 -0.46984631039295427 0.1710100716628345
vn 0.8660254037844386 -0.46984631039295427 0.1710100716628345
vn 0.8660254037844386 -0.46984631039295427 0.1710100716628345
vn 0.8660254037844386 -0.46984631039295427 0.1710100716628345
vn -0.8660254037844386 0.46984631039295427 -0.1710100716628345
vn -0.8660254037844386 0.46984631039295427 -0.1710100716628345
vn -0.8660254037844386 0.46984631039295427 -0.1710100716628345
vn -0.8660254037844386 0.46984631039295427 -0.1710100716628345
vn 0 0.3420201433256689 0.9396926207859083
vn 0 0.3420201433256689 0.9396926207859083
vn 0 0.3420201433256689 0.9396926207859083
vn 0 0.3420201433256689 0.9396926207859083
vn 0 -0.3420201433256689 -0.9396926207859083
vn 0 -0.3420201433256689 -0.9396926207859083
vn 0 -0.3420201433256689 -0.9396926207859083
vn 0 -0.3420201433256689 -0.9396926207859083
vn -0.5000000000000001 -0.8137976813493734 0.2961981327260239
vn -0.5000000000000001 -0.8137976813493734 0.2961981327260239
vn -0.5000000000000001 -0.8137976813493734 0.2961981327260239
vn -0.5000000000000001 -0.8137976813493734 0.2961981327260239
vn 0.5000000000000001 0.8137976813493734 -0.2961981327260239
vn 0.5000000000000001 0.8137976813493734 -0.2961981327260239
vn 0.5000000000000001 0.8137976813493734 -0.2961981327260239
vn 0.5000000000000001 0.8137976813493734 -0.2961981327260239
f 2113/2113/2113 2115/2115/2115 2114/2114/2114
f 2115/2115/2115 2116/2116/2116 2114/2114/2114
f 2117/2117/2117 2119/2119/2119 2118/2118/2118
f 2119/2119/2119 2120/2120/2120 2118/2118/2118
f 2121/2121/2121 2123/2123/2123 2122/2122/2122
f 2123/2123/2123 2124/2124/2124 2122/2122/2122
f 2125/2125/2125 2127/2127/2127 2126/2126/2126
f 2127/2127/2127 2128/2128/2128 2126/2126/2126
f 2129/2129/2129 2131/2131/2131 2130/2130/2130
f 2131/2131/2131 2132/2132/2132 2130/2130/2130
f 2133/2133/2133 2135/2135/2135 2134/2134/2134
f 2135/2135/2135 2136/2136/2136 2134/2134/2134
o gravity_ring_0_spin_80
usemtl star_gold
v 0.9287889445729285 3.2350139754768428 -0.1498064855671663
v 0.967263527301895 3.2653510197307023 -0.1608482666711878
v 0.9287889445729285 3.2178360135223394 -0.19700254814941467
v 0.967263527301895 3.2481730577761994 -0.20804432925343616
v 0.6990554970548992 3.5657123802821498 -0.27017086143561336
v 0.6605809143259327 3.53537533602829 -0.2591290803315919
v 0.6990554970548992 3.5485344183276464 -0.31736692401786176
v 0.6605809143259327 3.518197374073787 -0.3063251429138403
v 0.6990554970548992 3.5657123802821498 -0.27017086143561336
v 0.967263527301895 3.2653510197307023 -0.1608482666711878
v 0.6605809143259327 3.53537533602829 -0.2591290803315919
v 0.9287889445729285 3.2350139754768428 -0.1498064855671663
v 0.6605809143259327 3.518197374073787 -0.3063251429138403
v 0.9287889445729285 3.2178360135223394 -0.19700254814941467
v 0.6990554970548992 3.5485344183276464 -0.31736692401786176
v 0.967263527301895 3.2481730577761994 -0.20804432925343616
v 0.6605809143259327 3.53537533602829 -0.2591290803315919
v 0.9287889445729285 3.2350139754768428 -0.1498064855671663
v 0.6605809143259327 3.518197374073787 -0.3063251429138403
v 0.9287889445729285 3.2178360135223394 -0.19700254814941467
v 0.967263527301895 3.2653510197307023 -0.1608482666711878
v 0.6990554970548992 3.5657123802821498 -0.27017086143561336
v 0.967263527301895 3.2481730577761994 -0.20804432925343616
v 0.6990554970548992 3.5485344183276464 -0.31736692401786176
vt 0.4375 0.375
vt 0.5 0.375
vt 0.4375 0.3125
vt 0.5 0.3125
vt 0.4375 0.375
vt 0.5 0.375
vt 0.4375 0.3125
vt 0.5 0.3125
vt 0.4375 0.375
vt 0.875 0.375
vt 0.4375 0.3125
vt 0.875 0.3125
vt 0.4375 0.375
vt 0.875 0.375
vt 0.4375 0.3125
vt 0.875 0.3125
vt 0.4375 0.375
vt 0.875 0.375
vt 0.4375 0.3125
vt 0.875 0.3125
vt 0.4375 0.375
vt 0.875 0.375
vt 0.4375 0.3125
vt 0.875 0.3125
vn 0.6427876096865397 -0.7198463103929538 0.26200263022938497
vn 0.6427876096865397 -0.7198463103929538 0.26200263022938497
vn 0.6427876096865397 -0.7198463103929538 0.26200263022938497
vn 0.6427876096865397 -0.7198463103929538 0.26200263022938497
vn -0.6427876096865397 0.7198463103929538 -0.26200263022938497
vn -0.6427876096865397 0.7198463103929538 -0.26200263022938497
vn -0.6427876096865397 0.7198463103929538 -0.26200263022938497
vn -0.6427876096865397 0.7198463103929538 -0.26200263022938497
vn 0 0.3420201433256689 0.9396926207859084
vn 0 0.3420201433256689 0.9396926207859084
vn 0 0.3420201433256689 0.9396926207859084
vn 0 0.3420201433256689 0.9396926207859084
vn 0 -0.3420201433256689 -0.9396926207859084
vn 0 -0.3420201433256689 -0.9396926207859084
vn 0 -0.3420201433256689 -0.9396926207859084
vn 0 -0.3420201433256689 -0.9396926207859084
vn -0.7660444431189776 -0.604022773555054 0.21984631039295435
vn -0.7660444431189776 -0.604022773555054 0.21984631039295435
vn -0.7660444431189776 -0.604022773555054 0.21984631039295435
vn -0.7660444431189776 -0.604022773555054 0.21984631039295435
vn 0.7660444431189776 0.604022773555054 -0.21984631039295435
vn 0.7660444431189776 0.604022773555054 -0.21984631039295435
vn 0.7660444431189776 0.604022773555054 -0.21984631039295435
vn 0.7660444431189776 0.604022773555054 -0.21984631039295435
f 2137/2137/2137 2139/2139/2139 2138/2138/2138
f 2139/2139/2139 2140/2140/2140 2138/2138/2138
f 2141/2141/2141 2143/2143/2143 2142/2142/2142
f 2143/2143/2143 2144/2144/2144 2142/2142/2142
f 2145/2145/2145 2147/2147/2147 2146/2146/2146
f 2147/2147/2147 2148/2148/2148 2146/2146/2146
f 2149/2149/2149 2151/2151/2151 2150/2150/2150
f 2151/2151/2151 2152/2152/2152 2150/2150/2150
f 2153/2153/2153 2155/2155/2155 2154/2154/2154
f 2155/2155/2155 2156/2156/2156 2154/2154/2154
f 2157/2157/2157 2159/2159/2159 2158/2158/2158
f 2159/2159/2159 2160/2160/2160 2158/2158/2158
o gravity_ring_0_spin_81
usemtl star_gold
v 1.0476782476608772 2.9020142077485667 -0.027766442088202073
v 1.0963543261429174 2.9186624070875253 -0.03382589110171337
v 1.0476782476608772 2.8842975640602986 -0.07644252057024221
v 1.0963543261429174 2.9009457633992572 -0.08250196958375351
v 0.9491685715091782 3.2986642712316487 -0.1721352586158436
v 0.9004924930271381 3.28201607189269 -0.1660758096023323
v 0.9491685715091782 3.2809476275433807 -0.22081133709788375
v 0.9004924930271381 3.264299428204422 -0.21475188808437246
v 0.9491685715091782 3.2986642712316487 -0.1721352586158436
v 1.0963543261429174 2.9186624070875253 -0.03382589110171337
v 0.9004924930271381 3.28201607189269 -0.1660758096023323
v 1.0476782476608772 2.9020142077485667 -0.027766442088202073
v 0.9004924930271381 3.264299428204422 -0.21475188808437246
v 1.0476782476608772 2.8842975640602986 -0.07644252057024221
v 0.9491685715091782 3.2809476275433807 -0.22081133709788375
v 1.0963543261429174 2.9009457633992572 -0.08250196958375351
v 0.9004924930271381 3.28201607189269 -0.1660758096023323
v 1.0476782476608772 2.9020142077485667 -0.027766442088202073
v 0.9004924930271381 3.264299428204422 -0.21475188808437246
v 1.0476782476608772 2.8842975640602986 -0.07644252057024221
v 1.0963543261429174 2.9186624070875253 -0.03382589110171337
v 0.9491685715091782 3.2986642712316487 -0.1721352586158436
v 1.0963543261429174 2.9009457633992572 -0.08250196958375351
v 0.9491685715091782 3.2809476275433807 -0.22081133709788375
vt 0.4375 0.375
vt 0.5 0.375
vt 0.4375 0.3125
vt 0.5 0.3125
vt 0.4375 0.375
vt 0.5 0.375
vt 0.4375 0.3125
vt 0.5 0.3125
vt 0.4375 0.375
vt 0.875 0.375
vt 0.4375 0.3125
vt 0.875 0.3125
vt 0.4375 0.375
vt 0.875 0.375
vt 0.4375 0.3125
vt 0.875 0.3125
vt 0.4375 0.375
vt 0.875 0.375
vt 0.4375 0.3125
vt 0.875 0.3125
vt 0.4375 0.375
vt 0.875 0.375
vt 0.4375 0.3125
vt 0.875 0.3125
vn 0.34202014332566855 -0.883022221559489 0.32139380484326985
vn 0.34202014332566855 -0.883022221559489 0.32139380484326985
vn 0.34202014332566855 -0.883022221559489 0.32139380484326985
vn 0.34202014332566855 -0.883022221559489 0.32139380484326985
vn -0.34202014332566855 0.883022221559489 -0.32139380484326985
vn -0.34202014332566855 0.883022221559489 -0.32139380484326985
vn -0.34202014332566855 0.883022221559489 -0.32139380484326985
vn -0.34202014332566855 0.883022221559489 -0.32139380484326985
vn -1.2930065711429518e-17 0.3420201433256689 0.9396926207859083
vn -1.2930065711429518e-17 0.3420201433256689 0.9396926207859083
vn -1.2930065711429518e-17 0.3420201433256689 0.9396926207859083
vn -1.2930065711429518e-17 0.3420201433256689 0.9396926207859083
vn 1.2930065711429518e-17 -0.3420201433256689 -0.9396926207859083
vn 1.2930065711429518e-17 -0.3420201433256689 -0.9396926207859083
vn 1.2930065711429518e-17 -0.3420201433256689 -0.9396926207859083
vn 1.2930065711429518e-17 -0.3420201433256689 -0.9396926207859083
vn -0.9396926207859085 -0.3213938048432695 0.11697777844051101
vn -0.9396926207859085 -0.3213938048432695 0.11697777844051101
vn -0.9396926207859085 -0.3213938048432695 0.11697777844051101
vn -0.9396926207859085 -0.3213938048432695 0.11697777844051101
vn 0.9396926207859085 0.3213938048432695 -0.11697777844051101
vn 0.9396926207859085 0.3213938048432695 -0.11697777844051101
vn 0.9396926207859085 0.3213938048432695 -0.11697777844051101
vn 0.9396926207859085 0.3213938048432695 -0.11697777844051101
f 2161/2161/2161 2163/2163/2163 2162/2162/2162
f 2163/2163/2163 2164/2164/2164 2162/2162/2162
f 2165/2165/2165 2167/2167/2167 2166/2166/2166
f 2167/2167/2167 2168/2168/2168 2166/2166/2166
f 2169/2169/2169 2171/2171/2171 2170/2170/2170
f 2171/2171/2171 2172/2172/2172 2170/2170/2170
f 2173/2173/2173 2175/2175/2175 2174/2174/2174
f 2175/2175/2175 2176/2176/2176 2174/2174/2174
f 2177/2177/2177 2179/2179/2179 2178/2178/2178
f 2179/2179/2179 2180/2180/2180 2178/2178/2178
f 2181/2181/2181 2183/2183/2183 2182/2182/2182
f 2183/2183/2183 2184/2184/2184 2182/2182/2182
o gravity_ring_0_spin_82
usemtl star_silver
v 1.0625 2.6646397223744236 0.04875898105851521
v 1.0625 2.7675169823251045 0.09673143522352025
v 1.1427654563731295 2.6985613700246596 -0.02398622708250252
v 1.1427654563731295 2.8014386299753404 0.02398622708250252
v 0.9822345436268706 2.8014386299753404 0.02398622708250252
v 0.9822345436268706 2.6985613700246596 -0.02398622708250252
v 1.0625 2.8353602776255764 -0.04875898105851521
v 1.0625 2.7324830176748955 -0.09673143522352025
v 0.9822345436268706 2.8014386299753404 0.02398622708250252
v 1.0625 2.7675169823251045 0.09673143522352025
v 0.9822345436268706 2.6985613700246596 -0.02398622708250252
v 1.0625 2.6646397223744236 0.04875898105851521
v 1.0625 2.7324830176748955 -0.09673143522352025
v 1.1427654563731295 2.6985613700246596 -0.02398622708250252
v 1.0625 2.8353602776255764 -0.04875898105851521
v 1.1427654563731295 2.8014386299753404 0.02398622708250252
v 0.9822345436268706 2.6985613700246596 -0.02398622708250252
v 1.0625 2.6646397223744236 0.04875898105851521
v 1.0625 2.7324830176748955 -0.09673143522352025
v 1.1427654563731295 2.6985613700246596 -0.02398622708250252
v 1.0625 2.7675169823251045 0.09673143522352025
v 0.9822345436268706 2.8014386299753404 0.02398622708250252
v 1.1427654563731295 2.8014386299753404 0.02398622708250252
v 1.0625 2.8353602776255764 -0.04875898105851521
vt 0.4375 1
vt 0.5625 1
vt 0.4375 0.875
vt 0.5625 0.875
vt 0.4375 1
vt 0.5625 1
vt 0.4375 0.875
vt 0.5625 0.875
vt 0.4375 1
vt 0.5625 1
vt 0.4375 0.875
vt 0.5625 0.875
vt 0.4375 1
vt 0.5625 1
vt 0.4375 0.875
vt 0.5625 0.875
vt 0.4375 1
vt 0.5625 1
vt 0.4375 0.875
vt 0.5625 0.875
vt 0.4375 1
vt 0.5625 1
vt 0.4375 0.875
vt 0.5625 0.875
vn 0.7071067811865476 -0.2988362387301198 0.6408563820557888
vn 0.7071067811865476 -0.2988362387301198 0.6408563820557888
vn 0.7071067811865476 -0.2988362387301198 0.6408563820557888
vn 0.7071067811865476 -0.2988362387301198 0.6408563820557888
vn -0.7071067811865476 0.2988362387301198 -0.6408563820557888
vn -0.7071067811865476 0.2988362387301198 -0.6408563820557888
vn -0.7071067811865476 0.2988362387301198 -0.6408563820557888
vn -0.7071067811865476 0.2988362387301198 -0.6408563820557888
vn -0.7071067811865475 -0.2988362387301197 0.6408563820557887
vn -0.7071067811865475 -0.2988362387301197 0.6408563820557887
vn -0.7071067811865475 -0.2988362387301197 0.6408563820557887
vn -0.7071067811865475 -0.2988362387301197 0.6408563820557887
vn 0.7071067811865475 0.2988362387301197 -0.6408563820557887
vn 0.7071067811865475 0.2988362387301197 -0.6408563820557887
vn 0.7071067811865475 0.2988362387301197 -0.6408563820557887
vn 0.7071067811865475 0.2988362387301197 -0.6408563820557887
vn -5.452527964990788e-17 -0.9063077870366502 -0.42261826174069933
vn -5.452527964990788e-17 -0.9063077870366502 -0.42261826174069933
vn -5.452527964990788e-17 -0.9063077870366502 -0.42261826174069933
vn -5.452527964990788e-17 -0.9063077870366502 -0.42261826174069933
vn 5.452527964990788e-17 0.9063077870366502 0.42261826174069933
vn 5.452527964990788e-17 0.9063077870366502 0.42261826174069933
vn 5.452527964990788e-17 0.9063077870366502 0.42261826174069933
vn 5.452527964990788e-17 0.9063077870366502 0.42261826174069933
f 2185/2185/2185 2187/2187/2187 2186/2186/2186
f 2187/2187/2187 2188/2188/2188 2186/2186/2186
f 2189/2189/2189 2191/2191/2191 2190/2190/2190
f 2191/2191/2191 2192/2192/2192 2190/2190/2190
f 2193/2193/2193 2195/2195/2195 2194/2194/2194
f 2195/2195/2195 2196/2196/2196 2194/2194/2194
f 2197/2197/2197 2199/2199/2199 2198/2198/2198
f 2199/2199/2199 2200/2200/2200 2198/2198/2198
f 2201/2201/2201 2203/2203/2203 2202/2202/2202
f 2203/2203/2203 2204/2204/2204 2202/2202/2202
f 2205/2205/2205 2207/2207/2207 2206/2206/2206
f 2207/2207/2207 2208/2208/2208 2206/2206/2206
o gravity_ring_0_spin_83
usemtl star_silver
v -1.0625 2.661974857413863 0.0502811890895789
v -1.0625 2.7680638454997735 0.09975129667995329
v -0.979728734037422 2.6969555059570447 -0.02473505379518715
v -0.979728734037422 2.8030444940429553 0.02473505379518724
v -1.145271265962578 2.8030444940429553 0.02473505379518724
v -1.145271265962578 2.6969555059570447 -0.02473505379518715
v -1.0625 2.838025142586137 -0.050281189089578814
v -1.0625 2.7319361545002265 -0.09975129667995321
v -1.145271265962578 2.8030444940429553 0.02473505379518724
v -1.0625 2.7680638454997735 0.09975129667995329
v -1.145271265962578 2.6969555059570447 -0.02473505379518715
v -1.0625 2.661974857413863 0.0502811890895789
v -1.0625 2.7319361545002265 -0.09975129667995321
v -0.979728734037422 2.6969555059570447 -0.02473505379518715
v -1.0625 2.838025142586137 -0.050281189089578814
v -0.979728734037422 2.8030444940429553 0.02473505379518724
v -1.145271265962578 2.6969555059570447 -0.02473505379518715
v -1.0625 2.661974857413863 0.0502811890895789
v -1.0625 2.7319361545002265 -0.09975129667995321
v -0.979728734037422 2.6969555059570447 -0.02473505379518715
v -1.0625 2.7680638454997735 0.09975129667995329
v -1.145271265962578 2.8030444940429553 0.02473505379518724
v -0.979728734037422 2.8030444940429553 0.02473505379518724
v -1.0625 2.838025142586137 -0.050281189089578814
vt 0.4375 1
vt 0.5625 1
vt 0.4375 0.875
vt 0.5625 0.875
vt 0.4375 1
vt 0.5625 1
vt 0.4375 0.875
vt 0.5625 0.875
vt 0.4375 1
vt 0.5625 1
vt 0.4375 0.875
vt 0.5625 0.875
vt 0.4375 1
vt 0.5625 1
vt 0.4375 0.875
vt 0.5625 0.875
vt 0.4375 1
vt 0.5625 1
vt 0.4375 0.875
vt 0.5625 0.875
vt 0.4375 1
vt 0.5625 1
vt 0.4375 0.875
vt 0.5625 0.875
vn 0.7071067811865475 -0.29883623873011966 0.6408563820557888
vn 0.7071067811865475 -0.29883623873011966 0.6408563820557888
vn 0.7071067811865475 -0.29883623873011966 0.6408563820557888
vn 0.7071067811865475 -0.29883623873011966 0.6408563820557888
vn -0.7071067811865475 0.29883623873011966 -0.6408563820557888
vn -0.7071067811865475 0.29883623873011966 -0.6408563820557888
vn -0.7071067811865475 0.29883623873011966 -0.6408563820557888
vn -0.7071067811865475 0.29883623873011966 -0.6408563820557888
vn -0.7071067811865475 -0.29883623873011983 0.6408563820557888
vn -0.7071067811865475 -0.29883623873011983 0.6408563820557888
vn -0.7071067811865475 -0.29883623873011983 0.6408563820557888
vn -0.7071067811865475 -0.29883623873011983 0.6408563820557888
vn 0.7071067811865475 0.29883623873011983 -0.6408563820557888
vn 0.7071067811865475 0.29883623873011983 -0.6408563820557888
vn 0.7071067811865475 0.29883623873011983 -0.6408563820557888
vn 0.7071067811865475 0.29883623873011983 -0.6408563820557888
vn -5.127386611689141e-17 -0.90630778703665 -0.4226182617406994
vn -5.127386611689141e-17 -0.90630778703665 -0.4226182617406994
vn -5.127386611689141e-17 -0.90630778703665 -0.4226182617406994
vn -5.127386611689141e-17 -0.90630778703665 -0.4226182617406994
vn 5.127386611689141e-17 0.90630778703665 0.4226182617406994
vn 5.127386611689141e-17 0.90630778703665 0.4226182617406994
vn 5.127386611689141e-17 0.90630778703665 0.4226182617406994
vn 5.127386611689141e-17 0.90630778703665 0.4226182617406994
f 2209/2209/2209 2211/2211/2211 2210/2210/2210
f 2211/2211/2211 2212/2212/2212 2210/2210/2210
f 2213/2213/2213 2215/2215/2215 2214/2214/2214
f 2215/2215/2215 2216/2216/2216 2214/2214/2214
f 2217/2217/2217 2219/2219/2219 2218/2218/2218
f 2219/2219/2219 2220/2220/2220 2218/2218/2218
f 2221/2221/2221 2223/2223/2223 2222/2222/2222
f 2223/2223/2223 2224/2224/2224 2222/2222/2222
f 2225/2225/2225 2227/2227/2227 2226/2226/2226
f 2227/2227/2227 2228/2228/2228 2226/2226/2226
f 2229/2229/2229 2231/2231/2231 2230/2230/2230
f 2231/2231/2231 2232/2232/2232 2230/2230/2230
o gravity_ring_1_spin_84
usemtl gravity_ring
v 0.8267979112456276 1.951405206189151 -0.4903261445072784
v 0.8521354116231858 1.9133989556228137 -0.5122690635026416
v 0.8267979112456276 1.926067705811593 -0.44644030651655203
v 0.8521354116231858 1.8880614552452555 -0.46838322551191525
v 0.4232020887543726 1.698932294188407 -0.6360914482139965
v 0.3978645883768144 1.7369385447547445 -0.6141485292186334
v 0.4232020887543726 1.673594793810849 -0.5922056102232702
v 0.3978645883768144 1.7116010443771863 -0.5702626912279071
v 0.4232020887543726 1.698932294188407 -0.6360914482139965
v 0.8521354116231858 1.9133989556228137 -0.5122690635026416
v 0.3978645883768144 1.7369385447547445 -0.6141485292186334
v 0.8267979112456276 1.951405206189151 -0.4903261445072784
v 0.3978645883768144 1.7116010443771863 -0.5702626912279071
v 0.8267979112456276 1.926067705811593 -0.44644030651655203
v 0.4232020887543726 1.673594793810849 -0.5922056102232702
v 0.8521354116231858 1.8880614552452555 -0.46838322551191525
v 0.3978645883768144 1.7369385447547445 -0.6141485292186334
v 0.8267979112456276 1.951405206189151 -0.4903261445072784
v 0.3978645883768144 1.7116010443771863 -0.5702626912279071
v 0.8267979112456276 1.926067705811593 -0.44644030651655203
v 0.8521354116231858 1.9133989556228137 -0.5122690635026416
v 0.4232020887543726 1.698932294188407 -0.6360914482139965
v 0.8521354116231858 1.8880614552452555 -0.46838322551191525
v 0.4232020887543726 1.673594793810849 -0.5922056102232702
vt 0 0.875
vt 0.0625 0.875
vt 0 0.8125
vt 0.0625 0.8125
vt 0 0.875
vt 0.0625 0.875
vt 0 0.8125
vt 0.0625 0.8125
vt 0 0.875
vt 0.5 0.875
vt 0 0.8125
vt 0.5 0.8125
vt 0 0.875
vt 0.5 0.875
vt 0 0.8125
vt 0.5 0.8125
vt 0 0.875
vt 0.5 0.875
vt 0 0.8125
vt 0.5 0.8125
vt 0 0.875
vt 0.5 0.875
vt 0 0.8125
vt 0.5 0.8125
vn 0.8660254037844387 0.4330127018922192 0.25
vn 0.8660254037844387 0.4330127018922192 0.25
vn 0.8660254037844387 0.4330127018922192 0.25
vn 0.8660254037844387 0.4330127018922192 0.25
vn -0.8660254037844387 -0.4330127018922192 -0.25
vn -0.8660254037844387 -0.4330127018922192 -0.25
vn -0.8660254037844387 -0.4330127018922192 -0.25
vn -0.8660254037844387 -0.4330127018922192 -0.25
vn -2.7021081814477333e-17 0.5 -0.8660254037844386
vn -2.7021081814477333e-17 0.5 -0.8660254037844386
vn -2.7021081814477333e-17 0.5 -0.8660254037844386
vn -2.7021081814477333e-17 0.5 -0.8660254037844386
vn 2.7021081814477333e-17 -0.5 0.8660254037844386
vn 2.7021081814477333e-17 -0.5 0.8660254037844386
vn 2.7021081814477333e-17 -0.5 0.8660254037844386
vn 2.7021081814477333e-17 -0.5 0.8660254037844386
vn -0.5 0.75 0.43301270189221946
vn -0.5 0.75 0.43301270189221946
vn -0.5 0.75 0.43301270189221946
vn -0.5 0.75 0.43301270189221946
vn 0.5 -0.75 -0.43301270189221946
vn 0.5 -0.75 -0.43301270189221946
vn 0.5 -0.75 -0.43301270189221946
vn 0.5 -0.75 -0.43301270189221946
f 2233/2233/2233 2235/2235/2235 2234/2234/2234
f 2235/2235/2235 2236/2236/2236 2234/2234/2234
f 2237/2237/2237 2239/2239/2239 2238/2238/2238
f 2239/2239/2239 2240/2240/2240 2238/2238/2238
f 2241/2241/2241 2243/2243/2243 2242/2242/2242
f 2243/2243/2243 2244/2244/2244 2242/2242/2242
f 2245/2245/2245 2247/2247/2247 2246/2246/2246
f 2247/2247/2247 2248/2248/2248 2246/2246/2246
f 2249/2249/2249 2251/2251/2251 2250/2250/2250
f 2251/2251/2251 2252/2252/2252 2250/2250/2250
f 2253/2253/2253 2255/2255/2255 2254/2254/2254
f 2255/2255/2255 2256/2256/2256 2254/2254/2254
o gravity_ring_1_spin_85
usemtl gravity_ring
v 1.1016731051891295 2.2511647419678695 -0.31816922252080154
v 1.1416989279385275 2.2220787131748736 -0.334962049074095
v 1.1016731051891295 2.225039741578577 -0.27291939449878966
v 1.1416989279385275 2.195953712785581 -0.2897122210520831
v 0.8134380026083157 1.8832842603553746 -0.5305651176093849
v 0.7734121798589177 1.9123702891483705 -0.5137722910560913
v 0.8134380026083157 1.8571592599660818 -0.48531528958737297
v 0.7734121798589177 1.8862452887590777 -0.4685224630340795
v 0.8134380026083157 1.8832842603553746 -0.5305651176093849
v 1.1416989279385275 2.2220787131748736 -0.334962049074095
v 0.7734121798589177 1.9123702891483705 -0.5137722910560913
v 1.1016731051891295 2.2511647419678695 -0.31816922252080154
v 0.7734121798589177 1.8862452887590777 -0.4685224630340795
v 1.1016731051891295 2.225039741578577 -0.27291939449878966
v 0.8134380026083157 1.8571592599660818 -0.48531528958737297
v 1.1416989279385275 2.195953712785581 -0.2897122210520831
v 0.7734121798589177 1.9123702891483705 -0.5137722910560913
v 1.1016731051891295 2.2511647419678695 -0.31816922252080154
v 0.7734121798589177 1.8862452887590777 -0.4685224630340795
v 1.1016731051891295 2.225039741578577 -0.27291939449878966
v 1.1416989279385275 2.2220787131748736 -0.334962049074095
v 0.8134380026083157 1.8832842603553746 -0.5305651176093849
v 1.1416989279385275 2.195953712785581 -0.2897122210520831
v 0.8134380026083157 1.8571592599660818 -0.48531528958737297
vt 0 0.875
vt 0.0625 0.875
vt 0 0.8125
vt 0.0625 0.8125
vt 0 0.875
vt 0.0625 0.875
vt 0 0.8125
vt 0.0625 0.8125
vt 0 0.875
vt 0.5 0.875
vt 0 0.8125
vt 0.5 0.8125
vt 0 0.875
vt 0.5 0.875
vt 0 0.8125
vt 0.5 0.8125
vt 0 0.875
vt 0.5 0.875
vt 0 0.8125
vt 0.5 0.8125
vt 0 0.875
vt 0.5 0.875
vt 0 0.8125
vt 0.5 0.8125
vn 0.6427876096865393 0.6634139481689384 0.38302222155948906
vn 0.6427876096865393 0.6634139481689384 0.38302222155948906
vn 0.6427876096865393 0.6634139481689384 0.38302222155948906
vn 0.6427876096865393 0.6634139481689384 0.38302222155948906
vn -0.6427876096865393 -0.6634139481689384 -0.38302222155948906
vn -0.6427876096865393 -0.6634139481689384 -0.38302222155948906
vn -0.6427876096865393 -0.6634139481689384 -0.38302222155948906
vn -0.6427876096865393 -0.6634139481689384 -0.38302222155948906
vn 0 0.5000000000000002 -0.8660254037844386
vn 0 0.5000000000000002 -0.8660254037844386
vn 0 0.5000000000000002 -0.8660254037844386
vn 0 0.5000000000000002 -0.8660254037844386
vn 0 -0.5000000000000002 0.8660254037844386
vn 0 -0.5000000000000002 0.8660254037844386
vn 0 -0.5000000000000002 0.8660254037844386
vn 0 -0.5000000000000002 0.8660254037844386
vn -0.766044443118978 0.5566703992264194 0.3213938048432697
vn -0.766044443118978 0.5566703992264194 0.3213938048432697
vn -0.766044443118978 0.5566703992264194 0.3213938048432697
vn -0.766044443118978 0.5566703992264194 0.3213938048432697
vn 0.766044443118978 -0.5566703992264194 -0.3213938048432697
vn 0.766044443118978 -0.5566703992264194 -0.3213938048432697
vn 0.766044443118978 -0.5566703992264194 -0.3213938048432697
vn 0.766044443118978 -0.5566703992264194 -0.3213938048432697
f 2257/2257/2257 2259/2259/2259 2258/2258/2258
f 2259/2259/2259 2260/2260/2260 2258/2258/2258
f 2261/2261/2261 2263/2263/2263 2262/2262/2262
f 2263/2263/2263 2264/2264/2264 2262/2262/2262
f 2265/2265/2265 2267/2267/2267 2266/2266/2266
f 2267/2267/2267 2268/2268/2268 2266/2266/2266
f 2269/2269/2269 2271/2271/2271 2270/2270/2270
f 2271/2271/2271 2272/2272/2272 2270/2270/2270
f 2273/2273/2273 2275/2275/2275 2274/2274/2274
f 2275/2275/2275 2276/2276/2276 2274/2274/2274
f 2277/2277/2277 2279/2279/2279 2278/2278/2278
f 2279/2279/2279 2280/2280/2280 2278/2278/2278
o gravity_ring_1_spin_86
usemtl gravity_ring
v 1.235776168751026 2.6024431333195386 -0.11457912583839658
v 1.2836065238617567 2.5873666481391266 -0.1232835386157407
v 1.235776168751026 2.576993132940304 -0.07049843212891516
v 1.2836065238617567 2.561916647759892 -0.07920284490625928
v 1.1134553832137448 2.182511535244637 -0.3570267470281707
v 1.0656250281030142 2.197588020425049 -0.3483223342508266
v 1.1134553832137448 2.1570615348654023 -0.3129460533186893
v 1.0656250281030142 2.1721380200458142 -0.30424164054134517
v 1.1134553832137448 2.182511535244637 -0.3570267470281707
v 1.2836065238617567 2.5873666481391266 -0.1232835386157407
v 1.0656250281030142 2.197588020425049 -0.3483223342508266
v 1.235776168751026 2.6024431333195386 -0.11457912583839658
v 1.0656250281030142 2.1721380200458142 -0.30424164054134517
v 1.235776168751026 2.576993132940304 -0.07049843212891516
v 1.1134553832137448 2.1570615348654023 -0.3129460533186893
v 1.2836065238617567 2.561916647759892 -0.07920284490625928
v 1.0656250281030142 2.197588020425049 -0.3483223342508266
v 1.235776168751026 2.6024431333195386 -0.11457912583839658
v 1.0656250281030142 2.1721380200458142 -0.30424164054134517
v 1.235776168751026 2.576993132940304 -0.07049843212891516
v 1.2836065238617567 2.5873666481391266 -0.1232835386157407
v 1.1134553832137448 2.182511535244637 -0.3570267470281707
v 1.2836065238617567 2.561916647759892 -0.07920284490625928
v 1.1134553832137448 2.1570615348654023 -0.3129460533186893
vt 0 0.875
vt 0.0625 0.875
vt 0 0.8125
vt 0.0625 0.8125
vt 0 0.875
vt 0.0625 0.875
vt 0 0.8125
vt 0.0625 0.8125
vt 0 0.875
vt 0.5 0.875
vt 0 0.8125
vt 0.5 0.8125
vt 0 0.875
vt 0.5 0.875
vt 0 0.8125
vt 0.5 0.8125
vt 0 0.875
vt 0.5 0.875
vt 0 0.8125
vt 0.5 0.8125
vt 0 0.875
vt 0.5 0.875
vt 0 0.8125
vt 0.5 0.8125
vn 0.34202014332566855 0.8137976813493736 0.4698463103929542
vn 0.34202014332566855 0.8137976813493736 0.4698463103929542
vn 0.34202014332566855 0.8137976813493736 0.4698463103929542
vn 0.34202014332566855 0.8137976813493736 0.4698463103929542
vn -0.34202014332566855 -0.8137976813493736 -0.4698463103929542
vn -0.34202014332566855 -0.8137976813493736 -0.4698463103929542
vn -0.34202014332566855 -0.8137976813493736 -0.4698463103929542
vn -0.34202014332566855 -0.8137976813493736 -0.4698463103929542
vn -2.678272009104191e-17 0.5000000000000001 -0.8660254037844386
vn -2.678272009104191e-17 0.5000000000000001 -0.8660254037844386
vn -2.678272009104191e-17 0.5000000000000001 -0.8660254037844386
vn -2.678272009104191e-17 0.5000000000000001 -0.8660254037844386
vn 2.678272009104191e-17 -0.5000000000000001 0.8660254037844386
vn 2.678272009104191e-17 -0.5000000000000001 0.8660254037844386
vn 2.678272009104191e-17 -0.5000000000000001 0.8660254037844386
vn 2.678272009104191e-17 -0.5000000000000001 0.8660254037844386
vn -0.9396926207859084 0.29619813272602374 0.17101007166283438
vn -0.9396926207859084 0.29619813272602374 0.17101007166283438
vn -0.9396926207859084 0.29619813272602374 0.17101007166283438
vn -0.9396926207859084 0.29619813272602374 0.17101007166283438
vn 0.9396926207859084 -0.29619813272602374 -0.17101007166283438
vn 0.9396926207859084 -0.29619813272602374 -0.17101007166283438
vn 0.9396926207859084 -0.29619813272602374 -0.17101007166283438
vn 0.9396926207859084 -0.29619813272602374 -0.17101007166283438
f 2281/2281/2281 2283/2283/2283 2282/2282/2282
f 2283/2283/2283 2284/2284/2284 2282/2282/2282
f 2285/2285/2285 2287/2287/2287 2286/2286/2286
f 2287/2287/2287 2288/2288/2288 2286/2286/2286
f 2289/2289/2289 2291/2291/2291 2290/2290/2290
f 2291/2291/2291 2292/2292/2292 2290/2290/2290
f 2293/2293/2293 2295/2295/2295 2294/2294/2294
f 2295/2295/2295 2296/2296/2296 2294/2294/2294
f 2297/2297/2297 2299/2299/2299 2298/2298/2298
f 2299/2299/2299 2300/2300/2300 2298/2298/2298
f 2301/2301/2301 2303/2303/2303 2302/2302/2302
f 2303/2303/2303 2304/2304/2304 2302/2302/2302
o gravity_ring_1_spin_87
usemtl gravity_ring
v 1.2237624996090306 2.9852033690168067 0.10549827258898219
v 1.2762375003909692 2.9852033690168067 0.10549827258898219
v 1.2237624996090306 2.958965868625837 0.15094295632974916
v 1.2762375003909692 2.958965868625837 0.15094295632974916
v 1.2762375003909694 2.541034131374163 -0.15094295632974916
v 1.2237624996090308 2.541034131374163 -0.15094295632974916
v 1.2762375003909694 2.5147966309831933 -0.10549827258898219
v 1.2237624996090308 2.5147966309831933 -0.10549827258898219
v 1.2762375003909694 2.541034131374163 -0.15094295632974916
v 1.2762375003909692 2.9852033690168067 0.10549827258898219
v 1.2237624996090308 2.541034131374163 -0.15094295632974916
v 1.2237624996090306 2.9852033690168067 0.10549827258898219
v 1.2237624996090308 2.5147966309831933 -0.10549827258898219
v 1.2237624996090306 2.958965868625837 0.15094295632974916
v 1.2762375003909694 2.5147966309831933 -0.10549827258898219
v 1.2762375003909692 2.958965868625837 0.15094295632974916
v 1.2237624996090308 2.541034131374163 -0.15094295632974916
v 1.2237624996090306 2.9852033690168067 0.10549827258898219
v 1.2237624996090308 2.5147966309831933 -0.10549827258898219
v 1.2237624996090306 2.958965868625837 0.15094295632974916
v 1.2762375003909692 2.9852033690168067 0.10549827258898219
v 1.2762375003909694 2.541034131374163 -0.15094295632974916
v 1.2762375003909692 2.958965868625837 0.15094295632974916
v 1.2762375003909694 2.5147966309831933 -0.10549827258898219
vt 0 0.875
vt 0.0625 0.875
vt 0 0.8125
vt 0.0625 0.8125
vt 0 0.875
vt 0.0625 0.875
vt 0 0.8125
vt 0.0625 0.8125
vt 0 0.875
vt 0.5 0.875
vt 0 0.8125
vt 0.5 0.8125
vt 0 0.875
vt 0.5 0.875
vt 0 0.8125
vt 0.5 0.8125
vt 0 0.875
vt 0.5 0.875
vt 0 0.8125
vt 0.5 0.8125
vt 0 0.875
vt 0.5 0.875
vt 0 0.8125
vt 0.5 0.8125
vn -3.5417925660259297e-16 0.8660254037844387 0.5000000000000002
vn -3.5417925660259297e-16 0.8660254037844387 0.5000000000000002
vn -3.5417925660259297e-16 0.8660254037844387 0.5000000000000002
vn -3.5417925660259297e-16 0.8660254037844387 0.5000000000000002
vn 3.5417925660259297e-16 -0.8660254037844387 -0.5000000000000002
vn 3.5417925660259297e-16 -0.8660254037844387 -0.5000000000000002
vn 3.5417925660259297e-16 -0.8660254037844387 -0.5000000000000002
vn 3.5417925660259297e-16 -0.8660254037844387 -0.5000000000000002
vn -2.12589349356896e-17 0.5000000000000002 -0.8660254037844386
vn -2.12589349356896e-17 0.5000000000000002 -0.8660254037844386
vn -2.12589349356896e-17 0.5000000000000002 -0.8660254037844386
vn -2.12589349356896e-17 0.5000000000000002 -0.8660254037844386
vn 2.12589349356896e-17 -0.5000000000000002 0.8660254037844386
vn 2.12589349356896e-17 -0.5000000000000002 0.8660254037844386
vn 2.12589349356896e-17 -0.5000000000000002 0.8660254037844386
vn 2.12589349356896e-17 -0.5000000000000002 0.8660254037844386
vn -0.9999999999999999 -2.7483983130779843e-16 -1.586788505895888e-16
vn -0.9999999999999999 -2.7483983130779843e-16 -1.586788505895888e-16
vn -0.9999999999999999 -2.7483983130779843e-16 -1.586788505895888e-16
vn -0.9999999999999999 -2.7483983130779843e-16 -1.586788505895888e-16
vn 0.9999999999999999 2.7483983130779843e-16 1.586788505895888e-16
vn 0.9999999999999999 2.7483983130779843e-16 1.586788505895888e-16
vn 0.9999999999999999 2.7483983130779843e-16 1.586788505895888e-16
vn 0.9999999999999999 2.7483983130779843e-16 1.586788505895888e-16
f 2305/2305/2305 2307/2307/2307 2306/2306/2306
f 2307/2307/2307 2308/2308/2308 2306/2306/2306
f 2309/2309/2309 2311/2311/2311 2310/2310/2310
f 2311/2311/2311 2312/2312/2312 2310/2310/2310
f 2313/2313/2313 2315/2315/2315 2314/2314/2314
f 2315/2315/2315 2316/2316/2316 2314/2314/2314
f 2317/2317/2317 2319/2319/2319 2318/2318/2318
f 2319/2319/2319 2320/2320/2320 2318/2318/2318
f 2321/2321/2321 2323/2323/2323 2322/2322/2322
f 2323/2323/2323 2324/2324/2324 2322/2322/2322
f 2325/2325/2325 2327/2327/2327 2326/2326/2326
f 2327/2327/2327 2328/2328/2328 2326/2326/2326
o gravity_ring_1_spin_88
usemtl gravity_ring
v 1.065143241889402 3.3287797249573394 0.3046415970534598
v 1.11318502784296 3.3439228547186075 0.3133844870975014
v 1.065143241889402 3.3032172245764286 0.34891714648169625
v 1.11318502784296 3.3183603543376967 0.35766003652573786
v 1.2840883100753688 2.9372781072386314 0.07860803267538971
v 1.2360465241218108 2.9221349774773633 0.0698651426313481
v 1.2840883100753688 2.9117156068577206 0.12288358210362622
v 1.2360465241218108 2.8965724770964525 0.11414069205958459
v 1.2840883100753688 2.9372781072386314 0.07860803267538971
v 1.11318502784296 3.3439228547186075 0.3133844870975014
v 1.2360465241218108 2.9221349774773633 0.0698651426313481
v 1.065143241889402 3.3287797249573394 0.3046415970534598
v 1.2360465241218108 2.8965724770964525 0.11414069205958459
v 1.065143241889402 3.3032172245764286 0.34891714648169625
v 1.2840883100753688 2.9117156068577206 0.12288358210362622
v 1.11318502784296 3.3183603543376967 0.35766003652573786
v 1.2360465241218108 2.9221349774773633 0.0698651426313481
v 1.065143241889402 3.3287797249573394 0.3046415970534598
v 1.2360465241218108 2.8965724770964525 0.11414069205958459
v 1.065143241889402 3.3032172245764286 0.34891714648169625
v 1.11318502784296 3.3439228547186075 0.3133844870975014
v 1.2840883100753688 2.9372781072386314 0.07860803267538971
v 1.11318502784296 3.3183603543376967 0.35766003652573786
v 1.2840883100753688 2.9117156068577206 0.12288358210362622
vt 0 0.875
vt 0.0625 0.875
vt 0 0.8125
vt 0.0625 0.8125
vt 0 0.875
vt 0.0625 0.875
vt 0 0.8125
vt 0.0625 0.8125
vt 0 0.875
vt 0.5 0.875
vt 0 0.8125
vt 0.5 0.8125
vt 0 0.875
vt 0.5 0.875
vt 0 0.8125
vt 0.5 0.8125
vt 0 0.875
vt 0.5 0.875
vt 0 0.8125
vt 0.5 0.8125
vt 0 0.875
vt 0.5 0.875
vt 0 0.8125
vt 0.5 0.8125
vn -0.3420201433256689 0.8137976813493735 0.4698463103929542
vn -0.3420201433256689 0.8137976813493735 0.4698463103929542
vn -0.3420201433256689 0.8137976813493735 0.4698463103929542
vn -0.3420201433256689 0.8137976813493735 0.4698463103929542
vn 0.3420201433256689 -0.8137976813493735 -0.4698463103929542
vn 0.3420201433256689 -0.8137976813493735 -0.4698463103929542
vn 0.3420201433256689 -0.8137976813493735 -0.4698463103929542
vn 0.3420201433256689 -0.8137976813493735 -0.4698463103929542
vn 0 0.5000000000000002 -0.8660254037844385
vn 0 0.5000000000000002 -0.8660254037844385
vn 0 0.5000000000000002 -0.8660254037844385
vn 0 0.5000000000000002 -0.8660254037844385
vn 0 -0.5000000000000002 0.8660254037844385
vn 0 -0.5000000000000002 0.8660254037844385
vn 0 -0.5000000000000002 0.8660254037844385
vn 0 -0.5000000000000002 0.8660254037844385
vn -0.9396926207859084 -0.296198132726024 -0.1710100716628345
vn -0.9396926207859084 -0.296198132726024 -0.1710100716628345
vn -0.9396926207859084 -0.296198132726024 -0.1710100716628345
vn -0.9396926207859084 -0.296198132726024 -0.1710100716628345
vn 0.9396926207859084 0.296198132726024 0.1710100716628345
vn 0.9396926207859084 0.296198132726024 0.1710100716628345
vn 0.9396926207859084 0.296198132726024 0.1710100716628345
vn 0.9396926207859084 0.296198132726024 0.1710100716628345
f 2329/2329/2329 2331/2331/2331 2330/2330/2330
f 2331/2331/2331 2332/2332/2332 2330/2330/2330
f 2333/2333/2333 2335/2335/2335 2334/2334/2334
f 2335/2335/2335 2336/2336/2336 2334/2334/2334
f 2337/2337/2337 2339/2339/2339 2338/2338/2338
f 2339/2339/2339 2340/2340/2340 2338/2338/2338
f 2341/2341/2341 2343/2343/2343 2342/2342/2342
f 2343/2343/2343 2344/2344/2344 2342/2342/2342
f 2345/2345/2345 2347/2347/2347 2346/2346/2346
f 2347/2347/2347 2348/2348/2348 2346/2346/2346
f 2349/2349/2349 2351/2351/2351 2350/2350/2350
f 2351/2351/2351 2352/2352/2352 2350/2350/2350
o gravity_ring_1_spin_89
usemtl gravity_ring
v 0.7718262560633594 3.6152008838819474 0.46909760357266306
v 0.8121967988172976 3.644537414358328 0.48603505734029107
v 0.7718262560633594 3.5888508834893016 0.5147371430321851
v 0.8121967988172976 3.6181874139656824 0.5316745967998131
v 1.1432848517340854 3.302825114576747 0.2887473690759892
v 1.1029143089801472 3.2734885841003662 0.2718099153083612
v 1.1432848517340854 3.2764751141841013 0.33438690853551123
v 1.1029143089801472 3.247138583707721 0.3174494547678832
v 1.1432848517340854 3.302825114576747 0.2887473690759892
v 0.8121967988172976 3.644537414358328 0.48603505734029107
v 1.1029143089801472 3.2734885841003662 0.2718099153083612
v 0.7718262560633594 3.6152008838819474 0.46909760357266306
v 1.1029143089801472 3.247138583707721 0.3174494547678832
v 0.7718262560633594 3.5888508834893016 0.5147371430321851
v 1.1432848517340854 3.2764751141841013 0.33438690853551123
v 0.8121967988172976 3.6181874139656824 0.5316745967998131
v 1.1029143089801472 3.2734885841003662 0.2718099153083612
v 0.7718262560633594 3.6152008838819474 0.46909760357266306
v 1.1029143089801472 3.247138583707721 0.3174494547678832
v 0.7718262560633594 3.5888508834893016 0.5147371430321851
v 0.8121967988172976 3.644537414358328 0.48603505734029107
v 1.1432848517340854 3.302825114576747 0.2887473690759892
v 0.8121967988172976 3.6181874139656824 0.5316745967998131
v 1.1432848517340854 3.2764751141841013 0.33438690853551123
vt 0 0.875
vt 0.0625 0.875
vt 0 0.8125
vt 0.0625 0.8125
vt 0 0.875
vt 0.0625 0.875
vt 0 0.8125
vt 0.0625 0.8125
vt 0 0.875
vt 0.5 0.875
vt 0 0.8125
vt 0.5 0.8125
vt 0 0.875
vt 0.5 0.875
vt 0 0.8125
vt 0.5 0.8125
vt 0 0.875
vt 0.5 0.875
vt 0 0.8125
vt 0.5 0.8125
vt 0 0.875
vt 0.5 0.875
vt 0 0.8125
vt 0.5 0.8125
vn -0.6427876096865394 0.6634139481689382 0.383022221559489
vn -0.6427876096865394 0.6634139481689382 0.383022221559489
vn -0.6427876096865394 0.6634139481689382 0.383022221559489
vn -0.6427876096865394 0.6634139481689382 0.383022221559489
vn 0.6427876096865394 -0.6634139481689382 -0.383022221559489
vn 0.6427876096865394 -0.6634139481689382 -0.383022221559489
vn 0.6427876096865394 -0.6634139481689382 -0.383022221559489
vn 0.6427876096865394 -0.6634139481689382 -0.383022221559489
vn -9.993762126255777e-17 0.5000000000000001 -0.8660254037844385
vn -9.993762126255777e-17 0.5000000000000001 -0.8660254037844385
vn -9.993762126255777e-17 0.5000000000000001 -0.8660254037844385
vn -9.993762126255777e-17 0.5000000000000001 -0.8660254037844385
vn 9.993762126255777e-17 -0.5000000000000001 0.8660254037844385
vn 9.993762126255777e-17 -0.5000000000000001 0.8660254037844385
vn 9.993762126255777e-17 -0.5000000000000001 0.8660254037844385
vn 9.993762126255777e-17 -0.5000000000000001 0.8660254037844385
vn -0.7660444431189779 -0.5566703992264194 -0.32139380484326985
vn -0.7660444431189779 -0.5566703992264194 -0.32139380484326985
vn -0.7660444431189779 -0.5566703992264194 -0.32139380484326985
vn -0.7660444431189779 -0.5566703992264194 -0.32139380484326985
vn 0.7660444431189779 0.5566703992264194 0.32139380484326985
vn 0.7660444431189779 0.5566703992264194 0.32139380484326985
vn 0.7660444431189779 0.5566703992264194 0.32139380484326985
vn 0.7660444431189779 0.5566703992264194 0.32139380484326985
f 2353/2353/2353 2355/2355/2355 2354/2354/2354
f 2355/2355/2355 2356/2356/2356 2354/2354/2354
f 2357/2357/2357 2359/2359/2359 2358/2358/2358
f 2359/2359/2359 2360/2360/2360 2358/2358/2358
f 2361/2361/2361 2363/2363/2363 2362/2362/2362
f 2363/2363/2363 2364/2364/2364 2362/2362/2362
f 2365/2365/2365 2367/2367/2367 2366/2366/2366
f 2367/2367/2367 2368/2368/2368 2366/2366/2366
f 2369/2369/2369 2371/2371/2371 2370/2370/2370
f 2371/2371/2371 2372/2372/2372 2370/2370/2370
f 2373/2373/2373 2375/2375/2375 2374/2374/2374
f 2375/2375/2375 2376/2376/2376 2374/2374/2374
o gravity_ring_1_spin_90
usemtl gravity_ring
v 0.39483910435420644 3.789742947631603 0.5706489339384602
v 0.42051410473679374 3.828255448205484 0.5928841365119559
v 0.39483910435420644 3.7640679472490155 0.6151193390854517
v 0.42051410473679374 3.802580447822897 0.6373545416589474
v 0.8551608956457936 3.6109320527509845 0.46741241564509695
v 0.8294858952632063 3.572419552177103 0.44517721307160113
v 0.8551608956457936 3.585257052368397 0.5118828207920885
v 0.8294858952632063 3.546744551794516 0.4896476182185927
v 0.8551608956457936 3.6109320527509845 0.46741241564509695
v 0.42051410473679374 3.828255448205484 0.5928841365119559
v 0.8294858952632063 3.572419552177103 0.44517721307160113
v 0.39483910435420644 3.789742947631603 0.5706489339384602
v 0.8294858952632063 3.546744551794516 0.4896476182185927
v 0.39483910435420644 3.7640679472490155 0.6151193390854517
v 0.8551608956457936 3.585257052368397 0.5118828207920885
v 0.42051410473679374 3.802580447822897 0.6373545416589474
v 0.8294858952632063 3.572419552177103 0.44517721307160113
v 0.39483910435420644 3.789742947631603 0.5706489339384602
v 0.8294858952632063 3.546744551794516 0.4896476182185927
v 0.39483910435420644 3.7640679472490155 0.6151193390854517
v 0.42051410473679374 3.828255448205484 0.5928841365119559
v 0.8551608956457936 3.6109320527509845 0.46741241564509695
v 0.42051410473679374 3.802580447822897 0.6373545416589474
v 0.8551608956457936 3.585257052368397 0.5118828207920885
vt 0 0.875
vt 0.0625 0.875
vt 0 0.8125
vt 0.0625 0.8125
vt 0 0.875
vt 0.0625 0.875
vt 0 0.8125
vt 0.0625 0.8125
vt 0 0.875
vt 0.5 0.875
vt 0 0.8125
vt 0.5 0.8125
vt 0 0.875
vt 0.5 0.875
vt 0 0.8125
vt 0.5 0.8125
vt 0 0.875
vt 0.5 0.875
vt 0 0.8125
vt 0.5 0.8125
vt 0 0.875
vt 0.5 0.875
vt 0 0.8125
vt 0.5 0.8125
vn -0.8660254037844388 0.43301270189221913 0.24999999999999997
vn -0.8660254037844388 0.43301270189221913 0.24999999999999997
vn -0.8660254037844388 0.43301270189221913 0.24999999999999997
vn -0.8660254037844388 0.43301270189221913 0.24999999999999997
vn 0.8660254037844388 -0.43301270189221913 -0.24999999999999997
vn 0.8660254037844388 -0.43301270189221913 -0.24999999999999997
vn 0.8660254037844388 -0.43301270189221913 -0.24999999999999997
vn 0.8660254037844388 -0.43301270189221913 -0.24999999999999997
vn -2.63153621599756e-17 0.5000000000000002 -0.8660254037844385
vn -2.63153621599756e-17 0.5000000000000002 -0.8660254037844385
vn -2.63153621599756e-17 0.5000000000000002 -0.8660254037844385
vn -2.63153621599756e-17 0.5000000000000002 -0.8660254037844385
vn 2.63153621599756e-17 -0.5000000000000002 0.8660254037844385
vn 2.63153621599756e-17 -0.5000000000000002 0.8660254037844385
vn 2.63153621599756e-17 -0.5000000000000002 0.8660254037844385
vn 2.63153621599756e-17 -0.5000000000000002 0.8660254037844385
vn -0.4999999999999998 -0.7500000000000001 -0.43301270189221946
vn -0.4999999999999998 -0.7500000000000001 -0.43301270189221946
vn -0.4999999999999998 -0.7500000000000001 -0.43301270189221946
vn -0.4999999999999998 -0.7500000000000001 -0.43301270189221946
vn 0.4999999999999998 0.7500000000000001 0.43301270189221946
vn 0.4999999999999998 0.7500000000000001 0.43301270189221946
vn 0.4999999999999998 0.7500000000000001 0.43301270189221946
vn 0.4999999999999998 0.7500000000000001 0.43301270189221946
f 2377/2377/2377 2379/2379/2379 2378/2378/2378
f 2379/2379/2379 2380/2380/2380 2378/2378/2378
f 2381/2381/2381 2383/2383/2383 2382/2382/2382
f 2383/2383/2383 2384/2384/2384 2382/2382/2382
f 2385/2385/2385 2387/2387/2387 2386/2386/2386
f 2387/2387/2387 2388/2388/2388 2386/2386/2386
f 2389/2389/2389 2391/2391/2391 2390/2390/2390
f 2391/2391/2391 2392/2392/2392 2390/2390/2390
f 2393/2393/2393 2395/2395/2395 2394/2394/2394
f 2395/2395/2395 2396/2396/2396 2394/2394/2394
f 2397/2397/2397 2399/2399/2399 2398/2398/2398
f 2399/2399/2399 2400/2400/2400 2398/2398/2398
o gravity_ring_1_spin_91
usemtl gravity_ring
v -0.02791491327657722 3.844009629782016 0.6027592403610492
v -0.01923250426385273 3.886653057015075 0.627379434553224
v -0.02791491327657722 3.819009629409487 0.6460605111955103
v -0.01923250426385273 3.8616530566425458 0.6706807053876851
v 0.46203535744390334 3.8131617004716207 0.58494918006975
v 0.4533529484311788 3.770518273238562 0.5603289858775753
v 0.46203535744390334 3.7881617000990917 0.6282504509042112
v 0.4533529484311788 3.745518272866033 0.6036302567120364
v 0.46203535744390334 3.8131617004716207 0.58494918006975
v -0.01923250426385273 3.886653057015075 0.627379434553224
v 0.4533529484311788 3.770518273238562 0.5603289858775753
v -0.02791491327657722 3.844009629782016 0.6027592403610492
v 0.4533529484311788 3.745518272866033 0.6036302567120364
v -0.02791491327657722 3.819009629409487 0.6460605111955103
v 0.46203535744390334 3.7881617000990917 0.6282504509042112
v -0.01923250426385273 3.8616530566425458 0.6706807053876851
v 0.4533529484311788 3.770518273238562 0.5603289858775753
v -0.02791491327657722 3.844009629782016 0.6027592403610492
v 0.4533529484311788 3.745518272866033 0.6036302567120364
v -0.02791491327657722 3.819009629409487 0.6460605111955103
v -0.01923250426385273 3.886653057015075 0.627379434553224
v 0.46203535744390334 3.8131617004716207 0.58494918006975
v -0.01923250426385273 3.8616530566425458 0.6706807053876851
v 0.46203535744390334 3.7881617000990917 0.6282504509042112
vt 0 0.875
vt 0.0625 0.875
vt 0 0.8125
vt 0.0625 0.8125
vt 0 0.875
vt 0.0625 0.875
vt 0 0.8125
vt 0.0625 0.8125
vt 0 0.875
vt 0.5 0.875
vt 0 0.8125
vt 0.5 0.8125
vt 0 0.875
vt 0.5 0.875
vt 0 0.8125
vt 0.5 0.8125
vt 0 0.875
vt 0.5 0.875
vt 0 0.8125
vt 0.5 0.8125
vt 0 0.875
vt 0.5 0.875
vt 0 0.8125
vt 0.5 0.8125
vn -0.9848077530122081 0.15038373318043555 0.08682408883346533
vn -0.9848077530122081 0.15038373318043555 0.08682408883346533
vn -0.9848077530122081 0.15038373318043555 0.08682408883346533
vn -0.9848077530122081 0.15038373318043555 0.08682408883346533
vn 0.9848077530122081 -0.15038373318043555 -0.08682408883346533
vn 0.9848077530122081 -0.15038373318043555 -0.08682408883346533
vn 0.9848077530122081 -0.15038373318043555 -0.08682408883346533
vn 0.9848077530122081 -0.15038373318043555 -0.08682408883346533
vn -1.3877787807814457e-17 0.5000000000000002 -0.8660254037844387
vn -1.3877787807814457e-17 0.5000000000000002 -0.8660254037844387
vn -1.3877787807814457e-17 0.5000000000000002 -0.8660254037844387
vn -1.3877787807814457e-17 0.5000000000000002 -0.8660254037844387
vn 1.3877787807814457e-17 -0.5000000000000002 0.8660254037844387
vn 1.3877787807814457e-17 -0.5000000000000002 0.8660254037844387
vn 1.3877787807814457e-17 -0.5000000000000002 0.8660254037844387
vn 1.3877787807814457e-17 -0.5000000000000002 0.8660254037844387
vn -0.17364817766693064 -0.8528685319524433 -0.4924038765061042
vn -0.17364817766693064 -0.8528685319524433 -0.4924038765061042
vn -0.17364817766693064 -0.8528685319524433 -0.4924038765061042
vn -0.17364817766693064 -0.8528685319524433 -0.4924038765061042
vn 0.17364817766693064 0.8528685319524433 0.4924038765061042
vn 0.17364817766693064 0.8528685319524433 0.4924038765061042
vn 0.17364817766693064 0.8528685319524433 0.4924038765061042
vn 0.17364817766693064 0.8528685319524433 0.4924038765061042
f 2401/2401/2401 2403/2403/2403 2402/2402/2402
f 2403/2403/2403 2404/2404/2404 2402/2402/2402
f 2405/2405/2405 2407/2407/2407 2406/2406/2406
f 2407/2407/2407 2408/2408/2408 2406/2406/2406
f 2409/2409/2409 2411/2411/2411 2410/2410/2410
f 2411/2411/2411 2412/2412/2412 2410/2410/2410
f 2413/2413/2413 2415/2415/2415 2414/2414/2414
f 2415/2415/2415 2416/2416/2416 2414/2414/2414
f 2417/2417/2417 2419/2419/2419 2418/2418/2418
f 2419/2419/2419 2420/2420/2420 2418/2418/2418
f 2421/2421/2421 2423/2423/2423 2422/2422/2422
f 2423/2423/2423 2424/2424/2424 2422/2422/2422
o gravity_ring_1_spin_92
usemtl gravity_ring
v -0.4607961693111253 3.7690829003999493 0.558590946295291
v -0.46975207420775067 3.8130695955908496 0.5839866766045193
v -0.4607961693111253 3.7432954000156857 0.6032562071610378
v -0.46975207420775067 3.7872820952065855 0.6286519374702659
v 0.026675725143799567 3.888875929865422 0.6277534841042226
v 0.03563163004042491 3.8448892346745223 0.6023577537949945
v 0.026675725143799567 3.8630884294811585 0.6724187449699693
v 0.03563163004042491 3.8191017342902582 0.6470230146607411
v 0.026675725143799567 3.888875929865422 0.6277534841042226
v -0.46975207420775067 3.8130695955908496 0.5839866766045193
v 0.03563163004042491 3.8448892346745223 0.6023577537949945
v -0.4607961693111253 3.7690829003999493 0.558590946295291
v 0.03563163004042491 3.8191017342902582 0.6470230146607411
v -0.4607961693111253 3.7432954000156857 0.6032562071610378
v 0.026675725143799567 3.8630884294811585 0.6724187449699693
v -0.46975207420775067 3.7872820952065855 0.6286519374702659
v 0.03563163004042491 3.8448892346745223 0.6023577537949945
v -0.4607961693111253 3.7690829003999493 0.558590946295291
v 0.03563163004042491 3.8191017342902582 0.6470230146607411
v -0.4607961693111253 3.7432954000156857 0.6032562071610378
v -0.46975207420775067 3.8130695955908496 0.5839866766045193
v 0.026675725143799567 3.888875929865422 0.6277534841042226
v -0.46975207420775067 3.7872820952065855 0.6286519374702659
v 0.026675725143799567 3.8630884294811585 0.6724187449699693
vt 0 0.875
vt 0.0625 0.875
vt 0 0.8125
vt 0.0625 0.8125
vt 0 0.875
vt 0.0625 0.875
vt 0 0.8125
vt 0.0625 0.8125
vt 0 0.875
vt 0.5 0.875
vt 0 0.8125
vt 0.5 0.8125
vt 0 0.875
vt 0.5 0.875
vt 0 0.8125
vt 0.5 0.8125
vt 0 0.875
vt 0.5 0.875
vt 0 0.8125
vt 0.5 0.8125
vt 0 0.875
vt 0.5 0.875
vt 0 0.8125
vt 0.5 0.8125
vn -0.984807753012208 -0.1503837331804356 -0.08682408883346537
vn -0.984807753012208 -0.1503837331804356 -0.08682408883346537
vn -0.984807753012208 -0.1503837331804356 -0.08682408883346537
vn -0.984807753012208 -0.1503837331804356 -0.08682408883346537
vn 0.984807753012208 0.1503837331804356 0.08682408883346537
vn 0.984807753012208 0.1503837331804356 0.08682408883346537
vn 0.984807753012208 0.1503837331804356 0.08682408883346537
vn 0.984807753012208 0.1503837331804356 0.08682408883346537
vn 0 0.5000000000000001 -0.8660254037844385
vn 0 0.5000000000000001 -0.8660254037844385
vn 0 0.5000000000000001 -0.8660254037844385
vn 0 0.5000000000000001 -0.8660254037844385
vn 0 -0.5000000000000001 0.8660254037844385
vn 0 -0.5000000000000001 0.8660254037844385
vn 0 -0.5000000000000001 0.8660254037844385
vn 0 -0.5000000000000001 0.8660254037844385
vn 0.1736481776669307 -0.852868531952443 -0.4924038765061041
vn 0.1736481776669307 -0.852868531952443 -0.4924038765061041
vn 0.1736481776669307 -0.852868531952443 -0.4924038765061041
vn 0.1736481776669307 -0.852868531952443 -0.4924038765061041
vn -0.1736481776669307 0.852868531952443 0.4924038765061041
vn -0.1736481776669307 0.852868531952443 0.4924038765061041
vn -0.1736481776669307 0.852868531952443 0.4924038765061041
vn -0.1736481776669307 0.852868531952443 0.4924038765061041
f 2425/2425/2425 2427/2427/2427 2426/2426/2426
f 2427/2427/2427 2428/2428/2428 2426/2426/2426
f 2429/2429/2429 2431/2431/2431 2430/2430/2430
f 2431/2431/2431 2432/2432/2432 2430/2430/2430
f 2433/2433/2433 2435/2435/2435 2434/2434/2434
f 2435/2435/2435 2436/2436/2436 2434/2434/2434
f 2437/2437/2437 2439/2439/2439 2438/2438/2438
f 2439/2439/2439 2440/2440/2440 2438/2438/2438
f 2441/2441/2441 2443/2443/2443 2442/2442/2442
f 2443/2443/2443 2444/2444/2444 2442/2442/2442
f 2445/2445/2445 2447/2447/2447 2446/2446/2446
f 2447/2447/2447 2448/2448/2448 2446/2446/2446
o gravity_ring_1_spin_93
usemtl gravity_ring
v -0.825005921900575 3.5749407888626097 0.447282368813186
v -0.8501184222747804 3.612609539423918 0.4690304320897941
v -0.825005921900575 3.5498282884884045 0.4907784953664022
v -0.8501184222747804 3.5874970390497123 0.5125265586430103
v -0.42499407809942497 3.8251717115115955 0.5917532593641465
v -0.39988157772521954 3.7875029609502877 0.5700051960875383
v -0.42499407809942497 3.8000592111373903 0.6352493859173627
v -0.39988157772521954 3.762390460576082 0.6135013226407545
v -0.42499407809942497 3.8251717115115955 0.5917532593641465
v -0.8501184222747804 3.612609539423918 0.4690304320897941
v -0.39988157772521954 3.7875029609502877 0.5700051960875383
v -0.825005921900575 3.5749407888626097 0.447282368813186
v -0.39988157772521954 3.762390460576082 0.6135013226407545
v -0.825005921900575 3.5498282884884045 0.4907784953664022
v -0.42499407809942497 3.8000592111373903 0.6352493859173627
v -0.8501184222747804 3.5874970390497123 0.5125265586430103
v -0.39988157772521954 3.7875029609502877 0.5700051960875383
v -0.825005921900575 3.5749407888626097 0.447282368813186
v -0.39988157772521954 3.762390460576082 0.6135013226407545
v -0.825005921900575 3.5498282884884045 0.4907784953664022
v -0.8501184222747804 3.612609539423918 0.4690304320897941
v -0.42499407809942497 3.8251717115115955 0.5917532593641465
v -0.8501184222747804 3.5874970390497123 0.5125265586430103
v -0.42499407809942497 3.8000592111373903 0.6352493859173627
vt 0 0.875
vt 0.0625 0.875
vt 0 0.8125
vt 0.0625 0.8125
vt 0 0.875
vt 0.0625 0.875
vt 0 0.8125
vt 0.0625 0.8125
vt 0 0.875
vt 0.5 0.875
vt 0 0.8125
vt 0.5 0.8125
vt 0 0.875
vt 0.5 0.875
vt 0 0.8125
vt 0.5 0.8125
vt 0 0.875
vt 0.5 0.875
vt 0 0.8125
vt 0.5 0.8125
vt 0 0.875
vt 0.5 0.875
vt 0 0.8125
vt 0.5 0.8125
vn -0.8660254037844386 -0.4330127018922192 -0.24999999999999994
vn -0.8660254037844386 -0.4330127018922192 -0.24999999999999994
vn -0.8660254037844386 -0.4330127018922192 -0.24999999999999994
vn -0.8660254037844386 -0.4330127018922192 -0.24999999999999994
vn 0.8660254037844386 0.4330127018922192 0.24999999999999994
vn 0.8660254037844386 0.4330127018922192 0.24999999999999994
vn 0.8660254037844386 0.4330127018922192 0.24999999999999994
vn 0.8660254037844386 0.4330127018922192 0.24999999999999994
vn -2.7507451526001506e-17 0.5000000000000001 -0.8660254037844386
vn -2.7507451526001506e-17 0.5000000000000001 -0.8660254037844386
vn -2.7507451526001506e-17 0.5000000000000001 -0.8660254037844386
vn -2.7507451526001506e-17 0.5000000000000001 -0.8660254037844386
vn 2.7507451526001506e-17 -0.5000000000000001 0.8660254037844386
vn 2.7507451526001506e-17 -0.5000000000000001 0.8660254037844386
vn 2.7507451526001506e-17 -0.5000000000000001 0.8660254037844386
vn 2.7507451526001506e-17 -0.5000000000000001 0.8660254037844386
vn 0.4999999999999998 -0.7499999999999999 -0.4330127018922194
vn 0.4999999999999998 -0.7499999999999999 -0.4330127018922194
vn 0.4999999999999998 -0.7499999999999999 -0.4330127018922194
vn 0.4999999999999998 -0.7499999999999999 -0.4330127018922194
vn -0.4999999999999998 0.7499999999999999 0.4330127018922194
vn -0.4999999999999998 0.7499999999999999 0.4330127018922194
vn -0.4999999999999998 0.7499999999999999 0.4330127018922194
vn -0.4999999999999998 0.7499999999999999 0.4330127018922194
f 2449/2449/2449 2451/2451/2451 2450/2450/2450
f 2451/2451/2451 2452/2452/2452 2450/2450/2450
f 2453/2453/2453 2455/2455/2455 2454/2454/2454
f 2455/2455/2455 2456/2456/2456 2454/2454/2454
f 2457/2457/2457 2459/2459/2459 2458/2458/2458
f 2459/2459/2459 2460/2460/2460 2458/2458/2458
f 2461/2461/2461 2463/2463/2463 2462/2462/2462
f 2463/2463/2463 2464/2464/2464 2462/2462/2462
f 2465/2465/2465 2467/2467/2467 2466/2466/2466
f 2467/2467/2467 2468/2468/2468 2466/2466/2466
f 2469/2469/2469 2471/2471/2471 2470/2470/2470
f 2471/2471/2471 2472/2472/2472 2470/2470/2470
o gravity_ring_1_spin_94
usemtl gravity_ring
v -1.1004319013981116 3.27643193274248 0.274028873689218
v -1.1401130041429692 3.3052674598520912 0.2906770730281769
v -1.1004319013981116 3.25053193235654 0.31888899027371975
v -1.1401130041429692 3.279367459466151 0.33553718961267864
v -0.8146792063993336 3.6411440657095087 0.48459552183445476
v -0.774998103654476 3.6123085385998976 0.46794732249549587
v -0.8146792063993336 3.615244065323569 0.5294556384189565
v -0.774998103654476 3.5864085382139574 0.5128074390799976
v -0.8146792063993336 3.6411440657095087 0.48459552183445476
v -1.1401130041429692 3.3052674598520912 0.2906770730281769
v -0.774998103654476 3.6123085385998976 0.46794732249549587
v -1.1004319013981116 3.27643193274248 0.274028873689218
v -0.774998103654476 3.5864085382139574 0.5128074390799976
v -1.1004319013981116 3.25053193235654 0.31888899027371975
v -0.8146792063993336 3.615244065323569 0.5294556384189565
v -1.1401130041429692 3.279367459466151 0.33553718961267864
v -0.774998103654476 3.6123085385998976 0.46794732249549587
v -1.1004319013981116 3.27643193274248 0.274028873689218
v -0.774998103654476 3.5864085382139574 0.5128074390799976
v -1.1004319013981116 3.25053193235654 0.31888899027371975
v -1.1401130041429692 3.3052674598520912 0.2906770730281769
v -0.8146792063993336 3.6411440657095087 0.48459552183445476
v -1.1401130041429692 3.279367459466151 0.33553718961267864
v -0.8146792063993336 3.615244065323569 0.5294556384189565
vt 0 0.875
vt 0.0625 0.875
vt 0 0.8125
vt 0.0625 0.8125
vt 0 0.875
vt 0.0625 0.875
vt 0 0.8125
vt 0.0625 0.8125
vt 0 0.875
vt 0.5 0.875
vt 0 0.8125
vt 0.5 0.8125
vt 0 0.875
vt 0.5 0.875
vt 0 0.8125
vt 0.5 0.8125
vt 0 0.875
vt 0.5 0.875
vt 0 0.8125
vt 0.5 0.8125
vt 0 0.875
vt 0.5 0.875
vt 0 0.8125
vt 0.5 0.8125
vn -0.6427876096865389 -0.6634139481689387 -0.38302222155948934
vn -0.6427876096865389 -0.6634139481689387 -0.38302222155948934
vn -0.6427876096865389 -0.6634139481689387 -0.38302222155948934
vn -0.6427876096865389 -0.6634139481689387 -0.38302222155948934
vn 0.6427876096865389 0.6634139481689387 0.38302222155948934
vn 0.6427876096865389 0.6634139481689387 0.38302222155948934
vn 0.6427876096865389 0.6634139481689387 0.38302222155948934
vn 0.6427876096865389 0.6634139481689387 0.38302222155948934
vn -7.758039426857709e-17 0.5000000000000001 -0.8660254037844387
vn -7.758039426857709e-17 0.5000000000000001 -0.8660254037844387
vn -7.758039426857709e-17 0.5000000000000001 -0.8660254037844387
vn -7.758039426857709e-17 0.5000000000000001 -0.8660254037844387
vn 7.758039426857709e-17 -0.5000000000000001 0.8660254037844387
vn 7.758039426857709e-17 -0.5000000000000001 0.8660254037844387
vn 7.758039426857709e-17 -0.5000000000000001 0.8660254037844387
vn 7.758039426857709e-17 -0.5000000000000001 0.8660254037844387
vn 0.7660444431189783 -0.5566703992264189 -0.3213938048432695
vn 0.7660444431189783 -0.5566703992264189 -0.3213938048432695
vn 0.7660444431189783 -0.5566703992264189 -0.3213938048432695
vn 0.7660444431189783 -0.5566703992264189 -0.3213938048432695
vn -0.7660444431189783 0.5566703992264189 0.3213938048432695
vn -0.7660444431189783 0.5566703992264189 0.3213938048432695
vn -0.7660444431189783 0.5566703992264189 0.3213938048432695
vn -0.7660444431189783 0.5566703992264189 0.3213938048432695
f 2473/2473/2473 2475/2475/2475 2474/2474/2474
f 2475/2475/2475 2476/2476/2476 2474/2474/2474
f 2477/2477/2477 2479/2479/2479 2478/2478/2478
f 2479/2479/2479 2480/2480/2480 2478/2478/2478
f 2481/2481/2481 2483/2483/2483 2482/2482/2482
f 2483/2483/2483 2484/2484/2484 2482/2482/2482
f 2485/2485/2485 2487/2487/2487 2486/2486/2486
f 2487/2487/2487 2488/2488/2488 2486/2486/2486
f 2489/2489/2489 2491/2491/2491 2490/2490/2490
f 2491/2491/2491 2492/2492/2492 2490/2490/2490
f 2493/2493/2493 2495/2495/2495 2494/2494/2494
f 2495/2495/2495 2496/2496/2496 2494/2494/2494
o gravity_ring_1_spin_95
usemtl gravity_ring
v -1.2352354580094564 2.9247506462243624 0.0717650111240494
v -1.2826429514345323 2.9396938422430616 0.08039246936799851
v -1.2352354580094564 2.899525645848481 0.11545599339602068
v -1.2826429514345323 2.91446884186718 0.12408345163996982
v -1.1139960939553144 3.340969685966578 0.3120691857610652
v -1.0665886005302385 3.3260264899478793 0.30344172751711607
v -1.1139960939553144 3.3157446855906967 0.35576016803303645
v -1.0665886005302385 3.3008014895719975 0.3471327097890874
v -1.1139960939553144 3.340969685966578 0.3120691857610652
v -1.2826429514345323 2.9396938422430616 0.08039246936799851
v -1.0665886005302385 3.3260264899478793 0.30344172751711607
v -1.2352354580094564 2.9247506462243624 0.0717650111240494
v -1.0665886005302385 3.3008014895719975 0.3471327097890874
v -1.2352354580094564 2.899525645848481 0.11545599339602068
v -1.1139960939553144 3.3157446855906967 0.35576016803303645
v -1.2826429514345323 2.91446884186718 0.12408345163996982
v -1.0665886005302385 3.3260264899478793 0.30344172751711607
v -1.2352354580094564 2.9247506462243624 0.0717650111240494
v -1.0665886005302385 3.3008014895719975 0.3471327097890874
v -1.2352354580094564 2.899525645848481 0.11545599339602068
v -1.2826429514345323 2.9396938422430616 0.08039246936799851
v -1.1139960939553144 3.340969685966578 0.3120691857610652
v -1.2826429514345323 2.91446884186718 0.12408345163996982
v -1.1139960939553144 3.3157446855906967 0.35576016803303645
vt 0 0.875
vt 0.0625 0.875
vt 0 0.8125
vt 0.0625 0.8125
vt 0 0.875
vt 0.0625 0.875
vt 0 0.8125
vt 0.0625 0.8125
vt 0 0.875
vt 0.5 0.875
vt 0 0.8125
vt 0.5 0.8125
vt 0 0.875
vt 0.5 0.875
vt 0 0.8125
vt 0.5 0.8125
vt 0 0.875
vt 0.5 0.875
vt 0 0.8125
vt 0.5 0.8125
vt 0 0.875
vt 0.5 0.875
vt 0 0.8125
vt 0.5 0.8125
vn -0.34202014332566877 -0.8137976813493737 -0.4698463103929543
vn -0.34202014332566877 -0.8137976813493737 -0.4698463103929543
vn -0.34202014332566877 -0.8137976813493737 -0.4698463103929543
vn -0.34202014332566877 -0.8137976813493737 -0.4698463103929543
vn 0.34202014332566877 0.8137976813493737 0.4698463103929543
vn 0.34202014332566877 0.8137976813493737 0.4698463103929543
vn 0.34202014332566877 0.8137976813493737 0.4698463103929543
vn 0.34202014332566877 0.8137976813493737 0.4698463103929543
vn -5.452527964990786e-17 0.5000000000000002 -0.8660254037844385
vn -5.452527964990786e-17 0.5000000000000002 -0.8660254037844385
vn -5.452527964990786e-17 0.5000000000000002 -0.8660254037844385
vn -5.452527964990786e-17 0.5000000000000002 -0.8660254037844385
vn 5.452527964990786e-17 -0.5000000000000002 0.8660254037844385
vn 5.452527964990786e-17 -0.5000000000000002 0.8660254037844385
vn 5.452527964990786e-17 -0.5000000000000002 0.8660254037844385
vn 5.452527964990786e-17 -0.5000000000000002 0.8660254037844385
vn 0.9396926207859083 -0.29619813272602386 -0.1710100716628344
vn 0.9396926207859083 -0.29619813272602386 -0.1710100716628344
vn 0.9396926207859083 -0.29619813272602386 -0.1710100716628344
vn 0.9396926207859083 -0.29619813272602386 -0.1710100716628344
vn -0.9396926207859083 0.29619813272602386 0.1710100716628344
vn -0.9396926207859083 0.29619813272602386 0.1710100716628344
vn -0.9396926207859083 0.29619813272602386 0.1710100716628344
vn -0.9396926207859083 0.29619813272602386 0.1710100716628344
f 2497/2497/2497 2499/2499/2499 2498/2498/2498
f 2499/2499/2499 2500/2500/2500 2498/2498/2498
f 2501/2501/2501 2503/2503/2503 2502/2502/2502
f 2503/2503/2503 2504/2504/2504 2502/2502/2502
f 2505/2505/2505 2507/2507/2507 2506/2506/2506
f 2507/2507/2507 2508/2508/2508 2506/2506/2506
f 2509/2509/2509 2511/2511/2511 2510/2510/2510
f 2511/2511/2511 2512/2512/2512 2510/2510/2510
f 2513/2513/2513 2515/2515/2515 2514/2514/2514
f 2515/2515/2515 2516/2516/2516 2514/2514/2514
f 2517/2517/2517 2519/2519/2519 2518/2518/2518
f 2519/2519/2519 2520/2520/2520 2518/2518/2518
o gravity_ring_1_spin_96
usemtl gravity_ring
v -1.2239874996123836 2.5428261207192158 -0.14964854317399112
v -1.2760125003876166 2.5428261207192158 -0.14964854317399112
v -1.2239874996123836 2.5168136203315994 -0.1045935708707343
v -1.2760125003876166 2.5168136203315994 -0.1045935708707343
v -1.2760125003876164 2.9831863796684015 0.10459357087073486
v -1.2239874996123834 2.9831863796684015 0.10459357087073486
v -1.2760125003876164 2.957173879280785 0.14964854317399168
v -1.2239874996123834 2.957173879280785 0.14964854317399168
v -1.2760125003876164 2.9831863796684015 0.10459357087073486
v -1.2760125003876166 2.5428261207192158 -0.14964854317399112
v -1.2239874996123834 2.9831863796684015 0.10459357087073486
v -1.2239874996123836 2.5428261207192158 -0.14964854317399112
v -1.2239874996123834 2.957173879280785 0.14964854317399168
v -1.2239874996123836 2.5168136203315994 -0.1045935708707343
v -1.2760125003876164 2.957173879280785 0.14964854317399168
v -1.2760125003876166 2.5168136203315994 -0.1045935708707343
v -1.2239874996123834 2.9831863796684015 0.10459357087073486
v -1.2239874996123836 2.5428261207192158 -0.14964854317399112
v -1.2239874996123834 2.957173879280785 0.14964854317399168
v -1.2239874996123836 2.5168136203315994 -0.1045935708707343
v -1.2760125003876166 2.5428261207192158 -0.14964854317399112
v -1.2760125003876164 2.9831863796684015 0.10459357087073486
v -1.2760125003876166 2.5168136203315994 -0.1045935708707343
v -1.2760125003876164 2.957173879280785 0.14964854317399168
vt 0 0.875
vt 0.0625 0.875
vt 0 0.8125
vt 0.0625 0.8125
vt 0 0.875
vt 0.0625 0.875
vt 0 0.8125
vt 0.0625 0.8125
vt 0 0.875
vt 0.5 0.875
vt 0 0.8125
vt 0.5 0.8125
vt 0 0.875
vt 0.5 0.875
vt 0 0.8125
vt 0.5 0.8125
vt 0 0.875
vt 0.5 0.875
vt 0 0.8125
vt 0.5 0.8125
vt 0 0.875
vt 0.5 0.875
vt 0 0.8125
vt 0.5 0.8125
vn -3.7058041096803057e-16 -0.8660254037844387 -0.5000000000000001
vn -3.7058041096803057e-16 -0.8660254037844387 -0.5000000000000001
vn -3.7058041096803057e-16 -0.8660254037844387 -0.5000000000000001
vn -3.7058041096803057e-16 -0.8660254037844387 -0.5000000000000001
vn 3.7058041096803057e-16 0.8660254037844387 0.5000000000000001
vn 3.7058041096803057e-16 0.8660254037844387 0.5000000000000001
vn 3.7058041096803057e-16 0.8660254037844387 0.5000000000000001
vn 3.7058041096803057e-16 0.8660254037844387 0.5000000000000001
vn -1.6586077508777419e-18 0.5000000000000001 -0.8660254037844386
vn -1.6586077508777419e-18 0.5000000000000001 -0.8660254037844386
vn -1.6586077508777419e-18 0.5000000000000001 -0.8660254037844386
vn -1.6586077508777419e-18 0.5000000000000001 -0.8660254037844386
vn 1.6586077508777419e-18 -0.5000000000000001 0.8660254037844386
vn 1.6586077508777419e-18 -0.5000000000000001 0.8660254037844386
vn 1.6586077508777419e-18 -0.5000000000000001 0.8660254037844386
vn 1.6586077508777419e-18 -0.5000000000000001 0.8660254037844386
vn 1 -3.2341996166950863e-16 -1.867266019311893e-16
vn 1 -3.2341996166950863e-16 -1.867266019311893e-16
vn 1 -3.2341996166950863e-16 -1.867266019311893e-16
vn 1 -3.2341996166950863e-16 -1.867266019311893e-16
vn -1 3.2341996166950863e-16 1.867266019311893e-16
vn -1 3.2341996166950863e-16 1.867266019311893e-16
vn -1 3.2341996166950863e-16 1.867266019311893e-16
vn -1 3.2341996166950863e-16 1.867266019311893e-16
f 2521/2521/2521 2523/2523/2523 2522/2522/2522
f 2523/2523/2523 2524/2524/2524 2522/2522/2522
f 2525/2525/2525 2527/2527/2527 2526/2526/2526
f 2527/2527/2527 2528/2528/2528 2526/2526/2526
f 2529/2529/2529 2531/2531/2531 2530/2530/2530
f 2531/2531/2531 2532/2532/2532 2530/2530/2530
f 2533/2533/2533 2535/2535/2535 2534/2534/2534
f 2535/2535/2535 2536/2536/2536 2534/2534/2534
f 2537/2537/2537 2539/2539/2539 2538/2538/2538
f 2539/2539/2539 2540/2540/2540 2538/2538/2538
f 2541/2541/2541 2543/2543/2543 2542/2542/2542
f 2543/2543/2543 2544/2544/2544 2542/2542/2542
o gravity_ring_1_spin_97
usemtl gravity_ring
v -1.0661068143166263 2.198393265426525 -0.34772752201995705
v -1.1137257385845296 2.1833834248269697 -0.3563934575306037
v -1.0661068143166263 2.173055765048967 -0.30384168402923073
v -1.1137257385845296 2.1580459244494117 -0.3125076195398774
v -1.2831247376481445 2.586448903135973 -0.12368349512785537
v -1.2355058133802412 2.6014587437355283 -0.11501755961720875
v -1.2831247376481445 2.561111402758415 -0.07979765713712902
v -1.2355058133802412 2.5761212433579703 -0.07113172162648237
v -1.2831247376481445 2.586448903135973 -0.12368349512785537
v -1.1137257385845296 2.1833834248269697 -0.3563934575306037
v -1.2355058133802412 2.6014587437355283 -0.11501755961720875
v -1.0661068143166263 2.198393265426525 -0.34772752201995705
v -1.2355058133802412 2.5761212433579703 -0.07113172162648237
v -1.0661068143166263 2.173055765048967 -0.30384168402923073
v -1.2831247376481445 2.561111402758415 -0.07979765713712902
v -1.1137257385845296 2.1580459244494117 -0.3125076195398774
v -1.2355058133802412 2.6014587437355283 -0.11501755961720875
v -1.0661068143166263 2.198393265426525 -0.34772752201995705
v -1.2355058133802412 2.5761212433579703 -0.07113172162648237
v -1.0661068143166263 2.173055765048967 -0.30384168402923073
v -1.1137257385845296 2.1833834248269697 -0.3563934575306037
v -1.2831247376481445 2.586448903135973 -0.12368349512785537
v -1.1137257385845296 2.1580459244494117 -0.3125076195398774
v -1.2831247376481445 2.561111402758415 -0.07979765713712902
vt 0 0.875
vt 0.0625 0.875
vt 0 0.8125
vt 0.0625 0.8125
vt 0 0.875
vt 0.0625 0.875
vt 0 0.8125
vt 0.0625 0.8125
vt 0 0.875
vt 0.5 0.875
vt 0 0.8125
vt 0.5 0.8125
vt 0 0.875
vt 0.5 0.875
vt 0 0.8125
vt 0.5 0.8125
vt 0 0.875
vt 0.5 0.875
vt 0 0.8125
vt 0.5 0.8125
vt 0 0.875
vt 0.5 0.875
vt 0 0.8125
vt 0.5 0.8125
vn 0.3420201433256688 -0.8137976813493736 -0.4698463103929543
vn 0.3420201433256688 -0.8137976813493736 -0.4698463103929543
vn 0.3420201433256688 -0.8137976813493736 -0.4698463103929543
vn 0.3420201433256688 -0.8137976813493736 -0.4698463103929543
vn -0.3420201433256688 0.8137976813493736 0.4698463103929543
vn -0.3420201433256688 0.8137976813493736 0.4698463103929543
vn -0.3420201433256688 0.8137976813493736 0.4698463103929543
vn -0.3420201433256688 0.8137976813493736 0.4698463103929543
vn 2.702108181447734e-17 0.5000000000000002 -0.8660254037844387
vn 2.702108181447734e-17 0.5000000000000002 -0.8660254037844387
vn 2.702108181447734e-17 0.5000000000000002 -0.8660254037844387
vn 2.702108181447734e-17 0.5000000000000002 -0.8660254037844387
vn -2.702108181447734e-17 -0.5000000000000002 0.8660254037844387
vn -2.702108181447734e-17 -0.5000000000000002 0.8660254037844387
vn -2.702108181447734e-17 -0.5000000000000002 0.8660254037844387
vn -2.702108181447734e-17 -0.5000000000000002 0.8660254037844387
vn 0.9396926207859083 0.29619813272602386 0.17101007166283444
vn 0.9396926207859083 0.29619813272602386 0.17101007166283444
vn 0.9396926207859083 0.29619813272602386 0.17101007166283444
vn 0.9396926207859083 0.29619813272602386 0.17101007166283444
vn -0.9396926207859083 -0.29619813272602386 -0.17101007166283444
vn -0.9396926207859083 -0.29619813272602386 -0.17101007166283444
vn -0.9396926207859083 -0.29619813272602386 -0.17101007166283444
vn -0.9396926207859083 -0.29619813272602386 -0.17101007166283444
f 2545/2545/2545 2547/2547/2547 2546/2546/2546
f 2547/2547/2547 2548/2548/2548 2546/2546/2546
f 2549/2549/2549 2551/2551/2551 2550/2550/2550
f 2551/2551/2551 2552/2552/2552 2550/2550/2550
f 2553/2553/2553 2555/2555/2555 2554/2554/2554
f 2555/2555/2555 2556/2556/2556 2554/2554/2554
f 2557/2557/2557 2559/2559/2559 2558/2558/2558
f 2559/2559/2559 2560/2560/2560 2558/2558/2558
f 2561/2561/2561 2563/2563/2563 2562/2562/2562
f 2563/2563/2563 2564/2564/2564 2562/2562/2562
f 2565/2565/2565 2567/2567/2567 2566/2566/2566
f 2567/2567/2567 2568/2568/2568 2566/2566/2566
o gravity_ring_1_spin_98
usemtl gravity_ring
v -0.7734121798589181 1.912370289148371 -0.5137722910560912
v -0.8134380026083159 1.883284260355375 -0.5305651176093846
v -0.7734121798589181 1.8862452887590782 -0.4685224630340793
v -0.8134380026083159 1.8571592599660822 -0.4853152895873728
v -1.1416989279385277 2.222078713174874 -0.33496204907409477
v -1.1016731051891298 2.25116474196787 -0.31816922252080126
v -1.1416989279385277 2.195953712785581 -0.28971222105208283
v -1.1016731051891298 2.2250397415785774 -0.27291939449878944
v -1.1416989279385277 2.222078713174874 -0.33496204907409477
v -0.8134380026083159 1.883284260355375 -0.5305651176093846
v -1.1016731051891298 2.25116474196787 -0.31816922252080126
v -0.7734121798589181 1.912370289148371 -0.5137722910560912
v -1.1016731051891298 2.2250397415785774 -0.27291939449878944
v -0.7734121798589181 1.8862452887590782 -0.4685224630340793
v -1.1416989279385277 2.195953712785581 -0.28971222105208283
v -0.8134380026083159 1.8571592599660822 -0.4853152895873728
v -1.1016731051891298 2.25116474196787 -0.31816922252080126
v -0.7734121798589181 1.912370289148371 -0.5137722910560912
v -1.1016731051891298 2.2250397415785774 -0.27291939449878944
v -0.7734121798589181 1.8862452887590782 -0.4685224630340793
v -0.8134380026083159 1.883284260355375 -0.5305651176093846
v -1.1416989279385277 2.222078713174874 -0.33496204907409477
v -0.8134380026083159 1.8571592599660822 -0.4853152895873728
v -1.1416989279385277 2.195953712785581 -0.28971222105208283
vt 0 0.875
vt 0.0625 0.875
vt 0 0.8125
vt 0.0625 0.8125
vt 0 0.875
vt 0.0625 0.875
vt 0 0.8125
vt 0.0625 0.8125
vt 0 0.875
vt 0.5 0.875
vt 0 0.8125
vt 0.5 0.8125
vt 0 0.875
vt 0.5 0.875
vt 0 0.8125
vt 0.5 0.8125
vt 0 0.875
vt 0.5 0.875
vt 0 0.8125
vt 0.5 0.8125
vt 0 0.875
vt 0.5 0.875
vt 0 0.8125
vt 0.5 0.8125
vn 0.642787609686539 -0.6634139481689386 -0.3830222215594892
vn 0.642787609686539 -0.6634139481689386 -0.3830222215594892
vn 0.642787609686539 -0.6634139481689386 -0.3830222215594892
vn 0.642787609686539 -0.6634139481689386 -0.3830222215594892
vn -0.642787609686539 0.6634139481689386 0.3830222215594892
vn -0.642787609686539 0.6634139481689386 0.3830222215594892
vn -0.642787609686539 0.6634139481689386 0.3830222215594892
vn -0.642787609686539 0.6634139481689386 0.3830222215594892
vn -5.0833223810130556e-17 0.5000000000000001 -0.8660254037844386
vn -5.0833223810130556e-17 0.5000000000000001 -0.8660254037844386
vn -5.0833223810130556e-17 0.5000000000000001 -0.8660254037844386
vn -5.0833223810130556e-17 0.5000000000000001 -0.8660254037844386
vn 5.0833223810130556e-17 -0.5000000000000001 0.8660254037844386
vn 5.0833223810130556e-17 -0.5000000000000001 0.8660254037844386
vn 5.0833223810130556e-17 -0.5000000000000001 0.8660254037844386
vn 5.0833223810130556e-17 -0.5000000000000001 0.8660254037844386
vn 0.7660444431189781 0.556670399226419 0.3213938048432695
vn 0.7660444431189781 0.556670399226419 0.3213938048432695
vn 0.7660444431189781 0.556670399226419 0.3213938048432695
vn 0.7660444431189781 0.556670399226419 0.3213938048432695
vn -0.7660444431189781 -0.556670399226419 -0.3213938048432695
vn -0.7660444431189781 -0.556670399226419 -0.3213938048432695
vn -0.7660444431189781 -0.556670399226419 -0.3213938048432695
vn -0.7660444431189781 -0.556670399226419 -0.3213938048432695
f 2569/2569/2569 2571/2571/2571 2570/2570/2570
f 2571/2571/2571 2572/2572/2572 2570/2570/2570
f 2573/2573/2573 2575/2575/2575 2574/2574/2574
f 2575/2575/2575 2576/2576/2576 2574/2574/2574
f 2577/2577/2577 2579/2579/2579 2578/2578/2578
f 2579/2579/2579 2580/2580/2580 2578/2578/2578
f 2581/2581/2581 2583/2583/2583 2582/2582/2582
f 2583/2583/2583 2584/2584/2584 2582/2582/2582
f 2585/2585/2585 2587/2587/2587 2586/2586/2586
f 2587/2587/2587 2588/2588/2588 2586/2586/2586
f 2589/2589/2589 2591/2591/2591 2590/2590/2590
f 2591/2591/2591 2592/2592/2592 2590/2590/2590
o gravity_ring_1_spin_99
usemtl gravity_ring
v -0.39685609370261143 1.7366030474201577 -0.6144721325075728
v -0.42230609408184605 1.698428046851306 -0.6365124793623136
v -0.39685609370261143 1.711153047040923 -0.5703914387980914
v -0.42230609408184605 1.6729780464720714 -0.592431785652832
v -0.8531439062973881 1.913846952959077 -0.5121403159324572
v -0.8276939059181535 1.9520219535279286 -0.4900999690777165
v -0.8531439062973881 1.8883969525798423 -0.4680596222229758
v -0.8276939059181535 1.926571953148694 -0.4460192753682351
v -0.8531439062973881 1.913846952959077 -0.5121403159324572
v -0.42230609408184605 1.698428046851306 -0.6365124793623136
v -0.8276939059181535 1.9520219535279286 -0.4900999690777165
v -0.39685609370261143 1.7366030474201577 -0.6144721325075728
v -0.8276939059181535 1.926571953148694 -0.4460192753682351
v -0.39685609370261143 1.711153047040923 -0.5703914387980914
v -0.8531439062973881 1.8883969525798423 -0.4680596222229758
v -0.42230609408184605 1.6729780464720714 -0.592431785652832
v -0.8276939059181535 1.9520219535279286 -0.4900999690777165
v -0.39685609370261143 1.7366030474201577 -0.6144721325075728
v -0.8276939059181535 1.926571953148694 -0.4460192753682351
v -0.39685609370261143 1.711153047040923 -0.5703914387980914
v -0.42230609408184605 1.698428046851306 -0.6365124793623136
v -0.8531439062973881 1.913846952959077 -0.5121403159324572
v -0.42230609408184605 1.6729780464720714 -0.592431785652832
v -0.8531439062973881 1.8883969525798423 -0.4680596222229758
vt 0 0.875
vt 0.0625 0.875
vt 0 0.8125
vt 0.0625 0.8125
vt 0 0.875
vt 0.0625 0.875
vt 0 0.8125
vt 0.0625 0.8125
vt 0 0.875
vt 0.5 0.875
vt 0 0.8125
vt 0.5 0.8125
vt 0 0.875
vt 0.5 0.875
vt 0 0.8125
vt 0.5 0.8125
vt 0 0.875
vt 0.5 0.875
vt 0 0.8125
vt 0.5 0.8125
vt 0 0.875
vt 0.5 0.875
vt 0 0.8125
vt 0.5 0.8125
vn 0.8660254037844387 -0.43301270189221897 -0.2499999999999999
vn 0.8660254037844387 -0.43301270189221897 -0.2499999999999999
vn 0.8660254037844387 -0.43301270189221897 -0.2499999999999999
vn 0.8660254037844387 -0.43301270189221897 -0.2499999999999999
vn -0.8660254037844387 0.43301270189221897 0.2499999999999999
vn -0.8660254037844387 0.43301270189221897 0.2499999999999999
vn -0.8660254037844387 0.43301270189221897 0.2499999999999999
vn -0.8660254037844387 0.43301270189221897 0.2499999999999999
vn 0 0.5000000000000001 -0.8660254037844385
vn 0 0.5000000000000001 -0.8660254037844385
vn 0 0.5000000000000001 -0.8660254037844385
vn 0 0.5000000000000001 -0.8660254037844385
vn 0 -0.5000000000000001 0.8660254037844385
vn 0 -0.5000000000000001 0.8660254037844385
vn 0 -0.5000000000000001 0.8660254037844385
vn 0 -0.5000000000000001 0.8660254037844385
vn 0.4999999999999998 0.7499999999999999 0.43301270189221946
vn 0.4999999999999998 0.7499999999999999 0.43301270189221946
vn 0.4999999999999998 0.7499999999999999 0.43301270189221946
vn 0.4999999999999998 0.7499999999999999 0.43301270189221946
vn -0.4999999999999998 -0.7499999999999999 -0.43301270189221946
vn -0.4999999999999998 -0.7499999999999999 -0.43301270189221946
vn -0.4999999999999998 -0.7499999999999999 -0.43301270189221946
vn -0.4999999999999998 -0.7499999999999999 -0.43301270189221946
f 2593/2593/2593 2595/2595/2595 2594/2594/2594
f 2595/2595/2595 2596/2596/2596 2594/2594/2594
f 2597/2597/2597 2599/2599/2599 2598/2598/2598
f 2599/2599/2599 2600/2600/2600 2598/2598/2598
f 2601/2601/2601 2603/2603/2603 2602/2602/2602
f 2603/2603/2603 2604/2604/2604 2602/2602/2602
f 2605/2605/2605 2607/2607/2607 2606/2606/2606
f 2607/2607/2607 2608/2608/2608 2606/2606/2606
f 2609/2609/2609 2611/2611/2611 2610/2610/2610
f 2611/2611/2611 2612/2612/2612 2610/2610/2610
f 2613/2613/2613 2615/2615/2615 2614/2614/2614
f 2615/2615/2615 2616/2616/2616 2614/2614/2614
o gravity_ring_1_spin_100
usemtl gravity_ring
v 0.040041182476908965 1.6808456343493008 -0.647573016640873
v 0.03092899421805459 1.6360913574682057 -0.6734119104455603
v 0.040041182476908965 1.6546081339583316 -0.6021283329001059
v 0.03092899421805459 1.6098538570772365 -0.6279672267047933
v -0.4741616266442354 1.7132205361605606 -0.6288813583651545
v -0.46504943838538104 1.7579748130416557 -0.6030424645604671
v -0.4741616266442354 1.6869830357695914 -0.5834366746243874
v -0.46504943838538104 1.7317373126506865 -0.5575977808197001
v -0.4741616266442354 1.7132205361605606 -0.6288813583651545
v 0.03092899421805459 1.6360913574682057 -0.6734119104455603
v -0.46504943838538104 1.7579748130416557 -0.6030424645604671
v 0.040041182476908965 1.6808456343493008 -0.647573016640873
v -0.46504943838538104 1.7317373126506865 -0.5575977808197001
v 0.040041182476908965 1.6546081339583316 -0.6021283329001059
v -0.4741616266442354 1.6869830357695914 -0.5834366746243874
v 0.03092899421805459 1.6098538570772365 -0.6279672267047933
v -0.46504943838538104 1.7579748130416557 -0.6030424645604671
v 0.040041182476908965 1.6808456343493008 -0.647573016640873
v -0.46504943838538104 1.7317373126506865 -0.5575977808197001
v 0.040041182476908965 1.6546081339583316 -0.6021283329001059
v 0.03092899421805459 1.6360913574682057 -0.6734119104455603
v -0.4741616266442354 1.7132205361605606 -0.6288813583651545
v 0.03092899421805459 1.6098538570772365 -0.6279672267047933
v -0.4741616266442354 1.6869830357695914 -0.5834366746243874
vt 0 0.875
vt 0.0625 0.875
vt 0 0.8125
vt 0.0625 0.8125
vt 0 0.875
vt 0.0625 0.875
vt 0 0.8125
vt 0.0625 0.8125
vt 0 0.875
vt 0.5 0.875
vt 0 0.8125
vt 0.5 0.8125
vt 0 0.875
vt 0.5 0.875
vt 0 0.8125
vt 0.5 0.8125
vt 0 0.875
vt 0.5 0.875
vt 0 0.8125
vt 0.5 0.8125
vt 0 0.875
vt 0.5 0.875
vt 0 0.8125
vt 0.5 0.8125
vn 0.9848077530122079 -0.15038373318043544 -0.08682408883346529
vn 0.9848077530122079 -0.15038373318043544 -0.08682408883346529
vn 0.9848077530122079 -0.15038373318043544 -0.08682408883346529
vn 0.9848077530122079 -0.15038373318043544 -0.08682408883346529
vn -0.9848077530122079 0.15038373318043544 0.08682408883346529
vn -0.9848077530122079 0.15038373318043544 0.08682408883346529
vn -0.9848077530122079 0.15038373318043544 0.08682408883346529
vn -0.9848077530122079 0.15038373318043544 0.08682408883346529
vn -3.7798678082322246e-17 0.5000000000000001 -0.8660254037844385
vn -3.7798678082322246e-17 0.5000000000000001 -0.8660254037844385
vn -3.7798678082322246e-17 0.5000000000000001 -0.8660254037844385
vn -3.7798678082322246e-17 0.5000000000000001 -0.8660254037844385
vn 3.7798678082322246e-17 -0.5000000000000001 0.8660254037844385
vn 3.7798678082322246e-17 -0.5000000000000001 0.8660254037844385
vn 3.7798678082322246e-17 -0.5000000000000001 0.8660254037844385
vn 3.7798678082322246e-17 -0.5000000000000001 0.8660254037844385
vn 0.17364817766693053 0.8528685319524432 0.4924038765061042
vn 0.17364817766693053 0.8528685319524432 0.4924038765061042
vn 0.17364817766693053 0.8528685319524432 0.4924038765061042
vn 0.17364817766693053 0.8528685319524432 0.4924038765061042
vn -0.17364817766693053 -0.8528685319524432 -0.4924038765061042
vn -0.17364817766693053 -0.8528685319524432 -0.4924038765061042
vn -0.17364817766693053 -0.8528685319524432 -0.4924038765061042
vn -0.17364817766693053 -0.8528685319524432 -0.4924038765061042
f 2617/2617/2617 2619/2619/2619 2618/2618/2618
f 2619/2619/2619 2620/2620/2620 2618/2618/2618
f 2621/2621/2621 2623/2623/2623 2622/2622/2622
f 2623/2623/2623 2624/2624/2624 2622/2622/2622
f 2625/2625/2625 2627/2627/2627 2626/2626/2626
f 2627/2627/2627 2628/2628/2628 2626/2626/2626
f 2629/2629/2629 2631/2631/2631 2630/2630/2630
f 2631/2631/2631 2632/2632/2632 2630/2630/2630
f 2633/2633/2633 2635/2635/2635 2634/2634/2634
f 2635/2635/2635 2636/2636/2636 2634/2634/2634
f 2637/2637/2637 2639/2639/2639 2638/2638/2638
f 2639/2639/2639 2640/2640/2640 2638/2638/2638
o gravity_ring_1_spin_101
usemtl gravity_ring
v 0.4586695347739981 1.7560694934556438 -0.6033630784613231
v 0.4675472979895089 1.7124665891098412 -0.6285372270228217
v 0.4586695347739981 1.7305069930747328 -0.5590875290330866
v 0.4675472979895089 1.6869040887289302 -0.5842616775945851
v -0.02454909060667157 1.6373216770441594 -0.6719221622321738
v -0.033426853822182356 1.680924581389962 -0.6467480136706752
v -0.02454909060667157 1.6117591766632484 -0.6276466128039373
v -0.033426853822182356 1.655362081009051 -0.6024724642424387
v -0.02454909060667157 1.6373216770441594 -0.6719221622321738
v 0.4675472979895089 1.7124665891098412 -0.6285372270228217
v -0.033426853822182356 1.680924581389962 -0.6467480136706752
v 0.4586695347739981 1.7560694934556438 -0.6033630784613231
v -0.033426853822182356 1.655362081009051 -0.6024724642424387
v 0.4586695347739981 1.7305069930747328 -0.5590875290330866
v -0.02454909060667157 1.6117591766632484 -0.6276466128039373
v 0.4675472979895089 1.6869040887289302 -0.5842616775945851
v -0.033426853822182356 1.680924581389962 -0.6467480136706752
v 0.4586695347739981 1.7560694934556438 -0.6033630784613231
v -0.033426853822182356 1.655362081009051 -0.6024724642424387
v 0.4586695347739981 1.7305069930747328 -0.5590875290330866
v 0.4675472979895089 1.7124665891098412 -0.6285372270228217
v -0.02454909060667157 1.6373216770441594 -0.6719221622321738
v 0.4675472979895089 1.6869040887289302 -0.5842616775945851
v -0.02454909060667157 1.6117591766632484 -0.6276466128039373
vt 0 0.875
vt 0.0625 0.875
vt 0 0.8125
vt 0.0625 0.8125
vt 0 0.875
vt 0.0625 0.875
vt 0 0.8125
vt 0.0625 0.8125
vt 0 0.875
vt 0.5 0.875
vt 0 0.8125
vt 0.5 0.8125
vt 0 0.875
vt 0.5 0.875
vt 0 0.8125
vt 0.5 0.8125
vt 0 0.875
vt 0.5 0.875
vt 0 0.8125
vt 0.5 0.8125
vt 0 0.875
vt 0.5 0.875
vt 0 0.8125
vt 0.5 0.8125
vn 0.9848077530122079 0.15038373318043563 0.08682408883346537
vn 0.9848077530122079 0.15038373318043563 0.08682408883346537
vn 0.9848077530122079 0.15038373318043563 0.08682408883346537
vn 0.9848077530122079 0.15038373318043563 0.08682408883346537
vn -0.9848077530122079 -0.15038373318043563 -0.08682408883346537
vn -0.9848077530122079 -0.15038373318043563 -0.08682408883346537
vn -0.9848077530122079 -0.15038373318043563 -0.08682408883346537
vn -0.9848077530122079 -0.15038373318043563 -0.08682408883346537
vn 1.3273749255745201e-17 0.5000000000000001 -0.8660254037844386
vn 1.3273749255745201e-17 0.5000000000000001 -0.8660254037844386
vn 1.3273749255745201e-17 0.5000000000000001 -0.8660254037844386
vn 1.3273749255745201e-17 0.5000000000000001 -0.8660254037844386
vn -1.3273749255745201e-17 -0.5000000000000001 0.8660254037844386
vn -1.3273749255745201e-17 -0.5000000000000001 0.8660254037844386
vn -1.3273749255745201e-17 -0.5000000000000001 0.8660254037844386
vn -1.3273749255745201e-17 -0.5000000000000001 0.8660254037844386
vn -0.17364817766693072 0.852868531952443 0.49240387650610407
vn -0.17364817766693072 0.852868531952443 0.49240387650610407
vn -0.17364817766693072 0.852868531952443 0.49240387650610407
vn -0.17364817766693072 0.852868531952443 0.49240387650610407
vn 0.17364817766693072 -0.852868531952443 -0.49240387650610407
vn 0.17364817766693072 -0.852868531952443 -0.49240387650610407
vn 0.17364817766693072 -0.852868531952443 -0.49240387650610407
vn 0.17364817766693072 -0.852868531952443 -0.49240387650610407
f 2641/2641/2641 2643/2643/2643 2642/2642/2642
f 2643/2643/2643 2644/2644/2644 2642/2642/2642
f 2645/2645/2645 2647/2647/2647 2646/2646/2646
f 2647/2647/2647 2648/2648/2648 2646/2646/2646
f 2649/2649/2649 2651/2651/2651 2650/2650/2650
f 2651/2651/2651 2652/2652/2652 2650/2650/2650
f 2653/2653/2653 2655/2655/2655 2654/2654/2654
f 2655/2655/2655 2656/2656/2656 2654/2654/2654
f 2657/2657/2657 2659/2659/2659 2658/2658/2658
f 2659/2659/2659 2660/2660/2660 2658/2658/2658
f 2661/2661/2661 2663/2663/2663 2662/2662/2662
f 2663/2663/2663 2664/2664/2664 2662/2662/2662
o gravity_ring_1_spin_102
usemtl star_silver
v 0.7126505095862388 1.8650077079183143 -0.5310018046603355
v 0.6400384499471727 1.870624270277809 -0.6245751603889156
v 0.7032286219985612 1.7468078305517105 -0.5307852293205173
v 0.630616562359495 1.7524243929112056 -0.6243585850490975
v 0.546771378001439 1.8781921694482895 -0.5517465254100313
v 0.6193834376405052 1.8725756070887944 -0.4581731696814512
v 0.5373494904137615 1.7599922920816857 -0.5515299500702131
v 0.6099615500528275 1.754375729722191 -0.45795659434163305
v 0.546771378001439 1.8781921694482895 -0.5517465254100313
v 0.6400384499471727 1.870624270277809 -0.6245751603889156
v 0.6193834376405052 1.8725756070887944 -0.4581731696814512
v 0.7126505095862388 1.8650077079183143 -0.5310018046603355
v 0.6099615500528275 1.754375729722191 -0.45795659434163305
v 0.7032286219985612 1.7468078305517105 -0.5307852293205173
v 0.5373494904137615 1.7599922920816857 -0.5515299500702131
v 0.630616562359495 1.7524243929112056 -0.6243585850490975
v 0.6193834376405052 1.8725756070887944 -0.4581731696814512
v 0.7126505095862388 1.8650077079183143 -0.5310018046603355
v 0.6099615500528275 1.754375729722191 -0.45795659434163305
v 0.7032286219985612 1.7468078305517105 -0.5307852293205173
v 0.6400384499471727 1.870624270277809 -0.6245751603889156
v 0.546771378001439 1.8781921694482895 -0.5517465254100313
v 0.630616562359495 1.7524243929112056 -0.6243585850490975
v 0.5373494904137615 1.7599922920816857 -0.5515299500702131
vt 0.4375 1
vt 0.5625 1
vt 0.4375 0.875
vt 0.5625 0.875
vt 0.4375 1
vt 0.5625 1
vt 0.4375 0.875
vt 0.5625 0.875
vt 0.4375 1
vt 0.5625 1
vt 0.4375 0.875
vt 0.5625 0.875
vt 0.4375 1
vt 0.5625 1
vt 0.4375 0.875
vt 0.5625 0.875
vt 0.4375 1
vt 0.5625 1
vt 0.4375 0.875
vt 0.5625 0.875
vt 0.4375 1
vt 0.5625 1
vt 0.4375 0.875
vt 0.5625 0.875
vn 0.7865660924854931 -0.06382373494380081 -0.6141989197401165
vn 0.7865660924854931 -0.06382373494380081 -0.6141989197401165
vn 0.7865660924854931 -0.06382373494380081 -0.6141989197401165
vn 0.7865660924854931 -0.06382373494380081 -0.6141989197401165
vn -0.7865660924854931 0.06382373494380081 0.6141989197401165
vn -0.7865660924854931 0.06382373494380081 0.6141989197401165
vn -0.7865660924854931 0.06382373494380081 0.6141989197401165
vn -0.7865660924854931 0.06382373494380081 0.6141989197401165
vn 0.07945931129894546 0.9968364368360204 -0.0018264840443219185
vn 0.07945931129894546 0.9968364368360204 -0.0018264840443219185
vn 0.07945931129894546 0.9968364368360204 -0.0018264840443219185
vn 0.07945931129894546 0.9968364368360204 -0.0018264840443219185
vn -0.07945931129894546 -0.9968364368360204 0.0018264840443219185
vn -0.07945931129894546 -0.9968364368360204 0.0018264840443219185
vn -0.07945931129894546 -0.9968364368360204 0.0018264840443219185
vn -0.07945931129894546 -0.9968364368360204 0.0018264840443219185
vn 0.6123724356957945 -0.047367172745376544 0.7891491309924314
vn 0.6123724356957945 -0.047367172745376544 0.7891491309924314
vn 0.6123724356957945 -0.047367172745376544 0.7891491309924314
vn 0.6123724356957945 -0.047367172745376544 0.7891491309924314
vn -0.6123724356957945 0.047367172745376544 -0.7891491309924314
vn -0.6123724356957945 0.047367172745376544 -0.7891491309924314
vn -0.6123724356957945 0.047367172745376544 -0.7891491309924314
vn -0.6123724356957945 0.047367172745376544 -0.7891491309924314
f 2665/2665/2665 2667/2667/2667 2666/2666/2666
f 2667/2667/2667 2668/2668/2668 2666/2666/2666
f 2669/2669/2669 2671/2671/2671 2670/2670/2670
f 2671/2671/2671 2672/2672/2672 2670/2670/2670
f 2673/2673/2673 2675/2675/2675 2674/2674/2674
f 2675/2675/2675 2676/2676/2676 2674/2674/2674
f 2677/2677/2677 2679/2679/2679 2678/2678/2678
f 2679/2679/2679 2680/2680/2680 2678/2678/2678
f 2681/2681/2681 2683/2683/2683 2682/2682/2682
f 2683/2683/2683 2684/2684/2684 2682/2682/2682
f 2685/2685/2685 2687/2687/2687 2686/2686/2686
f 2687/2687/2687 2688/2688/2688 2686/2686/2686
o gravity_ring_1_spin_103
usemtl star_silver
v -0.5395948070729913 3.7386626338065545 0.5512670184164813
v -0.6103467854879068 3.744135318382647 0.46009070310979083
v -0.5487753370089923 3.623490647036629 0.5514780458111618
v -0.6195273154239077 3.628963331612721 0.4603017305044714
v -0.7012246629910077 3.751509352963371 0.5310537089193869
v -0.6304726845760923 3.746036668387279 0.6222300242260773
v -0.7104051929270087 3.6363373661934455 0.5312647363140673
v -0.6396532145120932 3.630864681617353 0.6224410516207578
v -0.7012246629910077 3.751509352963371 0.5310537089193869
v -0.6103467854879068 3.744135318382647 0.46009070310979083
v -0.6304726845760923 3.746036668387279 0.6222300242260773
v -0.5395948070729913 3.7386626338065545 0.5512670184164813
v -0.6396532145120932 3.630864681617353 0.6224410516207578
v -0.5487753370089923 3.623490647036629 0.5514780458111618
v -0.7104051929270087 3.6363373661934455 0.5312647363140673
v -0.6195273154239077 3.628963331612721 0.4603017305044714
v -0.6304726845760923 3.746036668387279 0.6222300242260773
v -0.5395948070729913 3.7386626338065545 0.5512670184164813
v -0.6396532145120932 3.630864681617353 0.6224410516207578
v -0.5487753370089923 3.623490647036629 0.5514780458111618
v -0.6103467854879068 3.744135318382647 0.46009070310979083
v -0.7012246629910077 3.751509352963371 0.5310537089193869
v -0.6195273154239077 3.628963331612721 0.4603017305044714
v -0.7104051929270087 3.6363373661934455 0.5312647363140673
vt 0.4375 1
vt 0.5625 1
vt 0.4375 0.875
vt 0.5625 0.875
vt 0.4375 1
vt 0.5625 1
vt 0.4375 0.875
vt 0.5625 0.875
vt 0.4375 1
vt 0.5625 1
vt 0.4375 0.875
vt 0.5625 0.875
vt 0.4375 1
vt 0.5625 1
vt 0.4375 0.875
vt 0.5625 0.875
vt 0.4375 1
vt 0.5625 1
vt 0.4375 0.875
vt 0.5625 0.875
vt 0.4375 1
vt 0.5625 1
vt 0.4375 0.875
vt 0.5625 0.875
vn 0.7865660924854931 -0.06382373494380081 -0.6141989197401165
vn 0.7865660924854931 -0.06382373494380081 -0.6141989197401165
vn 0.7865660924854931 -0.06382373494380081 -0.6141989197401165
vn 0.7865660924854931 -0.06382373494380081 -0.6141989197401165
vn -0.7865660924854931 0.06382373494380081 0.6141989197401165
vn -0.7865660924854931 0.06382373494380081 0.6141989197401165
vn -0.7865660924854931 0.06382373494380081 0.6141989197401165
vn -0.7865660924854931 0.06382373494380081 0.6141989197401165
vn 0.07945931129894547 0.9968364368360202 -0.001826484044321957
vn 0.07945931129894547 0.9968364368360202 -0.001826484044321957
vn 0.07945931129894547 0.9968364368360202 -0.001826484044321957
vn 0.07945931129894547 0.9968364368360202 -0.001826484044321957
vn -0.07945931129894547 -0.9968364368360202 0.001826484044321957
vn -0.07945931129894547 -0.9968364368360202 0.001826484044321957
vn -0.07945931129894547 -0.9968364368360202 0.001826484044321957
vn -0.07945931129894547 -0.9968364368360202 0.001826484044321957
vn 0.6123724356957944 -0.04736717274537656 0.7891491309924313
vn 0.6123724356957944 -0.04736717274537656 0.7891491309924313
vn 0.6123724356957944 -0.04736717274537656 0.7891491309924313
vn 0.6123724356957944 -0.04736717274537656 0.7891491309924313
vn -0.6123724356957944 0.04736717274537656 -0.7891491309924313
vn -0.6123724356957944 0.04736717274537656 -0.7891491309924313
vn -0.6123724356957944 0.04736717274537656 -0.7891491309924313
vn -0.6123724356957944 0.04736717274537656 -0.7891491309924313
f 2689/2689/2689 2691/2691/2691 2690/2690/2690
f 2691/2691/2691 2692/2692/2692 2690/2690/2690
f 2693/2693/2693 2695/2695/2695 2694/2694/2694
f 2695/2695/2695 2696/2696/2696 2694/2694/2694
f 2697/2697/2697 2699/2699/2699 2698/2698/2698
f 2699/2699/2699 2700/2700/2700 2698/2698/2698
f 2701/2701/2701 2703/2703/2703 2702/2702/2702
f 2703/2703/2703 2704/2704/2704 2702/2702/2702
f 2705/2705/2705 2707/2707/2707 2706/2706/2706
f 2707/2707/2707 2708/2708/2708 2706/2706/2706
f 2709/2709/2709 2711/2711/2711 2710/2710/2710
f 2711/2711/2711 2712/2712/2712 2710/2710/2710
o meteor_fragment_0_104
usemtl meteor_iron
v 1.3244056951461491 2.8846395865332752 0.04156914813526834
v 1.3244056951461491 2.8458167282252154 -0.1033197315654585
v 1.3504529228312123 2.7419518944787464 0.07980219999114008
v 1.3504529228312123 2.7031290361706866 -0.06508667970958676
v 1.1766845263244063 2.820657038300981 -0.09657821296844246
v 1.1766845263244063 2.8594798966090407 0.048310666732284374
v 1.2027317540094695 2.677969346246452 -0.05834516111257072
v 1.2027317540094695 2.716792204554512 0.08654371858815611
v 1.1766845263244063 2.820657038300981 -0.09657821296844246
v 1.3244056951461491 2.8458167282252154 -0.1033197315654585
v 1.1766845263244063 2.8594798966090407 0.048310666732284374
v 1.3244056951461491 2.8846395865332752 0.04156914813526834
v 1.2027317540094695 2.716792204554512 0.08654371858815611
v 1.3504529228312123 2.7419518944787464 0.07980219999114008
v 1.2027317540094695 2.677969346246452 -0.05834516111257072
v 1.3504529228312123 2.7031290361706866 -0.06508667970958676
v 1.1766845263244063 2.8594798966090407 0.048310666732284374
v 1.3244056951461491 2.8846395865332752 0.04156914813526834
v 1.2027317540094695 2.716792204554512 0.08654371858815611
v 1.3504529228312123 2.7419518944787464 0.07980219999114008
v 1.3244056951461491 2.8458167282252154 -0.1033197315654585
v 1.1766845263244063 2.820657038300981 -0.09657821296844246
v 1.3504529228312123 2.7031290361706866 -0.06508667970958676
v 1.2027317540094695 2.677969346246452 -0.05834516111257072
vt 0.125 1.0625
vt 0.25 1.0625
vt 0.125 0.9375
vt 0.25 0.9375
vt 0.125 1.0625
vt 0.25 1.0625
vt 0.125 0.9375
vt 0.25 0.9375
vt 0.125 1.0625
vt 0.25 1.0625
vt 0.125 0.9375
vt 0.25 0.9375
vt 0.125 1.0625
vt 0.25 1.0625
vt 0.125 0.9375
vt 0.25 0.9375
vt 0.125 1.0625
vt 0.25 1.0625
vt 0.125 0.9375
vt 0.25 0.9375
vt 0.125 1.0625
vt 0.25 1.0625
vt 0.125 0.9375
vt 0.25 0.9375
vn 0.9848077530122081 0.16773125949652062 -0.04494345552754777
vn 0.9848077530122081 0.16773125949652062 -0.04494345552754777
vn 0.9848077530122081 0.16773125949652062 -0.04494345552754777
vn 0.9848077530122081 0.16773125949652062 -0.04494345552754777
vn -0.9848077530122081 -0.16773125949652062 0.04494345552754777
vn -0.9848077530122081 -0.16773125949652062 0.04494345552754777
vn -0.9848077530122081 -0.16773125949652062 0.04494345552754777
vn -0.9848077530122081 -0.16773125949652062 0.04494345552754777
vn -0.17364817766693036 0.9512512425641979 -0.25488700224417876
vn -0.17364817766693036 0.9512512425641979 -0.25488700224417876
vn -0.17364817766693036 0.9512512425641979 -0.25488700224417876
vn -0.17364817766693036 0.9512512425641979 -0.25488700224417876
vn 0.17364817766693036 -0.9512512425641979 0.25488700224417876
vn 0.17364817766693036 -0.9512512425641979 0.25488700224417876
vn 0.17364817766693036 -0.9512512425641979 0.25488700224417876
vn 0.17364817766693036 -0.9512512425641979 0.25488700224417876
vn 6.938893903907228e-18 0.2588190451025207 0.9659258262890683
vn 6.938893903907228e-18 0.2588190451025207 0.9659258262890683
vn 6.938893903907228e-18 0.2588190451025207 0.9659258262890683
vn 6.938893903907228e-18 0.2588190451025207 0.9659258262890683
vn -6.938893903907228e-18 -0.2588190451025207 -0.9659258262890683
vn -6.938893903907228e-18 -0.2588190451025207 -0.9659258262890683
vn -6.938893903907228e-18 -0.2588190451025207 -0.9659258262890683
vn -6.938893903907228e-18 -0.2588190451025207 -0.9659258262890683
f 2713/2713/2713 2715/2715/2715 2714/2714/2714
f 2715/2715/2715 2716/2716/2716 2714/2714/2714
f 2717/2717/2717 2719/2719/2719 2718/2718/2718
f 2719/2719/2719 2720/2720/2720 2718/2718/2718
f 2721/2721/2721 2723/2723/2723 2722/2722/2722
f 2723/2723/2723 2724/2724/2724 2722/2722/2722
f 2725/2725/2725 2727/2727/2727 2726/2726/2726
f 2727/2727/2727 2728/2728/2728 2726/2726/2726
f 2729/2729/2729 2731/2731/2731 2730/2730/2730
f 2731/2731/2731 2732/2732/2732 2730/2730/2730
f 2733/2733/2733 2735/2735/2735 2734/2734/2734
f 2735/2735/2735 2736/2736/2736 2734/2734/2734
o meteor_fragment_0_105
usemtl meteor_iron_dark
v 1.3524950228482753 2.8981287537318012 0.0083639540754517
v 1.3524950228482753 2.874101286724943 -0.08130777357132815
v 1.368615652062561 2.8098193411192534 0.032026389869050716
v 1.368615652062561 2.785791874112395 -0.05764533777772913
v 1.2610703914644987 2.8585299546308343 -0.07713544771163491
v 1.2610703914644987 2.8825574216376926 0.012536279935144924
v 1.2771910206787844 2.7702205420182864 -0.053473011918035905
v 1.2771910206787844 2.7942480090251447 0.03619871572874394
v 1.2610703914644987 2.8585299546308343 -0.07713544771163491
v 1.3524950228482753 2.874101286724943 -0.08130777357132815
v 1.2610703914644987 2.8825574216376926 0.012536279935144924
v 1.3524950228482753 2.8981287537318012 0.0083639540754517
v 1.2771910206787844 2.7942480090251447 0.03619871572874394
v 1.368615652062561 2.8098193411192534 0.032026389869050716
v 1.2771910206787844 2.7702205420182864 -0.053473011918035905
v 1.368615652062561 2.785791874112395 -0.05764533777772913
v 1.2610703914644987 2.8825574216376926 0.012536279935144924
v 1.3524950228482753 2.8981287537318012 0.0083639540754517
v 1.2771910206787844 2.7942480090251447 0.03619871572874394
v 1.368615652062561 2.8098193411192534 0.032026389869050716
v 1.3524950228482753 2.874101286724943 -0.08130777357132815
v 1.2610703914644987 2.8585299546308343 -0.07713544771163491
v 1.368615652062561 2.785791874112395 -0.05764533777772913
v 1.2771910206787844 2.7702205420182864 -0.053473011918035905
vt 0.6875 0.0625
vt 0.75 0.0625
vt 0.6875 0
vt 0.75 0
vt 0.6875 0.0625
vt 0.75 0.0625
vt 0.6875 0
vt 0.75 0
vt 0.6875 0.0625
vt 0.75 0.0625
vt 0.6875 0
vt 0.75 0
vt 0.6875 0.0625
vt 0.75 0.0625
vt 0.6875 0
vt 0.75 0
vt 0.6875 0.0625
vt 0.75 0.0625
vt 0.6875 0
vt 0.75 0
vt 0.6875 0.0625
vt 0.75 0.0625
vt 0.6875 0
vt 0.75 0
vn 0.9848077530122082 0.16773125949652062 -0.04494345552754777
vn 0.9848077530122082 0.16773125949652062 -0.04494345552754777
vn 0.9848077530122082 0.16773125949652062 -0.04494345552754777
vn 0.9848077530122082 0.16773125949652062 -0.04494345552754777
vn -0.9848077530122082 -0.16773125949652062 0.04494345552754777
vn -0.9848077530122082 -0.16773125949652062 0.04494345552754777
vn -0.9848077530122082 -0.16773125949652062 0.04494345552754777
vn -0.9848077530122082 -0.16773125949652062 0.04494345552754777
vn -0.17364817766693033 0.9512512425641978 -0.25488700224417876
vn -0.17364817766693033 0.9512512425641978 -0.25488700224417876
vn -0.17364817766693033 0.9512512425641978 -0.25488700224417876
vn -0.17364817766693033 0.9512512425641978 -0.25488700224417876
vn 0.17364817766693033 -0.9512512425641978 0.25488700224417876
vn 0.17364817766693033 -0.9512512425641978 0.25488700224417876
vn 0.17364817766693033 -0.9512512425641978 0.25488700224417876
vn 0.17364817766693033 -0.9512512425641978 0.25488700224417876
vn 6.521564328976294e-18 0.2588190451025207 0.9659258262890684
vn 6.521564328976294e-18 0.2588190451025207 0.9659258262890684
vn 6.521564328976294e-18 0.2588190451025207 0.9659258262890684
vn 6.521564328976294e-18 0.2588190451025207 0.9659258262890684
vn -6.521564328976294e-18 -0.2588190451025207 -0.9659258262890684
vn -6.521564328976294e-18 -0.2588190451025207 -0.9659258262890684
vn -6.521564328976294e-18 -0.2588190451025207 -0.9659258262890684
vn -6.521564328976294e-18 -0.2588190451025207 -0.9659258262890684
f 2737/2737/2737 2739/2739/2739 2738/2738/2738
f 2739/2739/2739 2740/2740/2740 2738/2738/2738
f 2741/2741/2741 2743/2743/2743 2742/2742/2742
f 2743/2743/2743 2744/2744/2744 2742/2742/2742
f 2745/2745/2745 2747/2747/2747 2746/2746/2746
f 2747/2747/2747 2748/2748/2748 2746/2746/2746
f 2749/2749/2749 2751/2751/2751 2750/2750/2750
f 2751/2751/2751 2752/2752/2752 2750/2750/2750
f 2753/2753/2753 2755/2755/2755 2754/2754/2754
f 2755/2755/2755 2756/2756/2756 2754/2754/2754
f 2757/2757/2757 2759/2759/2759 2758/2758/2758
f 2759/2759/2759 2760/2760/2760 2758/2758/2758
o meteor_fragment_0_106
usemtl cosmic_vein_blue
v 1.2721992996223355 2.8655959644350566 -0.007575308616402505
v 1.2721992996223355 2.8538966960839227 -0.051237572514216526
v 1.2994539237577154 2.7162941092544726 0.032430002907703356
v 1.2994539237577154 2.7045948409033387 -0.011232260990110664
v 1.2276835253979033 2.8463148235252547 -0.04920601588500574
v 1.2276835253979033 2.8580140918763886 -0.00554375198719172
v 1.2549381495332832 2.6970129683446706 -0.00920070436089988
v 1.2549381495332832 2.7087122366958045 0.03446155953691414
v 1.2276835253979033 2.8463148235252547 -0.04920601588500574
v 1.2721992996223355 2.8538966960839227 -0.051237572514216526
v 1.2276835253979033 2.8580140918763886 -0.00554375198719172
v 1.2721992996223355 2.8655959644350566 -0.007575308616402505
v 1.2549381495332832 2.7087122366958045 0.03446155953691414
v 1.2994539237577154 2.7162941092544726 0.032430002907703356
v 1.2549381495332832 2.6970129683446706 -0.00920070436089988
v 1.2994539237577154 2.7045948409033387 -0.011232260990110664
v 1.2276835253979033 2.8580140918763886 -0.00554375198719172
v 1.2721992996223355 2.8655959644350566 -0.007575308616402505
v 1.2549381495332832 2.7087122366958045 0.03446155953691414
v 1.2994539237577154 2.7162941092544726 0.032430002907703356
v 1.2721992996223355 2.8538966960839227 -0.051237572514216526
v 1.2276835253979033 2.8463148235252547 -0.04920601588500574
v 1.2994539237577154 2.7045948409033387 -0.011232260990110664
v 1.2549381495332832 2.6970129683446706 -0.00920070436089988
vt 0.3125 0.375
vt 0.375 0.375
vt 0.3125 0.1875
vt 0.375 0.1875
vt 0.3125 0.375
vt 0.375 0.375
vt 0.3125 0.1875
vt 0.375 0.1875
vt 0.3125 0.25
vt 0.375 0.25
vt 0.3125 0.1875
vt 0.375 0.1875
vt 0.3125 0.25
vt 0.375 0.25
vt 0.3125 0.1875
vt 0.375 0.1875
vt 0.3125 0.375
vt 0.375 0.375
vt 0.3125 0.1875
vt 0.375 0.1875
vt 0.3125 0.375
vt 0.375 0.375
vt 0.3125 0.1875
vt 0.375 0.1875
vn 0.984807753012208 0.1677312594965206 -0.04494345552754776
vn 0.984807753012208 0.1677312594965206 -0.04494345552754776
vn 0.984807753012208 0.1677312594965206 -0.04494345552754776
vn 0.984807753012208 0.1677312594965206 -0.04494345552754776
vn -0.984807753012208 -0.1677312594965206 0.04494345552754776
vn -0.984807753012208 -0.1677312594965206 0.04494345552754776
vn -0.984807753012208 -0.1677312594965206 0.04494345552754776
vn -0.984807753012208 -0.1677312594965206 0.04494345552754776
vn -0.1736481776669303 0.9512512425641976 -0.2548870022441787
vn -0.1736481776669303 0.9512512425641976 -0.2548870022441787
vn -0.1736481776669303 0.9512512425641976 -0.2548870022441787
vn -0.1736481776669303 0.9512512425641976 -0.2548870022441787
vn 0.1736481776669303 -0.9512512425641976 0.2548870022441787
vn 0.1736481776669303 -0.9512512425641976 0.2548870022441787
vn 0.1736481776669303 -0.9512512425641976 0.2548870022441787
vn 0.1736481776669303 -0.9512512425641976 0.2548870022441787
vn 0 0.2588190451025207 0.9659258262890682
vn 0 0.2588190451025207 0.9659258262890682
vn 0 0.2588190451025207 0.9659258262890682
vn 0 0.2588190451025207 0.9659258262890682
vn 0 -0.2588190451025207 -0.9659258262890682
vn 0 -0.2588190451025207 -0.9659258262890682
vn 0 -0.2588190451025207 -0.9659258262890682
vn 0 -0.2588190451025207 -0.9659258262890682
f 2761/2761/2761 2763/2763/2763 2762/2762/2762
f 2763/2763/2763 2764/2764/2764 2762/2762/2762
f 2765/2765/2765 2767/2767/2767 2766/2766/2766
f 2767/2767/2767 2768/2768/2768 2766/2766/2766
f 2769/2769/2769 2771/2771/2771 2770/2770/2770
f 2771/2771/2771 2772/2772/2772 2770/2770/2770
f 2773/2773/2773 2775/2775/2775 2774/2774/2774
f 2775/2775/2775 2776/2776/2776 2774/2774/2774
f 2777/2777/2777 2779/2779/2779 2778/2778/2778
f 2779/2779/2779 2780/2780/2780 2778/2778/2778
f 2781/2781/2781 2783/2783/2783 2782/2782/2782
f 2783/2783/2783 2784/2784/2784 2782/2782/2782
o meteor_fragment_1_107
usemtl meteor_rock
v 0.6969148460087486 3.273291475761022 1.084406714333781
v 0.6969148460087486 3.221340024531037 0.8905212588165395
v 0.7317703753986585 3.0823515759713387 1.135568906285306
v 0.7317703753986585 3.0304001247413535 0.9416834507680646
v 0.49923931586660164 3.187672168504345 0.8995425336497789
v 0.49923931586660164 3.2396236197343304 1.0934279891670204
v 0.5340948452565115 2.996732268714662 0.9507047256013039
v 0.5340948452565115 3.048683719944647 1.1445901811185455
v 0.49923931586660164 3.187672168504345 0.8995425336497789
v 0.6969148460087486 3.221340024531037 0.8905212588165395
v 0.49923931586660164 3.2396236197343304 1.0934279891670204
v 0.6969148460087486 3.273291475761022 1.084406714333781
v 0.5340948452565115 3.048683719944647 1.1445901811185455
v 0.7317703753986585 3.0823515759713387 1.135568906285306
v 0.5340948452565115 2.996732268714662 0.9507047256013039
v 0.7317703753986585 3.0304001247413535 0.9416834507680646
v 0.49923931586660164 3.2396236197343304 1.0934279891670204
v 0.6969148460087486 3.273291475761022 1.084406714333781
v 0.5340948452565115 3.048683719944647 1.1445901811185455
v 0.7317703753986585 3.0823515759713387 1.135568906285306
v 0.6969148460087486 3.221340024531037 0.8905212588165395
v 0.49923931586660164 3.187672168504345 0.8995425336497789
v 0.7317703753986585 3.0304001247413535 0.9416834507680646
v 0.5340948452565115 2.996732268714662 0.9507047256013039
vt 0.8125 0.3125
vt 1 0.3125
vt 0.8125 0.125
vt 1 0.125
vt 0.8125 0.3125
vt 1 0.3125
vt 0.8125 0.125
vt 1 0.125
vt 0.8125 0.3125
vt 1 0.3125
vt 0.8125 0.125
vt 1 0.125
vt 0.8125 0.3125
vt 1 0.3125
vt 0.8125 0.125
vt 1 0.125
vt 0.8125 0.3125
vt 1 0.3125
vt 0.8125 0.125
vt 1 0.125
vt 0.8125 0.3125
vt 1 0.3125
vt 0.8125 0.125
vt 1 0.125
vn 0.9848077530122081 0.16773125949652062 -0.044943455527547777
vn 0.9848077530122081 0.16773125949652062 -0.044943455527547777
vn 0.9848077530122081 0.16773125949652062 -0.044943455527547777
vn 0.9848077530122081 0.16773125949652062 -0.044943455527547777
vn -0.9848077530122081 -0.16773125949652062 0.044943455527547777
vn -0.9848077530122081 -0.16773125949652062 0.044943455527547777
vn -0.9848077530122081 -0.16773125949652062 0.044943455527547777
vn -0.9848077530122081 -0.16773125949652062 0.044943455527547777
vn -0.1736481776669303 0.9512512425641977 -0.25488700224417876
vn -0.1736481776669303 0.9512512425641977 -0.25488700224417876
vn -0.1736481776669303 0.9512512425641977 -0.25488700224417876
vn -0.1736481776669303 0.9512512425641977 -0.25488700224417876
vn 0.1736481776669303 -0.9512512425641977 0.25488700224417876
vn 0.1736481776669303 -0.9512512425641977 0.25488700224417876
vn 0.1736481776669303 -0.9512512425641977 0.25488700224417876
vn 0.1736481776669303 -0.9512512425641977 0.25488700224417876
vn 6.4650328557147604e-18 0.25881904510252074 0.9659258262890683
vn 6.4650328557147604e-18 0.25881904510252074 0.9659258262890683
vn 6.4650328557147604e-18 0.25881904510252074 0.9659258262890683
vn 6.4650328557147604e-18 0.25881904510252074 0.9659258262890683
vn -6.4650328557147604e-18 -0.25881904510252074 -0.9659258262890683
vn -6.4650328557147604e-18 -0.25881904510252074 -0.9659258262890683
vn -6.4650328557147604e-18 -0.25881904510252074 -0.9659258262890683
vn -6.4650328557147604e-18 -0.25881904510252074 -0.9659258262890683
f 2785/2785/2785 2787/2787/2787 2786/2786/2786
f 2787/2787/2787 2788/2788/2788 2786/2786/2786
f 2789/2789/2789 2791/2791/2791 2790/2790/2790
f 2791/2791/2791 2792/2792/2792 2790/2790/2790
f 2793/2793/2793 2795/2795/2795 2794/2794/2794
f 2795/2795/2795 2796/2796/2796 2794/2794/2794
f 2797/2797/2797 2799/2799/2799 2798/2798/2798
f 2799/2799/2799 2800/2800/2800 2798/2798/2798
f 2801/2801/2801 2803/2803/2803 2802/2802/2802
f 2803/2803/2803 2804/2804/2804 2802/2802/2802
f 2805/2805/2805 2807/2807/2807 2806/2806/2806
f 2807/2807/2807 2808/2808/2808 2806/2806/2806
o meteor_fragment_1_108
usemtl meteor_iron_dark
v 0.7293071346998629 3.284108001307558 1.0383225398938885
v 0.7293071346998629 3.2537494976549666 0.925023061820652
v 0.7496754149161784 3.172529796888798 1.0682198296608099
v 0.7496754149161784 3.1421712932362063 0.9549203515875734
v 0.6137928774121935 3.2340752497569345 0.9302947606566193
v 0.6137928774121935 3.2644337534095262 1.0435942387298558
v 0.634161157628509 3.1224970453381746 0.9601920504235408
v 0.634161157628509 3.152855548990766 1.0734915284967774
v 0.6137928774121935 3.2340752497569345 0.9302947606566193
v 0.7293071346998629 3.2537494976549666 0.925023061820652
v 0.6137928774121935 3.2644337534095262 1.0435942387298558
v 0.7293071346998629 3.284108001307558 1.0383225398938885
v 0.634161157628509 3.152855548990766 1.0734915284967774
v 0.7496754149161784 3.172529796888798 1.0682198296608099
v 0.634161157628509 3.1224970453381746 0.9601920504235408
v 0.7496754149161784 3.1421712932362063 0.9549203515875734
v 0.6137928774121935 3.2644337534095262 1.0435942387298558
v 0.7293071346998629 3.284108001307558 1.0383225398938885
v 0.634161157628509 3.152855548990766 1.0734915284967774
v 0.7496754149161784 3.172529796888798 1.0682198296608099
v 0.7293071346998629 3.2537494976549666 0.925023061820652
v 0.6137928774121935 3.2340752497569345 0.9302947606566193
v 0.7496754149161784 3.1421712932362063 0.9549203515875734
v 0.634161157628509 3.1224970453381746 0.9601920504235408
vt 0 0.6875
vt 0.125 0.6875
vt 0 0.5625
vt 0.125 0.5625
vt 0 0.6875
vt 0.125 0.6875
vt 0 0.5625
vt 0.125 0.5625
vt 0 0.6875
vt 0.125 0.6875
vt 0 0.5625
vt 0.125 0.5625
vt 0 0.6875
vt 0.125 0.6875
vt 0 0.5625
vt 0.125 0.5625
vt 0 0.6875
vt 0.125 0.6875
vt 0 0.5625
vt 0.125 0.5625
vt 0 0.6875
vt 0.125 0.6875
vt 0 0.5625
vt 0.125 0.5625
vn 0.9848077530122081 0.1677312594965206 -0.044943455527547756
vn 0.9848077530122081 0.1677312594965206 -0.044943455527547756
vn 0.9848077530122081 0.1677312594965206 -0.044943455527547756
vn 0.9848077530122081 0.1677312594965206 -0.044943455527547756
vn -0.9848077530122081 -0.1677312594965206 0.044943455527547756
vn -0.9848077530122081 -0.1677312594965206 0.044943455527547756
vn -0.9848077530122081 -0.1677312594965206 0.044943455527547756
vn -0.9848077530122081 -0.1677312594965206 0.044943455527547756
vn -0.17364817766693033 0.9512512425641978 -0.2548870022441787
vn -0.17364817766693033 0.9512512425641978 -0.2548870022441787
vn -0.17364817766693033 0.9512512425641978 -0.2548870022441787
vn -0.17364817766693033 0.9512512425641978 -0.2548870022441787
vn 0.17364817766693033 -0.9512512425641978 0.2548870022441787
vn 0.17364817766693033 -0.9512512425641978 0.2548870022441787
vn 0.17364817766693033 -0.9512512425641978 0.2548870022441787
vn 0.17364817766693033 -0.9512512425641978 0.2548870022441787
vn 6.815659956238483e-18 0.2588190451025207 0.9659258262890684
vn 6.815659956238483e-18 0.2588190451025207 0.9659258262890684
vn 6.815659956238483e-18 0.2588190451025207 0.9659258262890684
vn 6.815659956238483e-18 0.2588190451025207 0.9659258262890684
vn -6.815659956238483e-18 -0.2588190451025207 -0.9659258262890684
vn -6.815659956238483e-18 -0.2588190451025207 -0.9659258262890684
vn -6.815659956238483e-18 -0.2588190451025207 -0.9659258262890684
vn -6.815659956238483e-18 -0.2588190451025207 -0.9659258262890684
f 2809/2809/2809 2811/2811/2811 2810/2810/2810
f 2811/2811/2811 2812/2812/2812 2810/2810/2810
f 2813/2813/2813 2815/2815/2815 2814/2814/2814
f 2815/2815/2815 2816/2816/2816 2814/2814/2814
f 2817/2817/2817 2819/2819/2819 2818/2818/2818
f 2819/2819/2819 2820/2820/2820 2818/2818/2818
f 2821/2821/2821 2823/2823/2823 2822/2822/2822
f 2823/2823/2823 2824/2824/2824 2822/2822/2822
f 2825/2825/2825 2827/2827/2827 2826/2826/2826
f 2827/2827/2827 2828/2828/2828 2826/2826/2826
f 2829/2829/2829 2831/2831/2831 2830/2830/2830
f 2831/2831/2831 2832/2832/2832 2830/2830/2830
o meteor_fragment_1_109
usemtl cosmic_vein_violet
v 0.627216877528642 3.2468882468663516 1.0188848023843768
v 0.627216877528642 3.231235113541019 0.9604665135165857
v 0.6633530638396014 3.048932860338977 1.0719267883417776
v 0.6633530638396014 3.0332797270136442 1.0135084994739865
v 0.5676566274256588 3.2210908841367067 0.9631846515933072
v 0.5676566274256588 3.2367440174620397 1.0216029404610985
v 0.6037928137366182 3.0231354976093323 1.016226637550708
v 0.6037928137366182 3.038788630934665 1.0746449264184992
v 0.5676566274256588 3.2210908841367067 0.9631846515933072
v 0.627216877528642 3.231235113541019 0.9604665135165857
v 0.5676566274256588 3.2367440174620397 1.0216029404610985
v 0.627216877528642 3.2468882468663516 1.0188848023843768
v 0.6037928137366182 3.038788630934665 1.0746449264184992
v 0.6633530638396014 3.048932860338977 1.0719267883417776
v 0.6037928137366182 3.0231354976093323 1.016226637550708
v 0.6633530638396014 3.0332797270136442 1.0135084994739865
v 0.5676566274256588 3.2367440174620397 1.0216029404610985
v 0.627216877528642 3.2468882468663516 1.0188848023843768
v 0.6037928137366182 3.038788630934665 1.0746449264184992
v 0.6633530638396014 3.048932860338977 1.0719267883417776
v 0.627216877528642 3.231235113541019 0.9604665135165857
v 0.5676566274256588 3.2210908841367067 0.9631846515933072
v 0.6633530638396014 3.0332797270136442 1.0135084994739865
v 0.6037928137366182 3.0231354976093323 1.016226637550708
vt 0.4375 0.625
vt 0.5 0.625
vt 0.4375 0.4375
vt 0.5 0.4375
vt 0.4375 0.625
vt 0.5 0.625
vt 0.4375 0.4375
vt 0.5 0.4375
vt 0.4375 0.5
vt 0.5 0.5
vt 0.4375 0.4375
vt 0.5 0.4375
vt 0.4375 0.5
vt 0.5 0.5
vt 0.4375 0.4375
vt 0.5 0.4375
vt 0.4375 0.625
vt 0.5 0.625
vt 0.4375 0.4375
vt 0.5 0.4375
vt 0.4375 0.625
vt 0.5 0.625
vt 0.4375 0.4375
vt 0.5 0.4375
vn 0.9848077530122081 0.16773125949652062 -0.04494345552754777
vn 0.9848077530122081 0.16773125949652062 -0.04494345552754777
vn 0.9848077530122081 0.16773125949652062 -0.04494345552754777
vn 0.9848077530122081 0.16773125949652062 -0.04494345552754777
vn -0.9848077530122081 -0.16773125949652062 0.04494345552754777
vn -0.9848077530122081 -0.16773125949652062 0.04494345552754777
vn -0.9848077530122081 -0.16773125949652062 0.04494345552754777
vn -0.9848077530122081 -0.16773125949652062 0.04494345552754777
vn -0.17364817766693036 0.9512512425641978 -0.2548870022441788
vn -0.17364817766693036 0.9512512425641978 -0.2548870022441788
vn -0.17364817766693036 0.9512512425641978 -0.2548870022441788
vn -0.17364817766693036 0.9512512425641978 -0.2548870022441788
vn 0.17364817766693036 -0.9512512425641978 0.2548870022441788
vn 0.17364817766693036 -0.9512512425641978 0.2548870022441788
vn 0.17364817766693036 -0.9512512425641978 0.2548870022441788
vn 0.17364817766693036 -0.9512512425641978 0.2548870022441788
vn 6.409233264611425e-18 0.25881904510252074 0.9659258262890683
vn 6.409233264611425e-18 0.25881904510252074 0.9659258262890683
vn 6.409233264611425e-18 0.25881904510252074 0.9659258262890683
vn 6.409233264611425e-18 0.25881904510252074 0.9659258262890683
vn -6.409233264611425e-18 -0.25881904510252074 -0.9659258262890683
vn -6.409233264611425e-18 -0.25881904510252074 -0.9659258262890683
vn -6.409233264611425e-18 -0.25881904510252074 -0.9659258262890683
vn -6.409233264611425e-18 -0.25881904510252074 -0.9659258262890683
f 2833/2833/2833 2835/2835/2835 2834/2834/2834
f 2835/2835/2835 2836/2836/2836 2834/2834/2834
f 2837/2837/2837 2839/2839/2839 2838/2838/2838
f 2839/2839/2839 2840/2840/2840 2838/2838/2838
f 2841/2841/2841 2843/2843/2843 2842/2842/2842
f 2843/2843/2843 2844/2844/2844 2842/2842/2842
f 2845/2845/2845 2847/2847/2847 2846/2846/2846
f 2847/2847/2847 2848/2848/2848 2846/2846/2846
f 2849/2849/2849 2851/2851/2851 2850/2850/2850
f 2851/2851/2851 2852/2852/2852 2850/2850/2850
f 2853/2853/2853 2855/2855/2855 2854/2854/2854
f 2855/2855/2855 2856/2856/2856 2854/2854/2854
o meteor_fragment_2_110
usemtl meteor_iron
v -0.5504382904037417 3.269530125598108 1.1061103845993236
v -0.5504382904037417 3.2072307646046534 0.8736060040926761
v -0.5086400892626994 3.0405580090658613 1.167463278313384
v -0.5086400892626994 2.9782586480724063 0.9349588978067366
v -0.7874876686276588 3.1668568026300954 0.8844241745990037
v -0.7874876686276588 3.2291561636235504 1.1169285551056514
v -0.7456894674866166 2.9378846860978487 0.9457770683130642
v -0.7456894674866166 3.0001840470913033 1.1782814488197118
v -0.7874876686276588 3.1668568026300954 0.8844241745990037
v -0.5504382904037417 3.2072307646046534 0.8736060040926761
v -0.7874876686276588 3.2291561636235504 1.1169285551056514
v -0.5504382904037417 3.269530125598108 1.1061103845993236
v -0.7456894674866166 3.0001840470913033 1.1782814488197118
v -0.5086400892626994 3.0405580090658613 1.167463278313384
v -0.7456894674866166 2.9378846860978487 0.9457770683130642
v -0.5086400892626994 2.9782586480724063 0.9349588978067366
v -0.7874876686276588 3.2291561636235504 1.1169285551056514
v -0.5504382904037417 3.269530125598108 1.1061103845993236
v -0.7456894674866166 3.0001840470913033 1.1782814488197118
v -0.5086400892626994 3.0405580090658613 1.167463278313384
v -0.5504382904037417 3.2072307646046534 0.8736060040926761
v -0.7874876686276588 3.1668568026300954 0.8844241745990037
v -0.5086400892626994 2.9782586480724063 0.9349588978067366
v -0.7456894674866166 2.9378846860978487 0.9457770683130642
vt 0.3125 0.625
vt 0.5625 0.625
vt 0.3125 0.375
vt 0.5625 0.375
vt 0.3125 0.625
vt 0.5625 0.625
vt 0.3125 0.375
vt 0.5625 0.375
vt 0.3125 0.625
vt 0.5625 0.625
vt 0.3125 0.375
vt 0.5625 0.375
vt 0.3125 0.625
vt 0.5625 0.625
vt 0.3125 0.375
vt 0.5625 0.375
vt 0.3125 0.625
vt 0.5625 0.625
vt 0.3125 0.375
vt 0.5625 0.375
vt 0.3125 0.625
vt 0.5625 0.625
vt 0.3125 0.375
vt 0.5625 0.375
vn 0.9848077530122081 0.16773125949652068 -0.04494345552754778
vn 0.9848077530122081 0.16773125949652068 -0.04494345552754778
vn 0.9848077530122081 0.16773125949652068 -0.04494345552754778
vn 0.9848077530122081 0.16773125949652068 -0.04494345552754778
vn -0.9848077530122081 -0.16773125949652068 0.04494345552754778
vn -0.9848077530122081 -0.16773125949652068 0.04494345552754778
vn -0.9848077530122081 -0.16773125949652068 0.04494345552754778
vn -0.9848077530122081 -0.16773125949652068 0.04494345552754778
vn -0.17364817766693033 0.9512512425641979 -0.2548870022441788
vn -0.17364817766693033 0.9512512425641979 -0.2548870022441788
vn -0.17364817766693033 0.9512512425641979 -0.2548870022441788
vn -0.17364817766693033 0.9512512425641979 -0.2548870022441788
vn 0.17364817766693033 -0.9512512425641979 0.2548870022441788
vn 0.17364817766693033 -0.9512512425641979 0.2548870022441788
vn 0.17364817766693033 -0.9512512425641979 0.2548870022441788
vn 0.17364817766693033 -0.9512512425641979 0.2548870022441788
vn 6.755270453619333e-18 0.25881904510252063 0.9659258262890683
vn 6.755270453619333e-18 0.25881904510252063 0.9659258262890683
vn 6.755270453619333e-18 0.25881904510252063 0.9659258262890683
vn 6.755270453619333e-18 0.25881904510252063 0.9659258262890683
vn -6.755270453619333e-18 -0.25881904510252063 -0.9659258262890683
vn -6.755270453619333e-18 -0.25881904510252063 -0.9659258262890683
vn -6.755270453619333e-18 -0.25881904510252063 -0.9659258262890683
vn -6.755270453619333e-18 -0.25881904510252063 -0.9659258262890683
f 2857/2857/2857 2859/2859/2859 2858/2858/2858
f 2859/2859/2859 2860/2860/2860 2858/2858/2858
f 2861/2861/2861 2863/2863/2863 2862/2862/2862
f 2863/2863/2863 2864/2864/2864 2862/2862/2862
f 2865/2865/2865 2867/2867/2867 2866/2866/2866
f 2867/2867/2867 2868/2868/2868 2866/2866/2866
f 2869/2869/2869 2871/2871/2871 2870/2870/2870
f 2871/2871/2871 2872/2872/2872 2870/2870/2870
f 2873/2873/2873 2875/2875/2875 2874/2874/2874
f 2875/2875/2875 2876/2876/2876 2874/2874/2874
f 2877/2877/2877 2879/2879/2879 2878/2878/2878
f 2879/2879/2879 2880/2880/2880 2878/2878/2878
o meteor_fragment_2_111
usemtl meteor_iron_dark
v -0.506483675693855 3.290004461691536 1.0531083619310138
v -0.506483675693855 3.2514630711213375 0.9092699341286772
v -0.48062529176150826 3.148351262810708 1.0910642221764166
v -0.48062529176150826 3.10980987224051 0.9472257943740802
v -0.6531338583740681 3.2264857902549853 0.9159625763659416
v -0.6531338583740681 3.2650271808251836 1.059801004168278
v -0.6272754744417214 3.0848325913741577 0.9539184366113446
v -0.6272754744417214 3.123373981944356 1.097756864413681
v -0.6531338583740681 3.2264857902549853 0.9159625763659416
v -0.506483675693855 3.2514630711213375 0.9092699341286772
v -0.6531338583740681 3.2650271808251836 1.059801004168278
v -0.506483675693855 3.290004461691536 1.0531083619310138
v -0.6272754744417214 3.123373981944356 1.097756864413681
v -0.48062529176150826 3.148351262810708 1.0910642221764166
v -0.6272754744417214 3.0848325913741577 0.9539184366113446
v -0.48062529176150826 3.10980987224051 0.9472257943740802
v -0.6531338583740681 3.2650271808251836 1.059801004168278
v -0.506483675693855 3.290004461691536 1.0531083619310138
v -0.6272754744417214 3.123373981944356 1.097756864413681
v -0.48062529176150826 3.148351262810708 1.0910642221764166
v -0.506483675693855 3.2514630711213375 0.9092699341286772
v -0.6531338583740681 3.2264857902549853 0.9159625763659416
v -0.48062529176150826 3.10980987224051 0.9472257943740802
v -0.6272754744417214 3.0848325913741577 0.9539184366113446
vt 0 0.125
vt 0.125 0.125
vt 0 0
vt 0.125 0
vt 0 0.125
vt 0.125 0.125
vt 0 0
vt 0.125 0
vt 0 0.125
vt 0.125 0.125
vt 0 0
vt 0.125 0
vt 0 0.125
vt 0.125 0.125
vt 0 0
vt 0.125 0
vt 0 0.125
vt 0.125 0.125
vt 0 0
vt 0.125 0
vt 0 0.125
vt 0.125 0.125
vt 0 0
vt 0.125 0
vn 0.9848077530122081 0.16773125949652065 -0.044943455527547777
vn 0.9848077530122081 0.16773125949652065 -0.044943455527547777
vn 0.9848077530122081 0.16773125949652065 -0.044943455527547777
vn 0.9848077530122081 0.16773125949652065 -0.044943455527547777
vn -0.9848077530122081 -0.16773125949652065 0.044943455527547777
vn -0.9848077530122081 -0.16773125949652065 0.044943455527547777
vn -0.9848077530122081 -0.16773125949652065 0.044943455527547777
vn -0.9848077530122081 -0.16773125949652065 0.044943455527547777
vn -0.17364817766693033 0.9512512425641977 -0.2548870022441787
vn -0.17364817766693033 0.9512512425641977 -0.2548870022441787
vn -0.17364817766693033 0.9512512425641977 -0.2548870022441787
vn -0.17364817766693033 0.9512512425641977 -0.2548870022441787
vn 0.17364817766693033 -0.9512512425641977 0.2548870022441787
vn 0.17364817766693033 -0.9512512425641977 0.2548870022441787
vn 0.17364817766693033 -0.9512512425641977 0.2548870022441787
vn 0.17364817766693033 -0.9512512425641977 0.2548870022441787
vn -6.35415297626632e-18 0.25881904510252074 0.9659258262890682
vn -6.35415297626632e-18 0.25881904510252074 0.9659258262890682
vn -6.35415297626632e-18 0.25881904510252074 0.9659258262890682
vn -6.35415297626632e-18 0.25881904510252074 0.9659258262890682
vn 6.35415297626632e-18 -0.25881904510252074 -0.9659258262890682
vn 6.35415297626632e-18 -0.25881904510252074 -0.9659258262890682
vn 6.35415297626632e-18 -0.25881904510252074 -0.9659258262890682
vn 6.35415297626632e-18 -0.25881904510252074 -0.9659258262890682
f 2881/2881/2881 2883/2883/2883 2882/2882/2882
f 2883/2883/2883 2884/2884/2884 2882/2882/2882
f 2885/2885/2885 2887/2887/2887 2886/2886/2886
f 2887/2887/2887 2888/2888/2888 2886/2886/2886
f 2889/2889/2889 2891/2891/2891 2890/2890/2890
f 2891/2891/2891 2892/2892/2892 2890/2890/2890
f 2893/2893/2893 2895/2895/2895 2894/2894/2894
f 2895/2895/2895 2896/2896/2896 2894/2894/2894
f 2897/2897/2897 2899/2899/2899 2898/2898/2898
f 2899/2899/2899 2900/2900/2900 2898/2898/2898
f 2901/2901/2901 2903/2903/2903 2902/2902/2902
f 2903/2903/2903 2904/2904/2904 2902/2902/2902
o meteor_fragment_2_112
usemtl cosmic_vein_blue
v -0.633892908090409 3.2371973411248938 1.0277207904077237
v -0.633892908090409 3.2184245489715626 0.9576597762915618
v -0.5908042823509269 3.0011562301511625 1.09096781547368
v -0.5908042823509269 2.982383437997832 1.020906801357518
v -0.7053234755394314 3.206258581544794 0.9609196374387078
v -0.7053234755394314 3.225031373698125 1.0309806515548698
v -0.6622348497999493 2.970217470571063 1.0241666625046641
v -0.6622348497999493 2.988990262724394 1.094227676620826
v -0.7053234755394314 3.206258581544794 0.9609196374387078
v -0.633892908090409 3.2184245489715626 0.9576597762915618
v -0.7053234755394314 3.225031373698125 1.0309806515548698
v -0.633892908090409 3.2371973411248938 1.0277207904077237
v -0.6622348497999493 2.988990262724394 1.094227676620826
v -0.5908042823509269 3.0011562301511625 1.09096781547368
v -0.6622348497999493 2.970217470571063 1.0241666625046641
v -0.5908042823509269 2.982383437997832 1.020906801357518
v -0.7053234755394314 3.225031373698125 1.0309806515548698
v -0.633892908090409 3.2371973411248938 1.0277207904077237
v -0.6622348497999493 2.988990262724394 1.094227676620826
v -0.5908042823509269 3.0011562301511625 1.09096781547368
v -0.633892908090409 3.2184245489715626 0.9576597762915618
v -0.7053234755394314 3.206258581544794 0.9609196374387078
v -0.5908042823509269 2.982383437997832 1.020906801357518
v -0.6622348497999493 2.970217470571063 1.0241666625046641
vt 0 0.625
vt 0.0625 0.625
vt 0 0.375
vt 0.0625 0.375
vt 0 0.625
vt 0.0625 0.625
vt 0 0.375
vt 0.0625 0.375
vt 0 0.4375
vt 0.0625 0.4375
vt 0 0.375
vt 0.0625 0.375
vt 0 0.4375
vt 0.0625 0.4375
vt 0 0.375
vt 0.0625 0.375
vt 0 0.625
vt 0.0625 0.625
vt 0 0.375
vt 0.0625 0.375
vt 0 0.625
vt 0.0625 0.625
vt 0 0.375
vt 0.0625 0.375
vn 0.984807753012208 0.16773125949652062 -0.04494345552754777
vn 0.984807753012208 0.16773125949652062 -0.04494345552754777
vn 0.984807753012208 0.16773125949652062 -0.04494345552754777
vn 0.984807753012208 0.16773125949652062 -0.04494345552754777
vn -0.984807753012208 -0.16773125949652062 0.04494345552754777
vn -0.984807753012208 -0.16773125949652062 0.04494345552754777
vn -0.984807753012208 -0.16773125949652062 0.04494345552754777
vn -0.984807753012208 -0.16773125949652062 0.04494345552754777
vn -0.17364817766693033 0.9512512425641978 -0.2548870022441787
vn -0.17364817766693033 0.9512512425641978 -0.2548870022441787
vn -0.17364817766693033 0.9512512425641978 -0.2548870022441787
vn -0.17364817766693033 0.9512512425641978 -0.2548870022441787
vn 0.17364817766693033 -0.9512512425641978 0.2548870022441787
vn 0.17364817766693033 -0.9512512425641978 0.2548870022441787
vn 0.17364817766693033 -0.9512512425641978 0.2548870022441787
vn 0.17364817766693033 -0.9512512425641978 0.2548870022441787
vn 0 0.2588190451025207 0.9659258262890682
vn 0 0.2588190451025207 0.9659258262890682
vn 0 0.2588190451025207 0.9659258262890682
vn 0 0.2588190451025207 0.9659258262890682
vn 0 -0.2588190451025207 -0.9659258262890682
vn 0 -0.2588190451025207 -0.9659258262890682
vn 0 -0.2588190451025207 -0.9659258262890682
vn 0 -0.2588190451025207 -0.9659258262890682
f 2905/2905/2905 2907/2907/2907 2906/2906/2906
f 2907/2907/2907 2908/2908/2908 2906/2906/2906
f 2909/2909/2909 2911/2911/2911 2910/2910/2910
f 2911/2911/2911 2912/2912/2912 2910/2910/2910
f 2913/2913/2913 2915/2915/2915 2914/2914/2914
f 2915/2915/2915 2916/2916/2916 2914/2914/2914
f 2917/2917/2917 2919/2919/2919 2918/2918/2918
f 2919/2919/2919 2920/2920/2920 2918/2918/2918
f 2921/2921/2921 2923/2923/2923 2922/2922/2922
f 2923/2923/2923 2924/2924/2924 2922/2922/2922
f 2925/2925/2925 2927/2927/2927 2926/2926/2926
f 2927/2927/2927 2928/2928/2928 2926/2926/2926
o meteor_fragment_3_113
usemtl meteor_rock
v -1.134602257341238 2.470426526239073 0.15640066610802195
v -1.134602257341238 2.429681936444764 0.0043397868621091185
v -1.107265691885764 2.320675793427845 0.19652625403075935
v -1.107265691885764 2.2799312036335357 0.04446537478484651
v -1.2896356240196571 2.40327684186928 0.011415010629677438
v -1.2896356240196571 2.444021431663589 0.16347588987559025
v -1.2622990585641831 2.253526109058052 0.05154059855241483
v -1.2622990585641831 2.294270698852361 0.20360147779832766
v -1.2896356240196571 2.40327684186928 0.011415010629677438
v -1.134602257341238 2.429681936444764 0.0043397868621091185
v -1.2896356240196571 2.444021431663589 0.16347588987559025
v -1.134602257341238 2.470426526239073 0.15640066610802195
v -1.2622990585641831 2.294270698852361 0.20360147779832766
v -1.107265691885764 2.320675793427845 0.19652625403075935
v -1.2622990585641831 2.253526109058052 0.05154059855241483
v -1.107265691885764 2.2799312036335357 0.04446537478484651
v -1.2896356240196571 2.444021431663589 0.16347588987559025
v -1.134602257341238 2.470426526239073 0.15640066610802195
v -1.2622990585641831 2.294270698852361 0.20360147779832766
v -1.107265691885764 2.320675793427845 0.19652625403075935
v -1.134602257341238 2.429681936444764 0.0043397868621091185
v -1.2896356240196571 2.40327684186928 0.011415010629677438
v -1.107265691885764 2.2799312036335357 0.04446537478484651
v -1.2622990585641831 2.253526109058052 0.05154059855241483
vt 0.125 1.0625
vt 0.25 1.0625
vt 0.125 0.9375
vt 0.25 0.9375
vt 0.125 1.0625
vt 0.25 1.0625
vt 0.125 0.9375
vt 0.25 0.9375
vt 0.125 1.0625
vt 0.25 1.0625
vt 0.125 0.9375
vt 0.25 0.9375
vt 0.125 1.0625
vt 0.25 1.0625
vt 0.125 0.9375
vt 0.25 0.9375
vt 0.125 1.0625
vt 0.25 1.0625
vt 0.125 0.9375
vt 0.25 0.9375
vt 0.125 1.0625
vt 0.25 1.0625
vt 0.125 0.9375
vt 0.25 0.9375
vn 0.9848077530122079 0.1677312594965206 -0.044943455527547756
vn 0.9848077530122079 0.1677312594965206 -0.044943455527547756
vn 0.9848077530122079 0.1677312594965206 -0.044943455527547756
vn 0.9848077530122079 0.1677312594965206 -0.044943455527547756
vn -0.9848077530122079 -0.1677312594965206 0.044943455527547756
vn -0.9848077530122079 -0.1677312594965206 0.044943455527547756
vn -0.9848077530122079 -0.1677312594965206 0.044943455527547756
vn -0.9848077530122079 -0.1677312594965206 0.044943455527547756
vn -0.17364817766693033 0.9512512425641977 -0.2548870022441787
vn -0.17364817766693033 0.9512512425641977 -0.2548870022441787
vn -0.17364817766693033 0.9512512425641977 -0.2548870022441787
vn -0.17364817766693033 0.9512512425641977 -0.2548870022441787
vn 0.17364817766693033 -0.9512512425641977 0.2548870022441787
vn 0.17364817766693033 -0.9512512425641977 0.2548870022441787
vn 0.17364817766693033 -0.9512512425641977 0.2548870022441787
vn 0.17364817766693033 -0.9512512425641977 0.2548870022441787
vn -6.299779680387041e-18 0.2588190451025207 0.9659258262890682
vn -6.299779680387041e-18 0.2588190451025207 0.9659258262890682
vn -6.299779680387041e-18 0.2588190451025207 0.9659258262890682
vn -6.299779680387041e-18 0.2588190451025207 0.9659258262890682
vn 6.299779680387041e-18 -0.2588190451025207 -0.9659258262890682
vn 6.299779680387041e-18 -0.2588190451025207 -0.9659258262890682
vn 6.299779680387041e-18 -0.2588190451025207 -0.9659258262890682
vn 6.299779680387041e-18 -0.2588190451025207 -0.9659258262890682
f 2929/2929/2929 2931/2931/2931 2930/2930/2930
f 2931/2931/2931 2932/2932/2932 2930/2930/2930
f 2933/2933/2933 2935/2935/2935 2934/2934/2934
f 2935/2935/2935 2936/2936/2936 2934/2934/2934
f 2937/2937/2937 2939/2939/2939 2938/2938/2938
f 2939/2939/2939 2940/2940/2940 2938/2938/2938
f 2941/2941/2941 2943/2943/2943 2942/2942/2942
f 2943/2943/2943 2944/2944/2944 2942/2942/2942
f 2945/2945/2945 2947/2947/2947 2946/2946/2946
f 2947/2947/2947 2948/2948/2948 2946/2946/2946
f 2949/2949/2949 2951/2951/2951 2950/2950/2950
f 2951/2951/2951 2952/2952/2952 2950/2950/2950
o meteor_fragment_3_114
usemtl meteor_iron_dark
v -1.1098528793233136 2.4782425953417255 0.12045282425935211
v -1.1098528793233136 2.4544247717697307 0.031563496562956206
v -1.0938729051385272 2.390703696266272 0.1439088015729294
v -1.0938729051385272 2.366885872694277 0.05501947387653351
v -1.2004798163954529 2.438989302001213 0.03569941822222554
v -1.2004798163954529 2.462807125573208 0.12458874591862144
v -1.1844998422106665 2.3514504029257597 0.059155395535802846
v -1.1844998422106665 2.3752682264977545 0.14804472323219875
v -1.2004798163954529 2.438989302001213 0.03569941822222554
v -1.1098528793233136 2.4544247717697307 0.031563496562956206
v -1.2004798163954529 2.462807125573208 0.12458874591862144
v -1.1098528793233136 2.4782425953417255 0.12045282425935211
v -1.1844998422106665 2.3752682264977545 0.14804472323219875
v -1.0938729051385272 2.390703696266272 0.1439088015729294
v -1.1844998422106665 2.3514504029257597 0.059155395535802846
v -1.0938729051385272 2.366885872694277 0.05501947387653351
v -1.2004798163954529 2.462807125573208 0.12458874591862144
v -1.1098528793233136 2.4782425953417255 0.12045282425935211
v -1.1844998422106665 2.3752682264977545 0.14804472323219875
v -1.0938729051385272 2.390703696266272 0.1439088015729294
v -1.1098528793233136 2.4544247717697307 0.031563496562956206
v -1.2004798163954529 2.438989302001213 0.03569941822222554
v -1.0938729051385272 2.366885872694277 0.05501947387653351
v -1.1844998422106665 2.3514504029257597 0.059155395535802846
vt 0.6875 0.0625
vt 0.75 0.0625
vt 0.6875 0
vt 0.75 0
vt 0.6875 0.0625
vt 0.75 0.0625
vt 0.6875 0
vt 0.75 0
vt 0.6875 0.0625
vt 0.75 0.0625
vt 0.6875 0
vt 0.75 0
vt 0.6875 0.0625
vt 0.75 0.0625
vt 0.6875 0
vt 0.75 0
vt 0.6875 0.0625
vt 0.75 0.0625
vt 0.6875 0
vt 0.75 0
vt 0.6875 0.0625
vt 0.75 0.0625
vt 0.6875 0
vt 0.75 0
vn 0.984807753012208 0.1677312594965206 -0.044943455527547756
vn 0.984807753012208 0.1677312594965206 -0.044943455527547756
vn 0.984807753012208 0.1677312594965206 -0.044943455527547756
vn 0.984807753012208 0.1677312594965206 -0.044943455527547756
vn -0.984807753012208 -0.1677312594965206 0.044943455527547756
vn -0.984807753012208 -0.1677312594965206 0.044943455527547756
vn -0.984807753012208 -0.1677312594965206 0.044943455527547756
vn -0.984807753012208 -0.1677312594965206 0.044943455527547756
vn -0.17364817766693033 0.9512512425641978 -0.2548870022441787
vn -0.17364817766693033 0.9512512425641978 -0.2548870022441787
vn -0.17364817766693033 0.9512512425641978 -0.2548870022441787
vn -0.17364817766693033 0.9512512425641978 -0.2548870022441787
vn 0.17364817766693033 -0.9512512425641978 0.2548870022441787
vn 0.17364817766693033 -0.9512512425641978 0.2548870022441787
vn 0.17364817766693033 -0.9512512425641978 0.2548870022441787
vn 0.17364817766693033 -0.9512512425641978 0.2548870022441787
vn 6.6368746278726015e-18 0.2588190451025207 0.9659258262890683
vn 6.6368746278726015e-18 0.2588190451025207 0.9659258262890683
vn 6.6368746278726015e-18 0.2588190451025207 0.9659258262890683
vn 6.6368746278726015e-18 0.2588190451025207 0.9659258262890683
vn -6.6368746278726015e-18 -0.2588190451025207 -0.9659258262890683
vn -6.6368746278726015e-18 -0.2588190451025207 -0.9659258262890683
vn -6.6368746278726015e-18 -0.2588190451025207 -0.9659258262890683
vn -6.6368746278726015e-18 -0.2588190451025207 -0.9659258262890683
f 2953/2953/2953 2955/2955/2955 2954/2954/2954
f 2955/2955/2955 2956/2956/2956 2954/2954/2954
f 2957/2957/2957 2959/2959/2959 2958/2958/2958
f 2959/2959/2959 2960/2960/2960 2958/2958/2958
f 2961/2961/2961 2963/2963/2963 2962/2962/2962
f 2963/2963/2963 2964/2964/2964 2962/2962/2962
f 2965/2965/2965 2967/2967/2967 2966/2966/2966
f 2967/2967/2967 2968/2968/2968 2966/2966/2966
f 2969/2969/2969 2971/2971/2971 2970/2970/2970
f 2971/2971/2971 2972/2972/2972 2970/2970/2970
f 2973/2973/2973 2975/2975/2975 2974/2974/2974
f 2975/2975/2975 2976/2976/2976 2974/2974/2974
o meteor_fragment_3_115
usemtl cosmic_vein_violet
v -1.1893947832917544 2.450421553028984 0.10482337852967097
v -1.1893947832917544 2.438145765231975 0.059009514768301144
v -1.1607970990322318 2.2937623640191926 0.14680008171175918
v -1.1607970990322318 2.281486576222184 0.10098621795038934
v -1.2361042168731893 2.430190271277932 0.06114118294867761
v -1.2361042168731893 2.442466059074941 0.10695504671004744
v -1.2075065326136667 2.273531082268141 0.1031178861307658
v -1.2075065326136667 2.2858068700651497 0.14893174989213565
v -1.2361042168731893 2.430190271277932 0.06114118294867761
v -1.1893947832917544 2.438145765231975 0.059009514768301144
v -1.2361042168731893 2.442466059074941 0.10695504671004744
v -1.1893947832917544 2.450421553028984 0.10482337852967097
v -1.2075065326136667 2.2858068700651497 0.14893174989213565
v -1.1607970990322318 2.2937623640191926 0.14680008171175918
v -1.2075065326136667 2.273531082268141 0.1031178861307658
v -1.1607970990322318 2.281486576222184 0.10098621795038934
v -1.2361042168731893 2.442466059074941 0.10695504671004744
v -1.1893947832917544 2.450421553028984 0.10482337852967097
v -1.2075065326136667 2.2858068700651497 0.14893174989213565
v -1.1607970990322318 2.2937623640191926 0.14680008171175918
v -1.1893947832917544 2.438145765231975 0.059009514768301144
v -1.2361042168731893 2.430190271277932 0.06114118294867761
v -1.1607970990322318 2.281486576222184 0.10098621795038934
v -1.2075065326136667 2.273531082268141 0.1031178861307658
vt 0.3125 0.375
vt 0.375 0.375
vt 0.3125 0.1875
vt 0.375 0.1875
vt 0.3125 0.375
vt 0.375 0.375
vt 0.3125 0.1875
vt 0.375 0.1875
vt 0.3125 0.25
vt 0.375 0.25
vt 0.3125 0.1875
vt 0.375 0.1875
vt 0.3125 0.25
vt 0.375 0.25
vt 0.3125 0.1875
vt 0.375 0.1875
vt 0.3125 0.375
vt 0.375 0.375
vt 0.3125 0.1875
vt 0.375 0.1875
vt 0.3125 0.375
vt 0.375 0.375
vt 0.3125 0.1875
vt 0.375 0.1875
vn 0.984807753012208 0.16773125949652062 -0.04494345552754777
vn 0.984807753012208 0.16773125949652062 -0.04494345552754777
vn 0.984807753012208 0.16773125949652062 -0.04494345552754777
vn 0.984807753012208 0.16773125949652062 -0.04494345552754777
vn -0.984807753012208 -0.16773125949652062 0.04494345552754777
vn -0.984807753012208 -0.16773125949652062 0.04494345552754777
vn -0.984807753012208 -0.16773125949652062 0.04494345552754777
vn -0.984807753012208 -0.16773125949652062 0.04494345552754777
vn -0.17364817766693033 0.9512512425641979 -0.25488700224417876
vn -0.17364817766693033 0.9512512425641979 -0.25488700224417876
vn -0.17364817766693033 0.9512512425641979 -0.25488700224417876
vn -0.17364817766693033 0.9512512425641979 -0.25488700224417876
vn 0.17364817766693033 -0.9512512425641979 0.25488700224417876
vn 0.17364817766693033 -0.9512512425641979 0.25488700224417876
vn 0.17364817766693033 -0.9512512425641979 0.25488700224417876
vn 0.17364817766693033 -0.9512512425641979 0.25488700224417876
vn 6.246101328909863e-18 0.25881904510252074 0.9659258262890682
vn 6.246101328909863e-18 0.25881904510252074 0.9659258262890682
vn 6.246101328909863e-18 0.25881904510252074 0.9659258262890682
vn 6.246101328909863e-18 0.25881904510252074 0.9659258262890682
vn -6.246101328909863e-18 -0.25881904510252074 -0.9659258262890682
vn -6.246101328909863e-18 -0.25881904510252074 -0.9659258262890682
vn -6.246101328909863e-18 -0.25881904510252074 -0.9659258262890682
vn -6.246101328909863e-18 -0.25881904510252074 -0.9659258262890682
f 2977/2977/2977 2979/2979/2979 2978/2978/2978
f 2979/2979/2979 2980/2980/2980 2978/2978/2978
f 2981/2981/2981 2983/2983/2983 2982/2982/2982
f 2983/2983/2983 2984/2984/2984 2982/2982/2982
f 2985/2985/2985 2987/2987/2987 2986/2986/2986
f 2987/2987/2987 2988/2988/2988 2986/2986/2986
f 2989/2989/2989 2991/2991/2991 2990/2990/2990
f 2991/2991/2991 2992/2992/2992 2990/2990/2990
f 2993/2993/2993 2995/2995/2995 2994/2994/2994
f 2995/2995/2995 2996/2996/2996 2994/2994/2994
f 2997/2997/2997 2999/2999/2999 2998/2998/2998
f 2999/2999/2999 3000/3000/3000 2998/2998/2998
o meteor_fragment_4_116
usemtl meteor_iron
v -0.5348020749895092 2.5020664605983605 -0.9512854774828636
v -0.5348020749895092 2.4505663250643885 -1.1434865998923298
v -0.5002493446000907 2.31278530511187 -0.9005677447278287
v -0.5002493446000907 2.261285169577898 -1.0927688671372948
v -0.7307603466651703 2.4171909504124462 -1.1345436952072558
v -0.7307603466651703 2.468691085946418 -0.9423425727977895
v -0.6962076162757519 2.2279097949259556 -1.0838259624522208
v -0.6962076162757519 2.2794099304599276 -0.8916248400427547
v -0.7307603466651703 2.4171909504124462 -1.1345436952072558
v -0.5348020749895092 2.4505663250643885 -1.1434865998923298
v -0.7307603466651703 2.468691085946418 -0.9423425727977895
v -0.5348020749895092 2.5020664605983605 -0.9512854774828636
v -0.6962076162757519 2.2794099304599276 -0.8916248400427547
v -0.5002493446000907 2.31278530511187 -0.9005677447278287
v -0.6962076162757519 2.2279097949259556 -1.0838259624522208
v -0.5002493446000907 2.261285169577898 -1.0927688671372948
v -0.7307603466651703 2.468691085946418 -0.9423425727977895
v -0.5348020749895092 2.5020664605983605 -0.9512854774828636
v -0.6962076162757519 2.2794099304599276 -0.8916248400427547
v -0.5002493446000907 2.31278530511187 -0.9005677447278287
v -0.5348020749895092 2.4505663250643885 -1.1434865998923298
v -0.7307603466651703 2.4171909504124462 -1.1345436952072558
v -0.5002493446000907 2.261285169577898 -1.0927688671372948
v -0.6962076162757519 2.2279097949259556 -1.0838259624522208
vt 0.8125 0.3125
vt 1 0.3125
vt 0.8125 0.125
vt 1 0.125
vt 0.8125 0.3125
vt 1 0.3125
vt 0.8125 0.125
vt 1 0.125
vt 0.8125 0.3125
vt 1 0.3125
vt 0.8125 0.125
vt 1 0.125
vt 0.8125 0.3125
vt 1 0.3125
vt 0.8125 0.125
vt 1 0.125
vt 0.8125 0.3125
vt 1 0.3125
vt 0.8125 0.125
vt 1 0.125
vt 0.8125 0.3125
vt 1 0.3125
vt 0.8125 0.125
vt 1 0.125
vn 0.9848077530122079 0.1677312594965206 -0.044943455527547756
vn 0.9848077530122079 0.1677312594965206 -0.044943455527547756
vn 0.9848077530122079 0.1677312594965206 -0.044943455527547756
vn 0.9848077530122079 0.1677312594965206 -0.044943455527547756
vn -0.9848077530122079 -0.1677312594965206 0.044943455527547756
vn -0.9848077530122079 -0.1677312594965206 0.044943455527547756
vn -0.9848077530122079 -0.1677312594965206 0.044943455527547756
vn -0.9848077530122079 -0.1677312594965206 0.044943455527547756
vn -0.17364817766693033 0.9512512425641978 -0.2548870022441787
vn -0.17364817766693033 0.9512512425641978 -0.2548870022441787
vn -0.17364817766693033 0.9512512425641978 -0.2548870022441787
vn -0.17364817766693033 0.9512512425641978 -0.2548870022441787
vn 0.17364817766693033 -0.9512512425641978 0.2548870022441787
vn 0.17364817766693033 -0.9512512425641978 0.2548870022441787
vn 0.17364817766693033 -0.9512512425641978 0.2548870022441787
vn 0.17364817766693033 -0.9512512425641978 0.2548870022441787
vn 6.5788405399939015e-18 0.2588190451025207 0.9659258262890683
vn 6.5788405399939015e-18 0.2588190451025207 0.9659258262890683
vn 6.5788405399939015e-18 0.2588190451025207 0.9659258262890683
vn 6.5788405399939015e-18 0.2588190451025207 0.9659258262890683
vn -6.5788405399939015e-18 -0.2588190451025207 -0.9659258262890683
vn -6.5788405399939015e-18 -0.2588190451025207 -0.9659258262890683
vn -6.5788405399939015e-18 -0.2588190451025207 -0.9659258262890683
vn -6.5788405399939015e-18 -0.2588190451025207 -0.9659258262890683
f 3001/3001/3001 3003/3003/3003 3002/3002/3002
f 3003/3003/3003 3004/3004/3004 3002/3002/3002
f 3005/3005/3005 3007/3007/3007 3006/3006/3006
f 3007/3007/3007 3008/3008/3008 3006/3006/3006
f 3009/3009/3009 3011/3011/3011 3010/3010/3010
f 3011/3011/3011 3012/3012/3012 3010/3010/3010
f 3013/3013/3013 3015/3015/3015 3014/3014/3014
f 3015/3015/3015 3016/3016/3016 3014/3014/3014
f 3017/3017/3017 3019/3019/3019 3018/3018/3018
f 3019/3019/3019 3020/3020/3020 3018/3018/3018
f 3021/3021/3021 3023/3023/3023 3022/3022/3022
f 3023/3023/3023 3024/3024/3024 3022/3022/3022
o meteor_fragment_4_117
usemtl meteor_iron_dark
v -0.5021268944215138 2.513363494391971 -0.9971373511835318
v -0.5021268944215138 2.483275780167401 -1.1094262293532409
v -0.4819402936124796 2.402780536593398 -0.9675067369447592
v -0.4819402936124796 2.372692822368828 -1.0797956151144683
v -0.6166107965896698 2.4637770211009666 -1.104201552607981
v -0.6166107965896698 2.4938647353255368 -0.9919126744382717
v -0.5964241957806355 2.353194063302394 -1.0745709383692084
v -0.5964241957806355 2.383281777526964 -0.9622820601994992
v -0.6166107965896698 2.4637770211009666 -1.104201552607981
v -0.5021268944215138 2.483275780167401 -1.1094262293532409
v -0.6166107965896698 2.4938647353255368 -0.9919126744382717
v -0.5021268944215138 2.513363494391971 -0.9971373511835318
v -0.5964241957806355 2.383281777526964 -0.9622820601994992
v -0.4819402936124796 2.402780536593398 -0.9675067369447592
v -0.5964241957806355 2.353194063302394 -1.0745709383692084
v -0.4819402936124796 2.372692822368828 -1.0797956151144683
v -0.6166107965896698 2.4938647353255368 -0.9919126744382717
v -0.5021268944215138 2.513363494391971 -0.9971373511835318
v -0.5964241957806355 2.383281777526964 -0.9622820601994992
v -0.4819402936124796 2.402780536593398 -0.9675067369447592
v -0.5021268944215138 2.483275780167401 -1.1094262293532409
v -0.6166107965896698 2.4637770211009666 -1.104201552607981
v -0.4819402936124796 2.372692822368828 -1.0797956151144683
v -0.5964241957806355 2.353194063302394 -1.0745709383692084
vt 0 0.6875
vt 0.125 0.6875
vt 0 0.5625
vt 0.125 0.5625
vt 0 0.6875
vt 0.125 0.6875
vt 0 0.5625
vt 0.125 0.5625
vt 0 0.6875
vt 0.125 0.6875
vt 0 0.5625
vt 0.125 0.5625
vt 0 0.6875
vt 0.125 0.6875
vt 0 0.5625
vt 0.125 0.5625
vt 0 0.6875
vt 0.125 0.6875
vt 0 0.5625
vt 0.125 0.5625
vt 0 0.6875
vt 0.125 0.6875
vt 0 0.5625
vt 0.125 0.5625
vn 0.9848077530122081 0.16773125949652062 -0.04494345552754777
vn 0.9848077530122081 0.16773125949652062 -0.04494345552754777
vn 0.9848077530122081 0.16773125949652062 -0.04494345552754777
vn 0.9848077530122081 0.16773125949652062 -0.04494345552754777
vn -0.9848077530122081 -0.16773125949652062 0.04494345552754777
vn -0.9848077530122081 -0.16773125949652062 0.04494345552754777
vn -0.9848077530122081 -0.16773125949652062 0.04494345552754777
vn -0.9848077530122081 -0.16773125949652062 0.04494345552754777
vn -0.17364817766693036 0.9512512425641979 -0.25488700224417876
vn -0.17364817766693036 0.9512512425641979 -0.25488700224417876
vn -0.17364817766693036 0.9512512425641979 -0.25488700224417876
vn -0.17364817766693036 0.9512512425641979 -0.25488700224417876
vn 0.17364817766693036 -0.9512512425641979 0.25488700224417876
vn 0.17364817766693036 -0.9512512425641979 0.25488700224417876
vn 0.17364817766693036 -0.9512512425641979 0.25488700224417876
vn 0.17364817766693036 -0.9512512425641979 0.25488700224417876
vn 6.938893903907228e-18 0.2588190451025207 0.9659258262890683
vn 6.938893903907228e-18 0.2588190451025207 0.9659258262890683
vn 6.938893903907228e-18 0.2588190451025207 0.9659258262890683
vn 6.938893903907228e-18 0.2588190451025207 0.9659258262890683
vn -6.938893903907228e-18 -0.2588190451025207 -0.9659258262890683
vn -6.938893903907228e-18 -0.2588190451025207 -0.9659258262890683
vn -6.938893903907228e-18 -0.2588190451025207 -0.9659258262890683
vn -6.938893903907228e-18 -0.2588190451025207 -0.9659258262890683
f 3025/3025/3025 3027/3027/3027 3026/3026/3026
f 3027/3027/3027 3028/3028/3028 3026/3026/3026
f 3029/3029/3029 3031/3031/3031 3030/3030/3030
f 3031/3031/3031 3032/3032/3032 3030/3030/3030
f 3033/3033/3033 3035/3035/3035 3034/3034/3034
f 3035/3035/3035 3036/3036/3036 3034/3034/3034
f 3037/3037/3037 3039/3039/3039 3038/3038/3038
f 3039/3039/3039 3040/3040/3040 3038/3038/3038
f 3041/3041/3041 3043/3043/3043 3042/3042/3042
f 3043/3043/3043 3044/3044/3044 3042/3042/3042
f 3045/3045/3045 3047/3047/3047 3046/3046/3046
f 3047/3047/3047 3048/3048/3048 3046/3046/3046
o meteor_fragment_4_118
usemtl cosmic_vein_blue
v -0.6038941191542679 2.4758968066946982 -1.0162381336984747
v -0.6038941191542679 2.460379068083376 -1.0741511226145022
v -0.5680704995677667 2.2796536724294536 -0.9636549443519501
v -0.5680704995677667 2.2641359338181313 -1.0215679332679777
v -0.6629391916974944 2.4503225830948625 -1.0714564955831345
v -0.6629391916974944 2.465840321706185 -1.0135435066671068
v -0.6271155721109931 2.254079448829618 -1.0188733062366098
v -0.6271155721109931 2.26959718744094 -0.9609603173205822
v -0.6629391916974944 2.4503225830948625 -1.0714564955831345
v -0.6038941191542679 2.460379068083376 -1.0741511226145022
v -0.6629391916974944 2.465840321706185 -1.0135435066671068
v -0.6038941191542679 2.4758968066946982 -1.0162381336984747
v -0.6271155721109931 2.26959718744094 -0.9609603173205822
v -0.5680704995677667 2.2796536724294536 -0.9636549443519501
v -0.6271155721109931 2.254079448829618 -1.0188733062366098
v -0.5680704995677667 2.2641359338181313 -1.0215679332679777
v -0.6629391916974944 2.465840321706185 -1.0135435066671068
v -0.6038941191542679 2.4758968066946982 -1.0162381336984747
v -0.6271155721109931 2.26959718744094 -0.9609603173205822
v -0.5680704995677667 2.2796536724294536 -0.9636549443519501
v -0.6038941191542679 2.460379068083376 -1.0741511226145022
v -0.6629391916974944 2.4503225830948625 -1.0714564955831345
v -0.5680704995677667 2.2641359338181313 -1.0215679332679777
v -0.6271155721109931 2.254079448829618 -1.0188733062366098
vt 0.4375 0.625
vt 0.5 0.625
vt 0.4375 0.4375
vt 0.5 0.4375
vt 0.4375 0.625
vt 0.5 0.625
vt 0.4375 0.4375
vt 0.5 0.4375
vt 0.4375 0.5
vt 0.5 0.5
vt 0.4375 0.4375
vt 0.5 0.4375
vt 0.4375 0.5
vt 0.5 0.5
vt 0.4375 0.4375
vt 0.5 0.4375
vt 0.4375 0.625
vt 0.5 0.625
vt 0.4375 0.4375
vt 0.5 0.4375
vt 0.4375 0.625
vt 0.5 0.625
vt 0.4375 0.4375
vt 0.5 0.4375
vn 0.9848077530122082 0.16773125949652062 -0.04494345552754777
vn 0.9848077530122082 0.16773125949652062 -0.04494345552754777
vn 0.9848077530122082 0.16773125949652062 -0.04494345552754777
vn 0.9848077530122082 0.16773125949652062 -0.04494345552754777
vn -0.9848077530122082 -0.16773125949652062 0.04494345552754777
vn -0.9848077530122082 -0.16773125949652062 0.04494345552754777
vn -0.9848077530122082 -0.16773125949652062 0.04494345552754777
vn -0.9848077530122082 -0.16773125949652062 0.04494345552754777
vn -0.17364817766693033 0.9512512425641978 -0.25488700224417876
vn -0.17364817766693033 0.9512512425641978 -0.25488700224417876
vn -0.17364817766693033 0.9512512425641978 -0.25488700224417876
vn -0.17364817766693033 0.9512512425641978 -0.25488700224417876
vn 0.17364817766693033 -0.9512512425641978 0.25488700224417876
vn 0.17364817766693033 -0.9512512425641978 0.25488700224417876
vn 0.17364817766693033 -0.9512512425641978 0.25488700224417876
vn 0.17364817766693033 -0.9512512425641978 0.25488700224417876
vn 6.521564328976294e-18 0.2588190451025207 0.9659258262890684
vn 6.521564328976294e-18 0.2588190451025207 0.9659258262890684
vn 6.521564328976294e-18 0.2588190451025207 0.9659258262890684
vn 6.521564328976294e-18 0.2588190451025207 0.9659258262890684
vn -6.521564328976294e-18 -0.2588190451025207 -0.9659258262890684
vn -6.521564328976294e-18 -0.2588190451025207 -0.9659258262890684
vn -6.521564328976294e-18 -0.2588190451025207 -0.9659258262890684
vn -6.521564328976294e-18 -0.2588190451025207 -0.9659258262890684
f 3049/3049/3049 3051/3051/3051 3050/3050/3050
f 3051/3051/3051 3052/3052/3052 3050/3050/3050
f 3053/3053/3053 3055/3055/3055 3054/3054/3054
f 3055/3055/3055 3056/3056/3056 3054/3054/3054
f 3057/3057/3057 3059/3059/3059 3058/3058/3058
f 3059/3059/3059 3060/3060/3060 3058/3058/3058
f 3061/3061/3061 3063/3063/3063 3062/3062/3062
f 3063/3063/3063 3064/3064/3064 3062/3062/3062
f 3065/3065/3065 3067/3067/3067 3066/3066/3066
f 3067/3067/3067 3068/3068/3068 3066/3066/3066
f 3069/3069/3069 3071/3071/3071 3070/3070/3070
f 3071/3071/3071 3072/3072/3072 3070/3070/3070
o meteor_fragment_5_119
usemtl meteor_rock
v 0.6797044740762463 2.9173620044786728 -1.042071583570801
v 0.6797044740762463 2.855615869187183 -1.2725112976496638
v 0.7211315022421831 2.6904231874518922 -0.9812635108172008
v 0.7211315022421831 2.6286770521604024 -1.2117032248960635
v 0.44476012239797824 2.8156004327753 -1.2617891937783208
v 0.44476012239797824 2.87734656806679 -1.031349479699458
v 0.48618715056391504 2.5886616157485194 -1.2009811210247205
v 0.48618715056391504 2.6504077510400093 -0.9705414069458578
v 0.44476012239797824 2.8156004327753 -1.2617891937783208
v 0.6797044740762463 2.855615869187183 -1.2725112976496638
v 0.44476012239797824 2.87734656806679 -1.031349479699458
v 0.6797044740762463 2.9173620044786728 -1.042071583570801
v 0.48618715056391504 2.6504077510400093 -0.9705414069458578
v 0.7211315022421831 2.6904231874518922 -0.9812635108172008
v 0.48618715056391504 2.5886616157485194 -1.2009811210247205
v 0.7211315022421831 2.6286770521604024 -1.2117032248960635
v 0.44476012239797824 2.87734656806679 -1.031349479699458
v 0.6797044740762463 2.9173620044786728 -1.042071583570801
v 0.48618715056391504 2.6504077510400093 -0.9705414069458578
v 0.7211315022421831 2.6904231874518922 -0.9812635108172008
v 0.6797044740762463 2.855615869187183 -1.2725112976496638
v 0.44476012239797824 2.8156004327753 -1.2617891937783208
v 0.7211315022421831 2.6286770521604024 -1.2117032248960635
v 0.48618715056391504 2.5886616157485194 -1.2009811210247205
vt 0.3125 0.625
vt 0.5625 0.625
vt 0.3125 0.375
vt 0.5625 0.375
vt 0.3125 0.625
vt 0.5625 0.625
vt 0.3125 0.375
vt 0.5625 0.375
vt 0.3125 0.625
vt 0.5625 0.625
vt 0.3125 0.375
vt 0.5625 0.375
vt 0.3125 0.625
vt 0.5625 0.625
vt 0.3125 0.375
vt 0.5625 0.375
vt 0.3125 0.625
vt 0.5625 0.625
vt 0.3125 0.375
vt 0.5625 0.375
vt 0.3125 0.625
vt 0.5625 0.625
vt 0.3125 0.375
vt 0.5625 0.375
vn 0.984807753012208 0.1677312594965206 -0.04494345552754776
vn 0.984807753012208 0.1677312594965206 -0.04494345552754776
vn 0.984807753012208 0.1677312594965206 -0.04494345552754776
vn 0.984807753012208 0.1677312594965206 -0.04494345552754776
vn -0.984807753012208 -0.1677312594965206 0.04494345552754776
vn -0.984807753012208 -0.1677312594965206 0.04494345552754776
vn -0.984807753012208 -0.1677312594965206 0.04494345552754776
vn -0.984807753012208 -0.1677312594965206 0.04494345552754776
vn -0.1736481776669303 0.9512512425641976 -0.2548870022441787
vn -0.1736481776669303 0.9512512425641976 -0.2548870022441787
vn -0.1736481776669303 0.9512512425641976 -0.2548870022441787
vn -0.1736481776669303 0.9512512425641976 -0.2548870022441787
vn 0.1736481776669303 -0.9512512425641976 0.2548870022441787
vn 0.1736481776669303 -0.9512512425641976 0.2548870022441787
vn 0.1736481776669303 -0.9512512425641976 0.2548870022441787
vn 0.1736481776669303 -0.9512512425641976 0.2548870022441787
vn 0 0.2588190451025207 0.9659258262890682
vn 0 0.2588190451025207 0.9659258262890682
vn 0 0.2588190451025207 0.9659258262890682
vn 0 0.2588190451025207 0.9659258262890682
vn 0 -0.2588190451025207 -0.9659258262890682
vn 0 -0.2588190451025207 -0.9659258262890682
vn 0 -0.2588190451025207 -0.9659258262890682
vn 0 -0.2588190451025207 -0.9659258262890682
f 3073/3073/3073 3075/3075/3075 3074/3074/3074
f 3075/3075/3075 3076/3076/3076 3074/3074/3074
f 3077/3077/3077 3079/3079/3079 3078/3078/3078
f 3079/3079/3079 3080/3080/3080 3078/3078/3078
f 3081/3081/3081 3083/3083/3083 3082/3082/3082
f 3083/3083/3083 3084/3084/3084 3082/3082/3082
f 3085/3085/3085 3087/3087/3087 3086/3086/3086
f 3087/3087/3087 3088/3088/3088 3086/3086/3086
f 3089/3089/3089 3091/3091/3091 3090/3090/3090
f 3091/3091/3091 3092/3092/3092 3090/3090/3090
f 3093/3093/3093 3095/3095/3095 3094/3094/3094
f 3095/3095/3095 3096/3096/3096 3094/3094/3094
o meteor_fragment_5_120
usemtl meteor_iron_dark
v 0.7240058595002418 2.938425350726122 -1.0947888504726428
v 0.7240058595002418 2.900215895577102 -1.2373884784183087
v 0.7496415396475253 2.797992131548574 -1.0571598828035162
v 0.7496415396475253 2.759782676399554 -1.1997595107491819
v 0.578618692747418 2.875453730048355 -1.230753476162035
v 0.578618692747418 2.913663185197375 -1.0881538482163693
v 0.6042543728947015 2.735020510870807 -1.1931245084929083
v 0.6042543728947015 2.773229966019827 -1.0505248805472425
v 0.578618692747418 2.875453730048355 -1.230753476162035
v 0.7240058595002418 2.900215895577102 -1.2373884784183087
v 0.578618692747418 2.913663185197375 -1.0881538482163693
v 0.7240058595002418 2.938425350726122 -1.0947888504726428
v 0.6042543728947015 2.773229966019827 -1.0505248805472425
v 0.7496415396475253 2.797992131548574 -1.0571598828035162
v 0.6042543728947015 2.735020510870807 -1.1931245084929083
v 0.7496415396475253 2.759782676399554 -1.1997595107491819
v 0.578618692747418 2.913663185197375 -1.0881538482163693
v 0.7240058595002418 2.938425350726122 -1.0947888504726428
v 0.6042543728947015 2.773229966019827 -1.0505248805472425
v 0.7496415396475253 2.797992131548574 -1.0571598828035162
v 0.7240058595002418 2.900215895577102 -1.2373884784183087
v 0.578618692747418 2.875453730048355 -1.230753476162035
v 0.7496415396475253 2.759782676399554 -1.1997595107491819
v 0.6042543728947015 2.735020510870807 -1.1931245084929083
vt 0 0.125
vt 0.125 0.125
vt 0 0
vt 0.125 0
vt 0 0.125
vt 0.125 0.125
vt 0 0
vt 0.125 0
vt 0 0.125
vt 0.125 0.125
vt 0 0
vt 0.125 0
vt 0 0.125
vt 0.125 0.125
vt 0 0
vt 0.125 0
vt 0 0.125
vt 0.125 0.125
vt 0 0
vt 0.125 0
vt 0 0.125
vt 0.125 0.125
vt 0 0
vt 0.125 0
vn 0.9848077530122081 0.16773125949652062 -0.044943455527547777
vn 0.9848077530122081 0.16773125949652062 -0.044943455527547777
vn 0.9848077530122081 0.16773125949652062 -0.044943455527547777
vn 0.9848077530122081 0.16773125949652062 -0.044943455527547777
vn -0.9848077530122081 -0.16773125949652062 0.044943455527547777
vn -0.9848077530122081 -0.16773125949652062 0.044943455527547777
vn -0.9848077530122081 -0.16773125949652062 0.044943455527547777
vn -0.9848077530122081 -0.16773125949652062 0.044943455527547777
vn -0.1736481776669303 0.9512512425641977 -0.25488700224417876
vn -0.1736481776669303 0.9512512425641977 -0.25488700224417876
vn -0.1736481776669303 0.9512512425641977 -0.25488700224417876
vn -0.1736481776669303 0.9512512425641977 -0.25488700224417876
vn 0.1736481776669303 -0.9512512425641977 0.25488700224417876
vn 0.1736481776669303 -0.9512512425641977 0.25488700224417876
vn 0.1736481776669303 -0.9512512425641977 0.25488700224417876
vn 0.1736481776669303 -0.9512512425641977 0.25488700224417876
vn 6.4650328557147604e-18 0.25881904510252074 0.9659258262890683
vn 6.4650328557147604e-18 0.25881904510252074 0.9659258262890683
vn 6.4650328557147604e-18 0.25881904510252074 0.9659258262890683
vn 6.4650328557147604e-18 0.25881904510252074 0.9659258262890683
vn -6.4650328557147604e-18 -0.25881904510252074 -0.9659258262890683
vn -6.4650328557147604e-18 -0.25881904510252074 -0.9659258262890683
vn -6.4650328557147604e-18 -0.25881904510252074 -0.9659258262890683
vn -6.4650328557147604e-18 -0.25881904510252074 -0.9659258262890683
f 3097/3097/3097 3099/3099/3099 3098/3098/3098
f 3099/3099/3099 3100/3100/3100 3098/3098/3098
f 3101/3101/3101 3103/3103/3103 3102/3102/3102
f 3103/3103/3103 3104/3104/3104 3102/3102/3102
f 3105/3105/3105 3107/3107/3107 3106/3106/3106
f 3107/3107/3107 3108/3108/3108 3106/3106/3106
f 3109/3109/3109 3111/3111/3111 3110/3110/3110
f 3111/3111/3111 3112/3112/3112 3110/3110/3110
f 3113/3113/3113 3115/3115/3115 3114/3114/3114
f 3115/3115/3115 3116/3116/3116 3114/3114/3114
f 3117/3117/3117 3119/3119/3119 3118/3118/3118
f 3119/3119/3119 3120/3120/3120 3118/3118/3118
o meteor_fragment_5_121
usemtl cosmic_vein_violet
v 0.5969914995425395 2.8853215789686133 -1.1197649991277276
v 0.5969914995425395 2.8667147545258715 -1.1892066133155543
v 0.6396991845829496 2.6513672754592865 -1.057077132436618
v 0.6396991845829496 2.6327604510165448 -1.1265187466244444
v 0.5261924400572118 2.8546563447679056 -1.1859755721589036
v 0.5261924400572118 2.8732631692106474 -1.1165339579710771
v 0.5689001250976219 2.620702041258579 -1.1232877054677939
v 0.5689001250976219 2.6393088657013206 -1.0538460912799672
v 0.5261924400572118 2.8546563447679056 -1.1859755721589036
v 0.5969914995425395 2.8667147545258715 -1.1892066133155543
v 0.5261924400572118 2.8732631692106474 -1.1165339579710771
v 0.5969914995425395 2.8853215789686133 -1.1197649991277276
v 0.5689001250976219 2.6393088657013206 -1.0538460912799672
v 0.6396991845829496 2.6513672754592865 -1.057077132436618
v 0.5689001250976219 2.620702041258579 -1.1232877054677939
v 0.6396991845829496 2.6327604510165448 -1.1265187466244444
v 0.5261924400572118 2.8732631692106474 -1.1165339579710771
v 0.5969914995425395 2.8853215789686133 -1.1197649991277276
v 0.5689001250976219 2.6393088657013206 -1.0538460912799672
v 0.6396991845829496 2.6513672754592865 -1.057077132436618
v 0.5969914995425395 2.8667147545258715 -1.1892066133155543
v 0.5261924400572118 2.8546563447679056 -1.1859755721589036
v 0.6396991845829496 2.6327604510165448 -1.1265187466244444
v 0.5689001250976219 2.620702041258579 -1.1232877054677939
vt 0 0.625
vt 0.0625 0.625
vt 0 0.375
vt 0.0625 0.375
vt 0 0.625
vt 0.0625 0.625
vt 0 0.375
vt 0.0625 0.375
vt 0 0.4375
vt 0.0625 0.4375
vt 0 0.375
vt 0.0625 0.375
vt 0 0.4375
vt 0.0625 0.4375
vt 0 0.375
vt 0.0625 0.375
vt 0 0.625
vt 0.0625 0.625
vt 0 0.375
vt 0.0625 0.375
vt 0 0.625
vt 0.0625 0.625
vt 0 0.375
vt 0.0625 0.375
vn 0.9848077530122081 0.1677312594965206 -0.044943455527547756
vn 0.9848077530122081 0.1677312594965206 -0.044943455527547756
vn 0.9848077530122081 0.1677312594965206 -0.044943455527547756
vn 0.9848077530122081 0.1677312594965206 -0.044943455527547756
vn -0.9848077530122081 -0.1677312594965206 0.044943455527547756
vn -0.9848077530122081 -0.1677312594965206 0.044943455527547756
vn -0.9848077530122081 -0.1677312594965206 0.044943455527547756
vn -0.9848077530122081 -0.1677312594965206 0.044943455527547756
vn -0.17364817766693033 0.9512512425641978 -0.2548870022441787
vn -0.17364817766693033 0.9512512425641978 -0.2548870022441787
vn -0.17364817766693033 0.9512512425641978 -0.2548870022441787
vn -0.17364817766693033 0.9512512425641978 -0.2548870022441787
vn 0.17364817766693033 -0.9512512425641978 0.2548870022441787
vn 0.17364817766693033 -0.9512512425641978 0.2548870022441787
vn 0.17364817766693033 -0.9512512425641978 0.2548870022441787
vn 0.17364817766693033 -0.9512512425641978 0.2548870022441787
vn 6.815659956238483e-18 0.2588190451025207 0.9659258262890684
vn 6.815659956238483e-18 0.2588190451025207 0.9659258262890684
vn 6.815659956238483e-18 0.2588190451025207 0.9659258262890684
vn 6.815659956238483e-18 0.2588190451025207 0.9659258262890684
vn -6.815659956238483e-18 -0.2588190451025207 -0.9659258262890684
vn -6.815659956238483e-18 -0.2588190451025207 -0.9659258262890684
vn -6.815659956238483e-18 -0.2588190451025207 -0.9659258262890684
vn -6.815659956238483e-18 -0.2588190451025207 -0.9659258262890684
f 3121/3121/3121 3123/3123/3123 3122/3122/3122
f 3123/3123/3123 3124/3124/3124 3122/3122/3122
f 3125/3125/3125 3127/3127/3127 3126/3126/3126
f 3127/3127/3127 3128/3128/3128 3126/3126/3126
f 3129/3129/3129 3131/3131/3131 3130/3130/3130
f 3131/3131/3131 3132/3132/3132 3130/3130/3130
f 3133/3133/3133 3135/3135/3135 3134/3134/3134
f 3135/3135/3135 3136/3136/3136 3134/3134/3134
f 3137/3137/3137 3139/3139/3139 3138/3138/3138
f 3139/3139/3139 3140/3140/3140 3138/3138/3138
f 3141/3141/3141 3143/3143/3143 3142/3142/3142
f 3143/3143/3143 3144/3144/3144 3142/3142/3142
o meteor_projectile_122
usemtl meteor_iron
v 0.000260125 2.750260125 0.000260125
v 0.000260125 2.750260125 -0.000260125
v 0.000260125 2.749739875 0.000260125
v 0.000260125 2.749739875 -0.000260125
v -0.000260125 2.750260125 -0.000260125
v -0.000260125 2.750260125 0.000260125
v -0.000260125 2.749739875 -0.000260125
v -0.000260125 2.749739875 0.000260125
v -0.000260125 2.750260125 -0.000260125
v 0.000260125 2.750260125 -0.000260125
v -0.000260125 2.750260125 0.000260125
v 0.000260125 2.750260125 0.000260125
v -0.000260125 2.749739875 0.000260125
v 0.000260125 2.749739875 0.000260125
v -0.000260125 2.749739875 -0.000260125
v 0.000260125 2.749739875 -0.000260125
v -0.000260125 2.750260125 0.000260125
v 0.000260125 2.750260125 0.000260125
v -0.000260125 2.749739875 0.000260125
v 0.000260125 2.749739875 0.000260125
v 0.000260125 2.750260125 -0.000260125
v -0.000260125 2.750260125 -0.000260125
v 0.000260125 2.749739875 -0.000260125
v -0.000260125 2.749739875 -0.000260125
vt 0.125 1.375
vt 0.625 1.375
vt 0.125 0.875
vt 0.625 0.875
vt 0.125 1.375
vt 0.625 1.375
vt 0.125 0.875
vt 0.625 0.875
vt 0.125 1.375
vt 0.625 1.375
vt 0.125 0.875
vt 0.625 0.875
vt 0.125 1.375
vt 0.625 1.375
vt 0.125 0.875
vt 0.625 0.875
vt 0.125 1.375
vt 0.625 1.375
vt 0.125 0.875
vt 0.625 0.875
vt 0.125 1.375
vt 0.625 1.375
vt 0.125 0.875
vt 0.625 0.875
vn 1 0 0
vn 1 0 0
vn 1 0 0
vn 1 0 0
vn -1 0 0
vn -1 0 0
vn -1 0 0
vn -1 0 0
vn 0 1 0
vn 0 1 0
vn 0 1 0
vn 0 1 0
vn 0 -1 0
vn 0 -1 0
vn 0 -1 0
vn 0 -1 0
vn 0 0 1
vn 0 0 1
vn 0 0 1
vn 0 0 1
vn 0 0 -1
vn 0 0 -1
vn 0 0 -1
vn 0 0 -1
f 3145/3145/3145 3147/3147/3147 3146/3146/3146
f 3147/3147/3147 3148/3148/3148 3146/3146/3146
f 3149/3149/3149 3151/3151/3151 3150/3150/3150
f 3151/3151/3151 3152/3152/3152 3150/3150/3150
f 3153/3153/3153 3155/3155/3155 3154/3154/3154
f 3155/3155/3155 3156/3156/3156 3154/3154/3154
f 3157/3157/3157 3159/3159/3159 3158/3158/3158
f 3159/3159/3159 3160/3160/3160 3158/3158/3158
f 3161/3161/3161 3163/3163/3163 3162/3162/3162
f 3163/3163/3163 3164/3164/3164 3162/3162/3162
f 3165/3165/3165 3167/3167/3167 3166/3166/3166
f 3167/3167/3167 3168/3168/3168 3166/3166/3166
o meteor_projectile_123
usemtl meteor_rock
v 0.0004038229291774264 2.7502539844330123 0.0001711300202695151
v 0.0002454635541774264 2.7503477959353617 -0.0000866149641203569
v 0.0004038229291774264 2.749956366160773 0.00006280582800058846
v 0.0002454635541774264 2.7500501776631223 -0.0001949391563892835
v -0.000028822929177426342 2.7502936338392274 0.00006219417199941155
v 0.00012953644582257363 2.750199822336878 0.0003199391563892835
v -0.000028822929177426342 2.749996015566988 -0.00004613002026951509
v 0.00012953644582257363 2.7499022040646386 0.0002116149641203569
v -0.000028822929177426342 2.7502936338392274 0.00006219417199941155
v 0.0002454635541774264 2.7503477959353617 -0.0000866149641203569
v 0.00012953644582257363 2.750199822336878 0.0003199391563892835
v 0.0004038229291774264 2.7502539844330123 0.0001711300202695151
v 0.00012953644582257363 2.7499022040646386 0.0002116149641203569
v 0.0004038229291774264 2.749956366160773 0.00006280582800058846
v -0.000028822929177426342 2.749996015566988 -0.00004613002026951509
v 0.0002454635541774264 2.7500501776631223 -0.0001949391563892835
v 0.00012953644582257363 2.750199822336878 0.0003199391563892835
v 0.0004038229291774264 2.7502539844330123 0.0001711300202695151
v 0.00012953644582257363 2.7499022040646386 0.0002116149641203569
v 0.0004038229291774264 2.749956366160773 0.00006280582800058846
v 0.0002454635541774264 2.7503477959353617 -0.0000866149641203569
v -0.000028822929177426342 2.7502936338392274 0.00006219417199941155
v 0.0002454635541774264 2.7500501776631223 -0.0001949391563892835
v -0.000028822929177426342 2.749996015566988 -0.00004613002026951509
vt 0.4375 0.5
vt 0.75 0.5
vt 0.4375 0.1875
vt 0.75 0.1875
vt 0.4375 0.5
vt 0.75 0.5
vt 0.4375 0.1875
vt 0.75 0.1875
vt 0.4375 0.5
vt 0.75 0.5
vt 0.4375 0.1875
vt 0.75 0.1875
vt 0.4375 0.5
vt 0.75 0.5
vt 0.4375 0.1875
vt 0.75 0.1875
vt 0.4375 0.5
vt 0.75 0.5
vt 0.4375 0.1875
vt 0.75 0.1875
vt 0.4375 0.5
vt 0.75 0.5
vt 0.4375 0.1875
vt 0.75 0.1875
vn 0.8660254037844386 0.17101007166283425 -0.46984631039295405
vn 0.8660254037844386 0.17101007166283425 -0.46984631039295405
vn 0.8660254037844386 0.17101007166283425 -0.46984631039295405
vn 0.8660254037844386 0.17101007166283425 -0.46984631039295405
vn -0.8660254037844386 -0.17101007166283425 0.46984631039295405
vn -0.8660254037844386 -0.17101007166283425 0.46984631039295405
vn -0.8660254037844386 -0.17101007166283425 0.46984631039295405
vn -0.8660254037844386 -0.17101007166283425 0.46984631039295405
vn 0 0.9396926207859083 0.3420201433256686
vn 0 0.9396926207859083 0.3420201433256686
vn 0 0.9396926207859083 0.3420201433256686
vn 0 0.9396926207859083 0.3420201433256686
vn 0 -0.9396926207859083 -0.3420201433256686
vn 0 -0.9396926207859083 -0.3420201433256686
vn 0 -0.9396926207859083 -0.3420201433256686
vn 0 -0.9396926207859083 -0.3420201433256686
vn 0.4999999999999999 -0.29619813272602374 0.8137976813493738
vn 0.4999999999999999 -0.29619813272602374 0.8137976813493738
vn 0.4999999999999999 -0.29619813272602374 0.8137976813493738
vn 0.4999999999999999 -0.29619813272602374 0.8137976813493738
vn -0.4999999999999999 0.29619813272602374 -0.8137976813493738
vn -0.4999999999999999 0.29619813272602374 -0.8137976813493738
vn -0.4999999999999999 0.29619813272602374 -0.8137976813493738
vn -0.4999999999999999 0.29619813272602374 -0.8137976813493738
f 3169/3169/3169 3171/3171/3171 3170/3170/3170
f 3171/3171/3171 3172/3172/3172 3170/3170/3170
f 3173/3173/3173 3175/3175/3175 3174/3174/3174
f 3175/3175/3175 3176/3176/3176 3174/3174/3174
f 3177/3177/3177 3179/3179/3179 3178/3178/3178
f 3179/3179/3179 3180/3180/3180 3178/3178/3178
f 3181/3181/3181 3183/3183/3183 3182/3182/3182
f 3183/3183/3183 3184/3184/3184 3182/3182/3182
f 3185/3185/3185 3187/3187/3187 3186/3186/3186
f 3187/3187/3187 3188/3188/3188 3186/3186/3186
f 3189/3189/3189 3191/3191/3191 3190/3190/3190
f 3191/3191/3191 3192/3192/3192 3190/3190/3190
o meteor_projectile_124
usemtl meteor_iron
v 0.000035546335461677874 2.7502259969506544 -0.00006582754721631892
v -0.00024726508546167787 2.7503309521150485 -0.00019090824144433956
v 0.000035546335461677874 2.7499758355621986 -0.00027573787600457944
v -0.00024726508546167787 2.7500807907265927 -0.00040081857023260007
v -0.0004105463354616779 2.750149164437801 0.000025737876004579437
v -0.00012773491453832214 2.750044209273407 0.00015081857023260006
v -0.0004105463354616779 2.7498990030493453 -0.00018417245278368107
v -0.00012773491453832214 2.749794047884951 -0.00005909175855566046
v -0.0004105463354616779 2.750149164437801 0.000025737876004579437
v -0.00024726508546167787 2.7503309521150485 -0.00019090824144433956
v -0.00012773491453832214 2.750044209273407 0.00015081857023260006
v 0.000035546335461677874 2.7502259969506544 -0.00006582754721631892
v -0.00012773491453832214 2.749794047884951 -0.00005909175855566046
v 0.000035546335461677874 2.7499758355621986 -0.00027573787600457944
v -0.0004105463354616779 2.7498990030493453 -0.00018417245278368107
v -0.00024726508546167787 2.7500807907265927 -0.00040081857023260007
v -0.00012773491453832214 2.750044209273407 0.00015081857023260006
v 0.000035546335461677874 2.7502259969506544 -0.00006582754721631892
v -0.00012773491453832214 2.749794047884951 -0.00005909175855566046
v 0.000035546335461677874 2.7499758355621986 -0.00027573787600457944
v -0.00024726508546167787 2.7503309521150485 -0.00019090824144433956
v -0.0004105463354616779 2.750149164437801 0.000025737876004579437
v -0.00024726508546167787 2.7500807907265927 -0.00040081857023260007
v -0.0004105463354616779 2.7498990030493453 -0.00018417245278368107
vt 0.4375 0.5
vt 0.75 0.5
vt 0.4375 0.1875
vt 0.75 0.1875
vt 0.4375 0.5
vt 0.75 0.5
vt 0.4375 0.1875
vt 0.75 0.1875
vt 0.4375 0.5
vt 0.75 0.5
vt 0.4375 0.1875
vt 0.75 0.1875
vt 0.4375 0.5
vt 0.75 0.5
vt 0.4375 0.1875
vt 0.75 0.1875
vt 0.4375 0.5
vt 0.75 0.5
vt 0.4375 0.1875
vt 0.75 0.1875
vt 0.4375 0.5
vt 0.75 0.5
vt 0.4375 0.1875
vt 0.75 0.1875
vn 0.5000000000000001 0.5566703992264194 -0.6634139481689382
vn 0.5000000000000001 0.5566703992264194 -0.6634139481689382
vn 0.5000000000000001 0.5566703992264194 -0.6634139481689382
vn 0.5000000000000001 0.5566703992264194 -0.6634139481689382
vn -0.5000000000000001 -0.5566703992264194 0.6634139481689382
vn -0.5000000000000001 -0.5566703992264194 0.6634139481689382
vn -0.5000000000000001 -0.5566703992264194 0.6634139481689382
vn -0.5000000000000001 -0.5566703992264194 0.6634139481689382
vn 1.454350199035565e-16 0.7660444431189781 0.6427876096865393
vn 1.454350199035565e-16 0.7660444431189781 0.6427876096865393
vn 1.454350199035565e-16 0.7660444431189781 0.6427876096865393
vn 1.454350199035565e-16 0.7660444431189781 0.6427876096865393
vn -1.454350199035565e-16 -0.7660444431189781 -0.6427876096865393
vn -1.454350199035565e-16 -0.7660444431189781 -0.6427876096865393
vn -1.454350199035565e-16 -0.7660444431189781 -0.6427876096865393
vn -1.454350199035565e-16 -0.7660444431189781 -0.6427876096865393
vn 0.8660254037844386 -0.3213938048432697 0.383022221559489
vn 0.8660254037844386 -0.3213938048432697 0.383022221559489
vn 0.8660254037844386 -0.3213938048432697 0.383022221559489
vn 0.8660254037844386 -0.3213938048432697 0.383022221559489
vn -0.8660254037844386 0.3213938048432697 -0.383022221559489
vn -0.8660254037844386 0.3213938048432697 -0.383022221559489
vn -0.8660254037844386 0.3213938048432697 -0.383022221559489
vn -0.8660254037844386 0.3213938048432697 -0.383022221559489
f 3193/3193/3193 3195/3195/3195 3194/3194/3194
f 3195/3195/3195 3196/3196/3196 3194/3194/3194
f 3197/3197/3197 3199/3199/3199 3198/3198/3198
f 3199/3199/3199 3200/3200/3200 3198/3198/3198
f 3201/3201/3201 3203/3203/3203 3202/3202/3202
f 3203/3203/3203 3204/3204/3204 3202/3202/3202
f 3205/3205/3205 3207/3207/3207 3206/3206/3206
f 3207/3207/3207 3208/3208/3208 3206/3206/3206
f 3209/3209/3209 3211/3211/3211 3210/3210/3210
f 3211/3211/3211 3212/3212/3212 3210/3210/3210
f 3213/3213/3213 3215/3215/3215 3214/3214/3214
f 3215/3215/3215 3216/3216/3216 3214/3214/3214
o meteor_projectile_125
usemtl meteor_rock
v 0.00020883749696612357 2.750012400738382 0.00017856324141582946
v -0.00008383749696612352 2.750012400738382 0.00017856324141582938
v 0.00020883749696612357 2.749866063241416 -0.00007490073838195302
v -0.00008383749696612352 2.749866063241416 -0.00007490073838195308
v -0.00008383749696612357 2.749758936758584 0.00032490073838195306
v 0.00020883749696612352 2.749758936758584 0.00032490073838195306
v -0.00008383749696612357 2.749612599261618 0.00007143675858417055
v 0.00020883749696612352 2.749612599261618 0.00007143675858417063
v -0.00008383749696612357 2.749758936758584 0.00032490073838195306
v -0.00008383749696612352 2.750012400738382 0.00017856324141582938
v 0.00020883749696612352 2.749758936758584 0.00032490073838195306
v 0.00020883749696612357 2.750012400738382 0.00017856324141582946
v 0.00020883749696612352 2.749612599261618 0.00007143675858417063
v 0.00020883749696612357 2.749866063241416 -0.00007490073838195302
v -0.00008383749696612357 2.749612599261618 0.00007143675858417055
v -0.00008383749696612352 2.749866063241416 -0.00007490073838195308
v 0.00020883749696612352 2.749758936758584 0.00032490073838195306
v 0.00020883749696612357 2.750012400738382 0.00017856324141582946
v 0.00020883749696612352 2.749612599261618 0.00007143675858417063
v 0.00020883749696612357 2.749866063241416 -0.00007490073838195302
v -0.00008383749696612352 2.750012400738382 0.00017856324141582938
v -0.00008383749696612357 2.749758936758584 0.00032490073838195306
v -0.00008383749696612352 2.749866063241416 -0.00007490073838195308
v -0.00008383749696612357 2.749612599261618 0.00007143675858417055
vt 0.3125 0.375
vt 0.625 0.375
vt 0.3125 0.0625
vt 0.625 0.0625
vt 0.3125 0.375
vt 0.625 0.375
vt 0.3125 0.0625
vt 0.625 0.0625
vt 0.3125 0.375
vt 0.625 0.375
vt 0.3125 0.0625
vt 0.625 0.0625
vt 0.3125 0.375
vt 0.625 0.375
vt 0.3125 0.0625
vt 0.625 0.0625
vt 0.3125 0.375
vt 0.625 0.375
vt 0.3125 0.0625
vt 0.625 0.0625
vt 0.3125 0.375
vt 0.625 0.375
vt 0.3125 0.0625
vt 0.625 0.0625
vn 2.0717043678169397e-16 0.8660254037844386 -0.5000000000000002
vn 2.0717043678169397e-16 0.8660254037844386 -0.5000000000000002
vn 2.0717043678169397e-16 0.8660254037844386 -0.5000000000000002
vn 2.0717043678169397e-16 0.8660254037844386 -0.5000000000000002
vn -2.0717043678169397e-16 -0.8660254037844386 0.5000000000000002
vn -2.0717043678169397e-16 -0.8660254037844386 0.5000000000000002
vn -2.0717043678169397e-16 -0.8660254037844386 0.5000000000000002
vn -2.0717043678169397e-16 -0.8660254037844386 0.5000000000000002
vn -1.3678511740709858e-16 0.5000000000000001 0.8660254037844386
vn -1.3678511740709858e-16 0.5000000000000001 0.8660254037844386
vn -1.3678511740709858e-16 0.5000000000000001 0.8660254037844386
vn -1.3678511740709858e-16 0.5000000000000001 0.8660254037844386
vn 1.3678511740709858e-16 -0.5000000000000001 -0.8660254037844386
vn 1.3678511740709858e-16 -0.5000000000000001 -0.8660254037844386
vn 1.3678511740709858e-16 -0.5000000000000001 -0.8660254037844386
vn 1.3678511740709858e-16 -0.5000000000000001 -0.8660254037844386
vn 1 -1.9229626863835638e-16 1.1102230246251573e-16
vn 1 -1.9229626863835638e-16 1.1102230246251573e-16
vn 1 -1.9229626863835638e-16 1.1102230246251573e-16
vn 1 -1.9229626863835638e-16 1.1102230246251573e-16
vn -1 1.9229626863835638e-16 -1.1102230246251573e-16
vn -1 1.9229626863835638e-16 -1.1102230246251573e-16
vn -1 1.9229626863835638e-16 -1.1102230246251573e-16
vn -1 1.9229626863835638e-16 -1.1102230246251573e-16
f 3217/3217/3217 3219/3219/3219 3218/3218/3218
f 3219/3219/3219 3220/3220/3220 3218/3218/3218
f 3221/3221/3221 3223/3223/3223 3222/3222/3222
f 3223/3223/3223 3224/3224/3224 3222/3222/3222
f 3225/3225/3225 3227/3227/3227 3226/3226/3226
f 3227/3227/3227 3228/3228/3228 3226/3226/3226
f 3229/3229/3229 3231/3231/3231 3230/3230/3230
f 3231/3231/3231 3232/3232/3232 3230/3230/3230
f 3233/3233/3233 3235/3235/3235 3234/3234/3234
f 3235/3235/3235 3236/3236/3236 3234/3234/3234
f 3237/3237/3237 3239/3239/3239 3238/3238/3238
f 3239/3239/3239 3240/3240/3240 3238/3238/3238
o meteor_projectile_126
usemtl meteor_iron
v -0.000014482042341028905 2.7503867633943924 0.00022307576594784043
v -0.00024170545765897104 2.750257568927294 0.0002458562362555209
v -0.000014482042341028905 2.750341202453777 -0.00003531316824873765
v -0.00024170545765897104 2.7502120079866788 -0.000012532697941057184
v -0.0001105179576589711 2.750033797546223 0.0002853131682487377
v 0.00011670545765897104 2.7501629920133213 0.00026253269794105716
v -0.0001105179576589711 2.7499882366056076 0.000026924234052159572
v 0.00011670545765897104 2.750117431072706 0.000004143763744479109
v -0.0001105179576589711 2.750033797546223 0.0002853131682487377
v -0.00024170545765897104 2.750257568927294 0.0002458562362555209
v 0.00011670545765897104 2.7501629920133213 0.00026253269794105716
v -0.000014482042341028905 2.7503867633943924 0.00022307576594784043
v 0.00011670545765897104 2.750117431072706 0.000004143763744479109
v -0.000014482042341028905 2.750341202453777 -0.00003531316824873765
v -0.0001105179576589711 2.7499882366056076 0.000026924234052159572
v -0.00024170545765897104 2.7502120079866788 -0.000012532697941057184
v 0.00011670545765897104 2.7501629920133213 0.00026253269794105716
v -0.000014482042341028905 2.7503867633943924 0.00022307576594784043
v 0.00011670545765897104 2.750117431072706 0.000004143763744479109
v -0.000014482042341028905 2.750341202453777 -0.00003531316824873765
v -0.00024170545765897104 2.750257568927294 0.0002458562362555209
v -0.0001105179576589711 2.750033797546223 0.0002853131682487377
v -0.00024170545765897104 2.7502120079866788 -0.000012532697941057184
v -0.0001105179576589711 2.7499882366056076 0.000026924234052159572
vt 0.8125 0.5625
vt 1.0625 0.5625
vt 0.8125 0.3125
vt 1.0625 0.3125
vt 0.8125 0.5625
vt 1.0625 0.5625
vt 0.8125 0.3125
vt 1.0625 0.3125
vt 0.8125 0.5625
vt 1.0625 0.5625
vt 0.8125 0.3125
vt 1.0625 0.3125
vt 0.8125 0.5625
vt 1.0625 0.5625
vt 0.8125 0.3125
vt 1.0625 0.3125
vt 0.8125 0.5625
vt 1.0625 0.5625
vt 0.8125 0.3125
vt 1.0625 0.3125
vt 0.8125 0.5625
vt 1.0625 0.5625
vt 0.8125 0.3125
vt 1.0625 0.3125
vn -0.49999999999999967 0.8528685319524432 -0.1503837331804355
vn -0.49999999999999967 0.8528685319524432 -0.1503837331804355
vn -0.49999999999999967 0.8528685319524432 -0.1503837331804355
vn -0.49999999999999967 0.8528685319524432 -0.1503837331804355
vn 0.49999999999999967 -0.8528685319524432 0.1503837331804355
vn 0.49999999999999967 -0.8528685319524432 0.1503837331804355
vn 0.49999999999999967 -0.8528685319524432 0.1503837331804355
vn 0.49999999999999967 -0.8528685319524432 0.1503837331804355
vn 2.4031752320812382e-17 0.17364817766693055 0.984807753012208
vn 2.4031752320812382e-17 0.17364817766693055 0.984807753012208
vn 2.4031752320812382e-17 0.17364817766693055 0.984807753012208
vn 2.4031752320812382e-17 0.17364817766693055 0.984807753012208
vn -2.4031752320812382e-17 -0.17364817766693055 -0.984807753012208
vn -2.4031752320812382e-17 -0.17364817766693055 -0.984807753012208
vn -2.4031752320812382e-17 -0.17364817766693055 -0.984807753012208
vn -2.4031752320812382e-17 -0.17364817766693055 -0.984807753012208
vn 0.8660254037844387 0.49240387650610373 -0.08682408883346522
vn 0.8660254037844387 0.49240387650610373 -0.08682408883346522
vn 0.8660254037844387 0.49240387650610373 -0.08682408883346522
vn 0.8660254037844387 0.49240387650610373 -0.08682408883346522
vn -0.8660254037844387 -0.49240387650610373 0.08682408883346522
vn -0.8660254037844387 -0.49240387650610373 0.08682408883346522
vn -0.8660254037844387 -0.49240387650610373 0.08682408883346522
vn -0.8660254037844387 -0.49240387650610373 0.08682408883346522
f 3241/3241/3241 3243/3243/3243 3242/3242/3242
f 3243/3243/3243 3244/3244/3244 3242/3242/3242
f 3245/3245/3245 3247/3247/3247 3246/3246/3246
f 3247/3247/3247 3248/3248/3248 3246/3246/3246
f 3249/3249/3249 3251/3251/3251 3250/3250/3250
f 3251/3251/3251 3252/3252/3252 3250/3250/3250
f 3253/3253/3253 3255/3255/3255 3254/3254/3254
f 3255/3255/3255 3256/3256/3256 3254/3254/3254
f 3257/3257/3257 3259/3259/3259 3258/3258/3258
f 3259/3259/3259 3260/3260/3260 3258/3258/3258
f 3261/3261/3261 3263/3263/3263 3262/3262/3262
f 3263/3263/3263 3264/3264/3264 3262/3262/3262
o meteor_projectile_127
usemtl cosmic_vein_violet
v 0.0003928390243226967 2.750069453125 0.00010526089932269683
v 0.00010526089932269683 2.750069453125 -0.0003928390243226967
v 0.0003928390243226967 2.7500055468749998 0.00010526089932269683
v 0.00010526089932269683 2.7500055468749998 -0.0003928390243226967
v -0.0003928390243226967 2.750069453125 -0.00010526089932269683
v -0.00010526089932269683 2.750069453125 0.0003928390243226967
v -0.0003928390243226967 2.7500055468749998 -0.00010526089932269683
v -0.00010526089932269683 2.7500055468749998 0.0003928390243226967
v -0.0003928390243226967 2.750069453125 -0.00010526089932269683
v 0.00010526089932269683 2.750069453125 -0.0003928390243226967
v -0.00010526089932269683 2.750069453125 0.0003928390243226967
v 0.0003928390243226967 2.750069453125 0.00010526089932269683
v -0.00010526089932269683 2.7500055468749998 0.0003928390243226967
v 0.0003928390243226967 2.7500055468749998 0.00010526089932269683
v -0.0003928390243226967 2.7500055468749998 -0.00010526089932269683
v 0.00010526089932269683 2.7500055468749998 -0.0003928390243226967
v -0.00010526089932269683 2.750069453125 0.0003928390243226967
v 0.0003928390243226967 2.750069453125 0.00010526089932269683
v -0.00010526089932269683 2.7500055468749998 0.0003928390243226967
v 0.0003928390243226967 2.7500055468749998 0.00010526089932269683
v 0.00010526089932269683 2.750069453125 -0.0003928390243226967
v -0.0003928390243226967 2.750069453125 -0.00010526089932269683
v 0.00010526089932269683 2.7500055468749998 -0.0003928390243226967
v -0.0003928390243226967 2.7500055468749998 -0.00010526089932269683
vt 0 0.1875
vt 0.5625 0.1875
vt 0 0.125
vt 0.5625 0.125
vt 0 0.1875
vt 0.5625 0.1875
vt 0 0.125
vt 0.5625 0.125
vt 0 0.6875
vt 0.5625 0.6875
vt 0 0.125
vt 0.5625 0.125
vt 0 0.6875
vt 0.5625 0.6875
vt 0 0.125
vt 0.5625 0.125
vt 0 0.1875
vt 0.5625 0.1875
vt 0 0.125
vt 0.5625 0.125
vt 0 0.1875
vt 0.5625 0.1875
vt 0 0.125
vt 0.5625 0.125
vn 0.8660254037844387 0 -0.49999999999999994
vn 0.8660254037844387 0 -0.49999999999999994
vn 0.8660254037844387 0 -0.49999999999999994
vn 0.8660254037844387 0 -0.49999999999999994
vn -0.8660254037844387 0 0.49999999999999994
vn -0.8660254037844387 0 0.49999999999999994
vn -0.8660254037844387 0 0.49999999999999994
vn -0.8660254037844387 0 0.49999999999999994
vn 0 0.9999999999999999 0
vn 0 0.9999999999999999 0
vn 0 0.9999999999999999 0
vn 0 0.9999999999999999 0
vn 0 -0.9999999999999999 0
vn 0 -0.9999999999999999 0
vn 0 -0.9999999999999999 0
vn 0 -0.9999999999999999 0
vn 0.49999999999999994 0 0.8660254037844387
vn 0.49999999999999994 0 0.8660254037844387
vn 0.49999999999999994 0 0.8660254037844387
vn 0.49999999999999994 0 0.8660254037844387
vn -0.49999999999999994 0 -0.8660254037844387
vn -0.49999999999999994 0 -0.8660254037844387
vn -0.49999999999999994 0 -0.8660254037844387
vn -0.49999999999999994 0 -0.8660254037844387
f 3265/3265/3265 3267/3267/3267 3266/3266/3266
f 3267/3267/3267 3268/3268/3268 3266/3266/3266
f 3269/3269/3269 3271/3271/3271 3270/3270/3270
f 3271/3271/3271 3272/3272/3272 3270/3270/3270
f 3273/3273/3273 3275/3275/3275 3274/3274/3274
f 3275/3275/3275 3276/3276/3276 3274/3274/3274
f 3277/3277/3277 3279/3279/3279 3278/3278/3278
f 3279/3279/3279 3280/3280/3280 3278/3278/3278
f 3281/3281/3281 3283/3283/3283 3282/3282/3282
f 3283/3283/3283 3284/3284/3284 3282/3282/3282
f 3285/3285/3285 3287/3287/3287 3286/3286/3286
f 3287/3287/3287 3288/3288/3288 3286/3286/3286
o meteor_projectile_128
usemtl cosmic_vein_blue
v 0.000057937500000000006 2.7501771725350372 0.00037994772751132565
v 0.000057937500000000006 2.7503799477275113 -0.00017717253503711982
v 0.000057937500000000006 2.7496200522724887 0.00017717253503711982
v 0.000057937500000000006 2.7498228274649628 -0.00037994772751132565
v -0.0000079375 2.7503799477275113 -0.00017717253503711982
v -0.0000079375 2.7501771725350372 0.00037994772751132565
v -0.0000079375 2.7498228274649628 -0.00037994772751132565
v -0.0000079375 2.7496200522724887 0.00017717253503711982
v -0.0000079375 2.7503799477275113 -0.00017717253503711982
v 0.000057937500000000006 2.7503799477275113 -0.00017717253503711982
v -0.0000079375 2.7501771725350372 0.00037994772751132565
v 0.000057937500000000006 2.7501771725350372 0.00037994772751132565
v -0.0000079375 2.7496200522724887 0.00017717253503711982
v 0.000057937500000000006 2.7496200522724887 0.00017717253503711982
v -0.0000079375 2.7498228274649628 -0.00037994772751132565
v 0.000057937500000000006 2.7498228274649628 -0.00037994772751132565
v -0.0000079375 2.7501771725350372 0.00037994772751132565
v 0.000057937500000000006 2.7501771725350372 0.00037994772751132565
v -0.0000079375 2.7496200522724887 0.00017717253503711982
v 0.000057937500000000006 2.7496200522724887 0.00017717253503711982
v 0.000057937500000000006 2.7503799477275113 -0.00017717253503711982
v -0.0000079375 2.7503799477275113 -0.00017717253503711982
v 0.000057937500000000006 2.7498228274649628 -0.00037994772751132565
v -0.0000079375 2.7498228274649628 -0.00037994772751132565
vt 0.875 0.875
vt 1.4375 0.875
vt 0.875 0.3125
vt 1.4375 0.3125
vt 0.875 0.875
vt 1.4375 0.875
vt 0.875 0.3125
vt 1.4375 0.3125
vt 0.875 0.875
vt 0.9375 0.875
vt 0.875 0.3125
vt 0.9375 0.3125
vt 0.875 0.875
vt 0.9375 0.875
vt 0.875 0.3125
vt 0.9375 0.3125
vt 0.875 0.875
vt 0.9375 0.875
vt 0.875 0.3125
vt 0.9375 0.3125
vt 0.875 0.875
vt 0.9375 0.875
vt 0.875 0.3125
vt 0.9375 0.3125
vn 1 0 0
vn 1 0 0
vn 1 0 0
vn 1 0 0
vn -1 0 0
vn -1 0 0
vn -1 0 0
vn -1 0 0
vn 0 0.9396926207859084 0.3420201433256687
vn 0 0.9396926207859084 0.3420201433256687
vn 0 0.9396926207859084 0.3420201433256687
vn 0 0.9396926207859084 0.3420201433256687
vn 0 -0.9396926207859084 -0.3420201433256687
vn 0 -0.9396926207859084 -0.3420201433256687
vn 0 -0.9396926207859084 -0.3420201433256687
vn 0 -0.9396926207859084 -0.3420201433256687
vn 0 -0.3420201433256687 0.9396926207859084
vn 0 -0.3420201433256687 0.9396926207859084
vn 0 -0.3420201433256687 0.9396926207859084
vn 0 -0.3420201433256687 0.9396926207859084
vn 0 0.3420201433256687 -0.9396926207859084
vn 0 0.3420201433256687 -0.9396926207859084
vn 0 0.3420201433256687 -0.9396926207859084
vn 0 0.3420201433256687 -0.9396926207859084
f 3289/3289/3289 3291/3291/3291 3290/3290/3290
f 3291/3291/3291 3292/3292/3292 3290/3290/3290
f 3293/3293/3293 3295/3295/3295 3294/3294/3294
f 3295/3295/3295 3296/3296/3296 3294/3294/3294
f 3297/3297/3297 3299/3299/3299 3298/3298/3298
f 3299/3299/3299 3300/3300/3300 3298/3298/3298
f 3301/3301/3301 3303/3303/3303 3302/3302/3302
f 3303/3303/3303 3304/3304/3304 3302/3302/3302
f 3305/3305/3305 3307/3307/3307 3306/3306/3306
f 3307/3307/3307 3308/3308/3308 3306/3306/3306
f 3309/3309/3309 3311/3311/3311 3310/3310/3310
f 3311/3311/3311 3312/3312/3312 3310/3310/3310
