mtllib bloomfall.mtl
o handle_1
usemtl bark
v 0.10315000153705478 -0.941140625 0.10315000153705478
v 0.10315000153705478 -0.941140625 -0.10315000153705478
v 0.10315000153705478 -1.5213593749999998 0.10315000153705478
v 0.10315000153705478 -1.5213593749999998 -0.10315000153705478
v -0.10315000153705478 -0.941140625 -0.10315000153705478
v -0.10315000153705478 -0.941140625 0.10315000153705478
v -0.10315000153705478 -1.5213593749999998 -0.10315000153705478
v -0.10315000153705478 -1.5213593749999998 0.10315000153705478
v -0.10315000153705478 -0.941140625 -0.10315000153705478
v 0.10315000153705478 -0.941140625 -0.10315000153705478
v -0.10315000153705478 -0.941140625 0.10315000153705478
v 0.10315000153705478 -0.941140625 0.10315000153705478
v -0.10315000153705478 -1.5213593749999998 0.10315000153705478
v 0.10315000153705478 -1.5213593749999998 0.10315000153705478
v -0.10315000153705478 -1.5213593749999998 -0.10315000153705478
v 0.10315000153705478 -1.5213593749999998 -0.10315000153705478
v -0.10315000153705478 -0.941140625 0.10315000153705478
v 0.10315000153705478 -0.941140625 0.10315000153705478
v -0.10315000153705478 -1.5213593749999998 0.10315000153705478
v 0.10315000153705478 -1.5213593749999998 0.10315000153705478
v 0.10315000153705478 -0.941140625 -0.10315000153705478
v -0.10315000153705478 -0.941140625 -0.10315000153705478
v 0.10315000153705478 -1.5213593749999998 -0.10315000153705478
v -0.10315000153705478 -1.5213593749999998 -0.10315000153705478
vt 0.75 1.25
vt 0.9375 1.25
vt 0.75 0.6875
vt 0.9375 0.6875
vt 0.75 1.25
vt 0.9375 1.25
vt 0.75 0.6875
vt 0.9375 0.6875
vt 0.75 0.875
vt 0.9375 0.875
vt 0.75 0.6875
vt 0.9375 0.6875
vt 0.75 0.875
vt 0.9375 0.875
vt 0.75 0.6875
vt 0.9375 0.6875
vt 0.75 1.25
vt 0.9375 1.25
vt 0.75 0.6875
vt 0.9375 0.6875
vt 0.75 1.25
vt 0.9375 1.25
vt 0.75 0.6875
vt 0.9375 0.6875
vn 1 0 0
vn 1 0 0
vn 1 0 0
vn 1 0 0
vn -1 0 0
vn -1 0 0
vn -1 0 0
vn -1 0 0
vn 0 1 0
vn 0 1 0
vn 0 1 0
vn 0 1 0
vn 0 -1 0
vn 0 -1 0
vn 0 -1 0
vn 0 -1 0
vn 0 0 1
vn 0 0 1
vn 0 0 1
vn 0 0 1
vn 0 0 -1
vn 0 0 -1
vn 0 0 -1
vn 0 0 -1
f 1/1/1 3/3/3 2/2/2
f 3/3/3 4/4/4 2/2/2
f 5/5/5 7/7/7 6/6/6
f 7/7/7 8/8/8 6/6/6
f 9/9/9 11/11/11 10/10/10
f 11/11/11 12/12/12 10/10/10
f 13/13/13 15/15/15 14/14/14
f 15/15/15 16/16/16 14/14/14
f 17/17/17 19/19/19 18/18/18
f 19/19/19 20/20/20 18/18/18
f 21/21/21 23/23/23 22/22/22
f 23/23/23 24/24/24 22/22/22
o handle_2
usemtl branch_wood
v 0.1419553112183625 -0.4065286920350678 0.06326269546186383
v 0.07539071168432473 -0.4065286920350678 -0.11962203869294463
v 0.16974338529840555 -0.9707855863443631 0.05314866362914397
v 0.10317878576436779 -0.9707855863443631 -0.1297360705256645
v -0.10724338529840555 -0.4167144136556371 -0.05314866362914397
v -0.040678785764367786 -0.4167144136556371 0.1297360705256645
v -0.0794553112183625 -0.9809713079649324 -0.06326269546186383
v -0.012890711684324735 -0.9809713079649324 0.11962203869294463
v -0.10724338529840555 -0.4167144136556371 -0.05314866362914397
v 0.07539071168432473 -0.4065286920350678 -0.11962203869294463
v -0.040678785764367786 -0.4167144136556371 0.1297360705256645
v 0.1419553112183625 -0.4065286920350678 0.06326269546186383
v -0.012890711684324735 -0.9809713079649324 0.11962203869294463
v 0.16974338529840555 -0.9707855863443631 0.05314866362914397
v -0.0794553112183625 -0.9809713079649324 -0.06326269546186383
v 0.10317878576436779 -0.9707855863443631 -0.1297360705256645
v -0.040678785764367786 -0.4167144136556371 0.1297360705256645
v 0.1419553112183625 -0.4065286920350678 0.06326269546186383
v -0.012890711684324735 -0.9809713079649324 0.11962203869294463
v 0.16974338529840555 -0.9707855863443631 0.05314866362914397
v 0.07539071168432473 -0.4065286920350678 -0.11962203869294463
v -0.10724338529840555 -0.4167144136556371 -0.05314866362914397
v 0.10317878576436779 -0.9707855863443631 -0.1297360705256645
v -0.0794553112183625 -0.9809713079649324 -0.06326269546186383
vt 0.125 1.1875
vt 0.3125 1.1875
vt 0.125 0.625
vt 0.3125 0.625
vt 0.125 1.1875
vt 0.3125 1.1875
vt 0.125 0.625
vt 0.3125 0.625
vt 0.125 0.8125
vt 0.3125 0.8125
vt 0.125 0.625
vt 0.3125 0.625
vt 0.125 0.8125
vt 0.3125 0.8125
vt 0.125 0.625
vt 0.3125 0.625
vt 0.125 1.1875
vt 0.3125 1.1875
vt 0.125 0.625
vt 0.3125 0.625
vt 0.125 1.1875
vt 0.3125 1.1875
vt 0.125 0.625
vt 0.3125 0.625
vn 0.9384048047077379 0.052335956242943814 -0.34155141660600513
vn 0.9384048047077379 0.052335956242943814 -0.34155141660600513
vn 0.9384048047077379 0.052335956242943814 -0.34155141660600513
vn 0.9384048047077379 0.052335956242943814 -0.34155141660600513
vn -0.9384048047077379 -0.052335956242943814 0.34155141660600513
vn -0.9384048047077379 -0.052335956242943814 0.34155141660600513
vn -0.9384048047077379 -0.052335956242943814 0.34155141660600513
vn -0.9384048047077379 -0.052335956242943814 0.34155141660600513
vn -0.049179711883268494 0.9986295347545737 0.017899951255297565
vn -0.049179711883268494 0.9986295347545737 0.017899951255297565
vn -0.049179711883268494 0.9986295347545737 0.017899951255297565
vn -0.049179711883268494 0.9986295347545737 0.017899951255297565
vn 0.049179711883268494 -0.9986295347545737 -0.017899951255297565
vn 0.049179711883268494 -0.9986295347545737 -0.017899951255297565
vn 0.049179711883268494 -0.9986295347545737 -0.017899951255297565
vn 0.049179711883268494 -0.9986295347545737 -0.017899951255297565
vn 0.3420201433256686 3.4384314407501875e-18 0.9396926207859084
vn 0.3420201433256686 3.4384314407501875e-18 0.9396926207859084
vn 0.3420201433256686 3.4384314407501875e-18 0.9396926207859084
vn 0.3420201433256686 3.4384314407501875e-18 0.9396926207859084
vn -0.3420201433256686 -3.4384314407501875e-18 -0.9396926207859084
vn -0.3420201433256686 -3.4384314407501875e-18 -0.9396926207859084
vn -0.3420201433256686 -3.4384314407501875e-18 -0.9396926207859084
vn -0.3420201433256686 -3.4384314407501875e-18 -0.9396926207859084
f 25/25/25 27/27/27 26/26/26
f 27/27/27 28/28/28 26/26/26
f 29/29/29 31/31/31 30/30/30
f 31/31/31 32/32/32 30/30/30
f 33/33/33 35/35/35 34/34/34
f 35/35/35 36/36/36 34/34/34
f 37/37/37 39/39/39 38/38/38
f 39/39/39 40/40/40 38/38/38
f 41/41/41 43/43/43 42/42/42
f 43/43/43 44/44/44 42/42/42
f 45/45/45 47/47/47 46/46/46
f 47/47/47 48/48/48 46/46/46
o handle_3
usemtl bark
v 0.13347165083696977 0.12764012763205806 -0.0009414480981004419
v 0.008610157655359486 0.12764012763205806 -0.14974558117396197
v 0.10233149603119877 -0.45369032265685455 0.025188244314225394
v -0.022529997150411495 -0.45369032265685455 -0.12361588876163612
v -0.13983149603119877 0.14119032265685444 -0.025188244314225394
v -0.014970002849588503 0.14119032265685444 0.12361588876163612
v -0.17097165083696975 -0.4401401276320582 0.0009414480981004419
v -0.04611015765535949 -0.4401401276320582 0.14974558117396197
v -0.13983149603119877 0.14119032265685444 -0.025188244314225394
v 0.008610157655359486 0.12764012763205806 -0.14974558117396197
v -0.014970002849588503 0.14119032265685444 0.12361588876163612
v 0.13347165083696977 0.12764012763205806 -0.0009414480981004419
v -0.04611015765535949 -0.4401401276320582 0.14974558117396197
v 0.10233149603119877 -0.45369032265685455 0.025188244314225394
v -0.17097165083696975 -0.4401401276320582 0.0009414480981004419
v -0.022529997150411495 -0.45369032265685455 -0.12361588876163612
v -0.014970002849588503 0.14119032265685444 0.12361588876163612
v 0.13347165083696977 0.12764012763205806 -0.0009414480981004419
v -0.04611015765535949 -0.4401401276320582 0.14974558117396197
v 0.10233149603119877 -0.45369032265685455 0.025188244314225394
v 0.008610157655359486 0.12764012763205806 -0.14974558117396197
v -0.13983149603119877 0.14119032265685444 -0.025188244314225394
v -0.022529997150411495 -0.45369032265685455 -0.12361588876163612
v -0.17097165083696975 -0.4401401276320582 0.0009414480981004419
vt 0.9375 1.375
vt 1.125 1.375
vt 0.9375 0.8125
vt 1.125 0.8125
vt 0.9375 1.375
vt 1.125 1.375
vt 0.9375 0.8125
vt 1.125 0.8125
vt 0.9375 1
vt 1.125 1
vt 0.9375 0.8125
vt 1.125 0.8125
vt 0.9375 1
vt 1.125 1
vt 0.9375 0.8125
vt 1.125 0.8125
vt 0.9375 1.375
vt 1.125 1.375
vt 0.9375 0.8125
vt 1.125 0.8125
vt 0.9375 1.375
vt 1.125 1.375
vt 0.9375 0.8125
vt 1.125 0.8125
vn 0.7641783973567995 -0.06975647374412532 -0.6412218113757352
vn 0.7641783973567995 -0.06975647374412532 -0.6412218113757352
vn 0.7641783973567995 -0.06975647374412532 -0.6412218113757352
vn 0.7641783973567995 -0.06975647374412532 -0.6412218113757352
vn -0.7641783973567995 0.06975647374412532 0.6412218113757352
vn -0.7641783973567995 0.06975647374412532 0.6412218113757352
vn -0.7641783973567995 0.06975647374412532 0.6412218113757352
vn -0.7641783973567995 0.06975647374412532 0.6412218113757352
vn 0.05343655908326207 0.9975640502598242 -0.04483859701814813
vn 0.05343655908326207 0.9975640502598242 -0.04483859701814813
vn 0.05343655908326207 0.9975640502598242 -0.04483859701814813
vn 0.05343655908326207 0.9975640502598242 -0.04483859701814813
vn -0.05343655908326207 -0.9975640502598242 0.04483859701814813
vn -0.05343655908326207 -0.9975640502598242 0.04483859701814813
vn -0.05343655908326207 -0.9975640502598242 0.04483859701814813
vn -0.05343655908326207 -0.9975640502598242 0.04483859701814813
vn 0.6427876096865394 0 0.7660444431189781
vn 0.6427876096865394 0 0.7660444431189781
vn 0.6427876096865394 0 0.7660444431189781
vn 0.6427876096865394 0 0.7660444431189781
vn -0.6427876096865394 0 -0.7660444431189781
vn -0.6427876096865394 0 -0.7660444431189781
vn -0.6427876096865394 0 -0.7660444431189781
vn -0.6427876096865394 0 -0.7660444431189781
f 49/49/49 51/51/51 50/50/50
f 51/51/51 52/52/52 50/50/50
f 53/53/53 55/55/55 54/54/54
f 55/55/55 56/56/56 54/54/54
f 57/57/57 59/59/59 58/58/58
f 59/59/59 60/60/60 58/58/58
f 61/61/61 63/63/63 62/62/62
f 63/63/63 64/64/64 62/62/62
f 65/65/65 67/67/67 66/66/66
f 67/67/67 68/68/68 66/66/66
f 69/69/69 71/71/71 70/70/70
f 71/71/71 72/72/72 70/70/70
o handle_4
usemtl branch_wood
v 0.14493045781636632 0.6680496100256194 -0.024844390298833813
v -0.013449355767857406 0.6680496100256194 -0.11628501830588814
v 0.15483428061497292 0.10083285376559392 -0.04199831457517944
v -0.0035455329692508017 0.10083285376559392 -0.13343894258223377
v -0.10483428061497294 0.6616671462344057 0.04199831457517944
v 0.053545532969250804 0.6616671462344057 0.13343894258223377
v -0.09493045781636633 0.09445038997438027 0.024844390298833813
v 0.0634493557678574 0.09445038997438027 0.11628501830588814
v -0.10483428061497294 0.6616671462344057 0.04199831457517944
v -0.013449355767857406 0.6680496100256194 -0.11628501830588814
v 0.053545532969250804 0.6616671462344057 0.13343894258223377
v 0.14493045781636632 0.6680496100256194 -0.024844390298833813
v 0.0634493557678574 0.09445038997438027 0.11628501830588814
v 0.15483428061497292 0.10083285376559392 -0.04199831457517944
v -0.09493045781636633 0.09445038997438027 0.024844390298833813
v -0.0035455329692508017 0.10083285376559392 -0.13343894258223377
v 0.053545532969250804 0.6616671462344057 0.13343894258223377
v 0.14493045781636632 0.6680496100256194 -0.024844390298833813
v 0.0634493557678574 0.09445038997438027 0.11628501830588814
v 0.15483428061497292 0.10083285376559392 -0.04199831457517944
v -0.013449355767857406 0.6680496100256194 -0.11628501830588814
v -0.10483428061497294 0.6616671462344057 0.04199831457517944
v -0.0035455329692508017 0.10083285376559392 -0.13343894258223377
v -0.09493045781636633 0.09445038997438027 0.024844390298833813
vt 0.8125 1.3125
vt 1 1.3125
vt 0.8125 0.75
vt 1 0.75
vt 0.8125 1.3125
vt 1 1.3125
vt 0.8125 0.75
vt 1 0.75
vt 0.8125 0.9375
vt 1 0.9375
vt 0.8125 0.75
vt 1 0.75
vt 0.8125 0.9375
vt 1 0.9375
vt 0.8125 0.75
vt 1 0.75
vt 0.8125 1.3125
vt 1 1.3125
vt 0.8125 0.75
vt 1 0.75
vt 0.8125 1.3125
vt 1 1.3125
vt 0.8125 0.75
vt 1 0.75
vn 0.49969541350954794 0.034899496702500976 -0.8654978445076765
vn 0.49969541350954794 0.034899496702500976 -0.8654978445076765
vn 0.49969541350954794 0.034899496702500976 -0.8654978445076765
vn 0.49969541350954794 0.034899496702500976 -0.8654978445076765
vn -0.49969541350954794 -0.034899496702500976 0.8654978445076765
vn -0.49969541350954794 -0.034899496702500976 0.8654978445076765
vn -0.49969541350954794 -0.034899496702500976 0.8654978445076765
vn -0.49969541350954794 -0.034899496702500976 0.8654978445076765
vn -0.017449748351250485 0.9993908270190959 0.030223850723657093
vn -0.017449748351250485 0.9993908270190959 0.030223850723657093
vn -0.017449748351250485 0.9993908270190959 0.030223850723657093
vn -0.017449748351250485 0.9993908270190959 0.030223850723657093
vn 0.017449748351250485 -0.9993908270190959 -0.030223850723657093
vn 0.017449748351250485 -0.9993908270190959 -0.030223850723657093
vn 0.017449748351250485 -0.9993908270190959 -0.030223850723657093
vn 0.017449748351250485 -0.9993908270190959 -0.030223850723657093
vn 0.8660254037844387 5.11174496717886e-18 0.5000000000000001
vn 0.8660254037844387 5.11174496717886e-18 0.5000000000000001
vn 0.8660254037844387 5.11174496717886e-18 0.5000000000000001
vn 0.8660254037844387 5.11174496717886e-18 0.5000000000000001
vn -0.8660254037844387 -5.11174496717886e-18 -0.5000000000000001
vn -0.8660254037844387 -5.11174496717886e-18 -0.5000000000000001
vn -0.8660254037844387 -5.11174496717886e-18 -0.5000000000000001
vn -0.8660254037844387 -5.11174496717886e-18 -0.5000000000000001
f 73/73/73 75/75/75 74/74/74
f 75/75/75 76/76/76 74/74/74
f 77/77/77 79/79/79 78/78/78
f 79/79/79 80/80/80 78/78/78
f 81/81/81 83/83/83 82/82/82
f 83/83/83 84/84/84 82/82/82
f 85/85/85 87/87/87 86/86/86
f 87/87/87 88/88/88 86/86/86
f 89/89/89 91/91/91 90/90/90
f 91/91/91 92/92/92 90/90/90
f 93/93/93 95/95/95 94/94/94
f 95/95/95 96/96/96 94/94/94
o handle_5
usemtl bark
v 0.09560803457011846 1.2062247095589893 -0.08881107976618424
v -0.08371314410267042 1.2062247095589893 -0.12043024177864034
v 0.09028897315249892 0.6217455671709138 -0.058645183451008616
v -0.08903220552028995 0.6217455671709138 -0.0902643454634647
v -0.11528897315249892 1.2157544328290861 0.058645183451008616
v 0.06403220552028996 1.2157544328290861 0.0902643454634647
v -0.12060803457011846 0.6312752904410106 0.08881107976618424
v 0.05871314410267042 0.6312752904410106 0.12043024177864034
v -0.11528897315249892 1.2157544328290861 0.058645183451008616
v -0.08371314410267042 1.2062247095589893 -0.12043024177864034
v 0.06403220552028996 1.2157544328290861 0.0902643454634647
v 0.09560803457011846 1.2062247095589893 -0.08881107976618424
v 0.05871314410267042 0.6312752904410106 0.12043024177864034
v 0.09028897315249892 0.6217455671709138 -0.058645183451008616
v -0.12060803457011846 0.6312752904410106 0.08881107976618424
v -0.08903220552028995 0.6217455671709138 -0.0902643454634647
v 0.06403220552028996 1.2157544328290861 0.0902643454634647
v 0.09560803457011846 1.2062247095589893 -0.08881107976618424
v 0.05871314410267042 0.6312752904410106 0.12043024177864034
v 0.09028897315249892 0.6217455671709138 -0.058645183451008616
v -0.08371314410267042 1.2062247095589893 -0.12043024177864034
v -0.11528897315249892 1.2157544328290861 0.058645183451008616
v -0.08903220552028995 0.6217455671709138 -0.0902643454634647
v -0.12060803457011846 0.6312752904410106 0.08881107976618424
vt 0.25 1.125
vt 0.4375 1.125
vt 0.25 0.5625
vt 0.4375 0.5625
vt 0.25 1.125
vt 0.4375 1.125
vt 0.25 0.5625
vt 0.4375 0.5625
vt 0.25 0.75
vt 0.4375 0.75
vt 0.25 0.5625
vt 0.4375 0.5625
vt 0.25 0.75
vt 0.4375 0.75
vt 0.25 0.5625
vt 0.4375 0.5625
vt 0.25 1.125
vt 0.4375 1.125
vt 0.25 0.5625
vt 0.4375 0.5625
vt 0.25 1.125
vt 0.4375 1.125
vt 0.25 0.5625
vt 0.4375 0.5625
vn 0.17341019887450645 -0.05233595624294384 -0.9834581082132787
vn 0.17341019887450645 -0.05233595624294384 -0.9834581082132787
vn 0.17341019887450645 -0.05233595624294384 -0.9834581082132787
vn 0.17341019887450645 -0.05233595624294384 -0.9834581082132787
vn -0.17341019887450645 0.05233595624294384 0.9834581082132787
vn -0.17341019887450645 0.05233595624294384 0.9834581082132787
vn -0.17341019887450645 0.05233595624294384 0.9834581082132787
vn -0.17341019887450645 0.05233595624294384 0.9834581082132787
vn 0.009088043428043417 0.9986295347545739 -0.051540855469358764
vn 0.009088043428043417 0.9986295347545739 -0.051540855469358764
vn 0.009088043428043417 0.9986295347545739 -0.051540855469358764
vn 0.009088043428043417 0.9986295347545739 -0.051540855469358764
vn -0.009088043428043417 -0.9986295347545739 0.051540855469358764
vn -0.009088043428043417 -0.9986295347545739 0.051540855469358764
vn -0.009088043428043417 -0.9986295347545739 0.051540855469358764
vn -0.009088043428043417 -0.9986295347545739 0.051540855469358764
vn 0.9848077530122081 1.6023083161528567e-18 0.1736481776669305
vn 0.9848077530122081 1.6023083161528567e-18 0.1736481776669305
vn 0.9848077530122081 1.6023083161528567e-18 0.1736481776669305
vn 0.9848077530122081 1.6023083161528567e-18 0.1736481776669305
vn -0.9848077530122081 -1.6023083161528567e-18 -0.1736481776669305
vn -0.9848077530122081 -1.6023083161528567e-18 -0.1736481776669305
vn -0.9848077530122081 -1.6023083161528567e-18 -0.1736481776669305
vn -0.9848077530122081 -1.6023083161528567e-18 -0.1736481776669305
f 97/97/97 99/99/99 98/98/98
f 99/99/99 100/100/100 98/98/98
f 101/101/101 103/103/103 102/102/102
f 103/103/103 104/104/104 102/102/102
f 105/105/105 107/107/107 106/106/106
f 107/107/107 108/108/108 106/106/106
f 109/109/109 111/111/111 110/110/110
f 111/111/111 112/112/112 110/110/110
f 113/113/113 115/115/115 114/114/114
f 115/115/115 116/116/116 114/114/114
f 117/117/117 119/119/119 118/118/118
f 119/119/119 120/120/120 118/118/118
o handle_6
usemtl branch_wood
v 0.11035452104307286 1.7465676746997891 -0.07927734704724845
v -0.05807530541464594 1.7465676746997891 -0.04957862428670817
v 0.10344892725009777 1.1778626444219773 -0.1184409155790131
v -0.06498089920762104 1.1778626444219773 -0.08874219281847281
v -0.028448927250097768 1.7346373555780228 0.1184409155790131
v 0.13998089920762105 1.7346373555780228 0.08874219281847281
v -0.03535452104307287 1.165932325300211 0.07927734704724845
v 0.13307530541464593 1.165932325300211 0.04957862428670817
v -0.028448927250097768 1.7346373555780228 0.1184409155790131
v -0.05807530541464594 1.7465676746997891 -0.04957862428670817
v 0.13998089920762105 1.7346373555780228 0.08874219281847281
v 0.11035452104307286 1.7465676746997891 -0.07927734704724845
v 0.13307530541464593 1.165932325300211 0.04957862428670817
v 0.10344892725009777 1.1778626444219773 -0.1184409155790131
v -0.03535452104307287 1.165932325300211 0.07927734704724845
v -0.06498089920762104 1.1778626444219773 -0.08874219281847281
v 0.13998089920762105 1.7346373555780228 0.08874219281847281
v 0.11035452104307286 1.7465676746997891 -0.07927734704724845
v 0.13307530541464593 1.165932325300211 0.04957862428670817
v 0.10344892725009777 1.1778626444219773 -0.1184409155790131
v -0.05807530541464594 1.7465676746997891 -0.04957862428670817
v -0.028448927250097768 1.7346373555780228 0.1184409155790131
v -0.06498089920762104 1.1778626444219773 -0.08874219281847281
v -0.03535452104307287 1.165932325300211 0.07927734704724845
vt 0.6875 0.625
vt 0.875 0.625
vt 0.6875 0.0625
vt 0.875 0.0625
vt 0.6875 0.625
vt 0.875 0.625
vt 0.6875 0.0625
vt 0.875 0.0625
vt 0.6875 0.25
vt 0.875 0.25
vt 0.6875 0.0625
vt 0.875 0.0625
vt 0.6875 0.25
vt 0.875 0.25
vt 0.6875 0.0625
vt 0.875 0.0625
vt 0.6875 0.625
vt 0.875 0.625
vt 0.6875 0.0625
vt 0.875 0.0625
vt 0.6875 0.625
vt 0.875 0.625
vt 0.6875 0.0625
vt 0.875 0.0625
vn -0.17322517943366053 0.06975647374412532 -0.9824088108221348
vn -0.17322517943366053 0.06975647374412532 -0.9824088108221348
vn -0.17322517943366053 0.06975647374412532 -0.9824088108221348
vn -0.17322517943366053 0.06975647374412532 -0.9824088108221348
vn 0.17322517943366053 -0.06975647374412532 0.9824088108221348
vn 0.17322517943366053 -0.06975647374412532 0.9824088108221348
vn 0.17322517943366053 -0.06975647374412532 0.9824088108221348
vn 0.17322517943366053 -0.06975647374412532 0.9824088108221348
vn 0.012113084546138424 0.9975640502598242 0.0686967161660071
vn 0.012113084546138424 0.9975640502598242 0.0686967161660071
vn 0.012113084546138424 0.9975640502598242 0.0686967161660071
vn 0.012113084546138424 0.9975640502598242 0.0686967161660071
vn -0.012113084546138424 -0.9975640502598242 -0.0686967161660071
vn -0.012113084546138424 -0.9975640502598242 -0.0686967161660071
vn -0.012113084546138424 -0.9975640502598242 -0.0686967161660071
vn -0.012113084546138424 -0.9975640502598242 -0.0686967161660071
vn 0.984807753012208 -5.066452840214499e-18 -0.17364817766693028
vn 0.984807753012208 -5.066452840214499e-18 -0.17364817766693028
vn 0.984807753012208 -5.066452840214499e-18 -0.17364817766693028
vn 0.984807753012208 -5.066452840214499e-18 -0.17364817766693028
vn -0.984807753012208 5.066452840214499e-18 0.17364817766693028
vn -0.984807753012208 5.066452840214499e-18 0.17364817766693028
vn -0.984807753012208 5.066452840214499e-18 0.17364817766693028
vn -0.984807753012208 5.066452840214499e-18 0.17364817766693028
f 121/121/121 123/123/123 122/122/122
f 123/123/123 124/124/124 122/122/122
f 125/125/125 127/127/127 126/126/126
f 127/127/127 128/128/128 126/126/126
f 129/129/129 131/131/131 130/130/130
f 131/131/131 132/132/132 130/130/130
f 133/133/133 135/135/135 134/134/134
f 135/135/135 136/136/136 134/134/134
f 137/137/137 139/139/139 138/138/138
f 139/139/139 140/140/140 138/138/138
f 141/141/141 143/143/143 142/142/142
f 143/143/143 144/144/144 142/142/142
o handle_7
usemtl bark
v 0.07184375155717133 -1.49578125 0.07184375155717133
v 0.07184375155717133 -1.49578125 -0.07184375155717133
v 0.07184375155717133 -1.69171875 0.07184375155717133
v 0.07184375155717133 -1.69171875 -0.07184375155717133
v -0.07184375155717133 -1.49578125 -0.07184375155717133
v -0.07184375155717133 -1.49578125 0.07184375155717133
v -0.07184375155717133 -1.69171875 -0.07184375155717133
v -0.07184375155717133 -1.69171875 0.07184375155717133
v -0.07184375155717133 -1.49578125 -0.07184375155717133
v 0.07184375155717133 -1.49578125 -0.07184375155717133
v -0.07184375155717133 -1.49578125 0.07184375155717133
v 0.07184375155717133 -1.49578125 0.07184375155717133
v -0.07184375155717133 -1.69171875 0.07184375155717133
v 0.07184375155717133 -1.69171875 0.07184375155717133
v -0.07184375155717133 -1.69171875 -0.07184375155717133
v 0.07184375155717133 -1.69171875 -0.07184375155717133
v -0.07184375155717133 -1.49578125 0.07184375155717133
v 0.07184375155717133 -1.49578125 0.07184375155717133
v -0.07184375155717133 -1.69171875 0.07184375155717133
v 0.07184375155717133 -1.69171875 0.07184375155717133
v 0.07184375155717133 -1.49578125 -0.07184375155717133
v -0.07184375155717133 -1.49578125 -0.07184375155717133
v 0.07184375155717133 -1.69171875 -0.07184375155717133
v -0.07184375155717133 -1.69171875 -0.07184375155717133
vt 0.6875 0.4375
vt 0.8125 0.4375
vt 0.6875 0.25
vt 0.8125 0.25
vt 0.6875 0.4375
vt 0.8125 0.4375
vt 0.6875 0.25
vt 0.8125 0.25
vt 0.6875 0.375
vt 0.8125 0.375
vt 0.6875 0.25
vt 0.8125 0.25
vt 0.6875 0.375
vt 0.8125 0.375
vt 0.6875 0.25
vt 0.8125 0.25
vt 0.6875 0.4375
vt 0.8125 0.4375
vt 0.6875 0.25
vt 0.8125 0.25
vt 0.6875 0.4375
vt 0.8125 0.4375
vt 0.6875 0.25
vt 0.8125 0.25
vn 1 0 0
vn 1 0 0
vn 1 0 0
vn 1 0 0
vn -1 0 0
vn -1 0 0
vn -1 0 0
vn -1 0 0
vn 0 1 0
vn 0 1 0
vn 0 1 0
vn 0 1 0
vn 0 -1 0
vn 0 -1 0
vn 0 -1 0
vn 0 -1 0
vn 0 0 1
vn 0 0 1
vn 0 0 1
vn 0 0 1
vn 0 0 -1
vn 0 0 -1
vn 0 0 -1
vn 0 0 -1
f 145/145/145 147/147/147 146/146/146
f 147/147/147 148/148/148 146/146/146
f 149/149/149 151/151/151 150/150/150
f 151/151/151 152/152/152 150/150/150
f 153/153/153 155/155/155 154/154/154
f 155/155/155 156/156/156 154/154/154
f 157/157/157 159/159/159 158/158/158
f 159/159/159 160/160/160 158/158/158
f 161/161/161 163/163/163 162/162/162
f 163/163/163 164/164/164 162/162/162
f 165/165/165 167/167/167 166/166/166
f 167/167/167 168/168/168 166/166/166
o handle_8
usemtl bark
v 0.0077111905872662145 -1.525828409103354 0.016468750000000004
v 0.0077111905872662145 -1.525828409103354 -0.07896875
v -0.10943253379358947 -1.7660086372183286 0.016468750000000004
v -0.10943253379358947 -1.7660086372183286 -0.07896875
v -0.07806746620641053 -1.4839913627816714 -0.07896875
v -0.07806746620641053 -1.4839913627816714 0.016468750000000004
v -0.19521119058726621 -1.724171590896646 -0.07896875
v -0.19521119058726621 -1.724171590896646 0.016468750000000004
v -0.07806746620641053 -1.4839913627816714 -0.07896875
v 0.0077111905872662145 -1.525828409103354 -0.07896875
v -0.07806746620641053 -1.4839913627816714 0.016468750000000004
v 0.0077111905872662145 -1.525828409103354 0.016468750000000004
v -0.19521119058726621 -1.724171590896646 0.016468750000000004
v -0.10943253379358947 -1.7660086372183286 0.016468750000000004
v -0.19521119058726621 -1.724171590896646 -0.07896875
v -0.10943253379358947 -1.7660086372183286 -0.07896875
v -0.07806746620641053 -1.4839913627816714 0.016468750000000004
v 0.0077111905872662145 -1.525828409103354 0.016468750000000004
v -0.19521119058726621 -1.724171590896646 0.016468750000000004
v -0.10943253379358947 -1.7660086372183286 0.016468750000000004
v 0.0077111905872662145 -1.525828409103354 -0.07896875
v -0.07806746620641053 -1.4839913627816714 -0.07896875
v -0.10943253379358947 -1.7660086372183286 -0.07896875
v -0.19521119058726621 -1.724171590896646 -0.07896875
vt 0.4375 0.5
vt 0.5625 0.5
vt 0.4375 0.25
vt 0.5625 0.25
vt 0.4375 0.5
vt 0.5625 0.5
vt 0.4375 0.25
vt 0.5625 0.25
vt 0.4375 0.375
vt 0.5625 0.375
vt 0.4375 0.25
vt 0.5625 0.25
vt 0.4375 0.375
vt 0.5625 0.375
vt 0.4375 0.25
vt 0.5625 0.25
vt 0.4375 0.5
vt 0.5625 0.5
vt 0.4375 0.25
vt 0.5625 0.25
vt 0.4375 0.5
vt 0.5625 0.5
vt 0.4375 0.25
vt 0.5625 0.25
vn 0.8987940462991669 -0.4383711467890774 0
vn 0.8987940462991669 -0.4383711467890774 0
vn 0.8987940462991669 -0.4383711467890774 0
vn 0.8987940462991669 -0.4383711467890774 0
vn -0.8987940462991669 0.4383711467890774 0
vn -0.8987940462991669 0.4383711467890774 0
vn -0.8987940462991669 0.4383711467890774 0
vn -0.8987940462991669 0.4383711467890774 0
vn 0.4383711467890774 0.8987940462991669 0
vn 0.4383711467890774 0.8987940462991669 0
vn 0.4383711467890774 0.8987940462991669 0
vn 0.4383711467890774 0.8987940462991669 0
vn -0.4383711467890774 -0.8987940462991669 0
vn -0.4383711467890774 -0.8987940462991669 0
vn -0.4383711467890774 -0.8987940462991669 0
vn -0.4383711467890774 -0.8987940462991669 0
vn 0 0 0.9999999999999999
vn 0 0 0.9999999999999999
vn 0 0 0.9999999999999999
vn 0 0 0.9999999999999999
vn 0 0 -0.9999999999999999
vn 0 0 -0.9999999999999999
vn 0 0 -0.9999999999999999
vn 0 0 -0.9999999999999999
f 169/169/169 171/171/171 170/170/170
f 171/171/171 172/172/172 170/170/170
f 173/173/173 175/175/175 174/174/174
f 175/175/175 176/176/176 174/174/174
f 177/177/177 179/179/179 178/178/178
f 179/179/179 180/180/180 178/178/178
f 181/181/181 183/183/183 182/182/182
f 183/183/183 184/184/184 182/182/182
f 185/185/185 187/187/187 186/186/186
f 187/187/187 188/188/188 186/186/186
f 189/189/189 191/191/191 190/190/190
f 191/191/191 192/192/192 190/190/190
o handle_9
usemtl bark
v 0.07758220116269926 -1.4796281289188253 0.0804453125
v 0.07758220116269926 -1.4796281289188253 -0.017945312500000005
v 0.19835070679895472 -1.7272402599666308 0.0804453125
v 0.19835070679895472 -1.7272402599666308 -0.017945312500000005
v -0.010850706798954723 -1.5227597400333692 -0.017945312500000005
v -0.010850706798954723 -1.5227597400333692 0.0804453125
v 0.10991779883730074 -1.7703718710811747 -0.017945312500000005
v 0.10991779883730074 -1.7703718710811747 0.0804453125
v -0.010850706798954723 -1.5227597400333692 -0.017945312500000005
v 0.07758220116269926 -1.4796281289188253 -0.017945312500000005
v -0.010850706798954723 -1.5227597400333692 0.0804453125
v 0.07758220116269926 -1.4796281289188253 0.0804453125
v 0.10991779883730074 -1.7703718710811747 0.0804453125
v 0.19835070679895472 -1.7272402599666308 0.0804453125
v 0.10991779883730074 -1.7703718710811747 -0.017945312500000005
v 0.19835070679895472 -1.7272402599666308 -0.017945312500000005
v -0.010850706798954723 -1.5227597400333692 0.0804453125
v 0.07758220116269926 -1.4796281289188253 0.0804453125
v 0.10991779883730074 -1.7703718710811747 0.0804453125
v 0.19835070679895472 -1.7272402599666308 0.0804453125
v 0.07758220116269926 -1.4796281289188253 -0.017945312500000005
v -0.010850706798954723 -1.5227597400333692 -0.017945312500000005
v 0.19835070679895472 -1.7272402599666308 -0.017945312500000005
v 0.10991779883730074 -1.7703718710811747 -0.017945312500000005
vt 0.4375 0.5
vt 0.5625 0.5
vt 0.4375 0.25
vt 0.5625 0.25
vt 0.4375 0.5
vt 0.5625 0.5
vt 0.4375 0.25
vt 0.5625 0.25
vt 0.4375 0.375
vt 0.5625 0.375
vt 0.4375 0.25
vt 0.5625 0.25
vt 0.4375 0.375
vt 0.5625 0.375
vt 0.4375 0.25
vt 0.5625 0.25
vt 0.4375 0.5
vt 0.5625 0.5
vt 0.4375 0.25
vt 0.5625 0.25
vt 0.4375 0.5
vt 0.5625 0.5
vt 0.4375 0.25
vt 0.5625 0.25
vn 0.8987940462991669 0.43837114678907746 0
vn 0.8987940462991669 0.43837114678907746 0
vn 0.8987940462991669 0.43837114678907746 0
vn 0.8987940462991669 0.43837114678907746 0
vn -0.8987940462991669 -0.43837114678907746 0
vn -0.8987940462991669 -0.43837114678907746 0
vn -0.8987940462991669 -0.43837114678907746 0
vn -0.8987940462991669 -0.43837114678907746 0
vn -0.43837114678907746 0.8987940462991669 0
vn -0.43837114678907746 0.8987940462991669 0
vn -0.43837114678907746 0.8987940462991669 0
vn -0.43837114678907746 0.8987940462991669 0
vn 0.43837114678907746 -0.8987940462991669 0
vn 0.43837114678907746 -0.8987940462991669 0
vn 0.43837114678907746 -0.8987940462991669 0
vn 0.43837114678907746 -0.8987940462991669 0
vn 0 0 1
vn 0 0 1
vn 0 0 1
vn 0 0 1
vn 0 0 -1
vn 0 0 -1
vn 0 0 -1
vn 0 0 -1
f 193/193/193 195/195/195 194/194/194
f 195/195/195 196/196/196 194/194/194
f 197/197/197 199/199/199 198/198/198
f 199/199/199 200/200/200 198/198/198
f 201/201/201 203/203/203 202/202/202
f 203/203/203 204/204/204 202/202/202
f 205/205/205 207/207/207 206/206/206
f 207/207/207 208/208/208 206/206/206
f 209/209/209 211/211/211 210/210/210
f 211/211/211 212/212/212 210/210/210
f 213/213/213 215/215/215 214/214/214
f 215/215/215 216/216/216 214/214/214
o handle_10
usemtl heartwood_green
v 0.12142187347635626 0.0014062499999999978 0.12142187347635626
v 0.12142187347635626 0.0014062499999999978 -0.12142187347635626
v 0.12142187347635626 -0.12640625 0.12142187347635626
v 0.12142187347635626 -0.12640625 -0.12142187347635626
v -0.12142187347635626 0.0014062499999999978 -0.12142187347635626
v -0.12142187347635626 0.0014062499999999978 0.12142187347635626
v -0.12142187347635626 -0.12640625 -0.12142187347635626
v -0.12142187347635626 -0.12640625 0.12142187347635626
v -0.12142187347635626 0.0014062499999999978 -0.12142187347635626
v 0.12142187347635626 0.0014062499999999978 -0.12142187347635626
v -0.12142187347635626 0.0014062499999999978 0.12142187347635626
v 0.12142187347635626 0.0014062499999999978 0.12142187347635626
v -0.12142187347635626 -0.12640625 0.12142187347635626
v 0.12142187347635626 -0.12640625 0.12142187347635626
v -0.12142187347635626 -0.12640625 -0.12142187347635626
v 0.12142187347635626 -0.12640625 -0.12142187347635626
v -0.12142187347635626 0.0014062499999999978 0.12142187347635626
v 0.12142187347635626 0.0014062499999999978 0.12142187347635626
v -0.12142187347635626 -0.12640625 0.12142187347635626
v 0.12142187347635626 -0.12640625 0.12142187347635626
v 0.12142187347635626 0.0014062499999999978 -0.12142187347635626
v -0.12142187347635626 0.0014062499999999978 -0.12142187347635626
v 0.12142187347635626 -0.12640625 -0.12142187347635626
v -0.12142187347635626 -0.12640625 -0.12142187347635626
vt 0.5 0.5
vt 0.75 0.5
vt 0.5 0.375
vt 0.75 0.375
vt 0.5 0.5
vt 0.75 0.5
vt 0.5 0.375
vt 0.75 0.375
vt 0.5 0.625
vt 0.75 0.625
vt 0.5 0.375
vt 0.75 0.375
vt 0.5 0.625
vt 0.75 0.625
vt 0.5 0.375
vt 0.75 0.375
vt 0.5 0.5
vt 0.75 0.5
vt 0.5 0.375
vt 0.75 0.375
vt 0.5 0.5
vt 0.75 0.5
vt 0.5 0.375
vt 0.75 0.375
vn 1 0 0
vn 1 0 0
vn 1 0 0
vn 1 0 0
vn -1 0 0
vn -1 0 0
vn -1 0 0
vn -1 0 0
vn 0 1 0
vn 0 1 0
vn 0 1 0
vn 0 1 0
vn 0 -1 0
vn 0 -1 0
vn 0 -1 0
vn 0 -1 0
vn 0 0 1
vn 0 0 1
vn 0 0 1
vn 0 0 1
vn 0 0 -1
vn 0 0 -1
vn 0 0 -1
vn 0 0 -1
f 217/217/217 219/219/219 218/218/218
f 219/219/219 220/220/220 218/218/218
f 221/221/221 223/223/223 222/222/222
f 223/223/223 224/224/224 222/222/222
f 225/225/225 227/227/227 226/226/226
f 227/227/227 228/228/228 226/226/226
f 229/229/229 231/231/231 230/230/230
f 231/231/231 232/232/232 230/230/230
f 233/233/233 235/235/235 234/234/234
f 235/235/235 236/236/236 234/234/234
f 237/237/237 239/239/239 238/238/238
f 239/239/239 240/240/240 238/238/238
o handle_11
usemtl heartwood_green
v 0.18019036871611194 0.42111249921470884 -1.3877787807814457e-17
v 0.012499999999999987 0.42111249921470884 -0.16769036871611193
v 0.18019036871611194 0.32888750078529116 -1.3877787807814457e-17
v 0.012499999999999987 0.32888750078529116 -0.16769036871611193
v -0.15519036871611191 0.42111249921470884 1.3877787807814457e-17
v 0.012500000000000015 0.42111249921470884 0.16769036871611193
v -0.15519036871611191 0.32888750078529116 1.3877787807814457e-17
v 0.012500000000000015 0.32888750078529116 0.16769036871611193
v -0.15519036871611191 0.42111249921470884 1.3877787807814457e-17
v 0.012499999999999987 0.42111249921470884 -0.16769036871611193
v 0.012500000000000015 0.42111249921470884 0.16769036871611193
v 0.18019036871611194 0.42111249921470884 -1.3877787807814457e-17
v 0.012500000000000015 0.32888750078529116 0.16769036871611193
v 0.18019036871611194 0.32888750078529116 -1.3877787807814457e-17
v -0.15519036871611191 0.32888750078529116 1.3877787807814457e-17
v 0.012499999999999987 0.32888750078529116 -0.16769036871611193
v 0.012500000000000015 0.42111249921470884 0.16769036871611193
v 0.18019036871611194 0.42111249921470884 -1.3877787807814457e-17
v 0.012500000000000015 0.32888750078529116 0.16769036871611193
v 0.18019036871611194 0.32888750078529116 -1.3877787807814457e-17
v 0.012499999999999987 0.42111249921470884 -0.16769036871611193
v -0.15519036871611191 0.42111249921470884 1.3877787807814457e-17
v 0.012499999999999987 0.32888750078529116 -0.16769036871611193
v -0.15519036871611191 0.32888750078529116 1.3877787807814457e-17
vt 0.0625 0.3125
vt 0.3125 0.3125
vt 0.0625 0.25
vt 0.3125 0.25
vt 0.0625 0.3125
vt 0.3125 0.3125
vt 0.0625 0.25
vt 0.3125 0.25
vt 0.0625 0.5
vt 0.3125 0.5
vt 0.0625 0.25
vt 0.3125 0.25
vt 0.0625 0.5
vt 0.3125 0.5
vt 0.0625 0.25
vt 0.3125 0.25
vt 0.0625 0.3125
vt 0.3125 0.3125
vt 0.0625 0.25
vt 0.3125 0.25
vt 0.0625 0.3125
vt 0.3125 0.3125
vt 0.0625 0.25
vt 0.3125 0.25
vn 0.7071067811865476 0 -0.7071067811865476
vn 0.7071067811865476 0 -0.7071067811865476
vn 0.7071067811865476 0 -0.7071067811865476
vn 0.7071067811865476 0 -0.7071067811865476
vn -0.7071067811865476 0 0.7071067811865476
vn -0.7071067811865476 0 0.7071067811865476
vn -0.7071067811865476 0 0.7071067811865476
vn -0.7071067811865476 0 0.7071067811865476
vn 0 1 0
vn 0 1 0
vn 0 1 0
vn 0 1 0
vn 0 -1 0
vn 0 -1 0
vn 0 -1 0
vn 0 -1 0
vn 0.7071067811865476 0 0.7071067811865476
vn 0.7071067811865476 0 0.7071067811865476
vn 0.7071067811865476 0 0.7071067811865476
vn 0.7071067811865476 0 0.7071067811865476
vn -0.7071067811865476 0 -0.7071067811865476
vn -0.7071067811865476 0 -0.7071067811865476
vn -0.7071067811865476 0 -0.7071067811865476
vn -0.7071067811865476 0 -0.7071067811865476
f 241/241/241 243/243/243 242/242/242
f 243/243/243 244/244/244 242/242/242
f 245/245/245 247/247/247 246/246/246
f 247/247/247 248/248/248 246/246/246
f 249/249/249 251/251/251 250/250/250
f 251/251/251 252/252/252 250/250/250
f 253/253/253 255/255/255 254/254/254
f 255/255/255 256/256/256 254/254/254
f 257/257/257 259/259/259 258/258/258
f 259/259/259 260/260/260 258/258/258
f 261/261/261 263/263/263 262/262/262
f 263/263/263 264/264/264 262/262/262
o twig_12
usemtl branch_wood
v 0.3799719384361633 0.8105816230844729 0.051350000765174625
v 0.3799719384361633 0.8105816230844729 -0.051350000765174625
v 0.12227301366220802 0.5243779721724915 0.051350000765174625
v 0.12227301366220802 0.5243779721724915 -0.051350000765174625
v 0.3036509637223638 0.8793013373815313 -0.051350000765174625
v 0.3036509637223638 0.8793013373815313 0.051350000765174625
v 0.04595203894840852 0.5930976864695499 -0.051350000765174625
v 0.04595203894840852 0.5930976864695499 0.051350000765174625
v 0.3036509637223638 0.8793013373815313 -0.051350000765174625
v 0.3799719384361633 0.8105816230844729 -0.051350000765174625
v 0.3036509637223638 0.8793013373815313 0.051350000765174625
v 0.3799719384361633 0.8105816230844729 0.051350000765174625
v 0.04595203894840852 0.5930976864695499 0.051350000765174625
v 0.12227301366220802 0.5243779721724915 0.051350000765174625
v 0.04595203894840852 0.5930976864695499 -0.051350000765174625
v 0.12227301366220802 0.5243779721724915 -0.051350000765174625
v 0.3036509637223638 0.8793013373815313 0.051350000765174625
v 0.3799719384361633 0.8105816230844729 0.051350000765174625
v 0.04595203894840852 0.5930976864695499 0.051350000765174625
v 0.12227301366220802 0.5243779721724915 0.051350000765174625
v 0.3799719384361633 0.8105816230844729 -0.051350000765174625
v 0.3036509637223638 0.8793013373815313 -0.051350000765174625
v 0.12227301366220802 0.5243779721724915 -0.051350000765174625
v 0.04595203894840852 0.5930976864695499 -0.051350000765174625
vt 0.3125 1
vt 0.4375 1
vt 0.3125 0.625
vt 0.4375 0.625
vt 0.3125 1
vt 0.4375 1
vt 0.3125 0.625
vt 0.4375 0.625
vt 0.3125 0.75
vt 0.4375 0.75
vt 0.3125 0.625
vt 0.4375 0.625
vt 0.3125 0.75
vt 0.4375 0.75
vt 0.3125 0.625
vt 0.4375 0.625
vt 0.3125 1
vt 0.4375 1
vt 0.3125 0.625
vt 0.4375 0.625
vt 0.3125 1
vt 0.4375 1
vt 0.3125 0.625
vt 0.4375 0.625
vn 0.7431448254773942 -0.6691306063588582 0
vn 0.7431448254773942 -0.6691306063588582 0
vn 0.7431448254773942 -0.6691306063588582 0
vn 0.7431448254773942 -0.6691306063588582 0
vn -0.7431448254773942 0.6691306063588582 0
vn -0.7431448254773942 0.6691306063588582 0
vn -0.7431448254773942 0.6691306063588582 0
vn -0.7431448254773942 0.6691306063588582 0
vn 0.6691306063588582 0.7431448254773942 0
vn 0.6691306063588582 0.7431448254773942 0
vn 0.6691306063588582 0.7431448254773942 0
vn 0.6691306063588582 0.7431448254773942 0
vn -0.6691306063588582 -0.7431448254773942 0
vn -0.6691306063588582 -0.7431448254773942 0
vn -0.6691306063588582 -0.7431448254773942 0
vn -0.6691306063588582 -0.7431448254773942 0
vn 0 0 0.9999999999999999
vn 0 0 0.9999999999999999
vn 0 0 0.9999999999999999
vn 0 0 0.9999999999999999
vn 0 0 -0.9999999999999999
vn 0 0 -0.9999999999999999
vn 0 0 -0.9999999999999999
vn 0 0 -0.9999999999999999
f 265/265/265 267/267/267 266/266/266
f 267/267/267 268/268/268 266/266/266
f 269/269/269 271/271/271 270/270/270
f 271/271/271 272/272/272 270/270/270
f 273/273/273 275/275/275 274/274/274
f 275/275/275 276/276/276 274/274/274
f 277/277/277 279/279/279 278/278/278
f 279/279/279 280/280/280 278/278/278
f 281/281/281 283/283/283 282/282/282
f 283/283/283 284/284/284 282/282/282
f 285/285/285 287/287/287 286/286/286
f 287/287/287 288/288/288 286/286/286
o twig_13
usemtl branch_wood
v 0.4341074092422236 1.0469549388886004 0.03750000149011612
v 0.4341074092422236 1.0469549388886004 -0.03750000149011612
v 0.35685316064848666 0.809190809814812 0.03750000149011612
v 0.35685316064848666 0.809190809814812 -0.03750000149011612
v 0.36277816768571775 1.0701312143876638 -0.03750000149011612
v 0.36277816768571775 1.0701312143876638 0.03750000149011612
v 0.2855239190919808 0.8323670853138754 -0.03750000149011612
v 0.2855239190919808 0.8323670853138754 0.03750000149011612
v 0.36277816768571775 1.0701312143876638 -0.03750000149011612
v 0.4341074092422236 1.0469549388886004 -0.03750000149011612
v 0.36277816768571775 1.0701312143876638 0.03750000149011612
v 0.4341074092422236 1.0469549388886004 0.03750000149011612
v 0.2855239190919808 0.8323670853138754 0.03750000149011612
v 0.35685316064848666 0.809190809814812 0.03750000149011612
v 0.2855239190919808 0.8323670853138754 -0.03750000149011612
v 0.35685316064848666 0.809190809814812 -0.03750000149011612
v 0.36277816768571775 1.0701312143876638 0.03750000149011612
v 0.4341074092422236 1.0469549388886004 0.03750000149011612
v 0.2855239190919808 0.8323670853138754 0.03750000149011612
v 0.35685316064848666 0.809190809814812 0.03750000149011612
v 0.4341074092422236 1.0469549388886004 -0.03750000149011612
v 0.36277816768571775 1.0701312143876638 -0.03750000149011612
v 0.35685316064848666 0.809190809814812 -0.03750000149011612
v 0.2855239190919808 0.8323670853138754 -0.03750000149011612
vt 0.875 0.875
vt 0.9375 0.875
vt 0.875 0.625
vt 0.9375 0.625
vt 0.875 0.875
vt 0.9375 0.875
vt 0.875 0.625
vt 0.9375 0.625
vt 0.875 0.6875
vt 0.9375 0.6875
vt 0.875 0.625
vt 0.9375 0.625
vt 0.875 0.6875
vt 0.9375 0.6875
vt 0.875 0.625
vt 0.9375 0.625
vt 0.875 0.875
vt 0.9375 0.875
vt 0.875 0.625
vt 0.9375 0.625
vt 0.875 0.875
vt 0.9375 0.875
vt 0.875 0.625
vt 0.9375 0.625
vn 0.9510565162951536 -0.30901699437494745 0
vn 0.9510565162951536 -0.30901699437494745 0
vn 0.9510565162951536 -0.30901699437494745 0
vn 0.9510565162951536 -0.30901699437494745 0
vn -0.9510565162951536 0.30901699437494745 0
vn -0.9510565162951536 0.30901699437494745 0
vn -0.9510565162951536 0.30901699437494745 0
vn -0.9510565162951536 0.30901699437494745 0
vn 0.30901699437494745 0.9510565162951536 0
vn 0.30901699437494745 0.9510565162951536 0
vn 0.30901699437494745 0.9510565162951536 0
vn 0.30901699437494745 0.9510565162951536 0
vn -0.30901699437494745 -0.9510565162951536 0
vn -0.30901699437494745 -0.9510565162951536 0
vn -0.30901699437494745 -0.9510565162951536 0
vn -0.30901699437494745 -0.9510565162951536 0
vn 0 0 1
vn 0 0 1
vn 0 0 1
vn 0 0 1
vn 0 0 -1
vn 0 0 -1
vn 0 0 -1
vn 0 0 -1
f 289/289/289 291/291/291 290/290/290
f 291/291/291 292/292/292 290/290/290
f 293/293/293 295/295/295 294/294/294
f 295/295/295 296/296/296 294/294/294
f 297/297/297 299/299/299 298/298/298
f 299/299/299 300/300/300 298/298/298
f 301/301/301 303/303/303 302/302/302
f 303/303/303 304/304/304 302/302/302
f 305/305/305 307/307/307 306/306/306
f 307/307/307 308/308/308 306/306/306
f 309/309/309 311/311/311 310/310/310
f 311/311/311 312/312/312 310/310/310
o leaf_4_124
usemtl leaf
v 0.37802461021197836 0.8804700983409126 0.009796875389292836
v 0.37802461021197836 0.8804700983409126 -0.009796875389292836
v 0.36797597817564087 0.8331950015036895 0.009796875389292836
v 0.36797597817564087 0.8331950015036895 -0.009796875389292836
v 0.31822800268030205 0.8931802596373775 -0.009796875389292836
v 0.31822800268030205 0.8931802596373775 0.009796875389292836
v 0.30817937064396456 0.8459051628001544 -0.009796875389292836
v 0.30817937064396456 0.8459051628001544 0.009796875389292836
v 0.31822800268030205 0.8931802596373775 -0.009796875389292836
v 0.37802461021197836 0.8804700983409126 -0.009796875389292836
v 0.31822800268030205 0.8931802596373775 0.009796875389292836
v 0.37802461021197836 0.8804700983409126 0.009796875389292836
v 0.30817937064396456 0.8459051628001544 0.009796875389292836
v 0.36797597817564087 0.8331950015036895 0.009796875389292836
v 0.30817937064396456 0.8459051628001544 -0.009796875389292836
v 0.36797597817564087 0.8331950015036895 -0.009796875389292836
v 0.31822800268030205 0.8931802596373775 0.009796875389292836
v 0.37802461021197836 0.8804700983409126 0.009796875389292836
v 0.30817937064396456 0.8459051628001544 0.009796875389292836
v 0.36797597817564087 0.8331950015036895 0.009796875389292836
v 0.37802461021197836 0.8804700983409126 -0.009796875389292836
v 0.31822800268030205 0.8931802596373775 -0.009796875389292836
v 0.36797597817564087 0.8331950015036895 -0.009796875389292836
v 0.30817937064396456 0.8459051628001544 -0.009796875389292836
vt 0.9375 0.4375
vt 1 0.4375
vt 0.9375 0.375
vt 1 0.375
vt 0.9375 0.4375
vt 1 0.4375
vt 0.9375 0.375
vt 1 0.375
vt 0.9375 0.4375
vt 1 0.4375
vt 0.9375 0.375
vt 1 0.375
vt 0.9375 0.4375
vt 1 0.4375
vt 0.9375 0.375
vt 1 0.375
vt 0.9375 0.4375
vt 1 0.4375
vt 0.9375 0.375
vt 1 0.375
vt 0.9375 0.4375
vt 1 0.4375
vt 0.9375 0.375
vt 1 0.375
vn 0.9781476007338056 -0.20791169081775948 0
vn 0.9781476007338056 -0.20791169081775948 0
vn 0.9781476007338056 -0.20791169081775948 0
vn 0.9781476007338056 -0.20791169081775948 0
vn -0.9781476007338056 0.20791169081775948 0
vn -0.9781476007338056 0.20791169081775948 0
vn -0.9781476007338056 0.20791169081775948 0
vn -0.9781476007338056 0.20791169081775948 0
vn 0.20791169081775948 0.9781476007338056 0
vn 0.20791169081775948 0.9781476007338056 0
vn 0.20791169081775948 0.9781476007338056 0
vn 0.20791169081775948 0.9781476007338056 0
vn -0.20791169081775948 -0.9781476007338056 0
vn -0.20791169081775948 -0.9781476007338056 0
vn -0.20791169081775948 -0.9781476007338056 0
vn -0.20791169081775948 -0.9781476007338056 0
vn 0 0 1
vn 0 0 1
vn 0 0 1
vn 0 0 1
vn 0 0 -1
vn 0 0 -1
vn 0 0 -1
vn 0 0 -1
f 313/313/313 315/315/315 314/314/314
f 315/315/315 316/316/316 314/314/314
f 317/317/317 319/319/319 318/318/318
f 319/319/319 320/320/320 318/318/318
f 321/321/321 323/323/323 322/322/322
f 323/323/323 324/324/324 322/322/322
f 325/325/325 327/327/327 326/326/326
f 327/327/327 328/328/328 326/326/326
f 329/329/329 331/331/331 330/330/330
f 331/331/331 332/332/332 330/330/330
f 333/333/333 335/335/335 334/334/334
f 335/335/335 336/336/336 334/334/334
o leaf_4_125
usemtl leaf
v 0.4083226890836093 0.9193970457225327 0.009925500204786658
v 0.4083226890836093 0.9193970457225327 -0.009925500204786658
v 0.39853368677452644 0.8733434107174675 0.009925500204786658
v 0.39853368677452644 0.8733434107174675 -0.009925500204786658
v 0.30638234625501476 0.941065134489642 -0.009925500204786658
v 0.30638234625501476 0.941065134489642 0.009925500204786658
v 0.2965933439459319 0.8950114994845768 -0.009925500204786658
v 0.2965933439459319 0.8950114994845768 0.009925500204786658
v 0.30638234625501476 0.941065134489642 -0.009925500204786658
v 0.4083226890836093 0.9193970457225327 -0.009925500204786658
v 0.30638234625501476 0.941065134489642 0.009925500204786658
v 0.4083226890836093 0.9193970457225327 0.009925500204786658
v 0.2965933439459319 0.8950114994845768 0.009925500204786658
v 0.39853368677452644 0.8733434107174675 0.009925500204786658
v 0.2965933439459319 0.8950114994845768 -0.009925500204786658
v 0.39853368677452644 0.8733434107174675 -0.009925500204786658
v 0.30638234625501476 0.941065134489642 0.009925500204786658
v 0.4083226890836093 0.9193970457225327 0.009925500204786658
v 0.2965933439459319 0.8950114994845768 0.009925500204786658
v 0.39853368677452644 0.8733434107174675 0.009925500204786658
v 0.4083226890836093 0.9193970457225327 -0.009925500204786658
v 0.30638234625501476 0.941065134489642 -0.009925500204786658
v 0.39853368677452644 0.8733434107174675 -0.009925500204786658
v 0.2965933439459319 0.8950114994845768 -0.009925500204786658
vt 0.375 0.625
vt 0.4375 0.625
vt 0.375 0.5625
vt 0.4375 0.5625
vt 0.375 0.625
vt 0.4375 0.625
vt 0.375 0.5625
vt 0.4375 0.5625
vt 0.375 0.625
vt 0.5 0.625
vt 0.375 0.5625
vt 0.5 0.5625
vt 0.375 0.625
vt 0.5 0.625
vt 0.375 0.5625
vt 0.5 0.5625
vt 0.375 0.625
vt 0.5 0.625
vt 0.375 0.5625
vt 0.5 0.5625
vt 0.375 0.625
vt 0.5 0.625
vt 0.375 0.5625
vt 0.5 0.5625
vn 0.9781476007338057 -0.20791169081775943 0
vn 0.9781476007338057 -0.20791169081775943 0
vn 0.9781476007338057 -0.20791169081775943 0
vn 0.9781476007338057 -0.20791169081775943 0
vn -0.9781476007338057 0.20791169081775943 0
vn -0.9781476007338057 0.20791169081775943 0
vn -0.9781476007338057 0.20791169081775943 0
vn -0.9781476007338057 0.20791169081775943 0
vn 0.20791169081775943 0.9781476007338057 0
vn 0.20791169081775943 0.9781476007338057 0
vn 0.20791169081775943 0.9781476007338057 0
vn 0.20791169081775943 0.9781476007338057 0
vn -0.20791169081775943 -0.9781476007338057 0
vn -0.20791169081775943 -0.9781476007338057 0
vn -0.20791169081775943 -0.9781476007338057 0
vn -0.20791169081775943 -0.9781476007338057 0
vn 0 0 0.9999999999999999
vn 0 0 0.9999999999999999
vn 0 0 0.9999999999999999
vn 0 0 0.9999999999999999
vn 0 0 -0.9999999999999999
vn 0 0 -0.9999999999999999
vn 0 0 -0.9999999999999999
vn 0 0 -0.9999999999999999
f 337/337/337 339/339/339 338/338/338
f 339/339/339 340/340/340 338/338/338
f 341/341/341 343/343/343 342/342/342
f 343/343/343 344/344/344 342/342/342
f 345/345/345 347/347/347 346/346/346
f 347/347/347 348/348/348 346/346/346
f 349/349/349 351/351/351 350/350/350
f 351/351/351 352/352/352 350/350/350
f 353/353/353 355/355/355 354/354/354
f 355/355/355 356/356/356 354/354/354
f 357/357/357 359/359/359 358/358/358
f 359/359/359 360/360/360 358/358/358
o leaf_4_126
usemtl leaf
v 0.44192762362406945 0.959004134387062 0.01311875019548461
v 0.44192762362406945 0.959004134387062 -0.01311875019548461
v 0.43183571996652287 0.9115254605778126 0.01311875019548461
v 0.43183571996652287 0.9115254605778126 -0.01311875019548461
v 0.2917923652366167 0.9909163686953394 -0.01311875019548461
v 0.2917923652366167 0.9909163686953394 0.01311875019548461
v 0.28170046157907014 0.94343769488609 -0.01311875019548461
v 0.28170046157907014 0.94343769488609 0.01311875019548461
v 0.2917923652366167 0.9909163686953394 -0.01311875019548461
v 0.44192762362406945 0.959004134387062 -0.01311875019548461
v 0.2917923652366167 0.9909163686953394 0.01311875019548461
v 0.44192762362406945 0.959004134387062 0.01311875019548461
v 0.28170046157907014 0.94343769488609 0.01311875019548461
v 0.43183571996652287 0.9115254605778126 0.01311875019548461
v 0.28170046157907014 0.94343769488609 -0.01311875019548461
v 0.43183571996652287 0.9115254605778126 -0.01311875019548461
v 0.2917923652366167 0.9909163686953394 0.01311875019548461
v 0.44192762362406945 0.959004134387062 0.01311875019548461
v 0.28170046157907014 0.94343769488609 0.01311875019548461
v 0.43183571996652287 0.9115254605778126 0.01311875019548461
v 0.44192762362406945 0.959004134387062 -0.01311875019548461
v 0.2917923652366167 0.9909163686953394 -0.01311875019548461
v 0.43183571996652287 0.9115254605778126 -0.01311875019548461
v 0.28170046157907014 0.94343769488609 -0.01311875019548461
vt 0.25 0.4375
vt 0.3125 0.4375
vt 0.25 0.375
vt 0.3125 0.375
vt 0.25 0.4375
vt 0.3125 0.4375
vt 0.25 0.375
vt 0.3125 0.375
vt 0.25 0.4375
vt 0.375 0.4375
vt 0.25 0.375
vt 0.375 0.375
vt 0.25 0.4375
vt 0.375 0.4375
vt 0.25 0.375
vt 0.375 0.375
vt 0.25 0.4375
vt 0.375 0.4375
vt 0.25 0.375
vt 0.375 0.375
vt 0.25 0.4375
vt 0.375 0.4375
vt 0.25 0.375
vt 0.375 0.375
vn 0.9781476007338056 -0.20791169081775943 0
vn 0.9781476007338056 -0.20791169081775943 0
vn 0.9781476007338056 -0.20791169081775943 0
vn 0.9781476007338056 -0.20791169081775943 0
vn -0.9781476007338056 0.20791169081775943 0
vn -0.9781476007338056 0.20791169081775943 0
vn -0.9781476007338056 0.20791169081775943 0
vn -0.9781476007338056 0.20791169081775943 0
vn 0.20791169081775943 0.9781476007338056 0
vn 0.20791169081775943 0.9781476007338056 0
vn 0.20791169081775943 0.9781476007338056 0
vn 0.20791169081775943 0.9781476007338056 0
vn -0.20791169081775943 -0.9781476007338056 0
vn -0.20791169081775943 -0.9781476007338056 0
vn -0.20791169081775943 -0.9781476007338056 0
vn -0.20791169081775943 -0.9781476007338056 0
vn 0 0 1
vn 0 0 1
vn 0 0 1
vn 0 0 1
vn 0 0 -1
vn 0 0 -1
vn 0 0 -1
vn 0 0 -1
f 361/361/361 363/363/363 362/362/362
f 363/363/363 364/364/364 362/362/362
f 365/365/365 367/367/367 366/366/366
f 367/367/367 368/368/368 366/366/366
f 369/369/369 371/371/371 370/370/370
f 371/371/371 372/372/372 370/370/370
f 373/373/373 375/375/375 374/374/374
f 375/375/375 376/376/376 374/374/374
f 377/377/377 379/379/379 378/378/378
f 379/379/379 380/380/380 378/378/378
f 381/381/381 383/383/383 382/382/382
f 383/383/383 384/384/384 382/382/382
o leaf_4_127
usemtl leaf
v 0.4272816872557929 1.0074842271157218 0.009969375205691904
v 0.4272816872557929 1.0074842271157218 -0.009969375205691904
v 0.41744941332550095 0.9612270151386304 0.009969375205691904
v 0.41744941332550095 0.9612270151386304 -0.009969375205691904
v 0.32489072405123703 1.029248098200564 -0.009969375205691904
v 0.32489072405123703 1.029248098200564 0.009969375205691904
v 0.3150584501209451 0.9829908862234725 -0.009969375205691904
v 0.3150584501209451 0.9829908862234725 0.009969375205691904
v 0.32489072405123703 1.029248098200564 -0.009969375205691904
v 0.4272816872557929 1.0074842271157218 -0.009969375205691904
v 0.32489072405123703 1.029248098200564 0.009969375205691904
v 0.4272816872557929 1.0074842271157218 0.009969375205691904
v 0.3150584501209451 0.9829908862234725 0.009969375205691904
v 0.41744941332550095 0.9612270151386304 0.009969375205691904
v 0.3150584501209451 0.9829908862234725 -0.009969375205691904
v 0.41744941332550095 0.9612270151386304 -0.009969375205691904
v 0.32489072405123703 1.029248098200564 0.009969375205691904
v 0.4272816872557929 1.0074842271157218 0.009969375205691904
v 0.3150584501209451 0.9829908862234725 0.009969375205691904
v 0.41744941332550095 0.9612270151386304 0.009969375205691904
v 0.4272816872557929 1.0074842271157218 -0.009969375205691904
v 0.32489072405123703 1.029248098200564 -0.009969375205691904
v 0.41744941332550095 0.9612270151386304 -0.009969375205691904
v 0.3150584501209451 0.9829908862234725 -0.009969375205691904
vt 0.375 0.625
vt 0.4375 0.625
vt 0.375 0.5625
vt 0.4375 0.5625
vt 0.375 0.625
vt 0.4375 0.625
vt 0.375 0.5625
vt 0.4375 0.5625
vt 0.375 0.625
vt 0.5 0.625
vt 0.375 0.5625
vt 0.5 0.5625
vt 0.375 0.625
vt 0.5 0.625
vt 0.375 0.5625
vt 0.5 0.5625
vt 0.375 0.625
vt 0.5 0.625
vt 0.375 0.5625
vt 0.5 0.5625
vt 0.375 0.625
vt 0.5 0.625
vt 0.375 0.5625
vt 0.5 0.5625
vn 0.9781476007338056 -0.20791169081775945 0
vn 0.9781476007338056 -0.20791169081775945 0
vn 0.9781476007338056 -0.20791169081775945 0
vn 0.9781476007338056 -0.20791169081775945 0
vn -0.9781476007338056 0.20791169081775945 0
vn -0.9781476007338056 0.20791169081775945 0
vn -0.9781476007338056 0.20791169081775945 0
vn -0.9781476007338056 0.20791169081775945 0
vn 0.20791169081775945 0.9781476007338056 0
vn 0.20791169081775945 0.9781476007338056 0
vn 0.20791169081775945 0.9781476007338056 0
vn 0.20791169081775945 0.9781476007338056 0
vn -0.20791169081775945 -0.9781476007338056 0
vn -0.20791169081775945 -0.9781476007338056 0
vn -0.20791169081775945 -0.9781476007338056 0
vn -0.20791169081775945 -0.9781476007338056 0
vn 0 0 1
vn 0 0 1
vn 0 0 1
vn 0 0 1
vn 0 0 -1
vn 0 0 -1
vn 0 0 -1
vn 0 0 -1
f 385/385/385 387/387/387 386/386/386
f 387/387/387 388/388/388 386/386/386
f 389/389/389 391/391/391 390/390/390
f 391/391/391 392/392/392 390/390/390
f 393/393/393 395/395/395 394/394/394
f 395/395/395 396/396/396 394/394/394
f 397/397/397 399/399/399 398/398/398
f 399/399/399 400/400/400 398/398/398
f 401/401/401 403/403/403 402/402/402
f 403/403/403 404/404/404 402/402/402
f 405/405/405 407/407/407 406/406/406
f 407/407/407 408/408/408 406/406/406
o leaf_4_128
usemtl leaf
v 0.41574948353339136 1.0566855106930295 0.009881250392645598
v 0.41574948353339136 1.0566855106930295 -0.009881250392645598
v 0.4056143082546356 1.0090032599117538 0.009881250392645598
v 0.4056143082546356 1.0090032599117538 -0.009881250392645598
v 0.35543788129570064 1.0695051374934832 -0.009881250392645598
v 0.35543788129570064 1.0695051374934832 0.009881250392645598
v 0.3453027060169449 1.0218228867122074 -0.009881250392645598
v 0.3453027060169449 1.0218228867122074 0.009881250392645598
v 0.35543788129570064 1.0695051374934832 -0.009881250392645598
v 0.41574948353339136 1.0566855106930295 -0.009881250392645598
v 0.35543788129570064 1.0695051374934832 0.009881250392645598
v 0.41574948353339136 1.0566855106930295 0.009881250392645598
v 0.3453027060169449 1.0218228867122074 0.009881250392645598
v 0.4056143082546356 1.0090032599117538 0.009881250392645598
v 0.3453027060169449 1.0218228867122074 -0.009881250392645598
v 0.4056143082546356 1.0090032599117538 -0.009881250392645598
v 0.35543788129570064 1.0695051374934832 0.009881250392645598
v 0.41574948353339136 1.0566855106930295 0.009881250392645598
v 0.3453027060169449 1.0218228867122074 0.009881250392645598
v 0.4056143082546356 1.0090032599117538 0.009881250392645598
v 0.41574948353339136 1.0566855106930295 -0.009881250392645598
v 0.35543788129570064 1.0695051374934832 -0.009881250392645598
v 0.4056143082546356 1.0090032599117538 -0.009881250392645598
v 0.3453027060169449 1.0218228867122074 -0.009881250392645598
vt 0.9375 0.4375
vt 1 0.4375
vt 0.9375 0.375
vt 1 0.375
vt 0.9375 0.4375
vt 1 0.4375
vt 0.9375 0.375
vt 1 0.375
vt 0.9375 0.4375
vt 1 0.4375
vt 0.9375 0.375
vt 1 0.375
vt 0.9375 0.4375
vt 1 0.4375
vt 0.9375 0.375
vt 1 0.375
vt 0.9375 0.4375
vt 1 0.4375
vt 0.9375 0.375
vt 1 0.375
vt 0.9375 0.4375
vt 1 0.4375
vt 0.9375 0.375
vt 1 0.375
vn 0.9781476007338056 -0.20791169081775943 0
vn 0.9781476007338056 -0.20791169081775943 0
vn 0.9781476007338056 -0.20791169081775943 0
vn 0.9781476007338056 -0.20791169081775943 0
vn -0.9781476007338056 0.20791169081775943 0
vn -0.9781476007338056 0.20791169081775943 0
vn -0.9781476007338056 0.20791169081775943 0
vn -0.9781476007338056 0.20791169081775943 0
vn 0.20791169081775943 0.9781476007338056 0
vn 0.20791169081775943 0.9781476007338056 0
vn 0.20791169081775943 0.9781476007338056 0
vn 0.20791169081775943 0.9781476007338056 0
vn -0.20791169081775943 -0.9781476007338056 0
vn -0.20791169081775943 -0.9781476007338056 0
vn -0.20791169081775943 -0.9781476007338056 0
vn -0.20791169081775943 -0.9781476007338056 0
vn 0 0 1
vn 0 0 1
vn 0 0 1
vn 0 0 1
vn 0 0 -1
vn 0 0 -1
vn 0 0 -1
vn 0 0 -1
f 409/409/409 411/411/411 410/410/410
f 411/411/411 412/412/412 410/410/410
f 413/413/413 415/415/415 414/414/414
f 415/415/415 416/416/416 414/414/414
f 417/417/417 419/419/419 418/418/418
f 419/419/419 420/420/420 418/418/418
f 421/421/421 423/423/423 422/422/422
f 423/423/423 424/424/424 422/422/422
f 425/425/425 427/427/427 426/426/426
f 427/427/427 428/428/428 426/426/426
f 429/429/429 431/431/431 430/430/430
f 431/431/431 432/432/432 430/430/430
o leaf_4_129
usemtl vine
v 0.39048062413262724 1.039777851915275 0.016046875
v 0.39048062413262724 1.039777851915275 -0.016046875
v 0.34964391003389655 0.8476562171942233 0.016046875
v 0.34964391003389655 0.8476562171942233 -0.016046875
v 0.3716451686475432 1.0437814515706731 -0.016046875
v 0.3716451686475432 1.0437814515706731 0.016046875
v 0.3308084545488125 0.8516598168496216 -0.016046875
v 0.3308084545488125 0.8516598168496216 0.016046875
v 0.3716451686475432 1.0437814515706731 -0.016046875
v 0.39048062413262724 1.039777851915275 -0.016046875
v 0.3716451686475432 1.0437814515706731 0.016046875
v 0.39048062413262724 1.039777851915275 0.016046875
v 0.3308084545488125 0.8516598168496216 0.016046875
v 0.34964391003389655 0.8476562171942233 0.016046875
v 0.3308084545488125 0.8516598168496216 -0.016046875
v 0.34964391003389655 0.8476562171942233 -0.016046875
v 0.3716451686475432 1.0437814515706731 0.016046875
v 0.39048062413262724 1.039777851915275 0.016046875
v 0.3308084545488125 0.8516598168496216 0.016046875
v 0.34964391003389655 0.8476562171942233 0.016046875
v 0.39048062413262724 1.039777851915275 -0.016046875
v 0.3716451686475432 1.0437814515706731 -0.016046875
v 0.34964391003389655 0.8476562171942233 -0.016046875
v 0.3308084545488125 0.8516598168496216 -0.016046875
vt 0 0.8125
vt 0.0625 0.8125
vt 0 0.625
vt 0.0625 0.625
vt 0 0.8125
vt 0.0625 0.8125
vt 0 0.625
vt 0.0625 0.625
vt 0 0.6875
vt 0.0625 0.6875
vt 0 0.625
vt 0.0625 0.625
vt 0 0.6875
vt 0.0625 0.6875
vt 0 0.625
vt 0.0625 0.625
vt 0 0.8125
vt 0.0625 0.8125
vt 0 0.625
vt 0.0625 0.625
vt 0 0.8125
vt 0.0625 0.8125
vt 0 0.625
vt 0.0625 0.625
vn 0.9781476007338055 -0.20791169081775943 0
vn 0.9781476007338055 -0.20791169081775943 0
vn 0.9781476007338055 -0.20791169081775943 0
vn 0.9781476007338055 -0.20791169081775943 0
vn -0.9781476007338055 0.20791169081775943 0
vn -0.9781476007338055 0.20791169081775943 0
vn -0.9781476007338055 0.20791169081775943 0
vn -0.9781476007338055 0.20791169081775943 0
vn 0.20791169081775943 0.9781476007338055 0
vn 0.20791169081775943 0.9781476007338055 0
vn 0.20791169081775943 0.9781476007338055 0
vn 0.20791169081775943 0.9781476007338055 0
vn -0.20791169081775943 -0.9781476007338055 0
vn -0.20791169081775943 -0.9781476007338055 0
vn -0.20791169081775943 -0.9781476007338055 0
vn -0.20791169081775943 -0.9781476007338055 0
vn 0 0 0.9999999999999999
vn 0 0 0.9999999999999999
vn 0 0 0.9999999999999999
vn 0 0 0.9999999999999999
vn 0 0 -0.9999999999999999
vn 0 0 -0.9999999999999999
vn 0 0 -0.9999999999999999
vn 0 0 -0.9999999999999999
f 433/433/433 435/435/435 434/434/434
f 435/435/435 436/436/436 434/434/434
f 437/437/437 439/439/439 438/438/438
f 439/439/439 440/440/440 438/438/438
f 441/441/441 443/443/443 442/442/442
f 443/443/443 444/444/444 442/442/442
f 445/445/445 447/447/447 446/446/446
f 447/447/447 448/448/448 446/446/446
f 449/449/449 451/451/451 450/450/450
f 451/451/451 452/452/452 450/450/450
f 453/453/453 455/455/455 454/454/454
f 455/455/455 456/456/456 454/454/454
o leaf_5_130
usemtl leaf
v 0.44693680141538894 1.035183537122391 0.00937500037252903
v 0.44693680141538894 1.035183537122391 -0.00937500037252903
v 0.41051521176269434 1.0158178343879491 0.00937500037252903
v 0.41051521176269434 1.0158178343879491 -0.00937500037252903
v 0.42252427964683426 1.0810968128983554 -0.00937500037252903
v 0.42252427964683426 1.0810968128983554 0.00937500037252903
v 0.38610268999413966 1.0617311101639135 -0.00937500037252903
v 0.38610268999413966 1.0617311101639135 0.00937500037252903
v 0.42252427964683426 1.0810968128983554 -0.00937500037252903
v 0.44693680141538894 1.035183537122391 -0.00937500037252903
v 0.42252427964683426 1.0810968128983554 0.00937500037252903
v 0.44693680141538894 1.035183537122391 0.00937500037252903
v 0.38610268999413966 1.0617311101639135 0.00937500037252903
v 0.41051521176269434 1.0158178343879491 0.00937500037252903
v 0.38610268999413966 1.0617311101639135 -0.00937500037252903
v 0.41051521176269434 1.0158178343879491 -0.00937500037252903
v 0.42252427964683426 1.0810968128983554 0.00937500037252903
v 0.44693680141538894 1.035183537122391 0.00937500037252903
v 0.38610268999413966 1.0617311101639135 0.00937500037252903
v 0.41051521176269434 1.0158178343879491 0.00937500037252903
v 0.44693680141538894 1.035183537122391 -0.00937500037252903
v 0.42252427964683426 1.0810968128983554 -0.00937500037252903
v 0.41051521176269434 1.0158178343879491 -0.00937500037252903
v 0.38610268999413966 1.0617311101639135 -0.00937500037252903
vt 0.3125 0.375
vt 0.375 0.375
vt 0.3125 0.3125
vt 0.375 0.3125
vt 0.3125 0.375
vt 0.375 0.375
vt 0.3125 0.3125
vt 0.375 0.3125
vt 0.3125 0.375
vt 0.375 0.375
vt 0.3125 0.3125
vt 0.375 0.3125
vt 0.3125 0.375
vt 0.375 0.375
vt 0.3125 0.3125
vt 0.375 0.3125
vt 0.3125 0.375
vt 0.375 0.375
vt 0.3125 0.3125
vt 0.375 0.3125
vt 0.3125 0.375
vt 0.375 0.375
vt 0.3125 0.3125
vt 0.375 0.3125
vn 0.4694715627858908 -0.882947592858927 0
vn 0.4694715627858908 -0.882947592858927 0
vn 0.4694715627858908 -0.882947592858927 0
vn 0.4694715627858908 -0.882947592858927 0
vn -0.4694715627858908 0.882947592858927 0
vn -0.4694715627858908 0.882947592858927 0
vn -0.4694715627858908 0.882947592858927 0
vn -0.4694715627858908 0.882947592858927 0
vn 0.882947592858927 0.4694715627858908 0
vn 0.882947592858927 0.4694715627858908 0
vn 0.882947592858927 0.4694715627858908 0
vn 0.882947592858927 0.4694715627858908 0
vn -0.882947592858927 -0.4694715627858908 0
vn -0.882947592858927 -0.4694715627858908 0
vn -0.882947592858927 -0.4694715627858908 0
vn -0.882947592858927 -0.4694715627858908 0
vn 0 0 1
vn 0 0 1
vn 0 0 1
vn 0 0 1
vn 0 0 -1
vn 0 0 -1
vn 0 0 -1
vn 0 0 -1
f 457/457/457 459/459/459 458/458/458
f 459/459/459 460/460/460 458/458/458
f 461/461/461 463/463/463 462/462/462
f 463/463/463 464/464/464 462/462/462
f 465/465/465 467/467/467 466/466/466
f 467/467/467 468/468/468 466/466/466
f 469/469/469 471/471/471 470/470/470
f 471/471/471 472/472/472 470/470/470
f 473/473/473 475/475/475 474/474/474
f 475/475/475 476/476/476 474/474/474
f 477/477/477 479/479/479 478/478/478
f 479/479/479 480/480/480 478/478/478
o leaf_5_131
usemtl leaf
v 0.4926559100592254 1.0357844480687561 0.010057125207502396
v 0.4926559100592254 1.0357844480687561 -0.010057125207502396
v 0.4550870403324709 1.0158087256981791 0.010057125207502396
v 0.4550870403324709 1.0158087256981791 -0.010057125207502396
v 0.44858825850577194 1.1186636466109965 -0.010057125207502396
v 0.44858825850577194 1.1186636466109965 0.010057125207502396
v 0.41101938877901745 1.0986879242404195 -0.010057125207502396
v 0.41101938877901745 1.0986879242404195 0.010057125207502396
v 0.44858825850577194 1.1186636466109965 -0.010057125207502396
v 0.4926559100592254 1.0357844480687561 -0.010057125207502396
v 0.44858825850577194 1.1186636466109965 0.010057125207502396
v 0.4926559100592254 1.0357844480687561 0.010057125207502396
v 0.41101938877901745 1.0986879242404195 0.010057125207502396
v 0.4550870403324709 1.0158087256981791 0.010057125207502396
v 0.41101938877901745 1.0986879242404195 -0.010057125207502396
v 0.4550870403324709 1.0158087256981791 -0.010057125207502396
v 0.44858825850577194 1.1186636466109965 0.010057125207502396
v 0.4926559100592254 1.0357844480687561 0.010057125207502396
v 0.41101938877901745 1.0986879242404195 0.010057125207502396
v 0.4550870403324709 1.0158087256981791 0.010057125207502396
v 0.4926559100592254 1.0357844480687561 -0.010057125207502396
v 0.44858825850577194 1.1186636466109965 -0.010057125207502396
v 0.4550870403324709 1.0158087256981791 -0.010057125207502396
v 0.41101938877901745 1.0986879242404195 -0.010057125207502396
vt 0.9375 0.0625
vt 1 0.0625
vt 0.9375 0
vt 1 0
vt 0.9375 0.0625
vt 1 0.0625
vt 0.9375 0
vt 1 0
vt 0.9375 0.0625
vt 1 0.0625
vt 0.9375 0
vt 1 0
vt 0.9375 0.0625
vt 1 0.0625
vt 0.9375 0
vt 1 0
vt 0.9375 0.0625
vt 1 0.0625
vt 0.9375 0
vt 1 0
vt 0.9375 0.0625
vt 1 0.0625
vt 0.9375 0
vt 1 0
vn 0.46947156278589075 -0.8829475928589268 0
vn 0.46947156278589075 -0.8829475928589268 0
vn 0.46947156278589075 -0.8829475928589268 0
vn 0.46947156278589075 -0.8829475928589268 0
vn -0.46947156278589075 0.8829475928589268 0
vn -0.46947156278589075 0.8829475928589268 0
vn -0.46947156278589075 0.8829475928589268 0
vn -0.46947156278589075 0.8829475928589268 0
vn 0.8829475928589268 0.46947156278589075 0
vn 0.8829475928589268 0.46947156278589075 0
vn 0.8829475928589268 0.46947156278589075 0
vn 0.8829475928589268 0.46947156278589075 0
vn -0.8829475928589268 -0.46947156278589075 0
vn -0.8829475928589268 -0.46947156278589075 0
vn -0.8829475928589268 -0.46947156278589075 0
vn -0.8829475928589268 -0.46947156278589075 0
vn 0 0 1
vn 0 0 1
vn 0 0 1
vn 0 0 1
vn 0 0 -1
vn 0 0 -1
vn 0 0 -1
vn 0 0 -1
f 481/481/481 483/483/483 482/482/482
f 483/483/483 484/484/484 482/482/482
f 485/485/485 487/487/487 486/486/486
f 487/487/487 488/488/488 486/486/486
f 489/489/489 491/491/491 490/490/490
f 491/491/491 492/492/492 490/490/490
f 493/493/493 495/495/495 494/494/494
f 495/495/495 496/496/496 494/494/494
f 497/497/497 499/499/499 498/498/498
f 499/499/499 500/500/500 498/498/498
f 501/501/501 503/503/503 502/502/502
f 503/503/503 504/504/504 502/502/502
o leaf_5_132
usemtl leaf
v 0.5361012674253978 1.0380916192722394 0.012556250187102705
v 0.5361012674253978 1.0380916192722394 -0.012556250187102705
v 0.49951578061926605 1.0186387708754925 0.012556250187102705
v 0.49951578061926605 1.0186387708754925 -0.012556250187102705
v 0.4747953256476909 1.1533913264565543 -0.012556250187102705
v 0.4747953256476909 1.1533913264565543 0.012556250187102705
v 0.4382098388415591 1.1339384780598074 -0.012556250187102705
v 0.4382098388415591 1.1339384780598074 0.012556250187102705
v 0.4747953256476909 1.1533913264565543 -0.012556250187102705
v 0.5361012674253978 1.0380916192722394 -0.012556250187102705
v 0.4747953256476909 1.1533913264565543 0.012556250187102705
v 0.5361012674253978 1.0380916192722394 0.012556250187102705
v 0.4382098388415591 1.1339384780598074 0.012556250187102705
v 0.49951578061926605 1.0186387708754925 0.012556250187102705
v 0.4382098388415591 1.1339384780598074 -0.012556250187102705
v 0.49951578061926605 1.0186387708754925 -0.012556250187102705
v 0.4747953256476909 1.1533913264565543 0.012556250187102705
v 0.5361012674253978 1.0380916192722394 0.012556250187102705
v 0.4382098388415591 1.1339384780598074 0.012556250187102705
v 0.49951578061926605 1.0186387708754925 0.012556250187102705
v 0.5361012674253978 1.0380916192722394 -0.012556250187102705
v 0.4747953256476909 1.1533913264565543 -0.012556250187102705
v 0.49951578061926605 1.0186387708754925 -0.012556250187102705
v 0.4382098388415591 1.1339384780598074 -0.012556250187102705
vt 0.1875 0.0625
vt 0.25 0.0625
vt 0.1875 0
vt 0.25 0
vt 0.1875 0.0625
vt 0.25 0.0625
vt 0.1875 0
vt 0.25 0
vt 0.1875 0.0625
vt 0.3125 0.0625
vt 0.1875 0
vt 0.3125 0
vt 0.1875 0.0625
vt 0.3125 0.0625
vt 0.1875 0
vt 0.3125 0
vt 0.1875 0.0625
vt 0.3125 0.0625
vt 0.1875 0
vt 0.3125 0
vt 0.1875 0.0625
vt 0.3125 0.0625
vt 0.1875 0
vt 0.3125 0
vn 0.46947156278589075 -0.8829475928589269 0
vn 0.46947156278589075 -0.8829475928589269 0
vn 0.46947156278589075 -0.8829475928589269 0
vn 0.46947156278589075 -0.8829475928589269 0
vn -0.46947156278589075 0.8829475928589269 0
vn -0.46947156278589075 0.8829475928589269 0
vn -0.46947156278589075 0.8829475928589269 0
vn -0.46947156278589075 0.8829475928589269 0
vn 0.8829475928589269 0.46947156278589075 0
vn 0.8829475928589269 0.46947156278589075 0
vn 0.8829475928589269 0.46947156278589075 0
vn 0.8829475928589269 0.46947156278589075 0
vn -0.8829475928589269 -0.46947156278589075 0
vn -0.8829475928589269 -0.46947156278589075 0
vn -0.8829475928589269 -0.46947156278589075 0
vn -0.8829475928589269 -0.46947156278589075 0
vn 0 0 1
vn 0 0 1
vn 0 0 1
vn 0 0 1
vn 0 0 -1
vn 0 0 -1
vn 0 0 -1
vn 0 0 -1
f 505/505/505 507/507/507 506/506/506
f 507/507/507 508/508/508 506/506/506
f 509/509/509 511/511/511 510/510/510
f 511/511/511 512/512/512 510/510/510
f 513/513/513 515/515/515 514/514/514
f 515/515/515 516/516/516 514/514/514
f 517/517/517 519/519/519 518/518/518
f 519/519/519 520/520/520 518/518/518
f 521/521/521 523/523/523 522/522/522
f 523/523/523 524/524/524 522/522/522
f 525/525/525 527/527/527 526/526/526
f 527/527/527 528/528/528 526/526/526
o leaf_5_133
usemtl leaf
v 0.5634697903651867 1.0732049624068127 0.01010100020840764
v 0.5634697903651867 1.0732049624068127 -0.01010100020840764
v 0.5257370234849951 1.0531420943739311 0.01010100020840764
v 0.5257370234849951 1.0531420943739311 -0.01010100020840764
v 0.519209890210676 1.1564457279809872 -0.01010100020840764
v 0.519209890210676 1.1564457279809872 0.01010100020840764
v 0.48147712333048437 1.1363828599481056 -0.01010100020840764
v 0.48147712333048437 1.1363828599481056 0.01010100020840764
v 0.519209890210676 1.1564457279809872 -0.01010100020840764
v 0.5634697903651867 1.0732049624068127 -0.01010100020840764
v 0.519209890210676 1.1564457279809872 0.01010100020840764
v 0.5634697903651867 1.0732049624068127 0.01010100020840764
v 0.48147712333048437 1.1363828599481056 0.01010100020840764
v 0.5257370234849951 1.0531420943739311 0.01010100020840764
v 0.48147712333048437 1.1363828599481056 -0.01010100020840764
v 0.5257370234849951 1.0531420943739311 -0.01010100020840764
v 0.519209890210676 1.1564457279809872 0.01010100020840764
v 0.5634697903651867 1.0732049624068127 0.01010100020840764
v 0.48147712333048437 1.1363828599481056 0.01010100020840764
v 0.5257370234849951 1.0531420943739311 0.01010100020840764
v 0.5634697903651867 1.0732049624068127 -0.01010100020840764
v 0.519209890210676 1.1564457279809872 -0.01010100020840764
v 0.5257370234849951 1.0531420943739311 -0.01010100020840764
v 0.48147712333048437 1.1363828599481056 -0.01010100020840764
vt 0.9375 0.0625
vt 1 0.0625
vt 0.9375 0
vt 1 0
vt 0.9375 0.0625
vt 1 0.0625
vt 0.9375 0
vt 1 0
vt 0.9375 0.0625
vt 1 0.0625
vt 0.9375 0
vt 1 0
vt 0.9375 0.0625
vt 1 0.0625
vt 0.9375 0
vt 1 0
vt 0.9375 0.0625
vt 1 0.0625
vt 0.9375 0
vt 1 0
vt 0.9375 0.0625
vt 1 0.0625
vt 0.9375 0
vt 1 0
vn 0.4694715627858908 -0.882947592858927 0
vn 0.4694715627858908 -0.882947592858927 0
vn 0.4694715627858908 -0.882947592858927 0
vn 0.4694715627858908 -0.882947592858927 0
vn -0.4694715627858908 0.882947592858927 0
vn -0.4694715627858908 0.882947592858927 0
vn -0.4694715627858908 0.882947592858927 0
vn -0.4694715627858908 0.882947592858927 0
vn 0.882947592858927 0.4694715627858908 0
vn 0.882947592858927 0.4694715627858908 0
vn 0.882947592858927 0.4694715627858908 0
vn 0.882947592858927 0.4694715627858908 0
vn -0.882947592858927 -0.4694715627858908 0
vn -0.882947592858927 -0.4694715627858908 0
vn -0.882947592858927 -0.4694715627858908 0
vn -0.882947592858927 -0.4694715627858908 0
vn 0 0 1
vn 0 0 1
vn 0 0 1
vn 0 0 1
vn 0 0 -1
vn 0 0 -1
vn 0 0 -1
vn 0 0 -1
f 529/529/529 531/531/531 530/530/530
f 531/531/531 532/532/532 530/530/530
f 533/533/533 535/535/535 534/534/534
f 535/535/535 536/536/536 534/534/534
f 537/537/537 539/539/539 538/538/538
f 539/539/539 540/540/540 538/538/538
f 541/541/541 543/543/543 542/542/542
f 543/543/543 544/544/544 542/542/542
f 545/545/545 547/547/547 546/546/546
f 547/547/547 548/548/548 546/546/546
f 549/549/549 551/551/551 550/550/550
f 551/551/551 552/552/552 550/550/550
o leaf_5_134
usemtl leaf
v 0.5884821697742129 1.1101795230894467 0.00945937537588179
v 0.5884821697742129 1.1101795230894467 -0.00945937537588179
v 0.551732785814644 1.090639529030395 0.00945937537588179
v 0.551732785814644 1.090639529030395 -0.00945937537588179
v 0.5638499353097411 1.1565060183473945 -0.00945937537588179
v 0.5638499353097411 1.1565060183473945 0.00945937537588179
v 0.5271005513501723 1.1369660242883428 -0.00945937537588179
v 0.5271005513501723 1.1369660242883428 0.00945937537588179
v 0.5638499353097411 1.1565060183473945 -0.00945937537588179
v 0.5884821697742129 1.1101795230894467 -0.00945937537588179
v 0.5638499353097411 1.1565060183473945 0.00945937537588179
v 0.5884821697742129 1.1101795230894467 0.00945937537588179
v 0.5271005513501723 1.1369660242883428 0.00945937537588179
v 0.551732785814644 1.090639529030395 0.00945937537588179
v 0.5271005513501723 1.1369660242883428 -0.00945937537588179
v 0.551732785814644 1.090639529030395 -0.00945937537588179
v 0.5638499353097411 1.1565060183473945 0.00945937537588179
v 0.5884821697742129 1.1101795230894467 0.00945937537588179
v 0.5271005513501723 1.1369660242883428 0.00945937537588179
v 0.551732785814644 1.090639529030395 0.00945937537588179
v 0.5884821697742129 1.1101795230894467 -0.00945937537588179
v 0.5638499353097411 1.1565060183473945 -0.00945937537588179
v 0.551732785814644 1.090639529030395 -0.00945937537588179
v 0.5271005513501723 1.1369660242883428 -0.00945937537588179
vt 0.3125 0.375
vt 0.375 0.375
vt 0.3125 0.3125
vt 0.375 0.3125
vt 0.3125 0.375
vt 0.375 0.375
vt 0.3125 0.3125
vt 0.375 0.3125
vt 0.3125 0.375
vt 0.375 0.375
vt 0.3125 0.3125
vt 0.375 0.3125
vt 0.3125 0.375
vt 0.375 0.375
vt 0.3125 0.3125
vt 0.375 0.3125
vt 0.3125 0.375
vt 0.375 0.375
vt 0.3125 0.3125
vt 0.375 0.3125
vt 0.3125 0.375
vt 0.375 0.375
vt 0.3125 0.3125
vt 0.375 0.3125
vn 0.4694715627858908 -0.8829475928589269 0
vn 0.4694715627858908 -0.8829475928589269 0
vn 0.4694715627858908 -0.8829475928589269 0
vn 0.4694715627858908 -0.8829475928589269 0
vn -0.4694715627858908 0.8829475928589269 0
vn -0.4694715627858908 0.8829475928589269 0
vn -0.4694715627858908 0.8829475928589269 0
vn -0.4694715627858908 0.8829475928589269 0
vn 0.8829475928589269 0.4694715627858908 0
vn 0.8829475928589269 0.4694715627858908 0
vn 0.8829475928589269 0.4694715627858908 0
vn 0.8829475928589269 0.4694715627858908 0
vn -0.8829475928589269 -0.4694715627858908 0
vn -0.8829475928589269 -0.4694715627858908 0
vn -0.8829475928589269 -0.4694715627858908 0
vn -0.8829475928589269 -0.4694715627858908 0
vn 0 0 0.9999999999999999
vn 0 0 0.9999999999999999
vn 0 0 0.9999999999999999
vn 0 0 0.9999999999999999
vn 0 0 -0.9999999999999999
vn 0 0 -0.9999999999999999
vn 0 0 -0.9999999999999999
vn 0 0 -0.9999999999999999
f 553/553/553 555/555/555 554/554/554
f 555/555/555 556/556/556 554/554/554
f 557/557/557 559/559/559 558/558/558
f 559/559/559 560/560/560 558/558/558
f 561/561/561 563/563/563 562/562/562
f 563/563/563 564/564/564 562/562/562
f 565/565/565 567/567/567 566/566/566
f 567/567/567 568/568/568 566/566/566
f 569/569/569 571/571/571 570/570/570
f 571/571/571 572/572/572 570/570/570
f 573/573/573 575/575/575 574/574/574
f 575/575/575 576/576/576 574/574/574
o leaf_5_135
usemtl vine
v 0.5654104570390854 1.1165760517910637 0.0162578125
v 0.5654104570390854 1.1165760517910637 -0.0162578125
v 0.40923027043345805 1.033533573534202 0.0162578125
v 0.40923027043345805 1.033533573534202 -0.0162578125
v 0.5562513599049096 1.1338018081699859 -0.0162578125
v 0.5562513599049096 1.1338018081699859 0.0162578125
v 0.4000711732992822 1.0507593299131242 -0.0162578125
v 0.4000711732992822 1.0507593299131242 0.0162578125
v 0.5562513599049096 1.1338018081699859 -0.0162578125
v 0.5654104570390854 1.1165760517910637 -0.0162578125
v 0.5562513599049096 1.1338018081699859 0.0162578125
v 0.5654104570390854 1.1165760517910637 0.0162578125
v 0.4000711732992822 1.0507593299131242 0.0162578125
v 0.40923027043345805 1.033533573534202 0.0162578125
v 0.4000711732992822 1.0507593299131242 -0.0162578125
v 0.40923027043345805 1.033533573534202 -0.0162578125
v 0.5562513599049096 1.1338018081699859 0.0162578125
v 0.5654104570390854 1.1165760517910637 0.0162578125
v 0.4000711732992822 1.0507593299131242 0.0162578125
v 0.40923027043345805 1.033533573534202 0.0162578125
v 0.5654104570390854 1.1165760517910637 -0.0162578125
v 0.5562513599049096 1.1338018081699859 -0.0162578125
v 0.40923027043345805 1.033533573534202 -0.0162578125
v 0.4000711732992822 1.0507593299131242 -0.0162578125
vt 0.625 0.875
vt 0.6875 0.875
vt 0.625 0.6875
vt 0.6875 0.6875
vt 0.625 0.875
vt 0.6875 0.875
vt 0.625 0.6875
vt 0.6875 0.6875
vt 0.625 0.75
vt 0.6875 0.75
vt 0.625 0.6875
vt 0.6875 0.6875
vt 0.625 0.75
vt 0.6875 0.75
vt 0.625 0.6875
vt 0.6875 0.6875
vt 0.625 0.875
vt 0.6875 0.875
vt 0.625 0.6875
vt 0.6875 0.6875
vt 0.625 0.875
vt 0.6875 0.875
vt 0.625 0.6875
vt 0.6875 0.6875
vn 0.46947156278589086 -0.882947592858927 0
vn 0.46947156278589086 -0.882947592858927 0
vn 0.46947156278589086 -0.882947592858927 0
vn 0.46947156278589086 -0.882947592858927 0
vn -0.46947156278589086 0.882947592858927 0
vn -0.46947156278589086 0.882947592858927 0
vn -0.46947156278589086 0.882947592858927 0
vn -0.46947156278589086 0.882947592858927 0
vn 0.882947592858927 0.46947156278589086 0
vn 0.882947592858927 0.46947156278589086 0
vn 0.882947592858927 0.46947156278589086 0
vn 0.882947592858927 0.46947156278589086 0
vn -0.882947592858927 -0.46947156278589086 0
vn -0.882947592858927 -0.46947156278589086 0
vn -0.882947592858927 -0.46947156278589086 0
vn -0.882947592858927 -0.46947156278589086 0
vn 0 0 1
vn 0 0 1
vn 0 0 1
vn 0 0 1
vn 0 0 -1
vn 0 0 -1
vn 0 0 -1
vn 0 0 -1
f 577/577/577 579/579/579 578/578/578
f 579/579/579 580/580/580 578/578/578
f 581/581/581 583/583/583 582/582/582
f 583/583/583 584/584/584 582/582/582
f 585/585/585 587/587/587 586/586/586
f 587/587/587 588/588/588 586/586/586
f 589/589/589 591/591/591 590/590/590
f 591/591/591 592/592/592 590/590/590
f 593/593/593 595/595/595 594/594/594
f 595/595/595 596/596/596 594/594/594
f 597/597/597 599/599/599 598/598/598
f 599/599/599 600/600/600 598/598/598
o flower_1_148
usemtl pollen
v 0.4337774521456969 1.0382151177454744 0.11100314742157814
v 0.48284564650120304 1.0927108684767708 0.08431274942622018
v 0.41591808995110374 1.018380286585292 0.037671881613075234
v 0.46498628430660993 1.0728760373165882 0.010981483617717266
v 0.4248524798785696 1.1449281502454283 0.08431274942622018
v 0.3757842855230634 1.090432399514132 0.11100314742157814
v 0.40699311768397645 1.125093319085246 0.010981483617717266
v 0.3579249233284703 1.0705975683539495 0.037671881613075234
v 0.4248524798785696 1.1449281502454283 0.08431274942622018
v 0.48284564650120304 1.0927108684767708 0.08431274942622018
v 0.3757842855230634 1.090432399514132 0.11100314742157814
v 0.4337774521456969 1.0382151177454744 0.11100314742157814
v 0.3579249233284703 1.0705975683539495 0.037671881613075234
v 0.41591808995110374 1.018380286585292 0.037671881613075234
v 0.40699311768397645 1.125093319085246 0.010981483617717266
v 0.46498628430660993 1.0728760373165882 0.010981483617717266
v 0.3757842855230634 1.090432399514132 0.11100314742157814
v 0.4337774521456969 1.0382151177454744 0.11100314742157814
v 0.3579249233284703 1.0705975683539495 0.037671881613075234
v 0.41591808995110374 1.018380286585292 0.037671881613075234
v 0.48284564650120304 1.0927108684767708 0.08431274942622018
v 0.4248524798785696 1.1449281502454283 0.08431274942622018
v 0.46498628430660993 1.0728760373165882 0.010981483617717266
v 0.40699311768397645 1.125093319085246 0.010981483617717266
vt 0.1875 0.375
vt 0.25 0.375
vt 0.1875 0.3125
vt 0.25 0.3125
vt 0.1875 0.375
vt 0.25 0.375
vt 0.1875 0.3125
vt 0.25 0.3125
vt 0.1875 0.375
vt 0.25 0.375
vt 0.1875 0.3125
vt 0.25 0.3125
vt 0.1875 0.375
vt 0.25 0.375
vt 0.1875 0.3125
vt 0.25 0.3125
vt 0.1875 0.375
vt 0.25 0.375
vt 0.1875 0.3125
vt 0.25 0.3125
vt 0.1875 0.375
vt 0.25 0.375
vt 0.1875 0.3125
vt 0.25 0.3125
vn 0.7431448254773941 -0.6691306063588583 0
vn 0.7431448254773941 -0.6691306063588583 0
vn 0.7431448254773941 -0.6691306063588583 0
vn 0.7431448254773941 -0.6691306063588583 0
vn -0.7431448254773941 0.6691306063588583 0
vn -0.7431448254773941 0.6691306063588583 0
vn -0.7431448254773941 0.6691306063588583 0
vn -0.7431448254773941 0.6691306063588583 0
vn 0.22885614589044836 0.2541704997215075 0.9396926207859083
vn 0.22885614589044836 0.2541704997215075 0.9396926207859083
vn 0.22885614589044836 0.2541704997215075 0.9396926207859083
vn 0.22885614589044836 0.2541704997215075 0.9396926207859083
vn -0.22885614589044836 -0.2541704997215075 -0.9396926207859083
vn -0.22885614589044836 -0.2541704997215075 -0.9396926207859083
vn -0.22885614589044836 -0.2541704997215075 -0.9396926207859083
vn -0.22885614589044836 -0.2541704997215075 -0.9396926207859083
vn -0.6287770931374195 -0.6983277086763391 0.3420201433256689
vn -0.6287770931374195 -0.6983277086763391 0.3420201433256689
vn -0.6287770931374195 -0.6983277086763391 0.3420201433256689
vn -0.6287770931374195 -0.6983277086763391 0.3420201433256689
vn 0.6287770931374195 0.6983277086763391 -0.3420201433256689
vn 0.6287770931374195 0.6983277086763391 -0.3420201433256689
vn 0.6287770931374195 0.6983277086763391 -0.3420201433256689
vn 0.6287770931374195 0.6983277086763391 -0.3420201433256689
f 601/601/601 603/603/603 602/602/602
f 603/603/603 604/604/604 602/602/602
f 605/605/605 607/607/607 606/606/606
f 607/607/607 608/608/608 606/606/606
f 609/609/609 611/611/611 610/610/610
f 611/611/611 612/612/612 610/610/610
f 613/613/613 615/615/615 614/614/614
f 615/615/615 616/616/616 614/614/614
f 617/617/617 619/619/619 618/618/618
f 619/619/619 620/620/620 618/618/618
f 621/621/621 623/623/623 622/622/622
f 623/623/623 624/624/624 622/622/622
o flower_1_petal_0_149
usemtl toxic_petal
v 0.42835897020574826 1.024243869948419 0.20525771871529774
v 0.4431125378244001 1.0406293667840727 0.2075751473716208
v 0.4398781766913886 1.037037244832273 0.04146618431782702
v 0.4546317443100405 1.0534227416679265 0.04378361297415008
v 0.37720952689235454 1.0999687043586912 0.2075751473716208
v 0.36245595927370267 1.0835832075230378 0.20525771871529774
v 0.3887287333779949 1.1127620792425452 0.04378361297415008
v 0.3739751657593431 1.0963765824068916 0.04146618431782702
v 0.37720952689235454 1.0999687043586912 0.2075751473716208
v 0.4431125378244001 1.0406293667840727 0.2075751473716208
v 0.36245595927370267 1.0835832075230378 0.20525771871529774
v 0.42835897020574826 1.024243869948419 0.20525771871529774
v 0.3739751657593431 1.0963765824068916 0.04146618431782702
v 0.4398781766913886 1.037037244832273 0.04146618431782702
v 0.3887287333779949 1.1127620792425452 0.04378361297415008
v 0.4546317443100405 1.0534227416679265 0.04378361297415008
v 0.36245595927370267 1.0835832075230378 0.20525771871529774
v 0.42835897020574826 1.024243869948419 0.20525771871529774
v 0.3739751657593431 1.0963765824068916 0.04146618431782702
v 0.4398781766913886 1.037037244832273 0.04146618431782702
v 0.4431125378244001 1.0406293667840727 0.2075751473716208
v 0.37720952689235454 1.0999687043586912 0.2075751473716208
v 0.4546317443100405 1.0534227416679265 0.04378361297415008
v 0.3887287333779949 1.1127620792425452 0.04378361297415008
vt 0.5 0.5
vt 0.5625 0.5
vt 0.5 0.3125
vt 0.5625 0.3125
vt 0.5 0.5
vt 0.5625 0.5
vt 0.5 0.3125
vt 0.5625 0.3125
vt 0.5 0.375
vt 0.5625 0.375
vt 0.5 0.3125
vt 0.5625 0.3125
vt 0.5 0.375
vt 0.5625 0.375
vt 0.5 0.3125
vt 0.5625 0.3125
vt 0.5 0.5
vt 0.5625 0.5
vt 0.5 0.3125
vt 0.5625 0.3125
vt 0.5 0.5
vt 0.5625 0.5
vt 0.5 0.3125
vt 0.5625 0.3125
vn 0.7431448254773944 -0.6691306063588582 -2.0265811360857994e-17
vn 0.7431448254773944 -0.6691306063588582 -2.0265811360857994e-17
vn 0.7431448254773944 -0.6691306063588582 -2.0265811360857994e-17
vn 0.7431448254773944 -0.6691306063588582 -2.0265811360857994e-17
vn -0.7431448254773944 0.6691306063588582 2.0265811360857994e-17
vn -0.7431448254773944 0.6691306063588582 2.0265811360857994e-17
vn -0.7431448254773944 0.6691306063588582 2.0265811360857994e-17
vn -0.7431448254773944 0.6691306063588582 2.0265811360857994e-17
vn -0.06994319400804448 -0.07767978659246041 0.9945218953682733
vn -0.06994319400804448 -0.07767978659246041 0.9945218953682733
vn -0.06994319400804448 -0.07767978659246041 0.9945218953682733
vn -0.06994319400804448 -0.07767978659246041 0.9945218953682733
vn 0.06994319400804448 0.07767978659246041 -0.9945218953682733
vn 0.06994319400804448 0.07767978659246041 -0.9945218953682733
vn 0.06994319400804448 0.07767978659246041 -0.9945218953682733
vn 0.06994319400804448 0.07767978659246041 -0.9945218953682733
vn -0.6654650388849337 -0.7390738003669028 -0.10452846326765329
vn -0.6654650388849337 -0.7390738003669028 -0.10452846326765329
vn -0.6654650388849337 -0.7390738003669028 -0.10452846326765329
vn -0.6654650388849337 -0.7390738003669028 -0.10452846326765329
vn 0.6654650388849337 0.7390738003669028 0.10452846326765329
vn 0.6654650388849337 0.7390738003669028 0.10452846326765329
vn 0.6654650388849337 0.7390738003669028 0.10452846326765329
vn 0.6654650388849337 0.7390738003669028 0.10452846326765329
f 625/625/625 627/627/627 626/626/626
f 627/627/627 628/628/628 626/626/626
f 629/629/629 631/631/631 630/630/630
f 631/631/631 632/632/632 630/630/630
f 633/633/633 635/635/635 634/634/634
f 635/635/635 636/636/636 634/634/634
f 637/637/637 639/639/639 638/638/638
f 639/639/639 640/640/640 638/638/638
f 641/641/641 643/643/643 642/642/642
f 643/643/643 644/644/644 642/642/642
f 645/645/645 647/647/647 646/646/646
f 647/647/647 648/648/648 646/646/646
o flower_1_petal_1_150
usemtl toxic_petal
v 0.5308151995152052 1.0611627483377115 0.17260650013420675
v 0.5225794015571941 1.0812184633127166 0.17985156303447364
v 0.4577369755305302 1.0858063629136157 0.021316882246154925
v 0.44950117757251906 1.1058620778886206 0.02856194514642181
v 0.4469014364939366 1.0393971104534752 0.20959439696786863
v 0.45513723445194776 1.0193413954784702 0.20234933406760175
v 0.37382321250926165 1.0640407250293793 0.05830477907981678
v 0.3820590104672728 1.0439850100543742 0.051059716179549894
v 0.4469014364939366 1.0393971104534752 0.20959439696786863
v 0.5225794015571941 1.0812184633127166 0.17985156303447364
v 0.45513723445194776 1.0193413954784702 0.20234933406760175
v 0.5308151995152052 1.0611627483377115 0.17260650013420675
v 0.3820590104672728 1.0439850100543742 0.051059716179549894
v 0.4577369755305302 1.0858063629136157 0.021316882246154925
v 0.37382321250926165 1.0640407250293793 0.05830477907981678
v 0.44950117757251906 1.1058620778886206 0.02856194514642181
v 0.45513723445194776 1.0193413954784702 0.20234933406760175
v 0.5308151995152052 1.0611627483377115 0.17260650013420675
v 0.3820590104672728 1.0439850100543742 0.051059716179549894
v 0.4577369755305302 1.0858063629136157 0.021316882246154925
v 0.5225794015571941 1.0812184633127166 0.17985156303447364
v 0.4469014364939366 1.0393971104534752 0.20959439696786863
v 0.44950117757251906 1.1058620778886206 0.02856194514642181
v 0.37382321250926165 1.0640407250293793 0.05830477907981678
vt 0.5 0.5
vt 0.5625 0.5
vt 0.5 0.3125
vt 0.5625 0.3125
vt 0.5 0.5
vt 0.5625 0.5
vt 0.5 0.3125
vt 0.5625 0.3125
vt 0.5 0.375
vt 0.5625 0.375
vt 0.5 0.3125
vt 0.5625 0.3125
vt 0.5 0.375
vt 0.5625 0.375
vt 0.5 0.3125
vt 0.5625 0.3125
vt 0.5 0.5
vt 0.5625 0.5
vt 0.5 0.3125
vt 0.5625 0.3125
vt 0.5 0.5
vt 0.5625 0.5
vt 0.5 0.3125
vt 0.5625 0.3125
vn 0.8276469320797866 0.4573763890247954 -0.3252804860140798
vn 0.8276469320797866 0.4573763890247954 -0.3252804860140798
vn 0.8276469320797866 0.4573763890247954 -0.3252804860140798
vn 0.8276469320797866 0.4573763890247954 -0.3252804860140798
vn -0.8276469320797866 -0.4573763890247954 0.3252804860140798
vn -0.8276469320797866 -0.4573763890247954 0.3252804860140798
vn -0.8276469320797866 -0.4573763890247954 0.3252804860140798
vn -0.8276469320797866 -0.4573763890247954 0.3252804860140798
vn 0.4303465685103766 -0.14512250558602247 0.890921595508706
vn 0.4303465685103766 -0.14512250558602247 0.890921595508706
vn 0.4303465685103766 -0.14512250558602247 0.890921595508706
vn 0.4303465685103766 -0.14512250558602247 0.890921595508706
vn -0.4303465685103766 0.14512250558602247 -0.890921595508706
vn -0.4303465685103766 0.14512250558602247 -0.890921595508706
vn -0.4303465685103766 0.14512250558602247 -0.890921595508706
vn -0.4303465685103766 0.14512250558602247 -0.890921595508706
vn 0.36028098310937906 -0.8773518662059561 -0.3169405560584911
vn 0.36028098310937906 -0.8773518662059561 -0.3169405560584911
vn 0.36028098310937906 -0.8773518662059561 -0.3169405560584911
vn 0.36028098310937906 -0.8773518662059561 -0.3169405560584911
vn -0.36028098310937906 0.8773518662059561 0.3169405560584911
vn -0.36028098310937906 0.8773518662059561 0.3169405560584911
vn -0.36028098310937906 0.8773518662059561 0.3169405560584911
vn -0.36028098310937906 0.8773518662059561 0.3169405560584911
f 649/649/649 651/651/651 650/650/650
f 651/651/651 652/652/652 650/650/650
f 653/653/653 655/655/655 654/654/654
f 655/655/655 656/656/656 654/654/654
f 657/657/657 659/659/659 658/658/658
f 659/659/659 660/660/660 658/658/658
f 661/661/661 663/663/663 662/662/662
f 663/663/663 664/664/664 662/662/662
f 665/665/665 667/667/667 666/666/666
f 667/667/667 668/668/668 666/666/666
f 669/669/669 671/671/671 670/670/670
f 671/671/671 672/672/672 670/670/670
o flower_1_petal_2_151
usemtl toxic_petal
v 0.5182541984924581 1.1698608755148927 0.1443041943352681
v 0.5015640675159776 1.1689064263631992 0.15901561046278948
v 0.4156617751825426 1.1196221252233038 0.024653489088610703
v 0.398971644206062 1.11866767607161 0.03936490521613209
v 0.5221965887597237 1.084124418771915 0.17692274900235722
v 0.5388867197362044 1.0850788679236087 0.16221133287483583
v 0.4196041654498083 1.0338856684803261 0.057272043755699824
v 0.4362942964262888 1.0348401176320197 0.04256062762817844
v 0.5221965887597237 1.084124418771915 0.17692274900235722
v 0.5015640675159776 1.1689064263631992 0.15901561046278948
v 0.5388867197362044 1.0850788679236087 0.16221133287483583
v 0.5182541984924581 1.1698608755148927 0.1443041943352681
v 0.4362942964262888 1.0348401176320197 0.04256062762817844
v 0.4156617751825426 1.1196221252233038 0.024653489088610703
v 0.4196041654498083 1.0338856684803261 0.057272043755699824
v 0.398971644206062 1.11866767607161 0.03936490521613209
v 0.5388867197362044 1.0850788679236087 0.16221133287483583
v 0.5182541984924581 1.1698608755148927 0.1443041943352681
v 0.4362942964262888 1.0348401176320197 0.04256062762817844
v 0.4156617751825426 1.1196221252233038 0.024653489088610703
v 0.5015640675159776 1.1689064263631992 0.15901561046278948
v 0.5221965887597237 1.084124418771915 0.17692274900235722
v 0.398971644206062 1.11866767607161 0.03936490521613209
v 0.4196041654498083 1.0338856684803261 0.057272043755699824
vt 0.5 0.5
vt 0.5625 0.5
vt 0.5 0.3125
vt 0.5625 0.3125
vt 0.5 0.5
vt 0.5625 0.5
vt 0.5 0.3125
vt 0.5625 0.3125
vt 0.5 0.375
vt 0.5625 0.375
vt 0.5 0.3125
vt 0.5625 0.3125
vt 0.5 0.375
vt 0.5625 0.375
vt 0.5 0.3125
vt 0.5625 0.3125
vt 0.5 0.5
vt 0.5625 0.5
vt 0.5 0.3125
vt 0.5625 0.3125
vt 0.5 0.5
vt 0.5625 0.5
vt 0.5 0.3125
vt 0.5625 0.3125
vn -0.2316308907675102 0.9518047604278761 -0.20103439623378616
vn -0.2316308907675102 0.9518047604278761 -0.20103439623378616
vn -0.2316308907675102 0.9518047604278761 -0.20103439623378616
vn -0.2316308907675102 0.9518047604278761 -0.20103439623378616
vn 0.2316308907675102 -0.9518047604278761 0.20103439623378616
vn 0.2316308907675102 -0.9518047604278761 0.20103439623378616
vn 0.2316308907675102 -0.9518047604278761 0.20103439623378616
vn 0.2316308907675102 -0.9518047604278761 0.20103439623378616
vn 0.6201748651835172 0.30369504086042237 0.7232927890912454
vn 0.6201748651835172 0.30369504086042237 0.7232927890912454
vn 0.6201748651835172 0.30369504086042237 0.7232927890912454
vn 0.6201748651835172 0.30369504086042237 0.7232927890912454
vn -0.6201748651835172 -0.30369504086042237 -0.7232927890912454
vn -0.6201748651835172 -0.30369504086042237 -0.7232927890912454
vn -0.6201748651835172 -0.30369504086042237 -0.7232927890912454
vn -0.6201748651835172 -0.30369504086042237 -0.7232927890912454
vn 0.7494866690187731 0.04286047344138413 -0.6606305418155629
vn 0.7494866690187731 0.04286047344138413 -0.6606305418155629
vn 0.7494866690187731 0.04286047344138413 -0.6606305418155629
vn 0.7494866690187731 0.04286047344138413 -0.6606305418155629
vn -0.7494866690187731 -0.04286047344138413 0.6606305418155629
vn -0.7494866690187731 -0.04286047344138413 0.6606305418155629
vn -0.7494866690187731 -0.04286047344138413 0.6606305418155629
vn -0.7494866690187731 -0.04286047344138413 0.6606305418155629
f 673/673/673 675/675/675 674/674/674
f 675/675/675 676/676/676 674/674/674
f 677/677/677 679/679/679 678/678/678
f 679/679/679 680/680/680 678/678/678
f 681/681/681 683/683/683 682/682/682
f 683/683/683 684/684/684 682/682/682
f 685/685/685 687/687/687 686/686/686
f 687/687/687 688/688/688 686/686/686
f 689/689/689 691/691/691 690/690/690
f 691/691/691 692/692/692 690/690/690
f 693/693/693 695/695/695 694/694/694
f 695/695/695 696/696/696 694/694/694
o flower_1_petal_3_152
usemtl toxic_petal
v 0.410661305545911 1.2019629824919724 0.16411195294912323
v 0.4114812899613504 1.1847478135807166 0.17927858480161213
v 0.37020740142459335 1.091361568658967 0.04075889287410661
v 0.37102738584003275 1.0741463997477112 0.05592552472659551
v 0.5006313134667867 1.1727297383890916 0.1608173452168613
v 0.49981132905134734 1.1899449073003474 0.1456507133643724
v 0.4601774093454691 1.0621283245560862 0.03746428514184469
v 0.4593574249300297 1.079343493467342 0.02229765328935579
v 0.5006313134667867 1.1727297383890916 0.1608173452168613
v 0.4114812899613504 1.1847478135807166 0.17927858480161213
v 0.49981132905134734 1.1899449073003474 0.1456507133643724
v 0.410661305545911 1.2019629824919724 0.16411195294912323
v 0.4593574249300297 1.079343493467342 0.02229765328935579
v 0.37020740142459335 1.091361568658967 0.04075889287410661
v 0.4601774093454691 1.0621283245560862 0.03746428514184469
v 0.37102738584003275 1.0741463997477112 0.05592552472659551
v 0.49981132905134734 1.1899449073003474 0.1456507133643724
v 0.410661305545911 1.2019629824919724 0.16411195294912323
v 0.4593574249300297 1.079343493467342 0.02229765328935579
v 0.37020740142459335 1.091361568658967 0.04075889287410661
v 0.4114812899613504 1.1847478135807166 0.17927858480161213
v 0.5006313134667867 1.1727297383890916 0.1608173452168613
v 0.37102738584003275 1.0741463997477112 0.05592552472659551
v 0.4601774093454691 1.0621283245560862 0.03746428514184469
vt 0.5 0.5
vt 0.5625 0.5
vt 0.5 0.3125
vt 0.5625 0.3125
vt 0.5 0.5
vt 0.5625 0.5
vt 0.5 0.3125
vt 0.5625 0.3125
vt 0.5 0.375
vt 0.5625 0.375
vt 0.5 0.3125
vt 0.5625 0.3125
vt 0.5 0.375
vt 0.5625 0.375
vt 0.5 0.3125
vt 0.5625 0.3125
vt 0.5 0.5
vt 0.5625 0.5
vt 0.5 0.3125
vt 0.5625 0.3125
vt 0.5 0.5
vt 0.5625 0.5
vt 0.5 0.3125
vt 0.5625 0.3125
vn -0.9708026954185223 0.13087130357358306 0.20103439623378613
vn -0.9708026954185223 0.13087130357358306 0.20103439623378613
vn -0.9708026954185223 0.13087130357358306 0.20103439623378613
vn -0.9708026954185223 0.13087130357358306 0.20103439623378613
vn 0.9708026954185223 -0.13087130357358306 -0.20103439623378613
vn 0.9708026954185223 -0.13087130357358306 -0.20103439623378613
vn 0.9708026954185223 -0.13087130357358306 -0.20103439623378613
vn 0.9708026954185223 -0.13087130357358306 -0.20103439623378613
vn 0.23720544203559538 0.6485222583052219 0.7232927890912453
vn 0.23720544203559538 0.6485222583052219 0.7232927890912453
vn 0.23720544203559538 0.6485222583052219 0.7232927890912453
vn 0.23720544203559538 0.6485222583052219 0.7232927890912453
vn -0.23720544203559538 -0.6485222583052219 -0.7232927890912453
vn -0.23720544203559538 -0.6485222583052219 -0.7232927890912453
vn -0.23720544203559538 -0.6485222583052219 -0.7232927890912453
vn -0.23720544203559538 -0.6485222583052219 -0.7232927890912453
vn -0.035717010468817756 0.7498610420495558 -0.6606305418155631
vn -0.035717010468817756 0.7498610420495558 -0.6606305418155631
vn -0.035717010468817756 0.7498610420495558 -0.6606305418155631
vn -0.035717010468817756 0.7498610420495558 -0.6606305418155631
vn 0.035717010468817756 -0.7498610420495558 0.6606305418155631
vn 0.035717010468817756 -0.7498610420495558 0.6606305418155631
vn 0.035717010468817756 -0.7498610420495558 0.6606305418155631
vn 0.035717010468817756 -0.7498610420495558 0.6606305418155631
f 697/697/697 699/699/699 698/698/698
f 699/699/699 700/700/700 698/698/698
f 701/701/701 703/703/703 702/702/702
f 703/703/703 704/704/704 702/702/702
f 705/705/705 707/707/707 706/706/706
f 707/707/707 708/708/708 706/706/706
f 709/709/709 711/711/711 710/710/710
f 711/711/711 712/712/712 710/710/710
f 713/713/713 715/715/715 714/714/714
f 715/715/715 716/716/716 714/714/714
f 717/717/717 719/719/719 718/718/718
f 719/719/719 720/720/720 718/718/718
o flower_1_petal_4_153
usemtl toxic_petal
v 0.3557139327645882 1.1097393489248042 0.2004784172012254
v 0.3760726640958437 1.1037762773301605 0.2075674859242138
v 0.38716913326658364 1.041146786057435 0.05244623127727037
v 0.4075278645978392 1.0351837144627913 0.05953530000025877
v 0.4090292086794596 1.1816965649722095 0.17846504793675316
v 0.38867047734820404 1.1876596365668532 0.17137597921376477
v 0.44048440918145504 1.1131040021048404 0.030432862012798143
v 0.4201256778501995 1.119067073699484 0.023343793289809747
v 0.4090292086794596 1.1816965649722095 0.17846504793675316
v 0.3760726640958437 1.1037762773301605 0.2075674859242138
v 0.38867047734820404 1.1876596365668532 0.17137597921376477
v 0.3557139327645882 1.1097393489248042 0.2004784172012254
v 0.4201256778501995 1.119067073699484 0.023343793289809747
v 0.38716913326658364 1.041146786057435 0.05244623127727037
v 0.44048440918145504 1.1131040021048404 0.030432862012798143
v 0.4075278645978392 1.0351837144627913 0.05953530000025877
v 0.38867047734820404 1.1876596365668532 0.17137597921376477
v 0.3557139327645882 1.1097393489248042 0.2004784172012254
v 0.4201256778501995 1.119067073699484 0.023343793289809747
v 0.38716913326658364 1.041146786057435 0.05244623127727037
v 0.3760726640958437 1.1037762773301605 0.2075674859242138
v 0.4090292086794596 1.1816965649722095 0.17846504793675316
v 0.4075278645978392 1.0351837144627913 0.05953530000025877
v 0.44048440918145504 1.1131040021048404 0.030432862012798143
vt 0.5 0.5
vt 0.5625 0.5
vt 0.5 0.3125
vt 0.5625 0.3125
vt 0.5 0.5
vt 0.5625 0.5
vt 0.5 0.3125
vt 0.5625 0.3125
vt 0.5 0.375
vt 0.5625 0.375
vt 0.5 0.3125
vt 0.5625 0.3125
vt 0.5 0.375
vt 0.5625 0.375
vt 0.5 0.3125
vt 0.5625 0.3125
vt 0.5 0.5
vt 0.5625 0.5
vt 0.5 0.3125
vt 0.5625 0.3125
vt 0.5 0.5
vt 0.5625 0.5
vt 0.5 0.3125
vt 0.5625 0.3125
vn -0.36835817137114835 -0.8709218466673961 0.3252804860140798
vn -0.36835817137114835 -0.8709218466673961 0.3252804860140798
vn -0.36835817137114835 -0.8709218466673961 0.3252804860140798
vn -0.36835817137114835 -0.8709218466673961 0.3252804860140798
vn 0.36835817137114835 0.8709218466673961 -0.3252804860140798
vn 0.36835817137114835 0.8709218466673961 -0.3252804860140798
vn 0.36835817137114835 0.8709218466673961 -0.3252804860140798
vn 0.36835817137114835 0.8709218466673961 -0.3252804860140798
vn -0.18931097479490144 0.4128196524857139 0.890921595508706
vn -0.18931097479490144 0.4128196524857139 0.890921595508706
vn -0.18931097479490144 0.4128196524857139 0.890921595508706
vn -0.18931097479490144 0.4128196524857139 0.890921595508706
vn 0.18931097479490144 -0.4128196524857139 -0.890921595508706
vn 0.18931097479490144 -0.4128196524857139 -0.890921595508706
vn 0.18931097479490144 -0.4128196524857139 -0.890921595508706
vn 0.18931097479490144 -0.4128196524857139 -0.890921595508706
vn -0.9102052583930218 0.26659908386756814 -0.3169405560584911
vn -0.9102052583930218 0.26659908386756814 -0.3169405560584911
vn -0.9102052583930218 0.26659908386756814 -0.3169405560584911
vn -0.9102052583930218 0.26659908386756814 -0.3169405560584911
vn 0.9102052583930218 -0.26659908386756814 0.3169405560584911
vn 0.9102052583930218 -0.26659908386756814 0.3169405560584911
vn 0.9102052583930218 -0.26659908386756814 0.3169405560584911
vn 0.9102052583930218 -0.26659908386756814 0.3169405560584911
f 721/721/721 723/723/723 722/722/722
f 723/723/723 724/724/724 722/722/722
f 725/725/725 727/727/727 726/726/726
f 727/727/727 728/728/728 726/726/726
f 729/729/729 731/731/731 730/730/730
f 731/731/731 732/732/732 730/730/730
f 733/733/733 735/735/735 734/734/734
f 735/735/735 736/736/736 734/734/734
f 737/737/737 739/739/739 738/738/738
f 739/739/739 740/740/740 738/738/738
f 741/741/741 743/743/743 742/742/742
f 743/743/743 744/744/744 742/742/742
o handle_14
usemtl heartwood_green
v 0.1442658790674767 2.045217035358747 0.12249062346294523
v 0.1442658790674767 2.045217035358747 -0.12249062346294523
v 0.09940429980488061 1.7260103125753314 0.12249062346294523
v 0.09940429980488061 1.7260103125753314 -0.12249062346294523
v -0.1494042998048806 2.0864896874246686 -0.12249062346294523
v -0.1494042998048806 2.0864896874246686 0.12249062346294523
v -0.1942658790674767 1.7672829646412531 -0.12249062346294523
v -0.1942658790674767 1.7672829646412531 0.12249062346294523
v -0.1494042998048806 2.0864896874246686 -0.12249062346294523
v 0.1442658790674767 2.045217035358747 -0.12249062346294523
v -0.1494042998048806 2.0864896874246686 0.12249062346294523
v 0.1442658790674767 2.045217035358747 0.12249062346294523
v -0.1942658790674767 1.7672829646412531 0.12249062346294523
v 0.09940429980488061 1.7260103125753314 0.12249062346294523
v -0.1942658790674767 1.7672829646412531 -0.12249062346294523
v 0.09940429980488061 1.7260103125753314 -0.12249062346294523
v -0.1494042998048806 2.0864896874246686 0.12249062346294523
v 0.1442658790674767 2.045217035358747 0.12249062346294523
v -0.1942658790674767 1.7672829646412531 0.12249062346294523
v 0.09940429980488061 1.7260103125753314 0.12249062346294523
v 0.1442658790674767 2.045217035358747 -0.12249062346294523
v -0.1494042998048806 2.0864896874246686 -0.12249062346294523
v 0.09940429980488061 1.7260103125753314 -0.12249062346294523
v -0.1942658790674767 1.7672829646412531 -0.12249062346294523
vt 0.25 1.1875
vt 0.5 1.1875
vt 0.25 0.875
vt 0.5 0.875
vt 0.25 1.1875
vt 0.5 1.1875
vt 0.25 0.875
vt 0.5 0.875
vt 0.25 1.125
vt 0.5625 1.125
vt 0.25 0.875
vt 0.5625 0.875
vt 0.25 1.125
vt 0.5625 1.125
vt 0.25 0.875
vt 0.5625 0.875
vt 0.25 1.1875
vt 0.5625 1.1875
vt 0.25 0.875
vt 0.5625 0.875
vt 0.25 1.1875
vt 0.5625 1.1875
vt 0.25 0.875
vt 0.5625 0.875
vn 0.9902680687415705 -0.13917310096006547 0
vn 0.9902680687415705 -0.13917310096006547 0
vn 0.9902680687415705 -0.13917310096006547 0
vn 0.9902680687415705 -0.13917310096006547 0
vn -0.9902680687415705 0.13917310096006547 0
vn -0.9902680687415705 0.13917310096006547 0
vn -0.9902680687415705 0.13917310096006547 0
vn -0.9902680687415705 0.13917310096006547 0
vn 0.13917310096006547 0.9902680687415705 0
vn 0.13917310096006547 0.9902680687415705 0
vn 0.13917310096006547 0.9902680687415705 0
vn 0.13917310096006547 0.9902680687415705 0
vn -0.13917310096006547 -0.9902680687415705 0
vn -0.13917310096006547 -0.9902680687415705 0
vn -0.13917310096006547 -0.9902680687415705 0
vn -0.13917310096006547 -0.9902680687415705 0
vn 0 0 1
vn 0 0 1
vn 0 0 1
vn 0 0 1
vn 0 0 -1
vn 0 0 -1
vn 0 0 -1
vn 0 0 -1
f 745/745/745 747/747/747 746/746/746
f 747/747/747 748/748/748 746/746/746
f 749/749/749 751/751/751 750/750/750
f 751/751/751 752/752/752 750/750/750
f 753/753/753 755/755/755 754/754/754
f 755/755/755 756/756/756 754/754/754
f 757/757/757 759/759/759 758/758/758
f 759/759/759 760/760/760 758/758/758
f 761/761/761 763/763/763 762/762/762
f 763/763/763 764/764/764 762/762/762
f 765/765/765 767/767/767 766/766/766
f 767/767/767 768/768/768 766/766/766
o handle_15
usemtl branch_wood
v 0.10843749330739258 1.8275076979688234 0.09417187499999999
v 0.10843749330739258 1.8275076979688234 -0.09417187499999999
v 0.15204489192400045 1.5801978509936325 0.09417187499999999
v 0.15204489192400045 1.5801978509936325 -0.09417187499999999
v -0.07704489192400046 1.7948021490063675 -0.09417187499999999
v -0.07704489192400046 1.7948021490063675 0.09417187499999999
v -0.03343749330739259 1.5474923020311766 -0.09417187499999999
v -0.03343749330739259 1.5474923020311766 0.09417187499999999
v -0.07704489192400046 1.7948021490063675 -0.09417187499999999
v 0.10843749330739258 1.8275076979688234 -0.09417187499999999
v -0.07704489192400046 1.7948021490063675 0.09417187499999999
v 0.10843749330739258 1.8275076979688234 0.09417187499999999
v -0.03343749330739259 1.5474923020311766 0.09417187499999999
v 0.15204489192400045 1.5801978509936325 0.09417187499999999
v -0.03343749330739259 1.5474923020311766 -0.09417187499999999
v 0.15204489192400045 1.5801978509936325 -0.09417187499999999
v -0.07704489192400046 1.7948021490063675 0.09417187499999999
v 0.10843749330739258 1.8275076979688234 0.09417187499999999
v -0.03343749330739259 1.5474923020311766 0.09417187499999999
v 0.15204489192400045 1.5801978509936325 0.09417187499999999
v 0.10843749330739258 1.8275076979688234 -0.09417187499999999
v -0.07704489192400046 1.7948021490063675 -0.09417187499999999
v 0.15204489192400045 1.5801978509936325 -0.09417187499999999
v -0.03343749330739259 1.5474923020311766 -0.09417187499999999
vt 0.0625 0.25
vt 0.25 0.25
vt 0.0625 0
vt 0.25 0
vt 0.0625 0.25
vt 0.25 0.25
vt 0.0625 0
vt 0.25 0
vt 0.0625 0.1875
vt 0.25 0.1875
vt 0.0625 0
vt 0.25 0
vt 0.0625 0.1875
vt 0.25 0.1875
vt 0.0625 0
vt 0.25 0
vt 0.0625 0.25
vt 0.25 0.25
vt 0.0625 0
vt 0.25 0
vt 0.0625 0.25
vt 0.25 0.25
vt 0.0625 0
vt 0.25 0
vn 0.9848077530122079 0.1736481776669303 0
vn 0.9848077530122079 0.1736481776669303 0
vn 0.9848077530122079 0.1736481776669303 0
vn 0.9848077530122079 0.1736481776669303 0
vn -0.9848077530122079 -0.1736481776669303 0
vn -0.9848077530122079 -0.1736481776669303 0
vn -0.9848077530122079 -0.1736481776669303 0
vn -0.9848077530122079 -0.1736481776669303 0
vn -0.1736481776669303 0.9848077530122079 0
vn -0.1736481776669303 0.9848077530122079 0
vn -0.1736481776669303 0.9848077530122079 0
vn -0.1736481776669303 0.9848077530122079 0
vn 0.1736481776669303 -0.9848077530122079 0
vn 0.1736481776669303 -0.9848077530122079 0
vn 0.1736481776669303 -0.9848077530122079 0
vn 0.1736481776669303 -0.9848077530122079 0
vn 0 0 1
vn 0 0 1
vn 0 0 1
vn 0 0 1
vn 0 0 -1
vn 0 0 -1
vn 0 0 -1
vn 0 0 -1
f 769/769/769 771/771/771 770/770/770
f 771/771/771 772/772/772 770/770/770
f 773/773/773 775/775/775 774/774/774
f 775/775/775 776/776/776 774/774/774
f 777/777/777 779/779/779 778/778/778
f 779/779/779 780/780/780 778/778/778
f 781/781/781 783/783/783 782/782/782
f 783/783/783 784/784/784 782/782/782
f 785/785/785 787/787/787 786/786/786
f 787/787/787 788/788/788 786/786/786
f 789/789/789 791/791/791 790/790/790
f 791/791/791 792/792/792 790/790/790
o leaf_6_136
usemtl leaf
v -0.11692408618133708 1.163751640601579 0.04700156287755817
v -0.11692408618133708 1.163751640601579 0.02799843712244183
v -0.07763847268464824 1.1494528466538978 0.04700156287755817
v -0.07763847268464824 1.1494528466538978 0.02799843712244183
v -0.13494923214678808 1.114227959079129 0.02799843712244183
v -0.13494923214678808 1.114227959079129 0.04700156287755817
v -0.09566361865009924 1.0999291651314478 0.02799843712244183
v -0.09566361865009924 1.0999291651314478 0.04700156287755817
v -0.13494923214678808 1.114227959079129 0.02799843712244183
v -0.11692408618133708 1.163751640601579 0.02799843712244183
v -0.13494923214678808 1.114227959079129 0.04700156287755817
v -0.11692408618133708 1.163751640601579 0.04700156287755817
v -0.09566361865009924 1.0999291651314478 0.04700156287755817
v -0.07763847268464824 1.1494528466538978 0.04700156287755817
v -0.09566361865009924 1.0999291651314478 0.02799843712244183
v -0.07763847268464824 1.1494528466538978 0.02799843712244183
v -0.13494923214678808 1.114227959079129 0.04700156287755817
v -0.11692408618133708 1.163751640601579 0.04700156287755817
v -0.09566361865009924 1.0999291651314478 0.04700156287755817
v -0.07763847268464824 1.1494528466538978 0.04700156287755817
v -0.11692408618133708 1.163751640601579 0.02799843712244183
v -0.13494923214678808 1.114227959079129 0.02799843712244183
v -0.07763847268464824 1.1494528466538978 0.02799843712244183
v -0.09566361865009924 1.0999291651314478 0.02799843712244183
vt 0.3125 0.375
vt 0.375 0.375
vt 0.3125 0.3125
vt 0.375 0.3125
vt 0.3125 0.375
vt 0.375 0.375
vt 0.3125 0.3125
vt 0.375 0.3125
vt 0.3125 0.375
vt 0.375 0.375
vt 0.3125 0.3125
vt 0.375 0.3125
vt 0.3125 0.375
vt 0.375 0.375
vt 0.3125 0.3125
vt 0.375 0.3125
vt 0.3125 0.375
vt 0.375 0.375
vt 0.3125 0.3125
vt 0.375 0.3125
vt 0.3125 0.375
vt 0.375 0.375
vt 0.3125 0.3125
vt 0.375 0.3125
vn 0.3420201433256688 0.9396926207859083 0
vn 0.3420201433256688 0.9396926207859083 0
vn 0.3420201433256688 0.9396926207859083 0
vn 0.3420201433256688 0.9396926207859083 0
vn -0.3420201433256688 -0.9396926207859083 0
vn -0.3420201433256688 -0.9396926207859083 0
vn -0.3420201433256688 -0.9396926207859083 0
vn -0.3420201433256688 -0.9396926207859083 0
vn -0.9396926207859083 0.3420201433256688 0
vn -0.9396926207859083 0.3420201433256688 0
vn -0.9396926207859083 0.3420201433256688 0
vn -0.9396926207859083 0.3420201433256688 0
vn 0.9396926207859083 -0.3420201433256688 0
vn 0.9396926207859083 -0.3420201433256688 0
vn 0.9396926207859083 -0.3420201433256688 0
vn 0.9396926207859083 -0.3420201433256688 0
vn 0 0 1
vn 0 0 1
vn 0 0 1
vn 0 0 1
vn 0 0 -1
vn 0 0 -1
vn 0 0 -1
vn 0 0 -1
f 793/793/793 795/795/795 794/794/794
f 795/795/795 796/796/796 794/794/794
f 797/797/797 799/799/799 798/798/798
f 799/799/799 800/800/800 798/798/798
f 801/801/801 803/803/803 802/802/802
f 803/803/803 804/804/804 802/802/802
f 805/805/805 807/807/807 806/806/806
f 807/807/807 808/808/808 806/806/806
f 809/809/809 811/811/811 810/810/810
f 811/811/811 812/812/812 810/810/810
f 813/813/813 815/815/815 814/814/814
f 815/815/815 816/816/816 814/814/814
o leaf_6_137
usemtl leaf
v -0.14787266813474995 1.1975728457736725 0.04768875021021813
v -0.14787266813474995 1.1975728457736725 0.027311249789781868
v -0.10736604149040872 1.182829639384598 0.04768875021021813
v -0.10736604149040872 1.182829639384598 0.027311249789781868
v -0.1803970730039003 1.1082127778144821 0.027311249789781868
v -0.1803970730039003 1.1082127778144821 0.04768875021021813
v -0.13989044635955908 1.0934695714254077 0.027311249789781868
v -0.13989044635955908 1.0934695714254077 0.04768875021021813
v -0.1803970730039003 1.1082127778144821 0.027311249789781868
v -0.14787266813474995 1.1975728457736725 0.027311249789781868
v -0.1803970730039003 1.1082127778144821 0.04768875021021813
v -0.14787266813474995 1.1975728457736725 0.04768875021021813
v -0.13989044635955908 1.0934695714254077 0.04768875021021813
v -0.10736604149040872 1.182829639384598 0.04768875021021813
v -0.13989044635955908 1.0934695714254077 0.027311249789781868
v -0.10736604149040872 1.182829639384598 0.027311249789781868
v -0.1803970730039003 1.1082127778144821 0.04768875021021813
v -0.14787266813474995 1.1975728457736725 0.04768875021021813
v -0.13989044635955908 1.0934695714254077 0.04768875021021813
v -0.10736604149040872 1.182829639384598 0.04768875021021813
v -0.14787266813474995 1.1975728457736725 0.027311249789781868
v -0.1803970730039003 1.1082127778144821 0.027311249789781868
v -0.10736604149040872 1.182829639384598 0.027311249789781868
v -0.13989044635955908 1.0934695714254077 0.027311249789781868
vt 0.9375 0.0625
vt 1 0.0625
vt 0.9375 0
vt 1 0
vt 0.9375 0.0625
vt 1 0.0625
vt 0.9375 0
vt 1 0
vt 0.9375 0.0625
vt 1 0.0625
vt 0.9375 0
vt 1 0
vt 0.9375 0.0625
vt 1 0.0625
vt 0.9375 0
vt 1 0
vt 0.9375 0.0625
vt 1 0.0625
vt 0.9375 0
vt 1 0
vt 0.9375 0.0625
vt 1 0.0625
vt 0.9375 0
vt 1 0
vn 0.34202014332566893 0.9396926207859083 0
vn 0.34202014332566893 0.9396926207859083 0
vn 0.34202014332566893 0.9396926207859083 0
vn 0.34202014332566893 0.9396926207859083 0
vn -0.34202014332566893 -0.9396926207859083 0
vn -0.34202014332566893 -0.9396926207859083 0
vn -0.34202014332566893 -0.9396926207859083 0
vn -0.34202014332566893 -0.9396926207859083 0
vn -0.9396926207859083 0.34202014332566893 0
vn -0.9396926207859083 0.34202014332566893 0
vn -0.9396926207859083 0.34202014332566893 0
vn -0.9396926207859083 0.34202014332566893 0
vn 0.9396926207859083 -0.34202014332566893 0
vn 0.9396926207859083 -0.34202014332566893 0
vn 0.9396926207859083 -0.34202014332566893 0
vn 0.9396926207859083 -0.34202014332566893 0
vn 0 0 1
vn 0 0 1
vn 0 0 1
vn 0 0 1
vn 0 0 -1
vn 0 0 -1
vn 0 0 -1
vn 0 0 -1
f 817/817/817 819/819/819 818/818/818
f 819/819/819 820/820/820 818/818/818
f 821/821/821 823/823/823 822/822/822
f 823/823/823 824/824/824 822/822/822
f 825/825/825 827/827/827 826/826/826
f 827/827/827 828/828/828 826/826/826
f 829/829/829 831/831/831 830/830/830
f 831/831/831 832/832/832 830/830/830
f 833/833/833 835/835/835 834/834/834
f 835/835/835 836/836/836 834/834/834
f 837/837/837 839/839/839 838/838/838
f 839/839/839 840/840/840 838/838/838
o leaf_6_138
usemtl leaf
v -0.17856781199802552 1.228562613488896 0.05022500018961727
v -0.17856781199802552 1.228562613488896 0.02477499981038272
v -0.13910776805167208 1.214200332049587 0.05022500018961727
v -0.13910776805167208 1.214200332049587 0.02477499981038272
v -0.22383075610550957 1.1042036966155468 0.02477499981038272
v -0.22383075610550957 1.1042036966155468 0.05022500018961727
v -0.18437071215915612 1.089841415176238 0.02477499981038272
v -0.18437071215915612 1.089841415176238 0.05022500018961727
v -0.22383075610550957 1.1042036966155468 0.02477499981038272
v -0.17856781199802552 1.228562613488896 0.02477499981038272
v -0.22383075610550957 1.1042036966155468 0.05022500018961727
v -0.17856781199802552 1.228562613488896 0.05022500018961727
v -0.18437071215915612 1.089841415176238 0.05022500018961727
v -0.13910776805167208 1.214200332049587 0.05022500018961727
v -0.18437071215915612 1.089841415176238 0.02477499981038272
v -0.13910776805167208 1.214200332049587 0.02477499981038272
v -0.22383075610550957 1.1042036966155468 0.05022500018961727
v -0.17856781199802552 1.228562613488896 0.05022500018961727
v -0.18437071215915612 1.089841415176238 0.05022500018961727
v -0.13910776805167208 1.214200332049587 0.05022500018961727
v -0.17856781199802552 1.228562613488896 0.02477499981038272
v -0.22383075610550957 1.1042036966155468 0.02477499981038272
v -0.13910776805167208 1.214200332049587 0.02477499981038272
v -0.18437071215915612 1.089841415176238 0.02477499981038272
vt 0.1875 0.0625
vt 0.25 0.0625
vt 0.1875 0
vt 0.25 0
vt 0.1875 0.0625
vt 0.25 0.0625
vt 0.1875 0
vt 0.25 0
vt 0.1875 0.0625
vt 0.3125 0.0625
vt 0.1875 0
vt 0.3125 0
vt 0.1875 0.0625
vt 0.3125 0.0625
vt 0.1875 0
vt 0.3125 0
vt 0.1875 0.0625
vt 0.3125 0.0625
vt 0.1875 0
vt 0.3125 0
vt 0.1875 0.0625
vt 0.3125 0.0625
vt 0.1875 0
vt 0.3125 0
vn 0.3420201433256688 0.9396926207859082 0
vn 0.3420201433256688 0.9396926207859082 0
vn 0.3420201433256688 0.9396926207859082 0
vn 0.3420201433256688 0.9396926207859082 0
vn -0.3420201433256688 -0.9396926207859082 0
vn -0.3420201433256688 -0.9396926207859082 0
vn -0.3420201433256688 -0.9396926207859082 0
vn -0.3420201433256688 -0.9396926207859082 0
vn -0.9396926207859082 0.3420201433256688 0
vn -0.9396926207859082 0.3420201433256688 0
vn -0.9396926207859082 0.3420201433256688 0
vn -0.9396926207859082 0.3420201433256688 0
vn 0.9396926207859082 -0.3420201433256688 0
vn 0.9396926207859082 -0.3420201433256688 0
vn 0.9396926207859082 -0.3420201433256688 0
vn 0.9396926207859082 -0.3420201433256688 0
vn 0 0 0.9999999999999999
vn 0 0 0.9999999999999999
vn 0 0 0.9999999999999999
vn 0 0 0.9999999999999999
vn 0 0 -0.9999999999999999
vn 0 0 -0.9999999999999999
vn 0 0 -0.9999999999999999
vn 0 0 -0.9999999999999999
f 841/841/841 843/843/843 842/842/842
f 843/843/843 844/844/844 842/842/842
f 845/845/845 847/847/847 846/846/846
f 847/847/847 848/848/848 846/846/846
f 849/849/849 851/851/851 850/850/850
f 851/851/851 852/852/852 850/850/850
f 853/853/853 855/855/855 854/854/854
f 855/855/855 856/856/856 854/854/854
f 857/857/857 859/859/859 858/858/858
f 859/859/859 860/860/860 858/858/858
f 861/861/861 863/863/863 862/862/862
f 863/863/863 864/864/864 862/862/862
o leaf_6_139
usemtl leaf
v -0.22306526439953092 1.225158603045739 0.047732625211123376
v -0.22306526439953092 1.225158603045739 0.02726737478887662
v -0.18238420730552507 1.210351909165037 0.047732625211123376
v -0.18238420730552507 1.210351909165037 0.02726737478887662
v -0.2557297265145293 1.1354137309661503 0.02726737478887662
v -0.2557297265145293 1.1354137309661503 0.047732625211123376
v -0.21504866942052345 1.1206070370854482 0.02726737478887662
v -0.21504866942052345 1.1206070370854482 0.047732625211123376
v -0.2557297265145293 1.1354137309661503 0.02726737478887662
v -0.22306526439953092 1.225158603045739 0.02726737478887662
v -0.2557297265145293 1.1354137309661503 0.047732625211123376
v -0.22306526439953092 1.225158603045739 0.047732625211123376
v -0.21504866942052345 1.1206070370854482 0.047732625211123376
v -0.18238420730552507 1.210351909165037 0.047732625211123376
v -0.21504866942052345 1.1206070370854482 0.02726737478887662
v -0.18238420730552507 1.210351909165037 0.02726737478887662
v -0.2557297265145293 1.1354137309661503 0.047732625211123376
v -0.22306526439953092 1.225158603045739 0.047732625211123376
v -0.21504866942052345 1.1206070370854482 0.047732625211123376
v -0.18238420730552507 1.210351909165037 0.047732625211123376
v -0.22306526439953092 1.225158603045739 0.02726737478887662
v -0.2557297265145293 1.1354137309661503 0.02726737478887662
v -0.18238420730552507 1.210351909165037 0.02726737478887662
v -0.21504866942052345 1.1206070370854482 0.02726737478887662
vt 0.9375 0.0625
vt 1 0.0625
vt 0.9375 0
vt 1 0
vt 0.9375 0.0625
vt 1 0.0625
vt 0.9375 0
vt 1 0
vt 0.9375 0.0625
vt 1 0.0625
vt 0.9375 0
vt 1 0
vt 0.9375 0.0625
vt 1 0.0625
vt 0.9375 0
vt 1 0
vt 0.9375 0.0625
vt 1 0.0625
vt 0.9375 0
vt 1 0
vt 0.9375 0.0625
vt 1 0.0625
vt 0.9375 0
vt 1 0
vn 0.3420201433256688 0.9396926207859083 0
vn 0.3420201433256688 0.9396926207859083 0
vn 0.3420201433256688 0.9396926207859083 0
vn 0.3420201433256688 0.9396926207859083 0
vn -0.3420201433256688 -0.9396926207859083 0
vn -0.3420201433256688 -0.9396926207859083 0
vn -0.3420201433256688 -0.9396926207859083 0
vn -0.3420201433256688 -0.9396926207859083 0
vn -0.9396926207859083 0.3420201433256688 0
vn -0.9396926207859083 0.3420201433256688 0
vn -0.9396926207859083 0.3420201433256688 0
vn -0.9396926207859083 0.3420201433256688 0
vn 0.9396926207859083 -0.3420201433256688 0
vn 0.9396926207859083 -0.3420201433256688 0
vn 0.9396926207859083 -0.3420201433256688 0
vn 0.9396926207859083 -0.3420201433256688 0
vn 0 0 0.9999999999999999
vn 0 0 0.9999999999999999
vn 0 0 0.9999999999999999
vn 0 0 0.9999999999999999
vn 0 0 -0.9999999999999999
vn 0 0 -0.9999999999999999
vn 0 0 -0.9999999999999999
vn 0 0 -0.9999999999999999
f 865/865/865 867/867/867 866/866/866
f 867/867/867 868/868/868 866/866/866
f 869/869/869 871/871/871 870/870/870
f 871/871/871 872/872/872 870/870/870
f 873/873/873 875/875/875 874/874/874
f 875/875/875 876/876/876 874/874/874
f 877/877/877 879/879/879 878/878/878
f 879/879/879 880/880/880 878/878/878
f 881/881/881 883/883/883 882/882/882
f 883/883/883 884/884/884 882/882/882
f 885/885/885 887/887/887 886/886/886
f 887/887/887 888/888/888 886/886/886
o leaf_6_140
usemtl leaf
v -0.26736930324155755 1.2187582391031144 0.04708593788091093
v -0.26736930324155755 1.2187582391031144 0.02791406211908907
v -0.22773482884553947 1.2043324701721778 0.04708593788091093
v -0.22773482884553947 1.2043324701721778 0.02791406211908907
v -0.2855545146373875 1.1687947814250628 0.02791406211908907
v -0.2855545146373875 1.1687947814250628 0.04708593788091093
v -0.24592004024136943 1.1543690124941262 0.02791406211908907
v -0.24592004024136943 1.1543690124941262 0.04708593788091093
v -0.2855545146373875 1.1687947814250628 0.02791406211908907
v -0.26736930324155755 1.2187582391031144 0.02791406211908907
v -0.2855545146373875 1.1687947814250628 0.04708593788091093
v -0.26736930324155755 1.2187582391031144 0.04708593788091093
v -0.24592004024136943 1.1543690124941262 0.04708593788091093
v -0.22773482884553947 1.2043324701721778 0.04708593788091093
v -0.24592004024136943 1.1543690124941262 0.02791406211908907
v -0.22773482884553947 1.2043324701721778 0.02791406211908907
v -0.2855545146373875 1.1687947814250628 0.04708593788091093
v -0.26736930324155755 1.2187582391031144 0.04708593788091093
v -0.24592004024136943 1.1543690124941262 0.04708593788091093
v -0.22773482884553947 1.2043324701721778 0.04708593788091093
v -0.26736930324155755 1.2187582391031144 0.02791406211908907
v -0.2855545146373875 1.1687947814250628 0.02791406211908907
v -0.22773482884553947 1.2043324701721778 0.02791406211908907
v -0.24592004024136943 1.1543690124941262 0.02791406211908907
vt 0.3125 0.375
vt 0.375 0.375
vt 0.3125 0.3125
vt 0.375 0.3125
vt 0.3125 0.375
vt 0.375 0.375
vt 0.3125 0.3125
vt 0.375 0.3125
vt 0.3125 0.375
vt 0.375 0.375
vt 0.3125 0.3125
vt 0.375 0.3125
vt 0.3125 0.375
vt 0.375 0.375
vt 0.3125 0.3125
vt 0.375 0.3125
vt 0.3125 0.375
vt 0.375 0.375
vt 0.3125 0.3125
vt 0.375 0.3125
vt 0.3125 0.375
vt 0.375 0.375
vt 0.3125 0.3125
vt 0.375 0.3125
vn 0.3420201433256689 0.9396926207859082 0
vn 0.3420201433256689 0.9396926207859082 0
vn 0.3420201433256689 0.9396926207859082 0
vn 0.3420201433256689 0.9396926207859082 0
vn -0.3420201433256689 -0.9396926207859082 0
vn -0.3420201433256689 -0.9396926207859082 0
vn -0.3420201433256689 -0.9396926207859082 0
vn -0.3420201433256689 -0.9396926207859082 0
vn -0.9396926207859082 0.3420201433256689 0
vn -0.9396926207859082 0.3420201433256689 0
vn -0.9396926207859082 0.3420201433256689 0
vn -0.9396926207859082 0.3420201433256689 0
vn 0.9396926207859082 -0.3420201433256689 0
vn 0.9396926207859082 -0.3420201433256689 0
vn 0.9396926207859082 -0.3420201433256689 0
vn 0.9396926207859082 -0.3420201433256689 0
vn 0 0 1
vn 0 0 1
vn 0 0 1
vn 0 0 1
vn 0 0 -1
vn 0 0 -1
vn 0 0 -1
vn 0 0 -1
f 889/889/889 891/891/891 890/890/890
f 891/891/891 892/892/892 890/890/890
f 893/893/893 895/895/895 894/894/894
f 895/895/895 896/896/896 894/894/894
f 897/897/897 899/899/899 898/898/898
f 899/899/899 900/900/900 898/898/898
f 901/901/901 903/903/903 902/902/902
f 903/903/903 904/904/904 902/902/902
f 905/905/905 907/907/907 906/906/906
f 907/907/907 908/908/908 906/906/906
f 909/909/909 911/911/911 910/910/910
f 911/911/911 912/912/912 910/910/910
o leaf_6_141
usemtl vine
v -0.2575782750808602 1.1974188366568945 0.053968749999999996
v -0.2575782750808602 1.1974188366568945 0.021031249999999998
v -0.08920414951740349 1.1361356667311964 0.053968749999999996
v -0.08920414951740349 1.1361356667311964 0.021031249999999998
v -0.2643374484319191 1.1788481605006806 0.021031249999999998
v -0.2643374484319191 1.1788481605006806 0.053968749999999996
v -0.09596332286846243 1.1175649905749825 0.021031249999999998
v -0.09596332286846243 1.1175649905749825 0.053968749999999996
v -0.2643374484319191 1.1788481605006806 0.021031249999999998
v -0.2575782750808602 1.1974188366568945 0.021031249999999998
v -0.2643374484319191 1.1788481605006806 0.053968749999999996
v -0.2575782750808602 1.1974188366568945 0.053968749999999996
v -0.09596332286846243 1.1175649905749825 0.053968749999999996
v -0.08920414951740349 1.1361356667311964 0.053968749999999996
v -0.09596332286846243 1.1175649905749825 0.021031249999999998
v -0.08920414951740349 1.1361356667311964 0.021031249999999998
v -0.2643374484319191 1.1788481605006806 0.053968749999999996
v -0.2575782750808602 1.1974188366568945 0.053968749999999996
v -0.09596332286846243 1.1175649905749825 0.053968749999999996
v -0.08920414951740349 1.1361356667311964 0.053968749999999996
v -0.2575782750808602 1.1974188366568945 0.021031249999999998
v -0.2643374484319191 1.1788481605006806 0.021031249999999998
v -0.08920414951740349 1.1361356667311964 0.021031249999999998
v -0.09596332286846243 1.1175649905749825 0.021031249999999998
vt 0.625 0.875
vt 0.6875 0.875
vt 0.625 0.6875
vt 0.6875 0.6875
vt 0.625 0.875
vt 0.6875 0.875
vt 0.625 0.6875
vt 0.6875 0.6875
vt 0.625 0.75
vt 0.6875 0.75
vt 0.625 0.6875
vt 0.6875 0.6875
vt 0.625 0.75
vt 0.6875 0.75
vt 0.625 0.6875
vt 0.6875 0.6875
vt 0.625 0.875
vt 0.6875 0.875
vt 0.625 0.6875
vt 0.6875 0.6875
vt 0.625 0.875
vt 0.6875 0.875
vt 0.625 0.6875
vt 0.6875 0.6875
vn 0.3420201433256689 0.9396926207859083 0
vn 0.3420201433256689 0.9396926207859083 0
vn 0.3420201433256689 0.9396926207859083 0
vn 0.3420201433256689 0.9396926207859083 0
vn -0.3420201433256689 -0.9396926207859083 0
vn -0.3420201433256689 -0.9396926207859083 0
vn -0.3420201433256689 -0.9396926207859083 0
vn -0.3420201433256689 -0.9396926207859083 0
vn -0.9396926207859083 0.3420201433256689 0
vn -0.9396926207859083 0.3420201433256689 0
vn -0.9396926207859083 0.3420201433256689 0
vn -0.9396926207859083 0.3420201433256689 0
vn 0.9396926207859083 -0.3420201433256689 0
vn 0.9396926207859083 -0.3420201433256689 0
vn 0.9396926207859083 -0.3420201433256689 0
vn 0.9396926207859083 -0.3420201433256689 0
vn 0 0 1
vn 0 0 1
vn 0 0 1
vn 0 0 1
vn 0 0 -1
vn 0 0 -1
vn 0 0 -1
vn 0 0 -1
f 913/913/913 915/915/915 914/914/914
f 915/915/915 916/916/916 914/914/914
f 917/917/917 919/919/919 918/918/918
f 919/919/919 920/920/920 918/918/918
f 921/921/921 923/923/923 922/922/922
f 923/923/923 924/924/924 922/922/922
f 925/925/925 927/927/927 926/926/926
f 927/927/927 928/928/928 926/926/926
f 929/929/929 931/931/931 930/930/930
f 931/931/931 932/932/932 930/930/930
f 933/933/933 935/935/935 934/934/934
f 935/935/935 936/936/936 934/934/934
o flower_2_154
usemtl pollen
v 0.17175377934198838 0.8460749420510518 0.12359242993737016
v 0.17175377934198838 0.9203576466759072 0.0965557365331344
v 0.12094141677716565 0.8253636333084254 0.06668857683965125
v 0.12094141677716563 0.8996463379332809 0.039651883435415494
v 0.11119796370716133 0.9377364982030437 0.14430373867999646
v 0.11119796370716134 0.8634537935781883 0.17134043208423222
v 0.060385601142338596 0.9170251894604173 0.08739988558227754
v 0.060385601142338596 0.8427424848355619 0.1144365789865133
v 0.11119796370716133 0.9377364982030437 0.14430373867999646
v 0.17175377934198838 0.9203576466759072 0.0965557365331344
v 0.11119796370716134 0.8634537935781883 0.17134043208423222
v 0.17175377934198838 0.8460749420510518 0.12359242993737016
v 0.060385601142338596 0.8427424848355619 0.1144365789865133
v 0.12094141677716565 0.8253636333084254 0.06668857683965125
v 0.060385601142338596 0.9170251894604173 0.08739988558227754
v 0.12094141677716563 0.8996463379332809 0.039651883435415494
v 0.11119796370716134 0.8634537935781883 0.17134043208423222
v 0.17175377934198838 0.8460749420510518 0.12359242993737016
v 0.060385601142338596 0.8427424848355619 0.1144365789865133
v 0.12094141677716565 0.8253636333084254 0.06668857683965125
v 0.17175377934198838 0.9203576466759072 0.0965557365331344
v 0.11119796370716133 0.9377364982030437 0.14430373867999646
v 0.12094141677716563 0.8996463379332809 0.039651883435415494
v 0.060385601142338596 0.9170251894604173 0.08739988558227754
vt 0.1875 0.375
vt 0.25 0.375
vt 0.1875 0.3125
vt 0.25 0.3125
vt 0.1875 0.375
vt 0.25 0.375
vt 0.1875 0.3125
vt 0.25 0.3125
vt 0.1875 0.375
vt 0.25 0.375
vt 0.1875 0.3125
vt 0.25 0.3125
vt 0.1875 0.375
vt 0.25 0.375
vt 0.1875 0.3125
vt 0.25 0.3125
vt 0.1875 0.375
vt 0.25 0.375
vt 0.1875 0.3125
vt 0.25 0.3125
vt 0.1875 0.375
vt 0.25 0.375
vt 0.1875 0.3125
vt 0.25 0.3125
vn 0.7660444431189782 -0.21984631039295427 -0.6040227735550537
vn 0.7660444431189782 -0.21984631039295427 -0.6040227735550537
vn 0.7660444431189782 -0.21984631039295427 -0.6040227735550537
vn 0.7660444431189782 -0.21984631039295427 -0.6040227735550537
vn -0.7660444431189782 0.21984631039295427 0.6040227735550537
vn -0.7660444431189782 0.21984631039295427 0.6040227735550537
vn -0.7660444431189782 0.21984631039295427 0.6040227735550537
vn -0.7660444431189782 0.21984631039295427 0.6040227735550537
vn 0.6427876096865391 0.26200263022938514 0.7198463103929542
vn 0.6427876096865391 0.26200263022938514 0.7198463103929542
vn 0.6427876096865391 0.26200263022938514 0.7198463103929542
vn 0.6427876096865391 0.26200263022938514 0.7198463103929542
vn -0.6427876096865391 -0.26200263022938514 -0.7198463103929542
vn -0.6427876096865391 -0.26200263022938514 -0.7198463103929542
vn -0.6427876096865391 -0.26200263022938514 -0.7198463103929542
vn -0.6427876096865391 -0.26200263022938514 -0.7198463103929542
vn 9.993762126255779e-17 -0.9396926207859083 0.34202014332566893
vn 9.993762126255779e-17 -0.9396926207859083 0.34202014332566893
vn 9.993762126255779e-17 -0.9396926207859083 0.34202014332566893
vn 9.993762126255779e-17 -0.9396926207859083 0.34202014332566893
vn -9.993762126255779e-17 0.9396926207859083 -0.34202014332566893
vn -9.993762126255779e-17 0.9396926207859083 -0.34202014332566893
vn -9.993762126255779e-17 0.9396926207859083 -0.34202014332566893
vn -9.993762126255779e-17 0.9396926207859083 -0.34202014332566893
f 937/937/937 939/939/939 938/938/938
f 939/939/939 940/940/940 938/938/938
f 941/941/941 943/943/943 942/942/942
f 943/943/943 944/944/944 942/942/942
f 945/945/945 947/947/947 946/946/946
f 947/947/947 948/948/948 946/946/946
f 949/949/949 951/951/951 950/950/950
f 951/951/951 952/952/952 950/950/950
f 953/953/953 955/955/955 954/954/954
f 955/955/955 956/956/956 954/954/954
f 957/957/957 959/959/959 958/958/958
f 959/959/959 960/960/960 958/958/958
o flower_2_petal_0_155
usemtl toxic_petal
v 0.23001411651014003 0.8241821346474243 0.19649831153237093
v 0.23634446991659447 0.8457366552185118 0.19668150037059937
v 0.1335975910895677 0.8536290537135476 0.06350143865026872
v 0.1399279444960221 0.8751835742846352 0.06368462748849715
v 0.16750580231913081 0.8654925939497571 0.2509604959348246
v 0.1611754489126764 0.8439380733786694 0.2507773070965962
v 0.0710892768985585 0.8949395130158804 0.11796362305272237
v 0.06475892349210406 0.8733849924447928 0.11778043421449394
v 0.16750580231913081 0.8654925939497571 0.2509604959348246
v 0.23634446991659447 0.8457366552185118 0.19668150037059937
v 0.1611754489126764 0.8439380733786694 0.2507773070965962
v 0.23001411651014003 0.8241821346474243 0.19649831153237093
v 0.06475892349210406 0.8733849924447928 0.11778043421449394
v 0.1335975910895677 0.8536290537135476 0.06350143865026872
v 0.0710892768985585 0.8949395130158804 0.11796362305272237
v 0.1399279444960221 0.8751835742846352 0.06368462748849715
v 0.1611754489126764 0.8439380733786694 0.2507773070965962
v 0.23001411651014003 0.8241821346474243 0.19649831153237093
v 0.06475892349210406 0.8733849924447928 0.11778043421449394
v 0.1335975910895677 0.8536290537135476 0.06350143865026872
v 0.23634446991659447 0.8457366552185118 0.19668150037059937
v 0.16750580231913081 0.8654925939497571 0.2509604959348246
v 0.1399279444960221 0.8751835742846352 0.06368462748849715
v 0.0710892768985585 0.8949395130158804 0.11796362305272237
vt 0.5 0.5
vt 0.5625 0.5
vt 0.5 0.3125
vt 0.5625 0.3125
vt 0.5 0.5
vt 0.5625 0.5
vt 0.5 0.3125
vt 0.5625 0.3125
vt 0.5 0.375
vt 0.5625 0.375
vt 0.5 0.3125
vt 0.5625 0.3125
vt 0.5 0.375
vt 0.5625 0.375
vt 0.5 0.3125
vt 0.5625 0.3125
vt 0.5 0.5
vt 0.5625 0.5
vt 0.5 0.3125
vt 0.5625 0.3125
vt 0.5 0.5
vt 0.5625 0.5
vt 0.5 0.3125
vt 0.5625 0.3125
vn 0.7660444431189781 -0.21984631039295424 -0.6040227735550535
vn 0.7660444431189781 -0.21984631039295424 -0.6040227735550535
vn 0.7660444431189781 -0.21984631039295424 -0.6040227735550535
vn 0.7660444431189781 -0.21984631039295424 -0.6040227735550535
vn -0.7660444431189781 0.21984631039295424 0.6040227735550535
vn -0.7660444431189781 0.21984631039295424 0.6040227735550535
vn -0.7660444431189781 0.21984631039295424 0.6040227735550535
vn -0.7660444431189781 0.21984631039295424 0.6040227735550535
vn 0.5777336766211343 -0.17644772763825875 0.7969253404862475
vn 0.5777336766211343 -0.17644772763825875 0.7969253404862475
vn 0.5777336766211343 -0.17644772763825875 0.7969253404862475
vn 0.5777336766211343 -0.17644772763825875 0.7969253404862475
vn -0.5777336766211343 0.17644772763825875 -0.7969253404862475
vn -0.5777336766211343 0.17644772763825875 -0.7969253404862475
vn -0.5777336766211343 0.17644772763825875 -0.7969253404862475
vn -0.5777336766211343 0.17644772763825875 -0.7969253404862475
vn -0.28177954160009805 -0.9594445263890453 -0.008154184063346488
vn -0.28177954160009805 -0.9594445263890453 -0.008154184063346488
vn -0.28177954160009805 -0.9594445263890453 -0.008154184063346488
vn -0.28177954160009805 -0.9594445263890453 -0.008154184063346488
vn 0.28177954160009805 0.9594445263890453 0.008154184063346488
vn 0.28177954160009805 0.9594445263890453 0.008154184063346488
vn 0.28177954160009805 0.9594445263890453 0.008154184063346488
vn 0.28177954160009805 0.9594445263890453 0.008154184063346488
f 961/961/961 963/963/963 962/962/962
f 963/963/963 964/964/964 962/962/962
f 965/965/965 967/967/967 966/966/966
f 967/967/967 968/968/968 966/966/966
f 969/969/969 971/971/971 970/970/970
f 971/971/971 972/972/972 970/970/970
f 973/973/973 975/975/975 974/974/974
f 975/975/975 976/976/976 974/974/974
f 977/977/977 979/979/979 978/978/978
f 979/979/979 980/980/980 978/978/978
f 981/981/981 983/983/983 982/982/982
f 983/983/983 984/984/984 982/982/982
o flower_2_petal_1_156
usemtl toxic_petal
v 0.2658238909398499 0.9077511106043882 0.13154605293215726
v 0.2576636790885858 0.9200836357775415 0.14766546278791448
v 0.1200435766653695 0.9050642754748953 0.05980255880293524
v 0.11188336481410535 0.9173968006480486 0.07592196865869245
v 0.23695061369642975 0.8478292393860766 0.19245966847788087
v 0.2451108255476939 0.8354967142129233 0.17634025862212366
v 0.09117029942194929 0.8451424042565837 0.12071617434865883
v 0.09933051127321343 0.8328098790834304 0.10459676449290162
v 0.23695061369642975 0.8478292393860766 0.19245966847788087
v 0.2576636790885858 0.9200836357775415 0.14766546278791448
v 0.2451108255476939 0.8354967142129233 0.17634025862212366
v 0.2658238909398499 0.9077511106043882 0.13154605293215726
v 0.09933051127321343 0.8328098790834304 0.10459676449290162
v 0.1200435766653695 0.9050642754748953 0.05980255880293524
v 0.09117029942194929 0.8451424042565837 0.12071617434865883
v 0.11188336481410535 0.9173968006480486 0.07592196865869245
v 0.2451108255476939 0.8354967142129233 0.17634025862212366
v 0.2658238909398499 0.9077511106043882 0.13154605293215726
v 0.09933051127321343 0.8328098790834304 0.10459676449290162
v 0.1200435766653695 0.9050642754748953 0.05980255880293524
v 0.2576636790885858 0.9200836357775415 0.14766546278791448
v 0.23695061369642975 0.8478292393860766 0.19245966847788087
v 0.11188336481410535 0.9173968006480486 0.07592196865869245
v 0.09117029942194929 0.8451424042565837 0.12071617434865883
vt 0.5 0.5
vt 0.5625 0.5
vt 0.5 0.3125
vt 0.5625 0.3125
vt 0.5 0.5
vt 0.5625 0.5
vt 0.5 0.3125
vt 0.5625 0.3125
vt 0.5 0.375
vt 0.5625 0.375
vt 0.5 0.3125
vt 0.5625 0.3125
vt 0.5 0.375
vt 0.5625 0.375
vt 0.5 0.3125
vt 0.5625 0.3125
vt 0.5 0.5
vt 0.5625 0.5
vt 0.5 0.3125
vt 0.5625 0.3125
vt 0.5 0.5
vt 0.5625 0.5
vt 0.5 0.3125
vt 0.5625 0.3125
vn 0.23672075137025692 0.8257645442508564 -0.511933788032082
vn 0.23672075137025692 0.8257645442508564 -0.511933788032082
vn 0.23672075137025692 0.8257645442508564 -0.511933788032082
vn 0.23672075137025692 0.8257645442508564 -0.511933788032082
vn -0.23672075137025692 -0.8257645442508564 0.511933788032082
vn -0.23672075137025692 -0.8257645442508564 0.511933788032082
vn -0.23672075137025692 -0.8257645442508564 0.511933788032082
vn -0.23672075137025692 -0.8257645442508564 0.511933788032082
vn 0.8971096592102814 0.01653437063412555 0.4414984416046635
vn 0.8971096592102814 0.01653437063412555 0.4414984416046635
vn 0.8971096592102814 0.01653437063412555 0.4414984416046635
vn 0.8971096592102814 0.01653437063412555 0.4414984416046635
vn -0.8971096592102814 -0.01653437063412555 -0.4414984416046635
vn -0.8971096592102814 -0.01653437063412555 -0.4414984416046635
vn -0.8971096592102814 -0.01653437063412555 -0.4414984416046635
vn -0.8971096592102814 -0.01653437063412555 -0.4414984416046635
vn 0.3730382624105925 -0.5637725889451429 -0.7368873202408744
vn 0.3730382624105925 -0.5637725889451429 -0.7368873202408744
vn 0.3730382624105925 -0.5637725889451429 -0.7368873202408744
vn 0.3730382624105925 -0.5637725889451429 -0.7368873202408744
vn -0.3730382624105925 0.5637725889451429 0.7368873202408744
vn -0.3730382624105925 0.5637725889451429 0.7368873202408744
vn -0.3730382624105925 0.5637725889451429 0.7368873202408744
vn -0.3730382624105925 0.5637725889451429 0.7368873202408744
f 985/985/985 987/987/987 986/986/986
f 987/987/987 988/988/988 986/986/986
f 989/989/989 991/991/991 990/990/990
f 991/991/991 992/992/992 990/990/990
f 993/993/993 995/995/995 994/994/994
f 995/995/995 996/996/996 994/994/994
f 997/997/997 999/999/999 998/998/998
f 999/999/999 1000/1000/1000 998/998/998
f 1001/1001/1001 1003/1003/1003 1002/1002/1002
f 1003/1003/1003 1004/1004/1004 1002/1002/1002
f 1005/1005/1005 1007/1007/1007 1006/1006/1006
f 1007/1007/1007 1008/1008/1008 1006/1006/1006
o flower_2_petal_2_157
usemtl toxic_petal
v 0.20620408076309238 1.0007828094903197 0.15390866507522563
v 0.20343050359165066 0.9905773315771518 0.1738408598716023
v 0.07627962624447161 0.9149451271717972 0.09187986770922635
v 0.07350604907302989 0.9047396492586293 0.111812062505603
v 0.2593661793395622 0.9246725018627246 0.14788042872068
v 0.2621397565110039 0.9348779797758926 0.12794823392430335
v 0.1294417248209414 0.8388348195442021 0.08585163135468071
v 0.13221530199238313 0.8490402974573701 0.06591943655830405
v 0.2593661793395622 0.9246725018627246 0.14788042872068
v 0.20343050359165066 0.9905773315771518 0.1738408598716023
v 0.2621397565110039 0.9348779797758926 0.12794823392430335
v 0.20620408076309238 1.0007828094903197 0.15390866507522563
v 0.13221530199238313 0.8490402974573701 0.06591943655830405
v 0.07627962624447161 0.9149451271717972 0.09187986770922635
v 0.1294417248209414 0.8388348195442021 0.08585163135468071
v 0.07350604907302989 0.9047396492586293 0.111812062505603
v 0.2621397565110039 0.9348779797758926 0.12794823392430335
v 0.20620408076309238 1.0007828094903197 0.15390866507522563
v 0.13221530199238313 0.8490402974573701 0.06591943655830405
v 0.07627962624447161 0.9149451271717972 0.09187986770922635
v 0.20343050359165066 0.9905773315771518 0.1738408598716023
v 0.2593661793395622 0.9246725018627246 0.14788042872068
v 0.07350604907302989 0.9047396492586293 0.111812062505603
v 0.1294417248209414 0.8388348195442021 0.08585163135468071
vt 0.5 0.5
vt 0.5625 0.5
vt 0.5 0.3125
vt 0.5625 0.3125
vt 0.5 0.5
vt 0.5625 0.5
vt 0.5 0.3125
vt 0.5625 0.3125
vt 0.5 0.375
vt 0.5625 0.375
vt 0.5 0.3125
vt 0.5625 0.3125
vt 0.5 0.375
vt 0.5625 0.375
vt 0.5 0.3125
vt 0.5625 0.3125
vt 0.5 0.5
vt 0.5625 0.5
vt 0.5 0.3125
vt 0.5625 0.3125
vt 0.5 0.5
vt 0.5625 0.5
vt 0.5 0.3125
vt 0.5625 0.3125
vn -0.619742972929746 0.7301968654445501 0.2876302925617427
vn -0.619742972929746 0.7301968654445501 0.2876302925617427
vn -0.619742972929746 0.7301968654445501 0.2876302925617427
vn -0.619742972929746 0.7301968654445501 0.2876302925617427
vn 0.619742972929746 -0.7301968654445501 -0.2876302925617427
vn 0.619742972929746 -0.7301968654445501 -0.2876302925617427
vn 0.619742972929746 -0.7301968654445501 -0.2876302925617427
vn 0.619742972929746 -0.7301968654445501 -0.2876302925617427
vn 0.7751188890516217 0.5121007373401245 0.37005883674232204
vn 0.7751188890516217 0.5121007373401245 0.37005883674232204
vn 0.7751188890516217 0.5121007373401245 0.37005883674232204
vn 0.7751188890516217 0.5121007373401245 0.37005883674232204
vn -0.7751188890516217 -0.5121007373401245 -0.37005883674232204
vn -0.7751188890516217 -0.5121007373401245 -0.37005883674232204
vn -0.7751188890516217 -0.5121007373401245 -0.37005883674232204
vn -0.7751188890516217 -0.5121007373401245 -0.37005883674232204
vn 0.12292011771707578 0.45228903646966134 -0.8833602165310399
vn 0.12292011771707578 0.45228903646966134 -0.8833602165310399
vn 0.12292011771707578 0.45228903646966134 -0.8833602165310399
vn 0.12292011771707578 0.45228903646966134 -0.8833602165310399
vn -0.12292011771707578 -0.45228903646966134 0.8833602165310399
vn -0.12292011771707578 -0.45228903646966134 0.8833602165310399
vn -0.12292011771707578 -0.45228903646966134 0.8833602165310399
vn -0.12292011771707578 -0.45228903646966134 0.8833602165310399
f 1009/1009/1009 1011/1011/1011 1010/1010/1010
f 1011/1011/1011 1012/1012/1012 1010/1010/1010
f 1013/1013/1013 1015/1015/1015 1014/1014/1014
f 1015/1015/1015 1016/1016/1016 1014/1014/1014
f 1017/1017/1017 1019/1019/1019 1018/1018/1018
f 1019/1019/1019 1020/1020/1020 1018/1018/1018
f 1021/1021/1021 1023/1023/1023 1022/1022/1022
f 1023/1023/1023 1024/1024/1024 1022/1022/1022
f 1025/1025/1025 1027/1027/1027 1026/1026/1026
f 1027/1027/1027 1028/1028/1028 1026/1026/1026
f 1029/1029/1029 1031/1031/1031 1030/1030/1030
f 1031/1031/1031 1032/1032/1032 1030/1030/1030
o flower_2_petal_3_158
usemtl toxic_petal
v 0.12954494682135345 0.9718282709210706 0.23034086045533814
v 0.14462925438087484 0.9567857454725583 0.2357276992966136
v 0.06746019385318917 0.8697441858848703 0.11912592416914569
v 0.08254450141271057 0.8547016604363581 0.12451276301042115
v 0.199100787380174 0.9897000261554646 0.17510746137417477
v 0.1840164798206526 1.004742551603977 0.16972062253289932
v 0.13701603441200974 0.8876159411192643 0.06389252508798232
v 0.12193172685248836 0.9026584665677766 0.05850568624670685
v 0.199100787380174 0.9897000261554646 0.17510746137417477
v 0.14462925438087484 0.9567857454725583 0.2357276992966136
v 0.1840164798206526 1.004742551603977 0.16972062253289932
v 0.12954494682135345 0.9718282709210706 0.23034086045533814
v 0.12193172685248836 0.9026584665677766 0.05850568624670685
v 0.06746019385318917 0.8697441858848703 0.11912592416914569
v 0.13701603441200974 0.8876159411192643 0.06389252508798232
v 0.08254450141271057 0.8547016604363581 0.12451276301042115
v 0.1840164798206526 1.004742551603977 0.16972062253289932
v 0.12954494682135345 0.9718282709210706 0.23034086045533814
v 0.12193172685248836 0.9026584665677766 0.05850568624670685
v 0.06746019385318917 0.8697441858848703 0.11912592416914569
v 0.14462925438087484 0.9567857454725583 0.2357276992966136
v 0.199100787380174 0.9897000261554646 0.17510746137417477
v 0.08254450141271057 0.8547016604363581 0.12451276301042115
v 0.13701603441200974 0.8876159411192643 0.06389252508798232
vt 0.5 0.5
vt 0.5625 0.5
vt 0.5 0.3125
vt 0.5625 0.3125
vt 0.5 0.5
vt 0.5625 0.5
vt 0.5 0.3125
vt 0.5625 0.3125
vt 0.5 0.375
vt 0.5625 0.375
vt 0.5 0.3125
vt 0.5625 0.3125
vt 0.5 0.375
vt 0.5625 0.375
vt 0.5 0.3125
vt 0.5625 0.3125
vt 0.5 0.5
vt 0.5625 0.5
vt 0.5 0.3125
vt 0.5625 0.3125
vt 0.5 0.5
vt 0.5625 0.5
vt 0.5 0.3125
vt 0.5625 0.3125
vn -0.619742972929746 -0.37447806292749064 0.689699085029315
vn -0.619742972929746 -0.37447806292749064 0.689699085029315
vn -0.619742972929746 -0.37447806292749064 0.689699085029315
vn -0.619742972929746 -0.37447806292749064 0.689699085029315
vn 0.619742972929746 0.37447806292749064 -0.689699085029315
vn 0.619742972929746 0.37447806292749064 -0.689699085029315
vn 0.619742972929746 0.37447806292749064 -0.689699085029315
vn 0.619742972929746 0.37447806292749064 -0.689699085029315
vn 0.3803484641906467 0.625395497373342 0.6813336316761168
vn 0.3803484641906467 0.625395497373342 0.6813336316761168
vn 0.3803484641906467 0.625395497373342 0.6813336316761168
vn 0.3803484641906467 0.625395497373342 0.6813336316761168
vn -0.3803484641906467 -0.625395497373342 -0.6813336316761168
vn -0.3803484641906467 -0.625395497373342 -0.6813336316761168
vn -0.3803484641906467 -0.625395497373342 -0.6813336316761168
vn -0.3803484641906467 -0.625395497373342 -0.6813336316761168
vn -0.6864792009172719 0.6845777181965716 -0.24515230869147275
vn -0.6864792009172719 0.6845777181965716 -0.24515230869147275
vn -0.6864792009172719 0.6845777181965716 -0.24515230869147275
vn -0.6864792009172719 0.6845777181965716 -0.24515230869147275
vn 0.6864792009172719 -0.6845777181965716 0.24515230869147275
vn 0.6864792009172719 -0.6845777181965716 0.24515230869147275
vn 0.6864792009172719 -0.6845777181965716 0.24515230869147275
vn 0.6864792009172719 -0.6845777181965716 0.24515230869147275
f 1033/1033/1033 1035/1035/1035 1034/1034/1034
f 1035/1035/1035 1036/1036/1036 1034/1034/1034
f 1037/1037/1037 1039/1039/1039 1038/1038/1038
f 1039/1039/1039 1040/1040/1040 1038/1038/1038
f 1041/1041/1041 1043/1043/1043 1042/1042/1042
f 1043/1043/1043 1044/1044/1044 1042/1042/1042
f 1045/1045/1045 1047/1047/1047 1046/1046/1046
f 1047/1047/1047 1048/1048/1048 1046/1046/1046
f 1049/1049/1049 1051/1051/1051 1050/1050/1050
f 1051/1051/1051 1052/1052/1052 1050/1050/1050
f 1053/1053/1053 1055/1055/1055 1054/1054/1054
f 1055/1055/1055 1056/1056/1056 1054/1054/1054
o flower_2_petal_4_159
usemtl toxic_petal
v 0.14447010570667654 0.8635935164260666 0.2593934529673332
v 0.1656957426901106 0.867852289765585 0.2526909106849339
v 0.10097558951176089 0.8299489144167105 0.10027718026882534
v 0.12220122649519494 0.8342076877562288 0.09357463798642604
v 0.1442370069438369 0.9550246856284381 0.2401243566696966
v 0.12301136996040285 0.9507659122889198 0.2468268989520959
v 0.10074249074892125 0.921380083619082 0.08100808397118875
v 0.0795168537654872 0.9171213102795636 0.08771062625358805
v 0.1442370069438369 0.9550246856284381 0.2401243566696966
v 0.1656957426901106 0.867852289765585 0.2526909106849339
v 0.12301136996040285 0.9507659122889198 0.2468268989520959
v 0.14447010570667654 0.8635935164260666 0.2593934529673332
v 0.0795168537654872 0.9171213102795636 0.08771062625358805
v 0.10097558951176089 0.8299489144167105 0.10027718026882534
v 0.10074249074892125 0.921380083619082 0.08100808397118875
v 0.12220122649519494 0.8342076877562288 0.09357463798642604
v 0.12301136996040285 0.9507659122889198 0.2468268989520959
v 0.14447010570667654 0.8635935164260666 0.2593934529673332
v 0.0795168537654872 0.9171213102795636 0.08771062625358805
v 0.10097558951176089 0.8299489144167105 0.10027718026882534
v 0.1656957426901106 0.867852289765585 0.2526909106849339
v 0.1442370069438369 0.9550246856284381 0.2401243566696966
v 0.12220122649519494 0.8342076877562288 0.09357463798642604
v 0.10074249074892125 0.921380083619082 0.08100808397118875
vt 0.5 0.5
vt 0.5625 0.5
vt 0.5 0.3125
vt 0.5625 0.3125
vt 0.5 0.5
vt 0.5625 0.5
vt 0.5 0.3125
vt 0.5625 0.3125
vt 0.5 0.375
vt 0.5625 0.375
vt 0.5 0.3125
vt 0.5625 0.3125
vt 0.5 0.375
vt 0.5625 0.375
vt 0.5 0.3125
vt 0.5625 0.3125
vt 0.5 0.5
vt 0.5625 0.5
vt 0.5 0.3125
vt 0.5625 0.3125
vt 0.5 0.5
vt 0.5625 0.5
vt 0.5 0.3125
vt 0.5625 0.3125
vn 0.23672075137025697 -0.9616370363749612 0.13862718399607785
vn 0.23672075137025697 -0.9616370363749612 0.13862718399607785
vn 0.23672075137025697 -0.9616370363749612 0.13862718399607785
vn 0.23672075137025697 -0.9616370363749612 0.13862718399607785
vn -0.23672075137025697 0.9616370363749612 -0.13862718399607785
vn -0.23672075137025697 0.9616370363749612 -0.13862718399607785
vn -0.23672075137025697 0.9616370363749612 -0.13862718399607785
vn -0.23672075137025697 0.9616370363749612 -0.13862718399607785
vn 0.25835769403198733 0.19984914311513458 0.9451516396486971
vn 0.25835769403198733 0.19984914311513458 0.9451516396486971
vn 0.25835769403198733 0.19984914311513458 0.9451516396486971
vn 0.25835769403198733 0.19984914311513458 0.9451516396486971
vn -0.25835769403198733 -0.19984914311513458 -0.9451516396486971
vn -0.25835769403198733 -0.19984914311513458 -0.9451516396486971
vn -0.25835769403198733 -0.19984914311513458 -0.9451516396486971
vn -0.25835769403198733 -0.19984914311513458 -0.9451516396486971
vn -0.9365973456107886 -0.18792160670909522 0.2957547665325059
vn -0.9365973456107886 -0.18792160670909522 0.2957547665325059
vn -0.9365973456107886 -0.18792160670909522 0.2957547665325059
vn -0.9365973456107886 -0.18792160670909522 0.2957547665325059
vn 0.9365973456107886 0.18792160670909522 -0.2957547665325059
vn 0.9365973456107886 0.18792160670909522 -0.2957547665325059
vn 0.9365973456107886 0.18792160670909522 -0.2957547665325059
vn 0.9365973456107886 0.18792160670909522 -0.2957547665325059
f 1057/1057/1057 1059/1059/1059 1058/1058/1058
f 1059/1059/1059 1060/1060/1060 1058/1058/1058
f 1061/1061/1061 1063/1063/1063 1062/1062/1062
f 1063/1063/1063 1064/1064/1064 1062/1062/1062
f 1065/1065/1065 1067/1067/1067 1066/1066/1066
f 1067/1067/1067 1068/1068/1068 1066/1066/1066
f 1069/1069/1069 1071/1071/1071 1070/1070/1070
f 1071/1071/1071 1072/1072/1072 1070/1070/1070
f 1073/1073/1073 1075/1075/1075 1074/1074/1074
f 1075/1075/1075 1076/1076/1076 1074/1074/1074
f 1077/1077/1077 1079/1079/1079 1078/1078/1078
f 1079/1079/1079 1080/1080/1080 1078/1078/1078
o vine_0_160
usemtl vine
v 0.1201093908591478 -1.1795160922112413 0.03153125
v 0.1201093908591478 -1.1795160922112413 -0.03153125
v 0.17932149171551826 -1.2908778573605735 0.03153125
v 0.17932149171551826 -1.2908778573605735 -0.03153125
v 0.06442850828448173 -1.2091221426394265 -0.03153125
v 0.06442850828448173 -1.2091221426394265 0.03153125
v 0.12364060914085219 -1.3204839077887587 -0.03153125
v 0.12364060914085219 -1.3204839077887587 0.03153125
v 0.06442850828448173 -1.2091221426394265 -0.03153125
v 0.1201093908591478 -1.1795160922112413 -0.03153125
v 0.06442850828448173 -1.2091221426394265 0.03153125
v 0.1201093908591478 -1.1795160922112413 0.03153125
v 0.12364060914085219 -1.3204839077887587 0.03153125
v 0.17932149171551826 -1.2908778573605735 0.03153125
v 0.12364060914085219 -1.3204839077887587 -0.03153125
v 0.17932149171551826 -1.2908778573605735 -0.03153125
v 0.06442850828448173 -1.2091221426394265 0.03153125
v 0.1201093908591478 -1.1795160922112413 0.03153125
v 0.12364060914085219 -1.3204839077887587 0.03153125
v 0.17932149171551826 -1.2908778573605735 0.03153125
v 0.1201093908591478 -1.1795160922112413 -0.03153125
v 0.06442850828448173 -1.2091221426394265 -0.03153125
v 0.17932149171551826 -1.2908778573605735 -0.03153125
v 0.12364060914085219 -1.3204839077887587 -0.03153125
vt 0.0625 0.4375
vt 0.125 0.4375
vt 0.0625 0.3125
vt 0.125 0.3125
vt 0.0625 0.4375
vt 0.125 0.4375
vt 0.0625 0.3125
vt 0.125 0.3125
vt 0.0625 0.375
vt 0.125 0.375
vt 0.0625 0.3125
vt 0.125 0.3125
vt 0.0625 0.375
vt 0.125 0.375
vt 0.0625 0.3125
vt 0.125 0.3125
vt 0.0625 0.4375
vt 0.125 0.4375
vt 0.0625 0.3125
vt 0.125 0.3125
vt 0.0625 0.4375
vt 0.125 0.4375
vt 0.0625 0.3125
vt 0.125 0.3125
vn 0.8829475928589269 0.4694715627858908 0
vn 0.8829475928589269 0.4694715627858908 0
vn 0.8829475928589269 0.4694715627858908 0
vn 0.8829475928589269 0.4694715627858908 0
vn -0.8829475928589269 -0.4694715627858908 0
vn -0.8829475928589269 -0.4694715627858908 0
vn -0.8829475928589269 -0.4694715627858908 0
vn -0.8829475928589269 -0.4694715627858908 0
vn -0.4694715627858908 0.8829475928589269 0
vn -0.4694715627858908 0.8829475928589269 0
vn -0.4694715627858908 0.8829475928589269 0
vn -0.4694715627858908 0.8829475928589269 0
vn 0.4694715627858908 -0.8829475928589269 0
vn 0.4694715627858908 -0.8829475928589269 0
vn 0.4694715627858908 -0.8829475928589269 0
vn 0.4694715627858908 -0.8829475928589269 0
vn 0 0 0.9999999999999999
vn 0 0 0.9999999999999999
vn 0 0 0.9999999999999999
vn 0 0 0.9999999999999999
vn 0 0 -0.9999999999999999
vn 0 0 -0.9999999999999999
vn 0 0 -0.9999999999999999
vn 0 0 -0.9999999999999999
f 1081/1081/1081 1083/1083/1083 1082/1082/1082
f 1083/1083/1083 1084/1084/1084 1082/1082/1082
f 1085/1085/1085 1087/1087/1087 1086/1086/1086
f 1087/1087/1087 1088/1088/1088 1086/1086/1086
f 1089/1089/1089 1091/1091/1091 1090/1090/1090
f 1091/1091/1091 1092/1092/1092 1090/1090/1090
f 1093/1093/1093 1095/1095/1095 1094/1094/1094
f 1095/1095/1095 1096/1096/1096 1094/1094/1094
f 1097/1097/1097 1099/1099/1099 1098/1098/1098
f 1099/1099/1099 1100/1100/1100 1098/1098/1098
f 1101/1101/1101 1103/1103/1103 1102/1102/1102
f 1103/1103/1103 1104/1104/1104 1102/1102/1102
o vine_1_161
usemtl vine
v 0.07801374004082691 -1.0673156530681829 0.09687182273930701
v 0.1162381497289718 -1.0673156530681829 0.044260436323861216
v 0.12741283964241035 -1.182154024364397 0.13276236944503006
v 0.16563724933055524 -1.182154024364397 0.08015098302958427
v 0.06978505273648308 -1.0978459756356027 0.010510285801260247
v 0.031560643048338194 -1.0978459756356027 0.06312167221670605
v 0.11918415233806652 -1.212684346931817 0.046400832506983306
v 0.08095974264992163 -1.212684346931817 0.0990122189224291
v 0.06978505273648308 -1.0978459756356027 0.010510285801260247
v 0.1162381497289718 -1.0673156530681829 0.044260436323861216
v 0.031560643048338194 -1.0978459756356027 0.06312167221670605
v 0.07801374004082691 -1.0673156530681829 0.09687182273930701
v 0.08095974264992163 -1.212684346931817 0.0990122189224291
v 0.12741283964241035 -1.182154024364397 0.13276236944503006
v 0.11918415233806652 -1.212684346931817 0.046400832506983306
v 0.16563724933055524 -1.182154024364397 0.08015098302958427
v 0.031560643048338194 -1.0978459756356027 0.06312167221670605
v 0.07801374004082691 -1.0673156530681829 0.09687182273930701
v 0.08095974264992163 -1.212684346931817 0.0990122189224291
v 0.12741283964241035 -1.182154024364397 0.13276236944503006
v 0.1162381497289718 -1.0673156530681829 0.044260436323861216
v 0.06978505273648308 -1.0978459756356027 0.010510285801260247
v 0.16563724933055524 -1.182154024364397 0.08015098302958427
v 0.11918415233806652 -1.212684346931817 0.046400832506983306
vt 0.0625 0.4375
vt 0.125 0.4375
vt 0.0625 0.3125
vt 0.125 0.3125
vt 0.0625 0.4375
vt 0.125 0.4375
vt 0.0625 0.3125
vt 0.125 0.3125
vt 0.0625 0.375
vt 0.125 0.375
vt 0.0625 0.3125
vt 0.125 0.3125
vt 0.0625 0.375
vt 0.125 0.375
vt 0.0625 0.3125
vt 0.125 0.3125
vt 0.0625 0.4375
vt 0.125 0.4375
vt 0.0625 0.3125
vt 0.125 0.3125
vt 0.0625 0.4375
vt 0.125 0.4375
vt 0.0625 0.3125
vt 0.125 0.3125
vn 0.7143196077653239 0.4694715627858908 0.5189835736296162
vn 0.7143196077653239 0.4694715627858908 0.5189835736296162
vn 0.7143196077653239 0.4694715627858908 0.5189835736296162
vn 0.7143196077653239 0.4694715627858908 0.5189835736296162
vn -0.7143196077653239 -0.4694715627858908 -0.5189835736296162
vn -0.7143196077653239 -0.4694715627858908 -0.5189835736296162
vn -0.7143196077653239 -0.4694715627858908 -0.5189835736296162
vn -0.7143196077653239 -0.4694715627858908 -0.5189835736296162
vn -0.3798104726695508 0.882947592858927 -0.2759484609762464
vn -0.3798104726695508 0.882947592858927 -0.2759484609762464
vn -0.3798104726695508 0.882947592858927 -0.2759484609762464
vn -0.3798104726695508 0.882947592858927 -0.2759484609762464
vn 0.3798104726695508 -0.882947592858927 0.2759484609762464
vn 0.3798104726695508 -0.882947592858927 0.2759484609762464
vn 0.3798104726695508 -0.882947592858927 0.2759484609762464
vn 0.3798104726695508 -0.882947592858927 0.2759484609762464
vn -0.5877852522924731 7.691079917533709e-17 0.8090169943749475
vn -0.5877852522924731 7.691079917533709e-17 0.8090169943749475
vn -0.5877852522924731 7.691079917533709e-17 0.8090169943749475
vn -0.5877852522924731 7.691079917533709e-17 0.8090169943749475
vn 0.5877852522924731 -7.691079917533709e-17 -0.8090169943749475
vn 0.5877852522924731 -7.691079917533709e-17 -0.8090169943749475
vn 0.5877852522924731 -7.691079917533709e-17 -0.8090169943749475
vn 0.5877852522924731 -7.691079917533709e-17 -0.8090169943749475
f 1105/1105/1105 1107/1107/1107 1106/1106/1106
f 1107/1107/1107 1108/1108/1108 1106/1106/1106
f 1109/1109/1109 1111/1111/1111 1110/1110/1110
f 1111/1111/1111 1112/1112/1112 1110/1110/1110
f 1113/1113/1113 1115/1115/1115 1114/1114/1114
f 1115/1115/1115 1116/1116/1116 1114/1114/1114
f 1117/1117/1117 1119/1119/1119 1118/1118/1118
f 1119/1119/1119 1120/1120/1120 1118/1118/1118
f 1121/1121/1121 1123/1123/1123 1122/1122/1122
f 1123/1123/1123 1124/1124/1124 1122/1122/1122
f 1125/1125/1125 1127/1127/1127 1126/1126/1126
f 1127/1127/1127 1128/1128/1128 1126/1126/1126
o vine_2_162
usemtl vine
v 0.006991666542761628 -0.959201743762233 0.12401047749095263
v 0.06723515274683275 -0.959201743762233 0.10443618225351456
v 0.025370816493866577 -1.0710601669325484 0.18057568472274368
v 0.08561430269793771 -1.0710601669325484 0.16100138948530562
v 0.049952075885026856 -0.9889398330674517 0.05124434112419998
v -0.010291410319044278 -0.9889398330674517 0.07081863636163806
v 0.0683312258361318 -1.1007982562377672 0.10780954835599103
v 0.008087739632060671 -1.1007982562377672 0.1273838435934291
v 0.049952075885026856 -0.9889398330674517 0.05124434112419998
v 0.06723515274683275 -0.959201743762233 0.10443618225351456
v -0.010291410319044278 -0.9889398330674517 0.07081863636163806
v 0.006991666542761628 -0.959201743762233 0.12401047749095263
v 0.008087739632060671 -1.1007982562377672 0.1273838435934291
v 0.025370816493866577 -1.0710601669325484 0.18057568472274368
v 0.0683312258361318 -1.1007982562377672 0.10780954835599103
v 0.08561430269793771 -1.0710601669325484 0.16100138948530562
v -0.010291410319044278 -0.9889398330674517 0.07081863636163806
v 0.006991666542761628 -0.959201743762233 0.12401047749095263
v 0.008087739632060671 -1.1007982562377672 0.1273838435934291
v 0.025370816493866577 -1.0710601669325484 0.18057568472274368
v 0.06723515274683275 -0.959201743762233 0.10443618225351456
v 0.049952075885026856 -0.9889398330674517 0.05124434112419998
v 0.08561430269793771 -1.0710601669325484 0.16100138948530562
v 0.0683312258361318 -1.1007982562377672 0.10780954835599103
vt 0.0625 0.4375
vt 0.125 0.4375
vt 0.0625 0.3125
vt 0.125 0.3125
vt 0.0625 0.4375
vt 0.125 0.4375
vt 0.0625 0.3125
vt 0.125 0.3125
vt 0.0625 0.375
vt 0.125 0.375
vt 0.0625 0.3125
vt 0.125 0.3125
vt 0.0625 0.375
vt 0.125 0.375
vt 0.0625 0.3125
vt 0.125 0.3125
vt 0.0625 0.4375
vt 0.125 0.4375
vt 0.0625 0.3125
vt 0.125 0.3125
vt 0.0625 0.4375
vt 0.125 0.4375
vt 0.0625 0.3125
vt 0.125 0.3125
vn 0.27284581133586044 0.4694715627858908 0.8397330617356027
vn 0.27284581133586044 0.4694715627858908 0.8397330617356027
vn 0.27284581133586044 0.4694715627858908 0.8397330617356027
vn 0.27284581133586044 0.4694715627858908 0.8397330617356027
vn -0.27284581133586044 -0.4694715627858908 -0.8397330617356027
vn -0.27284581133586044 -0.4694715627858908 -0.8397330617356027
vn -0.27284581133586044 -0.4694715627858908 -0.8397330617356027
vn -0.27284581133586044 -0.4694715627858908 -0.8397330617356027
vn -0.14507469127660536 0.8829475928589269 -0.44649398900279075
vn -0.14507469127660536 0.8829475928589269 -0.44649398900279075
vn -0.14507469127660536 0.8829475928589269 -0.44649398900279075
vn -0.14507469127660536 0.8829475928589269 -0.44649398900279075
vn 0.14507469127660536 -0.8829475928589269 0.44649398900279075
vn 0.14507469127660536 -0.8829475928589269 0.44649398900279075
vn 0.14507469127660536 -0.8829475928589269 0.44649398900279075
vn 0.14507469127660536 -0.8829475928589269 0.44649398900279075
vn -0.9510565162951536 -2.702108181447734e-17 0.3090169943749474
vn -0.9510565162951536 -2.702108181447734e-17 0.3090169943749474
vn -0.9510565162951536 -2.702108181447734e-17 0.3090169943749474
vn -0.9510565162951536 -2.702108181447734e-17 0.3090169943749474
vn 0.9510565162951536 2.702108181447734e-17 -0.3090169943749474
vn 0.9510565162951536 2.702108181447734e-17 -0.3090169943749474
vn 0.9510565162951536 2.702108181447734e-17 -0.3090169943749474
vn 0.9510565162951536 2.702108181447734e-17 -0.3090169943749474
f 1129/1129/1129 1131/1131/1131 1130/1130/1130
f 1131/1131/1131 1132/1132/1132 1130/1130/1130
f 1133/1133/1133 1135/1135/1135 1134/1134/1134
f 1135/1135/1135 1136/1136/1136 1134/1134/1134
f 1137/1137/1137 1139/1139/1139 1138/1138/1138
f 1139/1139/1139 1140/1140/1140 1138/1138/1138
f 1141/1141/1141 1143/1143/1143 1142/1142/1142
f 1143/1143/1143 1144/1144/1144 1142/1142/1142
f 1145/1145/1145 1147/1147/1147 1146/1146/1146
f 1147/1147/1147 1148/1148/1148 1146/1146/1146
f 1149/1149/1149 1151/1151/1151 1150/1150/1150
f 1151/1151/1151 1152/1152/1152 1150/1150/1150
o vine_2_163
usemtl leaf
v 0.018961418624770906 -0.9390680251597769 0.185170664850331
v 0.09350047605131948 -0.9390680251597769 0.1609514569538097
v 0.02346101338113617 -0.9521788034990962 0.19901899355595648
v 0.09800007080768475 -0.9521788034990962 0.17479978565943516
v 0.07189272556751303 -1.0167266605793683 0.09444963901440791
v -0.002646331859035546 -1.0167266605793683 0.11866884691092923
v 0.07639232032387828 -1.0298374389186877 0.10829796772003338
v 0.0018532628973297258 -1.0298374389186877 0.13251717561655468
v 0.07189272556751303 -1.0167266605793683 0.09444963901440791
v 0.09350047605131948 -0.9390680251597769 0.1609514569538097
v -0.002646331859035546 -1.0167266605793683 0.11866884691092923
v 0.018961418624770906 -0.9390680251597769 0.185170664850331
v 0.0018532628973297258 -1.0298374389186877 0.13251717561655468
v 0.02346101338113617 -0.9521788034990962 0.19901899355595648
v 0.07639232032387828 -1.0298374389186877 0.10829796772003338
v 0.09800007080768475 -0.9521788034990962 0.17479978565943516
v -0.002646331859035546 -1.0167266605793683 0.11866884691092923
v 0.018961418624770906 -0.9390680251597769 0.185170664850331
v 0.0018532628973297258 -1.0298374389186877 0.13251717561655468
v 0.02346101338113617 -0.9521788034990962 0.19901899355595648
v 0.09350047605131948 -0.9390680251597769 0.1609514569538097
v 0.07189272556751303 -1.0167266605793683 0.09444963901440791
v 0.09800007080768475 -0.9521788034990962 0.17479978565943516
v 0.07639232032387828 -1.0298374389186877 0.10829796772003338
vt 0.4375 1
vt 0.5 1
vt 0.4375 0.9375
vt 0.5 0.9375
vt 0.4375 1
vt 0.5 1
vt 0.4375 0.9375
vt 0.5 0.9375
vt 0.4375 1
vt 0.5625 1
vt 0.4375 0.9375
vt 0.5625 0.9375
vt 0.4375 1
vt 0.5625 1
vt 0.4375 0.9375
vt 0.5625 0.9375
vt 0.4375 1
vt 0.5625 1
vt 0.4375 0.9375
vt 0.5625 0.9375
vt 0.4375 1
vt 0.5625 1
vt 0.4375 0.9375
vt 0.5625 0.9375
vn 0.2067727288213004 0.743144825477394 0.6363810234301196
vn 0.2067727288213004 0.743144825477394 0.6363810234301196
vn 0.2067727288213004 0.743144825477394 0.6363810234301196
vn 0.2067727288213004 0.743144825477394 0.6363810234301196
vn -0.2067727288213004 -0.743144825477394 -0.6363810234301196
vn -0.2067727288213004 -0.743144825477394 -0.6363810234301196
vn -0.2067727288213004 -0.743144825477394 -0.6363810234301196
vn -0.2067727288213004 -0.743144825477394 -0.6363810234301196
vn -0.22964438035431917 0.6691306063588582 -0.7067727288213004
vn -0.22964438035431917 0.6691306063588582 -0.7067727288213004
vn -0.22964438035431917 0.6691306063588582 -0.7067727288213004
vn -0.22964438035431917 0.6691306063588582 -0.7067727288213004
vn 0.22964438035431917 -0.6691306063588582 0.7067727288213004
vn 0.22964438035431917 -0.6691306063588582 0.7067727288213004
vn 0.22964438035431917 -0.6691306063588582 0.7067727288213004
vn 0.22964438035431917 -0.6691306063588582 0.7067727288213004
vn -0.9510565162951535 -1.0166644762026115e-16 0.30901699437494734
vn -0.9510565162951535 -1.0166644762026115e-16 0.30901699437494734
vn -0.9510565162951535 -1.0166644762026115e-16 0.30901699437494734
vn -0.9510565162951535 -1.0166644762026115e-16 0.30901699437494734
vn 0.9510565162951535 1.0166644762026115e-16 -0.30901699437494734
vn 0.9510565162951535 1.0166644762026115e-16 -0.30901699437494734
vn 0.9510565162951535 1.0166644762026115e-16 -0.30901699437494734
vn 0.9510565162951535 1.0166644762026115e-16 -0.30901699437494734
f 1153/1153/1153 1155/1155/1155 1154/1154/1154
f 1155/1155/1155 1156/1156/1156 1154/1154/1154
f 1157/1157/1157 1159/1159/1159 1158/1158/1158
f 1159/1159/1159 1160/1160/1160 1158/1158/1158
f 1161/1161/1161 1163/1163/1163 1162/1162/1162
f 1163/1163/1163 1164/1164/1164 1162/1162/1162
f 1165/1165/1165 1167/1167/1167 1166/1166/1166
f 1167/1167/1167 1168/1168/1168 1166/1166/1166
f 1169/1169/1169 1171/1171/1171 1170/1170/1170
f 1171/1171/1171 1172/1172/1172 1170/1170/1170
f 1173/1173/1173 1175/1175/1175 1174/1174/1174
f 1175/1175/1175 1176/1176/1176 1174/1174/1174
o vine_3_164
usemtl vine
v -0.06736646175473432 -0.8488873953132247 0.10438523776608014
v -0.006855490905455175 -0.8488873953132247 0.12404644403318615
v -0.08582721621968235 -0.9612424765045231 0.16120159786668525
v -0.02531624537040321 -0.9612424765045231 0.18086280413379127
v 0.010504323840788934 -0.878757523495477 0.07061842798025844
v -0.05000664700849021 -0.878757523495477 0.05095722171315242
v -0.0079564306241591 -0.9911126046867754 0.12743478808086356
v -0.06846740147343824 -0.9911126046867754 0.10777358181375754
v 0.010504323840788934 -0.878757523495477 0.07061842798025844
v -0.006855490905455175 -0.8488873953132247 0.12404644403318615
v -0.05000664700849021 -0.878757523495477 0.05095722171315242
v -0.06736646175473432 -0.8488873953132247 0.10438523776608014
v -0.06846740147343824 -0.9911126046867754 0.10777358181375754
v -0.08582721621968235 -0.9612424765045231 0.16120159786668525
v -0.0079564306241591 -0.9911126046867754 0.12743478808086356
v -0.02531624537040321 -0.9612424765045231 0.18086280413379127
v -0.05000664700849021 -0.878757523495477 0.05095722171315242
v -0.06736646175473432 -0.8488873953132247 0.10438523776608014
v -0.06846740147343824 -0.9911126046867754 0.10777358181375754
v -0.08582721621968235 -0.9612424765045231 0.16120159786668525
v -0.006855490905455175 -0.8488873953132247 0.12404644403318615
v 0.010504323840788934 -0.878757523495477 0.07061842798025844
v -0.02531624537040321 -0.9612424765045231 0.18086280413379127
v -0.0079564306241591 -0.9911126046867754 0.12743478808086356
vt 0.0625 0.4375
vt 0.125 0.4375
vt 0.0625 0.3125
vt 0.125 0.3125
vt 0.0625 0.4375
vt 0.125 0.4375
vt 0.0625 0.3125
vt 0.125 0.3125
vt 0.0625 0.375
vt 0.125 0.375
vt 0.0625 0.3125
vt 0.125 0.3125
vt 0.0625 0.375
vt 0.125 0.375
vt 0.0625 0.3125
vt 0.125 0.3125
vt 0.0625 0.4375
vt 0.125 0.4375
vt 0.0625 0.3125
vt 0.125 0.3125
vt 0.0625 0.4375
vt 0.125 0.4375
vt 0.0625 0.3125
vt 0.125 0.3125
vn -0.2728458113358602 0.46947156278589064 0.8397330617356027
vn -0.2728458113358602 0.46947156278589064 0.8397330617356027
vn -0.2728458113358602 0.46947156278589064 0.8397330617356027
vn -0.2728458113358602 0.46947156278589064 0.8397330617356027
vn 0.2728458113358602 -0.46947156278589064 -0.8397330617356027
vn 0.2728458113358602 -0.46947156278589064 -0.8397330617356027
vn 0.2728458113358602 -0.46947156278589064 -0.8397330617356027
vn 0.2728458113358602 -0.46947156278589064 -0.8397330617356027
vn 0.14507469127660533 0.8829475928589268 -0.44649398900279075
vn 0.14507469127660533 0.8829475928589268 -0.44649398900279075
vn 0.14507469127660533 0.8829475928589268 -0.44649398900279075
vn 0.14507469127660533 0.8829475928589268 -0.44649398900279075
vn -0.14507469127660533 -0.8829475928589268 0.44649398900279075
vn -0.14507469127660533 -0.8829475928589268 0.44649398900279075
vn -0.14507469127660533 -0.8829475928589268 0.44649398900279075
vn -0.14507469127660533 -0.8829475928589268 0.44649398900279075
vn -0.9510565162951536 5.356544018208382e-17 -0.3090169943749474
vn -0.9510565162951536 5.356544018208382e-17 -0.3090169943749474
vn -0.9510565162951536 5.356544018208382e-17 -0.3090169943749474
vn -0.9510565162951536 5.356544018208382e-17 -0.3090169943749474
vn 0.9510565162951536 -5.356544018208382e-17 0.3090169943749474
vn 0.9510565162951536 -5.356544018208382e-17 0.3090169943749474
vn 0.9510565162951536 -5.356544018208382e-17 0.3090169943749474
vn 0.9510565162951536 -5.356544018208382e-17 0.3090169943749474
f 1177/1177/1177 1179/1179/1179 1178/1178/1178
f 1179/1179/1179 1180/1180/1180 1178/1178/1178
f 1181/1181/1181 1183/1183/1183 1182/1182/1182
f 1183/1183/1183 1184/1184/1184 1182/1182/1182
f 1185/1185/1185 1187/1187/1187 1186/1186/1186
f 1187/1187/1187 1188/1188/1188 1186/1186/1186
f 1189/1189/1189 1191/1191/1191 1190/1190/1190
f 1191/1191/1191 1192/1192/1192 1190/1190/1190
f 1193/1193/1193 1195/1195/1195 1194/1194/1194
f 1195/1195/1195 1196/1196/1196 1194/1194/1194
f 1197/1197/1197 1199/1199/1199 1198/1198/1198
f 1199/1199/1199 1200/1200/1200 1198/1198/1198
o vine_4_165
usemtl vine
v -0.11639072332998641 -0.7366869561701663 0.044023643414977484
v -0.077835684437427 -0.7366869561701663 0.09709010188975917
v -0.1662171097133231 -0.8525186435083468 0.08022463213929881
v -0.1276620708207637 -0.8525186435083468 0.1332910906140805
v -0.030980782665570306 -0.7674813564916533 0.06304802310699154
v -0.0695358215581297 -0.7674813564916533 0.009981564632209845
v -0.08080716904890699 -0.8833130438298338 0.09924901183131286
v -0.1193622079414664 -0.8833130438298338 0.04618255335653118
v -0.030980782665570306 -0.7674813564916533 0.06304802310699154
v -0.077835684437427 -0.7366869561701663 0.09709010188975917
v -0.0695358215581297 -0.7674813564916533 0.009981564632209845
v -0.11639072332998641 -0.7366869561701663 0.044023643414977484
v -0.1193622079414664 -0.8833130438298338 0.04618255335653118
v -0.1662171097133231 -0.8525186435083468 0.08022463213929881
v -0.08080716904890699 -0.8833130438298338 0.09924901183131286
v -0.1276620708207637 -0.8525186435083468 0.1332910906140805
v -0.0695358215581297 -0.7674813564916533 0.009981564632209845
v -0.11639072332998641 -0.7366869561701663 0.044023643414977484
v -0.1193622079414664 -0.8833130438298338 0.04618255335653118
v -0.1662171097133231 -0.8525186435083468 0.08022463213929881
v -0.077835684437427 -0.7366869561701663 0.09709010188975917
v -0.030980782665570306 -0.7674813564916533 0.06304802310699154
v -0.1276620708207637 -0.8525186435083468 0.1332910906140805
v -0.08080716904890699 -0.8833130438298338 0.09924901183131286
vt 0.0625 0.4375
vt 0.125 0.4375
vt 0.0625 0.3125
vt 0.125 0.3125
vt 0.0625 0.4375
vt 0.125 0.4375
vt 0.0625 0.3125
vt 0.125 0.3125
vt 0.0625 0.375
vt 0.125 0.375
vt 0.0625 0.3125
vt 0.125 0.3125
vt 0.0625 0.375
vt 0.125 0.375
vt 0.0625 0.3125
vt 0.125 0.3125
vt 0.0625 0.4375
vt 0.125 0.4375
vt 0.0625 0.3125
vt 0.125 0.3125
vt 0.0625 0.4375
vt 0.125 0.4375
vt 0.0625 0.3125
vt 0.125 0.3125
vn -0.7143196077653237 0.4694715627858907 0.5189835736296164
vn -0.7143196077653237 0.4694715627858907 0.5189835736296164
vn -0.7143196077653237 0.4694715627858907 0.5189835736296164
vn -0.7143196077653237 0.4694715627858907 0.5189835736296164
vn 0.7143196077653237 -0.4694715627858907 -0.5189835736296164
vn 0.7143196077653237 -0.4694715627858907 -0.5189835736296164
vn 0.7143196077653237 -0.4694715627858907 -0.5189835736296164
vn 0.7143196077653237 -0.4694715627858907 -0.5189835736296164
vn 0.37981047266955065 0.8829475928589268 -0.27594846097624653
vn 0.37981047266955065 0.8829475928589268 -0.27594846097624653
vn 0.37981047266955065 0.8829475928589268 -0.27594846097624653
vn 0.37981047266955065 0.8829475928589268 -0.27594846097624653
vn -0.37981047266955065 -0.8829475928589268 0.27594846097624653
vn -0.37981047266955065 -0.8829475928589268 0.27594846097624653
vn -0.37981047266955065 -0.8829475928589268 0.27594846097624653
vn -0.37981047266955065 -0.8829475928589268 0.27594846097624653
vn -0.5877852522924734 1.0079647488619266e-16 -0.8090169943749472
vn -0.5877852522924734 1.0079647488619266e-16 -0.8090169943749472
vn -0.5877852522924734 1.0079647488619266e-16 -0.8090169943749472
vn -0.5877852522924734 1.0079647488619266e-16 -0.8090169943749472
vn 0.5877852522924734 -1.0079647488619266e-16 0.8090169943749472
vn 0.5877852522924734 -1.0079647488619266e-16 0.8090169943749472
vn 0.5877852522924734 -1.0079647488619266e-16 0.8090169943749472
vn 0.5877852522924734 -1.0079647488619266e-16 0.8090169943749472
f 1201/1201/1201 1203/1203/1203 1202/1202/1202
f 1203/1203/1203 1204/1204/1204 1202/1202/1202
f 1205/1205/1205 1207/1207/1207 1206/1206/1206
f 1207/1207/1207 1208/1208/1208 1206/1206/1206
f 1209/1209/1209 1211/1211/1211 1210/1210/1210
f 1211/1211/1211 1212/1212/1212 1210/1210/1210
f 1213/1213/1213 1215/1215/1215 1214/1214/1214
f 1215/1215/1215 1216/1216/1216 1214/1214/1214
f 1217/1217/1217 1219/1219/1219 1218/1218/1218
f 1219/1219/1219 1220/1220/1220 1218/1218/1218
f 1221/1221/1221 1223/1223/1223 1222/1222/1222
f 1223/1223/1223 1224/1224/1224 1222/1222/1222
o vine_5_166
usemtl vine
v -0.12008576774378457 -0.6285730468642162 -0.031953124999999985
v -0.12008576774378456 -0.6285730468642162 0.03195312500000001
v -0.18009010186235624 -0.7414247860764979 -0.03195312499999998
v -0.18009010186235622 -0.7414247860764979 0.03195312500000002
v -0.06365989813764375 -0.658575213923502 0.031953125000000006
v -0.06365989813764378 -0.658575213923502 -0.03195312499999999
v -0.12366423225621542 -0.7714269531357837 0.03195312500000001
v -0.12366423225621544 -0.7714269531357837 -0.031953124999999985
v -0.06365989813764375 -0.658575213923502 0.031953125000000006
v -0.12008576774378456 -0.6285730468642162 0.03195312500000001
v -0.06365989813764378 -0.658575213923502 -0.03195312499999999
v -0.12008576774378457 -0.6285730468642162 -0.031953124999999985
v -0.12366423225621544 -0.7714269531357837 -0.031953124999999985
v -0.18009010186235624 -0.7414247860764979 -0.03195312499999998
v -0.12366423225621542 -0.7714269531357837 0.03195312500000001
v -0.18009010186235622 -0.7414247860764979 0.03195312500000002
v -0.06365989813764378 -0.658575213923502 -0.03195312499999999
v -0.12008576774378457 -0.6285730468642162 -0.031953124999999985
v -0.12366423225621544 -0.7714269531357837 -0.031953124999999985
v -0.18009010186235624 -0.7414247860764979 -0.03195312499999998
v -0.12008576774378456 -0.6285730468642162 0.03195312500000001
v -0.06365989813764375 -0.658575213923502 0.031953125000000006
v -0.18009010186235622 -0.7414247860764979 0.03195312500000002
v -0.12366423225621542 -0.7714269531357837 0.03195312500000001
vt 0.0625 0.4375
vt 0.125 0.4375
vt 0.0625 0.3125
vt 0.125 0.3125
vt 0.0625 0.4375
vt 0.125 0.4375
vt 0.0625 0.3125
vt 0.125 0.3125
vt 0.0625 0.375
vt 0.125 0.375
vt 0.0625 0.3125
vt 0.125 0.3125
vt 0.0625 0.375
vt 0.125 0.375
vt 0.0625 0.3125
vt 0.125 0.3125
vt 0.0625 0.4375
vt 0.125 0.4375
vt 0.0625 0.3125
vt 0.125 0.3125
vt 0.0625 0.4375
vt 0.125 0.4375
vt 0.0625 0.3125
vt 0.125 0.3125
vn -0.8829475928589269 0.4694715627858907 1.0812989434095451e-16
vn -0.8829475928589269 0.4694715627858907 1.0812989434095451e-16
vn -0.8829475928589269 0.4694715627858907 1.0812989434095451e-16
vn -0.8829475928589269 0.4694715627858907 1.0812989434095451e-16
vn 0.8829475928589269 -0.4694715627858907 -1.0812989434095451e-16
vn 0.8829475928589269 -0.4694715627858907 -1.0812989434095451e-16
vn 0.8829475928589269 -0.4694715627858907 -1.0812989434095451e-16
vn 0.8829475928589269 -0.4694715627858907 -1.0812989434095451e-16
vn 0.4694715627858907 0.8829475928589269 -5.749368466564467e-17
vn 0.4694715627858907 0.8829475928589269 -5.749368466564467e-17
vn 0.4694715627858907 0.8829475928589269 -5.749368466564467e-17
vn 0.4694715627858907 0.8829475928589269 -5.749368466564467e-17
vn -0.4694715627858907 -0.8829475928589269 5.749368466564467e-17
vn -0.4694715627858907 -0.8829475928589269 5.749368466564467e-17
vn -0.4694715627858907 -0.8829475928589269 5.749368466564467e-17
vn -0.4694715627858907 -0.8829475928589269 5.749368466564467e-17
vn -1.224646799147353e-16 -5.8947288187317426e-33 -0.9999999999999999
vn -1.224646799147353e-16 -5.8947288187317426e-33 -0.9999999999999999
vn -1.224646799147353e-16 -5.8947288187317426e-33 -0.9999999999999999
vn -1.224646799147353e-16 -5.8947288187317426e-33 -0.9999999999999999
vn 1.224646799147353e-16 5.8947288187317426e-33 0.9999999999999999
vn 1.224646799147353e-16 5.8947288187317426e-33 0.9999999999999999
vn 1.224646799147353e-16 5.8947288187317426e-33 0.9999999999999999
vn 1.224646799147353e-16 5.8947288187317426e-33 0.9999999999999999
f 1225/1225/1225 1227/1227/1227 1226/1226/1226
f 1227/1227/1227 1228/1228/1228 1226/1226/1226
f 1229/1229/1229 1231/1231/1231 1230/1230/1230
f 1231/1231/1231 1232/1232/1232 1230/1230/1230
f 1233/1233/1233 1235/1235/1235 1234/1234/1234
f 1235/1235/1235 1236/1236/1236 1234/1234/1234
f 1237/1237/1237 1239/1239/1239 1238/1238/1238
f 1239/1239/1239 1240/1240/1240 1238/1238/1238
f 1241/1241/1241 1243/1243/1243 1242/1242/1242
f 1243/1243/1243 1244/1244/1244 1242/1242/1242
f 1245/1245/1245 1247/1247/1247 1246/1246/1246
f 1247/1247/1247 1248/1248/1248 1246/1246/1246
o vine_6_167
usemtl vine
v -0.0777466566357271 -0.516372607721158 -0.09719924146498524
v -0.11646701013049375 -0.516372607721158 -0.04390524696053556
v -0.12778668640994043 -0.6327009530803216 -0.13355545119860568
v -0.16650703990470708 -0.6327009530803216 -0.08026145669415603
v -0.06941120596895303 -0.5472990469196786 -0.0097172040476846
v -0.030690852474186375 -0.5472990469196786 -0.06301119855213426
v -0.11945123574316636 -0.6636273922788422 -0.04607341378130506
v -0.08073088224839971 -0.6636273922788422 -0.09936740828575473
v -0.06941120596895303 -0.5472990469196786 -0.0097172040476846
v -0.11646701013049375 -0.516372607721158 -0.04390524696053556
v -0.030690852474186375 -0.5472990469196786 -0.06301119855213426
v -0.0777466566357271 -0.516372607721158 -0.09719924146498524
v -0.08073088224839971 -0.6636273922788422 -0.09936740828575473
v -0.12778668640994043 -0.6327009530803216 -0.13355545119860568
v -0.11945123574316636 -0.6636273922788422 -0.04607341378130506
v -0.16650703990470708 -0.6327009530803216 -0.08026145669415603
v -0.030690852474186375 -0.5472990469196786 -0.06301119855213426
v -0.0777466566357271 -0.516372607721158 -0.09719924146498524
v -0.08073088224839971 -0.6636273922788422 -0.09936740828575473
v -0.12778668640994043 -0.6327009530803216 -0.13355545119860568
v -0.11646701013049375 -0.516372607721158 -0.04390524696053556
v -0.06941120596895303 -0.5472990469196786 -0.0097172040476846
v -0.16650703990470708 -0.6327009530803216 -0.08026145669415603
v -0.11945123574316636 -0.6636273922788422 -0.04607341378130506
vt 0.0625 0.4375
vt 0.125 0.4375
vt 0.0625 0.3125
vt 0.125 0.3125
vt 0.0625 0.4375
vt 0.125 0.4375
vt 0.0625 0.3125
vt 0.125 0.3125
vt 0.0625 0.375
vt 0.125 0.375
vt 0.0625 0.3125
vt 0.125 0.3125
vt 0.0625 0.375
vt 0.125 0.375
vt 0.0625 0.3125
vt 0.125 0.3125
vt 0.0625 0.4375
vt 0.125 0.4375
vt 0.0625 0.3125
vt 0.125 0.3125
vt 0.0625 0.4375
vt 0.125 0.4375
vt 0.0625 0.3125
vt 0.125 0.3125
vn -0.7143196077653239 0.4694715627858909 -0.5189835736296161
vn -0.7143196077653239 0.4694715627858909 -0.5189835736296161
vn -0.7143196077653239 0.4694715627858909 -0.5189835736296161
vn -0.7143196077653239 0.4694715627858909 -0.5189835736296161
vn 0.7143196077653239 -0.4694715627858909 0.5189835736296161
vn 0.7143196077653239 -0.4694715627858909 0.5189835736296161
vn 0.7143196077653239 -0.4694715627858909 0.5189835736296161
vn 0.7143196077653239 -0.4694715627858909 0.5189835736296161
vn 0.37981047266955076 0.8829475928589269 0.27594846097624637
vn 0.37981047266955076 0.8829475928589269 0.27594846097624637
vn 0.37981047266955076 0.8829475928589269 0.27594846097624637
vn 0.37981047266955076 0.8829475928589269 0.27594846097624637
vn -0.37981047266955076 -0.8829475928589269 -0.27594846097624637
vn -0.37981047266955076 -0.8829475928589269 -0.27594846097624637
vn -0.37981047266955076 -0.8829475928589269 -0.27594846097624637
vn -0.37981047266955076 -0.8829475928589269 -0.27594846097624637
vn 0.587785252292473 -4.9968810631278895e-17 -0.8090169943749475
vn 0.587785252292473 -4.9968810631278895e-17 -0.8090169943749475
vn 0.587785252292473 -4.9968810631278895e-17 -0.8090169943749475
vn 0.587785252292473 -4.9968810631278895e-17 -0.8090169943749475
vn -0.587785252292473 4.9968810631278895e-17 0.8090169943749475
vn -0.587785252292473 4.9968810631278895e-17 0.8090169943749475
vn -0.587785252292473 4.9968810631278895e-17 0.8090169943749475
vn -0.587785252292473 4.9968810631278895e-17 0.8090169943749475
f 1249/1249/1249 1251/1251/1251 1250/1250/1250
f 1251/1251/1251 1252/1252/1252 1250/1250/1250
f 1253/1253/1253 1255/1255/1255 1254/1254/1254
f 1255/1255/1255 1256/1256/1256 1254/1254/1254
f 1257/1257/1257 1259/1259/1259 1258/1258/1258
f 1259/1259/1259 1260/1260/1260 1258/1258/1258
f 1261/1261/1261 1263/1263/1263 1262/1262/1262
f 1263/1263/1263 1264/1264/1264 1262/1262/1262
f 1265/1265/1265 1267/1267/1267 1266/1266/1266
f 1267/1267/1267 1268/1268/1268 1266/1266/1266
f 1269/1269/1269 1271/1271/1271 1270/1270/1270
f 1271/1271/1271 1272/1272/1272 1270/1270/1270
o vine_7_168
usemtl vine
v -0.006583139630842207 -0.4082586984152079 -0.12411837711765318
v -0.06762907977053739 -0.4082586984152079 -0.10428334879121127
v -0.025207103123476383 -0.5216070956484726 -0.18143704295588647
v -0.08625304326317157 -0.5216070956484726 -0.16160201462944457
v -0.05011578925541688 -0.4383929043515273 -0.05038298289105726
v 0.01093015088427831 -0.4383929043515273 -0.07021801121749917
v -0.06873975274805105 -0.5517413015847921 -0.10770164872929054
v -0.007693812608355867 -0.5517413015847921 -0.12753667705573246
v -0.05011578925541688 -0.4383929043515273 -0.05038298289105726
v -0.06762907977053739 -0.4082586984152079 -0.10428334879121127
v 0.01093015088427831 -0.4383929043515273 -0.07021801121749917
v -0.006583139630842207 -0.4082586984152079 -0.12411837711765318
v -0.007693812608355867 -0.5517413015847921 -0.12753667705573246
v -0.025207103123476383 -0.5216070956484726 -0.18143704295588647
v -0.06873975274805105 -0.5517413015847921 -0.10770164872929054
v -0.08625304326317157 -0.5216070956484726 -0.16160201462944457
v 0.01093015088427831 -0.4383929043515273 -0.07021801121749917
v -0.006583139630842207 -0.4082586984152079 -0.12411837711765318
v -0.007693812608355867 -0.5517413015847921 -0.12753667705573246
v -0.025207103123476383 -0.5216070956484726 -0.18143704295588647
v -0.06762907977053739 -0.4082586984152079 -0.10428334879121127
v -0.05011578925541688 -0.4383929043515273 -0.05038298289105726
v -0.08625304326317157 -0.5216070956484726 -0.16160201462944457
v -0.06873975274805105 -0.5517413015847921 -0.10770164872929054
vt 0.0625 0.4375
vt 0.125 0.4375
vt 0.0625 0.3125
vt 0.125 0.3125
vt 0.0625 0.4375
vt 0.125 0.4375
vt 0.0625 0.3125
vt 0.125 0.3125
vt 0.0625 0.375
vt 0.125 0.375
vt 0.0625 0.3125
vt 0.125 0.3125
vt 0.0625 0.375
vt 0.125 0.375
vt 0.0625 0.3125
vt 0.125 0.3125
vt 0.0625 0.4375
vt 0.125 0.4375
vt 0.0625 0.3125
vt 0.125 0.3125
vt 0.0625 0.4375
vt 0.125 0.4375
vt 0.0625 0.3125
vt 0.125 0.3125
vn -0.27284581133585994 0.4694715627858908 -0.8397330617356028
vn -0.27284581133585994 0.4694715627858908 -0.8397330617356028
vn -0.27284581133585994 0.4694715627858908 -0.8397330617356028
vn -0.27284581133585994 0.4694715627858908 -0.8397330617356028
vn 0.27284581133585994 -0.4694715627858908 0.8397330617356028
vn 0.27284581133585994 -0.4694715627858908 0.8397330617356028
vn 0.27284581133585994 -0.4694715627858908 0.8397330617356028
vn 0.27284581133585994 -0.4694715627858908 0.8397330617356028
vn 0.14507469127660516 0.8829475928589269 0.4464939890027908
vn 0.14507469127660516 0.8829475928589269 0.4464939890027908
vn 0.14507469127660516 0.8829475928589269 0.4464939890027908
vn 0.14507469127660516 0.8829475928589269 0.4464939890027908
vn -0.14507469127660516 -0.8829475928589269 -0.4464939890027908
vn -0.14507469127660516 -0.8829475928589269 -0.4464939890027908
vn -0.14507469127660516 -0.8829475928589269 -0.4464939890027908
vn -0.14507469127660516 -0.8829475928589269 -0.4464939890027908
vn 0.9510565162951539 7.894608647992683e-17 -0.309016994374947
vn 0.9510565162951539 7.894608647992683e-17 -0.309016994374947
vn 0.9510565162951539 7.894608647992683e-17 -0.309016994374947
vn 0.9510565162951539 7.894608647992683e-17 -0.309016994374947
vn -0.9510565162951539 -7.894608647992683e-17 0.309016994374947
vn -0.9510565162951539 -7.894608647992683e-17 0.309016994374947
vn -0.9510565162951539 -7.894608647992683e-17 0.309016994374947
vn -0.9510565162951539 -7.894608647992683e-17 0.309016994374947
f 1273/1273/1273 1275/1275/1275 1274/1274/1274
f 1275/1275/1275 1276/1276/1276 1274/1274/1274
f 1277/1277/1277 1279/1279/1279 1278/1278/1278
f 1279/1279/1279 1280/1280/1280 1278/1278/1278
f 1281/1281/1281 1283/1283/1283 1282/1282/1282
f 1283/1283/1283 1284/1284/1284 1282/1282/1282
f 1285/1285/1285 1287/1287/1287 1286/1286/1286
f 1287/1287/1287 1288/1288/1288 1286/1286/1286
f 1289/1289/1289 1291/1291/1291 1290/1290/1290
f 1291/1291/1291 1292/1292/1292 1290/1290/1290
f 1293/1293/1293 1295/1295/1295 1294/1294/1294
f 1295/1295/1295 1296/1296/1296 1294/1294/1294
o vine_7_169
usemtl leaf
v -0.020197969139823347 -0.39102239052779164 -0.1835155110843677
v -0.09152721069632919 -0.39102239052779164 -0.16033923558530427
v -0.024503801442565223 -0.40356858989556144 -0.1967675002763538
v -0.09583304299907107 -0.40356858989556144 -0.17359122477729036
v -0.07084993750608379 -0.46533687418290315 -0.09670113229401067
v 0.00047930405042205526 -0.46533687418290315 -0.11987740779307413
v -0.07515576980882567 -0.47788307355067294 -0.10995312148599679
v -0.0038265282523198274 -0.47788307355067294 -0.1331293969850602
v -0.07084993750608379 -0.46533687418290315 -0.09670113229401067
v -0.09152721069632919 -0.39102239052779164 -0.16033923558530427
v 0.00047930405042205526 -0.46533687418290315 -0.11987740779307413
v -0.020197969139823347 -0.39102239052779164 -0.1835155110843677
v -0.0038265282523198274 -0.47788307355067294 -0.1331293969850602
v -0.024503801442565223 -0.40356858989556144 -0.1967675002763538
v -0.07515576980882567 -0.47788307355067294 -0.10995312148599679
v -0.09583304299907107 -0.40356858989556144 -0.17359122477729036
v 0.00047930405042205526 -0.46533687418290315 -0.11987740779307413
v -0.020197969139823347 -0.39102239052779164 -0.1835155110843677
v -0.0038265282523198274 -0.47788307355067294 -0.1331293969850602
v -0.024503801442565223 -0.40356858989556144 -0.1967675002763538
v -0.09152721069632919 -0.39102239052779164 -0.16033923558530427
v -0.07084993750608379 -0.46533687418290315 -0.09670113229401067
v -0.09583304299907107 -0.40356858989556144 -0.17359122477729036
v -0.07515576980882567 -0.47788307355067294 -0.10995312148599679
vt 0.4375 1
vt 0.5 1
vt 0.4375 0.9375
vt 0.5 0.9375
vt 0.4375 1
vt 0.5 1
vt 0.4375 0.9375
vt 0.5 0.9375
vt 0.4375 1
vt 0.5625 1
vt 0.4375 0.9375
vt 0.5625 0.9375
vt 0.4375 1
vt 0.5625 1
vt 0.4375 0.9375
vt 0.5625 0.9375
vt 0.4375 1
vt 0.5625 1
vt 0.4375 0.9375
vt 0.5625 0.9375
vt 0.4375 1
vt 0.5625 1
vt 0.4375 0.9375
vt 0.5625 0.9375
vn -0.20677272882130007 0.7431448254773944 -0.6363810234301194
vn -0.20677272882130007 0.7431448254773944 -0.6363810234301194
vn -0.20677272882130007 0.7431448254773944 -0.6363810234301194
vn -0.20677272882130007 0.7431448254773944 -0.6363810234301194
vn 0.20677272882130007 -0.7431448254773944 0.6363810234301194
vn 0.20677272882130007 -0.7431448254773944 0.6363810234301194
vn 0.20677272882130007 -0.7431448254773944 0.6363810234301194
vn 0.20677272882130007 -0.7431448254773944 0.6363810234301194
vn 0.2296443803543189 0.6691306063588583 0.7067727288213005
vn 0.2296443803543189 0.6691306063588583 0.7067727288213005
vn 0.2296443803543189 0.6691306063588583 0.7067727288213005
vn 0.2296443803543189 0.6691306063588583 0.7067727288213005
vn -0.2296443803543189 -0.6691306063588583 -0.7067727288213005
vn -0.2296443803543189 -0.6691306063588583 -0.7067727288213005
vn -0.2296443803543189 -0.6691306063588583 -0.7067727288213005
vn -0.2296443803543189 -0.6691306063588583 -0.7067727288213005
vn 0.9510565162951539 8.326672684688674e-17 -0.309016994374947
vn 0.9510565162951539 8.326672684688674e-17 -0.309016994374947
vn 0.9510565162951539 8.326672684688674e-17 -0.309016994374947
vn 0.9510565162951539 8.326672684688674e-17 -0.309016994374947
vn -0.9510565162951539 -8.326672684688674e-17 0.309016994374947
vn -0.9510565162951539 -8.326672684688674e-17 0.309016994374947
vn -0.9510565162951539 -8.326672684688674e-17 0.309016994374947
vn -0.9510565162951539 -8.326672684688674e-17 0.309016994374947
f 1297/1297/1297 1299/1299/1299 1298/1298/1298
f 1299/1299/1299 1300/1300/1300 1298/1298/1298
f 1301/1301/1301 1303/1303/1303 1302/1302/1302
f 1303/1303/1303 1304/1304/1304 1302/1302/1302
f 1305/1305/1305 1307/1307/1307 1306/1306/1306
f 1307/1307/1307 1308/1308/1308 1306/1306/1306
f 1309/1309/1309 1311/1311/1311 1310/1310/1310
f 1311/1311/1311 1312/1312/1312 1310/1310/1310
f 1313/1313/1313 1315/1315/1315 1314/1314/1314
f 1315/1315/1315 1316/1316/1316 1314/1314/1314
f 1317/1317/1317 1319/1319/1319 1318/1318/1318
f 1319/1319/1319 1320/1320/1320 1318/1318/1318
o vine_8_170
usemtl vine
v 0.06776038877843901 -0.29794434996619956 -0.10423240430377681
v 0.006446963993535809 -0.29794434996619956 -0.12415434365988669
v 0.08646595678491631 -0.4117894052204475 -0.16180222301082414
v 0.025152532000013116 -0.4117894052204475 -0.18172416236693403
v -0.011143064406022918 -0.3282105947795525 -0.07001780283611954
v 0.05017036037888027 -0.3282105947795525 -0.05009586348000966
v 0.007562503600454386 -0.44205565003380043 -0.12758762154316688
v 0.06887592838535758 -0.44205565003380043 -0.10766568218705701
v -0.011143064406022918 -0.3282105947795525 -0.07001780283611954
v 0.006446963993535809 -0.29794434996619956 -0.12415434365988669
v 0.05017036037888027 -0.3282105947795525 -0.05009586348000966
v 0.06776038877843901 -0.29794434996619956 -0.10423240430377681
v 0.06887592838535758 -0.44205565003380043 -0.10766568218705701
v 0.08646595678491631 -0.4117894052204475 -0.16180222301082414
v 0.007562503600454386 -0.44205565003380043 -0.12758762154316688
v 0.025152532000013116 -0.4117894052204475 -0.18172416236693403
v 0.05017036037888027 -0.3282105947795525 -0.05009586348000966
v 0.06776038877843901 -0.29794434996619956 -0.10423240430377681
v 0.06887592838535758 -0.44205565003380043 -0.10766568218705701
v 0.08646595678491631 -0.4117894052204475 -0.16180222301082414
v 0.006446963993535809 -0.29794434996619956 -0.12415434365988669
v -0.011143064406022918 -0.3282105947795525 -0.07001780283611954
v 0.025152532000013116 -0.4117894052204475 -0.18172416236693403
v 0.007562503600454386 -0.44205565003380043 -0.12758762154316688
vt 0.0625 0.4375
vt 0.125 0.4375
vt 0.0625 0.3125
vt 0.125 0.3125
vt 0.0625 0.4375
vt 0.125 0.4375
vt 0.0625 0.3125
vt 0.125 0.3125
vt 0.0625 0.375
vt 0.125 0.375
vt 0.0625 0.3125
vt 0.125 0.3125
vt 0.0625 0.375
vt 0.125 0.375
vt 0.0625 0.3125
vt 0.125 0.3125
vt 0.0625 0.4375
vt 0.125 0.4375
vt 0.0625 0.3125
vt 0.125 0.3125
vt 0.0625 0.4375
vt 0.125 0.4375
vt 0.0625 0.3125
vt 0.125 0.3125
vn 0.2728458113358601 0.46947156278589086 -0.8397330617356028
vn 0.2728458113358601 0.46947156278589086 -0.8397330617356028
vn 0.2728458113358601 0.46947156278589086 -0.8397330617356028
vn 0.2728458113358601 0.46947156278589086 -0.8397330617356028
vn -0.2728458113358601 -0.46947156278589086 0.8397330617356028
vn -0.2728458113358601 -0.46947156278589086 0.8397330617356028
vn -0.2728458113358601 -0.46947156278589086 0.8397330617356028
vn -0.2728458113358601 -0.46947156278589086 0.8397330617356028
vn -0.1450746912766053 0.882947592858927 0.4464939890027909
vn -0.1450746912766053 0.882947592858927 0.4464939890027909
vn -0.1450746912766053 0.882947592858927 0.4464939890027909
vn -0.1450746912766053 0.882947592858927 0.4464939890027909
vn 0.1450746912766053 -0.882947592858927 -0.4464939890027909
vn 0.1450746912766053 -0.882947592858927 -0.4464939890027909
vn 0.1450746912766053 -0.882947592858927 -0.4464939890027909
vn 0.1450746912766053 -0.882947592858927 -0.4464939890027909
vn 0.9510565162951538 1.0434502926362071e-16 0.3090169943749471
vn 0.9510565162951538 1.0434502926362071e-16 0.3090169943749471
vn 0.9510565162951538 1.0434502926362071e-16 0.3090169943749471
vn 0.9510565162951538 1.0434502926362071e-16 0.3090169943749471
vn -0.9510565162951538 -1.0434502926362071e-16 -0.3090169943749471
vn -0.9510565162951538 -1.0434502926362071e-16 -0.3090169943749471
vn -0.9510565162951538 -1.0434502926362071e-16 -0.3090169943749471
vn -0.9510565162951538 -1.0434502926362071e-16 -0.3090169943749471
f 1321/1321/1321 1323/1323/1323 1322/1322/1322
f 1323/1323/1323 1324/1324/1324 1322/1322/1322
f 1325/1325/1325 1327/1327/1327 1326/1326/1326
f 1327/1327/1327 1328/1328/1328 1326/1326/1326
f 1329/1329/1329 1331/1331/1331 1330/1330/1330
f 1331/1331/1331 1332/1332/1332 1330/1330/1330
f 1333/1333/1333 1335/1335/1335 1334/1334/1334
f 1335/1335/1335 1336/1336/1336 1334/1334/1334
f 1337/1337/1337 1339/1339/1339 1338/1338/1338
f 1339/1339/1339 1340/1340/1340 1338/1338/1338
f 1341/1341/1341 1343/1343/1343 1342/1342/1342
f 1343/1343/1343 1344/1344/1344 1342/1342/1342
o vine_9_171
usemtl vine
v 0.11562785532491321 -0.18983044066024965 -0.045207607959396406
v 0.07872596245442633 -0.18983044066024965 -0.09599870613749853
v 0.16331780779948363 -0.30069554778859864 -0.07985638659072641
v 0.12641591492899676 -0.30069554778859864 -0.13064748476882854
v 0.03388008457940962 -0.21930445221140135 -0.06341626865556413
v 0.0707819774498965 -0.21930445221140135 -0.012625170477462005
v 0.08157003705398005 -0.33016955933975034 -0.09806504728689414
v 0.11847192992446694 -0.33016955933975034 -0.04727394910879201
v 0.03388008457940962 -0.21930445221140135 -0.06341626865556413
v 0.07872596245442633 -0.18983044066024965 -0.09599870613749853
v 0.0707819774498965 -0.21930445221140135 -0.012625170477462005
v 0.11562785532491321 -0.18983044066024965 -0.045207607959396406
v 0.11847192992446694 -0.33016955933975034 -0.04727394910879201
v 0.16331780779948363 -0.30069554778859864 -0.07985638659072641
v 0.08157003705398005 -0.33016955933975034 -0.09806504728689414
v 0.12641591492899676 -0.30069554778859864 -0.13064748476882854
v 0.0707819774498965 -0.21930445221140135 -0.012625170477462005
v 0.11562785532491321 -0.18983044066024965 -0.045207607959396406
v 0.11847192992446694 -0.33016955933975034 -0.04727394910879201
v 0.16331780779948363 -0.30069554778859864 -0.07985638659072641
v 0.07872596245442633 -0.18983044066024965 -0.09599870613749853
v 0.03388008457940962 -0.21930445221140135 -0.06341626865556413
v 0.12641591492899676 -0.30069554778859864 -0.13064748476882854
v 0.08157003705398005 -0.33016955933975034 -0.09806504728689414
vt 0.0625 0.4375
vt 0.125 0.4375
vt 0.0625 0.3125
vt 0.125 0.3125
vt 0.0625 0.4375
vt 0.125 0.4375
vt 0.0625 0.3125
vt 0.125 0.3125
vt 0.0625 0.375
vt 0.125 0.375
vt 0.0625 0.3125
vt 0.125 0.3125
vt 0.0625 0.375
vt 0.125 0.375
vt 0.0625 0.3125
vt 0.125 0.3125
vt 0.0625 0.4375
vt 0.125 0.4375
vt 0.0625 0.3125
vt 0.125 0.3125
vt 0.0625 0.4375
vt 0.125 0.4375
vt 0.0625 0.3125
vt 0.125 0.3125
vn 0.7143196077653232 0.46947156278589075 -0.518983573629617
vn 0.7143196077653232 0.46947156278589075 -0.518983573629617
vn 0.7143196077653232 0.46947156278589075 -0.518983573629617
vn 0.7143196077653232 0.46947156278589075 -0.518983573629617
vn -0.7143196077653232 -0.46947156278589075 0.518983573629617
vn -0.7143196077653232 -0.46947156278589075 0.518983573629617
vn -0.7143196077653232 -0.46947156278589075 0.518983573629617
vn -0.7143196077653232 -0.46947156278589075 0.518983573629617
vn -0.3798104726695504 0.882947592858927 0.2759484609762468
vn -0.3798104726695504 0.882947592858927 0.2759484609762468
vn -0.3798104726695504 0.882947592858927 0.2759484609762468
vn -0.3798104726695504 0.882947592858927 0.2759484609762468
vn 0.3798104726695504 -0.882947592858927 -0.2759484609762468
vn 0.3798104726695504 -0.882947592858927 -0.2759484609762468
vn 0.3798104726695504 -0.882947592858927 -0.2759484609762468
vn 0.3798104726695504 -0.882947592858927 -0.2759484609762468
vn 0.587785252292474 2.7507451526001494e-17 0.8090169943749466
vn 0.587785252292474 2.7507451526001494e-17 0.8090169943749466
vn 0.587785252292474 2.7507451526001494e-17 0.8090169943749466
vn 0.587785252292474 2.7507451526001494e-17 0.8090169943749466
vn -0.587785252292474 -2.7507451526001494e-17 -0.8090169943749466
vn -0.587785252292474 -2.7507451526001494e-17 -0.8090169943749466
vn -0.587785252292474 -2.7507451526001494e-17 -0.8090169943749466
vn -0.587785252292474 -2.7507451526001494e-17 -0.8090169943749466
f 1345/1345/1345 1347/1347/1347 1346/1346/1346
f 1347/1347/1347 1348/1348/1348 1346/1346/1346
f 1349/1349/1349 1351/1351/1351 1350/1350/1350
f 1351/1351/1351 1352/1352/1352 1350/1350/1350
f 1353/1353/1353 1355/1355/1355 1354/1354/1354
f 1355/1355/1355 1356/1356/1356 1354/1354/1354
f 1357/1357/1357 1359/1359/1359 1358/1358/1358
f 1359/1359/1359 1360/1360/1360 1358/1358/1358
f 1361/1361/1361 1363/1363/1363 1362/1362/1362
f 1363/1363/1363 1364/1364/1364 1362/1362/1362
f 1365/1365/1365 1367/1367/1367 1366/1366/1366
f 1367/1367/1367 1368/1368/1368 1366/1366/1366
o vine_10_172
usemtl vine
v 0.12006214462842134 -0.07763000151719117 0.03237499999999997
v 0.12006214462842132 -0.07763000151719117 -0.03237500000000003
v 0.1808587120091942 -0.19197171479242223 0.03237499999999996
v 0.18085871200919418 -0.19197171479242223 -0.03237500000000004
v 0.06289128799080579 -0.1080282852075776 -0.032375000000000015
v 0.06289128799080582 -0.1080282852075776 0.03237499999999999
v 0.12368785537157866 -0.22236999848280864 -0.03237500000000003
v 0.12368785537157867 -0.22236999848280864 0.03237499999999997
v 0.06289128799080579 -0.1080282852075776 -0.032375000000000015
v 0.12006214462842132 -0.07763000151719117 -0.03237500000000003
v 0.06289128799080582 -0.1080282852075776 0.03237499999999999
v 0.12006214462842134 -0.07763000151719117 0.03237499999999997
v 0.12368785537157867 -0.22236999848280864 0.03237499999999997
v 0.1808587120091942 -0.19197171479242223 0.03237499999999996
v 0.12368785537157866 -0.22236999848280864 -0.03237500000000003
v 0.18085871200919418 -0.19197171479242223 -0.03237500000000004
v 0.06289128799080582 -0.1080282852075776 0.03237499999999999
v 0.12006214462842134 -0.07763000151719117 0.03237499999999997
v 0.12368785537157867 -0.22236999848280864 0.03237499999999997
v 0.1808587120091942 -0.19197171479242223 0.03237499999999996
v 0.12006214462842132 -0.07763000151719117 -0.03237500000000003
v 0.06289128799080579 -0.1080282852075776 -0.032375000000000015
v 0.18085871200919418 -0.19197171479242223 -0.03237500000000004
v 0.12368785537157866 -0.22236999848280864 -0.03237500000000003
vt 0.0625 0.4375
vt 0.125 0.4375
vt 0.0625 0.3125
vt 0.125 0.3125
vt 0.0625 0.4375
vt 0.125 0.4375
vt 0.0625 0.3125
vt 0.125 0.3125
vt 0.0625 0.375
vt 0.125 0.375
vt 0.0625 0.3125
vt 0.125 0.3125
vt 0.0625 0.375
vt 0.125 0.375
vt 0.0625 0.3125
vt 0.125 0.3125
vt 0.0625 0.4375
vt 0.125 0.4375
vt 0.0625 0.3125
vt 0.125 0.3125
vt 0.0625 0.4375
vt 0.125 0.4375
vt 0.0625 0.3125
vt 0.125 0.3125
vn 0.882947592858927 0.4694715627858908 -2.1625978868190908e-16
vn 0.882947592858927 0.4694715627858908 -2.1625978868190908e-16
vn 0.882947592858927 0.4694715627858908 -2.1625978868190908e-16
vn 0.882947592858927 0.4694715627858908 -2.1625978868190908e-16
vn -0.882947592858927 -0.4694715627858908 2.1625978868190908e-16
vn -0.882947592858927 -0.4694715627858908 2.1625978868190908e-16
vn -0.882947592858927 -0.4694715627858908 2.1625978868190908e-16
vn -0.882947592858927 -0.4694715627858908 2.1625978868190908e-16
vn -0.4694715627858908 0.882947592858927 1.149873693312894e-16
vn -0.4694715627858908 0.882947592858927 1.149873693312894e-16
vn -0.4694715627858908 0.882947592858927 1.149873693312894e-16
vn -0.4694715627858908 0.882947592858927 1.149873693312894e-16
vn 0.4694715627858908 -0.882947592858927 -1.149873693312894e-16
vn 0.4694715627858908 -0.882947592858927 -1.149873693312894e-16
vn 0.4694715627858908 -0.882947592858927 -1.149873693312894e-16
vn 0.4694715627858908 -0.882947592858927 -1.149873693312894e-16
vn 2.449293598294706e-16 1.1484205330196243e-32 1
vn 2.449293598294706e-16 1.1484205330196243e-32 1
vn 2.449293598294706e-16 1.1484205330196243e-32 1
vn 2.449293598294706e-16 1.1484205330196243e-32 1
vn -2.449293598294706e-16 -1.1484205330196243e-32 -1
vn -2.449293598294706e-16 -1.1484205330196243e-32 -1
vn -2.449293598294706e-16 -1.1484205330196243e-32 -1
vn -2.449293598294706e-16 -1.1484205330196243e-32 -1
f 1369/1369/1369 1371/1371/1371 1370/1370/1370
f 1371/1371/1371 1372/1372/1372 1370/1370/1370
f 1373/1373/1373 1375/1375/1375 1374/1374/1374
f 1375/1375/1375 1376/1376/1376 1374/1374/1374
f 1377/1377/1377 1379/1379/1379 1378/1378/1378
f 1379/1379/1379 1380/1380/1380 1378/1378/1378
f 1381/1381/1381 1383/1383/1383 1382/1382/1382
f 1383/1383/1383 1384/1384/1384 1382/1382/1382
f 1385/1385/1385 1387/1387/1387 1386/1386/1386
f 1387/1387/1387 1388/1388/1388 1386/1386/1386
f 1389/1389/1389 1391/1391/1391 1390/1390/1390
f 1391/1391/1391 1392/1392/1392 1390/1390/1390
o vine_11_173
usemtl vine
v 0.07863693465272642 0.03048390778875866 0.09610784571272456
v 0.11570414212542054 0.03048390778875866 0.045089211504954464
v 0.1265405305181735 -0.08087785736057349 0.13091184535335365
v 0.1636077379908676 -0.08087785736057349 0.07989321114558358
v 0.07065736186071983 0.0008778573605734211 0.012360809892936767
v 0.033590154388025706 0.0008778573605734211 0.06337944410070685
v 0.1185609577261669 -0.11048390778875873 0.047164809533565874
v 0.08149375025347277 -0.11048390778875873 0.09818344374133597
v 0.07065736186071983 0.0008778573605734211 0.012360809892936767
v 0.11570414212542054 0.03048390778875866 0.045089211504954464
v 0.033590154388025706 0.0008778573605734211 0.06337944410070685
v 0.07863693465272642 0.03048390778875866 0.09610784571272456
v 0.08149375025347277 -0.11048390778875873 0.09818344374133597
v 0.1265405305181735 -0.08087785736057349 0.13091184535335365
v 0.1185609577261669 -0.11048390778875873 0.047164809533565874
v 0.1636077379908676 -0.08087785736057349 0.07989321114558358
v 0.033590154388025706 0.0008778573605734211 0.06337944410070685
v 0.07863693465272642 0.03048390778875866 0.09610784571272456
v 0.08149375025347277 -0.11048390778875873 0.09818344374133597
v 0.1265405305181735 -0.08087785736057349 0.13091184535335365
v 0.11570414212542054 0.03048390778875866 0.045089211504954464
v 0.07065736186071983 0.0008778573605734211 0.012360809892936767
v 0.1636077379908676 -0.08087785736057349 0.07989321114558358
v 0.1185609577261669 -0.11048390778875873 0.047164809533565874
vt 0.0625 0.4375
vt 0.125 0.4375
vt 0.0625 0.3125
vt 0.125 0.3125
vt 0.0625 0.4375
vt 0.125 0.4375
vt 0.0625 0.3125
vt 0.125 0.3125
vt 0.0625 0.375
vt 0.125 0.375
vt 0.0625 0.3125
vt 0.125 0.3125
vt 0.0625 0.375
vt 0.125 0.375
vt 0.0625 0.3125
vt 0.125 0.3125
vt 0.0625 0.4375
vt 0.125 0.4375
vt 0.0625 0.3125
vt 0.125 0.3125
vt 0.0625 0.4375
vt 0.125 0.4375
vt 0.0625 0.3125
vt 0.125 0.3125
vn 0.7143196077653235 0.4694715627858909 0.5189835736296167
vn 0.7143196077653235 0.4694715627858909 0.5189835736296167
vn 0.7143196077653235 0.4694715627858909 0.5189835736296167
vn 0.7143196077653235 0.4694715627858909 0.5189835736296167
vn -0.7143196077653235 -0.4694715627858909 -0.5189835736296167
vn -0.7143196077653235 -0.4694715627858909 -0.5189835736296167
vn -0.7143196077653235 -0.4694715627858909 -0.5189835736296167
vn -0.7143196077653235 -0.4694715627858909 -0.5189835736296167
vn -0.3798104726695506 0.8829475928589269 -0.2759484609762467
vn -0.3798104726695506 0.8829475928589269 -0.2759484609762467
vn -0.3798104726695506 0.8829475928589269 -0.2759484609762467
vn -0.3798104726695506 0.8829475928589269 -0.2759484609762467
vn 0.3798104726695506 -0.8829475928589269 0.2759484609762467
vn 0.3798104726695506 -0.8829475928589269 0.2759484609762467
vn 0.3798104726695506 -0.8829475928589269 0.2759484609762467
vn 0.3798104726695506 -0.8829475928589269 0.2759484609762467
vn -0.5877852522924737 0 0.809016994374947
vn -0.5877852522924737 0 0.809016994374947
vn -0.5877852522924737 0 0.809016994374947
vn -0.5877852522924737 0 0.809016994374947
vn 0.5877852522924737 0 -0.809016994374947
vn 0.5877852522924737 0 -0.809016994374947
vn 0.5877852522924737 0 -0.809016994374947
vn 0.5877852522924737 0 -0.809016994374947
f 1393/1393/1393 1395/1395/1395 1394/1394/1394
f 1395/1395/1395 1396/1396/1396 1394/1394/1394
f 1397/1397/1397 1399/1399/1399 1398/1398/1398
f 1399/1399/1399 1400/1400/1400 1398/1398/1398
f 1401/1401/1401 1403/1403/1403 1402/1402/1402
f 1403/1403/1403 1404/1404/1404 1402/1402/1402
f 1405/1405/1405 1407/1407/1407 1406/1406/1406
f 1407/1407/1407 1408/1408/1408 1406/1406/1406
f 1409/1409/1409 1411/1411/1411 1410/1410/1410
f 1411/1411/1411 1412/1412/1412 1410/1410/1410
f 1413/1413/1413 1415/1415/1415 1414/1414/1414
f 1415/1415/1415 1416/1416/1416 1414/1414/1414
o vine_12_174
usemtl vine
v 0.006174612718922987 0.14268434693181692 0.12422627674435371
v 0.0680230067942422 0.14268434693181692 0.1041305153289079
v 0.025043389753086495 0.027845975635602725 0.18229840118902918
v 0.0868917838284057 0.027845975635602725 0.16220263977358335
v 0.05027950262580701 0.11215402436439695 0.04952162465791449
v -0.011568891449512196 0.11215402436439695 0.06961738607336031
v 0.06914827965997052 -0.0026843469318172386 0.10759374910258995
v 0.007299885584651309 -0.0026843469318172386 0.12768951051803576
v 0.05027950262580701 0.11215402436439695 0.04952162465791449
v 0.0680230067942422 0.14268434693181692 0.1041305153289079
v -0.011568891449512196 0.11215402436439695 0.06961738607336031
v 0.006174612718922987 0.14268434693181692 0.12422627674435371
v 0.007299885584651309 -0.0026843469318172386 0.12768951051803576
v 0.025043389753086495 0.027845975635602725 0.18229840118902918
v 0.06914827965997052 -0.0026843469318172386 0.10759374910258995
v 0.0868917838284057 0.027845975635602725 0.16220263977358335
v -0.011568891449512196 0.11215402436439695 0.06961738607336031
v 0.006174612718922987 0.14268434693181692 0.12422627674435371
v 0.007299885584651309 -0.0026843469318172386 0.12768951051803576
v 0.025043389753086495 0.027845975635602725 0.18229840118902918
v 0.0680230067942422 0.14268434693181692 0.1041305153289079
v 0.05027950262580701 0.11215402436439695 0.04952162465791449
v 0.0868917838284057 0.027845975635602725 0.16220263977358335
v 0.06914827965997052 -0.0026843469318172386 0.10759374910258995
vt 0.0625 0.4375
vt 0.125 0.4375
vt 0.0625 0.3125
vt 0.125 0.3125
vt 0.0625 0.4375
vt 0.125 0.4375
vt 0.0625 0.3125
vt 0.125 0.3125
vt 0.0625 0.375
vt 0.125 0.375
vt 0.0625 0.3125
vt 0.125 0.3125
vt 0.0625 0.375
vt 0.125 0.375
vt 0.0625 0.3125
vt 0.125 0.3125
vt 0.0625 0.4375
vt 0.125 0.4375
vt 0.0625 0.3125
vt 0.125 0.3125
vt 0.0625 0.4375
vt 0.125 0.4375
vt 0.0625 0.3125
vt 0.125 0.3125
vn 0.2728458113358606 0.46947156278589086 0.8397330617356027
vn 0.2728458113358606 0.46947156278589086 0.8397330617356027
vn 0.2728458113358606 0.46947156278589086 0.8397330617356027
vn 0.2728458113358606 0.46947156278589086 0.8397330617356027
vn -0.2728458113358606 -0.46947156278589086 -0.8397330617356027
vn -0.2728458113358606 -0.46947156278589086 -0.8397330617356027
vn -0.2728458113358606 -0.46947156278589086 -0.8397330617356027
vn -0.2728458113358606 -0.46947156278589086 -0.8397330617356027
vn -0.14507469127660552 0.882947592858927 -0.4464939890027907
vn -0.14507469127660552 0.882947592858927 -0.4464939890027907
vn -0.14507469127660552 0.882947592858927 -0.4464939890027907
vn -0.14507469127660552 0.882947592858927 -0.4464939890027907
vn 0.14507469127660552 -0.882947592858927 0.4464939890027907
vn 0.14507469127660552 -0.882947592858927 0.4464939890027907
vn 0.14507469127660552 -0.882947592858927 0.4464939890027907
vn 0.14507469127660552 -0.882947592858927 0.4464939890027907
vn -0.9510565162951535 0 0.3090169943749478
vn -0.9510565162951535 0 0.3090169943749478
vn -0.9510565162951535 0 0.3090169943749478
vn -0.9510565162951535 0 0.3090169943749478
vn 0.9510565162951535 0 -0.3090169943749478
vn 0.9510565162951535 0 -0.3090169943749478
vn 0.9510565162951535 0 -0.3090169943749478
vn 0.9510565162951535 0 -0.3090169943749478
f 1417/1417/1417 1419/1419/1419 1418/1418/1418
f 1419/1419/1419 1420/1420/1420 1418/1418/1418
f 1421/1421/1421 1423/1423/1423 1422/1422/1422
f 1423/1423/1423 1424/1424/1424 1422/1422/1422
f 1425/1425/1425 1427/1427/1427 1426/1426/1426
f 1427/1427/1427 1428/1428/1428 1426/1426/1426
f 1429/1429/1429 1431/1431/1431 1430/1430/1430
f 1431/1431/1431 1432/1432/1432 1430/1430/1430
f 1433/1433/1433 1435/1435/1435 1434/1434/1434
f 1435/1435/1435 1436/1436/1436 1434/1434/1434
f 1437/1437/1437 1439/1439/1439 1438/1438/1438
f 1439/1439/1439 1440/1440/1440 1438/1438/1438
o vine_12_175
usemtl leaf
v 0.019827003985307755 0.15956391908261264 0.18401205721415667
v 0.09211919030282639 0.15956391908261264 0.16052290199585584
v 0.02419096502413666 0.14684834602337798 0.1974429482602346
v 0.09648315134165529 0.14684834602337798 0.17395379304193376
v 0.07116277392451263 0.08424618989815713 0.09602568431012978
v -0.001129412393005999 0.08424618989815713 0.11951483952843063
v 0.07552673496334153 0.07153061683892248 0.1094565753562077
v 0.003234548645822906 0.07153061683892248 0.13294573057450854
v 0.07116277392451263 0.08424618989815713 0.09602568431012978
v 0.09211919030282639 0.15956391908261264 0.16052290199585584
v -0.001129412393005999 0.08424618989815713 0.11951483952843063
v 0.019827003985307755 0.15956391908261264 0.18401205721415667
v 0.003234548645822906 0.07153061683892248 0.13294573057450854
v 0.02419096502413666 0.14684834602337798 0.1974429482602346
v 0.07552673496334153 0.07153061683892248 0.1094565753562077
v 0.09648315134165529 0.14684834602337798 0.17395379304193376
v -0.001129412393005999 0.08424618989815713 0.11951483952843063
v 0.019827003985307755 0.15956391908261264 0.18401205721415667
v 0.003234548645822906 0.07153061683892248 0.13294573057450854
v 0.02419096502413666 0.14684834602337798 0.1974429482602346
v 0.09211919030282639 0.15956391908261264 0.16052290199585584
v 0.07116277392451263 0.08424618989815713 0.09602568431012978
v 0.09648315134165529 0.14684834602337798 0.17395379304193376
v 0.07552673496334153 0.07153061683892248 0.1094565753562077
vt 0.4375 1
vt 0.5 1
vt 0.4375 0.9375
vt 0.5 0.9375
vt 0.4375 1
vt 0.5 1
vt 0.4375 0.9375
vt 0.5 0.9375
vt 0.4375 1
vt 0.5625 1
vt 0.4375 0.9375
vt 0.5625 0.9375
vt 0.4375 1
vt 0.5625 1
vt 0.4375 0.9375
vt 0.5625 0.9375
vt 0.4375 1
vt 0.5625 1
vt 0.4375 0.9375
vt 0.5625 0.9375
vt 0.4375 1
vt 0.5625 1
vt 0.4375 0.9375
vt 0.5625 0.9375
vn 0.2067727288213006 0.743144825477394 0.6363810234301195
vn 0.2067727288213006 0.743144825477394 0.6363810234301195
vn 0.2067727288213006 0.743144825477394 0.6363810234301195
vn 0.2067727288213006 0.743144825477394 0.6363810234301195
vn -0.2067727288213006 -0.743144825477394 -0.6363810234301195
vn -0.2067727288213006 -0.743144825477394 -0.6363810234301195
vn -0.2067727288213006 -0.743144825477394 -0.6363810234301195
vn -0.2067727288213006 -0.743144825477394 -0.6363810234301195
vn -0.22964438035431942 0.6691306063588583 -0.7067727288213004
vn -0.22964438035431942 0.6691306063588583 -0.7067727288213004
vn -0.22964438035431942 0.6691306063588583 -0.7067727288213004
vn -0.22964438035431942 0.6691306063588583 -0.7067727288213004
vn 0.22964438035431942 -0.6691306063588583 0.7067727288213004
vn 0.22964438035431942 -0.6691306063588583 0.7067727288213004
vn 0.22964438035431942 -0.6691306063588583 0.7067727288213004
vn 0.22964438035431942 -0.6691306063588583 0.7067727288213004
vn -0.9510565162951534 2.702108181447733e-17 0.3090169943749476
vn -0.9510565162951534 2.702108181447733e-17 0.3090169943749476
vn -0.9510565162951534 2.702108181447733e-17 0.3090169943749476
vn -0.9510565162951534 2.702108181447733e-17 0.3090169943749476
vn 0.9510565162951534 -2.702108181447733e-17 -0.3090169943749476
vn 0.9510565162951534 -2.702108181447733e-17 -0.3090169943749476
vn 0.9510565162951534 -2.702108181447733e-17 -0.3090169943749476
vn 0.9510565162951534 -2.702108181447733e-17 -0.3090169943749476
f 1441/1441/1441 1443/1443/1443 1442/1442/1442
f 1443/1443/1443 1444/1444/1444 1442/1442/1442
f 1445/1445/1445 1447/1447/1447 1446/1446/1446
f 1447/1447/1447 1448/1448/1448 1446/1446/1446
f 1449/1449/1449 1451/1451/1451 1450/1450/1450
f 1451/1451/1451 1452/1452/1452 1450/1450/1450
f 1453/1453/1453 1455/1455/1455 1454/1454/1454
f 1455/1455/1455 1456/1456/1456 1454/1454/1454
f 1457/1457/1457 1459/1459/1459 1458/1458/1458
f 1459/1459/1459 1460/1460/1460 1458/1458/1458
f 1461/1461/1461 1463/1463/1463 1462/1462/1462
f 1463/1463/1463 1464/1464/1464 1462/1462/1462
o vine_13_176
usemtl vine
v -0.06815431580214369 0.2529986953808256 0.10407957084147348
v -0.006038437081616471 0.2529986953808256 0.12426224328658722
v -0.08710469735015026 0.13766366606362823 0.16240284815496303
v -0.02498881862962304 0.13766366606362823 0.18258552060007677
v 0.011781804971256901 0.2223363339363721 0.06941717769198066
v -0.05033407374927032 0.2223363339363721 0.04923450524686693
v -0.007168576576749668 0.10700130461917474 0.1277404550054702
v -0.06928445529727689 0.10700130461917474 0.10755778256035647
v 0.011781804971256901 0.2223363339363721 0.06941717769198066
v -0.006038437081616471 0.2529986953808256 0.12426224328658722
v -0.05033407374927032 0.2223363339363721 0.04923450524686693
v -0.06815431580214369 0.2529986953808256 0.10407957084147348
v -0.06928445529727689 0.10700130461917474 0.10755778256035647
v -0.08710469735015026 0.13766366606362823 0.16240284815496303
v -0.007168576576749668 0.10700130461917474 0.1277404550054702
v -0.02498881862962304 0.13766366606362823 0.18258552060007677
v -0.05033407374927032 0.2223363339363721 0.04923450524686693
v -0.06815431580214369 0.2529986953808256 0.10407957084147348
v -0.06928445529727689 0.10700130461917474 0.10755778256035647
v -0.08710469735015026 0.13766366606362823 0.16240284815496303
v -0.006038437081616471 0.2529986953808256 0.12426224328658722
v 0.011781804971256901 0.2223363339363721 0.06941717769198066
v -0.02498881862962304 0.13766366606362823 0.18258552060007677
v -0.007168576576749668 0.10700130461917474 0.1277404550054702
vt 0.0625 0.4375
vt 0.125 0.4375
vt 0.0625 0.3125
vt 0.125 0.3125
vt 0.0625 0.4375
vt 0.125 0.4375
vt 0.0625 0.3125
vt 0.125 0.3125
vt 0.0625 0.375
vt 0.125 0.375
vt 0.0625 0.3125
vt 0.125 0.3125
vt 0.0625 0.375
vt 0.125 0.375
vt 0.0625 0.3125
vt 0.125 0.3125
vt 0.0625 0.4375
vt 0.125 0.4375
vt 0.0625 0.3125
vt 0.125 0.3125
vt 0.0625 0.4375
vt 0.125 0.4375
vt 0.0625 0.3125
vt 0.125 0.3125
vn -0.2728458113358602 0.46947156278589086 0.8397330617356028
vn -0.2728458113358602 0.46947156278589086 0.8397330617356028
vn -0.2728458113358602 0.46947156278589086 0.8397330617356028
vn -0.2728458113358602 0.46947156278589086 0.8397330617356028
vn 0.2728458113358602 -0.46947156278589086 -0.8397330617356028
vn 0.2728458113358602 -0.46947156278589086 -0.8397330617356028
vn 0.2728458113358602 -0.46947156278589086 -0.8397330617356028
vn 0.2728458113358602 -0.46947156278589086 -0.8397330617356028
vn 0.14507469127660533 0.882947592858927 -0.4464939890027908
vn 0.14507469127660533 0.882947592858927 -0.4464939890027908
vn 0.14507469127660533 0.882947592858927 -0.4464939890027908
vn 0.14507469127660533 0.882947592858927 -0.4464939890027908
vn -0.14507469127660533 -0.882947592858927 0.4464939890027908
vn -0.14507469127660533 -0.882947592858927 0.4464939890027908
vn -0.14507469127660533 -0.882947592858927 0.4464939890027908
vn -0.14507469127660533 -0.882947592858927 0.4464939890027908
vn -0.9510565162951536 2.5416611905065284e-17 -0.3090169943749473
vn -0.9510565162951536 2.5416611905065284e-17 -0.3090169943749473
vn -0.9510565162951536 2.5416611905065284e-17 -0.3090169943749473
vn -0.9510565162951536 2.5416611905065284e-17 -0.3090169943749473
vn 0.9510565162951536 -2.5416611905065284e-17 0.3090169943749473
vn 0.9510565162951536 -2.5416611905065284e-17 0.3090169943749473
vn 0.9510565162951536 -2.5416611905065284e-17 0.3090169943749473
vn 0.9510565162951536 -2.5416611905065284e-17 0.3090169943749473
f 1465/1465/1465 1467/1467/1467 1466/1466/1466
f 1467/1467/1467 1468/1468/1468 1466/1466/1466
f 1469/1469/1469 1471/1471/1471 1470/1470/1470
f 1471/1471/1471 1472/1472/1472 1470/1470/1470
f 1473/1473/1473 1475/1475/1475 1474/1474/1474
f 1475/1475/1475 1476/1476/1476 1474/1474/1474
f 1477/1477/1477 1479/1479/1479 1478/1478/1478
f 1479/1479/1479 1480/1480/1480 1478/1478/1478
f 1481/1481/1481 1483/1483/1483 1482/1482/1482
f 1483/1483/1483 1484/1484/1484 1482/1482/1482
f 1485/1485/1485 1487/1487/1487 1486/1486/1486
f 1487/1487/1487 1488/1488/1488 1486/1486/1486
o vine_14_177
usemtl vine
v -0.11585671572643527 0.3611126046867754 0.04485241859607046
v -0.07845887904932675 0.3611126046867754 0.09632612486317653
v -0.16418759837363567 0.24875752349547697 0.07996686025529774
v -0.12678976169652714 0.24875752349547697 0.13144056652240382
v -0.03301029400525797 0.3312424765045231 0.06330579499099227
v -0.0704081306823665 0.3312424765045231 0.011832088723886192
v -0.08134117665245835 0.21888739531322465 0.09842023665021955
v -0.11873901332956688 0.21888739531322465 0.046946530383113486
v -0.03301029400525797 0.3312424765045231 0.06330579499099227
v -0.07845887904932675 0.3611126046867754 0.09632612486317653
v -0.0704081306823665 0.3312424765045231 0.011832088723886192
v -0.11585671572643527 0.3611126046867754 0.04485241859607046
v -0.11873901332956688 0.21888739531322465 0.046946530383113486
v -0.16418759837363567 0.24875752349547697 0.07996686025529774
v -0.08134117665245835 0.21888739531322465 0.09842023665021955
v -0.12678976169652714 0.24875752349547697 0.13144056652240382
v -0.0704081306823665 0.3312424765045231 0.011832088723886192
v -0.11585671572643527 0.3611126046867754 0.04485241859607046
v -0.11873901332956688 0.21888739531322465 0.046946530383113486
v -0.16418759837363567 0.24875752349547697 0.07996686025529774
v -0.07845887904932675 0.3611126046867754 0.09632612486317653
v -0.03301029400525797 0.3312424765045231 0.06330579499099227
v -0.12678976169652714 0.24875752349547697 0.13144056652240382
v -0.08134117665245835 0.21888739531322465 0.09842023665021955
vt 0.0625 0.4375
vt 0.125 0.4375
vt 0.0625 0.3125
vt 0.125 0.3125
vt 0.0625 0.4375
vt 0.125 0.4375
vt 0.0625 0.3125
vt 0.125 0.3125
vt 0.0625 0.375
vt 0.125 0.375
vt 0.0625 0.3125
vt 0.125 0.3125
vt 0.0625 0.375
vt 0.125 0.375
vt 0.0625 0.3125
vt 0.125 0.3125
vt 0.0625 0.4375
vt 0.125 0.4375
vt 0.0625 0.3125
vt 0.125 0.3125
vt 0.0625 0.4375
vt 0.125 0.4375
vt 0.0625 0.3125
vt 0.125 0.3125
vn -0.7143196077653247 0.4694715627858907 0.5189835736296152
vn -0.7143196077653247 0.4694715627858907 0.5189835736296152
vn -0.7143196077653247 0.4694715627858907 0.5189835736296152
vn -0.7143196077653247 0.4694715627858907 0.5189835736296152
vn 0.7143196077653247 -0.4694715627858907 -0.5189835736296152
vn 0.7143196077653247 -0.4694715627858907 -0.5189835736296152
vn 0.7143196077653247 -0.4694715627858907 -0.5189835736296152
vn 0.7143196077653247 -0.4694715627858907 -0.5189835736296152
vn 0.37981047266955126 0.882947592858927 -0.2759484609762459
vn 0.37981047266955126 0.882947592858927 -0.2759484609762459
vn 0.37981047266955126 0.882947592858927 -0.2759484609762459
vn 0.37981047266955126 0.882947592858927 -0.2759484609762459
vn -0.37981047266955126 -0.882947592858927 0.2759484609762459
vn -0.37981047266955126 -0.882947592858927 0.2759484609762459
vn -0.37981047266955126 -0.882947592858927 0.2759484609762459
vn -0.37981047266955126 -0.882947592858927 0.2759484609762459
vn -0.5877852522924719 2.6782720091041905e-17 -0.8090169943749482
vn -0.5877852522924719 2.6782720091041905e-17 -0.8090169943749482
vn -0.5877852522924719 2.6782720091041905e-17 -0.8090169943749482
vn -0.5877852522924719 2.6782720091041905e-17 -0.8090169943749482
vn 0.5877852522924719 -2.6782720091041905e-17 0.8090169943749482
vn 0.5877852522924719 -2.6782720091041905e-17 0.8090169943749482
vn 0.5877852522924719 -2.6782720091041905e-17 0.8090169943749482
vn 0.5877852522924719 -2.6782720091041905e-17 0.8090169943749482
f 1489/1489/1489 1491/1491/1491 1490/1490/1490
f 1491/1491/1491 1492/1492/1492 1490/1490/1490
f 1493/1493/1493 1495/1495/1495 1494/1494/1494
f 1495/1495/1495 1496/1496/1496 1494/1494/1494
f 1497/1497/1497 1499/1499/1499 1498/1498/1498
f 1499/1499/1499 1500/1500/1500 1498/1498/1498
f 1501/1501/1501 1503/1503/1503 1502/1502/1502
f 1503/1503/1503 1504/1504/1504 1502/1502/1502
f 1505/1505/1505 1507/1507/1507 1506/1506/1506
f 1507/1507/1507 1508/1508/1508 1506/1506/1506
f 1509/1509/1509 1511/1511/1511 1510/1510/1510
f 1511/1511/1511 1512/1512/1512 1510/1510/1510
o vine_15_178
usemtl vine
v -0.1200385215130581 0.4733130438298337 -0.03279687499999996
v -0.12003852151305808 0.4733130438298337 0.032796875000000045
v -0.18162732215603217 0.3574813564916532 -0.03279687499999994
v -0.18162732215603214 0.3574813564916532 0.032796875000000066
v -0.06212267784396783 0.44251864350834663 0.032796875000000024
v -0.062122677843967855 0.44251864350834663 -0.03279687499999998
v -0.12371147848694189 0.32668695617016613 0.032796875000000045
v -0.12371147848694192 0.32668695617016613 -0.03279687499999996
v -0.06212267784396783 0.44251864350834663 0.032796875000000024
v -0.12003852151305808 0.4733130438298337 0.032796875000000045
v -0.062122677843967855 0.44251864350834663 -0.03279687499999998
v -0.1200385215130581 0.4733130438298337 -0.03279687499999996
v -0.12371147848694192 0.32668695617016613 -0.03279687499999996
v -0.18162732215603217 0.3574813564916532 -0.03279687499999994
v -0.12371147848694189 0.32668695617016613 0.032796875000000045
v -0.18162732215603214 0.3574813564916532 0.032796875000000066
v -0.062122677843967855 0.44251864350834663 -0.03279687499999998
v -0.1200385215130581 0.4733130438298337 -0.03279687499999996
v -0.12371147848694192 0.32668695617016613 -0.03279687499999996
v -0.18162732215603217 0.3574813564916532 -0.03279687499999994
v -0.12003852151305808 0.4733130438298337 0.032796875000000045
v -0.06212267784396783 0.44251864350834663 0.032796875000000024
v -0.18162732215603214 0.3574813564916532 0.032796875000000066
v -0.12371147848694189 0.32668695617016613 0.032796875000000045
vt 0.0625 0.4375
vt 0.125 0.4375
vt 0.0625 0.3125
vt 0.125 0.3125
vt 0.0625 0.4375
vt 0.125 0.4375
vt 0.0625 0.3125
vt 0.125 0.3125
vt 0.0625 0.375
vt 0.125 0.375
vt 0.0625 0.3125
vt 0.125 0.3125
vt 0.0625 0.375
vt 0.125 0.375
vt 0.0625 0.3125
vt 0.125 0.3125
vt 0.0625 0.4375
vt 0.125 0.4375
vt 0.0625 0.3125
vt 0.125 0.3125
vt 0.0625 0.4375
vt 0.125 0.4375
vt 0.0625 0.3125
vt 0.125 0.3125
vn -0.882947592858927 0.46947156278589075 3.243896830228635e-16
vn -0.882947592858927 0.46947156278589075 3.243896830228635e-16
vn -0.882947592858927 0.46947156278589075 3.243896830228635e-16
vn -0.882947592858927 0.46947156278589075 3.243896830228635e-16
vn 0.882947592858927 -0.46947156278589075 -3.243896830228635e-16
vn 0.882947592858927 -0.46947156278589075 -3.243896830228635e-16
vn 0.882947592858927 -0.46947156278589075 -3.243896830228635e-16
vn 0.882947592858927 -0.46947156278589075 -3.243896830228635e-16
vn 0.46947156278589075 0.882947592858927 -1.7248105399693402e-16
vn 0.46947156278589075 0.882947592858927 -1.7248105399693402e-16
vn 0.46947156278589075 0.882947592858927 -1.7248105399693402e-16
vn 0.46947156278589075 0.882947592858927 -1.7248105399693402e-16
vn -0.46947156278589075 -0.882947592858927 1.7248105399693402e-16
vn -0.46947156278589075 -0.882947592858927 1.7248105399693402e-16
vn -0.46947156278589075 -0.882947592858927 1.7248105399693402e-16
vn -0.46947156278589075 -0.882947592858927 1.7248105399693402e-16
vn -3.673940397442059e-16 0 -1
vn -3.673940397442059e-16 0 -1
vn -3.673940397442059e-16 0 -1
vn -3.673940397442059e-16 0 -1
vn 3.673940397442059e-16 0 1
vn 3.673940397442059e-16 0 1
vn 3.673940397442059e-16 0 1
vn 3.673940397442059e-16 0 1
f 1513/1513/1513 1515/1515/1515 1514/1514/1514
f 1515/1515/1515 1516/1516/1516 1514/1514/1514
f 1517/1517/1517 1519/1519/1519 1518/1518/1518
f 1519/1519/1519 1520/1520/1520 1518/1518/1518
f 1521/1521/1521 1523/1523/1523 1522/1522/1522
f 1523/1523/1523 1524/1524/1524 1522/1522/1522
f 1525/1525/1525 1527/1527/1527 1526/1526/1526
f 1527/1527/1527 1528/1528/1528 1526/1526/1526
f 1529/1529/1529 1531/1531/1531 1530/1530/1530
f 1531/1531/1531 1532/1532/1532 1530/1530/1530
f 1533/1533/1533 1535/1535/1535 1534/1534/1534
f 1535/1535/1535 1536/1536/1536 1534/1534/1534
o vine_16_179
usemtl vine
v -0.07836985124762672 0.5814269531357837 -0.0964352644384027
v -0.11593300252694255 0.5814269531357837 -0.04473402214162871
v -0.12691437728570368 0.4685752139235021 -0.13170492710692916
v -0.16447752856501952 0.4685752139235021 -0.08000368481015518
v -0.07028351509318981 0.5514247860764979 -0.011567728139361078
v -0.03272036381387397 0.5514247860764979 -0.06326897043613505
v -0.11882804113126677 0.4385730468642163 -0.04683739080788755
v -0.08126488985195093 0.4385730468642163 -0.09853863310466153
v -0.07028351509318981 0.5514247860764979 -0.011567728139361078
v -0.11593300252694255 0.5814269531357837 -0.04473402214162871
v -0.03272036381387397 0.5514247860764979 -0.06326897043613505
v -0.07836985124762672 0.5814269531357837 -0.0964352644384027
v -0.08126488985195093 0.4385730468642163 -0.09853863310466153
v -0.12691437728570368 0.4685752139235021 -0.13170492710692916
v -0.11882804113126677 0.4385730468642163 -0.04683739080788755
v -0.16447752856501952 0.4685752139235021 -0.08000368481015518
v -0.03272036381387397 0.5514247860764979 -0.06326897043613505
v -0.07836985124762672 0.5814269531357837 -0.0964352644384027
v -0.08126488985195093 0.4385730468642163 -0.09853863310466153
v -0.12691437728570368 0.4685752139235021 -0.13170492710692916
v -0.11593300252694255 0.5814269531357837 -0.04473402214162871
v -0.07028351509318981 0.5514247860764979 -0.011567728139361078
v -0.16447752856501952 0.4685752139235021 -0.08000368481015518
v -0.11882804113126677 0.4385730468642163 -0.04683739080788755
vt 0.0625 0.4375
vt 0.125 0.4375
vt 0.0625 0.3125
vt 0.125 0.3125
vt 0.0625 0.4375
vt 0.125 0.4375
vt 0.0625 0.3125
vt 0.125 0.3125
vt 0.0625 0.375
vt 0.125 0.375
vt 0.0625 0.3125
vt 0.125 0.3125
vt 0.0625 0.375
vt 0.125 0.375
vt 0.0625 0.3125
vt 0.125 0.3125
vt 0.0625 0.4375
vt 0.125 0.4375
vt 0.0625 0.3125
vt 0.125 0.3125
vt 0.0625 0.4375
vt 0.125 0.4375
vt 0.0625 0.3125
vt 0.125 0.3125
vn -0.7143196077653241 0.46947156278589075 -0.518983573629616
vn -0.7143196077653241 0.46947156278589075 -0.518983573629616
vn -0.7143196077653241 0.46947156278589075 -0.518983573629616
vn -0.7143196077653241 0.46947156278589075 -0.518983573629616
vn 0.7143196077653241 -0.46947156278589075 0.518983573629616
vn 0.7143196077653241 -0.46947156278589075 0.518983573629616
vn 0.7143196077653241 -0.46947156278589075 0.518983573629616
vn 0.7143196077653241 -0.46947156278589075 0.518983573629616
vn 0.37981047266955087 0.8829475928589269 0.27594846097624637
vn 0.37981047266955087 0.8829475928589269 0.27594846097624637
vn 0.37981047266955087 0.8829475928589269 0.27594846097624637
vn 0.37981047266955087 0.8829475928589269 0.27594846097624637
vn -0.37981047266955087 -0.8829475928589269 -0.27594846097624637
vn -0.37981047266955087 -0.8829475928589269 -0.27594846097624637
vn -0.37981047266955087 -0.8829475928589269 -0.27594846097624637
vn -0.37981047266955087 -0.8829475928589269 -0.27594846097624637
vn 0.5877852522924727 2.6547498511490406e-17 -0.8090169943749478
vn 0.5877852522924727 2.6547498511490406e-17 -0.8090169943749478
vn 0.5877852522924727 2.6547498511490406e-17 -0.8090169943749478
vn 0.5877852522924727 2.6547498511490406e-17 -0.8090169943749478
vn -0.5877852522924727 -2.6547498511490406e-17 0.8090169943749478
vn -0.5877852522924727 -2.6547498511490406e-17 0.8090169943749478
vn -0.5877852522924727 -2.6547498511490406e-17 0.8090169943749478
vn -0.5877852522924727 -2.6547498511490406e-17 0.8090169943749478
f 1537/1537/1537 1539/1539/1539 1538/1538/1538
f 1539/1539/1539 1540/1540/1540 1538/1538/1538
f 1541/1541/1541 1543/1543/1543 1542/1542/1542
f 1543/1543/1543 1544/1544/1544 1542/1542/1542
f 1545/1545/1545 1547/1547/1547 1546/1546/1546
f 1547/1547/1547 1548/1548/1548 1546/1546/1546
f 1549/1549/1549 1551/1551/1551 1550/1550/1550
f 1551/1551/1551 1552/1552/1552 1550/1550/1550
f 1553/1553/1553 1555/1555/1555 1554/1554/1554
f 1555/1555/1555 1556/1556/1556 1554/1554/1554
f 1557/1557/1557 1559/1559/1559 1558/1558/1558
f 1559/1559/1559 1560/1560/1560 1558/1558/1558
o vine_17_180
usemtl vine
v -0.00576608580700344 0.6936273922788422 -0.12433417637105426
v -0.06841693381794672 0.6936273922788422 -0.10397768186660467
v -0.024879676382696128 0.5772990469196786 -0.18315975942217197
v -0.08753052439363941 0.5772990469196786 -0.16280326491772237
v -0.050443215996196986 0.6627009530803216 -0.04866026642477181
v 0.012207632014746297 0.6627009530803216 -0.0690167609292214
v -0.06955680657188967 0.546372607721158 -0.10748584947588952
v -0.00690595856094639 0.546372607721158 -0.1278423439803391
v -0.050443215996196986 0.6627009530803216 -0.04866026642477181
v -0.06841693381794672 0.6936273922788422 -0.10397768186660467
v 0.012207632014746297 0.6627009530803216 -0.0690167609292214
v -0.00576608580700344 0.6936273922788422 -0.12433417637105426
v -0.00690595856094639 0.546372607721158 -0.1278423439803391
v -0.024879676382696128 0.5772990469196786 -0.18315975942217197
v -0.06955680657188967 0.546372607721158 -0.10748584947588952
v -0.08753052439363941 0.5772990469196786 -0.16280326491772237
v 0.012207632014746297 0.6627009530803216 -0.0690167609292214
v -0.00576608580700344 0.6936273922788422 -0.12433417637105426
v -0.00690595856094639 0.546372607721158 -0.1278423439803391
v -0.024879676382696128 0.5772990469196786 -0.18315975942217197
v -0.06841693381794672 0.6936273922788422 -0.10397768186660467
v -0.050443215996196986 0.6627009530803216 -0.04866026642477181
v -0.08753052439363941 0.5772990469196786 -0.16280326491772237
v -0.06955680657188967 0.546372607721158 -0.10748584947588952
vt 0.0625 0.4375
vt 0.125 0.4375
vt 0.0625 0.3125
vt 0.125 0.3125
vt 0.0625 0.4375
vt 0.125 0.4375
vt 0.0625 0.3125
vt 0.125 0.3125
vt 0.0625 0.375
vt 0.125 0.375
vt 0.0625 0.3125
vt 0.125 0.3125
vt 0.0625 0.375
vt 0.125 0.375
vt 0.0625 0.3125
vt 0.125 0.3125
vt 0.0625 0.4375
vt 0.125 0.4375
vt 0.0625 0.3125
vt 0.125 0.3125
vt 0.0625 0.4375
vt 0.125 0.4375
vt 0.0625 0.3125
vt 0.125 0.3125
vn -0.2728458113358594 0.4694715627858908 -0.839733061735603
vn -0.2728458113358594 0.4694715627858908 -0.839733061735603
vn -0.2728458113358594 0.4694715627858908 -0.839733061735603
vn -0.2728458113358594 0.4694715627858908 -0.839733061735603
vn 0.2728458113358594 -0.4694715627858908 0.839733061735603
vn 0.2728458113358594 -0.4694715627858908 0.839733061735603
vn 0.2728458113358594 -0.4694715627858908 0.839733061735603
vn 0.2728458113358594 -0.4694715627858908 0.839733061735603
vn 0.14507469127660488 0.882947592858927 0.446493989002791
vn 0.14507469127660488 0.882947592858927 0.446493989002791
vn 0.14507469127660488 0.882947592858927 0.446493989002791
vn 0.14507469127660488 0.882947592858927 0.446493989002791
vn -0.14507469127660488 -0.882947592858927 -0.446493989002791
vn -0.14507469127660488 -0.882947592858927 -0.446493989002791
vn -0.14507469127660488 -0.882947592858927 -0.446493989002791
vn -0.14507469127660488 -0.882947592858927 -0.446493989002791
vn 0.951056516295154 2.4984405315639438e-17 -0.30901699437494623
vn 0.951056516295154 2.4984405315639438e-17 -0.30901699437494623
vn 0.951056516295154 2.4984405315639438e-17 -0.30901699437494623
vn 0.951056516295154 2.4984405315639438e-17 -0.30901699437494623
vn -0.951056516295154 -2.4984405315639438e-17 0.30901699437494623
vn -0.951056516295154 -2.4984405315639438e-17 0.30901699437494623
vn -0.951056516295154 -2.4984405315639438e-17 0.30901699437494623
vn -0.951056516295154 -2.4984405315639438e-17 0.30901699437494623
f 1561/1561/1561 1563/1563/1563 1562/1562/1562
f 1563/1563/1563 1564/1564/1564 1562/1562/1562
f 1565/1565/1565 1567/1567/1567 1566/1566/1566
f 1567/1567/1567 1568/1568/1568 1566/1566/1566
f 1569/1569/1569 1571/1571/1571 1570/1570/1570
f 1571/1571/1571 1572/1572/1572 1570/1570/1570
f 1573/1573/1573 1575/1575/1575 1574/1574/1574
f 1575/1575/1575 1576/1576/1576 1574/1574/1574
f 1577/1577/1577 1579/1579/1579 1578/1578/1578
f 1579/1579/1579 1580/1580/1580 1578/1578/1578
f 1581/1581/1581 1583/1583/1583 1582/1582/1582
f 1583/1583/1583 1584/1584/1584 1582/1582/1582
o vine_17_181
usemtl leaf
v -0.019456038830791698 0.7101502286930174 -0.1845086033439457
v -0.0927111699093232 0.7101502286930174 -0.16070656840640762
v -0.02387812860570759 0.6972652819423177 -0.19811839624411542
v -0.0971332596842391 0.6972652819423177 -0.17431636130657735
v -0.07147561034294123 0.6338292539792179 -0.0953502363262491
v 0.001779520735590276 0.6338292539792179 -0.11915227126378719
v -0.07589770011785713 0.6209443072285182 -0.10896002922641883
v -0.0026425690393256235 0.6209443072285182 -0.13276206416395692
v -0.07147561034294123 0.6338292539792179 -0.0953502363262491
v -0.0927111699093232 0.7101502286930174 -0.16070656840640762
v 0.001779520735590276 0.6338292539792179 -0.11915227126378719
v -0.019456038830791698 0.7101502286930174 -0.1845086033439457
v -0.0026425690393256235 0.6209443072285182 -0.13276206416395692
v -0.02387812860570759 0.6972652819423177 -0.19811839624411542
v -0.07589770011785713 0.6209443072285182 -0.10896002922641883
v -0.0971332596842391 0.6972652819423177 -0.17431636130657735
v 0.001779520735590276 0.6338292539792179 -0.11915227126378719
v -0.019456038830791698 0.7101502286930174 -0.1845086033439457
v -0.0026425690393256235 0.6209443072285182 -0.13276206416395692
v -0.02387812860570759 0.6972652819423177 -0.19811839624411542
v -0.0927111699093232 0.7101502286930174 -0.16070656840640762
v -0.07147561034294123 0.6338292539792179 -0.0953502363262491
v -0.0971332596842391 0.6972652819423177 -0.17431636130657735
v -0.07589770011785713 0.6209443072285182 -0.10896002922641883
vt 0.4375 1
vt 0.5 1
vt 0.4375 0.9375
vt 0.5 0.9375
vt 0.4375 1
vt 0.5 1
vt 0.4375 0.9375
vt 0.5 0.9375
vt 0.4375 1
vt 0.5625 1
vt 0.4375 0.9375
vt 0.5625 0.9375
vt 0.4375 1
vt 0.5625 1
vt 0.4375 0.9375
vt 0.5625 0.9375
vt 0.4375 1
vt 0.5625 1
vt 0.4375 0.9375
vt 0.5625 0.9375
vt 0.4375 1
vt 0.5625 1
vt 0.4375 0.9375
vt 0.5625 0.9375
vn -0.2067727288212997 0.7431448254773941 -0.6363810234301196
vn -0.2067727288212997 0.7431448254773941 -0.6363810234301196
vn -0.2067727288212997 0.7431448254773941 -0.6363810234301196
vn -0.2067727288212997 0.7431448254773941 -0.6363810234301196
vn 0.2067727288212997 -0.7431448254773941 0.6363810234301196
vn 0.2067727288212997 -0.7431448254773941 0.6363810234301196
vn 0.2067727288212997 -0.7431448254773941 0.6363810234301196
vn 0.2067727288212997 -0.7431448254773941 0.6363810234301196
vn 0.22964438035431833 0.6691306063588581 0.7067727288213006
vn 0.22964438035431833 0.6691306063588581 0.7067727288213006
vn 0.22964438035431833 0.6691306063588581 0.7067727288213006
vn 0.22964438035431833 0.6691306063588581 0.7067727288213006
vn -0.22964438035431833 -0.6691306063588581 -0.7067727288213006
vn -0.22964438035431833 -0.6691306063588581 -0.7067727288213006
vn -0.22964438035431833 -0.6691306063588581 -0.7067727288213006
vn -0.22964438035431833 -0.6691306063588581 -0.7067727288213006
vn 0.9510565162951541 2.6315362159975612e-17 -0.30901699437494623
vn 0.9510565162951541 2.6315362159975612e-17 -0.30901699437494623
vn 0.9510565162951541 2.6315362159975612e-17 -0.30901699437494623
vn 0.9510565162951541 2.6315362159975612e-17 -0.30901699437494623
vn -0.9510565162951541 -2.6315362159975612e-17 0.30901699437494623
vn -0.9510565162951541 -2.6315362159975612e-17 0.30901699437494623
vn -0.9510565162951541 -2.6315362159975612e-17 0.30901699437494623
vn -0.9510565162951541 -2.6315362159975612e-17 0.30901699437494623
f 1585/1585/1585 1587/1587/1587 1586/1586/1586
f 1587/1587/1587 1588/1588/1588 1586/1586/1586
f 1589/1589/1589 1591/1591/1591 1590/1590/1590
f 1591/1591/1591 1592/1592/1592 1590/1590/1590
f 1593/1593/1593 1595/1595/1595 1594/1594/1594
f 1595/1595/1595 1596/1596/1596 1594/1594/1594
f 1597/1597/1597 1599/1599/1599 1598/1598/1598
f 1599/1599/1599 1600/1600/1600 1598/1598/1598
f 1601/1601/1601 1603/1603/1603 1602/1602/1602
f 1603/1603/1603 1604/1604/1604 1602/1602/1602
f 1605/1605/1605 1607/1607/1607 1606/1606/1606
f 1607/1607/1607 1608/1608/1608 1606/1606/1606
o vine_18_182
usemtl vine
v 0.06684122572312783 0.799855210890742 -0.10458901571581805
v 0.007400193454680681 0.799855210890742 -0.12390257786425213
v 0.08497556213270338 0.6894867617833761 -0.16040076434116696
v 0.025534529864256243 0.6894867617833761 -0.179714326489601
v -0.009652669753810468 0.7705132382166239 -0.07141926150577692
v 0.049788362514636676 0.7705132382166239 -0.05210569935734284
v 0.008481666655765094 0.660144789109258 -0.1272310101311258
v 0.06792269892421224 0.660144789109258 -0.10791744798269173
v -0.009652669753810468 0.7705132382166239 -0.07141926150577692
v 0.007400193454680681 0.799855210890742 -0.12390257786425213
v 0.049788362514636676 0.7705132382166239 -0.05210569935734284
v 0.06684122572312783 0.799855210890742 -0.10458901571581805
v 0.06792269892421224 0.660144789109258 -0.10791744798269173
v 0.08497556213270338 0.6894867617833761 -0.16040076434116696
v 0.008481666655765094 0.660144789109258 -0.1272310101311258
v 0.025534529864256243 0.6894867617833761 -0.179714326489601
v 0.049788362514636676 0.7705132382166239 -0.05210569935734284
v 0.06684122572312783 0.799855210890742 -0.10458901571581805
v 0.06792269892421224 0.660144789109258 -0.10791744798269173
v 0.08497556213270338 0.6894867617833761 -0.16040076434116696
v 0.007400193454680681 0.799855210890742 -0.12390257786425213
v -0.009652669753810468 0.7705132382166239 -0.07141926150577692
v 0.025534529864256243 0.6894867617833761 -0.179714326489601
v 0.008481666655765094 0.660144789109258 -0.1272310101311258
vt 0.0625 0.4375
vt 0.125 0.4375
vt 0.0625 0.3125
vt 0.125 0.3125
vt 0.0625 0.4375
vt 0.125 0.4375
vt 0.0625 0.3125
vt 0.125 0.3125
vt 0.0625 0.375
vt 0.125 0.375
vt 0.0625 0.3125
vt 0.125 0.3125
vt 0.0625 0.375
vt 0.125 0.375
vt 0.0625 0.3125
vt 0.125 0.3125
vt 0.0625 0.4375
vt 0.125 0.4375
vt 0.0625 0.3125
vt 0.125 0.3125
vt 0.0625 0.4375
vt 0.125 0.4375
vt 0.0625 0.3125
vt 0.125 0.3125
vn 0.27284581133585845 0.4694715627858909 -0.8397330617356034
vn 0.27284581133585845 0.4694715627858909 -0.8397330617356034
vn 0.27284581133585845 0.4694715627858909 -0.8397330617356034
vn 0.27284581133585845 0.4694715627858909 -0.8397330617356034
vn -0.27284581133585845 -0.4694715627858909 0.8397330617356034
vn -0.27284581133585845 -0.4694715627858909 0.8397330617356034
vn -0.27284581133585845 -0.4694715627858909 0.8397330617356034
vn -0.27284581133585845 -0.4694715627858909 0.8397330617356034
vn -0.1450746912766044 0.882947592858927 0.4464939890027912
vn -0.1450746912766044 0.882947592858927 0.4464939890027912
vn -0.1450746912766044 0.882947592858927 0.4464939890027912
vn -0.1450746912766044 0.882947592858927 0.4464939890027912
vn 0.1450746912766044 -0.882947592858927 -0.4464939890027912
vn 0.1450746912766044 -0.882947592858927 -0.4464939890027912
vn 0.1450746912766044 -0.882947592858927 -0.4464939890027912
vn 0.1450746912766044 -0.882947592858927 -0.4464939890027912
vn 0.9510565162951544 1.249000902703301e-16 0.30901699437494523
vn 0.9510565162951544 1.249000902703301e-16 0.30901699437494523
vn 0.9510565162951544 1.249000902703301e-16 0.30901699437494523
vn 0.9510565162951544 1.249000902703301e-16 0.30901699437494523
vn -0.9510565162951544 -1.249000902703301e-16 -0.30901699437494523
vn -0.9510565162951544 -1.249000902703301e-16 -0.30901699437494523
vn -0.9510565162951544 -1.249000902703301e-16 -0.30901699437494523
vn -0.9510565162951544 -1.249000902703301e-16 -0.30901699437494523
f 1609/1609/1609 1611/1611/1611 1610/1610/1610
f 1611/1611/1611 1612/1612/1612 1610/1610/1610
f 1613/1613/1613 1615/1615/1615 1614/1614/1614
f 1615/1615/1615 1616/1616/1616 1614/1614/1614
f 1617/1617/1617 1619/1619/1619 1618/1618/1618
f 1619/1619/1619 1620/1620/1620 1618/1618/1618
f 1621/1621/1621 1623/1623/1623 1622/1622/1622
f 1623/1623/1623 1624/1624/1624 1622/1622/1622
f 1625/1625/1625 1627/1627/1627 1626/1626/1626
f 1627/1627/1627 1628/1628/1628 1626/1626/1626
f 1629/1629/1629 1631/1631/1631 1630/1630/1630
f 1631/1631/1631 1632/1632/1632 1630/1630/1630
o vine_19_183
usemtl vine
v 0.11608557612795714 0.9120556500338003 -0.04449722923274503
v 0.07819179564422674 0.9120556500338003 -0.09665354358885492
v 0.16505738894778732 0.7982105947795524 -0.08007733391986982
v 0.12716360846405694 0.7982105947795524 -0.13223364827597972
v 0.03214050343110601 0.8817894052204474 -0.06319532132642058
v 0.07003428391483642 0.8817894052204474 -0.01103900697031069
v 0.0811123162509362 0.7679443499661994 -0.09877542601354537
v 0.11900609673466661 0.7679443499661994 -0.046619111657435486
v 0.03214050343110601 0.8817894052204474 -0.06319532132642058
v 0.07819179564422674 0.9120556500338003 -0.09665354358885492
v 0.07003428391483642 0.8817894052204474 -0.01103900697031069
v 0.11608557612795714 0.9120556500338003 -0.04449722923274503
v 0.11900609673466661 0.7679443499661994 -0.046619111657435486
v 0.16505738894778732 0.7982105947795524 -0.08007733391986982
v 0.0811123162509362 0.7679443499661994 -0.09877542601354537
v 0.12716360846405694 0.7982105947795524 -0.13223364827597972
v 0.07003428391483642 0.8817894052204474 -0.01103900697031069
v 0.11608557612795714 0.9120556500338003 -0.04449722923274503
v 0.11900609673466661 0.7679443499661994 -0.046619111657435486
v 0.16505738894778732 0.7982105947795524 -0.08007733391986982
v 0.07819179564422674 0.9120556500338003 -0.09665354358885492
v 0.03214050343110601 0.8817894052204474 -0.06319532132642058
v 0.12716360846405694 0.7982105947795524 -0.13223364827597972
v 0.0811123162509362 0.7679443499661994 -0.09877542601354537
vt 0.0625 0.4375
vt 0.125 0.4375
vt 0.0625 0.3125
vt 0.125 0.3125
vt 0.0625 0.4375
vt 0.125 0.4375
vt 0.0625 0.3125
vt 0.125 0.3125
vt 0.0625 0.375
vt 0.125 0.375
vt 0.0625 0.3125
vt 0.125 0.3125
vt 0.0625 0.375
vt 0.125 0.375
vt 0.0625 0.3125
vt 0.125 0.3125
vt 0.0625 0.4375
vt 0.125 0.4375
vt 0.0625 0.3125
vt 0.125 0.3125
vt 0.0625 0.4375
vt 0.125 0.4375
vt 0.0625 0.3125
vt 0.125 0.3125
vn 0.7143196077653237 0.46947156278589075 -0.5189835736296164
vn 0.7143196077653237 0.46947156278589075 -0.5189835736296164
vn 0.7143196077653237 0.46947156278589075 -0.5189835736296164
vn 0.7143196077653237 0.46947156278589075 -0.5189835736296164
vn -0.7143196077653237 -0.46947156278589075 0.5189835736296164
vn -0.7143196077653237 -0.46947156278589075 0.5189835736296164
vn -0.7143196077653237 -0.46947156278589075 0.5189835736296164
vn -0.7143196077653237 -0.46947156278589075 0.5189835736296164
vn -0.37981047266955076 0.8829475928589271 0.27594846097624665
vn -0.37981047266955076 0.8829475928589271 0.27594846097624665
vn -0.37981047266955076 0.8829475928589271 0.27594846097624665
vn -0.37981047266955076 0.8829475928589271 0.27594846097624665
vn 0.37981047266955076 -0.8829475928589271 -0.27594846097624665
vn 0.37981047266955076 -0.8829475928589271 -0.27594846097624665
vn 0.37981047266955076 -0.8829475928589271 -0.27594846097624665
vn 0.37981047266955076 -0.8829475928589271 -0.27594846097624665
vn 0.5877852522924736 5.2172514631810354e-17 0.8090169943749471
vn 0.5877852522924736 5.2172514631810354e-17 0.8090169943749471
vn 0.5877852522924736 5.2172514631810354e-17 0.8090169943749471
vn 0.5877852522924736 5.2172514631810354e-17 0.8090169943749471
vn -0.5877852522924736 -5.2172514631810354e-17 -0.8090169943749471
vn -0.5877852522924736 -5.2172514631810354e-17 -0.8090169943749471
vn -0.5877852522924736 -5.2172514631810354e-17 -0.8090169943749471
vn -0.5877852522924736 -5.2172514631810354e-17 -0.8090169943749471
f 1633/1633/1633 1635/1635/1635 1634/1634/1634
f 1635/1635/1635 1636/1636/1636 1634/1634/1634
f 1637/1637/1637 1639/1639/1639 1638/1638/1638
f 1639/1639/1639 1640/1640/1640 1638/1638/1638
f 1641/1641/1641 1643/1643/1643 1642/1642/1642
f 1643/1643/1643 1644/1644/1644 1642/1642/1642
f 1645/1645/1645 1647/1647/1647 1646/1646/1646
f 1647/1647/1647 1648/1648/1648 1646/1646/1646
f 1649/1649/1649 1651/1651/1651 1650/1650/1650
f 1651/1651/1651 1652/1652/1652 1650/1650/1650
f 1653/1653/1653 1655/1655/1655 1654/1654/1654
f 1655/1655/1655 1656/1656/1656 1654/1654/1654
o vine_20_184
usemtl vine
v 0.12011726523093556 1.0201695593397506 0.031390624999999936
v 0.12011726523093554 1.0201695593397506 -0.03139062500000006
v 0.17906528833323898 0.9093044522114015 0.03139062499999991
v 0.17906528833323893 0.9093044522114015 -0.03139062500000009
v 0.06468471166676103 0.9906955477885988 -0.03139062500000003
v 0.06468471166676105 0.9906955477885988 0.031390624999999964
v 0.12363273476906443 0.8798304406602498 -0.03139062500000006
v 0.12363273476906446 0.8798304406602498 0.031390624999999936
v 0.06468471166676103 0.9906955477885988 -0.03139062500000003
v 0.12011726523093554 1.0201695593397506 -0.03139062500000006
v 0.06468471166676105 0.9906955477885988 0.031390624999999964
v 0.12011726523093556 1.0201695593397506 0.031390624999999936
v 0.12363273476906446 0.8798304406602498 0.031390624999999936
v 0.17906528833323898 0.9093044522114015 0.03139062499999991
v 0.12363273476906443 0.8798304406602498 -0.03139062500000006
v 0.17906528833323893 0.9093044522114015 -0.03139062500000009
v 0.06468471166676105 0.9906955477885988 0.031390624999999964
v 0.12011726523093556 1.0201695593397506 0.031390624999999936
v 0.12363273476906446 0.8798304406602498 0.031390624999999936
v 0.17906528833323898 0.9093044522114015 0.03139062499999991
v 0.12011726523093554 1.0201695593397506 -0.03139062500000006
v 0.06468471166676103 0.9906955477885988 -0.03139062500000003
v 0.17906528833323893 0.9093044522114015 -0.03139062500000009
v 0.12363273476906443 0.8798304406602498 -0.03139062500000006
vt 0.0625 0.4375
vt 0.125 0.4375
vt 0.0625 0.3125
vt 0.125 0.3125
vt 0.0625 0.4375
vt 0.125 0.4375
vt 0.0625 0.3125
vt 0.125 0.3125
vt 0.0625 0.375
vt 0.125 0.375
vt 0.0625 0.3125
vt 0.125 0.3125
vt 0.0625 0.375
vt 0.125 0.375
vt 0.0625 0.3125
vt 0.125 0.3125
vt 0.0625 0.4375
vt 0.125 0.4375
vt 0.0625 0.3125
vt 0.125 0.3125
vt 0.0625 0.4375
vt 0.125 0.4375
vt 0.0625 0.3125
vt 0.125 0.3125
vn 0.8829475928589269 0.46947156278589075 -4.325195773638181e-16
vn 0.8829475928589269 0.46947156278589075 -4.325195773638181e-16
vn 0.8829475928589269 0.46947156278589075 -4.325195773638181e-16
vn 0.8829475928589269 0.46947156278589075 -4.325195773638181e-16
vn -0.8829475928589269 -0.46947156278589075 4.325195773638181e-16
vn -0.8829475928589269 -0.46947156278589075 4.325195773638181e-16
vn -0.8829475928589269 -0.46947156278589075 4.325195773638181e-16
vn -0.8829475928589269 -0.46947156278589075 4.325195773638181e-16
vn -0.46947156278589075 0.8829475928589269 2.299747386625787e-16
vn -0.46947156278589075 0.8829475928589269 2.299747386625787e-16
vn -0.46947156278589075 0.8829475928589269 2.299747386625787e-16
vn -0.46947156278589075 0.8829475928589269 2.299747386625787e-16
vn 0.46947156278589075 -0.8829475928589269 -2.299747386625787e-16
vn 0.46947156278589075 -0.8829475928589269 -2.299747386625787e-16
vn 0.46947156278589075 -0.8829475928589269 -2.299747386625787e-16
vn 0.46947156278589075 -0.8829475928589269 -2.299747386625787e-16
vn 4.898587196589413e-16 -2.443152482634181e-32 1
vn 4.898587196589413e-16 -2.443152482634181e-32 1
vn 4.898587196589413e-16 -2.443152482634181e-32 1
vn 4.898587196589413e-16 -2.443152482634181e-32 1
vn -4.898587196589413e-16 2.443152482634181e-32 -1
vn -4.898587196589413e-16 2.443152482634181e-32 -1
vn -4.898587196589413e-16 2.443152482634181e-32 -1
vn -4.898587196589413e-16 2.443152482634181e-32 -1
f 1657/1657/1657 1659/1659/1659 1658/1658/1658
f 1659/1659/1659 1660/1660/1660 1658/1658/1658
f 1661/1661/1661 1663/1663/1663 1662/1662/1662
f 1663/1663/1663 1664/1664/1664 1662/1662/1662
f 1665/1665/1665 1667/1667/1667 1666/1666/1666
f 1667/1667/1667 1668/1668/1668 1666/1666/1666
f 1669/1669/1669 1671/1671/1671 1670/1670/1670
f 1671/1671/1671 1672/1672/1672 1670/1670/1670
f 1673/1673/1673 1675/1675/1675 1674/1674/1674
f 1675/1675/1675 1676/1676/1676 1674/1674/1674
f 1677/1677/1677 1679/1679/1679 1678/1678/1678
f 1679/1679/1679 1680/1680/1680 1678/1678/1678
o vine_21_185
usemtl vine
v 0.0781027678425269 1.1323699984828088 0.0967626831640809
v 0.1161618629284645 1.1323699984828088 0.04437883277830304
v 0.12728822405323373 1.0180282852075777 0.13249800886050478
v 0.16534731913917133 1.0180282852075777 0.08011415847472693
v 0.06990966832565976 1.1019717147924224 0.010774646385785416
v 0.03185057323972214 1.1019717147924224 0.06315849677156328
v 0.11909512453636659 0.9876300015171913 0.046509972082209305
v 0.08103602945042898 0.9876300015171913 0.09889382246798717
v 0.06990966832565976 1.1019717147924224 0.010774646385785416
v 0.1161618629284645 1.1323699984828088 0.04437883277830304
v 0.03185057323972214 1.1019717147924224 0.06315849677156328
v 0.0781027678425269 1.1323699984828088 0.0967626831640809
v 0.08103602945042898 0.9876300015171913 0.09889382246798717
v 0.12728822405323373 1.0180282852075777 0.13249800886050478
v 0.11909512453636659 0.9876300015171913 0.046509972082209305
v 0.16534731913917133 1.0180282852075777 0.08011415847472693
v 0.03185057323972214 1.1019717147924224 0.06315849677156328
v 0.0781027678425269 1.1323699984828088 0.0967626831640809
v 0.08103602945042898 0.9876300015171913 0.09889382246798717
v 0.12728822405323373 1.0180282852075777 0.13249800886050478
v 0.1161618629284645 1.1323699984828088 0.04437883277830304
v 0.06990966832565976 1.1019717147924224 0.010774646385785416
v 0.16534731913917133 1.0180282852075777 0.08011415847472693
v 0.11909512453636659 0.9876300015171913 0.046509972082209305
vt 0.0625 0.4375
vt 0.125 0.4375
vt 0.0625 0.3125
vt 0.125 0.3125
vt 0.0625 0.4375
vt 0.125 0.4375
vt 0.0625 0.3125
vt 0.125 0.3125
vt 0.0625 0.375
vt 0.125 0.375
vt 0.0625 0.3125
vt 0.125 0.3125
vt 0.0625 0.375
vt 0.125 0.375
vt 0.0625 0.3125
vt 0.125 0.3125
vt 0.0625 0.4375
vt 0.125 0.4375
vt 0.0625 0.3125
vt 0.125 0.3125
vt 0.0625 0.4375
vt 0.125 0.4375
vt 0.0625 0.3125
vt 0.125 0.3125
vn 0.7143196077653242 0.4694715627858908 0.5189835736296159
vn 0.7143196077653242 0.4694715627858908 0.5189835736296159
vn 0.7143196077653242 0.4694715627858908 0.5189835736296159
vn 0.7143196077653242 0.4694715627858908 0.5189835736296159
vn -0.7143196077653242 -0.4694715627858908 -0.5189835736296159
vn -0.7143196077653242 -0.4694715627858908 -0.5189835736296159
vn -0.7143196077653242 -0.4694715627858908 -0.5189835736296159
vn -0.7143196077653242 -0.4694715627858908 -0.5189835736296159
vn -0.37981047266955087 0.8829475928589269 -0.27594846097624615
vn -0.37981047266955087 0.8829475928589269 -0.27594846097624615
vn -0.37981047266955087 0.8829475928589269 -0.27594846097624615
vn -0.37981047266955087 0.8829475928589269 -0.27594846097624615
vn 0.37981047266955087 -0.8829475928589269 0.27594846097624615
vn 0.37981047266955087 -0.8829475928589269 0.27594846097624615
vn 0.37981047266955087 -0.8829475928589269 0.27594846097624615
vn 0.37981047266955087 -0.8829475928589269 0.27594846097624615
vn -0.5877852522924726 5.172026284571807e-17 0.8090169943749479
vn -0.5877852522924726 5.172026284571807e-17 0.8090169943749479
vn -0.5877852522924726 5.172026284571807e-17 0.8090169943749479
vn -0.5877852522924726 5.172026284571807e-17 0.8090169943749479
vn 0.5877852522924726 -5.172026284571807e-17 -0.8090169943749479
vn 0.5877852522924726 -5.172026284571807e-17 -0.8090169943749479
vn 0.5877852522924726 -5.172026284571807e-17 -0.8090169943749479
vn 0.5877852522924726 -5.172026284571807e-17 -0.8090169943749479
f 1681/1681/1681 1683/1683/1683 1682/1682/1682
f 1683/1683/1683 1684/1684/1684 1682/1682/1682
f 1685/1685/1685 1687/1687/1687 1686/1686/1686
f 1687/1687/1687 1688/1688/1688 1686/1686/1686
f 1689/1689/1689 1691/1691/1691 1690/1690/1690
f 1691/1691/1691 1692/1692/1692 1690/1690/1690
f 1693/1693/1693 1695/1695/1695 1694/1694/1694
f 1695/1695/1695 1696/1696/1696 1694/1694/1694
f 1697/1697/1697 1699/1699/1699 1698/1698/1698
f 1699/1699/1699 1700/1700/1700 1698/1698/1698
f 1701/1701/1701 1703/1703/1703 1702/1702/1702
f 1703/1703/1703 1704/1704/1704 1702/1702/1702
o vine_22_186
usemtl vine
v 0.007127842180067921 1.2404839077887586 0.12397451094871914
v 0.06710384373893105 1.2404839077887586 0.1044871267409491
v 0.02542538761732971 1.1291221426394265 0.18028856531169613
v 0.08540138917619285 1.1291221426394265 0.1608011811039261
v 0.04989750476156343 1.2108778573605734 0.05153146053524764
v -0.010078496797299705 1.2108778573605734 0.07101884474301769
v 0.06819505019882521 1.0995160922112412 0.10784551489822464
v 0.008219048639962083 1.0995160922112412 0.12733289910599468
v 0.04989750476156343 1.2108778573605734 0.05153146053524764
v 0.06710384373893105 1.2404839077887586 0.1044871267409491
v -0.010078496797299705 1.2108778573605734 0.07101884474301769
v 0.007127842180067921 1.2404839077887586 0.12397451094871914
v 0.008219048639962083 1.0995160922112412 0.12733289910599468
v 0.02542538761732971 1.1291221426394265 0.18028856531169613
v 0.06819505019882521 1.0995160922112412 0.10784551489822464
v 0.08540138917619285 1.1291221426394265 0.1608011811039261
v -0.010078496797299705 1.2108778573605734 0.07101884474301769
v 0.007127842180067921 1.2404839077887586 0.12397451094871914
v 0.008219048639962083 1.0995160922112412 0.12733289910599468
v 0.02542538761732971 1.1291221426394265 0.18028856531169613
v 0.06710384373893105 1.2404839077887586 0.1044871267409491
v 0.04989750476156343 1.2108778573605734 0.05153146053524764
v 0.08540138917619285 1.1291221426394265 0.1608011811039261
v 0.06819505019882521 1.0995160922112412 0.10784551489822464
vt 0.0625 0.4375
vt 0.125 0.4375
vt 0.0625 0.3125
vt 0.125 0.3125
vt 0.0625 0.4375
vt 0.125 0.4375
vt 0.0625 0.3125
vt 0.125 0.3125
vt 0.0625 0.375
vt 0.125 0.375
vt 0.0625 0.3125
vt 0.125 0.3125
vt 0.0625 0.375
vt 0.125 0.375
vt 0.0625 0.3125
vt 0.125 0.3125
vt 0.0625 0.4375
vt 0.125 0.4375
vt 0.0625 0.3125
vt 0.125 0.3125
vt 0.0625 0.4375
vt 0.125 0.4375
vt 0.0625 0.3125
vt 0.125 0.3125
vn 0.27284581133585945 0.46947156278589075 0.8397330617356029
vn 0.27284581133585945 0.46947156278589075 0.8397330617356029
vn 0.27284581133585945 0.46947156278589075 0.8397330617356029
vn 0.27284581133585945 0.46947156278589075 0.8397330617356029
vn -0.27284581133585945 -0.46947156278589075 -0.8397330617356029
vn -0.27284581133585945 -0.46947156278589075 -0.8397330617356029
vn -0.27284581133585945 -0.46947156278589075 -0.8397330617356029
vn -0.27284581133585945 -0.46947156278589075 -0.8397330617356029
vn -0.1450746912766049 0.8829475928589269 -0.4464939890027909
vn -0.1450746912766049 0.8829475928589269 -0.4464939890027909
vn -0.1450746912766049 0.8829475928589269 -0.4464939890027909
vn -0.1450746912766049 0.8829475928589269 -0.4464939890027909
vn 0.1450746912766049 -0.8829475928589269 0.4464939890027909
vn 0.1450746912766049 -0.8829475928589269 0.4464939890027909
vn 0.1450746912766049 -0.8829475928589269 0.4464939890027909
vn 0.1450746912766049 -0.8829475928589269 0.4464939890027909
vn -0.9510565162951541 -2.7262639824953932e-17 0.30901699437494634
vn -0.9510565162951541 -2.7262639824953932e-17 0.30901699437494634
vn -0.9510565162951541 -2.7262639824953932e-17 0.30901699437494634
vn -0.9510565162951541 -2.7262639824953932e-17 0.30901699437494634
vn 0.9510565162951541 2.7262639824953932e-17 -0.30901699437494634
vn 0.9510565162951541 2.7262639824953932e-17 -0.30901699437494634
vn 0.9510565162951541 2.7262639824953932e-17 -0.30901699437494634
vn 0.9510565162951541 2.7262639824953932e-17 -0.30901699437494634
f 1705/1705/1705 1707/1707/1707 1706/1706/1706
f 1707/1707/1707 1708/1708/1708 1706/1706/1706
f 1709/1709/1709 1711/1711/1711 1710/1710/1710
f 1711/1711/1711 1712/1712/1712 1710/1710/1710
f 1713/1713/1713 1715/1715/1715 1714/1714/1714
f 1715/1715/1715 1716/1716/1716 1714/1714/1714
f 1717/1717/1717 1719/1719/1719 1718/1718/1718
f 1719/1719/1719 1720/1720/1720 1718/1718/1718
f 1721/1721/1721 1723/1723/1723 1722/1722/1722
f 1723/1723/1723 1724/1724/1724 1722/1722/1722
f 1725/1725/1725 1727/1727/1727 1726/1726/1726
f 1727/1727/1727 1728/1728/1728 1726/1726/1726
o vine_22_187
usemtl leaf
v 0.019085073676275946 1.2607365383034217 0.1850051494737347
v 0.09330314951582026 1.2607365383034217 0.16089023481695927
v 0.023565292187278854 1.2476822178612572 0.19879384422799626
v 0.09778336802682316 1.2476822178612572 0.1746789295712208
v 0.07178844676136997 1.1834123180602782 0.09467478834236828
v -0.0024296290781743377 1.1834123180602782 0.11878970299914374
v 0.07626866527237289 1.1703579976181138 0.10846348309662983
v 0.00205058943282857 1.1703579976181138 0.13257839775340527
v 0.07178844676136997 1.1834123180602782 0.09467478834236828
v 0.09330314951582026 1.2607365383034217 0.16089023481695927
v -0.0024296290781743377 1.1834123180602782 0.11878970299914374
v 0.019085073676275946 1.2607365383034217 0.1850051494737347
v 0.00205058943282857 1.1703579976181138 0.13257839775340527
v 0.023565292187278854 1.2476822178612572 0.19879384422799626
v 0.07626866527237289 1.1703579976181138 0.10846348309662983
v 0.09778336802682316 1.2476822178612572 0.1746789295712208
v -0.0024296290781743377 1.1834123180602782 0.11878970299914374
v 0.019085073676275946 1.2607365383034217 0.1850051494737347
v 0.00205058943282857 1.1703579976181138 0.13257839775340527
v 0.023565292187278854 1.2476822178612572 0.19879384422799626
v 0.09330314951582026 1.2607365383034217 0.16089023481695927
v 0.07178844676136997 1.1834123180602782 0.09467478834236828
v 0.09778336802682316 1.2476822178612572 0.1746789295712208
v 0.07626866527237289 1.1703579976181138 0.10846348309662983
vt 0.4375 1
vt 0.5 1
vt 0.4375 0.9375
vt 0.5 0.9375
vt 0.4375 1
vt 0.5 1
vt 0.4375 0.9375
vt 0.5 0.9375
vt 0.4375 1
vt 0.5625 1
vt 0.4375 0.9375
vt 0.5625 0.9375
vt 0.4375 1
vt 0.5625 1
vt 0.4375 0.9375
vt 0.5625 0.9375
vt 0.4375 1
vt 0.5625 1
vt 0.4375 0.9375
vt 0.5625 0.9375
vt 0.4375 1
vt 0.5625 1
vt 0.4375 0.9375
vt 0.5625 0.9375
vn 0.2067727288212998 0.743144825477394 0.6363810234301198
vn 0.2067727288212998 0.743144825477394 0.6363810234301198
vn 0.2067727288212998 0.743144825477394 0.6363810234301198
vn 0.2067727288212998 0.743144825477394 0.6363810234301198
vn -0.2067727288212998 -0.743144825477394 -0.6363810234301198
vn -0.2067727288212998 -0.743144825477394 -0.6363810234301198
vn -0.2067727288212998 -0.743144825477394 -0.6363810234301198
vn -0.2067727288212998 -0.743144825477394 -0.6363810234301198
vn -0.22964438035431844 0.6691306063588582 -0.7067727288213007
vn -0.22964438035431844 0.6691306063588582 -0.7067727288213007
vn -0.22964438035431844 0.6691306063588582 -0.7067727288213007
vn -0.22964438035431844 0.6691306063588582 -0.7067727288213007
vn 0.22964438035431844 -0.6691306063588582 0.7067727288213007
vn 0.22964438035431844 -0.6691306063588582 0.7067727288213007
vn 0.22964438035431844 -0.6691306063588582 0.7067727288213007
vn 0.22964438035431844 -0.6691306063588582 0.7067727288213007
vn -0.951056516295154 -2.56369330584457e-17 0.3090169943749464
vn -0.951056516295154 -2.56369330584457e-17 0.3090169943749464
vn -0.951056516295154 -2.56369330584457e-17 0.3090169943749464
vn -0.951056516295154 -2.56369330584457e-17 0.3090169943749464
vn 0.951056516295154 2.56369330584457e-17 -0.3090169943749464
vn 0.951056516295154 2.56369330584457e-17 -0.3090169943749464
vn 0.951056516295154 2.56369330584457e-17 -0.3090169943749464
vn 0.951056516295154 2.56369330584457e-17 -0.3090169943749464
f 1729/1729/1729 1731/1731/1731 1730/1730/1730
f 1731/1731/1731 1732/1732/1732 1730/1730/1730
f 1733/1733/1733 1735/1735/1735 1734/1734/1734
f 1735/1735/1735 1736/1736/1736 1734/1734/1734
f 1737/1737/1737 1739/1739/1739 1738/1738/1738
f 1739/1739/1739 1740/1740/1740 1738/1738/1738
f 1741/1741/1741 1743/1743/1743 1742/1742/1742
f 1743/1743/1743 1744/1744/1744 1742/1742/1742
f 1745/1745/1745 1747/1747/1747 1746/1746/1746
f 1747/1747/1747 1748/1748/1748 1746/1746/1746
f 1749/1749/1749 1751/1751/1751 1750/1750/1750
f 1751/1751/1751 1752/1752/1752 1750/1750/1750
o vine_23_188
usemtl vine
v -0.0672351527468329 1.3507982562377674 0.10443618225351448
v -0.0069916665427617805 1.3507982562377674 0.12401047749095263
v -0.0856143026979379 1.238939833067452 0.1610013894853055
v -0.025370816493866785 1.238939833067452 0.18057568472274366
v 0.010291410319044195 1.3210601669325486 0.07081863636163807
v -0.049952075885026925 1.3210601669325486 0.05124434112419991
v -0.00808773963206081 1.209201743762233 0.1273838435934291
v -0.06833122583613194 1.209201743762233 0.10780954835599095
v 0.010291410319044195 1.3210601669325486 0.07081863636163807
v -0.0069916665427617805 1.3507982562377674 0.12401047749095263
v -0.049952075885026925 1.3210601669325486 0.05124434112419991
v -0.0672351527468329 1.3507982562377674 0.10443618225351448
v -0.06833122583613194 1.209201743762233 0.10780954835599095
v -0.0856143026979379 1.238939833067452 0.1610013894853055
v -0.00808773963206081 1.209201743762233 0.1273838435934291
v -0.025370816493866785 1.238939833067452 0.18057568472274366
v -0.049952075885026925 1.3210601669325486 0.05124434112419991
v -0.0672351527468329 1.3507982562377674 0.10443618225351448
v -0.06833122583613194 1.209201743762233 0.10780954835599095
v -0.0856143026979379 1.238939833067452 0.1610013894853055
v -0.0069916665427617805 1.3507982562377674 0.12401047749095263
v 0.010291410319044195 1.3210601669325486 0.07081863636163807
v -0.025370816493866785 1.238939833067452 0.18057568472274366
v -0.00808773963206081 1.209201743762233 0.1273838435934291
vt 0.0625 0.4375
vt 0.125 0.4375
vt 0.0625 0.3125
vt 0.125 0.3125
vt 0.0625 0.4375
vt 0.125 0.4375
vt 0.0625 0.3125
vt 0.125 0.3125
vt 0.0625 0.375
vt 0.125 0.375
vt 0.0625 0.3125
vt 0.125 0.3125
vt 0.0625 0.375
vt 0.125 0.375
vt 0.0625 0.3125
vt 0.125 0.3125
vt 0.0625 0.4375
vt 0.125 0.4375
vt 0.0625 0.3125
vt 0.125 0.3125
vt 0.0625 0.4375
vt 0.125 0.4375
vt 0.0625 0.3125
vt 0.125 0.3125
vn -0.27284581133586144 0.46947156278589086 0.8397330617356024
vn -0.27284581133586144 0.46947156278589086 0.8397330617356024
vn -0.27284581133586144 0.46947156278589086 0.8397330617356024
vn -0.27284581133586144 0.46947156278589086 0.8397330617356024
vn 0.27284581133586144 -0.46947156278589086 -0.8397330617356024
vn 0.27284581133586144 -0.46947156278589086 -0.8397330617356024
vn 0.27284581133586144 -0.46947156278589086 -0.8397330617356024
vn 0.27284581133586144 -0.46947156278589086 -0.8397330617356024
vn 0.14507469127660588 0.882947592858927 -0.4464939890027906
vn 0.14507469127660588 0.882947592858927 -0.4464939890027906
vn 0.14507469127660588 0.882947592858927 -0.4464939890027906
vn 0.14507469127660588 0.882947592858927 -0.4464939890027906
vn -0.14507469127660588 -0.882947592858927 0.4464939890027906
vn -0.14507469127660588 -0.882947592858927 0.4464939890027906
vn -0.14507469127660588 -0.882947592858927 0.4464939890027906
vn -0.14507469127660588 -0.882947592858927 0.4464939890027906
vn -0.9510565162951533 -8.106324544343203e-17 -0.30901699437494856
vn -0.9510565162951533 -8.106324544343203e-17 -0.30901699437494856
vn -0.9510565162951533 -8.106324544343203e-17 -0.30901699437494856
vn -0.9510565162951533 -8.106324544343203e-17 -0.30901699437494856
vn 0.9510565162951533 8.106324544343203e-17 0.30901699437494856
vn 0.9510565162951533 8.106324544343203e-17 0.30901699437494856
vn 0.9510565162951533 8.106324544343203e-17 0.30901699437494856
vn 0.9510565162951533 8.106324544343203e-17 0.30901699437494856
f 1753/1753/1753 1755/1755/1755 1754/1754/1754
f 1755/1755/1755 1756/1756/1756 1754/1754/1754
f 1757/1757/1757 1759/1759/1759 1758/1758/1758
f 1759/1759/1759 1760/1760/1760 1758/1758/1758
f 1761/1761/1761 1763/1763/1763 1762/1762/1762
f 1763/1763/1763 1764/1764/1764 1762/1762/1762
f 1765/1765/1765 1767/1767/1767 1766/1766/1766
f 1767/1767/1767 1768/1768/1768 1766/1766/1766
f 1769/1769/1769 1771/1771/1771 1770/1770/1770
f 1771/1771/1771 1772/1772/1772 1770/1770/1770
f 1773/1773/1773 1775/1775/1775 1774/1774/1774
f 1775/1775/1775 1776/1776/1776 1774/1774/1774
o vine_24_189
usemtl vine
v -0.11631443652947909 1.4629986953808252 0.04414203986941942
v -0.07792471223912689 1.4629986953808252 0.09698096231453314
v -0.16592717952193914 1.3476636660636279 0.08018780758444163
v -0.12753745523158694 1.3476636660636279 0.13302673002955537
v -0.03127071285695421 1.4323363339363715 0.0630848476618488
v -0.0696604371473064 1.4323363339363715 0.01024592521673507
v -0.08088345584941425 1.3170013046191742 0.09913061537687101
v -0.11927318013976645 1.3170013046191742 0.04629169293175729
v -0.03127071285695421 1.4323363339363715 0.0630848476618488
v -0.07792471223912689 1.4629986953808252 0.09698096231453314
v -0.0696604371473064 1.4323363339363715 0.01024592521673507
v -0.11631443652947909 1.4629986953808252 0.04414203986941942
v -0.11927318013976645 1.3170013046191742 0.04629169293175729
v -0.16592717952193914 1.3476636660636279 0.08018780758444163
v -0.08088345584941425 1.3170013046191742 0.09913061537687101
v -0.12753745523158694 1.3476636660636279 0.13302673002955537
v -0.0696604371473064 1.4323363339363715 0.01024592521673507
v -0.11631443652947909 1.4629986953808252 0.04414203986941942
v -0.11927318013976645 1.3170013046191742 0.04629169293175729
v -0.16592717952193914 1.3476636660636279 0.08018780758444163
v -0.07792471223912689 1.4629986953808252 0.09698096231453314
v -0.03127071285695421 1.4323363339363715 0.0630848476618488
v -0.12753745523158694 1.3476636660636279 0.13302673002955537
v -0.08088345584941425 1.3170013046191742 0.09913061537687101
vt 0.0625 0.4375
vt 0.125 0.4375
vt 0.0625 0.3125
vt 0.125 0.3125
vt 0.0625 0.4375
vt 0.125 0.4375
vt 0.0625 0.3125
vt 0.125 0.3125
vt 0.0625 0.375
vt 0.125 0.375
vt 0.0625 0.3125
vt 0.125 0.3125
vt 0.0625 0.375
vt 0.125 0.375
vt 0.0625 0.3125
vt 0.125 0.3125
vt 0.0625 0.4375
vt 0.125 0.4375
vt 0.0625 0.3125
vt 0.125 0.3125
vt 0.0625 0.4375
vt 0.125 0.4375
vt 0.0625 0.3125
vt 0.125 0.3125
vn -0.7143196077653233 0.46947156278589075 0.5189835736296166
vn -0.7143196077653233 0.46947156278589075 0.5189835736296166
vn -0.7143196077653233 0.46947156278589075 0.5189835736296166
vn -0.7143196077653233 0.46947156278589075 0.5189835736296166
vn 0.7143196077653233 -0.46947156278589075 -0.5189835736296166
vn 0.7143196077653233 -0.46947156278589075 -0.5189835736296166
vn 0.7143196077653233 -0.46947156278589075 -0.5189835736296166
vn 0.7143196077653233 -0.46947156278589075 -0.5189835736296166
vn 0.3798104726695505 0.8829475928589269 -0.2759484609762467
vn 0.3798104726695505 0.8829475928589269 -0.2759484609762467
vn 0.3798104726695505 0.8829475928589269 -0.2759484609762467
vn 0.3798104726695505 0.8829475928589269 -0.2759484609762467
vn -0.3798104726695505 -0.8829475928589269 0.2759484609762467
vn -0.3798104726695505 -0.8829475928589269 0.2759484609762467
vn -0.3798104726695505 -0.8829475928589269 0.2759484609762467
vn -0.3798104726695505 -0.8829475928589269 0.2759484609762467
vn -0.5877852522924737 7.624983571519585e-17 -0.809016994374947
vn -0.5877852522924737 7.624983571519585e-17 -0.809016994374947
vn -0.5877852522924737 7.624983571519585e-17 -0.809016994374947
vn -0.5877852522924737 7.624983571519585e-17 -0.809016994374947
vn 0.5877852522924737 -7.624983571519585e-17 0.809016994374947
vn 0.5877852522924737 -7.624983571519585e-17 0.809016994374947
vn 0.5877852522924737 -7.624983571519585e-17 0.809016994374947
vn 0.5877852522924737 -7.624983571519585e-17 0.809016994374947
f 1777/1777/1777 1779/1779/1779 1778/1778/1778
f 1779/1779/1779 1780/1780/1780 1778/1778/1778
f 1781/1781/1781 1783/1783/1783 1782/1782/1782
f 1783/1783/1783 1784/1784/1784 1782/1782/1782
f 1785/1785/1785 1787/1787/1787 1786/1786/1786
f 1787/1787/1787 1788/1788/1788 1786/1786/1786
f 1789/1789/1789 1791/1791/1791 1790/1790/1790
f 1791/1791/1791 1792/1792/1792 1790/1790/1790
f 1793/1793/1793 1795/1795/1795 1794/1794/1794
f 1795/1795/1795 1796/1796/1796 1794/1794/1794
f 1797/1797/1797 1799/1799/1799 1798/1798/1798
f 1799/1799/1799 1800/1800/1800 1798/1798/1798
o vine_25_190
usemtl vine
v -0.12009364211557233 1.5711126046867754 -0.031812499999999924
v -0.12009364211557229 1.5711126046867754 0.03181250000000008
v -0.17983389848007694 1.4587575234954768 -0.03181249999999989
v -0.1798338984800769 1.4587575234954768 0.03181250000000011
v -0.06391610151992305 1.5412424765045232 0.03181250000000004
v -0.06391610151992311 1.5412424765045232 -0.03181249999999996
v -0.12365635788442766 1.4288873953132246 0.03181250000000008
v -0.1236563578844277 1.4288873953132246 -0.031812499999999924
v -0.06391610151992305 1.5412424765045232 0.03181250000000004
v -0.12009364211557229 1.5711126046867754 0.03181250000000008
v -0.06391610151992311 1.5412424765045232 -0.03181249999999996
v -0.12009364211557233 1.5711126046867754 -0.031812499999999924
v -0.1236563578844277 1.4288873953132246 -0.031812499999999924
v -0.17983389848007694 1.4587575234954768 -0.03181249999999989
v -0.12365635788442766 1.4288873953132246 0.03181250000000008
v -0.1798338984800769 1.4587575234954768 0.03181250000000011
v -0.06391610151992311 1.5412424765045232 -0.03181249999999996
v -0.12009364211557233 1.5711126046867754 -0.031812499999999924
v -0.1236563578844277 1.4288873953132246 -0.031812499999999924
v -0.17983389848007694 1.4587575234954768 -0.03181249999999989
v -0.12009364211557229 1.5711126046867754 0.03181250000000008
v -0.06391610151992305 1.5412424765045232 0.03181250000000004
v -0.1798338984800769 1.4587575234954768 0.03181250000000011
v -0.12365635788442766 1.4288873953132246 0.03181250000000008
vt 0.0625 0.4375
vt 0.125 0.4375
vt 0.0625 0.3125
vt 0.125 0.3125
vt 0.0625 0.4375
vt 0.125 0.4375
vt 0.0625 0.3125
vt 0.125 0.3125
vt 0.0625 0.375
vt 0.125 0.375
vt 0.0625 0.3125
vt 0.125 0.3125
vt 0.0625 0.375
vt 0.125 0.375
vt 0.0625 0.3125
vt 0.125 0.3125
vt 0.0625 0.4375
vt 0.125 0.4375
vt 0.0625 0.3125
vt 0.125 0.3125
vt 0.0625 0.4375
vt 0.125 0.4375
vt 0.0625 0.3125
vt 0.125 0.3125
vn -0.8829475928589269 0.4694715627858908 5.406494717047727e-16
vn -0.8829475928589269 0.4694715627858908 5.406494717047727e-16
vn -0.8829475928589269 0.4694715627858908 5.406494717047727e-16
vn -0.8829475928589269 0.4694715627858908 5.406494717047727e-16
vn 0.8829475928589269 -0.4694715627858908 -5.406494717047727e-16
vn 0.8829475928589269 -0.4694715627858908 -5.406494717047727e-16
vn 0.8829475928589269 -0.4694715627858908 -5.406494717047727e-16
vn 0.8829475928589269 -0.4694715627858908 -5.406494717047727e-16
vn 0.4694715627858908 0.8829475928589269 -2.874684233282235e-16
vn 0.4694715627858908 0.8829475928589269 -2.874684233282235e-16
vn 0.4694715627858908 0.8829475928589269 -2.874684233282235e-16
vn 0.4694715627858908 0.8829475928589269 -2.874684233282235e-16
vn -0.4694715627858908 -0.8829475928589269 2.874684233282235e-16
vn -0.4694715627858908 -0.8829475928589269 2.874684233282235e-16
vn -0.4694715627858908 -0.8829475928589269 2.874684233282235e-16
vn -0.4694715627858908 -0.8829475928589269 2.874684233282235e-16
vn -6.123233995736766e-16 0 -0.9999999999999999
vn -6.123233995736766e-16 0 -0.9999999999999999
vn -6.123233995736766e-16 0 -0.9999999999999999
vn -6.123233995736766e-16 0 -0.9999999999999999
vn 6.123233995736766e-16 0 0.9999999999999999
vn 6.123233995736766e-16 0 0.9999999999999999
vn 6.123233995736766e-16 0 0.9999999999999999
vn 6.123233995736766e-16 0 0.9999999999999999
f 1801/1801/1801 1803/1803/1803 1802/1802/1802
f 1803/1803/1803 1804/1804/1804 1802/1802/1802
f 1805/1805/1805 1807/1807/1807 1806/1806/1806
f 1807/1807/1807 1808/1808/1808 1806/1806/1806
f 1809/1809/1809 1811/1811/1811 1810/1810/1810
f 1811/1811/1811 1812/1812/1812 1810/1810/1810
f 1813/1813/1813 1815/1815/1815 1814/1814/1814
f 1815/1815/1815 1816/1816/1816 1814/1814/1814
f 1817/1817/1817 1819/1819/1819 1818/1818/1818
f 1819/1819/1819 1820/1820/1820 1818/1818/1818
f 1821/1821/1821 1823/1823/1823 1822/1822/1822
f 1823/1823/1823 1824/1824/1824 1822/1822/1822
o toadstool_0_235
usemtl toadstool_dot
v -0.22704323505468885 -0.6436696966298064 -0.027686873616650697
v -0.22704323505468885 -0.6436696966298064 -0.0973131263833493
v -0.09304744912962765 -0.7210321997039161 -0.027686873616650697
v -0.09304744912962765 -0.7210321997039161 -0.0973131263833493
v -0.26185636143803814 -0.703967800296084 -0.0973131263833493
v -0.26185636143803814 -0.703967800296084 -0.027686873616650697
v -0.12786057551297694 -0.7813303033701936 -0.0973131263833493
v -0.12786057551297694 -0.7813303033701936 -0.027686873616650697
v -0.26185636143803814 -0.703967800296084 -0.0973131263833493
v -0.22704323505468885 -0.6436696966298064 -0.0973131263833493
v -0.26185636143803814 -0.703967800296084 -0.027686873616650697
v -0.22704323505468885 -0.6436696966298064 -0.027686873616650697
v -0.12786057551297694 -0.7813303033701936 -0.027686873616650697
v -0.09304744912962765 -0.7210321997039161 -0.027686873616650697
v -0.12786057551297694 -0.7813303033701936 -0.0973131263833493
v -0.09304744912962765 -0.7210321997039161 -0.0973131263833493
v -0.26185636143803814 -0.703967800296084 -0.027686873616650697
v -0.22704323505468885 -0.6436696966298064 -0.027686873616650697
v -0.12786057551297694 -0.7813303033701936 -0.027686873616650697
v -0.09304744912962765 -0.7210321997039161 -0.027686873616650697
v -0.22704323505468885 -0.6436696966298064 -0.0973131263833493
v -0.26185636143803814 -0.703967800296084 -0.0973131263833493
v -0.09304744912962765 -0.7210321997039161 -0.0973131263833493
v -0.12786057551297694 -0.7813303033701936 -0.0973131263833493
vt 0.3125 0.625
vt 0.375 0.625
vt 0.3125 0.5
vt 0.375 0.5
vt 0.3125 0.625
vt 0.375 0.625
vt 0.3125 0.5
vt 0.375 0.5
vt 0.3125 0.5625
vt 0.375 0.5625
vt 0.3125 0.5
vt 0.375 0.5
vt 0.3125 0.5625
vt 0.375 0.5625
vt 0.3125 0.5
vt 0.375 0.5
vt 0.3125 0.625
vt 0.375 0.625
vt 0.3125 0.5
vt 0.375 0.5
vt 0.3125 0.625
vt 0.375 0.625
vt 0.3125 0.5
vt 0.375 0.5
vn 0.5000000000000001 0.8660254037844386 0
vn 0.5000000000000001 0.8660254037844386 0
vn 0.5000000000000001 0.8660254037844386 0
vn 0.5000000000000001 0.8660254037844386 0
vn -0.5000000000000001 -0.8660254037844386 0
vn -0.5000000000000001 -0.8660254037844386 0
vn -0.5000000000000001 -0.8660254037844386 0
vn -0.5000000000000001 -0.8660254037844386 0
vn -0.8660254037844386 0.5000000000000001 0
vn -0.8660254037844386 0.5000000000000001 0
vn -0.8660254037844386 0.5000000000000001 0
vn -0.8660254037844386 0.5000000000000001 0
vn 0.8660254037844386 -0.5000000000000001 0
vn 0.8660254037844386 -0.5000000000000001 0
vn 0.8660254037844386 -0.5000000000000001 0
vn 0.8660254037844386 -0.5000000000000001 0
vn 0 0 1
vn 0 0 1
vn 0 0 1
vn 0 0 1
vn 0 0 -1
vn 0 0 -1
vn 0 0 -1
vn 0 0 -1
f 1825/1825/1825 1827/1827/1827 1826/1826/1826
f 1827/1827/1827 1828/1828/1828 1826/1826/1826
f 1829/1829/1829 1831/1831/1831 1830/1830/1830
f 1831/1831/1831 1832/1832/1832 1830/1830/1830
f 1833/1833/1833 1835/1835/1835 1834/1834/1834
f 1835/1835/1835 1836/1836/1836 1834/1834/1834
f 1837/1837/1837 1839/1839/1839 1838/1838/1838
f 1839/1839/1839 1840/1840/1840 1838/1838/1838
f 1841/1841/1841 1843/1843/1843 1842/1842/1842
f 1843/1843/1843 1844/1844/1844 1842/1842/1842
f 1845/1845/1845 1847/1847/1847 1846/1846/1846
f 1847/1847/1847 1848/1848/1848 1846/1846/1846
o toadstool_0_236
usemtl toadstool_cap
v -0.2510279640481293 -0.539532468408063 0.05050624700635671
v -0.2510279640481293 -0.539532468408063 -0.1755062470063567
v -0.17273493430791179 -0.5847349702042489 0.05050624700635671
v -0.17273493430791179 -0.5847349702042489 -0.1755062470063567
v -0.3640342110544861 -0.7352650297957511 -0.1755062470063567
v -0.3640342110544861 -0.7352650297957511 0.05050624700635671
v -0.2857411813142685 -0.780467531591937 -0.1755062470063567
v -0.2857411813142685 -0.780467531591937 0.05050624700635671
v -0.3640342110544861 -0.7352650297957511 -0.1755062470063567
v -0.2510279640481293 -0.539532468408063 -0.1755062470063567
v -0.3640342110544861 -0.7352650297957511 0.05050624700635671
v -0.2510279640481293 -0.539532468408063 0.05050624700635671
v -0.2857411813142685 -0.780467531591937 0.05050624700635671
v -0.17273493430791179 -0.5847349702042489 0.05050624700635671
v -0.2857411813142685 -0.780467531591937 -0.1755062470063567
v -0.17273493430791179 -0.5847349702042489 -0.1755062470063567
v -0.3640342110544861 -0.7352650297957511 0.05050624700635671
v -0.2510279640481293 -0.539532468408063 0.05050624700635671
v -0.2857411813142685 -0.780467531591937 0.05050624700635671
v -0.17273493430791179 -0.5847349702042489 0.05050624700635671
v -0.2510279640481293 -0.539532468408063 -0.1755062470063567
v -0.3640342110544861 -0.7352650297957511 -0.1755062470063567
v -0.17273493430791179 -0.5847349702042489 -0.1755062470063567
v -0.2857411813142685 -0.780467531591937 -0.1755062470063567
vt 0.8125 0.6875
vt 1.0625 0.6875
vt 0.8125 0.625
vt 1.0625 0.625
vt 0.8125 0.6875
vt 1.0625 0.6875
vt 0.8125 0.625
vt 1.0625 0.625
vt 0.8125 0.875
vt 1.0625 0.875
vt 0.8125 0.625
vt 1.0625 0.625
vt 0.8125 0.875
vt 1.0625 0.875
vt 0.8125 0.625
vt 1.0625 0.625
vt 0.8125 0.6875
vt 1.0625 0.6875
vt 0.8125 0.625
vt 1.0625 0.625
vt 0.8125 0.6875
vt 1.0625 0.6875
vt 0.8125 0.625
vt 1.0625 0.625
vn 0.5000000000000001 0.8660254037844386 0
vn 0.5000000000000001 0.8660254037844386 0
vn 0.5000000000000001 0.8660254037844386 0
vn 0.5000000000000001 0.8660254037844386 0
vn -0.5000000000000001 -0.8660254037844386 0
vn -0.5000000000000001 -0.8660254037844386 0
vn -0.5000000000000001 -0.8660254037844386 0
vn -0.5000000000000001 -0.8660254037844386 0
vn -0.8660254037844386 0.5000000000000001 0
vn -0.8660254037844386 0.5000000000000001 0
vn -0.8660254037844386 0.5000000000000001 0
vn -0.8660254037844386 0.5000000000000001 0
vn 0.8660254037844386 -0.5000000000000001 0
vn 0.8660254037844386 -0.5000000000000001 0
vn 0.8660254037844386 -0.5000000000000001 0
vn 0.8660254037844386 -0.5000000000000001 0
vn 0 0 1
vn 0 0 1
vn 0 0 1
vn 0 0 1
vn 0 0 -1
vn 0 0 -1
vn 0 0 -1
vn 0 0 -1
f 1849/1849/1849 1851/1851/1851 1850/1850/1850
f 1851/1851/1851 1852/1852/1852 1850/1850/1850
f 1853/1853/1853 1855/1855/1855 1854/1854/1854
f 1855/1855/1855 1856/1856/1856 1854/1854/1854
f 1857/1857/1857 1859/1859/1859 1858/1858/1858
f 1859/1859/1859 1860/1860/1860 1858/1858/1858
f 1861/1861/1861 1863/1863/1863 1862/1862/1862
f 1863/1863/1863 1864/1864/1864 1862/1862/1862
f 1865/1865/1865 1867/1867/1867 1866/1866/1866
f 1867/1867/1867 1868/1868/1868 1866/1866/1866
f 1869/1869/1869 1871/1871/1871 1870/1870/1870
f 1871/1871/1871 1872/1872/1872 1870/1870/1870
o toadstool_0_237
usemtl toadstool_cap
v -0.3084121643125043 -0.5471698237994239 0.015200003087520605
v -0.3084121643125043 -0.5471698237994239 -0.14020000308752062
v -0.2545800264165056 -0.5782498231047318 0.015200003087520605
v -0.2545800264165056 -0.5782498231047318 -0.14020000308752062
v -0.3861121674000249 -0.6817501768952682 -0.14020000308752062
v -0.3861121674000249 -0.6817501768952682 0.015200003087520605
v -0.33228002950402624 -0.7128301762005761 -0.14020000308752062
v -0.33228002950402624 -0.7128301762005761 0.015200003087520605
v -0.3861121674000249 -0.6817501768952682 -0.14020000308752062
v -0.3084121643125043 -0.5471698237994239 -0.14020000308752062
v -0.3861121674000249 -0.6817501768952682 0.015200003087520605
v -0.3084121643125043 -0.5471698237994239 0.015200003087520605
v -0.33228002950402624 -0.7128301762005761 0.015200003087520605
v -0.2545800264165056 -0.5782498231047318 0.015200003087520605
v -0.33228002950402624 -0.7128301762005761 -0.14020000308752062
v -0.2545800264165056 -0.5782498231047318 -0.14020000308752062
v -0.3861121674000249 -0.6817501768952682 0.015200003087520605
v -0.3084121643125043 -0.5471698237994239 0.015200003087520605
v -0.33228002950402624 -0.7128301762005761 0.015200003087520605
v -0.2545800264165056 -0.5782498231047318 0.015200003087520605
v -0.3084121643125043 -0.5471698237994239 -0.14020000308752062
v -0.3861121674000249 -0.6817501768952682 -0.14020000308752062
v -0.2545800264165056 -0.5782498231047318 -0.14020000308752062
v -0.33228002950402624 -0.7128301762005761 -0.14020000308752062
vt 0.125 0.3125
vt 0.25 0.3125
vt 0.125 0.25
vt 0.25 0.25
vt 0.125 0.3125
vt 0.25 0.3125
vt 0.125 0.25
vt 0.25 0.25
vt 0.125 0.375
vt 0.25 0.375
vt 0.125 0.25
vt 0.25 0.25
vt 0.125 0.375
vt 0.25 0.375
vt 0.125 0.25
vt 0.25 0.25
vt 0.125 0.3125
vt 0.25 0.3125
vt 0.125 0.25
vt 0.25 0.25
vt 0.125 0.3125
vt 0.25 0.3125
vt 0.125 0.25
vt 0.25 0.25
vn 0.5000000000000001 0.8660254037844387 0
vn 0.5000000000000001 0.8660254037844387 0
vn 0.5000000000000001 0.8660254037844387 0
vn 0.5000000000000001 0.8660254037844387 0
vn -0.5000000000000001 -0.8660254037844387 0
vn -0.5000000000000001 -0.8660254037844387 0
vn -0.5000000000000001 -0.8660254037844387 0
vn -0.5000000000000001 -0.8660254037844387 0
vn -0.8660254037844387 0.5000000000000001 0
vn -0.8660254037844387 0.5000000000000001 0
vn -0.8660254037844387 0.5000000000000001 0
vn -0.8660254037844387 0.5000000000000001 0
vn 0.8660254037844387 -0.5000000000000001 0
vn 0.8660254037844387 -0.5000000000000001 0
vn 0.8660254037844387 -0.5000000000000001 0
vn 0.8660254037844387 -0.5000000000000001 0
vn 0 0 1
vn 0 0 1
vn 0 0 1
vn 0 0 1
vn 0 0 -1
vn 0 0 -1
vn 0 0 -1
vn 0 0 -1
f 1873/1873/1873 1875/1875/1875 1874/1874/1874
f 1875/1875/1875 1876/1876/1876 1874/1874/1874
f 1877/1877/1877 1879/1879/1879 1878/1878/1878
f 1879/1879/1879 1880/1880/1880 1878/1878/1878
f 1881/1881/1881 1883/1883/1883 1882/1882/1882
f 1883/1883/1883 1884/1884/1884 1882/1882/1882
f 1885/1885/1885 1887/1887/1887 1886/1886/1886
f 1887/1887/1887 1888/1888/1888 1886/1886/1886
f 1889/1889/1889 1891/1891/1891 1890/1890/1890
f 1891/1891/1891 1892/1892/1892 1890/1890/1890
f 1893/1893/1893 1895/1895/1895 1894/1894/1894
f 1895/1895/1895 1896/1896/1896 1894/1894/1894
o toadstool_0_238
usemtl toadstool_dot
v -0.28631908604360967 -0.5758384879768366 0.023918750751763584
v -0.28631908604360967 -0.5758384879768366 -0.013918750751763576
v -0.26447359490762407 -0.5884509881647775 0.023918750751763584
v -0.26447359490762407 -0.5884509881647775 -0.013918750751763576
v -0.30523783679537325 -0.608606725494623 -0.013918750751763576
v -0.30523783679537325 -0.608606725494623 0.023918750751763584
v -0.28339234565938765 -0.6212192256825639 -0.013918750751763576
v -0.28339234565938765 -0.6212192256825639 0.023918750751763584
v -0.30523783679537325 -0.608606725494623 -0.013918750751763576
v -0.28631908604360967 -0.5758384879768366 -0.013918750751763576
v -0.30523783679537325 -0.608606725494623 0.023918750751763584
v -0.28631908604360967 -0.5758384879768366 0.023918750751763584
v -0.28339234565938765 -0.6212192256825639 0.023918750751763584
v -0.26447359490762407 -0.5884509881647775 0.023918750751763584
v -0.28339234565938765 -0.6212192256825639 -0.013918750751763576
v -0.26447359490762407 -0.5884509881647775 -0.013918750751763576
v -0.30523783679537325 -0.608606725494623 0.023918750751763584
v -0.28631908604360967 -0.5758384879768366 0.023918750751763584
v -0.28339234565938765 -0.6212192256825639 0.023918750751763584
v -0.26447359490762407 -0.5884509881647775 0.023918750751763584
v -0.28631908604360967 -0.5758384879768366 -0.013918750751763576
v -0.30523783679537325 -0.608606725494623 -0.013918750751763576
v -0.26447359490762407 -0.5884509881647775 -0.013918750751763576
v -0.28339234565938765 -0.6212192256825639 -0.013918750751763576
vt 0.1875 0.0625
vt 0.25 0.0625
vt 0.1875 0
vt 0.25 0
vt 0.1875 0.0625
vt 0.25 0.0625
vt 0.1875 0
vt 0.25 0
vt 0.1875 0.0625
vt 0.25 0.0625
vt 0.1875 0
vt 0.25 0
vt 0.1875 0.0625
vt 0.25 0.0625
vt 0.1875 0
vt 0.25 0
vt 0.1875 0.0625
vt 0.25 0.0625
vt 0.1875 0
vt 0.25 0
vt 0.1875 0.0625
vt 0.25 0.0625
vt 0.1875 0
vt 0.25 0
vn 0.5000000000000001 0.8660254037844386 0
vn 0.5000000000000001 0.8660254037844386 0
vn 0.5000000000000001 0.8660254037844386 0
vn 0.5000000000000001 0.8660254037844386 0
vn -0.5000000000000001 -0.8660254037844386 0
vn -0.5000000000000001 -0.8660254037844386 0
vn -0.5000000000000001 -0.8660254037844386 0
vn -0.5000000000000001 -0.8660254037844386 0
vn -0.8660254037844386 0.5000000000000001 0
vn -0.8660254037844386 0.5000000000000001 0
vn -0.8660254037844386 0.5000000000000001 0
vn -0.8660254037844386 0.5000000000000001 0
vn 0.8660254037844386 -0.5000000000000001 0
vn 0.8660254037844386 -0.5000000000000001 0
vn 0.8660254037844386 -0.5000000000000001 0
vn 0.8660254037844386 -0.5000000000000001 0
vn 0 0 0.9999999999999999
vn 0 0 0.9999999999999999
vn 0 0 0.9999999999999999
vn 0 0 0.9999999999999999
vn 0 0 -0.9999999999999999
vn 0 0 -0.9999999999999999
vn 0 0 -0.9999999999999999
vn 0 0 -0.9999999999999999
f 1897/1897/1897 1899/1899/1899 1898/1898/1898
f 1899/1899/1899 1900/1900/1900 1898/1898/1898
f 1901/1901/1901 1903/1903/1903 1902/1902/1902
f 1903/1903/1903 1904/1904/1904 1902/1902/1902
f 1905/1905/1905 1907/1907/1907 1906/1906/1906
f 1907/1907/1907 1908/1908/1908 1906/1906/1906
f 1909/1909/1909 1911/1911/1911 1910/1910/1910
f 1911/1911/1911 1912/1912/1912 1910/1910/1910
f 1913/1913/1913 1915/1915/1915 1914/1914/1914
f 1915/1915/1915 1916/1916/1916 1914/1914/1914
f 1917/1917/1917 1919/1919/1919 1918/1918/1918
f 1919/1919/1919 1920/1920/1920 1918/1918/1918
o toadstool_0_238_back
usemtl toadstool_dot
v -0.28631908604360967 -0.5758384879768366 -0.11108124924823642
v -0.28631908604360967 -0.5758384879768366 -0.14891875075176358
v -0.26447359490762407 -0.5884509881647775 -0.11108124924823642
v -0.26447359490762407 -0.5884509881647775 -0.14891875075176358
v -0.30523783679537325 -0.608606725494623 -0.14891875075176358
v -0.30523783679537325 -0.608606725494623 -0.11108124924823642
v -0.28339234565938765 -0.6212192256825639 -0.14891875075176358
v -0.28339234565938765 -0.6212192256825639 -0.11108124924823642
v -0.30523783679537325 -0.608606725494623 -0.14891875075176358
v -0.28631908604360967 -0.5758384879768366 -0.14891875075176358
v -0.30523783679537325 -0.608606725494623 -0.11108124924823642
v -0.28631908604360967 -0.5758384879768366 -0.11108124924823642
v -0.28339234565938765 -0.6212192256825639 -0.11108124924823642
v -0.26447359490762407 -0.5884509881647775 -0.11108124924823642
v -0.28339234565938765 -0.6212192256825639 -0.14891875075176358
v -0.26447359490762407 -0.5884509881647775 -0.14891875075176358
v -0.30523783679537325 -0.608606725494623 -0.11108124924823642
v -0.28631908604360967 -0.5758384879768366 -0.11108124924823642
v -0.28339234565938765 -0.6212192256825639 -0.11108124924823642
v -0.26447359490762407 -0.5884509881647775 -0.11108124924823642
v -0.28631908604360967 -0.5758384879768366 -0.14891875075176358
v -0.30523783679537325 -0.608606725494623 -0.14891875075176358
v -0.26447359490762407 -0.5884509881647775 -0.14891875075176358
v -0.28339234565938765 -0.6212192256825639 -0.14891875075176358
vt 0.1875 0.0625
vt 0.25 0.0625
vt 0.1875 0
vt 0.25 0
vt 0.1875 0.0625
vt 0.25 0.0625
vt 0.1875 0
vt 0.25 0
vt 0.1875 0.0625
vt 0.25 0.0625
vt 0.1875 0
vt 0.25 0
vt 0.1875 0.0625
vt 0.25 0.0625
vt 0.1875 0
vt 0.25 0
vt 0.1875 0.0625
vt 0.25 0.0625
vt 0.1875 0
vt 0.25 0
vt 0.1875 0.0625
vt 0.25 0.0625
vt 0.1875 0
vt 0.25 0
vn 0.5000000000000001 0.8660254037844386 0
vn 0.5000000000000001 0.8660254037844386 0
vn 0.5000000000000001 0.8660254037844386 0
vn 0.5000000000000001 0.8660254037844386 0
vn -0.5000000000000001 -0.8660254037844386 0
vn -0.5000000000000001 -0.8660254037844386 0
vn -0.5000000000000001 -0.8660254037844386 0
vn -0.5000000000000001 -0.8660254037844386 0
vn -0.8660254037844386 0.5000000000000001 0
vn -0.8660254037844386 0.5000000000000001 0
vn -0.8660254037844386 0.5000000000000001 0
vn -0.8660254037844386 0.5000000000000001 0
vn 0.8660254037844386 -0.5000000000000001 0
vn 0.8660254037844386 -0.5000000000000001 0
vn 0.8660254037844386 -0.5000000000000001 0
vn 0.8660254037844386 -0.5000000000000001 0
vn 0 0 0.9999999999999999
vn 0 0 0.9999999999999999
vn 0 0 0.9999999999999999
vn 0 0 0.9999999999999999
vn 0 0 -0.9999999999999999
vn 0 0 -0.9999999999999999
vn 0 0 -0.9999999999999999
vn 0 0 -0.9999999999999999
f 1921/1921/1921 1923/1923/1923 1922/1922/1922
f 1923/1923/1923 1924/1924/1924 1922/1922/1922
f 1925/1925/1925 1927/1927/1927 1926/1926/1926
f 1927/1927/1927 1928/1928/1928 1926/1926/1926
f 1929/1929/1929 1931/1931/1931 1930/1930/1930
f 1931/1931/1931 1932/1932/1932 1930/1930/1930
f 1933/1933/1933 1935/1935/1935 1934/1934/1934
f 1935/1935/1935 1936/1936/1936 1934/1934/1934
f 1937/1937/1937 1939/1939/1939 1938/1938/1938
f 1939/1939/1939 1940/1940/1940 1938/1938/1938
f 1941/1941/1941 1943/1943/1943 1942/1942/1942
f 1943/1943/1943 1944/1944/1944 1942/1942/1942
o toadstool_1_239
usemtl toadstool_dot
v 0.2313195988697646 -0.40292001773101205 0.08883765632752329
v 0.2313195988697646 -0.40292001773101205 0.03616234367247671
v 0.129945915383508 -0.4614481411805462 0.08883765632752329
v 0.129945915383508 -0.4614481411805462 0.03616234367247671
v 0.2049819425422413 -0.35730185881945375 0.03616234367247671
v 0.2049819425422413 -0.35730185881945375 0.08883765632752329
v 0.1036082590559847 -0.41582998226898793 0.03616234367247671
v 0.1036082590559847 -0.41582998226898793 0.08883765632752329
v 0.2049819425422413 -0.35730185881945375 0.03616234367247671
v 0.2313195988697646 -0.40292001773101205 0.03616234367247671
v 0.2049819425422413 -0.35730185881945375 0.08883765632752329
v 0.2313195988697646 -0.40292001773101205 0.08883765632752329
v 0.1036082590559847 -0.41582998226898793 0.08883765632752329
v 0.129945915383508 -0.4614481411805462 0.08883765632752329
v 0.1036082590559847 -0.41582998226898793 0.03616234367247671
v 0.129945915383508 -0.4614481411805462 0.03616234367247671
v 0.2049819425422413 -0.35730185881945375 0.08883765632752329
v 0.2313195988697646 -0.40292001773101205 0.08883765632752329
v 0.1036082590559847 -0.41582998226898793 0.08883765632752329
v 0.129945915383508 -0.4614481411805462 0.08883765632752329
v 0.2313195988697646 -0.40292001773101205 0.03616234367247671
v 0.2049819425422413 -0.35730185881945375 0.03616234367247671
v 0.129945915383508 -0.4614481411805462 0.03616234367247671
v 0.1036082590559847 -0.41582998226898793 0.03616234367247671
vt 0.4375 1.0625
vt 0.5 1.0625
vt 0.4375 0.9375
vt 0.5 0.9375
vt 0.4375 1.0625
vt 0.5 1.0625
vt 0.4375 0.9375
vt 0.5 0.9375
vt 0.4375 1
vt 0.5 1
vt 0.4375 0.9375
vt 0.5 0.9375
vt 0.4375 1
vt 0.5 1
vt 0.4375 0.9375
vt 0.5 0.9375
vt 0.4375 1.0625
vt 0.5 1.0625
vt 0.4375 0.9375
vt 0.5 0.9375
vt 0.4375 1.0625
vt 0.5 1.0625
vt 0.4375 0.9375
vt 0.5 0.9375
vn 0.5000000000000001 -0.8660254037844387 0
vn 0.5000000000000001 -0.8660254037844387 0
vn 0.5000000000000001 -0.8660254037844387 0
vn 0.5000000000000001 -0.8660254037844387 0
vn -0.5000000000000001 0.8660254037844387 0
vn -0.5000000000000001 0.8660254037844387 0
vn -0.5000000000000001 0.8660254037844387 0
vn -0.5000000000000001 0.8660254037844387 0
vn 0.8660254037844387 0.5000000000000001 0
vn 0.8660254037844387 0.5000000000000001 0
vn 0.8660254037844387 0.5000000000000001 0
vn 0.8660254037844387 0.5000000000000001 0
vn -0.8660254037844387 -0.5000000000000001 0
vn -0.8660254037844387 -0.5000000000000001 0
vn -0.8660254037844387 -0.5000000000000001 0
vn -0.8660254037844387 -0.5000000000000001 0
vn 0 0 1
vn 0 0 1
vn 0 0 1
vn 0 0 1
vn 0 0 -1
vn 0 0 -1
vn 0 0 -1
vn 0 0 -1
f 1945/1945/1945 1947/1947/1947 1946/1946/1946
f 1947/1947/1947 1948/1948/1948 1946/1946/1946
f 1949/1949/1949 1951/1951/1951 1950/1950/1950
f 1951/1951/1951 1952/1952/1952 1950/1950/1950
f 1953/1953/1953 1955/1955/1955 1954/1954/1954
f 1955/1955/1955 1956/1956/1956 1954/1954/1954
f 1957/1957/1957 1959/1959/1959 1958/1958/1958
f 1959/1959/1959 1960/1960/1960 1958/1958/1958
f 1961/1961/1961 1963/1963/1963 1962/1962/1962
f 1963/1963/1963 1964/1964/1964 1962/1962/1962
f 1965/1965/1965 1967/1967/1967 1966/1966/1966
f 1967/1967/1967 1968/1968/1968 1966/1966/1966
o toadstool_1_240
usemtl toadstool_cap
v 0.30804340289544957 -0.4269545386341054 0.1480140640102327
v 0.30804340289544957 -0.4269545386341054 -0.02301406401023269
v 0.2487975201365816 -0.4611601649933148 0.1480140640102327
v 0.2487975201365816 -0.4611601649933148 -0.02301406401023269
v 0.22252933888521684 -0.2788398350066852 -0.02301406401023269
v 0.22252933888521684 -0.2788398350066852 0.1480140640102327
v 0.16328345612634887 -0.3130454613658946 -0.02301406401023269
v 0.16328345612634887 -0.3130454613658946 0.1480140640102327
v 0.22252933888521684 -0.2788398350066852 -0.02301406401023269
v 0.30804340289544957 -0.4269545386341054 -0.02301406401023269
v 0.22252933888521684 -0.2788398350066852 0.1480140640102327
v 0.30804340289544957 -0.4269545386341054 0.1480140640102327
v 0.16328345612634887 -0.3130454613658946 0.1480140640102327
v 0.2487975201365816 -0.4611601649933148 0.1480140640102327
v 0.16328345612634887 -0.3130454613658946 -0.02301406401023269
v 0.2487975201365816 -0.4611601649933148 -0.02301406401023269
v 0.22252933888521684 -0.2788398350066852 0.1480140640102327
v 0.30804340289544957 -0.4269545386341054 0.1480140640102327
v 0.16328345612634887 -0.3130454613658946 0.1480140640102327
v 0.2487975201365816 -0.4611601649933148 0.1480140640102327
v 0.30804340289544957 -0.4269545386341054 -0.02301406401023269
v 0.22252933888521684 -0.2788398350066852 -0.02301406401023269
v 0.2487975201365816 -0.4611601649933148 -0.02301406401023269
v 0.16328345612634887 -0.3130454613658946 -0.02301406401023269
vt 0.5625 0.6875
vt 0.75 0.6875
vt 0.5625 0.625
vt 0.75 0.625
vt 0.5625 0.6875
vt 0.75 0.6875
vt 0.5625 0.625
vt 0.75 0.625
vt 0.5625 0.8125
vt 0.75 0.8125
vt 0.5625 0.625
vt 0.75 0.625
vt 0.5625 0.8125
vt 0.75 0.8125
vt 0.5625 0.625
vt 0.75 0.625
vt 0.5625 0.6875
vt 0.75 0.6875
vt 0.5625 0.625
vt 0.75 0.625
vt 0.5625 0.6875
vt 0.75 0.6875
vt 0.5625 0.625
vt 0.75 0.625
vn 0.5 -0.8660254037844386 0
vn 0.5 -0.8660254037844386 0
vn 0.5 -0.8660254037844386 0
vn 0.5 -0.8660254037844386 0
vn -0.5 0.8660254037844386 0
vn -0.5 0.8660254037844386 0
vn -0.5 0.8660254037844386 0
vn -0.5 0.8660254037844386 0
vn 0.8660254037844386 0.5 0
vn 0.8660254037844386 0.5 0
vn 0.8660254037844386 0.5 0
vn 0.8660254037844386 0.5 0
vn -0.8660254037844386 -0.5 0
vn -0.8660254037844386 -0.5 0
vn -0.8660254037844386 -0.5 0
vn -0.8660254037844386 -0.5 0
vn 0 0 1
vn 0 0 1
vn 0 0 1
vn 0 0 1
vn 0 0 -1
vn 0 0 -1
vn 0 0 -1
vn 0 0 -1
f 1969/1969/1969 1971/1971/1971 1970/1970/1970
f 1971/1971/1971 1972/1972/1972 1970/1970/1970
f 1973/1973/1973 1975/1975/1975 1974/1974/1974
f 1975/1975/1975 1976/1976/1976 1974/1974/1974
f 1977/1977/1977 1979/1979/1979 1978/1978/1978
f 1979/1979/1979 1980/1980/1980 1978/1978/1978
f 1981/1981/1981 1983/1983/1983 1982/1982/1982
f 1983/1983/1983 1984/1984/1984 1982/1982/1982
f 1985/1985/1985 1987/1987/1987 1986/1986/1986
f 1987/1987/1987 1988/1988/1988 1986/1986/1986
f 1989/1989/1989 1991/1991/1991 1990/1990/1990
f 1991/1991/1991 1992/1992/1992 1990/1990/1990
o toadstool_1_241
usemtl toadstool_cap
v 0.32438762001822485 -0.38664980395050264 0.12128124844282864
v 0.32438762001822485 -0.38664980395050264 0.00371875155717135
v 0.2836627737870017 -0.4101623048848055 0.12128124844282864
v 0.2836627737870017 -0.4101623048848055 0.00371875155717135
v 0.2656063715753962 -0.28483769511519447 0.00371875155717135
v 0.2656063715753962 -0.28483769511519447 0.12128124844282864
v 0.22488152534417305 -0.3083501960494973 0.00371875155717135
v 0.22488152534417305 -0.3083501960494973 0.12128124844282864
v 0.2656063715753962 -0.28483769511519447 0.00371875155717135
v 0.32438762001822485 -0.38664980395050264 0.00371875155717135
v 0.2656063715753962 -0.28483769511519447 0.12128124844282864
v 0.32438762001822485 -0.38664980395050264 0.12128124844282864
v 0.22488152534417305 -0.3083501960494973 0.12128124844282864
v 0.2836627737870017 -0.4101623048848055 0.12128124844282864
v 0.22488152534417305 -0.3083501960494973 0.00371875155717135
v 0.2836627737870017 -0.4101623048848055 0.00371875155717135
v 0.2656063715753962 -0.28483769511519447 0.12128124844282864
v 0.32438762001822485 -0.38664980395050264 0.12128124844282864
v 0.22488152534417305 -0.3083501960494973 0.12128124844282864
v 0.2836627737870017 -0.4101623048848055 0.12128124844282864
v 0.32438762001822485 -0.38664980395050264 0.00371875155717135
v 0.2656063715753962 -0.28483769511519447 0.00371875155717135
v 0.2836627737870017 -0.4101623048848055 0.00371875155717135
v 0.22488152534417305 -0.3083501960494973 0.00371875155717135
vt 0 0.625
vt 0.125 0.625
vt 0 0.5625
vt 0.125 0.5625
vt 0 0.625
vt 0.125 0.625
vt 0 0.5625
vt 0.125 0.5625
vt 0 0.6875
vt 0.125 0.6875
vt 0 0.5625
vt 0.125 0.5625
vt 0 0.6875
vt 0.125 0.6875
vt 0 0.5625
vt 0.125 0.5625
vt 0 0.625
vt 0.125 0.625
vt 0 0.5625
vt 0.125 0.5625
vt 0 0.625
vt 0.125 0.625
vt 0 0.5625
vt 0.125 0.5625
vn 0.5000000000000001 -0.8660254037844386 0
vn 0.5000000000000001 -0.8660254037844386 0
vn 0.5000000000000001 -0.8660254037844386 0
vn 0.5000000000000001 -0.8660254037844386 0
vn -0.5000000000000001 0.8660254037844386 0
vn -0.5000000000000001 0.8660254037844386 0
vn -0.5000000000000001 0.8660254037844386 0
vn -0.5000000000000001 0.8660254037844386 0
vn 0.8660254037844386 0.5000000000000001 0
vn 0.8660254037844386 0.5000000000000001 0
vn 0.8660254037844386 0.5000000000000001 0
vn 0.8660254037844386 0.5000000000000001 0
vn -0.8660254037844386 -0.5000000000000001 0
vn -0.8660254037844386 -0.5000000000000001 0
vn -0.8660254037844386 -0.5000000000000001 0
vn -0.8660254037844386 -0.5000000000000001 0
vn 0 0 1
vn 0 0 1
vn 0 0 1
vn 0 0 1
vn 0 0 -1
vn 0 0 -1
vn 0 0 -1
vn 0 0 -1
f 1993/1993/1993 1995/1995/1995 1994/1994/1994
f 1995/1995/1995 1996/1996/1996 1994/1994/1994
f 1997/1997/1997 1999/1999/1999 1998/1998/1998
f 1999/1999/1999 2000/2000/2000 1998/1998/1998
f 2001/2001/2001 2003/2003/2003 2002/2002/2002
f 2003/2003/2003 2004/2004/2004 2002/2002/2002
f 2005/2005/2005 2007/2007/2007 2006/2006/2006
f 2007/2007/2007 2008/2008/2008 2006/2006/2006
f 2009/2009/2009 2011/2011/2011 2010/2010/2010
f 2011/2011/2011 2012/2012/2012 2010/2010/2010
f 2013/2013/2013 2015/2015/2015 2014/2014/2014
f 2015/2015/2015 2016/2016/2016 2014/2014/2014
o toadstool_1_242
usemtl toadstool_dot
v 0.30233071069522893 -0.39252111783450516 0.1322125007584691
v 0.30233071069522893 -0.39252111783450516 0.0940374992415309
v 0.2802903638404882 -0.4052461180241224 0.1322125007584691
v 0.2802903638404882 -0.4052461180241224 0.0940374992415309
v 0.2832432099367598 -0.3594605967313272 0.0940374992415309
v 0.2832432099367598 -0.3594605967313272 0.1322125007584691
v 0.26120286308201907 -0.37218559692094444 0.0940374992415309
v 0.26120286308201907 -0.37218559692094444 0.1322125007584691
v 0.2832432099367598 -0.3594605967313272 0.0940374992415309
v 0.30233071069522893 -0.39252111783450516 0.0940374992415309
v 0.2832432099367598 -0.3594605967313272 0.1322125007584691
v 0.30233071069522893 -0.39252111783450516 0.1322125007584691
v 0.26120286308201907 -0.37218559692094444 0.1322125007584691
v 0.2802903638404882 -0.4052461180241224 0.1322125007584691
v 0.26120286308201907 -0.37218559692094444 0.0940374992415309
v 0.2802903638404882 -0.4052461180241224 0.0940374992415309
v 0.2832432099367598 -0.3594605967313272 0.1322125007584691
v 0.30233071069522893 -0.39252111783450516 0.1322125007584691
v 0.26120286308201907 -0.37218559692094444 0.1322125007584691
v 0.2802903638404882 -0.4052461180241224 0.1322125007584691
v 0.30233071069522893 -0.39252111783450516 0.0940374992415309
v 0.2832432099367598 -0.3594605967313272 0.0940374992415309
v 0.2802903638404882 -0.4052461180241224 0.0940374992415309
v 0.26120286308201907 -0.37218559692094444 0.0940374992415309
vt 0.1875 0.0625
vt 0.25 0.0625
vt 0.1875 0
vt 0.25 0
vt 0.1875 0.0625
vt 0.25 0.0625
vt 0.1875 0
vt 0.25 0
vt 0.1875 0.0625
vt 0.25 0.0625
vt 0.1875 0
vt 0.25 0
vt 0.1875 0.0625
vt 0.25 0.0625
vt 0.1875 0
vt 0.25 0
vt 0.1875 0.0625
vt 0.25 0.0625
vt 0.1875 0
vt 0.25 0
vt 0.1875 0.0625
vt 0.25 0.0625
vt 0.1875 0
vt 0.25 0
vn 0.5000000000000001 -0.8660254037844385 0
vn 0.5000000000000001 -0.8660254037844385 0
vn 0.5000000000000001 -0.8660254037844385 0
vn 0.5000000000000001 -0.8660254037844385 0
vn -0.5000000000000001 0.8660254037844385 0
vn -0.5000000000000001 0.8660254037844385 0
vn -0.5000000000000001 0.8660254037844385 0
vn -0.5000000000000001 0.8660254037844385 0
vn 0.8660254037844385 0.5000000000000001 0
vn 0.8660254037844385 0.5000000000000001 0
vn 0.8660254037844385 0.5000000000000001 0
vn 0.8660254037844385 0.5000000000000001 0
vn -0.8660254037844385 -0.5000000000000001 0
vn -0.8660254037844385 -0.5000000000000001 0
vn -0.8660254037844385 -0.5000000000000001 0
vn -0.8660254037844385 -0.5000000000000001 0
vn 0 0 0.9999999999999999
vn 0 0 0.9999999999999999
vn 0 0 0.9999999999999999
vn 0 0 0.9999999999999999
vn 0 0 -0.9999999999999999
vn 0 0 -0.9999999999999999
vn 0 0 -0.9999999999999999
vn 0 0 -0.9999999999999999
f 2017/2017/2017 2019/2019/2019 2018/2018/2018
f 2019/2019/2019 2020/2020/2020 2018/2018/2018
f 2021/2021/2021 2023/2023/2023 2022/2022/2022
f 2023/2023/2023 2024/2024/2024 2022/2022/2022
f 2025/2025/2025 2027/2027/2027 2026/2026/2026
f 2027/2027/2027 2028/2028/2028 2026/2026/2026
f 2029/2029/2029 2031/2031/2031 2030/2030/2030
f 2031/2031/2031 2032/2032/2032 2030/2030/2030
f 2033/2033/2033 2035/2035/2035 2034/2034/2034
f 2035/2035/2035 2036/2036/2036 2034/2034/2034
f 2037/2037/2037 2039/2039/2039 2038/2038/2038
f 2039/2039/2039 2040/2040/2040 2038/2038/2038
o toadstool_1_242_back
usemtl toadstool_dot
v 0.30233071069522893 -0.39252111783450516 0.0309625007584691
v 0.30233071069522893 -0.39252111783450516 -0.007212500758469107
v 0.2802903638404882 -0.4052461180241224 0.0309625007584691
v 0.2802903638404882 -0.4052461180241224 -0.007212500758469107
v 0.2832432099367598 -0.3594605967313272 -0.007212500758469107
v 0.2832432099367598 -0.3594605967313272 0.0309625007584691
v 0.26120286308201907 -0.37218559692094444 -0.007212500758469107
v 0.26120286308201907 -0.37218559692094444 0.0309625007584691
v 0.2832432099367598 -0.3594605967313272 -0.007212500758469107
v 0.30233071069522893 -0.39252111783450516 -0.007212500758469107
v 0.2832432099367598 -0.3594605967313272 0.0309625007584691
v 0.30233071069522893 -0.39252111783450516 0.0309625007584691
v 0.26120286308201907 -0.37218559692094444 0.0309625007584691
v 0.2802903638404882 -0.4052461180241224 0.0309625007584691
v 0.26120286308201907 -0.37218559692094444 -0.007212500758469107
v 0.2802903638404882 -0.4052461180241224 -0.007212500758469107
v 0.2832432099367598 -0.3594605967313272 0.0309625007584691
v 0.30233071069522893 -0.39252111783450516 0.0309625007584691
v 0.26120286308201907 -0.37218559692094444 0.0309625007584691
v 0.2802903638404882 -0.4052461180241224 0.0309625007584691
v 0.30233071069522893 -0.39252111783450516 -0.007212500758469107
v 0.2832432099367598 -0.3594605967313272 -0.007212500758469107
v 0.2802903638404882 -0.4052461180241224 -0.007212500758469107
v 0.26120286308201907 -0.37218559692094444 -0.007212500758469107
vt 0.1875 0.0625
vt 0.25 0.0625
vt 0.1875 0
vt 0.25 0
vt 0.1875 0.0625
vt 0.25 0.0625
vt 0.1875 0
vt 0.25 0
vt 0.1875 0.0625
vt 0.25 0.0625
vt 0.1875 0
vt 0.25 0
vt 0.1875 0.0625
vt 0.25 0.0625
vt 0.1875 0
vt 0.25 0
vt 0.1875 0.0625
vt 0.25 0.0625
vt 0.1875 0
vt 0.25 0
vt 0.1875 0.0625
vt 0.25 0.0625
vt 0.1875 0
vt 0.25 0
vn 0.5000000000000001 -0.8660254037844385 0
vn 0.5000000000000001 -0.8660254037844385 0
vn 0.5000000000000001 -0.8660254037844385 0
vn 0.5000000000000001 -0.8660254037844385 0
vn -0.5000000000000001 0.8660254037844385 0
vn -0.5000000000000001 0.8660254037844385 0
vn -0.5000000000000001 0.8660254037844385 0
vn -0.5000000000000001 0.8660254037844385 0
vn 0.8660254037844385 0.5000000000000001 0
vn 0.8660254037844385 0.5000000000000001 0
vn 0.8660254037844385 0.5000000000000001 0
vn 0.8660254037844385 0.5000000000000001 0
vn -0.8660254037844385 -0.5000000000000001 0
vn -0.8660254037844385 -0.5000000000000001 0
vn -0.8660254037844385 -0.5000000000000001 0
vn -0.8660254037844385 -0.5000000000000001 0
vn 0 0 0.9999999999999999
vn 0 0 0.9999999999999999
vn 0 0 0.9999999999999999
vn 0 0 0.9999999999999999
vn 0 0 -0.9999999999999999
vn 0 0 -0.9999999999999999
vn 0 0 -0.9999999999999999
vn 0 0 -0.9999999999999999
f 2041/2041/2041 2043/2043/2043 2042/2042/2042
f 2043/2043/2043 2044/2044/2044 2042/2042/2042
f 2045/2045/2045 2047/2047/2047 2046/2046/2046
f 2047/2047/2047 2048/2048/2048 2046/2046/2046
f 2049/2049/2049 2051/2051/2051 2050/2050/2050
f 2051/2051/2051 2052/2052/2052 2050/2050/2050
f 2053/2053/2053 2055/2055/2055 2054/2054/2054
f 2055/2055/2055 2056/2056/2056 2054/2054/2054
f 2057/2057/2057 2059/2059/2059 2058/2058/2058
f 2059/2059/2059 2060/2060/2060 2058/2058/2058
f 2061/2061/2061 2063/2063/2063 2062/2062/2062
f 2063/2063/2063 2064/2064/2064 2062/2062/2062
o toadstool_2_243
usemtl toadstool_dot
v -0.17357169287222435 0.18772665592988302 0.020662031093612317
v -0.17357169287222435 0.18772665592988302 -0.020662031093612317
v -0.09404349886530171 0.14181103171182144 0.020662031093612317
v -0.09404349886530171 0.14181103171182144 -0.020662031093612317
v -0.19423372396583666 0.15193896828817857 -0.020662031093612317
v -0.19423372396583666 0.15193896828817857 0.020662031093612317
v -0.11470552995891403 0.10602334407011699 -0.020662031093612317
v -0.11470552995891403 0.10602334407011699 0.020662031093612317
v -0.19423372396583666 0.15193896828817857 -0.020662031093612317
v -0.17357169287222435 0.18772665592988302 -0.020662031093612317
v -0.19423372396583666 0.15193896828817857 0.020662031093612317
v -0.17357169287222435 0.18772665592988302 0.020662031093612317
v -0.11470552995891403 0.10602334407011699 0.020662031093612317
v -0.09404349886530171 0.14181103171182144 0.020662031093612317
v -0.11470552995891403 0.10602334407011699 -0.020662031093612317
v -0.09404349886530171 0.14181103171182144 -0.020662031093612317
v -0.19423372396583666 0.15193896828817857 0.020662031093612317
v -0.17357169287222435 0.18772665592988302 0.020662031093612317
v -0.11470552995891403 0.10602334407011699 0.020662031093612317
v -0.09404349886530171 0.14181103171182144 0.020662031093612317
v -0.17357169287222435 0.18772665592988302 -0.020662031093612317
v -0.19423372396583666 0.15193896828817857 -0.020662031093612317
v -0.09404349886530171 0.14181103171182144 -0.020662031093612317
v -0.11470552995891403 0.10602334407011699 -0.020662031093612317
vt 0.9375 0.875
vt 1 0.875
vt 0.9375 0.8125
vt 1 0.8125
vt 0.9375 0.875
vt 1 0.875
vt 0.9375 0.8125
vt 1 0.8125
vt 0.9375 0.875
vt 1 0.875
vt 0.9375 0.8125
vt 1 0.8125
vt 0.9375 0.875
vt 1 0.875
vt 0.9375 0.8125
vt 1 0.8125
vt 0.9375 0.875
vt 1 0.875
vt 0.9375 0.8125
vt 1 0.8125
vt 0.9375 0.875
vt 1 0.875
vt 0.9375 0.8125
vt 1 0.8125
vn 0.5000000000000001 0.8660254037844385 0
vn 0.5000000000000001 0.8660254037844385 0
vn 0.5000000000000001 0.8660254037844385 0
vn 0.5000000000000001 0.8660254037844385 0
vn -0.5000000000000001 -0.8660254037844385 0
vn -0.5000000000000001 -0.8660254037844385 0
vn -0.5000000000000001 -0.8660254037844385 0
vn -0.5000000000000001 -0.8660254037844385 0
vn -0.8660254037844385 0.5000000000000001 0
vn -0.8660254037844385 0.5000000000000001 0
vn -0.8660254037844385 0.5000000000000001 0
vn -0.8660254037844385 0.5000000000000001 0
vn 0.8660254037844385 -0.5000000000000001 0
vn 0.8660254037844385 -0.5000000000000001 0
vn 0.8660254037844385 -0.5000000000000001 0
vn 0.8660254037844385 -0.5000000000000001 0
vn 0 0 1
vn 0 0 1
vn 0 0 1
vn 0 0 1
vn 0 0 -1
vn 0 0 -1
vn 0 0 -1
vn 0 0 -1
f 2065/2065/2065 2067/2067/2067 2066/2066/2066
f 2067/2067/2067 2068/2068/2068 2066/2066/2066
f 2069/2069/2069 2071/2071/2071 2070/2070/2070
f 2071/2071/2071 2072/2072/2072 2070/2070/2070
f 2073/2073/2073 2075/2075/2075 2074/2074/2074
f 2075/2075/2075 2076/2076/2076 2074/2074/2074
f 2077/2077/2077 2079/2079/2079 2078/2078/2078
f 2079/2079/2079 2080/2080/2080 2078/2078/2078
f 2081/2081/2081 2083/2083/2083 2082/2082/2082
f 2083/2083/2083 2084/2084/2084 2082/2082/2082
f 2085/2085/2085 2087/2087/2087 2086/2086/2086
f 2087/2087/2087 2088/2088/2088 2086/2086/2086
o toadstool_2_244
usemtl toadstool_cap
v -0.1868765500487287 0.2490319672005989 0.06710155945271254
v -0.1868765500487287 0.2490319672005989 -0.06710155945271254
v -0.1403872252932909 0.22219134303860294 0.06710155945271254
v -0.1403872252932909 0.22219134303860294 -0.06710155945271254
v -0.25397810950144123 0.1328086569613971 -0.06710155945271254
v -0.25397810950144123 0.1328086569613971 0.06710155945271254
v -0.20748878474600344 0.10596803279940116 -0.06710155945271254
v -0.20748878474600344 0.10596803279940116 0.06710155945271254
v -0.25397810950144123 0.1328086569613971 -0.06710155945271254
v -0.1868765500487287 0.2490319672005989 -0.06710155945271254
v -0.25397810950144123 0.1328086569613971 0.06710155945271254
v -0.1868765500487287 0.2490319672005989 0.06710155945271254
v -0.20748878474600344 0.10596803279940116 0.06710155945271254
v -0.1403872252932909 0.22219134303860294 0.06710155945271254
v -0.20748878474600344 0.10596803279940116 -0.06710155945271254
v -0.1403872252932909 0.22219134303860294 -0.06710155945271254
v -0.25397810950144123 0.1328086569613971 0.06710155945271254
v -0.1868765500487287 0.2490319672005989 0.06710155945271254
v -0.20748878474600344 0.10596803279940116 0.06710155945271254
v -0.1403872252932909 0.22219134303860294 0.06710155945271254
v -0.1868765500487287 0.2490319672005989 -0.06710155945271254
v -0.25397810950144123 0.1328086569613971 -0.06710155945271254
v -0.1403872252932909 0.22219134303860294 -0.06710155945271254
v -0.20748878474600344 0.10596803279940116 -0.06710155945271254
vt 0.4375 0.5
vt 0.5625 0.5
vt 0.4375 0.4375
vt 0.5625 0.4375
vt 0.4375 0.5
vt 0.5625 0.5
vt 0.4375 0.4375
vt 0.5625 0.4375
vt 0.4375 0.5625
vt 0.5625 0.5625
vt 0.4375 0.4375
vt 0.5625 0.4375
vt 0.4375 0.5625
vt 0.5625 0.5625
vt 0.4375 0.4375
vt 0.5625 0.4375
vt 0.4375 0.5
vt 0.5625 0.5
vt 0.4375 0.4375
vt 0.5625 0.4375
vt 0.4375 0.5
vt 0.5625 0.5
vt 0.4375 0.4375
vt 0.5625 0.4375
vn 0.5000000000000001 0.8660254037844386 0
vn 0.5000000000000001 0.8660254037844386 0
vn 0.5000000000000001 0.8660254037844386 0
vn 0.5000000000000001 0.8660254037844386 0
vn -0.5000000000000001 -0.8660254037844386 0
vn -0.5000000000000001 -0.8660254037844386 0
vn -0.5000000000000001 -0.8660254037844386 0
vn -0.5000000000000001 -0.8660254037844386 0
vn -0.8660254037844386 0.5000000000000001 0
vn -0.8660254037844386 0.5000000000000001 0
vn -0.8660254037844386 0.5000000000000001 0
vn -0.8660254037844386 0.5000000000000001 0
vn 0.8660254037844386 -0.5000000000000001 0
vn 0.8660254037844386 -0.5000000000000001 0
vn 0.8660254037844386 -0.5000000000000001 0
vn 0.8660254037844386 -0.5000000000000001 0
vn 0 0 1
vn 0 0 1
vn 0 0 1
vn 0 0 1
vn 0 0 -1
vn 0 0 -1
vn 0 0 -1
vn 0 0 -1
f 2089/2089/2089 2091/2091/2091 2090/2090/2090
f 2091/2091/2091 2092/2092/2092 2090/2090/2090
f 2093/2093/2093 2095/2095/2095 2094/2094/2094
f 2095/2095/2095 2096/2096/2096 2094/2094/2094
f 2097/2097/2097 2099/2099/2099 2098/2098/2098
f 2099/2099/2099 2100/2100/2100 2098/2098/2098
f 2101/2101/2101 2103/2103/2103 2102/2102/2102
f 2103/2103/2103 2104/2104/2104 2102/2102/2102
f 2105/2105/2105 2107/2107/2107 2106/2106/2106
f 2107/2107/2107 2108/2108/2108 2106/2106/2106
f 2109/2109/2109 2111/2111/2111 2110/2110/2110
f 2111/2111/2111 2112/2112/2112 2110/2110/2110
o toadstool_2_245
usemtl toadstool_cap
v -0.22041114556327918 0.24415709579119238 0.04611249921470881
v -0.22041114556327918 0.24415709579119238 -0.04611249921470881
v -0.1884634682816548 0.22571209571266324 0.04611249921470881
v -0.1884634682816548 0.22571209571266324 -0.04611249921470881
v -0.26652364477798796 0.16428790428733678 -0.04611249921470881
v -0.26652364477798796 0.16428790428733678 0.04611249921470881
v -0.2345759674963636 0.14584290420880763 -0.04611249921470881
v -0.2345759674963636 0.14584290420880763 0.04611249921470881
v -0.26652364477798796 0.16428790428733678 -0.04611249921470881
v -0.22041114556327918 0.24415709579119238 -0.04611249921470881
v -0.26652364477798796 0.16428790428733678 0.04611249921470881
v -0.22041114556327918 0.24415709579119238 0.04611249921470881
v -0.2345759674963636 0.14584290420880763 0.04611249921470881
v -0.1884634682816548 0.22571209571266324 0.04611249921470881
v -0.2345759674963636 0.14584290420880763 -0.04611249921470881
v -0.1884634682816548 0.22571209571266324 -0.04611249921470881
v -0.26652364477798796 0.16428790428733678 0.04611249921470881
v -0.22041114556327918 0.24415709579119238 0.04611249921470881
v -0.2345759674963636 0.14584290420880763 0.04611249921470881
v -0.1884634682816548 0.22571209571266324 0.04611249921470881
v -0.22041114556327918 0.24415709579119238 -0.04611249921470881
v -0.26652364477798796 0.16428790428733678 -0.04611249921470881
v -0.1884634682816548 0.22571209571266324 -0.04611249921470881
v -0.2345759674963636 0.14584290420880763 -0.04611249921470881
vt 0.25 0.0625
vt 0.3125 0.0625
vt 0.25 0
vt 0.3125 0
vt 0.25 0.0625
vt 0.3125 0.0625
vt 0.25 0
vt 0.3125 0
vt 0.25 0.0625
vt 0.3125 0.0625
vt 0.25 0
vt 0.3125 0
vt 0.25 0.0625
vt 0.3125 0.0625
vt 0.25 0
vt 0.3125 0
vt 0.25 0.0625
vt 0.3125 0.0625
vt 0.25 0
vt 0.3125 0
vt 0.25 0.0625
vt 0.3125 0.0625
vt 0.25 0
vt 0.3125 0
vn 0.5000000000000001 0.8660254037844386 0
vn 0.5000000000000001 0.8660254037844386 0
vn 0.5000000000000001 0.8660254037844386 0
vn 0.5000000000000001 0.8660254037844386 0
vn -0.5000000000000001 -0.8660254037844386 0
vn -0.5000000000000001 -0.8660254037844386 0
vn -0.5000000000000001 -0.8660254037844386 0
vn -0.5000000000000001 -0.8660254037844386 0
vn -0.8660254037844386 0.5000000000000001 0
vn -0.8660254037844386 0.5000000000000001 0
vn -0.8660254037844386 0.5000000000000001 0
vn -0.8660254037844386 0.5000000000000001 0
vn 0.8660254037844386 -0.5000000000000001 0
vn 0.8660254037844386 -0.5000000000000001 0
vn 0.8660254037844386 -0.5000000000000001 0
vn 0.8660254037844386 -0.5000000000000001 0
vn 0 0 1
vn 0 0 1
vn 0 0 1
vn 0 0 1
vn 0 0 -1
vn 0 0 -1
vn 0 0 -1
vn 0 0 -1
f 2113/2113/2113 2115/2115/2115 2114/2114/2114
f 2115/2115/2115 2116/2116/2116 2114/2114/2114
f 2117/2117/2117 2119/2119/2119 2118/2118/2118
f 2119/2119/2119 2120/2120/2120 2118/2118/2118
f 2121/2121/2121 2123/2123/2123 2122/2122/2122
f 2123/2123/2123 2124/2124/2124 2122/2122/2122
f 2125/2125/2125 2127/2127/2127 2126/2126/2126
f 2127/2127/2127 2128/2128/2128 2126/2126/2126
f 2129/2129/2129 2131/2131/2131 2130/2130/2130
f 2131/2131/2131 2132/2132/2132 2130/2130/2130
f 2133/2133/2133 2135/2135/2135 2134/2134/2134
f 2135/2135/2135 2136/2136/2136 2134/2134/2134
o toadstool_2_246
usemtl toadstool_dot
v -0.20828031015086812 0.2364533192892731 0.05863125076517463
v -0.20828031015086812 0.2364533192892731 0.020118749234825376
v -0.18604510757737233 0.22361581909797942 0.05863125076517463
v -0.18604510757737233 0.22361581909797942 0.020118749234825376
v -0.22753656091604277 0.20310051460070358 0.020118749234825376
v -0.22753656091604277 0.20310051460070358 0.05863125076517463
v -0.20530135834254698 0.1902630144094099 0.020118749234825376
v -0.20530135834254698 0.1902630144094099 0.05863125076517463
v -0.22753656091604277 0.20310051460070358 0.020118749234825376
v -0.20828031015086812 0.2364533192892731 0.020118749234825376
v -0.22753656091604277 0.20310051460070358 0.05863125076517463
v -0.20828031015086812 0.2364533192892731 0.05863125076517463
v -0.20530135834254698 0.1902630144094099 0.05863125076517463
v -0.18604510757737233 0.22361581909797942 0.05863125076517463
v -0.20530135834254698 0.1902630144094099 0.020118749234825376
v -0.18604510757737233 0.22361581909797942 0.020118749234825376
v -0.22753656091604277 0.20310051460070358 0.05863125076517463
v -0.20828031015086812 0.2364533192892731 0.05863125076517463
v -0.20530135834254698 0.1902630144094099 0.05863125076517463
v -0.18604510757737233 0.22361581909797942 0.05863125076517463
v -0.20828031015086812 0.2364533192892731 0.020118749234825376
v -0.22753656091604277 0.20310051460070358 0.020118749234825376
v -0.18604510757737233 0.22361581909797942 0.020118749234825376
v -0.20530135834254698 0.1902630144094099 0.020118749234825376
vt 0.1875 0.0625
vt 0.25 0.0625
vt 0.1875 0
vt 0.25 0
vt 0.1875 0.0625
vt 0.25 0.0625
vt 0.1875 0
vt 0.25 0
vt 0.1875 0.0625
vt 0.25 0.0625
vt 0.1875 0
vt 0.25 0
vt 0.1875 0.0625
vt 0.25 0.0625
vt 0.1875 0
vt 0.25 0
vt 0.1875 0.0625
vt 0.25 0.0625
vt 0.1875 0
vt 0.25 0
vt 0.1875 0.0625
vt 0.25 0.0625
vt 0.1875 0
vt 0.25 0
vn 0.5000000000000001 0.8660254037844386 0
vn 0.5000000000000001 0.8660254037844386 0
vn 0.5000000000000001 0.8660254037844386 0
vn 0.5000000000000001 0.8660254037844386 0
vn -0.5000000000000001 -0.8660254037844386 0
vn -0.5000000000000001 -0.8660254037844386 0
vn -0.5000000000000001 -0.8660254037844386 0
vn -0.5000000000000001 -0.8660254037844386 0
vn -0.8660254037844386 0.5000000000000001 0
vn -0.8660254037844386 0.5000000000000001 0
vn -0.8660254037844386 0.5000000000000001 0
vn -0.8660254037844386 0.5000000000000001 0
vn 0.8660254037844386 -0.5000000000000001 0
vn 0.8660254037844386 -0.5000000000000001 0
vn 0.8660254037844386 -0.5000000000000001 0
vn 0.8660254037844386 -0.5000000000000001 0
vn 0 0 1
vn 0 0 1
vn 0 0 1
vn 0 0 1
vn 0 0 -1
vn 0 0 -1
vn 0 0 -1
vn 0 0 -1
f 2137/2137/2137 2139/2139/2139 2138/2138/2138
f 2139/2139/2139 2140/2140/2140 2138/2138/2138
f 2141/2141/2141 2143/2143/2143 2142/2142/2142
f 2143/2143/2143 2144/2144/2144 2142/2142/2142
f 2145/2145/2145 2147/2147/2147 2146/2146/2146
f 2147/2147/2147 2148/2148/2148 2146/2146/2146
f 2149/2149/2149 2151/2151/2151 2150/2150/2150
f 2151/2151/2151 2152/2152/2152 2150/2150/2150
f 2153/2153/2153 2155/2155/2155 2154/2154/2154
f 2155/2155/2155 2156/2156/2156 2154/2154/2154
f 2157/2157/2157 2159/2159/2159 2158/2158/2158
f 2159/2159/2159 2160/2160/2160 2158/2158/2158
o toadstool_2_246_back
usemtl toadstool_dot
v -0.20828031015086812 0.2364533192892731 -0.020118749234825376
v -0.20828031015086812 0.2364533192892731 -0.05863125076517463
v -0.18604510757737233 0.22361581909797942 -0.020118749234825376
v -0.18604510757737233 0.22361581909797942 -0.05863125076517463
v -0.22753656091604277 0.20310051460070358 -0.05863125076517463
v -0.22753656091604277 0.20310051460070358 -0.020118749234825376
v -0.20530135834254698 0.1902630144094099 -0.05863125076517463
v -0.20530135834254698 0.1902630144094099 -0.020118749234825376
v -0.22753656091604277 0.20310051460070358 -0.05863125076517463
v -0.20828031015086812 0.2364533192892731 -0.05863125076517463
v -0.22753656091604277 0.20310051460070358 -0.020118749234825376
v -0.20828031015086812 0.2364533192892731 -0.020118749234825376
v -0.20530135834254698 0.1902630144094099 -0.020118749234825376
v -0.18604510757737233 0.22361581909797942 -0.020118749234825376
v -0.20530135834254698 0.1902630144094099 -0.05863125076517463
v -0.18604510757737233 0.22361581909797942 -0.05863125076517463
v -0.22753656091604277 0.20310051460070358 -0.020118749234825376
v -0.20828031015086812 0.2364533192892731 -0.020118749234825376
v -0.20530135834254698 0.1902630144094099 -0.020118749234825376
v -0.18604510757737233 0.22361581909797942 -0.020118749234825376
v -0.20828031015086812 0.2364533192892731 -0.05863125076517463
v -0.22753656091604277 0.20310051460070358 -0.05863125076517463
v -0.18604510757737233 0.22361581909797942 -0.05863125076517463
v -0.20530135834254698 0.1902630144094099 -0.05863125076517463
vt 0.1875 0.0625
vt 0.25 0.0625
vt 0.1875 0
vt 0.25 0
vt 0.1875 0.0625
vt 0.25 0.0625
vt 0.1875 0
vt 0.25 0
vt 0.1875 0.0625
vt 0.25 0.0625
vt 0.1875 0
vt 0.25 0
vt 0.1875 0.0625
vt 0.25 0.0625
vt 0.1875 0
vt 0.25 0
vt 0.1875 0.0625
vt 0.25 0.0625
vt 0.1875 0
vt 0.25 0
vt 0.1875 0.0625
vt 0.25 0.0625
vt 0.1875 0
vt 0.25 0
vn 0.5000000000000001 0.8660254037844386 0
vn 0.5000000000000001 0.8660254037844386 0
vn 0.5000000000000001 0.8660254037844386 0
vn 0.5000000000000001 0.8660254037844386 0
vn -0.5000000000000001 -0.8660254037844386 0
vn -0.5000000000000001 -0.8660254037844386 0
vn -0.5000000000000001 -0.8660254037844386 0
vn -0.5000000000000001 -0.8660254037844386 0
vn -0.8660254037844386 0.5000000000000001 0
vn -0.8660254037844386 0.5000000000000001 0
vn -0.8660254037844386 0.5000000000000001 0
vn -0.8660254037844386 0.5000000000000001 0
vn 0.8660254037844386 -0.5000000000000001 0
vn 0.8660254037844386 -0.5000000000000001 0
vn 0.8660254037844386 -0.5000000000000001 0
vn 0.8660254037844386 -0.5000000000000001 0
vn 0 0 1
vn 0 0 1
vn 0 0 1
vn 0 0 1
vn 0 0 -1
vn 0 0 -1
vn 0 0 -1
vn 0 0 -1
f 2161/2161/2161 2163/2163/2163 2162/2162/2162
f 2163/2163/2163 2164/2164/2164 2162/2162/2162
f 2165/2165/2165 2167/2167/2167 2166/2166/2166
f 2167/2167/2167 2168/2168/2168 2166/2166/2166
f 2169/2169/2169 2171/2171/2171 2170/2170/2170
f 2171/2171/2171 2172/2172/2172 2170/2170/2170
f 2173/2173/2173 2175/2175/2175 2174/2174/2174
f 2175/2175/2175 2176/2176/2176 2174/2174/2174
f 2177/2177/2177 2179/2179/2179 2178/2178/2178
f 2179/2179/2179 2180/2180/2180 2178/2178/2178
f 2181/2181/2181 2183/2183/2183 2182/2182/2182
f 2183/2183/2183 2184/2184/2184 2182/2182/2182
o flower_2_154_back
usemtl pollen
v 0.17175377934198838 0.8460749420510518 -0.12359242993737016
v 0.17175377934198838 0.9203576466759072 -0.0965557365331344
v 0.12094141677716565 0.8253636333084254 -0.06668857683965125
v 0.12094141677716563 0.8996463379332809 -0.039651883435415494
v 0.11119796370716133 0.9377364982030437 -0.14430373867999646
v 0.11119796370716134 0.8634537935781883 -0.17134043208423222
v 0.060385601142338596 0.9170251894604173 -0.08739988558227754
v 0.060385601142338596 0.8427424848355619 -0.1144365789865133
v 0.11119796370716133 0.9377364982030437 -0.14430373867999646
v 0.17175377934198838 0.9203576466759072 -0.0965557365331344
v 0.11119796370716134 0.8634537935781883 -0.17134043208423222
v 0.17175377934198838 0.8460749420510518 -0.12359242993737016
v 0.060385601142338596 0.8427424848355619 -0.1144365789865133
v 0.12094141677716565 0.8253636333084254 -0.06668857683965125
v 0.060385601142338596 0.9170251894604173 -0.08739988558227754
v 0.12094141677716563 0.8996463379332809 -0.039651883435415494
v 0.11119796370716134 0.8634537935781883 -0.17134043208423222
v 0.17175377934198838 0.8460749420510518 -0.12359242993737016
v 0.060385601142338596 0.8427424848355619 -0.1144365789865133
v 0.12094141677716565 0.8253636333084254 -0.06668857683965125
v 0.17175377934198838 0.9203576466759072 -0.0965557365331344
v 0.11119796370716133 0.9377364982030437 -0.14430373867999646
v 0.12094141677716563 0.8996463379332809 -0.039651883435415494
v 0.060385601142338596 0.9170251894604173 -0.08739988558227754
vt 0.1875 0.375
vt 0.25 0.375
vt 0.1875 0.3125
vt 0.25 0.3125
vt 0.1875 0.375
vt 0.25 0.375
vt 0.1875 0.3125
vt 0.25 0.3125
vt 0.1875 0.375
vt 0.25 0.375
vt 0.1875 0.3125
vt 0.25 0.3125
vt 0.1875 0.375
vt 0.25 0.375
vt 0.1875 0.3125
vt 0.25 0.3125
vt 0.1875 0.375
vt 0.25 0.375
vt 0.1875 0.3125
vt 0.25 0.3125
vt 0.1875 0.375
vt 0.25 0.375
vt 0.1875 0.3125
vt 0.25 0.3125
vn 0.7660444431189782 -0.21984631039295427 0.6040227735550537
vn 0.7660444431189782 -0.21984631039295427 0.6040227735550537
vn 0.7660444431189782 -0.21984631039295427 0.6040227735550537
vn 0.7660444431189782 -0.21984631039295427 0.6040227735550537
vn -0.7660444431189782 0.21984631039295427 -0.6040227735550537
vn -0.7660444431189782 0.21984631039295427 -0.6040227735550537
vn -0.7660444431189782 0.21984631039295427 -0.6040227735550537
vn -0.7660444431189782 0.21984631039295427 -0.6040227735550537
vn 0.6427876096865391 0.26200263022938514 -0.7198463103929542
vn 0.6427876096865391 0.26200263022938514 -0.7198463103929542
vn 0.6427876096865391 0.26200263022938514 -0.7198463103929542
vn 0.6427876096865391 0.26200263022938514 -0.7198463103929542
vn -0.6427876096865391 -0.26200263022938514 0.7198463103929542
vn -0.6427876096865391 -0.26200263022938514 0.7198463103929542
vn -0.6427876096865391 -0.26200263022938514 0.7198463103929542
vn -0.6427876096865391 -0.26200263022938514 0.7198463103929542
vn 9.993762126255779e-17 -0.9396926207859083 -0.34202014332566893
vn 9.993762126255779e-17 -0.9396926207859083 -0.34202014332566893
vn 9.993762126255779e-17 -0.9396926207859083 -0.34202014332566893
vn 9.993762126255779e-17 -0.9396926207859083 -0.34202014332566893
vn -9.993762126255779e-17 0.9396926207859083 0.34202014332566893
vn -9.993762126255779e-17 0.9396926207859083 0.34202014332566893
vn -9.993762126255779e-17 0.9396926207859083 0.34202014332566893
vn -9.993762126255779e-17 0.9396926207859083 0.34202014332566893
f 2185/2185/2185 2187/2187/2187 2186/2186/2186
f 2187/2187/2187 2188/2188/2188 2186/2186/2186
f 2189/2189/2189 2191/2191/2191 2190/2190/2190
f 2191/2191/2191 2192/2192/2192 2190/2190/2190
f 2193/2193/2193 2195/2195/2195 2194/2194/2194
f 2195/2195/2195 2196/2196/2196 2194/2194/2194
f 2197/2197/2197 2199/2199/2199 2198/2198/2198
f 2199/2199/2199 2200/2200/2200 2198/2198/2198
f 2201/2201/2201 2203/2203/2203 2202/2202/2202
f 2203/2203/2203 2204/2204/2204 2202/2202/2202
f 2205/2205/2205 2207/2207/2207 2206/2206/2206
f 2207/2207/2207 2208/2208/2208 2206/2206/2206
o flower_2_petal_0_155_back
usemtl toxic_petal
v 0.2080678738014891 0.7754639299823033 -0.18639723588286047
v 0.218147035752132 0.7946901794605724 -0.19218222636017032
v 0.13124691051284187 0.8536095519594964 -0.06052731501896752
v 0.14132607246348472 0.8728358014377656 -0.06631230549627737
v 0.14930836815466836 0.8144461181918177 -0.2464612219243955
v 0.1392292062040255 0.7952198687135484 -0.24067623144708566
v 0.07248740486602111 0.8925917401690108 -0.12059130106050256
v 0.062408242915378234 0.8733654906907417 -0.11480631058319271
v 0.14930836815466836 0.8144461181918177 -0.2464612219243955
v 0.218147035752132 0.7946901794605724 -0.19218222636017032
v 0.1392292062040255 0.7952198687135484 -0.24067623144708566
v 0.2080678738014891 0.7754639299823033 -0.18639723588286047
v 0.062408242915378234 0.8733654906907417 -0.11480631058319271
v 0.13124691051284187 0.8536095519594964 -0.06052731501896752
v 0.07248740486602111 0.8925917401690108 -0.12059130106050256
v 0.14132607246348472 0.8728358014377656 -0.06631230549627737
v 0.1392292062040255 0.7952198687135484 -0.24067623144708566
v 0.2080678738014891 0.7754639299823033 -0.18639723588286047
v 0.062408242915378234 0.8733654906907417 -0.11480631058319271
v 0.13124691051284187 0.8536095519594964 -0.06052731501896752
v 0.218147035752132 0.7946901794605724 -0.19218222636017032
v 0.14930836815466836 0.8144461181918177 -0.2464612219243955
v 0.14132607246348472 0.8728358014377656 -0.06631230549627737
v 0.07248740486602111 0.8925917401690108 -0.12059130106050256
vt 0.5 0.5
vt 0.5625 0.5
vt 0.5 0.3125
vt 0.5625 0.3125
vt 0.5 0.5
vt 0.5625 0.5
vt 0.5 0.3125
vt 0.5625 0.3125
vt 0.5 0.375
vt 0.5625 0.375
vt 0.5 0.3125
vt 0.5625 0.3125
vt 0.5 0.375
vt 0.5625 0.375
vt 0.5 0.3125
vt 0.5625 0.3125
vt 0.5 0.5
vt 0.5625 0.5
vt 0.5 0.3125
vt 0.5625 0.3125
vt 0.5 0.5
vt 0.5625 0.5
vt 0.5 0.3125
vt 0.5625 0.3125
vn 0.766044443118978 -0.21984631039295424 0.6040227735550535
vn 0.766044443118978 -0.21984631039295424 0.6040227735550535
vn 0.766044443118978 -0.21984631039295424 0.6040227735550535
vn 0.766044443118978 -0.21984631039295424 0.6040227735550535
vn -0.766044443118978 0.21984631039295424 -0.6040227735550535
vn -0.766044443118978 0.21984631039295424 -0.6040227735550535
vn -0.766044443118978 0.21984631039295424 -0.6040227735550535
vn -0.766044443118978 0.21984631039295424 -0.6040227735550535
vn 0.4603158781000586 -0.46825331342106274 -0.7542202111049318
vn 0.4603158781000586 -0.46825331342106274 -0.7542202111049318
vn 0.4603158781000586 -0.46825331342106274 -0.7542202111049318
vn 0.4603158781000586 -0.46825331342106274 -0.7542202111049318
vn -0.4603158781000586 0.46825331342106274 0.7542202111049318
vn -0.4603158781000586 0.46825331342106274 0.7542202111049318
vn -0.4603158781000586 0.46825331342106274 0.7542202111049318
vn -0.4603158781000586 0.46825331342106274 0.7542202111049318
vn -0.4486481957341483 -0.8558074750063829 0.25750410130266344
vn -0.4486481957341483 -0.8558074750063829 0.25750410130266344
vn -0.4486481957341483 -0.8558074750063829 0.25750410130266344
vn -0.4486481957341483 -0.8558074750063829 0.25750410130266344
vn 0.4486481957341483 0.8558074750063829 -0.25750410130266344
vn 0.4486481957341483 0.8558074750063829 -0.25750410130266344
vn 0.4486481957341483 0.8558074750063829 -0.25750410130266344
vn 0.4486481957341483 0.8558074750063829 -0.25750410130266344
f 2209/2209/2209 2211/2211/2211 2210/2210/2210
f 2211/2211/2211 2212/2212/2212 2210/2210/2210
f 2213/2213/2213 2215/2215/2215 2214/2214/2214
f 2215/2215/2215 2216/2216/2216 2214/2214/2214
f 2217/2217/2217 2219/2219/2219 2218/2218/2218
f 2219/2219/2219 2220/2220/2220 2218/2218/2218
f 2221/2221/2221 2223/2223/2223 2222/2222/2222
f 2223/2223/2223 2224/2224/2224 2222/2222/2222
f 2225/2225/2225 2227/2227/2227 2226/2226/2226
f 2227/2227/2227 2228/2228/2228 2226/2226/2226
f 2229/2229/2229 2231/2231/2231 2230/2230/2230
f 2231/2231/2231 2232/2232/2232 2230/2230/2230
o flower_2_petal_1_156_back
usemtl toxic_petal
v 0.27464511408416364 0.8780481879239037 -0.08771332619282385
v 0.27304637235066836 0.8898727486875426 -0.10604743092467388
v 0.11721106250232173 0.90420874213525 -0.057112789126781666
v 0.11561232076882645 0.9160333028988891 -0.0754468938586317
v 0.2523333069585123 0.8176183522960778 -0.15084163661464026
v 0.2539320486920076 0.8057937915324388 -0.13250753188279024
v 0.09489925537667039 0.8437789065074242 -0.12024109954859807
v 0.09649799711016567 0.8319543457437852 -0.10190699481674804
v 0.2523333069585123 0.8176183522960778 -0.15084163661464026
v 0.27304637235066836 0.8898727486875426 -0.10604743092467388
v 0.2539320486920076 0.8057937915324388 -0.13250753188279024
v 0.27464511408416364 0.8780481879239037 -0.08771332619282385
v 0.09649799711016567 0.8319543457437852 -0.10190699481674804
v 0.11721106250232173 0.90420874213525 -0.057112789126781666
v 0.09489925537667039 0.8437789065074242 -0.12024109954859807
v 0.11561232076882645 0.9160333028988891 -0.0754468938586317
v 0.2539320486920076 0.8057937915324388 -0.13250753188279024
v 0.27464511408416364 0.8780481879239037 -0.08771332619282385
v 0.09649799711016567 0.8319543457437852 -0.10190699481674804
v 0.11721106250232173 0.90420874213525 -0.057112789126781666
v 0.27304637235066836 0.8898727486875426 -0.10604743092467388
v 0.2523333069585123 0.8176183522960778 -0.15084163661464026
v 0.11561232076882645 0.9160333028988891 -0.0754468938586317
v 0.09489925537667039 0.8437789065074242 -0.12024109954859807
vt 0.5 0.5
vt 0.5625 0.5
vt 0.5 0.3125
vt 0.5625 0.3125
vt 0.5 0.5
vt 0.5625 0.5
vt 0.5 0.3125
vt 0.5625 0.3125
vt 0.5 0.375
vt 0.5625 0.375
vt 0.5 0.3125
vt 0.5625 0.3125
vt 0.5 0.375
vt 0.5625 0.375
vt 0.5 0.3125
vt 0.5625 0.3125
vt 0.5 0.5
vt 0.5625 0.5
vt 0.5 0.3125
vt 0.5625 0.3125
vt 0.5 0.5
vt 0.5625 0.5
vt 0.5 0.3125
vt 0.5625 0.3125
vn 0.23672075137025683 0.8257645442508563 0.5119337880320819
vn 0.23672075137025683 0.8257645442508563 0.5119337880320819
vn 0.23672075137025683 0.8257645442508563 0.5119337880320819
vn 0.23672075137025683 0.8257645442508563 0.5119337880320819
vn -0.23672075137025683 -0.8257645442508563 -0.5119337880320819
vn -0.23672075137025683 -0.8257645442508563 -0.5119337880320819
vn -0.23672075137025683 -0.8257645442508563 -0.5119337880320819
vn -0.23672075137025683 -0.8257645442508563 -0.5119337880320819
vn 0.9688249683476231 -0.16098803182098376 -0.1883110042366969
vn 0.9688249683476231 -0.16098803182098376 -0.1883110042366969
vn 0.9688249683476231 -0.16098803182098376 -0.1883110042366969
vn 0.9688249683476231 -0.16098803182098376 -0.1883110042366969
vn -0.9688249683476231 0.16098803182098376 0.1883110042366969
vn -0.9688249683476231 0.16098803182098376 0.1883110042366969
vn -0.9688249683476231 0.16098803182098376 0.1883110042366969
vn -0.9688249683476231 0.16098803182098376 0.1883110042366969
vn 0.07308533763299152 -0.5405513584004591 0.8381305163007075
vn 0.07308533763299152 -0.5405513584004591 0.8381305163007075
vn 0.07308533763299152 -0.5405513584004591 0.8381305163007075
vn 0.07308533763299152 -0.5405513584004591 0.8381305163007075
vn -0.07308533763299152 0.5405513584004591 -0.8381305163007075
vn -0.07308533763299152 0.5405513584004591 -0.8381305163007075
vn -0.07308533763299152 0.5405513584004591 -0.8381305163007075
vn -0.07308533763299152 0.5405513584004591 -0.8381305163007075
f 2233/2233/2233 2235/2235/2235 2234/2234/2234
f 2235/2235/2235 2236/2236/2236 2234/2234/2234
f 2237/2237/2237 2239/2239/2239 2238/2238/2238
f 2239/2239/2239 2240/2240/2240 2238/2238/2238
f 2241/2241/2241 2243/2243/2243 2242/2242/2242
f 2243/2243/2243 2244/2244/2244 2242/2242/2242
f 2245/2245/2245 2247/2247/2247 2246/2246/2246
f 2247/2247/2247 2248/2248/2248 2246/2246/2246
f 2249/2249/2249 2251/2251/2251 2250/2250/2250
f 2251/2251/2251 2252/2252/2252 2250/2250/2250
f 2253/2253/2253 2255/2255/2255 2254/2254/2254
f 2255/2255/2255 2256/2256/2256 2254/2254/2254
o flower_2_petal_2_157_back
usemtl toxic_petal
v 0.2033032107583687 1.018578324861518 -0.10248145547193185
v 0.20615077597068016 1.012508427467991 -0.12402639959245569
v 0.07346710968714303 0.9133052648915281 -0.08998293581453531
v 0.07631467489945447 0.907235367498001 -0.11152787993505914
v 0.26208645171859163 0.9466035977535638 -0.0980659684415334
v 0.2592388865062802 0.9526734951470909 -0.07652102432100957
v 0.13225035064736596 0.841330537783574 -0.08556744878413686
v 0.1294027854350545 0.847400435177101 -0.06402250466361302
v 0.26208645171859163 0.9466035977535638 -0.0980659684415334
v 0.20615077597068016 1.012508427467991 -0.12402639959245569
v 0.2592388865062802 0.9526734951470909 -0.07652102432100957
v 0.2033032107583687 1.018578324861518 -0.10248145547193185
v 0.1294027854350545 0.847400435177101 -0.06402250466361302
v 0.07346710968714303 0.9133052648915281 -0.08998293581453531
v 0.13225035064736596 0.841330537783574 -0.08556744878413686
v 0.07631467489945447 0.907235367498001 -0.11152787993505914
v 0.2592388865062802 0.9526734951470909 -0.07652102432100957
v 0.2033032107583687 1.018578324861518 -0.10248145547193185
v 0.1294027854350545 0.847400435177101 -0.06402250466361302
v 0.07346710968714303 0.9133052648915281 -0.08998293581453531
v 0.20615077597068016 1.012508427467991 -0.12402639959245569
v 0.26208645171859163 0.9466035977535638 -0.0980659684415334
v 0.07631467489945447 0.907235367498001 -0.11152787993505914
v 0.13225035064736596 0.841330537783574 -0.08556744878413686
vt 0.5 0.5
vt 0.5625 0.5
vt 0.5 0.3125
vt 0.5625 0.3125
vt 0.5 0.5
vt 0.5625 0.5
vt 0.5 0.3125
vt 0.5625 0.3125
vt 0.5 0.375
vt 0.5625 0.375
vt 0.5 0.3125
vt 0.5625 0.3125
vt 0.5 0.375
vt 0.5625 0.375
vt 0.5 0.3125
vt 0.5625 0.3125
vt 0.5 0.5
vt 0.5625 0.5
vt 0.5 0.3125
vt 0.5625 0.3125
vt 0.5 0.5
vt 0.5625 0.5
vt 0.5 0.3125
vt 0.5625 0.3125
vn -0.6197429729297461 0.7301968654445501 -0.2876302925617429
vn -0.6197429729297461 0.7301968654445501 -0.2876302925617429
vn -0.6197429729297461 0.7301968654445501 -0.2876302925617429
vn -0.6197429729297461 0.7301968654445501 -0.2876302925617429
vn 0.6197429729297461 -0.7301968654445501 0.2876302925617429
vn 0.6197429729297461 -0.7301968654445501 0.2876302925617429
vn 0.6197429729297461 -0.7301968654445501 0.2876302925617429
vn 0.6197429729297461 -0.7301968654445501 0.2876302925617429
vn 0.774591779461341 0.6280506436862392 -0.07456516717753567
vn 0.774591779461341 0.6280506436862392 -0.07456516717753567
vn 0.774591779461341 0.6280506436862392 -0.07456516717753567
vn 0.774591779461341 0.6280506436862392 -0.07456516717753567
vn -0.774591779461341 -0.6280506436862392 0.07456516717753567
vn -0.774591779461341 -0.6280506436862392 0.07456516717753567
vn -0.774591779461341 -0.6280506436862392 0.07456516717753567
vn -0.774591779461341 -0.6280506436862392 0.07456516717753567
vn -0.12619913904267863 0.2690072985259958 0.9548344624303379
vn -0.12619913904267863 0.2690072985259958 0.9548344624303379
vn -0.12619913904267863 0.2690072985259958 0.9548344624303379
vn -0.12619913904267863 0.2690072985259958 0.9548344624303379
vn 0.12619913904267863 -0.2690072985259958 -0.9548344624303379
vn 0.12619913904267863 -0.2690072985259958 -0.9548344624303379
vn 0.12619913904267863 -0.2690072985259958 -0.9548344624303379
vn 0.12619913904267863 -0.2690072985259958 -0.9548344624303379
f 2257/2257/2257 2259/2259/2259 2258/2258/2258
f 2259/2259/2259 2260/2260/2260 2258/2258/2258
f 2261/2261/2261 2263/2263/2263 2262/2262/2262
f 2263/2263/2263 2264/2264/2264 2262/2262/2262
f 2265/2265/2265 2267/2267/2267 2266/2266/2266
f 2267/2267/2267 2268/2268/2268 2266/2266/2266
f 2269/2269/2269 2271/2271/2271 2270/2270/2270
f 2271/2271/2271 2272/2272/2272 2270/2270/2270
f 2273/2273/2273 2275/2275/2275 2274/2274/2274
f 2275/2275/2275 2276/2276/2276 2274/2274/2274
f 2277/2277/2277 2279/2279/2279 2278/2278/2278
f 2279/2279/2279 2280/2280/2280 2278/2278/2278
o flower_2_petal_3_158_back
usemtl toxic_petal
v 0.08899004650729875 1.0002512832592496 -0.20933195932866713
v 0.10593370350134604 0.9902734542358377 -0.2191394745475633
v 0.06515175942864061 0.8682889294291252 -0.1162614899911457
v 0.08209541642268789 0.8583111004057132 -0.12606900521004188
v 0.1604052365006452 1.023187734918744 -0.15851923662512446
v 0.14346157950659794 1.0331655639421558 -0.1487117214062283
v 0.13656694942198708 0.8912253810886195 -0.06544876728760304
v 0.11962329242793979 0.9012032101120314 -0.055641252068706876
v 0.1604052365006452 1.023187734918744 -0.15851923662512446
v 0.10593370350134604 0.9902734542358377 -0.2191394745475633
v 0.14346157950659794 1.0331655639421558 -0.1487117214062283
v 0.08899004650729875 1.0002512832592496 -0.20933195932866713
v 0.11962329242793979 0.9012032101120314 -0.055641252068706876
v 0.06515175942864061 0.8682889294291252 -0.1162614899911457
v 0.13656694942198708 0.8912253810886195 -0.06544876728760304
v 0.08209541642268789 0.8583111004057132 -0.12606900521004188
v 0.14346157950659794 1.0331655639421558 -0.1487117214062283
v 0.08899004650729875 1.0002512832592496 -0.20933195932866713
v 0.11962329242793979 0.9012032101120314 -0.055641252068706876
v 0.06515175942864061 0.8682889294291252 -0.1162614899911457
v 0.10593370350134604 0.9902734542358377 -0.2191394745475633
v 0.1604052365006452 1.023187734918744 -0.15851923662512446
v 0.08209541642268789 0.8583111004057132 -0.12606900521004188
v 0.13656694942198708 0.8912253810886195 -0.06544876728760304
vt 0.5 0.5
vt 0.5625 0.5
vt 0.5 0.3125
vt 0.5625 0.3125
vt 0.5 0.5
vt 0.5625 0.5
vt 0.5 0.3125
vt 0.5625 0.3125
vt 0.5 0.375
vt 0.5625 0.375
vt 0.5 0.3125
vt 0.5625 0.3125
vt 0.5 0.375
vt 0.5625 0.375
vt 0.5 0.3125
vt 0.5625 0.3125
vt 0.5 0.5
vt 0.5625 0.5
vt 0.5 0.3125
vt 0.5625 0.3125
vt 0.5 0.5
vt 0.5625 0.5
vt 0.5 0.3125
vt 0.5625 0.3125
vn -0.619742972929746 -0.37447806292749053 -0.689699085029315
vn -0.619742972929746 -0.37447806292749053 -0.689699085029315
vn -0.619742972929746 -0.37447806292749053 -0.689699085029315
vn -0.619742972929746 -0.37447806292749053 -0.689699085029315
vn 0.619742972929746 0.37447806292749053 0.689699085029315
vn 0.619742972929746 0.37447806292749053 0.689699085029315
vn 0.619742972929746 0.37447806292749053 0.689699085029315
vn 0.619742972929746 0.37447806292749053 0.689699085029315
vn 0.14603997673877614 0.8084380819878231 -0.5701755806644012
vn 0.14603997673877614 0.8084380819878231 -0.5701755806644012
vn 0.14603997673877614 0.8084380819878231 -0.5701755806644012
vn 0.14603997673877614 0.8084380819878231 -0.5701755806644012
vn -0.14603997673877614 -0.8084380819878231 0.5701755806644012
vn -0.14603997673877614 -0.8084380819878231 0.5701755806644012
vn -0.14603997673877614 -0.8084380819878231 0.5701755806644012
vn -0.14603997673877614 -0.8084380819878231 0.5701755806644012
vn -0.7710972524256183 0.45408594778733663 0.4463350527616429
vn -0.7710972524256183 0.45408594778733663 0.4463350527616429
vn -0.7710972524256183 0.45408594778733663 0.4463350527616429
vn -0.7710972524256183 0.45408594778733663 0.4463350527616429
vn 0.7710972524256183 -0.45408594778733663 -0.4463350527616429
vn 0.7710972524256183 -0.45408594778733663 -0.4463350527616429
vn 0.7710972524256183 -0.45408594778733663 -0.4463350527616429
vn 0.7710972524256183 -0.45408594778733663 -0.4463350527616429
f 2281/2281/2281 2283/2283/2283 2282/2282/2282
f 2283/2283/2283 2284/2284/2284 2282/2282/2282
f 2285/2285/2285 2287/2287/2287 2286/2286/2286
f 2287/2287/2287 2288/2288/2288 2286/2286/2286
f 2289/2289/2289 2291/2291/2291 2290/2290/2290
f 2291/2291/2291 2292/2292/2292 2290/2290/2290
f 2293/2293/2293 2295/2295/2295 2294/2294/2294
f 2295/2295/2295 2296/2296/2296 2294/2294/2294
f 2297/2297/2297 2299/2299/2299 2298/2298/2298
f 2299/2299/2299 2300/2300/2300 2298/2298/2298
f 2301/2301/2301 2303/2303/2303 2302/2302/2302
f 2303/2303/2303 2304/2304/2304 2302/2302/2302
o flower_2_petal_4_159_back
usemtl toxic_petal
v 0.0914601605458869 0.8511516534228326 -0.263606174933622
v 0.11345143610713565 0.8566153058987821 -0.26395429785521934
v 0.09957348751332447 0.829117168774903 -0.09690171838646404
v 0.12156476307457323 0.8345808212508524 -0.09724984130806143
v 0.09199270036086198 0.9437877017616352 -0.251387743839982
v 0.07000142479961322 0.9383240492856858 -0.25103962091838466
v 0.10010602732829954 0.9217532171137056 -0.08468328729282411
v 0.0781147517670508 0.9162895646377561 -0.08433516437122672
v 0.09199270036086198 0.9437877017616352 -0.251387743839982
v 0.11345143610713565 0.8566153058987821 -0.26395429785521934
v 0.07000142479961322 0.9383240492856858 -0.25103962091838466
v 0.0914601605458869 0.8511516534228326 -0.263606174933622
v 0.0781147517670508 0.9162895646377561 -0.08433516437122672
v 0.09957348751332447 0.829117168774903 -0.09690171838646404
v 0.10010602732829954 0.9217532171137056 -0.08468328729282411
v 0.12156476307457323 0.8345808212508524 -0.09724984130806143
v 0.07000142479961322 0.9383240492856858 -0.25103962091838466
v 0.0914601605458869 0.8511516534228326 -0.263606174933622
v 0.0781147517670508 0.9162895646377561 -0.08433516437122672
v 0.09957348751332447 0.829117168774903 -0.09690171838646404
v 0.11345143610713565 0.8566153058987821 -0.26395429785521934
v 0.09199270036086198 0.9437877017616352 -0.251387743839982
v 0.12156476307457323 0.8345808212508524 -0.09724984130806143
v 0.10010602732829954 0.9217532171137056 -0.08468328729282411
vt 0.5 0.5
vt 0.5625 0.5
vt 0.5 0.3125
vt 0.5625 0.3125
vt 0.5 0.5
vt 0.5625 0.5
vt 0.5 0.3125
vt 0.5625 0.3125
vt 0.5 0.375
vt 0.5625 0.375
vt 0.5 0.3125
vt 0.5625 0.3125
vt 0.5 0.375
vt 0.5625 0.375
vt 0.5 0.3125
vt 0.5625 0.3125
vt 0.5 0.5
vt 0.5625 0.5
vt 0.5 0.3125
vt 0.5625 0.3125
vt 0.5 0.5
vt 0.5625 0.5
vt 0.5 0.3125
vt 0.5625 0.3125
vn 0.23672075137025678 -0.9616370363749612 -0.13862718399607796
vn 0.23672075137025678 -0.9616370363749612 -0.13862718399607796
vn 0.23672075137025678 -0.9616370363749612 -0.13862718399607796
vn 0.23672075137025678 -0.9616370363749612 -0.13862718399607796
vn -0.23672075137025678 0.9616370363749612 0.13862718399607796
vn -0.23672075137025678 0.9616370363749612 0.13862718399607796
vn -0.23672075137025678 0.9616370363749612 0.13862718399607796
vn -0.23672075137025678 0.9616370363749612 0.13862718399607796
vn -0.04819321214750596 0.1308849744945041 -0.9902254984368352
vn -0.04819321214750596 0.1308849744945041 -0.9902254984368352
vn -0.04819321214750596 0.1308849744945041 -0.9902254984368352
vn -0.04819321214750596 0.1308849744945041 -0.9902254984368352
vn 0.04819321214750596 -0.1308849744945041 0.9902254984368352
vn 0.04819321214750596 -0.1308849744945041 0.9902254984368352
vn 0.04819321214750596 -0.1308849744945041 0.9902254984368352
vn 0.04819321214750596 -0.1308849744945041 0.9902254984368352
vn -0.9703817291012886 -0.241087813303689 0.015361188197501584
vn -0.9703817291012886 -0.241087813303689 0.015361188197501584
vn -0.9703817291012886 -0.241087813303689 0.015361188197501584
vn -0.9703817291012886 -0.241087813303689 0.015361188197501584
vn 0.9703817291012886 0.241087813303689 -0.015361188197501584
vn 0.9703817291012886 0.241087813303689 -0.015361188197501584
vn 0.9703817291012886 0.241087813303689 -0.015361188197501584
vn 0.9703817291012886 0.241087813303689 -0.015361188197501584
f 2305/2305/2305 2307/2307/2307 2306/2306/2306
f 2307/2307/2307 2308/2308/2308 2306/2306/2306
f 2309/2309/2309 2311/2311/2311 2310/2310/2310
f 2311/2311/2311 2312/2312/2312 2310/2310/2310
f 2313/2313/2313 2315/2315/2315 2314/2314/2314
f 2315/2315/2315 2316/2316/2316 2314/2314/2314
f 2317/2317/2317 2319/2319/2319 2318/2318/2318
f 2319/2319/2319 2320/2320/2320 2318/2318/2318
f 2321/2321/2321 2323/2323/2323 2322/2322/2322
f 2323/2323/2323 2324/2324/2324 2322/2322/2322
f 2325/2325/2325 2327/2327/2327 2326/2326/2326
f 2327/2327/2327 2328/2328/2328 2326/2326/2326
o bloom_crystal_16
usemtl bloom_crystal
v 0.0388500015437603 1.634182499922812 0.19551600179076195
v 0.0388500015437603 1.634182499922812 0.07948399820923807
v 0.0388500015437603 1.573317500077188 0.19551600179076195
v 0.0388500015437603 1.573317500077188 0.07948399820923807
v -0.0388500015437603 1.634182499922812 0.07948399820923807
v -0.0388500015437603 1.634182499922812 0.19551600179076195
v -0.0388500015437603 1.573317500077188 0.07948399820923807
v -0.0388500015437603 1.573317500077188 0.19551600179076195
v -0.0388500015437603 1.634182499922812 0.07948399820923807
v 0.0388500015437603 1.634182499922812 0.07948399820923807
v -0.0388500015437603 1.634182499922812 0.19551600179076195
v 0.0388500015437603 1.634182499922812 0.19551600179076195
v -0.0388500015437603 1.573317500077188 0.19551600179076195
v 0.0388500015437603 1.573317500077188 0.19551600179076195
v -0.0388500015437603 1.573317500077188 0.07948399820923807
v 0.0388500015437603 1.573317500077188 0.07948399820923807
v -0.0388500015437603 1.634182499922812 0.19551600179076195
v 0.0388500015437603 1.634182499922812 0.19551600179076195
v -0.0388500015437603 1.573317500077188 0.19551600179076195
v 0.0388500015437603 1.573317500077188 0.19551600179076195
v 0.0388500015437603 1.634182499922812 0.07948399820923807
v -0.0388500015437603 1.634182499922812 0.07948399820923807
v 0.0388500015437603 1.573317500077188 0.07948399820923807
v -0.0388500015437603 1.573317500077188 0.07948399820923807
vt 0.4375 0.75
vt 0.5625 0.75
vt 0.4375 0.6875
vt 0.5625 0.6875
vt 0.4375 0.75
vt 0.5625 0.75
vt 0.4375 0.6875
vt 0.5625 0.6875
vt 0.4375 0.8125
vt 0.5 0.8125
vt 0.4375 0.6875
vt 0.5 0.6875
vt 0.4375 0.8125
vt 0.5 0.8125
vt 0.4375 0.6875
vt 0.5 0.6875
vt 0.4375 0.75
vt 0.5 0.75
vt 0.4375 0.6875
vt 0.5 0.6875
vt 0.4375 0.75
vt 0.5 0.75
vt 0.4375 0.6875
vt 0.5 0.6875
vn 1 0 0
vn 1 0 0
vn 1 0 0
vn 1 0 0
vn -1 0 0
vn -1 0 0
vn -1 0 0
vn -1 0 0
vn 0 1 0
vn 0 1 0
vn 0 1 0
vn 0 1 0
vn 0 -1 0
vn 0 -1 0
vn 0 -1 0
vn 0 -1 0
vn 0 0 1
vn 0 0 1
vn 0 0 1
vn 0 0 1
vn 0 0 -1
vn 0 0 -1
vn 0 0 -1
vn 0 0 -1
f 2329/2329/2329 2331/2331/2331 2330/2330/2330
f 2331/2331/2331 2332/2332/2332 2330/2330/2330
f 2333/2333/2333 2335/2335/2335 2334/2334/2334
f 2335/2335/2335 2336/2336/2336 2334/2334/2334
f 2337/2337/2337 2339/2339/2339 2338/2338/2338
f 2339/2339/2339 2340/2340/2340 2338/2338/2338
f 2341/2341/2341 2343/2343/2343 2342/2342/2342
f 2343/2343/2343 2344/2344/2344 2342/2342/2342
f 2345/2345/2345 2347/2347/2347 2346/2346/2346
f 2347/2347/2347 2348/2348/2348 2346/2346/2346
f 2349/2349/2349 2351/2351/2351 2350/2350/2350
f 2351/2351/2351 2352/2352/2352 2350/2350/2350
o bloom_crystal_17
usemtl bloom_crystal
v 0.06621562199294566 1.6908893749248235 0.21620200162380934
v 0.06621562199294566 1.6908893749248235 0.05879799837619068
v 0.06621562199294566 1.6316106250751763 0.21620200162380934
v 0.06621562199294566 1.6316106250751763 0.05879799837619068
v -0.06621562199294566 1.6908893749248235 0.05879799837619068
v -0.06621562199294566 1.6908893749248235 0.21620200162380934
v -0.06621562199294566 1.6316106250751763 0.05879799837619068
v -0.06621562199294566 1.6316106250751763 0.21620200162380934
v -0.06621562199294566 1.6908893749248235 0.05879799837619068
v 0.06621562199294566 1.6908893749248235 0.05879799837619068
v -0.06621562199294566 1.6908893749248235 0.21620200162380934
v 0.06621562199294566 1.6908893749248235 0.21620200162380934
v -0.06621562199294566 1.6316106250751763 0.21620200162380934
v 0.06621562199294566 1.6316106250751763 0.21620200162380934
v -0.06621562199294566 1.6316106250751763 0.05879799837619068
v 0.06621562199294566 1.6316106250751763 0.05879799837619068
v -0.06621562199294566 1.6908893749248235 0.21620200162380934
v 0.06621562199294566 1.6908893749248235 0.21620200162380934
v -0.06621562199294566 1.6316106250751763 0.21620200162380934
v 0.06621562199294566 1.6316106250751763 0.21620200162380934
v 0.06621562199294566 1.6908893749248235 0.05879799837619068
v -0.06621562199294566 1.6908893749248235 0.05879799837619068
v 0.06621562199294566 1.6316106250751763 0.05879799837619068
v -0.06621562199294566 1.6316106250751763 0.05879799837619068
vt 0.75 0.375
vt 0.875 0.375
vt 0.75 0.3125
vt 0.875 0.3125
vt 0.75 0.375
vt 0.875 0.375
vt 0.75 0.3125
vt 0.875 0.3125
vt 0.75 0.4375
vt 0.875 0.4375
vt 0.75 0.3125
vt 0.875 0.3125
vt 0.75 0.4375
vt 0.875 0.4375
vt 0.75 0.3125
vt 0.875 0.3125
vt 0.75 0.375
vt 0.875 0.375
vt 0.75 0.3125
vt 0.875 0.3125
vt 0.75 0.375
vt 0.875 0.375
vt 0.75 0.3125
vt 0.875 0.3125
vn 0.9999999999999999 0 0
vn 0.9999999999999999 0 0
vn 0.9999999999999999 0 0
vn 0.9999999999999999 0 0
vn -0.9999999999999999 0 0
vn -0.9999999999999999 0 0
vn -0.9999999999999999 0 0
vn -0.9999999999999999 0 0
vn 0 0.9999999999999999 0
vn 0 0.9999999999999999 0
vn 0 0.9999999999999999 0
vn 0 0.9999999999999999 0
vn 0 -0.9999999999999999 0
vn 0 -0.9999999999999999 0
vn 0 -0.9999999999999999 0
vn 0 -0.9999999999999999 0
vn 0 0 0.9999999999999999
vn 0 0 0.9999999999999999
vn 0 0 0.9999999999999999
vn 0 0 0.9999999999999999
vn 0 0 -0.9999999999999999
vn 0 0 -0.9999999999999999
vn 0 0 -0.9999999999999999
vn 0 0 -0.9999999999999999
f 2353/2353/2353 2355/2355/2355 2354/2354/2354
f 2355/2355/2355 2356/2356/2356 2354/2354/2354
f 2357/2357/2357 2359/2359/2359 2358/2358/2358
f 2359/2359/2359 2360/2360/2360 2358/2358/2358
f 2361/2361/2361 2363/2363/2363 2362/2362/2362
f 2363/2363/2363 2364/2364/2364 2362/2362/2362
f 2365/2365/2365 2367/2367/2367 2366/2366/2366
f 2367/2367/2367 2368/2368/2368 2366/2366/2366
f 2369/2369/2369 2371/2371/2371 2370/2370/2370
f 2371/2371/2371 2372/2372/2372 2370/2370/2370
f 2373/2373/2373 2375/2375/2375 2374/2374/2374
f 2375/2375/2375 2376/2376/2376 2374/2374/2374
o bloom_crystal_18
usemtl bloom_crystal
v 0.097546875 1.7493146874224768 0.24155000155046583
v 0.097546875 1.7493146874224768 0.033449998449534196
v 0.097546875 1.6881853125775232 0.24155000155046583
v 0.097546875 1.6881853125775232 0.033449998449534196
v -0.097546875 1.7493146874224768 0.033449998449534196
v -0.097546875 1.7493146874224768 0.24155000155046583
v -0.097546875 1.6881853125775232 0.033449998449534196
v -0.097546875 1.6881853125775232 0.24155000155046583
v -0.097546875 1.7493146874224768 0.033449998449534196
v 0.097546875 1.7493146874224768 0.033449998449534196
v -0.097546875 1.7493146874224768 0.24155000155046583
v 0.097546875 1.7493146874224768 0.24155000155046583
v -0.097546875 1.6881853125775232 0.24155000155046583
v 0.097546875 1.6881853125775232 0.24155000155046583
v -0.097546875 1.6881853125775232 0.033449998449534196
v 0.097546875 1.6881853125775232 0.033449998449534196
v -0.097546875 1.7493146874224768 0.24155000155046583
v 0.097546875 1.7493146874224768 0.24155000155046583
v -0.097546875 1.6881853125775232 0.24155000155046583
v 0.097546875 1.6881853125775232 0.24155000155046583
v 0.097546875 1.7493146874224768 0.033449998449534196
v -0.097546875 1.7493146874224768 0.033449998449534196
v 0.097546875 1.6881853125775232 0.033449998449534196
v -0.097546875 1.6881853125775232 0.033449998449534196
vt 0.1875 1
vt 0.375 1
vt 0.1875 0.9375
vt 0.375 0.9375
vt 0.1875 1
vt 0.375 1
vt 0.1875 0.9375
vt 0.375 0.9375
vt 0.1875 1.125
vt 0.375 1.125
vt 0.1875 0.9375
vt 0.375 0.9375
vt 0.1875 1.125
vt 0.375 1.125
vt 0.1875 0.9375
vt 0.375 0.9375
vt 0.1875 1
vt 0.375 1
vt 0.1875 0.9375
vt 0.375 0.9375
vt 0.1875 1
vt 0.375 1
vt 0.1875 0.9375
vt 0.375 0.9375
vn 1 0 0
vn 1 0 0
vn 1 0 0
vn 1 0 0
vn -1 0 0
vn -1 0 0
vn -1 0 0
vn -1 0 0
vn 0 1 0
vn 0 1 0
vn 0 1 0
vn 0 1 0
vn 0 -1 0
vn 0 -1 0
vn 0 -1 0
vn 0 -1 0
vn 0 0 1
vn 0 0 1
vn 0 0 1
vn 0 0 1
vn 0 0 -1
vn 0 0 -1
vn 0 0 -1
vn 0 0 -1
f 2377/2377/2377 2379/2379/2379 2378/2378/2378
f 2379/2379/2379 2380/2380/2380 2378/2378/2378
f 2381/2381/2381 2383/2383/2383 2382/2382/2382
f 2383/2383/2383 2384/2384/2384 2382/2382/2382
f 2385/2385/2385 2387/2387/2387 2386/2386/2386
f 2387/2387/2387 2388/2388/2388 2386/2386/2386
f 2389/2389/2389 2391/2391/2391 2390/2390/2390
f 2391/2391/2391 2392/2392/2392 2390/2390/2390
f 2393/2393/2393 2395/2395/2395 2394/2394/2394
f 2395/2395/2395 2396/2396/2396 2394/2394/2394
f 2397/2397/2397 2399/2399/2399 2398/2398/2398
f 2399/2399/2399 2400/2400/2400 2398/2398/2398
o bloom_crystal_19
usemtl bloom_crystal
v 0.06651093447953463 1.8060215624244884 0.21655300163105132
v 0.06651093447953463 1.8060215624244884 0.058446998368948705
v 0.06651093447953463 1.7464784375755118 0.21655300163105132
v 0.06651093447953463 1.7464784375755118 0.058446998368948705
v -0.06651093447953463 1.8060215624244884 0.058446998368948705
v -0.06651093447953463 1.8060215624244884 0.21655300163105132
v -0.06651093447953463 1.7464784375755118 0.058446998368948705
v -0.06651093447953463 1.7464784375755118 0.21655300163105132
v -0.06651093447953463 1.8060215624244884 0.058446998368948705
v 0.06651093447953463 1.8060215624244884 0.058446998368948705
v -0.06651093447953463 1.8060215624244884 0.21655300163105132
v 0.06651093447953463 1.8060215624244884 0.21655300163105132
v -0.06651093447953463 1.7464784375755118 0.21655300163105132
v 0.06651093447953463 1.7464784375755118 0.21655300163105132
v -0.06651093447953463 1.7464784375755118 0.058446998368948705
v 0.06651093447953463 1.7464784375755118 0.058446998368948705
v -0.06651093447953463 1.8060215624244884 0.21655300163105132
v 0.06651093447953463 1.8060215624244884 0.21655300163105132
v -0.06651093447953463 1.7464784375755118 0.21655300163105132
v 0.06651093447953463 1.7464784375755118 0.21655300163105132
v 0.06651093447953463 1.8060215624244884 0.058446998368948705
v -0.06651093447953463 1.8060215624244884 0.058446998368948705
v 0.06651093447953463 1.7464784375755118 0.058446998368948705
v -0.06651093447953463 1.7464784375755118 0.058446998368948705
vt 0.75 0.375
vt 0.875 0.375
vt 0.75 0.3125
vt 0.875 0.3125
vt 0.75 0.375
vt 0.875 0.375
vt 0.75 0.3125
vt 0.875 0.3125
vt 0.75 0.4375
vt 0.875 0.4375
vt 0.75 0.3125
vt 0.875 0.3125
vt 0.75 0.4375
vt 0.875 0.4375
vt 0.75 0.3125
vt 0.875 0.3125
vt 0.75 0.375
vt 0.875 0.375
vt 0.75 0.3125
vt 0.875 0.3125
vt 0.75 0.375
vt 0.875 0.375
vt 0.75 0.3125
vt 0.875 0.3125
vn 1 0 0
vn 1 0 0
vn 1 0 0
vn 1 0 0
vn -1 0 0
vn -1 0 0
vn -1 0 0
vn -1 0 0
vn 0 1 0
vn 0 1 0
vn 0 1 0
vn 0 1 0
vn 0 -1 0
vn 0 -1 0
vn 0 -1 0
vn 0 -1 0
vn 0 0 1
vn 0 0 1
vn 0 0 1
vn 0 0 1
vn 0 0 -1
vn 0 0 -1
vn 0 0 -1
vn 0 0 -1
f 2401/2401/2401 2403/2403/2403 2402/2402/2402
f 2403/2403/2403 2404/2404/2404 2402/2402/2402
f 2405/2405/2405 2407/2407/2407 2406/2406/2406
f 2407/2407/2407 2408/2408/2408 2406/2406/2406
f 2409/2409/2409 2411/2411/2411 2410/2410/2410
f 2411/2411/2411 2412/2412/2412 2410/2410/2410
f 2413/2413/2413 2415/2415/2415 2414/2414/2414
f 2415/2415/2415 2416/2416/2416 2414/2414/2414
f 2417/2417/2417 2419/2419/2419 2418/2418/2418
f 2419/2419/2419 2420/2420/2420 2418/2418/2418
f 2421/2421/2421 2423/2423/2423 2422/2422/2422
f 2423/2423/2423 2424/2424/2424 2422/2422/2422
o bloom_crystal_20
usemtl bloom_crystal
v 0.03918750155717134 1.8644468749221415 0.19602000180631876
v 0.03918750155717134 1.8644468749221415 0.07897999819368126
v 0.03918750155717134 1.8030531250778585 0.19602000180631876
v 0.03918750155717134 1.8030531250778585 0.07897999819368126
v -0.03918750155717134 1.8644468749221415 0.07897999819368126
v -0.03918750155717134 1.8644468749221415 0.19602000180631876
v -0.03918750155717134 1.8030531250778585 0.07897999819368126
v -0.03918750155717134 1.8030531250778585 0.19602000180631876
v -0.03918750155717134 1.8644468749221415 0.07897999819368126
v 0.03918750155717134 1.8644468749221415 0.07897999819368126
v -0.03918750155717134 1.8644468749221415 0.19602000180631876
v 0.03918750155717134 1.8644468749221415 0.19602000180631876
v -0.03918750155717134 1.8030531250778585 0.19602000180631876
v 0.03918750155717134 1.8030531250778585 0.19602000180631876
v -0.03918750155717134 1.8030531250778585 0.07897999819368126
v 0.03918750155717134 1.8030531250778585 0.07897999819368126
v -0.03918750155717134 1.8644468749221415 0.19602000180631876
v 0.03918750155717134 1.8644468749221415 0.19602000180631876
v -0.03918750155717134 1.8030531250778585 0.19602000180631876
v 0.03918750155717134 1.8030531250778585 0.19602000180631876
v 0.03918750155717134 1.8644468749221415 0.07897999819368126
v -0.03918750155717134 1.8644468749221415 0.07897999819368126
v 0.03918750155717134 1.8030531250778585 0.07897999819368126
v -0.03918750155717134 1.8030531250778585 0.07897999819368126
vt 0.4375 0.75
vt 0.5625 0.75
vt 0.4375 0.6875
vt 0.5625 0.6875
vt 0.4375 0.75
vt 0.5625 0.75
vt 0.4375 0.6875
vt 0.5625 0.6875
vt 0.4375 0.8125
vt 0.5 0.8125
vt 0.4375 0.6875
vt 0.5 0.6875
vt 0.4375 0.8125
vt 0.5 0.8125
vt 0.4375 0.6875
vt 0.5 0.6875
vt 0.4375 0.75
vt 0.5 0.75
vt 0.4375 0.6875
vt 0.5 0.6875
vt 0.4375 0.75
vt 0.5 0.75
vt 0.4375 0.6875
vt 0.5 0.6875
vn 1 0 0
vn 1 0 0
vn 1 0 0
vn 1 0 0
vn -1 0 0
vn -1 0 0
vn -1 0 0
vn -1 0 0
vn 0 1 0
vn 0 1 0
vn 0 1 0
vn 0 1 0
vn 0 -1 0
vn 0 -1 0
vn 0 -1 0
vn 0 -1 0
vn 0 0 1
vn 0 0 1
vn 0 0 1
vn 0 0 1
vn 0 0 -1
vn 0 0 -1
vn 0 0 -1
vn 0 0 -1
f 2425/2425/2425 2427/2427/2427 2426/2426/2426
f 2427/2427/2427 2428/2428/2428 2426/2426/2426
f 2429/2429/2429 2431/2431/2431 2430/2430/2430
f 2431/2431/2431 2432/2432/2432 2430/2430/2430
f 2433/2433/2433 2435/2435/2435 2434/2434/2434
f 2435/2435/2435 2436/2436/2436 2434/2434/2434
f 2437/2437/2437 2439/2439/2439 2438/2438/2438
f 2439/2439/2439 2440/2440/2440 2438/2438/2438
f 2441/2441/2441 2443/2443/2443 2442/2442/2442
f 2443/2443/2443 2444/2444/2444 2442/2442/2442
f 2445/2445/2445 2447/2447/2447 2446/2446/2446
f 2447/2447/2447 2448/2448/2448 2446/2446/2446
o bud_prong_L_21
usemtl heartwood_green
v -0.16133077156332243 1.8446640092878768 0.16295000037923457
v -0.16133077156332243 1.8446640092878768 0.11204999962076545
v -0.09976164913320698 1.5977237469506356 0.16295000037923457
v -0.09976164913320698 1.5977237469506356 0.11204999962076545
v -0.21071882476670997 1.8323501846183634 0.11204999962076545
v -0.21071882476670997 1.8323501846183634 0.16295000037923457
v -0.14914970233659453 1.5854099222811222 0.11204999962076545
v -0.14914970233659453 1.5854099222811222 0.16295000037923457
v -0.21071882476670997 1.8323501846183634 0.11204999962076545
v -0.16133077156332243 1.8446640092878768 0.11204999962076545
v -0.21071882476670997 1.8323501846183634 0.16295000037923457
v -0.16133077156332243 1.8446640092878768 0.16295000037923457
v -0.14914970233659453 1.5854099222811222 0.16295000037923457
v -0.09976164913320698 1.5977237469506356 0.16295000037923457
v -0.14914970233659453 1.5854099222811222 0.11204999962076545
v -0.09976164913320698 1.5977237469506356 0.11204999962076545
v -0.21071882476670997 1.8323501846183634 0.16295000037923457
v -0.16133077156332243 1.8446640092878768 0.16295000037923457
v -0.14914970233659453 1.5854099222811222 0.16295000037923457
v -0.09976164913320698 1.5977237469506356 0.16295000037923457
v -0.16133077156332243 1.8446640092878768 0.11204999962076545
v -0.21071882476670997 1.8323501846183634 0.11204999962076545
v -0.09976164913320698 1.5977237469506356 0.11204999962076545
v -0.14914970233659453 1.5854099222811222 0.11204999962076545
vt 0.0625 0.5
vt 0.125 0.5
vt 0.0625 0.25
vt 0.125 0.25
vt 0.0625 0.5
vt 0.125 0.5
vt 0.0625 0.25
vt 0.125 0.25
vt 0.0625 0.3125
vt 0.125 0.3125
vt 0.0625 0.25
vt 0.125 0.25
vt 0.0625 0.3125
vt 0.125 0.3125
vt 0.0625 0.25
vt 0.125 0.25
vt 0.0625 0.5
vt 0.125 0.5
vt 0.0625 0.25
vt 0.125 0.25
vt 0.0625 0.5
vt 0.125 0.5
vt 0.0625 0.25
vt 0.125 0.25
vn 0.9702957262759965 0.24192189559966767 0
vn 0.9702957262759965 0.24192189559966767 0
vn 0.9702957262759965 0.24192189559966767 0
vn 0.9702957262759965 0.24192189559966767 0
vn -0.9702957262759965 -0.24192189559966767 0
vn -0.9702957262759965 -0.24192189559966767 0
vn -0.9702957262759965 -0.24192189559966767 0
vn -0.9702957262759965 -0.24192189559966767 0
vn -0.24192189559966767 0.9702957262759965 0
vn -0.24192189559966767 0.9702957262759965 0
vn -0.24192189559966767 0.9702957262759965 0
vn -0.24192189559966767 0.9702957262759965 0
vn 0.24192189559966767 -0.9702957262759965 0
vn 0.24192189559966767 -0.9702957262759965 0
vn 0.24192189559966767 -0.9702957262759965 0
vn 0.24192189559966767 -0.9702957262759965 0
vn 0 0 0.9999999999999999
vn 0 0 0.9999999999999999
vn 0 0 0.9999999999999999
vn 0 0 0.9999999999999999
vn 0 0 -0.9999999999999999
vn 0 0 -0.9999999999999999
vn 0 0 -0.9999999999999999
vn 0 0 -0.9999999999999999
f 2449/2449/2449 2451/2451/2451 2450/2450/2450
f 2451/2451/2451 2452/2452/2452 2450/2450/2450
f 2453/2453/2453 2455/2455/2455 2454/2454/2454
f 2455/2455/2455 2456/2456/2456 2454/2454/2454
f 2457/2457/2457 2459/2459/2459 2458/2458/2458
f 2459/2459/2459 2460/2460/2460 2458/2458/2458
f 2461/2461/2461 2463/2463/2463 2462/2462/2462
f 2463/2463/2463 2464/2464/2464 2462/2462/2462
f 2465/2465/2465 2467/2467/2467 2466/2466/2466
f 2467/2467/2467 2468/2468/2468 2466/2466/2466
f 2469/2469/2469 2471/2471/2471 2470/2470/2470
f 2471/2471/2471 2472/2472/2472 2470/2470/2470
o bud_prong_L_22
usemtl heartwood_green
v -0.12467424397879506 1.9122555615843226 0.1604578121090308
v -0.12467424397879506 1.9122555615843226 0.11454218789096923
v -0.153602384902852 1.8113711450923011 0.1604578121090308
v -0.153602384902852 1.8113711450923011 0.11454218789096923
v -0.16881117478471547 1.9249116228344763 0.11454218789096923
v -0.16881117478471547 1.9249116228344763 0.1604578121090308
v -0.1977393157087724 1.8240272063424547 0.11454218789096923
v -0.1977393157087724 1.8240272063424547 0.1604578121090308
v -0.16881117478471547 1.9249116228344763 0.11454218789096923
v -0.12467424397879506 1.9122555615843226 0.11454218789096923
v -0.16881117478471547 1.9249116228344763 0.1604578121090308
v -0.12467424397879506 1.9122555615843226 0.1604578121090308
v -0.1977393157087724 1.8240272063424547 0.1604578121090308
v -0.153602384902852 1.8113711450923011 0.1604578121090308
v -0.1977393157087724 1.8240272063424547 0.11454218789096923
v -0.153602384902852 1.8113711450923011 0.11454218789096923
v -0.16881117478471547 1.9249116228344763 0.1604578121090308
v -0.12467424397879506 1.9122555615843226 0.1604578121090308
v -0.1977393157087724 1.8240272063424547 0.1604578121090308
v -0.153602384902852 1.8113711450923011 0.1604578121090308
v -0.12467424397879506 1.9122555615843226 0.11454218789096923
v -0.16881117478471547 1.9249116228344763 0.11454218789096923
v -0.153602384902852 1.8113711450923011 0.11454218789096923
v -0.1977393157087724 1.8240272063424547 0.11454218789096923
vt 0.5625 0.125
vt 0.625 0.125
vt 0.5625 0
vt 0.625 0
vt 0.5625 0.125
vt 0.625 0.125
vt 0.5625 0
vt 0.625 0
vt 0.5625 0.0625
vt 0.625 0.0625
vt 0.5625 0
vt 0.625 0
vt 0.5625 0.0625
vt 0.625 0.0625
vt 0.5625 0
vt 0.625 0
vt 0.5625 0.125
vt 0.625 0.125
vt 0.5625 0
vt 0.625 0
vt 0.5625 0.125
vt 0.625 0.125
vt 0.5625 0
vt 0.625 0
vn 0.9612616959383189 -0.27563735581699905 0
vn 0.9612616959383189 -0.27563735581699905 0
vn 0.9612616959383189 -0.27563735581699905 0
vn 0.9612616959383189 -0.27563735581699905 0
vn -0.9612616959383189 0.27563735581699905 0
vn -0.9612616959383189 0.27563735581699905 0
vn -0.9612616959383189 0.27563735581699905 0
vn -0.9612616959383189 0.27563735581699905 0
vn 0.27563735581699905 0.9612616959383189 0
vn 0.27563735581699905 0.9612616959383189 0
vn 0.27563735581699905 0.9612616959383189 0
vn 0.27563735581699905 0.9612616959383189 0
vn -0.27563735581699905 -0.9612616959383189 0
vn -0.27563735581699905 -0.9612616959383189 0
vn -0.27563735581699905 -0.9612616959383189 0
vn -0.27563735581699905 -0.9612616959383189 0
vn 0 0 1
vn 0 0 1
vn 0 0 1
vn 0 0 1
vn 0 0 -1
vn 0 0 -1
vn 0 0 -1
vn 0 0 -1
f 2473/2473/2473 2475/2475/2475 2474/2474/2474
f 2475/2475/2475 2476/2476/2476 2474/2474/2474
f 2477/2477/2477 2479/2479/2479 2478/2478/2478
f 2479/2479/2479 2480/2480/2480 2478/2478/2478
f 2481/2481/2481 2483/2483/2483 2482/2482/2482
f 2483/2483/2483 2484/2484/2484 2482/2482/2482
f 2485/2485/2485 2487/2487/2487 2486/2486/2486
f 2487/2487/2487 2488/2488/2488 2486/2486/2486
f 2489/2489/2489 2491/2491/2491 2490/2490/2490
f 2491/2491/2491 2492/2492/2492 2490/2490/2490
f 2493/2493/2493 2495/2495/2495 2494/2494/2494
f 2495/2495/2495 2496/2496/2496 2494/2494/2494
o bud_prong_R_23
usemtl heartwood_green
v 0.2109640641038174 1.8328687597507332 0.16306250038091094
v 0.2109640641038174 1.8328687597507332 0.11193749961908908
v 0.14912277954115236 1.5848369147214314 0.16306250038091094
v 0.14912277954115236 1.5848369147214314 0.11193749961908908
v 0.1613576943587646 1.8452370168475676 0.11193749961908908
v 0.1613576943587646 1.8452370168475676 0.16306250038091094
v 0.09951640979609955 1.5972051718182658 0.11193749961908908
v 0.09951640979609955 1.5972051718182658 0.16306250038091094
v 0.1613576943587646 1.8452370168475676 0.11193749961908908
v 0.2109640641038174 1.8328687597507332 0.11193749961908908
v 0.1613576943587646 1.8452370168475676 0.16306250038091094
v 0.2109640641038174 1.8328687597507332 0.16306250038091094
v 0.09951640979609955 1.5972051718182658 0.16306250038091094
v 0.14912277954115236 1.5848369147214314 0.16306250038091094
v 0.09951640979609955 1.5972051718182658 0.11193749961908908
v 0.14912277954115236 1.5848369147214314 0.11193749961908908
v 0.1613576943587646 1.8452370168475676 0.16306250038091094
v 0.2109640641038174 1.8328687597507332 0.16306250038091094
v 0.09951640979609955 1.5972051718182658 0.16306250038091094
v 0.14912277954115236 1.5848369147214314 0.16306250038091094
v 0.2109640641038174 1.8328687597507332 0.11193749961908908
v 0.1613576943587646 1.8452370168475676 0.11193749961908908
v 0.14912277954115236 1.5848369147214314 0.11193749961908908
v 0.09951640979609955 1.5972051718182658 0.11193749961908908
vt 0.0625 0.5
vt 0.125 0.5
vt 0.0625 0.25
vt 0.125 0.25
vt 0.0625 0.5
vt 0.125 0.5
vt 0.0625 0.25
vt 0.125 0.25
vt 0.0625 0.3125
vt 0.125 0.3125
vt 0.0625 0.25
vt 0.125 0.25
vt 0.0625 0.3125
vt 0.125 0.3125
vt 0.0625 0.25
vt 0.125 0.25
vt 0.0625 0.5
vt 0.125 0.5
vt 0.0625 0.25
vt 0.125 0.25
vt 0.0625 0.5
vt 0.125 0.5
vt 0.0625 0.25
vt 0.125 0.25
vn 0.9702957262759965 -0.24192189559966773 0
vn 0.9702957262759965 -0.24192189559966773 0
vn 0.9702957262759965 -0.24192189559966773 0
vn 0.9702957262759965 -0.24192189559966773 0
vn -0.9702957262759965 0.24192189559966773 0
vn -0.9702957262759965 0.24192189559966773 0
vn -0.9702957262759965 0.24192189559966773 0
vn -0.9702957262759965 0.24192189559966773 0
vn 0.24192189559966773 0.9702957262759965 0
vn 0.24192189559966773 0.9702957262759965 0
vn 0.24192189559966773 0.9702957262759965 0
vn 0.24192189559966773 0.9702957262759965 0
vn -0.24192189559966773 -0.9702957262759965 0
vn -0.24192189559966773 -0.9702957262759965 0
vn -0.24192189559966773 -0.9702957262759965 0
vn -0.24192189559966773 -0.9702957262759965 0
vn 0 0 1
vn 0 0 1
vn 0 0 1
vn 0 0 1
vn 0 0 -1
vn 0 0 -1
vn 0 0 -1
vn 0 0 -1
f 2497/2497/2497 2499/2499/2499 2498/2498/2498
f 2499/2499/2499 2500/2500/2500 2498/2498/2498
f 2501/2501/2501 2503/2503/2503 2502/2502/2502
f 2503/2503/2503 2504/2504/2504 2502/2502/2502
f 2505/2505/2505 2507/2507/2507 2506/2506/2506
f 2507/2507/2507 2508/2508/2508 2506/2506/2506
f 2509/2509/2509 2511/2511/2511 2510/2510/2510
f 2511/2511/2511 2512/2512/2512 2510/2510/2510
f 2513/2513/2513 2515/2515/2515 2514/2514/2514
f 2515/2515/2515 2516/2516/2516 2514/2514/2514
f 2517/2517/2517 2519/2519/2519 2518/2518/2518
f 2519/2519/2519 2520/2520/2520 2518/2518/2518
o bud_prong_R_24
usemtl heartwood_green
v 0.168843780575315 1.9251550397710364 0.16055624960735443
v 0.168843780575315 1.9251550397710364 0.11444375039264561
v 0.19789595831133788 1.823838055509397 0.16055624960735443
v 0.19789595831133788 1.823838055509397 0.11444375039264561
v 0.1245176013762296 1.9124447124173805 0.11444375039264561
v 0.1245176013762296 1.9124447124173805 0.16055624960735443
v 0.15356977911225247 1.811127728155741 0.11444375039264561
v 0.15356977911225247 1.811127728155741 0.16055624960735443
v 0.1245176013762296 1.9124447124173805 0.11444375039264561
v 0.168843780575315 1.9251550397710364 0.11444375039264561
v 0.1245176013762296 1.9124447124173805 0.16055624960735443
v 0.168843780575315 1.9251550397710364 0.16055624960735443
v 0.15356977911225247 1.811127728155741 0.16055624960735443
v 0.19789595831133788 1.823838055509397 0.16055624960735443
v 0.15356977911225247 1.811127728155741 0.11444375039264561
v 0.19789595831133788 1.823838055509397 0.11444375039264561
v 0.1245176013762296 1.9124447124173805 0.16055624960735443
v 0.168843780575315 1.9251550397710364 0.16055624960735443
v 0.15356977911225247 1.811127728155741 0.16055624960735443
v 0.19789595831133788 1.823838055509397 0.16055624960735443
v 0.168843780575315 1.9251550397710364 0.11444375039264561
v 0.1245176013762296 1.9124447124173805 0.11444375039264561
v 0.19789595831133788 1.823838055509397 0.11444375039264561
v 0.15356977911225247 1.811127728155741 0.11444375039264561
vt 0.5625 0.125
vt 0.625 0.125
vt 0.5625 0
vt 0.625 0
vt 0.5625 0.125
vt 0.625 0.125
vt 0.5625 0
vt 0.625 0
vt 0.5625 0.0625
vt 0.625 0.0625
vt 0.5625 0
vt 0.625 0
vt 0.5625 0.0625
vt 0.625 0.0625
vt 0.5625 0
vt 0.625 0
vt 0.5625 0.125
vt 0.625 0.125
vt 0.5625 0
vt 0.625 0
vt 0.5625 0.125
vt 0.625 0.125
vt 0.5625 0
vt 0.625 0
vn 0.9612616959383189 0.27563735581699905 0
vn 0.9612616959383189 0.27563735581699905 0
vn 0.9612616959383189 0.27563735581699905 0
vn 0.9612616959383189 0.27563735581699905 0
vn -0.9612616959383189 -0.27563735581699905 0
vn -0.9612616959383189 -0.27563735581699905 0
vn -0.9612616959383189 -0.27563735581699905 0
vn -0.9612616959383189 -0.27563735581699905 0
vn -0.27563735581699905 0.9612616959383189 0
vn -0.27563735581699905 0.9612616959383189 0
vn -0.27563735581699905 0.9612616959383189 0
vn -0.27563735581699905 0.9612616959383189 0
vn 0.27563735581699905 -0.9612616959383189 0
vn 0.27563735581699905 -0.9612616959383189 0
vn 0.27563735581699905 -0.9612616959383189 0
vn 0.27563735581699905 -0.9612616959383189 0
vn 0 0 1
vn 0 0 1
vn 0 0 1
vn 0 0 1
vn 0 0 -1
vn 0 0 -1
vn 0 0 -1
vn 0 0 -1
f 2521/2521/2521 2523/2523/2523 2522/2522/2522
f 2523/2523/2523 2524/2524/2524 2522/2522/2522
f 2525/2525/2525 2527/2527/2527 2526/2526/2526
f 2527/2527/2527 2528/2528/2528 2526/2526/2526
f 2529/2529/2529 2531/2531/2531 2530/2530/2530
f 2531/2531/2531 2532/2532/2532 2530/2530/2530
f 2533/2533/2533 2535/2535/2535 2534/2534/2534
f 2535/2535/2535 2536/2536/2536 2534/2534/2534
f 2537/2537/2537 2539/2539/2539 2538/2538/2538
f 2539/2539/2539 2540/2540/2540 2538/2538/2538
f 2541/2541/2541 2543/2543/2543 2542/2542/2542
f 2543/2543/2543 2544/2544/2544 2542/2542/2542
o tendril_0_0_207
usemtl vine
v -0.00020715837995661458 1.7186994354548992 -0.12495827812653035
v -0.00020715837995661458 1.7186994354548992 -0.12504172187346965
v -0.000009368028735333878 1.7187916666103829 -0.12495827812653035
v -0.000009368028735333878 1.7187916666103829 -0.12504172187346965
v -0.00017189352867199616 1.7186238097372688 -0.12504172187346965
v -0.00017189352867199616 1.7186238097372688 -0.12495827812653035
v 0.00002589682254928454 1.7187160408927524 -0.12504172187346965
v 0.00002589682254928454 1.7187160408927524 -0.12495827812653035
v -0.00017189352867199616 1.7186238097372688 -0.12504172187346965
v -0.00020715837995661458 1.7186994354548992 -0.12504172187346965
v -0.00017189352867199616 1.7186238097372688 -0.12495827812653035
v -0.00020715837995661458 1.7186994354548992 -0.12495827812653035
v 0.00002589682254928454 1.7187160408927524 -0.12495827812653035
v -0.000009368028735333878 1.7187916666103829 -0.12495827812653035
v 0.00002589682254928454 1.7187160408927524 -0.12504172187346965
v -0.000009368028735333878 1.7187916666103829 -0.12504172187346965
v -0.00017189352867199616 1.7186238097372688 -0.12495827812653035
v -0.00020715837995661458 1.7186994354548992 -0.12495827812653035
v 0.00002589682254928454 1.7187160408927524 -0.12495827812653035
v -0.000009368028735333878 1.7187916666103829 -0.12495827812653035
v -0.00020715837995661458 1.7186994354548992 -0.12504172187346965
v -0.00017189352867199616 1.7186238097372688 -0.12504172187346965
v -0.000009368028735333878 1.7187916666103829 -0.12504172187346965
v 0.00002589682254928454 1.7187160408927524 -0.12504172187346965
vt 0.9375 0.375
vt 1 0.375
vt 0.9375 0.1875
vt 1 0.1875
vt 0.9375 0.375
vt 1 0.375
vt 0.9375 0.1875
vt 1 0.1875
vt 0.9375 0.25
vt 1 0.25
vt 0.9375 0.1875
vt 1 0.1875
vt 0.9375 0.25
vt 1 0.25
vt 0.9375 0.1875
vt 1 0.1875
vt 0.9375 0.375
vt 1 0.375
vt 0.9375 0.1875
vt 1 0.1875
vt 0.9375 0.375
vt 1 0.375
vt 0.9375 0.1875
vt 1 0.1875
vn -0.4226182617406994 0.9063077870366499 0
vn -0.4226182617406994 0.9063077870366499 0
vn -0.4226182617406994 0.9063077870366499 0
vn -0.4226182617406994 0.9063077870366499 0
vn 0.4226182617406994 -0.9063077870366499 0
vn 0.4226182617406994 -0.9063077870366499 0
vn 0.4226182617406994 -0.9063077870366499 0
vn 0.4226182617406994 -0.9063077870366499 0
vn -0.9063077870366499 -0.4226182617406994 0
vn -0.9063077870366499 -0.4226182617406994 0
vn -0.9063077870366499 -0.4226182617406994 0
vn -0.9063077870366499 -0.4226182617406994 0
vn 0.9063077870366499 0.4226182617406994 0
vn 0.9063077870366499 0.4226182617406994 0
vn 0.9063077870366499 0.4226182617406994 0
vn 0.9063077870366499 0.4226182617406994 0
vn 0 0 1
vn 0 0 1
vn 0 0 1
vn 0 0 1
vn 0 0 -1
vn 0 0 -1
vn 0 0 -1
vn 0 0 -1
f 2545/2545/2545 2547/2547/2547 2546/2546/2546
f 2547/2547/2547 2548/2548/2548 2546/2546/2546
f 2549/2549/2549 2551/2551/2551 2550/2550/2550
f 2551/2551/2551 2552/2552/2552 2550/2550/2550
f 2553/2553/2553 2555/2555/2555 2554/2554/2554
f 2555/2555/2555 2556/2556/2556 2554/2554/2554
f 2557/2557/2557 2559/2559/2559 2558/2558/2558
f 2559/2559/2559 2560/2560/2560 2558/2558/2558
f 2561/2561/2561 2563/2563/2563 2562/2562/2562
f 2563/2563/2563 2564/2564/2564 2562/2562/2562
f 2565/2565/2565 2567/2567/2567 2566/2566/2566
f 2567/2567/2567 2568/2568/2568 2566/2566/2566
o tendril_0_1_208
usemtl vine
v -0.0003837715888936098 1.7186117314280698 -0.12496312500163913
v -0.0003837715888936098 1.7186117314280698 -0.12503687499836086
v -0.0001911811787463063 1.7187015378112085 -0.12496312500163913
v -0.0001911811787463063 1.7187015378112085 -0.12503687499836086
v -0.00035260349347568387 1.718544891231747 -0.12503687499836086
v -0.00035260349347568387 1.718544891231747 -0.12496312500163913
v -0.00016001308332838036 1.7186346976148856 -0.12503687499836086
v -0.00016001308332838036 1.7186346976148856 -0.12496312500163913
v -0.00035260349347568387 1.718544891231747 -0.12503687499836086
v -0.0003837715888936098 1.7186117314280698 -0.12503687499836086
v -0.00035260349347568387 1.718544891231747 -0.12496312500163913
v -0.0003837715888936098 1.7186117314280698 -0.12496312500163913
v -0.00016001308332838036 1.7186346976148856 -0.12496312500163913
v -0.0001911811787463063 1.7187015378112085 -0.12496312500163913
v -0.00016001308332838036 1.7186346976148856 -0.12503687499836086
v -0.0001911811787463063 1.7187015378112085 -0.12503687499836086
v -0.00035260349347568387 1.718544891231747 -0.12496312500163913
v -0.0003837715888936098 1.7186117314280698 -0.12496312500163913
v -0.00016001308332838036 1.7186346976148856 -0.12496312500163913
v -0.0001911811787463063 1.7187015378112085 -0.12496312500163913
v -0.0003837715888936098 1.7186117314280698 -0.12503687499836086
v -0.00035260349347568387 1.718544891231747 -0.12503687499836086
v -0.0001911811787463063 1.7187015378112085 -0.12503687499836086
v -0.00016001308332838036 1.7186346976148856 -0.12503687499836086
vt 0.375 0.3125
vt 0.4375 0.3125
vt 0.375 0.125
vt 0.4375 0.125
vt 0.375 0.3125
vt 0.4375 0.3125
vt 0.375 0.125
vt 0.4375 0.125
vt 0.375 0.1875
vt 0.4375 0.1875
vt 0.375 0.125
vt 0.4375 0.125
vt 0.375 0.1875
vt 0.4375 0.1875
vt 0.375 0.125
vt 0.4375 0.125
vt 0.375 0.3125
vt 0.4375 0.3125
vt 0.375 0.125
vt 0.4375 0.125
vt 0.375 0.3125
vt 0.4375 0.3125
vt 0.375 0.125
vt 0.4375 0.125
vn -0.42261826174069933 0.9063077870366498 0
vn -0.42261826174069933 0.9063077870366498 0
vn -0.42261826174069933 0.9063077870366498 0
vn -0.42261826174069933 0.9063077870366498 0
vn 0.42261826174069933 -0.9063077870366498 0
vn 0.42261826174069933 -0.9063077870366498 0
vn 0.42261826174069933 -0.9063077870366498 0
vn 0.42261826174069933 -0.9063077870366498 0
vn -0.9063077870366498 -0.42261826174069933 0
vn -0.9063077870366498 -0.42261826174069933 0
vn -0.9063077870366498 -0.42261826174069933 0
vn -0.9063077870366498 -0.42261826174069933 0
vn 0.9063077870366498 0.42261826174069933 0
vn 0.9063077870366498 0.42261826174069933 0
vn 0.9063077870366498 0.42261826174069933 0
vn 0.9063077870366498 0.42261826174069933 0
vn 0 0 0.9999999999999999
vn 0 0 0.9999999999999999
vn 0 0 0.9999999999999999
vn 0 0 0.9999999999999999
vn 0 0 -0.9999999999999999
vn 0 0 -0.9999999999999999
vn 0 0 -0.9999999999999999
vn 0 0 -0.9999999999999999
f 2569/2569/2569 2571/2571/2571 2570/2570/2570
f 2571/2571/2571 2572/2572/2572 2570/2570/2570
f 2573/2573/2573 2575/2575/2575 2574/2574/2574
f 2575/2575/2575 2576/2576/2576 2574/2574/2574
f 2577/2577/2577 2579/2579/2579 2578/2578/2578
f 2579/2579/2579 2580/2580/2580 2578/2578/2578
f 2581/2581/2581 2583/2583/2583 2582/2582/2582
f 2583/2583/2583 2584/2584/2584 2582/2582/2582
f 2585/2585/2585 2587/2587/2587 2586/2586/2586
f 2587/2587/2587 2588/2588/2588 2586/2586/2586
f 2589/2589/2589 2591/2591/2591 2590/2590/2590
f 2591/2591/2591 2592/2592/2592 2590/2590/2590
o tendril_0_2_209
usemtl vine
v -0.0005669226024349377 1.7185233403463311 -0.12496583156434446
v -0.0005669226024349377 1.7185233403463311 -0.12503416843565554
v -0.00036826559436799406 1.718615975630539 -0.12496583156434446
v -0.00036826559436799406 1.718615975630539 -0.12503416843565554
v -0.0005380421926686561 1.7184614061077201 -0.12503416843565554
v -0.0005380421926686561 1.7184614061077201 -0.12496583156434446
v -0.00033938518460171243 1.718554041391928 -0.12503416843565554
v -0.00033938518460171243 1.718554041391928 -0.12496583156434446
v -0.0005380421926686561 1.7184614061077201 -0.12503416843565554
v -0.0005669226024349377 1.7185233403463311 -0.12503416843565554
v -0.0005380421926686561 1.7184614061077201 -0.12496583156434446
v -0.0005669226024349377 1.7185233403463311 -0.12496583156434446
v -0.00033938518460171243 1.718554041391928 -0.12496583156434446
v -0.00036826559436799406 1.718615975630539 -0.12496583156434446
v -0.00033938518460171243 1.718554041391928 -0.12503416843565554
v -0.00036826559436799406 1.718615975630539 -0.12503416843565554
v -0.0005380421926686561 1.7184614061077201 -0.12496583156434446
v -0.0005669226024349377 1.7185233403463311 -0.12496583156434446
v -0.00033938518460171243 1.718554041391928 -0.12496583156434446
v -0.00036826559436799406 1.718615975630539 -0.12496583156434446
v -0.0005669226024349377 1.7185233403463311 -0.12503416843565554
v -0.0005380421926686561 1.7184614061077201 -0.12503416843565554
v -0.00036826559436799406 1.718615975630539 -0.12503416843565554
v -0.00033938518460171243 1.718554041391928 -0.12503416843565554
vt 0.25 0.8125
vt 0.3125 0.8125
vt 0.25 0.625
vt 0.3125 0.625
vt 0.25 0.8125
vt 0.3125 0.8125
vt 0.25 0.625
vt 0.3125 0.625
vt 0.25 0.6875
vt 0.3125 0.6875
vt 0.25 0.625
vt 0.3125 0.625
vt 0.25 0.6875
vt 0.3125 0.6875
vt 0.25 0.625
vt 0.3125 0.625
vt 0.25 0.8125
vt 0.3125 0.8125
vt 0.25 0.625
vt 0.3125 0.625
vt 0.25 0.8125
vt 0.3125 0.8125
vt 0.25 0.625
vt 0.3125 0.625
vn -0.42261826174069944 0.9063077870366499 0
vn -0.42261826174069944 0.9063077870366499 0
vn -0.42261826174069944 0.9063077870366499 0
vn -0.42261826174069944 0.9063077870366499 0
vn 0.42261826174069944 -0.9063077870366499 0
vn 0.42261826174069944 -0.9063077870366499 0
vn 0.42261826174069944 -0.9063077870366499 0
vn 0.42261826174069944 -0.9063077870366499 0
vn -0.9063077870366499 -0.42261826174069944 0
vn -0.9063077870366499 -0.42261826174069944 0
vn -0.9063077870366499 -0.42261826174069944 0
vn -0.9063077870366499 -0.42261826174069944 0
vn 0.9063077870366499 0.42261826174069944 0
vn 0.9063077870366499 0.42261826174069944 0
vn 0.9063077870366499 0.42261826174069944 0
vn 0.9063077870366499 0.42261826174069944 0
vn 0 0 1
vn 0 0 1
vn 0 0 1
vn 0 0 1
vn 0 0 -1
vn 0 0 -1
vn 0 0 -1
vn 0 0 -1
f 2593/2593/2593 2595/2595/2595 2594/2594/2594
f 2595/2595/2595 2596/2596/2596 2594/2594/2594
f 2597/2597/2597 2599/2599/2599 2598/2598/2598
f 2599/2599/2599 2600/2600/2600 2598/2598/2598
f 2601/2601/2601 2603/2603/2603 2602/2602/2602
f 2603/2603/2603 2604/2604/2604 2602/2602/2602
f 2605/2605/2605 2607/2607/2607 2606/2606/2606
f 2607/2607/2607 2608/2608/2608 2606/2606/2606
f 2609/2609/2609 2611/2611/2611 2610/2610/2610
f 2611/2611/2611 2612/2612/2612 2610/2610/2610
f 2613/2613/2613 2615/2615/2615 2614/2614/2614
f 2615/2615/2615 2616/2616/2616 2614/2614/2614
o tendril_0_3_210
usemtl vine
v -0.0007436142606806161 1.7184358045545869 -0.12497049281257484
v -0.0007436142606806161 1.7184358045545869 -0.12502950718742517
v -0.0005501571936876496 1.7185260150664499 -0.12497049281257484
v -0.0005501571936876496 1.7185260150664499 -0.12502950718742517
v -0.0007186737081636607 1.718382319367113 -0.12502950718742517
v -0.0007186737081636607 1.718382319367113 -0.12497049281257484
v -0.0005252166411706942 1.718472529878976 -0.12502950718742517
v -0.0005252166411706942 1.718472529878976 -0.12497049281257484
v -0.0007186737081636607 1.718382319367113 -0.12502950718742517
v -0.0007436142606806161 1.7184358045545869 -0.12502950718742517
v -0.0007186737081636607 1.718382319367113 -0.12497049281257484
v -0.0007436142606806161 1.7184358045545869 -0.12497049281257484
v -0.0005252166411706942 1.718472529878976 -0.12497049281257484
v -0.0005501571936876496 1.7185260150664499 -0.12497049281257484
v -0.0005252166411706942 1.718472529878976 -0.12502950718742517
v -0.0005501571936876496 1.7185260150664499 -0.12502950718742517
v -0.0007186737081636607 1.718382319367113 -0.12497049281257484
v -0.0007436142606806161 1.7184358045545869 -0.12497049281257484
v -0.0005252166411706942 1.718472529878976 -0.12497049281257484
v -0.0005501571936876496 1.7185260150664499 -0.12497049281257484
v -0.0007436142606806161 1.7184358045545869 -0.12502950718742517
v -0.0007186737081636607 1.718382319367113 -0.12502950718742517
v -0.0005501571936876496 1.7185260150664499 -0.12502950718742517
v -0.0005252166411706942 1.718472529878976 -0.12502950718742517
vt 0.875 0.375
vt 0.9375 0.375
vt 0.875 0.1875
vt 0.9375 0.1875
vt 0.875 0.375
vt 0.9375 0.375
vt 0.875 0.1875
vt 0.9375 0.1875
vt 0.875 0.25
vt 0.9375 0.25
vt 0.875 0.1875
vt 0.9375 0.1875
vt 0.875 0.25
vt 0.9375 0.25
vt 0.875 0.1875
vt 0.9375 0.1875
vt 0.875 0.375
vt 0.9375 0.375
vt 0.875 0.1875
vt 0.9375 0.1875
vt 0.875 0.375
vt 0.9375 0.375
vt 0.875 0.1875
vt 0.9375 0.1875
vn -0.4226182617406995 0.90630778703665 0
vn -0.4226182617406995 0.90630778703665 0
vn -0.4226182617406995 0.90630778703665 0
vn -0.4226182617406995 0.90630778703665 0
vn 0.4226182617406995 -0.90630778703665 0
vn 0.4226182617406995 -0.90630778703665 0
vn 0.4226182617406995 -0.90630778703665 0
vn 0.4226182617406995 -0.90630778703665 0
vn -0.90630778703665 -0.4226182617406995 0
vn -0.90630778703665 -0.4226182617406995 0
vn -0.90630778703665 -0.4226182617406995 0
vn -0.90630778703665 -0.4226182617406995 0
vn 0.90630778703665 0.4226182617406995 0
vn 0.90630778703665 0.4226182617406995 0
vn 0.90630778703665 0.4226182617406995 0
vn 0.90630778703665 0.4226182617406995 0
vn 0 0 1
vn 0 0 1
vn 0 0 1
vn 0 0 1
vn 0 0 -1
vn 0 0 -1
vn 0 0 -1
vn 0 0 -1
f 2617/2617/2617 2619/2619/2619 2618/2618/2618
f 2619/2619/2619 2620/2620/2620 2618/2618/2618
f 2621/2621/2621 2623/2623/2623 2622/2622/2622
f 2623/2623/2623 2624/2624/2624 2622/2622/2622
f 2625/2625/2625 2627/2627/2627 2626/2626/2626
f 2627/2627/2627 2628/2628/2628 2626/2626/2626
f 2629/2629/2629 2631/2631/2631 2630/2630/2630
f 2631/2631/2631 2632/2632/2632 2630/2630/2630
f 2633/2633/2633 2635/2635/2635 2634/2634/2634
f 2635/2635/2635 2636/2636/2636 2634/2634/2634
f 2637/2637/2637 2639/2639/2639 2638/2638/2638
f 2639/2639/2639 2640/2640/2640 2638/2638/2638
o tendril_0_3_211
usemtl thorn
v -0.0006884154037000416 1.7185362428079833 -0.12498057499922811
v -0.0006884154037000416 1.7185362428079833 -0.12501942500077187
v -0.0006062586042042912 1.718497932463209 -0.12498057499922811
v -0.0006062586042042912 1.718497932463209 -0.12501942500077187
v -0.000704834123821089 1.718501032749058 -0.12501942500077187
v -0.000704834123821089 1.718501032749058 -0.12498057499922811
v -0.0006226773243253387 1.7184627224042837 -0.12501942500077187
v -0.0006226773243253387 1.7184627224042837 -0.12498057499922811
v -0.000704834123821089 1.718501032749058 -0.12501942500077187
v -0.0006884154037000416 1.7185362428079833 -0.12501942500077187
v -0.000704834123821089 1.718501032749058 -0.12498057499922811
v -0.0006884154037000416 1.7185362428079833 -0.12498057499922811
v -0.0006226773243253387 1.7184627224042837 -0.12498057499922811
v -0.0006062586042042912 1.718497932463209 -0.12498057499922811
v -0.0006226773243253387 1.7184627224042837 -0.12501942500077187
v -0.0006062586042042912 1.718497932463209 -0.12501942500077187
v -0.000704834123821089 1.718501032749058 -0.12498057499922811
v -0.0006884154037000416 1.7185362428079833 -0.12498057499922811
v -0.0006226773243253387 1.7184627224042837 -0.12498057499922811
v -0.0006062586042042912 1.718497932463209 -0.12498057499922811
v -0.0006884154037000416 1.7185362428079833 -0.12501942500077187
v -0.000704834123821089 1.718501032749058 -0.12501942500077187
v -0.0006062586042042912 1.718497932463209 -0.12501942500077187
v -0.0006226773243253387 1.7184627224042837 -0.12501942500077187
vt 0.375 0.1875
vt 0.4375 0.1875
vt 0.375 0.125
vt 0.4375 0.125
vt 0.375 0.1875
vt 0.4375 0.1875
vt 0.375 0.125
vt 0.4375 0.125
vt 0.375 0.1875
vt 0.4375 0.1875
vt 0.375 0.125
vt 0.4375 0.125
vt 0.375 0.1875
vt 0.4375 0.1875
vt 0.375 0.125
vt 0.4375 0.125
vt 0.375 0.1875
vt 0.4375 0.1875
vt 0.375 0.125
vt 0.4375 0.125
vt 0.375 0.1875
vt 0.4375 0.1875
vt 0.375 0.125
vt 0.4375 0.125
vn 0.42261826174069955 0.9063077870366499 0
vn 0.42261826174069955 0.9063077870366499 0
vn 0.42261826174069955 0.9063077870366499 0
vn 0.42261826174069955 0.9063077870366499 0
vn -0.42261826174069955 -0.9063077870366499 0
vn -0.42261826174069955 -0.9063077870366499 0
vn -0.42261826174069955 -0.9063077870366499 0
vn -0.42261826174069955 -0.9063077870366499 0
vn -0.9063077870366499 0.42261826174069955 0
vn -0.9063077870366499 0.42261826174069955 0
vn -0.9063077870366499 0.42261826174069955 0
vn -0.9063077870366499 0.42261826174069955 0
vn 0.9063077870366499 -0.42261826174069955 0
vn 0.9063077870366499 -0.42261826174069955 0
vn 0.9063077870366499 -0.42261826174069955 0
vn 0.9063077870366499 -0.42261826174069955 0
vn 0 0 1
vn 0 0 1
vn 0 0 1
vn 0 0 1
vn 0 0 -1
vn 0 0 -1
vn 0 0 -1
vn 0 0 -1
f 2641/2641/2641 2643/2643/2643 2642/2642/2642
f 2643/2643/2643 2644/2644/2644 2642/2642/2642
f 2645/2645/2645 2647/2647/2647 2646/2646/2646
f 2647/2647/2647 2648/2648/2648 2646/2646/2646
f 2649/2649/2649 2651/2651/2651 2650/2650/2650
f 2651/2651/2651 2652/2652/2652 2650/2650/2650
f 2653/2653/2653 2655/2655/2655 2654/2654/2654
f 2655/2655/2655 2656/2656/2656 2654/2654/2654
f 2657/2657/2657 2659/2659/2659 2658/2658/2658
f 2659/2659/2659 2660/2660/2660 2658/2658/2658
f 2661/2661/2661 2663/2663/2663 2662/2662/2662
f 2663/2663/2663 2664/2664/2664 2662/2662/2662
o tendril_0_4_212
usemtl vine
v -0.0009237659294507064 1.7183477693982117 -0.12497414437522553
v -0.0009237659294507064 1.7183477693982117 -0.12502585562477447
v -0.0007294422056120771 1.7184383840387987 -0.12497414437522553
v -0.0007294422056120771 1.7184383840387987 -0.12502585562477447
v -0.0009019118110538931 1.718300903090068 -0.12502585562477447
v -0.0009019118110538931 1.718300903090068 -0.12497414437522553
v -0.0007075880872152639 1.718391517730655 -0.12502585562477447
v -0.0007075880872152639 1.718391517730655 -0.12497414437522553
v -0.0009019118110538931 1.718300903090068 -0.12502585562477447
v -0.0009237659294507064 1.7183477693982117 -0.12502585562477447
v -0.0009019118110538931 1.718300903090068 -0.12497414437522553
v -0.0009237659294507064 1.7183477693982117 -0.12497414437522553
v -0.0007075880872152639 1.718391517730655 -0.12497414437522553
v -0.0007294422056120771 1.7184383840387987 -0.12497414437522553
v -0.0007075880872152639 1.718391517730655 -0.12502585562477447
v -0.0007294422056120771 1.7184383840387987 -0.12502585562477447
v -0.0009019118110538931 1.718300903090068 -0.12497414437522553
v -0.0009237659294507064 1.7183477693982117 -0.12497414437522553
v -0.0007075880872152639 1.718391517730655 -0.12497414437522553
v -0.0007294422056120771 1.7184383840387987 -0.12497414437522553
v -0.0009237659294507064 1.7183477693982117 -0.12502585562477447
v -0.0009019118110538931 1.718300903090068 -0.12502585562477447
v -0.0007294422056120771 1.7184383840387987 -0.12502585562477447
v -0.0007075880872152639 1.718391517730655 -0.12502585562477447
vt 0.625 0.875
vt 0.6875 0.875
vt 0.625 0.6875
vt 0.6875 0.6875
vt 0.625 0.875
vt 0.6875 0.875
vt 0.625 0.6875
vt 0.6875 0.6875
vt 0.625 0.75
vt 0.6875 0.75
vt 0.625 0.6875
vt 0.6875 0.6875
vt 0.625 0.75
vt 0.6875 0.75
vt 0.625 0.6875
vt 0.6875 0.6875
vt 0.625 0.875
vt 0.6875 0.875
vt 0.625 0.6875
vt 0.6875 0.6875
vt 0.625 0.875
vt 0.6875 0.875
vt 0.625 0.6875
vt 0.6875 0.6875
vn -0.4226182617406994 0.9063077870366499 0
vn -0.4226182617406994 0.9063077870366499 0
vn -0.4226182617406994 0.9063077870366499 0
vn -0.4226182617406994 0.9063077870366499 0
vn 0.4226182617406994 -0.9063077870366499 0
vn 0.4226182617406994 -0.9063077870366499 0
vn 0.4226182617406994 -0.9063077870366499 0
vn 0.4226182617406994 -0.9063077870366499 0
vn -0.9063077870366499 -0.4226182617406994 0
vn -0.9063077870366499 -0.4226182617406994 0
vn -0.9063077870366499 -0.4226182617406994 0
vn -0.9063077870366499 -0.4226182617406994 0
vn 0.9063077870366499 0.4226182617406994 0
vn 0.9063077870366499 0.4226182617406994 0
vn 0.9063077870366499 0.4226182617406994 0
vn 0.9063077870366499 0.4226182617406994 0
vn 0 0 1
vn 0 0 1
vn 0 0 1
vn 0 0 1
vn 0 0 -1
vn 0 0 -1
vn 0 0 -1
vn 0 0 -1
f 2665/2665/2665 2667/2667/2667 2666/2666/2666
f 2667/2667/2667 2668/2668/2668 2666/2666/2666
f 2669/2669/2669 2671/2671/2671 2670/2670/2670
f 2671/2671/2671 2672/2672/2672 2670/2670/2670
f 2673/2673/2673 2675/2675/2675 2674/2674/2674
f 2675/2675/2675 2676/2676/2676 2674/2674/2674
f 2677/2677/2677 2679/2679/2679 2678/2678/2678
f 2679/2679/2679 2680/2680/2680 2678/2678/2678
f 2681/2681/2681 2683/2683/2683 2682/2682/2682
f 2683/2683/2683 2684/2684/2684 2682/2682/2682
f 2685/2685/2685 2687/2687/2687 2686/2686/2686
f 2687/2687/2687 2688/2688/2688 2686/2686/2686
o tendril_0_5_213
usemtl vine
v -0.0011067529142974749 1.7182590265558024 -0.12497723906288762
v -0.0011067529142974749 1.7182590265558024 -0.12502276093711237
v -0.0009063625925392055 1.7183524700974584 -0.12497723906288762
v -0.0009063625925392055 1.7183524700974584 -0.12502276093711237
v -0.001087514538941425 1.718217769726712 -0.12502276093711237
v -0.001087514538941425 1.718217769726712 -0.12497723906288762
v -0.0008871242171831557 1.718311213268368 -0.12502276093711237
v -0.0008871242171831557 1.718311213268368 -0.12497723906288762
v -0.001087514538941425 1.718217769726712 -0.12502276093711237
v -0.0011067529142974749 1.7182590265558024 -0.12502276093711237
v -0.001087514538941425 1.718217769726712 -0.12497723906288762
v -0.0011067529142974749 1.7182590265558024 -0.12497723906288762
v -0.0008871242171831557 1.718311213268368 -0.12497723906288762
v -0.0009063625925392055 1.7183524700974584 -0.12497723906288762
v -0.0008871242171831557 1.718311213268368 -0.12502276093711237
v -0.0009063625925392055 1.7183524700974584 -0.12502276093711237
v -0.001087514538941425 1.718217769726712 -0.12497723906288762
v -0.0011067529142974749 1.7182590265558024 -0.12497723906288762
v -0.0008871242171831557 1.718311213268368 -0.12497723906288762
v -0.0009063625925392055 1.7183524700974584 -0.12497723906288762
v -0.0011067529142974749 1.7182590265558024 -0.12502276093711237
v -0.001087514538941425 1.718217769726712 -0.12502276093711237
v -0.0009063625925392055 1.7183524700974584 -0.12502276093711237
v -0.0008871242171831557 1.718311213268368 -0.12502276093711237
vt 0.25 0.25
vt 0.3125 0.25
vt 0.25 0.0625
vt 0.3125 0.0625
vt 0.25 0.25
vt 0.3125 0.25
vt 0.25 0.0625
vt 0.3125 0.0625
vt 0.25 0.125
vt 0.3125 0.125
vt 0.25 0.0625
vt 0.3125 0.0625
vt 0.25 0.125
vt 0.3125 0.125
vt 0.25 0.0625
vt 0.3125 0.0625
vt 0.25 0.25
vt 0.3125 0.25
vt 0.25 0.0625
vt 0.3125 0.0625
vt 0.25 0.25
vt 0.3125 0.25
vt 0.25 0.0625
vt 0.3125 0.0625
vn -0.42261826174069944 0.90630778703665 0
vn -0.42261826174069944 0.90630778703665 0
vn -0.42261826174069944 0.90630778703665 0
vn -0.42261826174069944 0.90630778703665 0
vn 0.42261826174069944 -0.90630778703665 0
vn 0.42261826174069944 -0.90630778703665 0
vn 0.42261826174069944 -0.90630778703665 0
vn 0.42261826174069944 -0.90630778703665 0
vn -0.90630778703665 -0.42261826174069944 0
vn -0.90630778703665 -0.42261826174069944 0
vn -0.90630778703665 -0.42261826174069944 0
vn -0.90630778703665 -0.42261826174069944 0
vn 0.90630778703665 0.42261826174069944 0
vn 0.90630778703665 0.42261826174069944 0
vn 0.90630778703665 0.42261826174069944 0
vn 0.90630778703665 0.42261826174069944 0
vn 0 0 1
vn 0 0 1
vn 0 0 1
vn 0 0 1
vn 0 0 -1
vn 0 0 -1
vn 0 0 -1
vn 0 0 -1
f 2689/2689/2689 2691/2691/2691 2690/2690/2690
f 2691/2691/2691 2692/2692/2692 2690/2690/2690
f 2693/2693/2693 2695/2695/2695 2694/2694/2694
f 2695/2695/2695 2696/2696/2696 2694/2694/2694
f 2697/2697/2697 2699/2699/2699 2698/2698/2698
f 2699/2699/2699 2700/2700/2700 2698/2698/2698
f 2701/2701/2701 2703/2703/2703 2702/2702/2702
f 2703/2703/2703 2704/2704/2704 2702/2702/2702
f 2705/2705/2705 2707/2707/2707 2706/2706/2706
f 2707/2707/2707 2708/2708/2708 2706/2706/2706
f 2709/2709/2709 2711/2711/2711 2710/2710/2710
f 2711/2711/2711 2712/2712/2712 2710/2710/2710
o tendril_1_0_214
usemtl vine
v -0.00015927322934000985 1.7188894994305386 0.12504117343598978
v -0.00015927322934000985 1.7188894994305386 0.12495882656401024
v 0.000027241584572889463 1.718781815052518 0.12504117343598978
v 0.000027241584572889463 1.718781815052518 0.12495882656401024
v -0.00020044666532977718 1.7188181849474822 0.12495882656401024
v -0.00020044666532977718 1.7188181849474822 0.12504117343598978
v -0.000013931851416877864 1.7187105005694616 0.12495882656401024
v -0.000013931851416877864 1.7187105005694616 0.12504117343598978
v -0.00020044666532977718 1.7188181849474822 0.12495882656401024
v -0.00015927322934000985 1.7188894994305386 0.12495882656401024
v -0.00020044666532977718 1.7188181849474822 0.12504117343598978
v -0.00015927322934000985 1.7188894994305386 0.12504117343598978
v -0.000013931851416877864 1.7187105005694616 0.12504117343598978
v 0.000027241584572889463 1.718781815052518 0.12504117343598978
v -0.000013931851416877864 1.7187105005694616 0.12495882656401024
v 0.000027241584572889463 1.718781815052518 0.12495882656401024
v -0.00020044666532977718 1.7188181849474822 0.12504117343598978
v -0.00015927322934000985 1.7188894994305386 0.12504117343598978
v -0.000013931851416877864 1.7187105005694616 0.12504117343598978
v 0.000027241584572889463 1.718781815052518 0.12504117343598978
v -0.00015927322934000985 1.7188894994305386 0.12495882656401024
v -0.00020044666532977718 1.7188181849474822 0.12495882656401024
v 0.000027241584572889463 1.718781815052518 0.12495882656401024
v -0.000013931851416877864 1.7187105005694616 0.12495882656401024
vt 0.9375 0.375
vt 1 0.375
vt 0.9375 0.1875
vt 1 0.1875
vt 0.9375 0.375
vt 1 0.375
vt 0.9375 0.1875
vt 1 0.1875
vt 0.9375 0.25
vt 1 0.25
vt 0.9375 0.1875
vt 1 0.1875
vt 0.9375 0.25
vt 1 0.25
vt 0.9375 0.1875
vt 1 0.1875
vt 0.9375 0.375
vt 1 0.375
vt 0.9375 0.1875
vt 1 0.1875
vt 0.9375 0.375
vt 1 0.375
vt 0.9375 0.1875
vt 1 0.1875
vn 0.5 0.8660254037844385 0
vn 0.5 0.8660254037844385 0
vn 0.5 0.8660254037844385 0
vn 0.5 0.8660254037844385 0
vn -0.5 -0.8660254037844385 0
vn -0.5 -0.8660254037844385 0
vn -0.5 -0.8660254037844385 0
vn -0.5 -0.8660254037844385 0
vn -0.8660254037844385 0.5 0
vn -0.8660254037844385 0.5 0
vn -0.8660254037844385 0.5 0
vn -0.8660254037844385 0.5 0
vn 0.8660254037844385 -0.5 0
vn 0.8660254037844385 -0.5 0
vn 0.8660254037844385 -0.5 0
vn 0.8660254037844385 -0.5 0
vn 0 0 1
vn 0 0 1
vn 0 0 1
vn 0 0 1
vn 0 0 -1
vn 0 0 -1
vn 0 0 -1
vn 0 0 -1
f 2713/2713/2713 2715/2715/2715 2714/2714/2714
f 2715/2715/2715 2716/2716/2716 2714/2714/2714
f 2717/2717/2717 2719/2719/2719 2718/2718/2718
f 2719/2719/2719 2720/2720/2720 2718/2718/2718
f 2721/2721/2721 2723/2723/2723 2722/2722/2722
f 2723/2723/2723 2724/2724/2724 2722/2722/2722
f 2725/2725/2725 2727/2727/2727 2726/2726/2726
f 2727/2727/2727 2728/2728/2728 2726/2726/2726
f 2729/2729/2729 2731/2731/2731 2730/2730/2730
f 2731/2731/2731 2732/2732/2732 2730/2730/2730
f 2733/2733/2733 2735/2735/2735 2734/2734/2734
f 2735/2735/2735 2736/2736/2736 2734/2734/2734
o tendril_1_1_215
usemtl vine
v -0.00033669632030281665 1.7189888873727428 0.1250385343732871
v -0.00033669632030281665 1.7189888873727428 0.12496146562671288
v -0.00014438454868073497 1.7188778561196285 0.1250385343732871
v -0.00014438454868073497 1.7188778561196285 0.12496146562671288
v -0.00037523069358992816 1.7189221438803717 0.12496146562671288
v -0.00037523069358992816 1.7189221438803717 0.1250385343732871
v -0.0001829189219678465 1.7188111126272574 0.12496146562671288
v -0.0001829189219678465 1.7188111126272574 0.1250385343732871
v -0.00037523069358992816 1.7189221438803717 0.12496146562671288
v -0.00033669632030281665 1.7189888873727428 0.12496146562671288
v -0.00037523069358992816 1.7189221438803717 0.1250385343732871
v -0.00033669632030281665 1.7189888873727428 0.1250385343732871
v -0.0001829189219678465 1.7188111126272574 0.1250385343732871
v -0.00014438454868073497 1.7188778561196285 0.1250385343732871
v -0.0001829189219678465 1.7188111126272574 0.12496146562671288
v -0.00014438454868073497 1.7188778561196285 0.12496146562671288
v -0.00037523069358992816 1.7189221438803717 0.1250385343732871
v -0.00033669632030281665 1.7189888873727428 0.1250385343732871
v -0.0001829189219678465 1.7188111126272574 0.1250385343732871
v -0.00014438454868073497 1.7188778561196285 0.1250385343732871
v -0.00033669632030281665 1.7189888873727428 0.12496146562671288
v -0.00037523069358992816 1.7189221438803717 0.12496146562671288
v -0.00014438454868073497 1.7188778561196285 0.12496146562671288
v -0.0001829189219678465 1.7188111126272574 0.12496146562671288
vt 0.375 0.3125
vt 0.4375 0.3125
vt 0.375 0.125
vt 0.4375 0.125
vt 0.375 0.3125
vt 0.4375 0.3125
vt 0.375 0.125
vt 0.4375 0.125
vt 0.375 0.1875
vt 0.4375 0.1875
vt 0.375 0.125
vt 0.4375 0.125
vt 0.375 0.1875
vt 0.4375 0.1875
vt 0.375 0.125
vt 0.4375 0.125
vt 0.375 0.3125
vt 0.4375 0.3125
vt 0.375 0.125
vt 0.4375 0.125
vt 0.375 0.3125
vt 0.4375 0.3125
vt 0.375 0.125
vt 0.4375 0.125
vn 0.5000000000000002 0.8660254037844386 0
vn 0.5000000000000002 0.8660254037844386 0
vn 0.5000000000000002 0.8660254037844386 0
vn 0.5000000000000002 0.8660254037844386 0
vn -0.5000000000000002 -0.8660254037844386 0
vn -0.5000000000000002 -0.8660254037844386 0
vn -0.5000000000000002 -0.8660254037844386 0
vn -0.5000000000000002 -0.8660254037844386 0
vn -0.8660254037844386 0.5000000000000002 0
vn -0.8660254037844386 0.5000000000000002 0
vn -0.8660254037844386 0.5000000000000002 0
vn -0.8660254037844386 0.5000000000000002 0
vn 0.8660254037844386 -0.5000000000000002 0
vn 0.8660254037844386 -0.5000000000000002 0
vn 0.8660254037844386 -0.5000000000000002 0
vn 0.8660254037844386 -0.5000000000000002 0
vn 0 0 1
vn 0 0 1
vn 0 0 1
vn 0 0 1
vn 0 0 -1
vn 0 0 -1
vn 0 0 -1
vn 0 0 -1
f 2737/2737/2737 2739/2739/2739 2738/2738/2738
f 2739/2739/2739 2740/2740/2740 2738/2738/2738
f 2741/2741/2741 2743/2743/2743 2742/2742/2742
f 2743/2743/2743 2744/2744/2744 2742/2742/2742
f 2745/2745/2745 2747/2747/2747 2746/2746/2746
f 2747/2747/2747 2748/2748/2748 2746/2746/2746
f 2749/2749/2749 2751/2751/2751 2750/2750/2750
f 2751/2751/2751 2752/2752/2752 2750/2750/2750
f 2753/2753/2753 2755/2755/2755 2754/2754/2754
f 2755/2755/2755 2756/2756/2756 2754/2754/2754
f 2757/2757/2757 2759/2759/2759 2758/2758/2758
f 2759/2759/2759 2760/2760/2760 2758/2758/2758
o tendril_1_2_216
usemtl vine
v -0.0005098235531666306 1.719083284709088 0.12503372124817969
v -0.0005098235531666306 1.719083284709088 0.12496627875182033
v -0.00032248060243813387 1.718975122206054 0.12503372124817969
v -0.00032248060243813387 1.718975122206054 0.12496627875182033
v -0.0005435448013463048 1.719024877793946 0.12496627875182033
v -0.0005435448013463048 1.719024877793946 0.12503372124817969
v -0.00035620185061780807 1.7189167152909122 0.12496627875182033
v -0.00035620185061780807 1.7189167152909122 0.12503372124817969
v -0.0005435448013463048 1.719024877793946 0.12496627875182033
v -0.0005098235531666306 1.719083284709088 0.12496627875182033
v -0.0005435448013463048 1.719024877793946 0.12503372124817969
v -0.0005098235531666306 1.719083284709088 0.12503372124817969
v -0.00035620185061780807 1.7189167152909122 0.12503372124817969
v -0.00032248060243813387 1.718975122206054 0.12503372124817969
v -0.00035620185061780807 1.7189167152909122 0.12496627875182033
v -0.00032248060243813387 1.718975122206054 0.12496627875182033
v -0.0005435448013463048 1.719024877793946 0.12503372124817969
v -0.0005098235531666306 1.719083284709088 0.12503372124817969
v -0.00035620185061780807 1.7189167152909122 0.12503372124817969
v -0.00032248060243813387 1.718975122206054 0.12503372124817969
v -0.0005098235531666306 1.719083284709088 0.12496627875182033
v -0.0005435448013463048 1.719024877793946 0.12496627875182033
v -0.00032248060243813387 1.718975122206054 0.12496627875182033
v -0.00035620185061780807 1.7189167152909122 0.12496627875182033
vt 0.25 0.8125
vt 0.3125 0.8125
vt 0.25 0.625
vt 0.3125 0.625
vt 0.25 0.8125
vt 0.3125 0.8125
vt 0.25 0.625
vt 0.3125 0.625
vt 0.25 0.6875
vt 0.3125 0.6875
vt 0.25 0.625
vt 0.3125 0.625
vt 0.25 0.6875
vt 0.3125 0.6875
vt 0.25 0.625
vt 0.3125 0.625
vt 0.25 0.8125
vt 0.3125 0.8125
vt 0.25 0.625
vt 0.3125 0.625
vt 0.25 0.8125
vt 0.3125 0.8125
vt 0.25 0.625
vt 0.3125 0.625
vn 0.5000000000000001 0.8660254037844387 0
vn 0.5000000000000001 0.8660254037844387 0
vn 0.5000000000000001 0.8660254037844387 0
vn 0.5000000000000001 0.8660254037844387 0
vn -0.5000000000000001 -0.8660254037844387 0
vn -0.5000000000000001 -0.8660254037844387 0
vn -0.5000000000000001 -0.8660254037844387 0
vn -0.5000000000000001 -0.8660254037844387 0
vn -0.8660254037844387 0.5000000000000001 0
vn -0.8660254037844387 0.5000000000000001 0
vn -0.8660254037844387 0.5000000000000001 0
vn -0.8660254037844387 0.5000000000000001 0
vn 0.8660254037844387 -0.5000000000000001 0
vn 0.8660254037844387 -0.5000000000000001 0
vn 0.8660254037844387 -0.5000000000000001 0
vn 0.8660254037844387 -0.5000000000000001 0
vn 0 0 1
vn 0 0 1
vn 0 0 1
vn 0 0 1
vn 0 0 -1
vn 0 0 -1
vn 0 0 -1
vn 0 0 -1
f 2761/2761/2761 2763/2763/2763 2762/2762/2762
f 2763/2763/2763 2764/2764/2764 2762/2762/2762
f 2765/2765/2765 2767/2767/2767 2766/2766/2766
f 2767/2767/2767 2768/2768/2768 2766/2766/2766
f 2769/2769/2769 2771/2771/2771 2770/2770/2770
f 2771/2771/2771 2772/2772/2772 2770/2770/2770
f 2773/2773/2773 2775/2775/2775 2774/2774/2774
f 2775/2775/2775 2776/2776/2776 2774/2774/2774
f 2777/2777/2777 2779/2779/2779 2778/2778/2778
f 2779/2779/2779 2780/2780/2780 2778/2778/2778
f 2781/2781/2781 2783/2783/2783 2782/2782/2782
f 2783/2783/2783 2784/2784/2784 2782/2782/2782
o tendril_1_3_217
usemtl vine
v -0.0006873732056570435 1.7191824534402962 0.1250308290624218
v -0.0006873732056570435 1.7191824534402962 0.1249691709375782
v -0.0004942332972193643 1.7190709440621683 0.1250308290624218
v -0.0004942332972193643 1.7190709440621683 0.1249691709375782
v -0.0007182022680788497 1.7191290559378318 0.1249691709375782
v -0.0007182022680788497 1.7191290559378318 0.1250308290624218
v -0.0005250623596411705 1.719017546559704 0.1249691709375782
v -0.0005250623596411705 1.719017546559704 0.1250308290624218
v -0.0007182022680788497 1.7191290559378318 0.1249691709375782
v -0.0006873732056570435 1.7191824534402962 0.1249691709375782
v -0.0007182022680788497 1.7191290559378318 0.1250308290624218
v -0.0006873732056570435 1.7191824534402962 0.1250308290624218
v -0.0005250623596411705 1.719017546559704 0.1250308290624218
v -0.0004942332972193643 1.7190709440621683 0.1250308290624218
v -0.0005250623596411705 1.719017546559704 0.1249691709375782
v -0.0004942332972193643 1.7190709440621683 0.1249691709375782
v -0.0007182022680788497 1.7191290559378318 0.1250308290624218
v -0.0006873732056570435 1.7191824534402962 0.1250308290624218
v -0.0005250623596411705 1.719017546559704 0.1250308290624218
v -0.0004942332972193643 1.7190709440621683 0.1250308290624218
v -0.0006873732056570435 1.7191824534402962 0.1249691709375782
v -0.0007182022680788497 1.7191290559378318 0.1249691709375782
v -0.0004942332972193643 1.7190709440621683 0.1249691709375782
v -0.0005250623596411705 1.719017546559704 0.1249691709375782
vt 0.875 0.375
vt 0.9375 0.375
vt 0.875 0.1875
vt 0.9375 0.1875
vt 0.875 0.375
vt 0.9375 0.375
vt 0.875 0.1875
vt 0.9375 0.1875
vt 0.875 0.25
vt 0.9375 0.25
vt 0.875 0.1875
vt 0.9375 0.1875
vt 0.875 0.25
vt 0.9375 0.25
vt 0.875 0.1875
vt 0.9375 0.1875
vt 0.875 0.375
vt 0.9375 0.375
vt 0.875 0.1875
vt 0.9375 0.1875
vt 0.875 0.375
vt 0.9375 0.375
vt 0.875 0.1875
vt 0.9375 0.1875
vn 0.5000000000000001 0.8660254037844387 0
vn 0.5000000000000001 0.8660254037844387 0
vn 0.5000000000000001 0.8660254037844387 0
vn 0.5000000000000001 0.8660254037844387 0
vn -0.5000000000000001 -0.8660254037844387 0
vn -0.5000000000000001 -0.8660254037844387 0
vn -0.5000000000000001 -0.8660254037844387 0
vn -0.5000000000000001 -0.8660254037844387 0
vn -0.8660254037844387 0.5000000000000001 0
vn -0.8660254037844387 0.5000000000000001 0
vn -0.8660254037844387 0.5000000000000001 0
vn -0.8660254037844387 0.5000000000000001 0
vn 0.8660254037844387 -0.5000000000000001 0
vn 0.8660254037844387 -0.5000000000000001 0
vn 0.8660254037844387 -0.5000000000000001 0
vn 0.8660254037844387 -0.5000000000000001 0
vn 0 0 1
vn 0 0 1
vn 0 0 1
vn 0 0 1
vn 0 0 -1
vn 0 0 -1
vn 0 0 -1
vn 0 0 -1
f 2785/2785/2785 2787/2787/2787 2786/2786/2786
f 2787/2787/2787 2788/2788/2788 2786/2786/2786
f 2789/2789/2789 2791/2791/2791 2790/2790/2790
f 2791/2791/2791 2792/2792/2792 2790/2790/2790
f 2793/2793/2793 2795/2795/2795 2794/2794/2794
f 2795/2795/2795 2796/2796/2796 2794/2794/2794
f 2797/2797/2797 2799/2799/2799 2798/2798/2798
f 2799/2799/2799 2800/2800/2800 2798/2798/2798
f 2801/2801/2801 2803/2803/2803 2802/2802/2802
f 2803/2803/2803 2804/2804/2804 2802/2802/2802
f 2805/2805/2805 2807/2807/2807 2806/2806/2806
f 2807/2807/2807 2808/2808/2808 2806/2806/2806
o tendril_1_3_218
usemtl thorn
v -0.0005701052133246081 1.7191906851900536 0.1250191718757618
v -0.0005701052133246081 1.7191906851900536 0.12498082812423818
v -0.0005545691281935479 1.7191025756729017 0.1250191718757618
v -0.0005545691281935479 1.7191025756729017 0.12498082812423818
v -0.000607866437104666 1.7191840268674765 0.12498082812423818
v -0.000607866437104666 1.7191840268674765 0.1250191718757618
v -0.0005923303519736058 1.7190959173503246 0.12498082812423818
v -0.0005923303519736058 1.7190959173503246 0.1250191718757618
v -0.000607866437104666 1.7191840268674765 0.12498082812423818
v -0.0005701052133246081 1.7191906851900536 0.12498082812423818
v -0.000607866437104666 1.7191840268674765 0.1250191718757618
v -0.0005701052133246081 1.7191906851900536 0.1250191718757618
v -0.0005923303519736058 1.7190959173503246 0.1250191718757618
v -0.0005545691281935479 1.7191025756729017 0.1250191718757618
v -0.0005923303519736058 1.7190959173503246 0.12498082812423818
v -0.0005545691281935479 1.7191025756729017 0.12498082812423818
v -0.000607866437104666 1.7191840268674765 0.1250191718757618
v -0.0005701052133246081 1.7191906851900536 0.1250191718757618
v -0.0005923303519736058 1.7190959173503246 0.1250191718757618
v -0.0005545691281935479 1.7191025756729017 0.1250191718757618
v -0.0005701052133246081 1.7191906851900536 0.12498082812423818
v -0.000607866437104666 1.7191840268674765 0.12498082812423818
v -0.0005545691281935479 1.7191025756729017 0.12498082812423818
v -0.0005923303519736058 1.7190959173503246 0.12498082812423818
vt 0.375 0.1875
vt 0.4375 0.1875
vt 0.375 0.125
vt 0.4375 0.125
vt 0.375 0.1875
vt 0.4375 0.1875
vt 0.375 0.125
vt 0.4375 0.125
vt 0.375 0.1875
vt 0.4375 0.1875
vt 0.375 0.125
vt 0.4375 0.125
vt 0.375 0.1875
vt 0.4375 0.1875
vt 0.375 0.125
vt 0.4375 0.125
vt 0.375 0.1875
vt 0.4375 0.1875
vt 0.375 0.125
vt 0.4375 0.125
vt 0.375 0.1875
vt 0.4375 0.1875
vt 0.375 0.125
vt 0.4375 0.125
vn 0.9848077530122081 0.17364817766693016 0
vn 0.9848077530122081 0.17364817766693016 0
vn 0.9848077530122081 0.17364817766693016 0
vn 0.9848077530122081 0.17364817766693016 0
vn -0.9848077530122081 -0.17364817766693016 0
vn -0.9848077530122081 -0.17364817766693016 0
vn -0.9848077530122081 -0.17364817766693016 0
vn -0.9848077530122081 -0.17364817766693016 0
vn -0.17364817766693016 0.9848077530122081 0
vn -0.17364817766693016 0.9848077530122081 0
vn -0.17364817766693016 0.9848077530122081 0
vn -0.17364817766693016 0.9848077530122081 0
vn 0.17364817766693016 -0.9848077530122081 0
vn 0.17364817766693016 -0.9848077530122081 0
vn 0.17364817766693016 -0.9848077530122081 0
vn 0.17364817766693016 -0.9848077530122081 0
vn 0 0 1
vn 0 0 1
vn 0 0 1
vn 0 0 1
vn 0 0 -1
vn 0 0 -1
vn 0 0 -1
vn 0 0 -1
f 2809/2809/2809 2811/2811/2811 2810/2810/2810
f 2811/2811/2811 2812/2812/2812 2810/2810/2810
f 2813/2813/2813 2815/2815/2815 2814/2814/2814
f 2815/2815/2815 2816/2816/2816 2814/2814/2814
f 2817/2817/2817 2819/2819/2819 2818/2818/2818
f 2819/2819/2819 2820/2820/2820 2818/2818/2818
f 2821/2821/2821 2823/2823/2823 2822/2822/2822
f 2823/2823/2823 2824/2824/2824 2822/2822/2822
f 2825/2825/2825 2827/2827/2827 2826/2826/2826
f 2827/2827/2827 2828/2828/2828 2826/2826/2826
f 2829/2829/2829 2831/2831/2831 2830/2830/2830
f 2831/2831/2831 2832/2832/2832 2830/2830/2830
o tendril_1_4_219
usemtl vine
v -0.0008629025111504268 1.7192793840149911 0.1250270087497644
v -0.0008629025111504268 1.7192793840149911 0.12497299125023559
v -0.0006689344658971502 1.71916739651185 0.1250270087497644
v -0.0006689344658971502 1.71916739651185 0.12497299125023559
v -0.0008899112609148394 1.7192326034881502 0.12497299125023559
v -0.0008899112609148394 1.7192326034881502 0.1250270087497644
v -0.0006959432156615628 1.719120615985009 0.12497299125023559
v -0.0006959432156615628 1.719120615985009 0.1250270087497644
v -0.0008899112609148394 1.7192326034881502 0.12497299125023559
v -0.0008629025111504268 1.7192793840149911 0.12497299125023559
v -0.0008899112609148394 1.7192326034881502 0.1250270087497644
v -0.0008629025111504268 1.7192793840149911 0.1250270087497644
v -0.0006959432156615628 1.719120615985009 0.1250270087497644
v -0.0006689344658971502 1.71916739651185 0.1250270087497644
v -0.0006959432156615628 1.719120615985009 0.12497299125023559
v -0.0006689344658971502 1.71916739651185 0.12497299125023559
v -0.0008899112609148394 1.7192326034881502 0.1250270087497644
v -0.0008629025111504268 1.7192793840149911 0.1250270087497644
v -0.0006959432156615628 1.719120615985009 0.1250270087497644
v -0.0006689344658971502 1.71916739651185 0.1250270087497644
v -0.0008629025111504268 1.7192793840149911 0.12497299125023559
v -0.0008899112609148394 1.7192326034881502 0.12497299125023559
v -0.0006689344658971502 1.71916739651185 0.12497299125023559
v -0.0006959432156615628 1.719120615985009 0.12497299125023559
vt 0.625 0.875
vt 0.6875 0.875
vt 0.625 0.6875
vt 0.6875 0.6875
vt 0.625 0.875
vt 0.6875 0.875
vt 0.625 0.6875
vt 0.6875 0.6875
vt 0.625 0.75
vt 0.6875 0.75
vt 0.625 0.6875
vt 0.6875 0.6875
vt 0.625 0.75
vt 0.6875 0.75
vt 0.625 0.6875
vt 0.6875 0.6875
vt 0.625 0.875
vt 0.6875 0.875
vt 0.625 0.6875
vt 0.6875 0.6875
vt 0.625 0.875
vt 0.6875 0.875
vt 0.625 0.6875
vt 0.6875 0.6875
vn 0.5000000000000001 0.8660254037844386 0
vn 0.5000000000000001 0.8660254037844386 0
vn 0.5000000000000001 0.8660254037844386 0
vn 0.5000000000000001 0.8660254037844386 0
vn -0.5000000000000001 -0.8660254037844386 0
vn -0.5000000000000001 -0.8660254037844386 0
vn -0.5000000000000001 -0.8660254037844386 0
vn -0.5000000000000001 -0.8660254037844386 0
vn -0.8660254037844386 0.5000000000000001 0
vn -0.8660254037844386 0.5000000000000001 0
vn -0.8660254037844386 0.5000000000000001 0
vn -0.8660254037844386 0.5000000000000001 0
vn 0.8660254037844386 -0.5000000000000001 0
vn 0.8660254037844386 -0.5000000000000001 0
vn 0.8660254037844386 -0.5000000000000001 0
vn 0.8660254037844386 -0.5000000000000001 0
vn 0 0 1
vn 0 0 1
vn 0 0 1
vn 0 0 1
vn 0 0 -1
vn 0 0 -1
vn 0 0 -1
vn 0 0 -1
f 2833/2833/2833 2835/2835/2835 2834/2834/2834
f 2835/2835/2835 2836/2836/2836 2834/2834/2834
f 2837/2837/2837 2839/2839/2839 2838/2838/2838
f 2839/2839/2839 2840/2840/2840 2838/2838/2838
f 2841/2841/2841 2843/2843/2843 2842/2842/2842
f 2843/2843/2843 2844/2844/2844 2842/2842/2842
f 2845/2845/2845 2847/2847/2847 2846/2846/2846
f 2847/2847/2847 2848/2848/2848 2846/2846/2846
f 2849/2849/2849 2851/2851/2851 2850/2850/2850
f 2851/2851/2851 2852/2852/2852 2850/2850/2850
f 2853/2853/2853 2855/2855/2855 2854/2854/2854
f 2855/2855/2855 2856/2856/2856 2854/2854/2854
o tendril_1_5_220
usemtl vine
v -0.0010358947440340222 1.719374015178161 0.1250224656246174
v -0.0010358947440340222 1.719374015178161 0.12497753437538259
v -0.0008468955196743303 1.7192648964251003 0.1250224656246174
v -0.0008468955196743303 1.7192648964251003 0.12497753437538259
v -0.0010583603686514348 1.7193351035748998 0.12497753437538259
v -0.0010583603686514348 1.7193351035748998 0.1250224656246174
v -0.0008693611442917431 1.7192259848218392 0.12497753437538259
v -0.0008693611442917431 1.7192259848218392 0.1250224656246174
v -0.0010583603686514348 1.7193351035748998 0.12497753437538259
v -0.0010358947440340222 1.719374015178161 0.12497753437538259
v -0.0010583603686514348 1.7193351035748998 0.1250224656246174
v -0.0010358947440340222 1.719374015178161 0.1250224656246174
v -0.0008693611442917431 1.7192259848218392 0.1250224656246174
v -0.0008468955196743303 1.7192648964251003 0.1250224656246174
v -0.0008693611442917431 1.7192259848218392 0.12497753437538259
v -0.0008468955196743303 1.7192648964251003 0.12497753437538259
v -0.0010583603686514348 1.7193351035748998 0.1250224656246174
v -0.0010358947440340222 1.719374015178161 0.1250224656246174
v -0.0008693611442917431 1.7192259848218392 0.1250224656246174
v -0.0008468955196743303 1.7192648964251003 0.1250224656246174
v -0.0010358947440340222 1.719374015178161 0.12497753437538259
v -0.0010583603686514348 1.7193351035748998 0.12497753437538259
v -0.0008468955196743303 1.7192648964251003 0.12497753437538259
v -0.0008693611442917431 1.7192259848218392 0.12497753437538259
vt 0.25 0.25
vt 0.3125 0.25
vt 0.25 0.0625
vt 0.3125 0.0625
vt 0.25 0.25
vt 0.3125 0.25
vt 0.25 0.0625
vt 0.3125 0.0625
vt 0.25 0.125
vt 0.3125 0.125
vt 0.25 0.0625
vt 0.3125 0.0625
vt 0.25 0.125
vt 0.3125 0.125
vt 0.25 0.0625
vt 0.3125 0.0625
vt 0.25 0.25
vt 0.3125 0.25
vt 0.25 0.0625
vt 0.3125 0.0625
vt 0.25 0.25
vt 0.3125 0.25
vt 0.25 0.0625
vt 0.3125 0.0625
vn 0.5000000000000001 0.8660254037844386 0
vn 0.5000000000000001 0.8660254037844386 0
vn 0.5000000000000001 0.8660254037844386 0
vn 0.5000000000000001 0.8660254037844386 0
vn -0.5000000000000001 -0.8660254037844386 0
vn -0.5000000000000001 -0.8660254037844386 0
vn -0.5000000000000001 -0.8660254037844386 0
vn -0.5000000000000001 -0.8660254037844386 0
vn -0.8660254037844386 0.5000000000000001 0
vn -0.8660254037844386 0.5000000000000001 0
vn -0.8660254037844386 0.5000000000000001 0
vn -0.8660254037844386 0.5000000000000001 0
vn 0.8660254037844386 -0.5000000000000001 0
vn 0.8660254037844386 -0.5000000000000001 0
vn 0.8660254037844386 -0.5000000000000001 0
vn 0.8660254037844386 -0.5000000000000001 0
vn 0 0 1
vn 0 0 1
vn 0 0 1
vn 0 0 1
vn 0 0 -1
vn 0 0 -1
vn 0 0 -1
vn 0 0 -1
f 2857/2857/2857 2859/2859/2859 2858/2858/2858
f 2859/2859/2859 2860/2860/2860 2858/2858/2858
f 2861/2861/2861 2863/2863/2863 2862/2862/2862
f 2863/2863/2863 2864/2864/2864 2862/2862/2862
f 2865/2865/2865 2867/2867/2867 2866/2866/2866
f 2867/2867/2867 2868/2868/2868 2866/2866/2866
f 2869/2869/2869 2871/2871/2871 2870/2870/2870
f 2871/2871/2871 2872/2872/2872 2870/2870/2870
f 2873/2873/2873 2875/2875/2875 2874/2874/2874
f 2875/2875/2875 2876/2876/2876 2874/2874/2874
f 2877/2877/2877 2879/2879/2879 2878/2878/2878
f 2879/2879/2879 2880/2880/2880 2878/2878/2878
o tendril_2_0_221
usemtl vine
v 0.00015830524285655542 1.7186116927177715 -0.12495937500149011
v 0.00015830524285655542 1.7186116927177715 -0.12504062499850987
v -0.000025725160609551485 1.7187179427207517 -0.12495937500149011
v -0.000025725160609551485 1.7187179427207517 -0.12504062499850987
v 0.00019893024136643925 1.718682057279248 -0.12504062499850987
v 0.00019893024136643925 1.718682057279248 -0.12495937500149011
v 0.000014899837900332377 1.7187883072822283 -0.12504062499850987
v 0.000014899837900332377 1.7187883072822283 -0.12495937500149011
v 0.00019893024136643925 1.718682057279248 -0.12504062499850987
v 0.00015830524285655542 1.7186116927177715 -0.12504062499850987
v 0.00019893024136643925 1.718682057279248 -0.12495937500149011
v 0.00015830524285655542 1.7186116927177715 -0.12495937500149011
v 0.000014899837900332377 1.7187883072822283 -0.12495937500149011
v -0.000025725160609551485 1.7187179427207517 -0.12495937500149011
v 0.000014899837900332377 1.7187883072822283 -0.12504062499850987
v -0.000025725160609551485 1.7187179427207517 -0.12504062499850987
v 0.00019893024136643925 1.718682057279248 -0.12495937500149011
v 0.00015830524285655542 1.7186116927177715 -0.12495937500149011
v 0.000014899837900332377 1.7187883072822283 -0.12495937500149011
v -0.000025725160609551485 1.7187179427207517 -0.12495937500149011
v 0.00015830524285655542 1.7186116927177715 -0.12504062499850987
v 0.00019893024136643925 1.718682057279248 -0.12504062499850987
v -0.000025725160609551485 1.7187179427207517 -0.12504062499850987
v 0.000014899837900332377 1.7187883072822283 -0.12504062499850987
vt 0.9375 0.375
vt 1 0.375
vt 0.9375 0.1875
vt 1 0.1875
vt 0.9375 0.375
vt 1 0.375
vt 0.9375 0.1875
vt 1 0.1875
vt 0.9375 0.25
vt 1 0.25
vt 0.9375 0.1875
vt 1 0.1875
vt 0.9375 0.25
vt 1 0.25
vt 0.9375 0.1875
vt 1 0.1875
vt 0.9375 0.375
vt 1 0.375
vt 0.9375 0.1875
vt 1 0.1875
vt 0.9375 0.375
vt 1 0.375
vt 0.9375 0.1875
vt 1 0.1875
vn -0.4999999999999997 -0.8660254037844388 0
vn -0.4999999999999997 -0.8660254037844388 0
vn -0.4999999999999997 -0.8660254037844388 0
vn -0.4999999999999997 -0.8660254037844388 0
vn 0.4999999999999997 0.8660254037844388 0
vn 0.4999999999999997 0.8660254037844388 0
vn 0.4999999999999997 0.8660254037844388 0
vn 0.4999999999999997 0.8660254037844388 0
vn 0.8660254037844388 -0.4999999999999997 0
vn 0.8660254037844388 -0.4999999999999997 0
vn 0.8660254037844388 -0.4999999999999997 0
vn 0.8660254037844388 -0.4999999999999997 0
vn -0.8660254037844388 0.4999999999999997 0
vn -0.8660254037844388 0.4999999999999997 0
vn -0.8660254037844388 0.4999999999999997 0
vn -0.8660254037844388 0.4999999999999997 0
vn 0 0 0.9999999999999999
vn 0 0 0.9999999999999999
vn 0 0 0.9999999999999999
vn 0 0 0.9999999999999999
vn 0 0 -0.9999999999999999
vn 0 0 -0.9999999999999999
vn 0 0 -0.9999999999999999
vn 0 0 -0.9999999999999999
f 2881/2881/2881 2883/2883/2883 2882/2882/2882
f 2883/2883/2883 2884/2884/2884 2882/2882/2882
f 2885/2885/2885 2887/2887/2887 2886/2886/2886
f 2887/2887/2887 2888/2888/2888 2886/2886/2886
f 2889/2889/2889 2891/2891/2891 2890/2890/2890
f 2891/2891/2891 2892/2892/2892 2890/2890/2890
f 2893/2893/2893 2895/2895/2895 2894/2894/2894
f 2895/2895/2895 2896/2896/2896 2894/2894/2894
f 2897/2897/2897 2899/2899/2899 2898/2898/2898
f 2899/2899/2899 2900/2900/2900 2898/2898/2898
f 2901/2901/2901 2903/2903/2903 2902/2902/2902
f 2903/2903/2903 2904/2904/2904 2902/2902/2902
o tendril_2_1_222
usemtl vine
v 0.00033570302131835644 1.7185122609330294 -0.12496196343919076
v 0.00033570302131835644 1.7185122609330294 -0.12503803656080925
v 0.00014587566014306717 1.7186218578111037 -0.12496196343919076
v 0.00014587566014306717 1.7186218578111037 -0.12503803656080925
v 0.0003737395821275962 1.7185781421888962 -0.12503803656080925
v 0.0003737395821275962 1.7185781421888962 -0.12496196343919076
v 0.0001839122209523069 1.7186877390669704 -0.12503803656080925
v 0.0001839122209523069 1.7186877390669704 -0.12496196343919076
v 0.0003737395821275962 1.7185781421888962 -0.12503803656080925
v 0.00033570302131835644 1.7185122609330294 -0.12503803656080925
v 0.0003737395821275962 1.7185781421888962 -0.12496196343919076
v 0.00033570302131835644 1.7185122609330294 -0.12496196343919076
v 0.0001839122209523069 1.7186877390669704 -0.12496196343919076
v 0.00014587566014306717 1.7186218578111037 -0.12496196343919076
v 0.0001839122209523069 1.7186877390669704 -0.12503803656080925
v 0.00014587566014306717 1.7186218578111037 -0.12503803656080925
v 0.0003737395821275962 1.7185781421888962 -0.12496196343919076
v 0.00033570302131835644 1.7185122609330294 -0.12496196343919076
v 0.0001839122209523069 1.7186877390669704 -0.12496196343919076
v 0.00014587566014306717 1.7186218578111037 -0.12496196343919076
v 0.00033570302131835644 1.7185122609330294 -0.12503803656080925
v 0.0003737395821275962 1.7185781421888962 -0.12503803656080925
v 0.00014587566014306717 1.7186218578111037 -0.12503803656080925
v 0.0001839122209523069 1.7186877390669704 -0.12503803656080925
vt 0.375 0.3125
vt 0.4375 0.3125
vt 0.375 0.125
vt 0.4375 0.125
vt 0.375 0.3125
vt 0.4375 0.3125
vt 0.375 0.125
vt 0.4375 0.125
vt 0.375 0.1875
vt 0.4375 0.1875
vt 0.375 0.125
vt 0.4375 0.125
vt 0.375 0.1875
vt 0.4375 0.1875
vt 0.375 0.125
vt 0.4375 0.125
vt 0.375 0.3125
vt 0.4375 0.3125
vt 0.375 0.125
vt 0.4375 0.125
vt 0.375 0.3125
vt 0.4375 0.3125
vt 0.375 0.125
vt 0.4375 0.125
vn -0.4999999999999999 -0.8660254037844388 0
vn -0.4999999999999999 -0.8660254037844388 0
vn -0.4999999999999999 -0.8660254037844388 0
vn -0.4999999999999999 -0.8660254037844388 0
vn 0.4999999999999999 0.8660254037844388 0
vn 0.4999999999999999 0.8660254037844388 0
vn 0.4999999999999999 0.8660254037844388 0
vn 0.4999999999999999 0.8660254037844388 0
vn 0.8660254037844388 -0.4999999999999999 0
vn 0.8660254037844388 -0.4999999999999999 0
vn 0.8660254037844388 -0.4999999999999999 0
vn 0.8660254037844388 -0.4999999999999999 0
vn -0.8660254037844388 0.4999999999999999 0
vn -0.8660254037844388 0.4999999999999999 0
vn -0.8660254037844388 0.4999999999999999 0
vn -0.8660254037844388 0.4999999999999999 0
vn 0 0 1
vn 0 0 1
vn 0 0 1
vn 0 0 1
vn 0 0 -1
vn 0 0 -1
vn 0 0 -1
vn 0 0 -1
f 2905/2905/2905 2907/2907/2907 2906/2906/2906
f 2907/2907/2907 2908/2908/2908 2906/2906/2906
f 2909/2909/2909 2911/2911/2911 2910/2910/2910
f 2911/2911/2911 2912/2912/2912 2910/2910/2910
f 2913/2913/2913 2915/2915/2915 2914/2914/2914
f 2915/2915/2915 2916/2916/2916 2914/2914/2914
f 2917/2917/2917 2919/2919/2919 2918/2918/2918
f 2919/2919/2919 2920/2920/2920 2918/2918/2918
f 2921/2921/2921 2923/2923/2923 2922/2922/2922
f 2923/2923/2923 2924/2924/2924 2922/2922/2922
f 2925/2925/2925 2927/2927/2927 2926/2926/2926
f 2927/2927/2927 2928/2928/2928 2926/2926/2926
o tendril_2_2_223
usemtl vine
v 0.0005088049416811646 1.7184178197541464 -0.12496672593929618
v 0.0005088049416811646 1.7184178197541464 -0.1250332740607038
v 0.00032394640139946025 1.7185245478821403 -0.12496672593929618
v 0.00032394640139946025 1.7185245478821403 -0.1250332740607038
v 0.0005420790023849786 1.7184754521178596 -0.1250332740607038
v 0.0005420790023849786 1.7184754521178596 -0.12496672593929618
v 0.00035722046210327426 1.7185821802458534 -0.1250332740607038
v 0.00035722046210327426 1.7185821802458534 -0.12496672593929618
v 0.0005420790023849786 1.7184754521178596 -0.1250332740607038
v 0.0005088049416811646 1.7184178197541464 -0.1250332740607038
v 0.0005420790023849786 1.7184754521178596 -0.12496672593929618
v 0.0005088049416811646 1.7184178197541464 -0.12496672593929618
v 0.00035722046210327426 1.7185821802458534 -0.12496672593929618
v 0.00032394640139946025 1.7185245478821403 -0.12496672593929618
v 0.00035722046210327426 1.7185821802458534 -0.1250332740607038
v 0.00032394640139946025 1.7185245478821403 -0.1250332740607038
v 0.0005420790023849786 1.7184754521178596 -0.12496672593929618
v 0.0005088049416811646 1.7184178197541464 -0.12496672593929618
v 0.00035722046210327426 1.7185821802458534 -0.12496672593929618
v 0.00032394640139946025 1.7185245478821403 -0.12496672593929618
v 0.0005088049416811646 1.7184178197541464 -0.1250332740607038
v 0.0005420790023849786 1.7184754521178596 -0.1250332740607038
v 0.00032394640139946025 1.7185245478821403 -0.1250332740607038
v 0.00035722046210327426 1.7185821802458534 -0.1250332740607038
vt 0.25 0.8125
vt 0.3125 0.8125
vt 0.25 0.625
vt 0.3125 0.625
vt 0.25 0.8125
vt 0.3125 0.8125
vt 0.25 0.625
vt 0.3125 0.625
vt 0.25 0.6875
vt 0.3125 0.6875
vt 0.25 0.625
vt 0.3125 0.625
vt 0.25 0.6875
vt 0.3125 0.6875
vt 0.25 0.625
vt 0.3125 0.625
vt 0.25 0.8125
vt 0.3125 0.8125
vt 0.25 0.625
vt 0.3125 0.625
vt 0.25 0.8125
vt 0.3125 0.8125
vt 0.25 0.625
vt 0.3125 0.625
vn -0.4999999999999998 -0.8660254037844387 0
vn -0.4999999999999998 -0.8660254037844387 0
vn -0.4999999999999998 -0.8660254037844387 0
vn -0.4999999999999998 -0.8660254037844387 0
vn 0.4999999999999998 0.8660254037844387 0
vn 0.4999999999999998 0.8660254037844387 0
vn 0.4999999999999998 0.8660254037844387 0
vn 0.4999999999999998 0.8660254037844387 0
vn 0.8660254037844387 -0.4999999999999998 0
vn 0.8660254037844387 -0.4999999999999998 0
vn 0.8660254037844387 -0.4999999999999998 0
vn 0.8660254037844387 -0.4999999999999998 0
vn -0.8660254037844387 0.4999999999999998 0
vn -0.8660254037844387 0.4999999999999998 0
vn -0.8660254037844387 0.4999999999999998 0
vn -0.8660254037844387 0.4999999999999998 0
vn 0 0 1
vn 0 0 1
vn 0 0 1
vn 0 0 1
vn 0 0 -1
vn 0 0 -1
vn 0 0 -1
vn 0 0 -1
f 2929/2929/2929 2931/2931/2931 2930/2930/2930
f 2931/2931/2931 2932/2932/2932 2930/2930/2930
f 2933/2933/2933 2935/2935/2935 2934/2934/2934
f 2935/2935/2935 2936/2936/2936 2934/2934/2934
f 2937/2937/2937 2939/2939/2939 2938/2938/2938
f 2939/2939/2939 2940/2940/2940 2938/2938/2938
f 2941/2941/2941 2943/2943/2943 2942/2942/2942
f 2943/2943/2943 2944/2944/2944 2942/2942/2942
f 2945/2945/2945 2947/2947/2947 2946/2946/2946
f 2947/2947/2947 2948/2948/2948 2946/2946/2946
f 2949/2949/2949 2951/2951/2951 2950/2950/2950
f 2951/2951/2951 2952/2952/2952 2950/2950/2950
o tendril_2_3_224
usemtl vine
v 0.0006863292816831446 1.7183186071804224 -0.12496956750007719
v 0.0006863292816831446 1.7183186071804224 -0.12503043249992282
v 0.0004956737836922579 1.71842868218351 -0.12496956750007719
v 0.0004956737836922579 1.71842868218351 -0.12503043249992282
v 0.0007167617816059566 1.7183713178164899 -0.12503043249992282
v 0.0007167617816059566 1.7183713178164899 -0.12496956750007719
v 0.0005261062836150698 1.7184813928195775 -0.12503043249992282
v 0.0005261062836150698 1.7184813928195775 -0.12496956750007719
v 0.0007167617816059566 1.7183713178164899 -0.12503043249992282
v 0.0006863292816831446 1.7183186071804224 -0.12503043249992282
v 0.0007167617816059566 1.7183713178164899 -0.12496956750007719
v 0.0006863292816831446 1.7183186071804224 -0.12496956750007719
v 0.0005261062836150698 1.7184813928195775 -0.12496956750007719
v 0.0004956737836922579 1.71842868218351 -0.12496956750007719
v 0.0005261062836150698 1.7184813928195775 -0.12503043249992282
v 0.0004956737836922579 1.71842868218351 -0.12503043249992282
v 0.0007167617816059566 1.7183713178164899 -0.12496956750007719
v 0.0006863292816831446 1.7183186071804224 -0.12496956750007719
v 0.0005261062836150698 1.7184813928195775 -0.12496956750007719
v 0.0004956737836922579 1.71842868218351 -0.12496956750007719
v 0.0006863292816831446 1.7183186071804224 -0.12503043249992282
v 0.0007167617816059566 1.7183713178164899 -0.12503043249992282
v 0.0004956737836922579 1.71842868218351 -0.12503043249992282
v 0.0005261062836150698 1.7184813928195775 -0.12503043249992282
vt 0.875 0.375
vt 0.9375 0.375
vt 0.875 0.1875
vt 0.9375 0.1875
vt 0.875 0.375
vt 0.9375 0.375
vt 0.875 0.1875
vt 0.9375 0.1875
vt 0.875 0.25
vt 0.9375 0.25
vt 0.875 0.1875
vt 0.9375 0.1875
vt 0.875 0.25
vt 0.9375 0.25
vt 0.875 0.1875
vt 0.9375 0.1875
vt 0.875 0.375
vt 0.9375 0.375
vt 0.875 0.1875
vt 0.9375 0.1875
vt 0.875 0.375
vt 0.9375 0.375
vt 0.875 0.1875
vt 0.9375 0.1875
vn -0.49999999999999983 -0.8660254037844389 0
vn -0.49999999999999983 -0.8660254037844389 0
vn -0.49999999999999983 -0.8660254037844389 0
vn -0.49999999999999983 -0.8660254037844389 0
vn 0.49999999999999983 0.8660254037844389 0
vn 0.49999999999999983 0.8660254037844389 0
vn 0.49999999999999983 0.8660254037844389 0
vn 0.49999999999999983 0.8660254037844389 0
vn 0.8660254037844389 -0.49999999999999983 0
vn 0.8660254037844389 -0.49999999999999983 0
vn 0.8660254037844389 -0.49999999999999983 0
vn 0.8660254037844389 -0.49999999999999983 0
vn -0.8660254037844389 0.49999999999999983 0
vn -0.8660254037844389 0.49999999999999983 0
vn -0.8660254037844389 0.49999999999999983 0
vn -0.8660254037844389 0.49999999999999983 0
vn 0 0 0.9999999999999999
vn 0 0 0.9999999999999999
vn 0 0 0.9999999999999999
vn 0 0 0.9999999999999999
vn 0 0 -0.9999999999999999
vn 0 0 -0.9999999999999999
vn 0 0 -0.9999999999999999
vn 0 0 -0.9999999999999999
f 2953/2953/2953 2955/2955/2955 2954/2954/2954
f 2955/2955/2955 2956/2956/2956 2954/2954/2954
f 2957/2957/2957 2959/2959/2959 2958/2958/2958
f 2959/2959/2959 2960/2960/2960 2958/2958/2958
f 2961/2961/2961 2963/2963/2963 2962/2962/2962
f 2963/2963/2963 2964/2964/2964 2962/2962/2962
f 2965/2965/2965 2967/2967/2967 2966/2966/2966
f 2967/2967/2967 2968/2968/2968 2966/2966/2966
f 2969/2969/2969 2971/2971/2971 2970/2970/2970
f 2971/2971/2971 2972/2972/2972 2970/2970/2970
f 2973/2973/2973 2975/2975/2975 2974/2974/2974
f 2975/2975/2975 2976/2976/2976 2974/2974/2974
o tendril_2_3_225
usemtl thorn
v 0.0005702519318438071 1.7183099404167124 -0.12498108124924824
v 0.0005702519318438071 1.7183099404167124 -0.12501891875075177
v 0.0005549209686191228 1.718396886629726 -0.12498108124924824
v 0.0005549209686191228 1.718396886629726 -0.12501891875075177
v 0.0006075145966790917 1.718316510829896 -0.12501891875075177
v 0.0006075145966790917 1.718316510829896 -0.12498108124924824
v 0.0005921836334544075 1.7184034570429094 -0.12501891875075177
v 0.0005921836334544075 1.7184034570429094 -0.12498108124924824
v 0.0006075145966790917 1.718316510829896 -0.12501891875075177
v 0.0005702519318438071 1.7183099404167124 -0.12501891875075177
v 0.0006075145966790917 1.718316510829896 -0.12498108124924824
v 0.0005702519318438071 1.7183099404167124 -0.12498108124924824
v 0.0005921836334544075 1.7184034570429094 -0.12498108124924824
v 0.0005549209686191228 1.718396886629726 -0.12498108124924824
v 0.0005921836334544075 1.7184034570429094 -0.12501891875075177
v 0.0005549209686191228 1.718396886629726 -0.12501891875075177
v 0.0006075145966790917 1.718316510829896 -0.12498108124924824
v 0.0005702519318438071 1.7183099404167124 -0.12498108124924824
v 0.0005921836334544075 1.7184034570429094 -0.12498108124924824
v 0.0005549209686191228 1.718396886629726 -0.12498108124924824
v 0.0005702519318438071 1.7183099404167124 -0.12501891875075177
v 0.0006075145966790917 1.718316510829896 -0.12501891875075177
v 0.0005549209686191228 1.718396886629726 -0.12501891875075177
v 0.0005921836334544075 1.7184034570429094 -0.12501891875075177
vt 0.375 0.1875
vt 0.4375 0.1875
vt 0.375 0.125
vt 0.4375 0.125
vt 0.375 0.1875
vt 0.4375 0.1875
vt 0.375 0.125
vt 0.4375 0.125
vt 0.375 0.1875
vt 0.4375 0.1875
vt 0.375 0.125
vt 0.4375 0.125
vt 0.375 0.1875
vt 0.4375 0.1875
vt 0.375 0.125
vt 0.4375 0.125
vt 0.375 0.1875
vt 0.4375 0.1875
vt 0.375 0.125
vt 0.4375 0.125
vt 0.375 0.1875
vt 0.4375 0.1875
vt 0.375 0.125
vt 0.4375 0.125
vn -0.9848077530122079 -0.17364817766693053 0
vn -0.9848077530122079 -0.17364817766693053 0
vn -0.9848077530122079 -0.17364817766693053 0
vn -0.9848077530122079 -0.17364817766693053 0
vn 0.9848077530122079 0.17364817766693053 0
vn 0.9848077530122079 0.17364817766693053 0
vn 0.9848077530122079 0.17364817766693053 0
vn 0.9848077530122079 0.17364817766693053 0
vn 0.17364817766693053 -0.9848077530122079 0
vn 0.17364817766693053 -0.9848077530122079 0
vn 0.17364817766693053 -0.9848077530122079 0
vn 0.17364817766693053 -0.9848077530122079 0
vn -0.17364817766693053 0.9848077530122079 0
vn -0.17364817766693053 0.9848077530122079 0
vn -0.17364817766693053 0.9848077530122079 0
vn -0.17364817766693053 0.9848077530122079 0
vn 0 0 1
vn 0 0 1
vn 0 0 1
vn 0 0 1
vn 0 0 -1
vn 0 0 -1
vn 0 0 -1
vn 0 0 -1
f 2977/2977/2977 2979/2979/2979 2978/2978/2978
f 2979/2979/2979 2980/2980/2980 2978/2978/2978
f 2981/2981/2981 2983/2983/2983 2982/2982/2982
f 2983/2983/2983 2984/2984/2984 2982/2982/2982
f 2985/2985/2985 2987/2987/2987 2986/2986/2986
f 2987/2987/2987 2988/2988/2988 2986/2986/2986
f 2989/2989/2989 2991/2991/2991 2990/2990/2990
f 2991/2991/2991 2992/2992/2992 2990/2990/2990
f 2993/2993/2993 2995/2995/2995 2994/2994/2994
f 2995/2995/2995 2996/2996/2996 2994/2994/2994
f 2997/2997/2997 2999/2999/2999 2998/2998/2998
f 2999/2999/2999 3000/3000/3000 2998/2998/2998
o tendril_2_4_226
usemtl vine
v 0.0008618332746755221 1.7182216327631896 -0.12497333718773257
v 0.0008618332746755221 1.7182216327631896 -0.12502666281226743
v 0.0006703496398690378 1.7183321858912906 -0.12497333718773257
v 0.0006703496398690378 1.7183321858912906 -0.12502666281226743
v 0.0008884960869429522 1.7182678141087093 -0.12502666281226743
v 0.0008884960869429522 1.7182678141087093 -0.12497333718773257
v 0.0006970124521364679 1.7183783672368103 -0.12502666281226743
v 0.0006970124521364679 1.7183783672368103 -0.12497333718773257
v 0.0008884960869429522 1.7182678141087093 -0.12502666281226743
v 0.0008618332746755221 1.7182216327631896 -0.12502666281226743
v 0.0008884960869429522 1.7182678141087093 -0.12497333718773257
v 0.0008618332746755221 1.7182216327631896 -0.12497333718773257
v 0.0006970124521364679 1.7183783672368103 -0.12497333718773257
v 0.0006703496398690378 1.7183321858912906 -0.12497333718773257
v 0.0006970124521364679 1.7183783672368103 -0.12502666281226743
v 0.0006703496398690378 1.7183321858912906 -0.12502666281226743
v 0.0008884960869429522 1.7182678141087093 -0.12497333718773257
v 0.0008618332746755221 1.7182216327631896 -0.12497333718773257
v 0.0006970124521364679 1.7183783672368103 -0.12497333718773257
v 0.0006703496398690378 1.7183321858912906 -0.12497333718773257
v 0.0008618332746755221 1.7182216327631896 -0.12502666281226743
v 0.0008884960869429522 1.7182678141087093 -0.12502666281226743
v 0.0006703496398690378 1.7183321858912906 -0.12502666281226743
v 0.0006970124521364679 1.7183783672368103 -0.12502666281226743
vt 0.625 0.875
vt 0.6875 0.875
vt 0.625 0.6875
vt 0.6875 0.6875
vt 0.625 0.875
vt 0.6875 0.875
vt 0.625 0.6875
vt 0.6875 0.6875
vt 0.625 0.75
vt 0.6875 0.75
vt 0.625 0.6875
vt 0.6875 0.6875
vt 0.625 0.75
vt 0.6875 0.75
vt 0.625 0.6875
vt 0.6875 0.6875
vt 0.625 0.875
vt 0.6875 0.875
vt 0.625 0.6875
vt 0.6875 0.6875
vt 0.625 0.875
vt 0.6875 0.875
vt 0.625 0.6875
vt 0.6875 0.6875
vn -0.4999999999999998 -0.8660254037844388 0
vn -0.4999999999999998 -0.8660254037844388 0
vn -0.4999999999999998 -0.8660254037844388 0
vn -0.4999999999999998 -0.8660254037844388 0
vn 0.4999999999999998 0.8660254037844388 0
vn 0.4999999999999998 0.8660254037844388 0
vn 0.4999999999999998 0.8660254037844388 0
vn 0.4999999999999998 0.8660254037844388 0
vn 0.8660254037844388 -0.4999999999999998 0
vn 0.8660254037844388 -0.4999999999999998 0
vn 0.8660254037844388 -0.4999999999999998 0
vn 0.8660254037844388 -0.4999999999999998 0
vn -0.8660254037844388 0.4999999999999998 0
vn -0.8660254037844388 0.4999999999999998 0
vn -0.8660254037844388 0.4999999999999998 0
vn -0.8660254037844388 0.4999999999999998 0
vn 0 0 1
vn 0 0 1
vn 0 0 1
vn 0 0 1
vn 0 0 -1
vn 0 0 -1
vn 0 0 -1
vn 0 0 -1
f 3001/3001/3001 3003/3003/3003 3002/3002/3002
f 3003/3003/3003 3004/3004/3004 3002/3002/3002
f 3005/3005/3005 3007/3007/3007 3006/3006/3006
f 3007/3007/3007 3008/3008/3008 3006/3006/3006
f 3009/3009/3009 3011/3011/3011 3010/3010/3010
f 3011/3011/3011 3012/3012/3012 3010/3010/3010
f 3013/3013/3013 3015/3015/3015 3014/3014/3014
f 3015/3015/3015 3016/3016/3016 3014/3014/3014
f 3017/3017/3017 3019/3019/3019 3018/3018/3018
f 3019/3019/3019 3020/3020/3020 3018/3018/3018
f 3021/3021/3021 3023/3023/3023 3022/3022/3022
f 3023/3023/3023 3024/3024/3024 3022/3022/3022
o tendril_2_5_227
usemtl vine
v 0.0010348001950581116 1.7181269577574818 -0.12497782968787756
v 0.0010348001950581116 1.7181269577574818 -0.12502217031212245
v 0.0008482853811452122 1.7182346421355024 -0.12497782968787756
v 0.0008482853811452122 1.7182346421355024 -0.12502217031212245
v 0.0010569705071805534 1.7181653578644975 -0.12502217031212245
v 0.0010569705071805534 1.7181653578644975 -0.12497782968787756
v 0.000870455693267654 1.718273042242518 -0.12502217031212245
v 0.000870455693267654 1.718273042242518 -0.12497782968787756
v 0.0010569705071805534 1.7181653578644975 -0.12502217031212245
v 0.0010348001950581116 1.7181269577574818 -0.12502217031212245
v 0.0010569705071805534 1.7181653578644975 -0.12497782968787756
v 0.0010348001950581116 1.7181269577574818 -0.12497782968787756
v 0.000870455693267654 1.718273042242518 -0.12497782968787756
v 0.0008482853811452122 1.7182346421355024 -0.12497782968787756
v 0.000870455693267654 1.718273042242518 -0.12502217031212245
v 0.0008482853811452122 1.7182346421355024 -0.12502217031212245
v 0.0010569705071805534 1.7181653578644975 -0.12497782968787756
v 0.0010348001950581116 1.7181269577574818 -0.12497782968787756
v 0.000870455693267654 1.718273042242518 -0.12497782968787756
v 0.0008482853811452122 1.7182346421355024 -0.12497782968787756
v 0.0010348001950581116 1.7181269577574818 -0.12502217031212245
v 0.0010569705071805534 1.7181653578644975 -0.12502217031212245
v 0.0008482853811452122 1.7182346421355024 -0.12502217031212245
v 0.000870455693267654 1.718273042242518 -0.12502217031212245
vt 0.25 0.25
vt 0.3125 0.25
vt 0.25 0.0625
vt 0.3125 0.0625
vt 0.25 0.25
vt 0.3125 0.25
vt 0.25 0.0625
vt 0.3125 0.0625
vt 0.25 0.125
vt 0.3125 0.125
vt 0.25 0.0625
vt 0.3125 0.0625
vt 0.25 0.125
vt 0.3125 0.125
vt 0.25 0.0625
vt 0.3125 0.0625
vt 0.25 0.25
vt 0.3125 0.25
vt 0.25 0.0625
vt 0.3125 0.0625
vt 0.25 0.25
vt 0.3125 0.25
vt 0.25 0.0625
vt 0.3125 0.0625
vn -0.49999999999999967 -0.8660254037844387 0
vn -0.49999999999999967 -0.8660254037844387 0
vn -0.49999999999999967 -0.8660254037844387 0
vn -0.49999999999999967 -0.8660254037844387 0
vn 0.49999999999999967 0.8660254037844387 0
vn 0.49999999999999967 0.8660254037844387 0
vn 0.49999999999999967 0.8660254037844387 0
vn 0.49999999999999967 0.8660254037844387 0
vn 0.8660254037844387 -0.49999999999999967 0
vn 0.8660254037844387 -0.49999999999999967 0
vn 0.8660254037844387 -0.49999999999999967 0
vn 0.8660254037844387 -0.49999999999999967 0
vn -0.8660254037844387 0.49999999999999967 0
vn -0.8660254037844387 0.49999999999999967 0
vn -0.8660254037844387 0.49999999999999967 0
vn -0.8660254037844387 0.49999999999999967 0
vn 0 0 1
vn 0 0 1
vn 0 0 1
vn 0 0 1
vn 0 0 -1
vn 0 0 -1
vn 0 0 -1
vn 0 0 -1
f 3025/3025/3025 3027/3027/3027 3026/3026/3026
f 3027/3027/3027 3028/3028/3028 3026/3026/3026
f 3029/3029/3029 3031/3031/3031 3030/3030/3030
f 3031/3031/3031 3032/3032/3032 3030/3030/3030
f 3033/3033/3033 3035/3035/3035 3034/3034/3034
f 3035/3035/3035 3036/3036/3036 3034/3034/3034
f 3037/3037/3037 3039/3039/3039 3038/3038/3038
f 3039/3039/3039 3040/3040/3040 3038/3038/3038
f 3041/3041/3041 3043/3043/3043 3042/3042/3042
f 3043/3043/3043 3044/3044/3044 3042/3042/3042
f 3045/3045/3045 3047/3047/3047 3046/3046/3046
f 3047/3047/3047 3048/3048/3048 3046/3046/3046
o tendril_3_0_228
usemtl vine
v -0.0000615892890430669 1.7189562600711632 0.12504245312344284
v -0.0000615892890430669 1.7189562600711632 0.12495754687655718
v 0.00004266274279226563 1.7187601905158243 0.12504245312344284
v 0.00004266274279226563 1.7187601905158243 0.12495754687655718
v -0.0001365570553494438 1.7189163990027476 0.12495754687655718
v -0.0001365570553494438 1.7189163990027476 0.12504245312344284
v -0.00003230502351411126 1.7187203294474087 0.12495754687655718
v -0.00003230502351411126 1.7187203294474087 0.12504245312344284
v -0.0001365570553494438 1.7189163990027476 0.12495754687655718
v -0.0000615892890430669 1.7189562600711632 0.12495754687655718
v -0.0001365570553494438 1.7189163990027476 0.12504245312344284
v -0.0000615892890430669 1.7189562600711632 0.12504245312344284
v -0.00003230502351411126 1.7187203294474087 0.12504245312344284
v 0.00004266274279226563 1.7187601905158243 0.12504245312344284
v -0.00003230502351411126 1.7187203294474087 0.12495754687655718
v 0.00004266274279226563 1.7187601905158243 0.12495754687655718
v -0.0001365570553494438 1.7189163990027476 0.12504245312344284
v -0.0000615892890430669 1.7189562600711632 0.12504245312344284
v -0.00003230502351411126 1.7187203294474087 0.12504245312344284
v 0.00004266274279226563 1.7187601905158243 0.12504245312344284
v -0.0000615892890430669 1.7189562600711632 0.12495754687655718
v -0.0001365570553494438 1.7189163990027476 0.12495754687655718
v 0.00004266274279226563 1.7187601905158243 0.12495754687655718
v -0.00003230502351411126 1.7187203294474087 0.12495754687655718
vt 0.9375 0.375
vt 1 0.375
vt 0.9375 0.1875
vt 1 0.1875
vt 0.9375 0.375
vt 1 0.375
vt 0.9375 0.1875
vt 1 0.1875
vt 0.9375 0.25
vt 1 0.25
vt 0.9375 0.1875
vt 1 0.1875
vt 0.9375 0.25
vt 1 0.25
vt 0.9375 0.1875
vt 1 0.1875
vt 0.9375 0.375
vt 1 0.375
vt 0.9375 0.1875
vt 1 0.1875
vt 0.9375 0.375
vt 1 0.375
vt 0.9375 0.1875
vt 1 0.1875
vn 0.882947592858927 0.46947156278589075 0
vn 0.882947592858927 0.46947156278589075 0
vn 0.882947592858927 0.46947156278589075 0
vn 0.882947592858927 0.46947156278589075 0
vn -0.882947592858927 -0.46947156278589075 0
vn -0.882947592858927 -0.46947156278589075 0
vn -0.882947592858927 -0.46947156278589075 0
vn -0.882947592858927 -0.46947156278589075 0
vn -0.46947156278589075 0.882947592858927 0
vn -0.46947156278589075 0.882947592858927 0
vn -0.46947156278589075 0.882947592858927 0
vn -0.46947156278589075 0.882947592858927 0
vn 0.46947156278589075 -0.882947592858927 0
vn 0.46947156278589075 -0.882947592858927 0
vn 0.46947156278589075 -0.882947592858927 0
vn 0.46947156278589075 -0.882947592858927 0
vn 0 0 1
vn 0 0 1
vn 0 0 1
vn 0 0 1
vn 0 0 -1
vn 0 0 -1
vn 0 0 -1
vn 0 0 -1
f 3049/3049/3049 3051/3051/3051 3050/3050/3050
f 3051/3051/3051 3052/3052/3052 3050/3050/3050
f 3053/3053/3053 3055/3055/3055 3054/3054/3054
f 3055/3055/3055 3056/3056/3056 3054/3054/3054
f 3057/3057/3057 3059/3059/3059 3058/3058/3058
f 3059/3059/3059 3060/3060/3060 3058/3058/3058
f 3061/3061/3061 3063/3063/3063 3062/3062/3062
f 3063/3063/3063 3064/3064/3064 3062/3062/3062
f 3065/3065/3065 3067/3067/3067 3066/3066/3066
f 3067/3067/3067 3068/3068/3068 3066/3066/3066
f 3069/3069/3069 3071/3071/3071 3070/3070/3070
f 3071/3071/3071 3072/3072/3072 3070/3070/3070
o tendril_3_1_229
usemtl vine
v -0.00015847594069179645 1.7191280094743933 0.12503753874833137
v -0.00015847594069179645 1.7191280094743933 0.12496246125166863
v -0.00005691750202350122 1.7189370058310105 0.12503753874833137
v -0.00005691750202350122 1.7189370058310105 0.12496246125166863
v -0.00022476543564803328 1.7190927627247048 0.12496246125166863
v -0.00022476543564803328 1.7190927627247048 0.12503753874833137
v -0.00012320699697973805 1.718901759081322 0.12496246125166863
v -0.00012320699697973805 1.718901759081322 0.12503753874833137
v -0.00022476543564803328 1.7190927627247048 0.12496246125166863
v -0.00015847594069179645 1.7191280094743933 0.12496246125166863
v -0.00022476543564803328 1.7190927627247048 0.12503753874833137
v -0.00015847594069179645 1.7191280094743933 0.12503753874833137
v -0.00012320699697973805 1.718901759081322 0.12503753874833137
v -0.00005691750202350122 1.7189370058310105 0.12503753874833137
v -0.00012320699697973805 1.718901759081322 0.12496246125166863
v -0.00005691750202350122 1.7189370058310105 0.12496246125166863
v -0.00022476543564803328 1.7190927627247048 0.12503753874833137
v -0.00015847594069179645 1.7191280094743933 0.12503753874833137
v -0.00012320699697973805 1.718901759081322 0.12503753874833137
v -0.00005691750202350122 1.7189370058310105 0.12503753874833137
v -0.00015847594069179645 1.7191280094743933 0.12496246125166863
v -0.00022476543564803328 1.7190927627247048 0.12496246125166863
v -0.00005691750202350122 1.7189370058310105 0.12496246125166863
v -0.00012320699697973805 1.718901759081322 0.12496246125166863
vt 0.375 0.3125
vt 0.4375 0.3125
vt 0.375 0.125
vt 0.4375 0.125
vt 0.375 0.3125
vt 0.4375 0.3125
vt 0.375 0.125
vt 0.4375 0.125
vt 0.375 0.1875
vt 0.4375 0.1875
vt 0.375 0.125
vt 0.4375 0.125
vt 0.375 0.1875
vt 0.4375 0.1875
vt 0.375 0.125
vt 0.4375 0.125
vt 0.375 0.3125
vt 0.4375 0.3125
vt 0.375 0.125
vt 0.4375 0.125
vt 0.375 0.3125
vt 0.4375 0.3125
vt 0.375 0.125
vt 0.4375 0.125
vn 0.882947592858927 0.4694715627858907 0
vn 0.882947592858927 0.4694715627858907 0
vn 0.882947592858927 0.4694715627858907 0
vn 0.882947592858927 0.4694715627858907 0
vn -0.882947592858927 -0.4694715627858907 0
vn -0.882947592858927 -0.4694715627858907 0
vn -0.882947592858927 -0.4694715627858907 0
vn -0.882947592858927 -0.4694715627858907 0
vn -0.4694715627858907 0.882947592858927 0
vn -0.4694715627858907 0.882947592858927 0
vn -0.4694715627858907 0.882947592858927 0
vn -0.4694715627858907 0.882947592858927 0
vn 0.4694715627858907 -0.882947592858927 0
vn 0.4694715627858907 -0.882947592858927 0
vn 0.4694715627858907 -0.882947592858927 0
vn 0.4694715627858907 -0.882947592858927 0
vn 0 0 1
vn 0 0 1
vn 0 0 1
vn 0 0 1
vn 0 0 -1
vn 0 0 -1
vn 0 0 -1
vn 0 0 -1
f 3073/3073/3073 3075/3075/3075 3074/3074/3074
f 3075/3075/3075 3076/3076/3076 3074/3074/3074
f 3077/3077/3077 3079/3079/3079 3078/3078/3078
f 3079/3079/3079 3080/3080/3080 3078/3078/3078
f 3081/3081/3081 3083/3083/3083 3082/3082/3082
f 3083/3083/3083 3084/3084/3084 3082/3082/3082
f 3085/3085/3085 3087/3087/3087 3086/3086/3086
f 3087/3087/3087 3088/3088/3088 3086/3086/3086
f 3089/3089/3089 3091/3091/3091 3090/3090/3090
f 3091/3091/3091 3092/3092/3092 3090/3090/3090
f 3093/3093/3093 3095/3095/3095 3094/3094/3094
f 3095/3095/3095 3096/3096/3096 3094/3094/3094
o tendril_3_2_230
usemtl vine
v -0.00025639086792023254 1.7193062517647177 0.12503476468562336
v -0.00025639086792023254 1.7193062517647177 0.12496523531437666
v -0.00015168990389039378 1.7191093378907196 0.12503476468562336
v -0.00015168990389039378 1.7191093378907196 0.12496523531437666
v -0.0003177816588954971 1.719273609702139 0.12496523531437666
v -0.0003177816588954971 1.719273609702139 0.12503476468562336
v -0.0002130806948656583 1.719076695828141 0.12496523531437666
v -0.0002130806948656583 1.719076695828141 0.12503476468562336
v -0.0003177816588954971 1.719273609702139 0.12496523531437666
v -0.00025639086792023254 1.7193062517647177 0.12496523531437666
v -0.0003177816588954971 1.719273609702139 0.12503476468562336
v -0.00025639086792023254 1.7193062517647177 0.12503476468562336
v -0.0002130806948656583 1.719076695828141 0.12503476468562336
v -0.00015168990389039378 1.7191093378907196 0.12503476468562336
v -0.0002130806948656583 1.719076695828141 0.12496523531437666
v -0.00015168990389039378 1.7191093378907196 0.12496523531437666
v -0.0003177816588954971 1.719273609702139 0.12503476468562336
v -0.00025639086792023254 1.7193062517647177 0.12503476468562336
v -0.0002130806948656583 1.719076695828141 0.12503476468562336
v -0.00015168990389039378 1.7191093378907196 0.12503476468562336
v -0.00025639086792023254 1.7193062517647177 0.12496523531437666
v -0.0003177816588954971 1.719273609702139 0.12496523531437666
v -0.00015168990389039378 1.7191093378907196 0.12496523531437666
v -0.0002130806948656583 1.719076695828141 0.12496523531437666
vt 0.25 0.8125
vt 0.3125 0.8125
vt 0.25 0.625
vt 0.3125 0.625
vt 0.25 0.8125
vt 0.3125 0.8125
vt 0.25 0.625
vt 0.3125 0.625
vt 0.25 0.6875
vt 0.3125 0.6875
vt 0.25 0.625
vt 0.3125 0.625
vt 0.25 0.6875
vt 0.3125 0.6875
vt 0.25 0.625
vt 0.3125 0.625
vt 0.25 0.8125
vt 0.3125 0.8125
vt 0.25 0.625
vt 0.3125 0.625
vt 0.25 0.8125
vt 0.3125 0.8125
vt 0.25 0.625
vt 0.3125 0.625
vn 0.8829475928589269 0.46947156278589075 0
vn 0.8829475928589269 0.46947156278589075 0
vn 0.8829475928589269 0.46947156278589075 0
vn 0.8829475928589269 0.46947156278589075 0
vn -0.8829475928589269 -0.46947156278589075 0
vn -0.8829475928589269 -0.46947156278589075 0
vn -0.8829475928589269 -0.46947156278589075 0
vn -0.8829475928589269 -0.46947156278589075 0
vn -0.46947156278589075 0.8829475928589269 0
vn -0.46947156278589075 0.8829475928589269 0
vn -0.46947156278589075 0.8829475928589269 0
vn -0.46947156278589075 0.8829475928589269 0
vn 0.46947156278589075 -0.8829475928589269 0
vn 0.46947156278589075 -0.8829475928589269 0
vn 0.46947156278589075 -0.8829475928589269 0
vn 0.46947156278589075 -0.8829475928589269 0
vn 0 0 1
vn 0 0 1
vn 0 0 1
vn 0 0 1
vn 0 0 -1
vn 0 0 -1
vn 0 0 -1
vn 0 0 -1
f 3097/3097/3097 3099/3099/3099 3098/3098/3098
f 3099/3099/3099 3100/3100/3100 3098/3098/3098
f 3101/3101/3101 3103/3103/3103 3102/3102/3102
f 3103/3103/3103 3104/3104/3104 3102/3102/3102
f 3105/3105/3105 3107/3107/3107 3106/3106/3106
f 3107/3107/3107 3108/3108/3108 3106/3106/3106
f 3109/3109/3109 3111/3111/3111 3110/3110/3110
f 3111/3111/3111 3112/3112/3112 3110/3110/3110
f 3113/3113/3113 3115/3115/3115 3114/3114/3114
f 3115/3115/3115 3116/3116/3116 3114/3114/3114
f 3117/3117/3117 3119/3119/3119 3118/3118/3118
f 3119/3119/3119 3120/3120/3120 3118/3118/3118
o tendril_3_3_231
usemtl vine
v -0.000353113620733903 1.7194780883145042 0.12503003593742382
v -0.000353113620733903 1.7194780883145042 0.12496996406257618
v -0.00025110624987110153 1.719286240352462 0.12503003593742382
v -0.00025110624987110153 1.719286240352462 0.12496996406257618
v -0.0004061539380291456 1.71944988627754 0.12496996406257618
v -0.0004061539380291456 1.71944988627754 0.12503003593742382
v -0.00030414656716634415 1.7192580383154978 0.12496996406257618
v -0.00030414656716634415 1.7192580383154978 0.12503003593742382
v -0.0004061539380291456 1.71944988627754 0.12496996406257618
v -0.000353113620733903 1.7194780883145042 0.12496996406257618
v -0.0004061539380291456 1.71944988627754 0.12503003593742382
v -0.000353113620733903 1.7194780883145042 0.12503003593742382
v -0.00030414656716634415 1.7192580383154978 0.12503003593742382
v -0.00025110624987110153 1.719286240352462 0.12503003593742382
v -0.00030414656716634415 1.7192580383154978 0.12496996406257618
v -0.00025110624987110153 1.719286240352462 0.12496996406257618
v -0.0004061539380291456 1.71944988627754 0.12503003593742382
v -0.000353113620733903 1.7194780883145042 0.12503003593742382
v -0.00030414656716634415 1.7192580383154978 0.12503003593742382
v -0.00025110624987110153 1.719286240352462 0.12503003593742382
v -0.000353113620733903 1.7194780883145042 0.12496996406257618
v -0.0004061539380291456 1.71944988627754 0.12496996406257618
v -0.00025110624987110153 1.719286240352462 0.12496996406257618
v -0.00030414656716634415 1.7192580383154978 0.12496996406257618
vt 0.875 0.375
vt 0.9375 0.375
vt 0.875 0.1875
vt 0.9375 0.1875
vt 0.875 0.375
vt 0.9375 0.375
vt 0.875 0.1875
vt 0.9375 0.1875
vt 0.875 0.25
vt 0.9375 0.25
vt 0.875 0.1875
vt 0.9375 0.1875
vt 0.875 0.25
vt 0.9375 0.25
vt 0.875 0.1875
vt 0.9375 0.1875
vt 0.875 0.375
vt 0.9375 0.375
vt 0.875 0.1875
vt 0.9375 0.1875
vt 0.875 0.375
vt 0.9375 0.375
vt 0.875 0.1875
vt 0.9375 0.1875
vn 0.8829475928589271 0.4694715627858908 0
vn 0.8829475928589271 0.4694715627858908 0
vn 0.8829475928589271 0.4694715627858908 0
vn 0.8829475928589271 0.4694715627858908 0
vn -0.8829475928589271 -0.4694715627858908 0
vn -0.8829475928589271 -0.4694715627858908 0
vn -0.8829475928589271 -0.4694715627858908 0
vn -0.8829475928589271 -0.4694715627858908 0
vn -0.4694715627858908 0.8829475928589271 0
vn -0.4694715627858908 0.8829475928589271 0
vn -0.4694715627858908 0.8829475928589271 0
vn -0.4694715627858908 0.8829475928589271 0
vn 0.4694715627858908 -0.8829475928589271 0
vn 0.4694715627858908 -0.8829475928589271 0
vn 0.4694715627858908 -0.8829475928589271 0
vn 0.4694715627858908 -0.8829475928589271 0
vn 0 0 1
vn 0 0 1
vn 0 0 1
vn 0 0 1
vn 0 0 -1
vn 0 0 -1
vn 0 0 -1
vn 0 0 -1
f 3121/3121/3121 3123/3123/3123 3122/3122/3122
f 3123/3123/3123 3124/3124/3124 3122/3122/3122
f 3125/3125/3125 3127/3127/3127 3126/3126/3126
f 3127/3127/3127 3128/3128/3128 3126/3126/3126
f 3129/3129/3129 3131/3131/3131 3130/3130/3130
f 3131/3131/3131 3132/3132/3132 3130/3130/3130
f 3133/3133/3133 3135/3135/3135 3134/3134/3134
f 3135/3135/3135 3136/3136/3136 3134/3134/3134
f 3137/3137/3137 3139/3139/3139 3138/3138/3138
f 3139/3139/3139 3140/3140/3140 3138/3138/3138
f 3141/3141/3141 3143/3143/3143 3142/3142/3142
f 3143/3143/3143 3144/3144/3144 3142/3142/3142
o tendril_3_3_232
usemtl thorn
v -0.00024888519640847576 1.7194268884948094 0.12501976250078528
v -0.00024888519640847576 1.7194268884948094 0.1249802374992147
v -0.00028343328889790775 1.719341378965278 0.12501976250078528
v -0.00028343328889790775 1.719341378965278 0.1249802374992147
v -0.0002855321397164467 1.7194416948210025 0.1249802374992147
v -0.0002855321397164467 1.7194416948210025 0.12501976250078528
v -0.0003200802322058787 1.7193561852914712 0.1249802374992147
v -0.0003200802322058787 1.7193561852914712 0.12501976250078528
v -0.0002855321397164467 1.7194416948210025 0.1249802374992147
v -0.00024888519640847576 1.7194268884948094 0.1249802374992147
v -0.0002855321397164467 1.7194416948210025 0.12501976250078528
v -0.00024888519640847576 1.7194268884948094 0.12501976250078528
v -0.0003200802322058787 1.7193561852914712 0.12501976250078528
v -0.00028343328889790775 1.719341378965278 0.12501976250078528
v -0.0003200802322058787 1.7193561852914712 0.1249802374992147
v -0.00028343328889790775 1.719341378965278 0.1249802374992147
v -0.0002855321397164467 1.7194416948210025 0.12501976250078528
v -0.00024888519640847576 1.7194268884948094 0.12501976250078528
v -0.0003200802322058787 1.7193561852914712 0.12501976250078528
v -0.00028343328889790775 1.719341378965278 0.12501976250078528
v -0.00024888519640847576 1.7194268884948094 0.1249802374992147
v -0.0002855321397164467 1.7194416948210025 0.1249802374992147
v -0.00028343328889790775 1.719341378965278 0.1249802374992147
v -0.0003200802322058787 1.7193561852914712 0.1249802374992147
vt 0.375 0.1875
vt 0.4375 0.1875
vt 0.375 0.125
vt 0.4375 0.125
vt 0.375 0.1875
vt 0.4375 0.1875
vt 0.375 0.125
vt 0.4375 0.125
vt 0.375 0.1875
vt 0.4375 0.1875
vt 0.375 0.125
vt 0.4375 0.125
vt 0.375 0.1875
vt 0.4375 0.1875
vt 0.375 0.125
vt 0.4375 0.125
vt 0.375 0.1875
vt 0.4375 0.1875
vt 0.375 0.125
vt 0.4375 0.125
vt 0.375 0.1875
vt 0.4375 0.1875
vt 0.375 0.125
vt 0.4375 0.125
vn 0.9271838545667875 -0.37460659341591207 0
vn 0.9271838545667875 -0.37460659341591207 0
vn 0.9271838545667875 -0.37460659341591207 0
vn 0.9271838545667875 -0.37460659341591207 0
vn -0.9271838545667875 0.37460659341591207 0
vn -0.9271838545667875 0.37460659341591207 0
vn -0.9271838545667875 0.37460659341591207 0
vn -0.9271838545667875 0.37460659341591207 0
vn 0.37460659341591207 0.9271838545667875 0
vn 0.37460659341591207 0.9271838545667875 0
vn 0.37460659341591207 0.9271838545667875 0
vn 0.37460659341591207 0.9271838545667875 0
vn -0.37460659341591207 -0.9271838545667875 0
vn -0.37460659341591207 -0.9271838545667875 0
vn -0.37460659341591207 -0.9271838545667875 0
vn -0.37460659341591207 -0.9271838545667875 0
vn 0 0 1
vn 0 0 1
vn 0 0 1
vn 0 0 1
vn 0 0 -1
vn 0 0 -1
vn 0 0 -1
vn 0 0 -1
f 3145/3145/3145 3147/3147/3147 3146/3146/3146
f 3147/3147/3147 3148/3148/3148 3146/3146/3146
f 3149/3149/3149 3151/3151/3151 3150/3150/3150
f 3151/3151/3151 3152/3152/3152 3150/3150/3150
f 3153/3153/3153 3155/3155/3155 3154/3154/3154
f 3155/3155/3155 3156/3156/3156 3154/3154/3154
f 3157/3157/3157 3159/3159/3159 3158/3158/3158
f 3159/3159/3159 3160/3160/3160 3158/3158/3158
f 3161/3161/3161 3163/3163/3163 3162/3162/3162
f 3163/3163/3163 3164/3164/3164 3162/3162/3162
f 3165/3165/3165 3167/3167/3167 3166/3166/3166
f 3167/3167/3167 3168/3168/3168 3166/3166/3166
o tendril_3_4_233
usemtl vine
v -0.00045051613680581904 1.7196533539982495 0.12502631687477045
v -0.00045051613680581904 1.7196533539982495 0.12497368312522955
v -0.0003480598337485114 1.719460661717548 0.12502631687477045
v -0.0003480598337485114 1.719460661717548 0.12497368312522955
v -0.0004969889792660921 1.7196286439495974 0.12497368312522955
v -0.0004969889792660921 1.7196286439495974 0.12502631687477045
v -0.00039453267620878445 1.719435951668896 0.12497368312522955
v -0.00039453267620878445 1.719435951668896 0.12502631687477045
v -0.0004969889792660921 1.7196286439495974 0.12497368312522955
v -0.00045051613680581904 1.7196533539982495 0.12497368312522955
v -0.0004969889792660921 1.7196286439495974 0.12502631687477045
v -0.00045051613680581904 1.7196533539982495 0.12502631687477045
v -0.00039453267620878445 1.719435951668896 0.12502631687477045
v -0.0003480598337485114 1.719460661717548 0.12502631687477045
v -0.00039453267620878445 1.719435951668896 0.12497368312522955
v -0.0003480598337485114 1.719460661717548 0.12497368312522955
v -0.0004969889792660921 1.7196286439495974 0.12502631687477045
v -0.00045051613680581904 1.7196533539982495 0.12502631687477045
v -0.00039453267620878445 1.719435951668896 0.12502631687477045
v -0.0003480598337485114 1.719460661717548 0.12502631687477045
v -0.00045051613680581904 1.7196533539982495 0.12497368312522955
v -0.0004969889792660921 1.7196286439495974 0.12497368312522955
v -0.0003480598337485114 1.719460661717548 0.12497368312522955
v -0.00039453267620878445 1.719435951668896 0.12497368312522955
vt 0.625 0.875
vt 0.6875 0.875
vt 0.625 0.6875
vt 0.6875 0.6875
vt 0.625 0.875
vt 0.6875 0.875
vt 0.625 0.6875
vt 0.6875 0.6875
vt 0.625 0.75
vt 0.6875 0.75
vt 0.625 0.6875
vt 0.6875 0.6875
vt 0.625 0.75
vt 0.6875 0.75
vt 0.625 0.6875
vt 0.6875 0.6875
vt 0.625 0.875
vt 0.6875 0.875
vt 0.625 0.6875
vt 0.6875 0.6875
vt 0.625 0.875
vt 0.6875 0.875
vt 0.625 0.6875
vt 0.6875 0.6875
vn 0.8829475928589268 0.46947156278589075 0
vn 0.8829475928589268 0.46947156278589075 0
vn 0.8829475928589268 0.46947156278589075 0
vn 0.8829475928589268 0.46947156278589075 0
vn -0.8829475928589268 -0.46947156278589075 0
vn -0.8829475928589268 -0.46947156278589075 0
vn -0.8829475928589268 -0.46947156278589075 0
vn -0.8829475928589268 -0.46947156278589075 0
vn -0.46947156278589075 0.8829475928589268 0
vn -0.46947156278589075 0.8829475928589268 0
vn -0.46947156278589075 0.8829475928589268 0
vn -0.46947156278589075 0.8829475928589268 0
vn 0.46947156278589075 -0.8829475928589268 0
vn 0.46947156278589075 -0.8829475928589268 0
vn 0.46947156278589075 -0.8829475928589268 0
vn 0.46947156278589075 -0.8829475928589268 0
vn 0 0 0.9999999999999999
vn 0 0 0.9999999999999999
vn 0 0 0.9999999999999999
vn 0 0 0.9999999999999999
vn 0 0 -0.9999999999999999
vn 0 0 -0.9999999999999999
vn 0 0 -0.9999999999999999
vn 0 0 -0.9999999999999999
f 3169/3169/3169 3171/3171/3171 3170/3170/3170
f 3171/3171/3171 3172/3172/3172 3170/3170/3170
f 3173/3173/3173 3175/3175/3175 3174/3174/3174
f 3175/3175/3175 3176/3176/3176 3174/3174/3174
f 3177/3177/3177 3179/3179/3179 3178/3178/3178
f 3179/3179/3179 3180/3180/3180 3178/3178/3178
f 3181/3181/3181 3183/3183/3183 3182/3182/3182
f 3183/3183/3183 3184/3184/3184 3182/3182/3182
f 3185/3185/3185 3187/3187/3187 3186/3186/3186
f 3187/3187/3187 3188/3188/3188 3186/3186/3186
f 3189/3189/3189 3191/3191/3191 3190/3190/3190
f 3191/3191/3191 3192/3192/3192 3190/3190/3190
o tendril_3_5_234
usemtl vine
v -0.0005469855957447498 1.7198253252267781 0.12502187499962747
v -0.0005469855957447498 1.7198253252267781 0.12497812500037253
v -0.0004472228858544794 1.7196376988580329 0.12502187499962747
v -0.0004472228858544794 1.7196376988580329 0.12497812500037253
v -0.0005856145522744806 1.719804785846256 0.12497812500037253
v -0.0005856145522744806 1.719804785846256 0.12502187499962747
v -0.0004858518423842102 1.7196171594775107 0.12497812500037253
v -0.0004858518423842102 1.7196171594775107 0.12502187499962747
v -0.0005856145522744806 1.719804785846256 0.12497812500037253
v -0.0005469855957447498 1.7198253252267781 0.12497812500037253
v -0.0005856145522744806 1.719804785846256 0.12502187499962747
v -0.0005469855957447498 1.7198253252267781 0.12502187499962747
v -0.0004858518423842102 1.7196171594775107 0.12502187499962747
v -0.0004472228858544794 1.7196376988580329 0.12502187499962747
v -0.0004858518423842102 1.7196171594775107 0.12497812500037253
v -0.0004472228858544794 1.7196376988580329 0.12497812500037253
v -0.0005856145522744806 1.719804785846256 0.12502187499962747
v -0.0005469855957447498 1.7198253252267781 0.12502187499962747
v -0.0004858518423842102 1.7196171594775107 0.12502187499962747
v -0.0004472228858544794 1.7196376988580329 0.12502187499962747
v -0.0005469855957447498 1.7198253252267781 0.12497812500037253
v -0.0005856145522744806 1.719804785846256 0.12497812500037253
v -0.0004472228858544794 1.7196376988580329 0.12497812500037253
v -0.0004858518423842102 1.7196171594775107 0.12497812500037253
vt 0.25 0.25
vt 0.3125 0.25
vt 0.25 0.0625
vt 0.3125 0.0625
vt 0.25 0.25
vt 0.3125 0.25
vt 0.25 0.0625
vt 0.3125 0.0625
vt 0.25 0.125
vt 0.3125 0.125
vt 0.25 0.0625
vt 0.3125 0.0625
vt 0.25 0.125
vt 0.3125 0.125
vt 0.25 0.0625
vt 0.3125 0.0625
vt 0.25 0.25
vt 0.3125 0.25
vt 0.25 0.0625
vt 0.3125 0.0625
vt 0.25 0.25
vt 0.3125 0.25
vt 0.25 0.0625
vt 0.3125 0.0625
vn 0.8829475928589269 0.46947156278589075 0
vn 0.8829475928589269 0.46947156278589075 0
vn 0.8829475928589269 0.46947156278589075 0
vn 0.8829475928589269 0.46947156278589075 0
vn -0.8829475928589269 -0.46947156278589075 0
vn -0.8829475928589269 -0.46947156278589075 0
vn -0.8829475928589269 -0.46947156278589075 0
vn -0.8829475928589269 -0.46947156278589075 0
vn -0.46947156278589075 0.8829475928589269 0
vn -0.46947156278589075 0.8829475928589269 0
vn -0.46947156278589075 0.8829475928589269 0
vn -0.46947156278589075 0.8829475928589269 0
vn 0.46947156278589075 -0.8829475928589269 0
vn 0.46947156278589075 -0.8829475928589269 0
vn 0.46947156278589075 -0.8829475928589269 0
vn 0.46947156278589075 -0.8829475928589269 0
vn 0 0 1
vn 0 0 1
vn 0 0 1
vn 0 0 1
vn 0 0 -1
vn 0 0 -1
vn 0 0 -1
vn 0 0 -1
f 3193/3193/3193 3195/3195/3195 3194/3194/3194
f 3195/3195/3195 3196/3196/3196 3194/3194/3194
f 3197/3197/3197 3199/3199/3199 3198/3198/3198
f 3199/3199/3199 3200/3200/3200 3198/3198/3198
f 3201/3201/3201 3203/3203/3203 3202/3202/3202
f 3203/3203/3203 3204/3204/3204 3202/3202/3202
f 3205/3205/3205 3207/3207/3207 3206/3206/3206
f 3207/3207/3207 3208/3208/3208 3206/3206/3206
f 3209/3209/3209 3211/3211/3211 3210/3210/3210
f 3211/3211/3211 3212/3212/3212 3210/3210/3210
f 3213/3213/3213 3215/3215/3215 3214/3214/3214
f 3215/3215/3215 3216/3216/3216 3214/3214/3214
o bloom_crystal_16_back
usemtl bloom_crystal
v 0.06895558505977921 1.634182499922812 -0.14846842617696018
v -0.016117239426072114 1.634182499922812 -0.06956316406382664
v 0.06895558505977921 1.573317500077188 -0.14846842617696018
v -0.016117239426072114 1.573317500077188 -0.06956316406382664
v -0.06895558505977921 1.634182499922812 -0.12653157382303984
v 0.016117239426072114 1.634182499922812 -0.2054368359361734
v -0.06895558505977921 1.573317500077188 -0.12653157382303984
v 0.016117239426072114 1.573317500077188 -0.2054368359361734
v -0.06895558505977921 1.634182499922812 -0.12653157382303984
v -0.016117239426072114 1.634182499922812 -0.06956316406382664
v 0.016117239426072114 1.634182499922812 -0.2054368359361734
v 0.06895558505977921 1.634182499922812 -0.14846842617696018
v 0.016117239426072114 1.573317500077188 -0.2054368359361734
v 0.06895558505977921 1.573317500077188 -0.14846842617696018
v -0.06895558505977921 1.573317500077188 -0.12653157382303984
v -0.016117239426072114 1.573317500077188 -0.06956316406382664
v 0.016117239426072114 1.634182499922812 -0.2054368359361734
v 0.06895558505977921 1.634182499922812 -0.14846842617696018
v 0.016117239426072114 1.573317500077188 -0.2054368359361734
v 0.06895558505977921 1.573317500077188 -0.14846842617696018
v -0.016117239426072114 1.634182499922812 -0.06956316406382664
v -0.06895558505977921 1.634182499922812 -0.12653157382303984
v -0.016117239426072114 1.573317500077188 -0.06956316406382664
v -0.06895558505977921 1.573317500077188 -0.12653157382303984
vt 0.4375 0.75
vt 0.5625 0.75
vt 0.4375 0.6875
vt 0.5625 0.6875
vt 0.4375 0.75
vt 0.5625 0.75
vt 0.4375 0.6875
vt 0.5625 0.6875
vt 0.4375 0.8125
vt 0.5 0.8125
vt 0.4375 0.6875
vt 0.5 0.6875
vt 0.4375 0.8125
vt 0.5 0.8125
vt 0.4375 0.6875
vt 0.5 0.6875
vt 0.4375 0.75
vt 0.5 0.75
vt 0.4375 0.6875
vt 0.5 0.6875
vt 0.4375 0.75
vt 0.5 0.75
vt 0.4375 0.6875
vt 0.5 0.6875
vn 0.6800301613140278 0 0.7331841376511204
vn 0.6800301613140278 0 0.7331841376511204
vn 0.6800301613140278 0 0.7331841376511204
vn 0.6800301613140278 0 0.7331841376511204
vn -0.6800301613140278 0 -0.7331841376511204
vn -0.6800301613140278 0 -0.7331841376511204
vn -0.6800301613140278 0 -0.7331841376511204
vn -0.6800301613140278 0 -0.7331841376511204
vn 0 1 0
vn 0 1 0
vn 0 1 0
vn 0 1 0
vn 0 -1 0
vn 0 -1 0
vn 0 -1 0
vn 0 -1 0
vn 0.7331841376511204 0 -0.6800301613140278
vn 0.7331841376511204 0 -0.6800301613140278
vn 0.7331841376511204 0 -0.6800301613140278
vn 0.7331841376511204 0 -0.6800301613140278
vn -0.7331841376511204 0 0.6800301613140278
vn -0.7331841376511204 0 0.6800301613140278
vn -0.7331841376511204 0 0.6800301613140278
vn -0.7331841376511204 0 0.6800301613140278
f 3217/3217/3217 3219/3219/3219 3218/3218/3218
f 3219/3219/3219 3220/3220/3220 3218/3218/3218
f 3221/3221/3221 3223/3223/3223 3222/3222/3222
f 3223/3223/3223 3224/3224/3224 3222/3222/3222
f 3225/3225/3225 3227/3227/3227 3226/3226/3226
f 3227/3227/3227 3228/3228/3228 3226/3226/3226
f 3229/3229/3229 3231/3231/3231 3230/3230/3230
f 3231/3231/3231 3232/3232/3232 3230/3230/3230
f 3233/3233/3233 3235/3235/3235 3234/3234/3234
f 3235/3235/3235 3236/3236/3236 3234/3234/3234
f 3237/3237/3237 3239/3239/3239 3238/3238/3238
f 3239/3239/3239 3240/3240/3240 3238/3238/3238
o bloom_crystal_17_back
usemtl bloom_crystal
v 0.10273167929734126 1.6908893749248235 -0.1424714911500455
v -0.012674439086598203 1.6908893749248235 -0.035432021430093635
v 0.10273167929734126 1.6316106250751763 -0.1424714911500455
v -0.012674439086598203 1.6316106250751763 -0.035432021430093635
v -0.10273167929734126 1.6908893749248235 -0.1325285088499545
v 0.012674439086598203 1.6908893749248235 -0.2395679785699064
v -0.10273167929734126 1.6316106250751763 -0.1325285088499545
v 0.012674439086598203 1.6316106250751763 -0.2395679785699064
v -0.10273167929734126 1.6908893749248235 -0.1325285088499545
v -0.012674439086598203 1.6908893749248235 -0.035432021430093635
v 0.012674439086598203 1.6908893749248235 -0.2395679785699064
v 0.10273167929734126 1.6908893749248235 -0.1424714911500455
v 0.012674439086598203 1.6316106250751763 -0.2395679785699064
v 0.10273167929734126 1.6316106250751763 -0.1424714911500455
v -0.10273167929734126 1.6316106250751763 -0.1325285088499545
v -0.012674439086598203 1.6316106250751763 -0.035432021430093635
v 0.012674439086598203 1.6908893749248235 -0.2395679785699064
v 0.10273167929734126 1.6908893749248235 -0.1424714911500455
v 0.012674439086598203 1.6316106250751763 -0.2395679785699064
v 0.10273167929734126 1.6316106250751763 -0.1424714911500455
v -0.012674439086598203 1.6908893749248235 -0.035432021430093635
v -0.10273167929734126 1.6908893749248235 -0.1325285088499545
v -0.012674439086598203 1.6316106250751763 -0.035432021430093635
v -0.10273167929734126 1.6316106250751763 -0.1325285088499545
vt 0.75 0.375
vt 0.875 0.375
vt 0.75 0.3125
vt 0.875 0.3125
vt 0.75 0.375
vt 0.875 0.375
vt 0.75 0.3125
vt 0.875 0.3125
vt 0.75 0.4375
vt 0.875 0.4375
vt 0.75 0.3125
vt 0.875 0.3125
vt 0.75 0.4375
vt 0.875 0.4375
vt 0.75 0.3125
vt 0.875 0.3125
vt 0.75 0.375
vt 0.875 0.375
vt 0.75 0.3125
vt 0.875 0.3125
vt 0.75 0.375
vt 0.875 0.375
vt 0.75 0.3125
vt 0.875 0.3125
vn 0.6800301613140278 0 0.7331841376511206
vn 0.6800301613140278 0 0.7331841376511206
vn 0.6800301613140278 0 0.7331841376511206
vn 0.6800301613140278 0 0.7331841376511206
vn -0.6800301613140278 0 -0.7331841376511206
vn -0.6800301613140278 0 -0.7331841376511206
vn -0.6800301613140278 0 -0.7331841376511206
vn -0.6800301613140278 0 -0.7331841376511206
vn 0 0.9999999999999999 0
vn 0 0.9999999999999999 0
vn 0 0.9999999999999999 0
vn 0 0.9999999999999999 0
vn 0 -0.9999999999999999 0
vn 0 -0.9999999999999999 0
vn 0 -0.9999999999999999 0
vn 0 -0.9999999999999999 0
vn 0.7331841376511206 0 -0.6800301613140278
vn 0.7331841376511206 0 -0.6800301613140278
vn 0.7331841376511206 0 -0.6800301613140278
vn 0.7331841376511206 0 -0.6800301613140278
vn -0.7331841376511206 0 0.6800301613140278
vn -0.7331841376511206 0 0.6800301613140278
vn -0.7331841376511206 0 0.6800301613140278
vn -0.7331841376511206 0 0.6800301613140278
f 3241/3241/3241 3243/3243/3243 3242/3242/3242
f 3243/3243/3243 3244/3244/3244 3242/3242/3242
f 3245/3245/3245 3247/3247/3247 3246/3246/3246
f 3247/3247/3247 3248/3248/3248 3246/3246/3246
f 3249/3249/3249 3251/3251/3251 3250/3250/3250
f 3251/3251/3251 3252/3252/3252 3250/3250/3250
f 3253/3253/3253 3255/3255/3255 3254/3254/3254
f 3255/3255/3255 3256/3256/3256 3254/3254/3254
f 3257/3257/3257 3259/3259/3259 3258/3258/3258
f 3259/3259/3259 3260/3260/3260 3258/3258/3258
f 3261/3261/3261 3263/3263/3263 3262/3262/3262
f 3263/3263/3263 3264/3264/3264 3262/3262/3262
o bloom_crystal_18_back
usemtl bloom_crystal
v 0.14262262780130536 1.7493146874224768 -0.13673731791165147
v -0.009952993517446732 1.7493146874224768 0.004776960766524757
v 0.14262262780130536 1.6881853125775232 -0.13673731791165147
v -0.009952993517446732 1.6881853125775232 0.004776960766524757
v -0.14262262780130536 1.7493146874224768 -0.13826268208834855
v 0.009952993517446732 1.7493146874224768 -0.2797769607665248
v -0.14262262780130536 1.6881853125775232 -0.13826268208834855
v 0.009952993517446732 1.6881853125775232 -0.2797769607665248
v -0.14262262780130536 1.7493146874224768 -0.13826268208834855
v -0.009952993517446732 1.7493146874224768 0.004776960766524757
v 0.009952993517446732 1.7493146874224768 -0.2797769607665248
v 0.14262262780130536 1.7493146874224768 -0.13673731791165147
v 0.009952993517446732 1.6881853125775232 -0.2797769607665248
v 0.14262262780130536 1.6881853125775232 -0.13673731791165147
v -0.14262262780130536 1.6881853125775232 -0.13826268208834855
v -0.009952993517446732 1.6881853125775232 0.004776960766524757
v 0.009952993517446732 1.7493146874224768 -0.2797769607665248
v 0.14262262780130536 1.7493146874224768 -0.13673731791165147
v 0.009952993517446732 1.6881853125775232 -0.2797769607665248
v 0.14262262780130536 1.6881853125775232 -0.13673731791165147
v -0.009952993517446732 1.7493146874224768 0.004776960766524757
v -0.14262262780130536 1.7493146874224768 -0.13826268208834855
v -0.009952993517446732 1.6881853125775232 0.004776960766524757
v -0.14262262780130536 1.6881853125775232 -0.13826268208834855
vt 0.1875 1
vt 0.375 1
vt 0.1875 0.9375
vt 0.375 0.9375
vt 0.1875 1
vt 0.375 1
vt 0.1875 0.9375
vt 0.375 0.9375
vt 0.1875 1.125
vt 0.375 1.125
vt 0.1875 0.9375
vt 0.375 0.9375
vt 0.1875 1.125
vt 0.375 1.125
vt 0.1875 0.9375
vt 0.375 0.9375
vt 0.1875 1
vt 0.375 1
vt 0.1875 0.9375
vt 0.375 0.9375
vt 0.1875 1
vt 0.375 1
vt 0.1875 0.9375
vt 0.375 0.9375
vn 0.6800301613140278 0 0.7331841376511206
vn 0.6800301613140278 0 0.7331841376511206
vn 0.6800301613140278 0 0.7331841376511206
vn 0.6800301613140278 0 0.7331841376511206
vn -0.6800301613140278 0 -0.7331841376511206
vn -0.6800301613140278 0 -0.7331841376511206
vn -0.6800301613140278 0 -0.7331841376511206
vn -0.6800301613140278 0 -0.7331841376511206
vn 0 1 0
vn 0 1 0
vn 0 1 0
vn 0 1 0
vn 0 -1 0
vn 0 -1 0
vn 0 -1 0
vn 0 -1 0
vn 0.7331841376511206 0 -0.6800301613140278
vn 0.7331841376511206 0 -0.6800301613140278
vn 0.7331841376511206 0 -0.6800301613140278
vn 0.7331841376511206 0 -0.6800301613140278
vn -0.7331841376511206 0 0.6800301613140278
vn -0.7331841376511206 0 0.6800301613140278
vn -0.7331841376511206 0 0.6800301613140278
vn -0.7331841376511206 0 0.6800301613140278
f 3265/3265/3265 3267/3267/3267 3266/3266/3266
f 3267/3267/3267 3268/3268/3268 3266/3266/3266
f 3269/3269/3269 3271/3271/3271 3270/3270/3270
f 3271/3271/3271 3272/3272/3272 3270/3270/3270
f 3273/3273/3273 3275/3275/3275 3274/3274/3274
f 3275/3275/3275 3276/3276/3276 3274/3274/3274
f 3277/3277/3277 3279/3279/3279 3278/3278/3278
f 3279/3279/3279 3280/3280/3280 3278/3278/3278
f 3281/3281/3281 3283/3283/3283 3282/3282/3282
f 3283/3283/3283 3284/3284/3284 3282/3282/3282
f 3285/3285/3285 3287/3287/3287 3286/3286/3286
f 3287/3287/3287 3288/3288/3288 3286/3286/3286
o bloom_crystal_19_back
usemtl bloom_crystal
v 0.10318984833285964 1.8060215624244884 -0.14249366331077415
v -0.012730965326330307 1.8060215624244884 -0.03497681240773032
v 0.10318984833285964 1.7464784375755118 -0.14249366331077415
v -0.012730965326330307 1.7464784375755118 -0.03497681240773032
v -0.10318984833285964 1.8060215624244884 -0.13250633668922587
v 0.012730965326330307 1.8060215624244884 -0.2400231875922697
v -0.10318984833285964 1.7464784375755118 -0.13250633668922587
v 0.012730965326330307 1.7464784375755118 -0.2400231875922697
v -0.10318984833285964 1.8060215624244884 -0.13250633668922587
v -0.012730965326330307 1.8060215624244884 -0.03497681240773032
v 0.012730965326330307 1.8060215624244884 -0.2400231875922697
v 0.10318984833285964 1.8060215624244884 -0.14249366331077415
v 0.012730965326330307 1.7464784375755118 -0.2400231875922697
v 0.10318984833285964 1.7464784375755118 -0.14249366331077415
v -0.10318984833285964 1.7464784375755118 -0.13250633668922587
v -0.012730965326330307 1.7464784375755118 -0.03497681240773032
v 0.012730965326330307 1.8060215624244884 -0.2400231875922697
v 0.10318984833285964 1.8060215624244884 -0.14249366331077415
v 0.012730965326330307 1.7464784375755118 -0.2400231875922697
v 0.10318984833285964 1.7464784375755118 -0.14249366331077415
v -0.012730965326330307 1.8060215624244884 -0.03497681240773032
v -0.10318984833285964 1.8060215624244884 -0.13250633668922587
v -0.012730965326330307 1.7464784375755118 -0.03497681240773032
v -0.10318984833285964 1.7464784375755118 -0.13250633668922587
vt 0.75 0.375
vt 0.875 0.375
vt 0.75 0.3125
vt 0.875 0.3125
vt 0.75 0.375
vt 0.875 0.375
vt 0.75 0.3125
vt 0.875 0.3125
vt 0.75 0.4375
vt 0.875 0.4375
vt 0.75 0.3125
vt 0.875 0.3125
vt 0.75 0.4375
vt 0.875 0.4375
vt 0.75 0.3125
vt 0.875 0.3125
vt 0.75 0.375
vt 0.875 0.375
vt 0.75 0.3125
vt 0.875 0.3125
vt 0.75 0.375
vt 0.875 0.375
vt 0.75 0.3125
vt 0.875 0.3125
vn 0.6800301613140278 0 0.7331841376511207
vn 0.6800301613140278 0 0.7331841376511207
vn 0.6800301613140278 0 0.7331841376511207
vn 0.6800301613140278 0 0.7331841376511207
vn -0.6800301613140278 0 -0.7331841376511207
vn -0.6800301613140278 0 -0.7331841376511207
vn -0.6800301613140278 0 -0.7331841376511207
vn -0.6800301613140278 0 -0.7331841376511207
vn 0 1 0
vn 0 1 0
vn 0 1 0
vn 0 1 0
vn 0 -1 0
vn 0 -1 0
vn 0 -1 0
vn 0 -1 0
vn 0.7331841376511207 0 -0.6800301613140278
vn 0.7331841376511207 0 -0.6800301613140278
vn 0.7331841376511207 0 -0.6800301613140278
vn 0.7331841376511207 0 -0.6800301613140278
vn -0.7331841376511207 0 0.6800301613140278
vn -0.7331841376511207 0 0.6800301613140278
vn -0.7331841376511207 0 0.6800301613140278
vn -0.7331841376511207 0 0.6800301613140278
f 3289/3289/3289 3291/3291/3291 3290/3290/3290
f 3291/3291/3291 3292/3292/3292 3290/3290/3290
f 3293/3293/3293 3295/3295/3295 3294/3294/3294
f 3295/3295/3295 3296/3296/3296 3294/3294/3294
f 3297/3297/3297 3299/3299/3299 3298/3298/3298
f 3299/3299/3299 3300/3300/3300 3298/3298/3298
f 3301/3301/3301 3303/3303/3303 3302/3302/3302
f 3303/3303/3303 3304/3304/3304 3302/3302/3302
f 3305/3305/3305 3307/3307/3307 3306/3306/3306
f 3307/3307/3307 3308/3308/3308 3306/3306/3306
f 3309/3309/3309 3311/3311/3311 3310/3310/3310
f 3311/3311/3311 3312/3312/3312 3310/3310/3310
o bloom_crystal_20_back
usemtl bloom_crystal
v 0.06955462006512478 1.8644468749221415 -0.14856371173255153
v -0.01625725405429089 1.8644468749221415 -0.06897297919565526
v 0.06955462006512478 1.8030531250778585 -0.14856371173255153
v -0.01625725405429089 1.8030531250778585 -0.06897297919565526
v -0.06955462006512478 1.8644468749221415 -0.1264362882674485
v 0.01625725405429089 1.8644468749221415 -0.20602702080434476
v -0.06955462006512478 1.8030531250778585 -0.1264362882674485
v 0.01625725405429089 1.8030531250778585 -0.20602702080434476
v -0.06955462006512478 1.8644468749221415 -0.1264362882674485
v -0.01625725405429089 1.8644468749221415 -0.06897297919565526
v 0.01625725405429089 1.8644468749221415 -0.20602702080434476
v 0.06955462006512478 1.8644468749221415 -0.14856371173255153
v 0.01625725405429089 1.8030531250778585 -0.20602702080434476
v 0.06955462006512478 1.8030531250778585 -0.14856371173255153
v -0.06955462006512478 1.8030531250778585 -0.1264362882674485
v -0.01625725405429089 1.8030531250778585 -0.06897297919565526
v 0.01625725405429089 1.8644468749221415 -0.20602702080434476
v 0.06955462006512478 1.8644468749221415 -0.14856371173255153
v 0.01625725405429089 1.8030531250778585 -0.20602702080434476
v 0.06955462006512478 1.8030531250778585 -0.14856371173255153
v -0.01625725405429089 1.8644468749221415 -0.06897297919565526
v -0.06955462006512478 1.8644468749221415 -0.1264362882674485
v -0.01625725405429089 1.8030531250778585 -0.06897297919565526
v -0.06955462006512478 1.8030531250778585 -0.1264362882674485
vt 0.4375 0.75
vt 0.5625 0.75
vt 0.4375 0.6875
vt 0.5625 0.6875
vt 0.4375 0.75
vt 0.5625 0.75
vt 0.4375 0.6875
vt 0.5625 0.6875
vt 0.4375 0.8125
vt 0.5 0.8125
vt 0.4375 0.6875
vt 0.5 0.6875
vt 0.4375 0.8125
vt 0.5 0.8125
vt 0.4375 0.6875
vt 0.5 0.6875
vt 0.4375 0.75
vt 0.5 0.75
vt 0.4375 0.6875
vt 0.5 0.6875
vt 0.4375 0.75
vt 0.5 0.75
vt 0.4375 0.6875
vt 0.5 0.6875
vn 0.6800301613140276 0 0.7331841376511207
vn 0.6800301613140276 0 0.7331841376511207
vn 0.6800301613140276 0 0.7331841376511207
vn 0.6800301613140276 0 0.7331841376511207
vn -0.6800301613140276 0 -0.7331841376511207
vn -0.6800301613140276 0 -0.7331841376511207
vn -0.6800301613140276 0 -0.7331841376511207
vn -0.6800301613140276 0 -0.7331841376511207
vn 0 1 0
vn 0 1 0
vn 0 1 0
vn 0 1 0
vn 0 -1 0
vn 0 -1 0
vn 0 -1 0
vn 0 -1 0
vn 0.7331841376511207 0 -0.6800301613140276
vn 0.7331841376511207 0 -0.6800301613140276
vn 0.7331841376511207 0 -0.6800301613140276
vn 0.7331841376511207 0 -0.6800301613140276
vn -0.7331841376511207 0 0.6800301613140276
vn -0.7331841376511207 0 0.6800301613140276
vn -0.7331841376511207 0 0.6800301613140276
vn -0.7331841376511207 0 0.6800301613140276
f 3313/3313/3313 3315/3315/3315 3314/3314/3314
f 3315/3315/3315 3316/3316/3316 3314/3314/3314
f 3317/3317/3317 3319/3319/3319 3318/3318/3318
f 3319/3319/3319 3320/3320/3320 3318/3318/3318
f 3321/3321/3321 3323/3323/3323 3322/3322/3322
f 3323/3323/3323 3324/3324/3324 3322/3322/3322
f 3325/3325/3325 3327/3327/3327 3326/3326/3326
f 3327/3327/3327 3328/3328/3328 3326/3326/3326
f 3329/3329/3329 3331/3331/3331 3330/3330/3330
f 3331/3331/3331 3332/3332/3332 3330/3330/3330
f 3333/3333/3333 3335/3335/3335 3334/3334/3334
f 3335/3335/3335 3336/3336/3336 3334/3334/3334
o bud_prong_L_21_back
usemtl heartwood_green
v -0.16133077156332243 1.8446640092878768 -0.16295000037923457
v -0.16133077156332243 1.8446640092878768 -0.11204999962076545
v -0.09976164913320698 1.5977237469506356 -0.16295000037923457
v -0.09976164913320698 1.5977237469506356 -0.11204999962076545
v -0.21071882476670997 1.8323501846183634 -0.11204999962076545
v -0.21071882476670997 1.8323501846183634 -0.16295000037923457
v -0.14914970233659453 1.5854099222811222 -0.11204999962076545
v -0.14914970233659453 1.5854099222811222 -0.16295000037923457
v -0.21071882476670997 1.8323501846183634 -0.11204999962076545
v -0.16133077156332243 1.8446640092878768 -0.11204999962076545
v -0.21071882476670997 1.8323501846183634 -0.16295000037923457
v -0.16133077156332243 1.8446640092878768 -0.16295000037923457
v -0.14914970233659453 1.5854099222811222 -0.16295000037923457
v -0.09976164913320698 1.5977237469506356 -0.16295000037923457
v -0.14914970233659453 1.5854099222811222 -0.11204999962076545
v -0.09976164913320698 1.5977237469506356 -0.11204999962076545
v -0.21071882476670997 1.8323501846183634 -0.16295000037923457
v -0.16133077156332243 1.8446640092878768 -0.16295000037923457
v -0.14914970233659453 1.5854099222811222 -0.16295000037923457
v -0.09976164913320698 1.5977237469506356 -0.16295000037923457
v -0.16133077156332243 1.8446640092878768 -0.11204999962076545
v -0.21071882476670997 1.8323501846183634 -0.11204999962076545
v -0.09976164913320698 1.5977237469506356 -0.11204999962076545
v -0.14914970233659453 1.5854099222811222 -0.11204999962076545
vt 0.0625 0.5
vt 0.125 0.5
vt 0.0625 0.25
vt 0.125 0.25
vt 0.0625 0.5
vt 0.125 0.5
vt 0.0625 0.25
vt 0.125 0.25
vt 0.0625 0.3125
vt 0.125 0.3125
vt 0.0625 0.25
vt 0.125 0.25
vt 0.0625 0.3125
vt 0.125 0.3125
vt 0.0625 0.25
vt 0.125 0.25
vt 0.0625 0.5
vt 0.125 0.5
vt 0.0625 0.25
vt 0.125 0.25
vt 0.0625 0.5
vt 0.125 0.5
vt 0.0625 0.25
vt 0.125 0.25
vn 0.9702957262759965 0.24192189559966767 0
vn 0.9702957262759965 0.24192189559966767 0
vn 0.9702957262759965 0.24192189559966767 0
vn 0.9702957262759965 0.24192189559966767 0
vn -0.9702957262759965 -0.24192189559966767 0
vn -0.9702957262759965 -0.24192189559966767 0
vn -0.9702957262759965 -0.24192189559966767 0
vn -0.9702957262759965 -0.24192189559966767 0
vn -0.24192189559966767 0.9702957262759965 0
vn -0.24192189559966767 0.9702957262759965 0
vn -0.24192189559966767 0.9702957262759965 0
vn -0.24192189559966767 0.9702957262759965 0
vn 0.24192189559966767 -0.9702957262759965 0
vn 0.24192189559966767 -0.9702957262759965 0
vn 0.24192189559966767 -0.9702957262759965 0
vn 0.24192189559966767 -0.9702957262759965 0
vn 0 0 -0.9999999999999999
vn 0 0 -0.9999999999999999
vn 0 0 -0.9999999999999999
vn 0 0 -0.9999999999999999
vn 0 0 0.9999999999999999
vn 0 0 0.9999999999999999
vn 0 0 0.9999999999999999
vn 0 0 0.9999999999999999
f 3337/3337/3337 3339/3339/3339 3338/3338/3338
f 3339/3339/3339 3340/3340/3340 3338/3338/3338
f 3341/3341/3341 3343/3343/3343 3342/3342/3342
f 3343/3343/3343 3344/3344/3344 3342/3342/3342
f 3345/3345/3345 3347/3347/3347 3346/3346/3346
f 3347/3347/3347 3348/3348/3348 3346/3346/3346
f 3349/3349/3349 3351/3351/3351 3350/3350/3350
f 3351/3351/3351 3352/3352/3352 3350/3350/3350
f 3353/3353/3353 3355/3355/3355 3354/3354/3354
f 3355/3355/3355 3356/3356/3356 3354/3354/3354
f 3357/3357/3357 3359/3359/3359 3358/3358/3358
f 3359/3359/3359 3360/3360/3360 3358/3358/3358
o bud_prong_L_22_back
usemtl heartwood_green
v -0.12467424397879506 1.9122555615843226 -0.1604578121090308
v -0.12467424397879506 1.9122555615843226 -0.11454218789096923
v -0.153602384902852 1.8113711450923011 -0.1604578121090308
v -0.153602384902852 1.8113711450923011 -0.11454218789096923
v -0.16881117478471547 1.9249116228344763 -0.11454218789096923
v -0.16881117478471547 1.9249116228344763 -0.1604578121090308
v -0.1977393157087724 1.8240272063424547 -0.11454218789096923
v -0.1977393157087724 1.8240272063424547 -0.1604578121090308
v -0.16881117478471547 1.9249116228344763 -0.11454218789096923
v -0.12467424397879506 1.9122555615843226 -0.11454218789096923
v -0.16881117478471547 1.9249116228344763 -0.1604578121090308
v -0.12467424397879506 1.9122555615843226 -0.1604578121090308
v -0.1977393157087724 1.8240272063424547 -0.1604578121090308
v -0.153602384902852 1.8113711450923011 -0.1604578121090308
v -0.1977393157087724 1.8240272063424547 -0.11454218789096923
v -0.153602384902852 1.8113711450923011 -0.11454218789096923
v -0.16881117478471547 1.9249116228344763 -0.1604578121090308
v -0.12467424397879506 1.9122555615843226 -0.1604578121090308
v -0.1977393157087724 1.8240272063424547 -0.1604578121090308
v -0.153602384902852 1.8113711450923011 -0.1604578121090308
v -0.12467424397879506 1.9122555615843226 -0.11454218789096923
v -0.16881117478471547 1.9249116228344763 -0.11454218789096923
v -0.153602384902852 1.8113711450923011 -0.11454218789096923
v -0.1977393157087724 1.8240272063424547 -0.11454218789096923
vt 0.5625 0.125
vt 0.625 0.125
vt 0.5625 0
vt 0.625 0
vt 0.5625 0.125
vt 0.625 0.125
vt 0.5625 0
vt 0.625 0
vt 0.5625 0.0625
vt 0.625 0.0625
vt 0.5625 0
vt 0.625 0
vt 0.5625 0.0625
vt 0.625 0.0625
vt 0.5625 0
vt 0.625 0
vt 0.5625 0.125
vt 0.625 0.125
vt 0.5625 0
vt 0.625 0
vt 0.5625 0.125
vt 0.625 0.125
vt 0.5625 0
vt 0.625 0
vn 0.9612616959383189 -0.27563735581699905 0
vn 0.9612616959383189 -0.27563735581699905 0
vn 0.9612616959383189 -0.27563735581699905 0
vn 0.9612616959383189 -0.27563735581699905 0
vn -0.9612616959383189 0.27563735581699905 0
vn -0.9612616959383189 0.27563735581699905 0
vn -0.9612616959383189 0.27563735581699905 0
vn -0.9612616959383189 0.27563735581699905 0
vn 0.27563735581699905 0.9612616959383189 0
vn 0.27563735581699905 0.9612616959383189 0
vn 0.27563735581699905 0.9612616959383189 0
vn 0.27563735581699905 0.9612616959383189 0
vn -0.27563735581699905 -0.9612616959383189 0
vn -0.27563735581699905 -0.9612616959383189 0
vn -0.27563735581699905 -0.9612616959383189 0
vn -0.27563735581699905 -0.9612616959383189 0
vn 0 0 -1
vn 0 0 -1
vn 0 0 -1
vn 0 0 -1
vn 0 0 1
vn 0 0 1
vn 0 0 1
vn 0 0 1
f 3361/3361/3361 3363/3363/3363 3362/3362/3362
f 3363/3363/3363 3364/3364/3364 3362/3362/3362
f 3365/3365/3365 3367/3367/3367 3366/3366/3366
f 3367/3367/3367 3368/3368/3368 3366/3366/3366
f 3369/3369/3369 3371/3371/3371 3370/3370/3370
f 3371/3371/3371 3372/3372/3372 3370/3370/3370
f 3373/3373/3373 3375/3375/3375 3374/3374/3374
f 3375/3375/3375 3376/3376/3376 3374/3374/3374
f 3377/3377/3377 3379/3379/3379 3378/3378/3378
f 3379/3379/3379 3380/3380/3380 3378/3378/3378
f 3381/3381/3381 3383/3383/3383 3382/3382/3382
f 3383/3383/3383 3384/3384/3384 3382/3382/3382
o bud_prong_R_23_back
usemtl heartwood_green
v 0.2109640641038174 1.8328687597507332 -0.16306250038091094
v 0.2109640641038174 1.8328687597507332 -0.11193749961908908
v 0.14912277954115236 1.5848369147214314 -0.16306250038091094
v 0.14912277954115236 1.5848369147214314 -0.11193749961908908
v 0.1613576943587646 1.8452370168475676 -0.11193749961908908
v 0.1613576943587646 1.8452370168475676 -0.16306250038091094
v 0.09951640979609955 1.5972051718182658 -0.11193749961908908
v 0.09951640979609955 1.5972051718182658 -0.16306250038091094
v 0.1613576943587646 1.8452370168475676 -0.11193749961908908
v 0.2109640641038174 1.8328687597507332 -0.11193749961908908
v 0.1613576943587646 1.8452370168475676 -0.16306250038091094
v 0.2109640641038174 1.8328687597507332 -0.16306250038091094
v 0.09951640979609955 1.5972051718182658 -0.16306250038091094
v 0.14912277954115236 1.5848369147214314 -0.16306250038091094
v 0.09951640979609955 1.5972051718182658 -0.11193749961908908
v 0.14912277954115236 1.5848369147214314 -0.11193749961908908
v 0.1613576943587646 1.8452370168475676 -0.16306250038091094
v 0.2109640641038174 1.8328687597507332 -0.16306250038091094
v 0.09951640979609955 1.5972051718182658 -0.16306250038091094
v 0.14912277954115236 1.5848369147214314 -0.16306250038091094
v 0.2109640641038174 1.8328687597507332 -0.11193749961908908
v 0.1613576943587646 1.8452370168475676 -0.11193749961908908
v 0.14912277954115236 1.5848369147214314 -0.11193749961908908
v 0.09951640979609955 1.5972051718182658 -0.11193749961908908
vt 0.0625 0.5
vt 0.125 0.5
vt 0.0625 0.25
vt 0.125 0.25
vt 0.0625 0.5
vt 0.125 0.5
vt 0.0625 0.25
vt 0.125 0.25
vt 0.0625 0.3125
vt 0.125 0.3125
vt 0.0625 0.25
vt 0.125 0.25
vt 0.0625 0.3125
vt 0.125 0.3125
vt 0.0625 0.25
vt 0.125 0.25
vt 0.0625 0.5
vt 0.125 0.5
vt 0.0625 0.25
vt 0.125 0.25
vt 0.0625 0.5
vt 0.125 0.5
vt 0.0625 0.25
vt 0.125 0.25
vn 0.9702957262759965 -0.24192189559966773 0
vn 0.9702957262759965 -0.24192189559966773 0
vn 0.9702957262759965 -0.24192189559966773 0
vn 0.9702957262759965 -0.24192189559966773 0
vn -0.9702957262759965 0.24192189559966773 0
vn -0.9702957262759965 0.24192189559966773 0
vn -0.9702957262759965 0.24192189559966773 0
vn -0.9702957262759965 0.24192189559966773 0
vn 0.24192189559966773 0.9702957262759965 0
vn 0.24192189559966773 0.9702957262759965 0
vn 0.24192189559966773 0.9702957262759965 0
vn 0.24192189559966773 0.9702957262759965 0
vn -0.24192189559966773 -0.9702957262759965 0
vn -0.24192189559966773 -0.9702957262759965 0
vn -0.24192189559966773 -0.9702957262759965 0
vn -0.24192189559966773 -0.9702957262759965 0
vn 0 0 -1
vn 0 0 -1
vn 0 0 -1
vn 0 0 -1
vn 0 0 1
vn 0 0 1
vn 0 0 1
vn 0 0 1
f 3385/3385/3385 3387/3387/3387 3386/3386/3386
f 3387/3387/3387 3388/3388/3388 3386/3386/3386
f 3389/3389/3389 3391/3391/3391 3390/3390/3390
f 3391/3391/3391 3392/3392/3392 3390/3390/3390
f 3393/3393/3393 3395/3395/3395 3394/3394/3394
f 3395/3395/3395 3396/3396/3396 3394/3394/3394
f 3397/3397/3397 3399/3399/3399 3398/3398/3398
f 3399/3399/3399 3400/3400/3400 3398/3398/3398
f 3401/3401/3401 3403/3403/3403 3402/3402/3402
f 3403/3403/3403 3404/3404/3404 3402/3402/3402
f 3405/3405/3405 3407/3407/3407 3406/3406/3406
f 3407/3407/3407 3408/3408/3408 3406/3406/3406
o bud_prong_R_24_back
usemtl heartwood_green
v 0.168843780575315 1.9251550397710364 -0.16055624960735443
v 0.168843780575315 1.9251550397710364 -0.11444375039264561
v 0.19789595831133788 1.823838055509397 -0.16055624960735443
v 0.19789595831133788 1.823838055509397 -0.11444375039264561
v 0.1245176013762296 1.9124447124173805 -0.11444375039264561
v 0.1245176013762296 1.9124447124173805 -0.16055624960735443
v 0.15356977911225247 1.811127728155741 -0.11444375039264561
v 0.15356977911225247 1.811127728155741 -0.16055624960735443
v 0.1245176013762296 1.9124447124173805 -0.11444375039264561
v 0.168843780575315 1.9251550397710364 -0.11444375039264561
v 0.1245176013762296 1.9124447124173805 -0.16055624960735443
v 0.168843780575315 1.9251550397710364 -0.16055624960735443
v 0.15356977911225247 1.811127728155741 -0.16055624960735443
v 0.19789595831133788 1.823838055509397 -0.16055624960735443
v 0.15356977911225247 1.811127728155741 -0.11444375039264561
v 0.19789595831133788 1.823838055509397 -0.11444375039264561
v 0.1245176013762296 1.9124447124173805 -0.16055624960735443
v 0.168843780575315 1.9251550397710364 -0.16055624960735443
v 0.15356977911225247 1.811127728155741 -0.16055624960735443
v 0.19789595831133788 1.823838055509397 -0.16055624960735443
v 0.168843780575315 1.9251550397710364 -0.11444375039264561
v 0.1245176013762296 1.9124447124173805 -0.11444375039264561
v 0.19789595831133788 1.823838055509397 -0.11444375039264561
v 0.15356977911225247 1.811127728155741 -0.11444375039264561
vt 0.5625 0.125
vt 0.625 0.125
vt 0.5625 0
vt 0.625 0
vt 0.5625 0.125
vt 0.625 0.125
vt 0.5625 0
vt 0.625 0
vt 0.5625 0.0625
vt 0.625 0.0625
vt 0.5625 0
vt 0.625 0
vt 0.5625 0.0625
vt 0.625 0.0625
vt 0.5625 0
vt 0.625 0
vt 0.5625 0.125
vt 0.625 0.125
vt 0.5625 0
vt 0.625 0
vt 0.5625 0.125
vt 0.625 0.125
vt 0.5625 0
vt 0.625 0
vn 0.9612616959383189 0.27563735581699905 0
vn 0.9612616959383189 0.27563735581699905 0
vn 0.9612616959383189 0.27563735581699905 0
vn 0.9612616959383189 0.27563735581699905 0
vn -0.9612616959383189 -0.27563735581699905 0
vn -0.9612616959383189 -0.27563735581699905 0
vn -0.9612616959383189 -0.27563735581699905 0
vn -0.9612616959383189 -0.27563735581699905 0
vn -0.27563735581699905 0.9612616959383189 0
vn -0.27563735581699905 0.9612616959383189 0
vn -0.27563735581699905 0.9612616959383189 0
vn -0.27563735581699905 0.9612616959383189 0
vn 0.27563735581699905 -0.9612616959383189 0
vn 0.27563735581699905 -0.9612616959383189 0
vn 0.27563735581699905 -0.9612616959383189 0
vn 0.27563735581699905 -0.9612616959383189 0
vn 0 0 -1
vn 0 0 -1
vn 0 0 -1
vn 0 0 -1
vn 0 0 1
vn 0 0 1
vn 0 0 1
vn 0 0 1
f 3409/3409/3409 3411/3411/3411 3410/3410/3410
f 3411/3411/3411 3412/3412/3412 3410/3410/3410
f 3413/3413/3413 3415/3415/3415 3414/3414/3414
f 3415/3415/3415 3416/3416/3416 3414/3414/3414
f 3417/3417/3417 3419/3419/3419 3418/3418/3418
f 3419/3419/3419 3420/3420/3420 3418/3418/3418
f 3421/3421/3421 3423/3423/3423 3422/3422/3422
f 3423/3423/3423 3424/3424/3424 3422/3422/3422
f 3425/3425/3425 3427/3427/3427 3426/3426/3426
f 3427/3427/3427 3428/3428/3428 3426/3426/3426
f 3429/3429/3429 3431/3431/3431 3430/3430/3430
f 3431/3431/3431 3432/3432/3432 3430/3430/3430
o blade_25
usemtl leaf_blade
v 0.0023293743878602946 2.3800625 0.0641875
v 0.0023293743878602946 2.3800625 -0.0641875
v 0.0023293743878602946 1.9949375 0.0641875
v 0.0023293743878602946 1.9949375 -0.0641875
v -0.1273293743878603 2.3800625 -0.0641875
v -0.1273293743878603 2.3800625 0.0641875
v -0.1273293743878603 1.9949375 -0.0641875
v -0.1273293743878603 1.9949375 0.0641875
v -0.1273293743878603 2.3800625 -0.0641875
v 0.0023293743878602946 2.3800625 -0.0641875
v -0.1273293743878603 2.3800625 0.0641875
v 0.0023293743878602946 2.3800625 0.0641875
v -0.1273293743878603 1.9949375 0.0641875
v 0.0023293743878602946 1.9949375 0.0641875
v -0.1273293743878603 1.9949375 -0.0641875
v 0.0023293743878602946 1.9949375 -0.0641875
v -0.1273293743878603 2.3800625 0.0641875
v 0.0023293743878602946 2.3800625 0.0641875
v -0.1273293743878603 1.9949375 0.0641875
v 0.0023293743878602946 1.9949375 0.0641875
v 0.0023293743878602946 2.3800625 -0.0641875
v -0.1273293743878603 2.3800625 -0.0641875
v 0.0023293743878602946 1.9949375 -0.0641875
v -0.1273293743878603 1.9949375 -0.0641875
vt 0.0625 0.5
vt 0.1875 0.5
vt 0.0625 0.125
vt 0.1875 0.125
vt 0.0625 0.5
vt 0.1875 0.5
vt 0.0625 0.125
vt 0.1875 0.125
vt 0.0625 0.25
vt 0.1875 0.25
vt 0.0625 0.125
vt 0.1875 0.125
vt 0.0625 0.25
vt 0.1875 0.25
vt 0.0625 0.125
vt 0.1875 0.125
vt 0.0625 0.5
vt 0.1875 0.5
vt 0.0625 0.125
vt 0.1875 0.125
vt 0.0625 0.5
vt 0.1875 0.5
vt 0.0625 0.125
vt 0.1875 0.125
vn 1 0 0
vn 1 0 0
vn 1 0 0
vn 1 0 0
vn -1 0 0
vn -1 0 0
vn -1 0 0
vn -1 0 0
vn 0 1 0
vn 0 1 0
vn 0 1 0
vn 0 1 0
vn 0 -1 0
vn 0 -1 0
vn 0 -1 0
vn 0 -1 0
vn 0 0 1
vn 0 0 1
vn 0 0 1
vn 0 0 1
vn 0 0 -1
vn 0 0 -1
vn 0 0 -1
vn 0 0 -1
f 3433/3433/3433 3435/3435/3435 3434/3434/3434
f 3435/3435/3435 3436/3436/3436 3434/3434/3434
f 3437/3437/3437 3439/3439/3439 3438/3438/3438
f 3439/3439/3439 3440/3440/3440 3438/3438/3438
f 3441/3441/3441 3443/3443/3443 3442/3442/3442
f 3443/3443/3443 3444/3444/3444 3442/3442/3442
f 3445/3445/3445 3447/3447/3447 3446/3446/3446
f 3447/3447/3447 3448/3448/3448 3446/3446/3446
f 3449/3449/3449 3451/3451/3451 3450/3450/3450
f 3451/3451/3451 3452/3452/3452 3450/3450/3450
f 3453/3453/3453 3455/3455/3455 3454/3454/3454
f 3455/3455/3455 3456/3456/3456 3454/3454/3454
o blade_26
usemtl thorn_edge
v 0.0006249994039535522 2.0125000014901158 0.03437500074505806
v 0.0006249994039535522 2.0125000014901158 -0.03437500074505806
v 0.0006249994039535522 1.9374999985098837 0.03437500074505806
v 0.0006249994039535522 1.9374999985098837 -0.03437500074505806
v -0.12562499940395355 2.0125000014901158 -0.03437500074505806
v -0.12562499940395355 2.0125000014901158 0.03437500074505806
v -0.12562499940395355 1.9374999985098837 -0.03437500074505806
v -0.12562499940395355 1.9374999985098837 0.03437500074505806
v -0.12562499940395355 2.0125000014901158 -0.03437500074505806
v 0.0006249994039535522 2.0125000014901158 -0.03437500074505806
v -0.12562499940395355 2.0125000014901158 0.03437500074505806
v 0.0006249994039535522 2.0125000014901158 0.03437500074505806
v -0.12562499940395355 1.9374999985098837 0.03437500074505806
v 0.0006249994039535522 1.9374999985098837 0.03437500074505806
v -0.12562499940395355 1.9374999985098837 -0.03437500074505806
v 0.0006249994039535522 1.9374999985098837 -0.03437500074505806
v -0.12562499940395355 2.0125000014901158 0.03437500074505806
v 0.0006249994039535522 2.0125000014901158 0.03437500074505806
v -0.12562499940395355 1.9374999985098837 0.03437500074505806
v 0.0006249994039535522 1.9374999985098837 0.03437500074505806
v 0.0006249994039535522 2.0125000014901158 -0.03437500074505806
v -0.12562499940395355 2.0125000014901158 -0.03437500074505806
v 0.0006249994039535522 1.9374999985098837 -0.03437500074505806
v -0.12562499940395355 1.9374999985098837 -0.03437500074505806
vt 0.3125 0.9375
vt 0.375 0.9375
vt 0.3125 0.875
vt 0.375 0.875
vt 0.3125 0.9375
vt 0.375 0.9375
vt 0.3125 0.875
vt 0.375 0.875
vt 0.3125 0.9375
vt 0.4375 0.9375
vt 0.3125 0.875
vt 0.4375 0.875
vt 0.3125 0.9375
vt 0.4375 0.9375
vt 0.3125 0.875
vt 0.4375 0.875
vt 0.3125 0.9375
vt 0.4375 0.9375
vt 0.3125 0.875
vt 0.4375 0.875
vt 0.3125 0.9375
vt 0.4375 0.9375
vt 0.3125 0.875
vt 0.4375 0.875
vn 1 0 0
vn 1 0 0
vn 1 0 0
vn 1 0 0
vn -1 0 0
vn -1 0 0
vn -1 0 0
vn -1 0 0
vn 0 1 0
vn 0 1 0
vn 0 1 0
vn 0 1 0
vn 0 -1 0
vn 0 -1 0
vn 0 -1 0
vn 0 -1 0
vn 0 0 1
vn 0 0 1
vn 0 0 1
vn 0 0 1
vn 0 0 -1
vn 0 0 -1
vn 0 0 -1
vn 0 0 -1
f 3457/3457/3457 3459/3459/3459 3458/3458/3458
f 3459/3459/3459 3460/3460/3460 3458/3458/3458
f 3461/3461/3461 3463/3463/3463 3462/3462/3462
f 3463/3463/3463 3464/3464/3464 3462/3462/3462
f 3465/3465/3465 3467/3467/3467 3466/3466/3466
f 3467/3467/3467 3468/3468/3468 3466/3466/3466
f 3469/3469/3469 3471/3471/3471 3470/3470/3470
f 3471/3471/3471 3472/3472/3472 3470/3470/3470
f 3473/3473/3473 3475/3475/3475 3474/3474/3474
f 3475/3475/3475 3476/3476/3476 3474/3474/3474
f 3477/3477/3477 3479/3479/3479 3478/3478/3478
f 3479/3479/3479 3480/3480/3480 3478/3478/3478
o blade_27
usemtl heartwood_green
v 0.0026134368851780942 2.4259843749999996 0.08380937192589046
v 0.0026134368851780942 2.4259843749999996 -0.08380937192589046
v 0.0026134368851780942 2.361515625 0.08380937192589046
v 0.0026134368851780942 2.361515625 -0.08380937192589046
v -0.1276134368851781 2.4259843749999996 -0.08380937192589046
v -0.1276134368851781 2.4259843749999996 0.08380937192589046
v -0.1276134368851781 2.361515625 -0.08380937192589046
v -0.1276134368851781 2.361515625 0.08380937192589046
v -0.1276134368851781 2.4259843749999996 -0.08380937192589046
v 0.0026134368851780942 2.4259843749999996 -0.08380937192589046
v -0.1276134368851781 2.4259843749999996 0.08380937192589046
v 0.0026134368851780942 2.4259843749999996 0.08380937192589046
v -0.1276134368851781 2.361515625 0.08380937192589046
v 0.0026134368851780942 2.361515625 0.08380937192589046
v -0.1276134368851781 2.361515625 -0.08380937192589046
v 0.0026134368851780942 2.361515625 -0.08380937192589046
v -0.1276134368851781 2.4259843749999996 0.08380937192589046
v 0.0026134368851780942 2.4259843749999996 0.08380937192589046
v -0.1276134368851781 2.361515625 0.08380937192589046
v 0.0026134368851780942 2.361515625 0.08380937192589046
v 0.0026134368851780942 2.4259843749999996 -0.08380937192589046
v -0.1276134368851781 2.4259843749999996 -0.08380937192589046
v 0.0026134368851780942 2.361515625 -0.08380937192589046
v -0.1276134368851781 2.361515625 -0.08380937192589046
vt 0.9375 0.0625
vt 1.125 0.0625
vt 0.9375 0
vt 1.125 0
vt 0.9375 0.0625
vt 1.125 0.0625
vt 0.9375 0
vt 1.125 0
vt 0.9375 0.1875
vt 1.0625 0.1875
vt 0.9375 0
vt 1.0625 0
vt 0.9375 0.1875
vt 1.0625 0.1875
vt 0.9375 0
vt 1.0625 0
vt 0.9375 0.0625
vt 1.0625 0.0625
vt 0.9375 0
vt 1.0625 0
vt 0.9375 0.0625
vt 1.0625 0.0625
vt 0.9375 0
vt 1.0625 0
vn 1 0 0
vn 1 0 0
vn 1 0 0
vn 1 0 0
vn -1 0 0
vn -1 0 0
vn -1 0 0
vn -1 0 0
vn 0 1 0
vn 0 1 0
vn 0 1 0
vn 0 1 0
vn 0 -1 0
vn 0 -1 0
vn 0 -1 0
vn 0 -1 0
vn 0 0 1
vn 0 0 1
vn 0 0 1
vn 0 0 1
vn 0 0 -1
vn 0 0 -1
vn 0 0 -1
vn 0 0 -1
f 3481/3481/3481 3483/3483/3483 3482/3482/3482
f 3483/3483/3483 3484/3484/3484 3482/3482/3482
f 3485/3485/3485 3487/3487/3487 3486/3486/3486
f 3487/3487/3487 3488/3488/3488 3486/3486/3486
f 3489/3489/3489 3491/3491/3491 3490/3490/3490
f 3491/3491/3491 3492/3492/3492 3490/3490/3490
f 3493/3493/3493 3495/3495/3495 3494/3494/3494
f 3495/3495/3495 3496/3496/3496 3494/3494/3494
f 3497/3497/3497 3499/3499/3499 3498/3498/3498
f 3499/3499/3499 3500/3500/3500 3498/3498/3498
f 3501/3501/3501 3503/3503/3503 3502/3502/3502
f 3503/3503/3503 3504/3504/3504 3502/3502/3502
o blade_28
usemtl heartwood_green
v 0.12590906190127132 2.37584375 0.06278125
v 0.12590906190127132 2.37584375 -0.06278125
v 0.12590906190127132 1.99915625 0.06278125
v 0.12590906190127132 1.99915625 -0.06278125
v -0.000909061901271338 2.37584375 -0.06278125
v -0.000909061901271338 2.37584375 0.06278125
v -0.000909061901271338 1.99915625 -0.06278125
v -0.000909061901271338 1.99915625 0.06278125
v -0.000909061901271338 2.37584375 -0.06278125
v 0.12590906190127132 2.37584375 -0.06278125
v -0.000909061901271338 2.37584375 0.06278125
v 0.12590906190127132 2.37584375 0.06278125
v -0.000909061901271338 1.99915625 0.06278125
v 0.12590906190127132 1.99915625 0.06278125
v -0.000909061901271338 1.99915625 -0.06278125
v 0.12590906190127132 1.99915625 -0.06278125
v -0.000909061901271338 2.37584375 0.06278125
v 0.12590906190127132 2.37584375 0.06278125
v -0.000909061901271338 1.99915625 0.06278125
v 0.12590906190127132 1.99915625 0.06278125
v 0.12590906190127132 2.37584375 -0.06278125
v -0.000909061901271338 2.37584375 -0.06278125
v 0.12590906190127132 1.99915625 -0.06278125
v -0.000909061901271338 1.99915625 -0.06278125
vt 0.0625 0.5
vt 0.1875 0.5
vt 0.0625 0.125
vt 0.1875 0.125
vt 0.0625 0.5
vt 0.1875 0.5
vt 0.0625 0.125
vt 0.1875 0.125
vt 0.0625 0.25
vt 0.1875 0.25
vt 0.0625 0.125
vt 0.1875 0.125
vt 0.0625 0.25
vt 0.1875 0.25
vt 0.0625 0.125
vt 0.1875 0.125
vt 0.0625 0.5
vt 0.1875 0.5
vt 0.0625 0.125
vt 0.1875 0.125
vt 0.0625 0.5
vt 0.1875 0.5
vt 0.0625 0.125
vt 0.1875 0.125
vn 1 0 0
vn 1 0 0
vn 1 0 0
vn 1 0 0
vn -1 0 0
vn -1 0 0
vn -1 0 0
vn -1 0 0
vn 0 1 0
vn 0 1 0
vn 0 1 0
vn 0 1 0
vn 0 -1 0
vn 0 -1 0
vn 0 -1 0
vn 0 -1 0
vn 0 0 1
vn 0 0 1
vn 0 0 1
vn 0 0 1
vn 0 0 -1
vn 0 0 -1
vn 0 0 -1
vn 0 0 -1
f 3505/3505/3505 3507/3507/3507 3506/3506/3506
f 3507/3507/3507 3508/3508/3508 3506/3506/3506
f 3509/3509/3509 3511/3511/3511 3510/3510/3510
f 3511/3511/3511 3512/3512/3512 3510/3510/3510
f 3513/3513/3513 3515/3515/3515 3514/3514/3514
f 3515/3515/3515 3516/3516/3516 3514/3514/3514
f 3517/3517/3517 3519/3519/3519 3518/3518/3518
f 3519/3519/3519 3520/3520/3520 3518/3518/3518
f 3521/3521/3521 3523/3523/3523 3522/3522/3522
f 3523/3523/3523 3524/3524/3524 3522/3522/3522
f 3525/3525/3525 3527/3527/3527 3526/3526/3526
f 3527/3527/3527 3528/3528/3528 3526/3526/3526
o blade_29
usemtl thorn_edge
v 0.1278974993824959 2.0138500015437604 0.03561250077188015
v 0.1278974993824959 2.0138500015437604 -0.03561250077188015
v 0.1278974993824959 1.9361499984562396 0.03561250077188015
v 0.1278974993824959 1.9361499984562396 -0.03561250077188015
v -0.00289749938249588 2.0138500015437604 -0.03561250077188015
v -0.00289749938249588 2.0138500015437604 0.03561250077188015
v -0.00289749938249588 1.9361499984562396 -0.03561250077188015
v -0.00289749938249588 1.9361499984562396 0.03561250077188015
v -0.00289749938249588 2.0138500015437604 -0.03561250077188015
v 0.1278974993824959 2.0138500015437604 -0.03561250077188015
v -0.00289749938249588 2.0138500015437604 0.03561250077188015
v 0.1278974993824959 2.0138500015437604 0.03561250077188015
v -0.00289749938249588 1.9361499984562396 0.03561250077188015
v 0.1278974993824959 1.9361499984562396 0.03561250077188015
v -0.00289749938249588 1.9361499984562396 -0.03561250077188015
v 0.1278974993824959 1.9361499984562396 -0.03561250077188015
v -0.00289749938249588 2.0138500015437604 0.03561250077188015
v 0.1278974993824959 2.0138500015437604 0.03561250077188015
v -0.00289749938249588 1.9361499984562396 0.03561250077188015
v 0.1278974993824959 1.9361499984562396 0.03561250077188015
v 0.1278974993824959 2.0138500015437604 -0.03561250077188015
v -0.00289749938249588 2.0138500015437604 -0.03561250077188015
v 0.1278974993824959 1.9361499984562396 -0.03561250077188015
v -0.00289749938249588 1.9361499984562396 -0.03561250077188015
vt 0.3125 0.9375
vt 0.375 0.9375
vt 0.3125 0.875
vt 0.375 0.875
vt 0.3125 0.9375
vt 0.375 0.9375
vt 0.3125 0.875
vt 0.375 0.875
vt 0.3125 0.9375
vt 0.4375 0.9375
vt 0.3125 0.875
vt 0.4375 0.875
vt 0.3125 0.9375
vt 0.4375 0.9375
vt 0.3125 0.875
vt 0.4375 0.875
vt 0.3125 0.9375
vt 0.4375 0.9375
vt 0.3125 0.875
vt 0.4375 0.875
vt 0.3125 0.9375
vt 0.4375 0.9375
vt 0.3125 0.875
vt 0.4375 0.875
vn 1 0 0
vn 1 0 0
vn 1 0 0
vn 1 0 0
vn -1 0 0
vn -1 0 0
vn -1 0 0
vn -1 0 0
vn 0 1 0
vn 0 1 0
vn 0 1 0
vn 0 1 0
vn 0 -1 0
vn 0 -1 0
vn 0 -1 0
vn 0 -1 0
vn 0 0 1
vn 0 0 1
vn 0 0 1
vn 0 0 1
vn 0 0 -1
vn 0 0 -1
vn 0 0 -1
vn 0 0 -1
f 3529/3529/3529 3531/3531/3531 3530/3530/3530
f 3531/3531/3531 3532/3532/3532 3530/3530/3530
f 3533/3533/3533 3535/3535/3535 3534/3534/3534
f 3535/3535/3535 3536/3536/3536 3534/3534/3534
f 3537/3537/3537 3539/3539/3539 3538/3538/3538
f 3539/3539/3539 3540/3540/3540 3538/3538/3538
f 3541/3541/3541 3543/3543/3543 3542/3542/3542
f 3543/3543/3543 3544/3544/3544 3542/3542/3542
f 3545/3545/3545 3547/3547/3547 3546/3546/3546
f 3547/3547/3547 3548/3548/3548 3546/3546/3546
f 3549/3549/3549 3551/3551/3551 3550/3550/3550
f 3551/3551/3551 3552/3552/3552 3550/3550/3550
o blade_30
usemtl heartwood_green
v 0.12619312439858912 2.42528125 0.08198124699294566
v 0.12619312439858912 2.42528125 -0.08198124699294566
v 0.12619312439858912 2.36221875 0.08198124699294566
v 0.12619312439858912 2.36221875 -0.08198124699294566
v -0.0011931243985891238 2.42528125 -0.08198124699294566
v -0.0011931243985891238 2.42528125 0.08198124699294566
v -0.0011931243985891238 2.36221875 -0.08198124699294566
v -0.0011931243985891238 2.36221875 0.08198124699294566
v -0.0011931243985891238 2.42528125 -0.08198124699294566
v 0.12619312439858912 2.42528125 -0.08198124699294566
v -0.0011931243985891238 2.42528125 0.08198124699294566
v 0.12619312439858912 2.42528125 0.08198124699294566
v -0.0011931243985891238 2.36221875 0.08198124699294566
v 0.12619312439858912 2.36221875 0.08198124699294566
v -0.0011931243985891238 2.36221875 -0.08198124699294566
v 0.12619312439858912 2.36221875 -0.08198124699294566
v -0.0011931243985891238 2.42528125 0.08198124699294566
v 0.12619312439858912 2.42528125 0.08198124699294566
v -0.0011931243985891238 2.36221875 0.08198124699294566
v 0.12619312439858912 2.36221875 0.08198124699294566
v 0.12619312439858912 2.42528125 -0.08198124699294566
v -0.0011931243985891238 2.42528125 -0.08198124699294566
v 0.12619312439858912 2.36221875 -0.08198124699294566
v -0.0011931243985891238 2.36221875 -0.08198124699294566
vt 0.9375 0.0625
vt 1.125 0.0625
vt 0.9375 0
vt 1.125 0
vt 0.9375 0.0625
vt 1.125 0.0625
vt 0.9375 0
vt 1.125 0
vt 0.9375 0.1875
vt 1.0625 0.1875
vt 0.9375 0
vt 1.0625 0
vt 0.9375 0.1875
vt 1.0625 0.1875
vt 0.9375 0
vt 1.0625 0
vt 0.9375 0.0625
vt 1.0625 0.0625
vt 0.9375 0
vt 1.0625 0
vt 0.9375 0.0625
vt 1.0625 0.0625
vt 0.9375 0
vt 1.0625 0
vn 0.9999999999999999 0 0
vn 0.9999999999999999 0 0
vn 0.9999999999999999 0 0
vn 0.9999999999999999 0 0
vn -0.9999999999999999 0 0
vn -0.9999999999999999 0 0
vn -0.9999999999999999 0 0
vn -0.9999999999999999 0 0
vn 0 0.9999999999999999 0
vn 0 0.9999999999999999 0
vn 0 0.9999999999999999 0
vn 0 0.9999999999999999 0
vn 0 -0.9999999999999999 0
vn 0 -0.9999999999999999 0
vn 0 -0.9999999999999999 0
vn 0 -0.9999999999999999 0
vn 0 0 0.9999999999999999
vn 0 0 0.9999999999999999
vn 0 0 0.9999999999999999
vn 0 0 0.9999999999999999
vn 0 0 -0.9999999999999999
vn 0 0 -0.9999999999999999
vn 0 0 -0.9999999999999999
vn 0 0 -0.9999999999999999
f 3553/3553/3553 3555/3555/3555 3554/3554/3554
f 3555/3555/3555 3556/3556/3556 3554/3554/3554
f 3557/3557/3557 3559/3559/3559 3558/3558/3558
f 3559/3559/3559 3560/3560/3560 3558/3558/3558
f 3561/3561/3561 3563/3563/3563 3562/3562/3562
f 3563/3563/3563 3564/3564/3564 3562/3562/3562
f 3565/3565/3565 3567/3567/3567 3566/3566/3566
f 3567/3567/3567 3568/3568/3568 3566/3566/3566
f 3569/3569/3569 3571/3571/3571 3570/3570/3570
f 3571/3571/3571 3572/3572/3572 3570/3570/3570
f 3573/3573/3573 3575/3575/3575 3574/3574/3574
f 3575/3575/3575 3576/3576/3576 3574/3574/3574
o blade_31
usemtl leaf_blade
v 0.25318156187981367 2.38259375 0.06503125
v 0.25318156187981367 2.38259375 -0.06503125
v 0.25318156187981367 1.99240625 0.06503125
v 0.25318156187981367 1.99240625 -0.06503125
v 0.12181843812018633 2.38259375 -0.06503125
v 0.12181843812018633 2.38259375 0.06503125
v 0.12181843812018633 1.99240625 -0.06503125
v 0.12181843812018633 1.99240625 0.06503125
v 0.12181843812018633 2.38259375 -0.06503125
v 0.25318156187981367 2.38259375 -0.06503125
v 0.12181843812018633 2.38259375 0.06503125
v 0.25318156187981367 2.38259375 0.06503125
v 0.12181843812018633 1.99240625 0.06503125
v 0.25318156187981367 1.99240625 0.06503125
v 0.12181843812018633 1.99240625 -0.06503125
v 0.25318156187981367 1.99240625 -0.06503125
v 0.12181843812018633 2.38259375 0.06503125
v 0.25318156187981367 2.38259375 0.06503125
v 0.12181843812018633 1.99240625 0.06503125
v 0.25318156187981367 1.99240625 0.06503125
v 0.25318156187981367 2.38259375 -0.06503125
v 0.12181843812018633 2.38259375 -0.06503125
v 0.25318156187981367 1.99240625 -0.06503125
v 0.12181843812018633 1.99240625 -0.06503125
vt 0.0625 0.5
vt 0.1875 0.5
vt 0.0625 0.125
vt 0.1875 0.125
vt 0.0625 0.5
vt 0.1875 0.5
vt 0.0625 0.125
vt 0.1875 0.125
vt 0.0625 0.25
vt 0.1875 0.25
vt 0.0625 0.125
vt 0.1875 0.125
vt 0.0625 0.25
vt 0.1875 0.25
vt 0.0625 0.125
vt 0.1875 0.125
vt 0.0625 0.5
vt 0.1875 0.5
vt 0.0625 0.125
vt 0.1875 0.125
vt 0.0625 0.5
vt 0.1875 0.5
vt 0.0625 0.125
vt 0.1875 0.125
vn 1 0 0
vn 1 0 0
vn 1 0 0
vn 1 0 0
vn -1 0 0
vn -1 0 0
vn -1 0 0
vn -1 0 0
vn 0 1 0
vn 0 1 0
vn 0 1 0
vn 0 1 0
vn 0 -1 0
vn 0 -1 0
vn 0 -1 0
vn 0 -1 0
vn 0 0 1
vn 0 0 1
vn 0 0 1
vn 0 0 1
vn 0 0 -1
vn 0 0 -1
vn 0 0 -1
vn 0 0 -1
f 3577/3577/3577 3579/3579/3579 3578/3578/3578
f 3579/3579/3579 3580/3580/3580 3578/3578/3578
f 3581/3581/3581 3583/3583/3583 3582/3582/3582
f 3583/3583/3583 3584/3584/3584 3582/3582/3582
f 3585/3585/3585 3587/3587/3587 3586/3586/3586
f 3587/3587/3587 3588/3588/3588 3586/3586/3586
f 3589/3589/3589 3591/3591/3591 3590/3590/3590
f 3591/3591/3591 3592/3592/3592 3590/3590/3590
f 3593/3593/3593 3595/3595/3595 3594/3594/3594
f 3595/3595/3595 3596/3596/3596 3594/3594/3594
f 3597/3597/3597 3599/3599/3599 3598/3598/3598
f 3599/3599/3599 3600/3600/3600 3598/3598/3598
o blade_32
usemtl thorn_edge
v 0.2514771868959069 2.0130062515102325 0.03483906325511635
v 0.2514771868959069 2.0130062515102325 -0.03483906325511635
v 0.2514771868959069 1.9369937484897672 0.03483906325511635
v 0.2514771868959069 1.9369937484897672 -0.03483906325511635
v 0.12352281310409308 2.0130062515102325 -0.03483906325511635
v 0.12352281310409308 2.0130062515102325 0.03483906325511635
v 0.12352281310409308 1.9369937484897672 -0.03483906325511635
v 0.12352281310409308 1.9369937484897672 0.03483906325511635
v 0.12352281310409308 2.0130062515102325 -0.03483906325511635
v 0.2514771868959069 2.0130062515102325 -0.03483906325511635
v 0.12352281310409308 2.0130062515102325 0.03483906325511635
v 0.2514771868959069 2.0130062515102325 0.03483906325511635
v 0.12352281310409308 1.9369937484897672 0.03483906325511635
v 0.2514771868959069 1.9369937484897672 0.03483906325511635
v 0.12352281310409308 1.9369937484897672 -0.03483906325511635
v 0.2514771868959069 1.9369937484897672 -0.03483906325511635
v 0.12352281310409308 2.0130062515102325 0.03483906325511635
v 0.2514771868959069 2.0130062515102325 0.03483906325511635
v 0.12352281310409308 1.9369937484897672 0.03483906325511635
v 0.2514771868959069 1.9369937484897672 0.03483906325511635
v 0.2514771868959069 2.0130062515102325 -0.03483906325511635
v 0.12352281310409308 2.0130062515102325 -0.03483906325511635
v 0.2514771868959069 1.9369937484897672 -0.03483906325511635
v 0.12352281310409308 1.9369937484897672 -0.03483906325511635
vt 0.3125 0.9375
vt 0.375 0.9375
vt 0.3125 0.875
vt 0.375 0.875
vt 0.3125 0.9375
vt 0.375 0.9375
vt 0.3125 0.875
vt 0.375 0.875
vt 0.3125 0.9375
vt 0.4375 0.9375
vt 0.3125 0.875
vt 0.4375 0.875
vt 0.3125 0.9375
vt 0.4375 0.9375
vt 0.3125 0.875
vt 0.4375 0.875
vt 0.3125 0.9375
vt 0.4375 0.9375
vt 0.3125 0.875
vt 0.4375 0.875
vt 0.3125 0.9375
vt 0.4375 0.9375
vt 0.3125 0.875
vt 0.4375 0.875
vn 1 0 0
vn 1 0 0
vn 1 0 0
vn 1 0 0
vn -1 0 0
vn -1 0 0
vn -1 0 0
vn -1 0 0
vn 0 1 0
vn 0 1 0
vn 0 1 0
vn 0 1 0
vn 0 -1 0
vn 0 -1 0
vn 0 -1 0
vn 0 -1 0
vn 0 0 1
vn 0 0 1
vn 0 0 1
vn 0 0 1
vn 0 0 -1
vn 0 0 -1
vn 0 0 -1
vn 0 0 -1
f 3601/3601/3601 3603/3603/3603 3602/3602/3602
f 3603/3603/3603 3604/3604/3604 3602/3602/3602
f 3605/3605/3605 3607/3607/3607 3606/3606/3606
f 3607/3607/3607 3608/3608/3608 3606/3606/3606
f 3609/3609/3609 3611/3611/3611 3610/3610/3610
f 3611/3611/3611 3612/3612/3612 3610/3610/3610
f 3613/3613/3613 3615/3615/3615 3614/3614/3614
f 3615/3615/3615 3616/3616/3616 3614/3614/3614
f 3617/3617/3617 3619/3619/3619 3618/3618/3618
f 3619/3619/3619 3620/3620/3620 3618/3618/3618
f 3621/3621/3621 3623/3623/3623 3622/3622/3622
f 3623/3623/3623 3624/3624/3624 3622/3622/3622
o blade_33
usemtl heartwood_green
v 0.25346562437713144 2.42640625 0.0849062468856573
v 0.25346562437713144 2.42640625 -0.0849062468856573
v 0.25346562437713144 2.3610937499999998 0.0849062468856573
v 0.25346562437713144 2.3610937499999998 -0.0849062468856573
v 0.12153437562286855 2.42640625 -0.0849062468856573
v 0.12153437562286855 2.42640625 0.0849062468856573
v 0.12153437562286855 2.3610937499999998 -0.0849062468856573
v 0.12153437562286855 2.3610937499999998 0.0849062468856573
v 0.12153437562286855 2.42640625 -0.0849062468856573
v 0.25346562437713144 2.42640625 -0.0849062468856573
v 0.12153437562286855 2.42640625 0.0849062468856573
v 0.25346562437713144 2.42640625 0.0849062468856573
v 0.12153437562286855 2.3610937499999998 0.0849062468856573
v 0.25346562437713144 2.3610937499999998 0.0849062468856573
v 0.12153437562286855 2.3610937499999998 -0.0849062468856573
v 0.25346562437713144 2.3610937499999998 -0.0849062468856573
v 0.12153437562286855 2.42640625 0.0849062468856573
v 0.25346562437713144 2.42640625 0.0849062468856573
v 0.12153437562286855 2.3610937499999998 0.0849062468856573
v 0.25346562437713144 2.3610937499999998 0.0849062468856573
v 0.25346562437713144 2.42640625 -0.0849062468856573
v 0.12153437562286855 2.42640625 -0.0849062468856573
v 0.25346562437713144 2.3610937499999998 -0.0849062468856573
v 0.12153437562286855 2.3610937499999998 -0.0849062468856573
vt 0.9375 0.0625
vt 1.125 0.0625
vt 0.9375 0
vt 1.125 0
vt 0.9375 0.0625
vt 1.125 0.0625
vt 0.9375 0
vt 1.125 0
vt 0.9375 0.1875
vt 1.0625 0.1875
vt 0.9375 0
vt 1.0625 0
vt 0.9375 0.1875
vt 1.0625 0.1875
vt 0.9375 0
vt 1.0625 0
vt 0.9375 0.0625
vt 1.0625 0.0625
vt 0.9375 0
vt 1.0625 0
vt 0.9375 0.0625
vt 1.0625 0.0625
vt 0.9375 0
vt 1.0625 0
vn 1 0 0
vn 1 0 0
vn 1 0 0
vn 1 0 0
vn -1 0 0
vn -1 0 0
vn -1 0 0
vn -1 0 0
vn 0 1 0
vn 0 1 0
vn 0 1 0
vn 0 1 0
vn 0 -1 0
vn 0 -1 0
vn 0 -1 0
vn 0 -1 0
vn 0 0 1
vn 0 0 1
vn 0 0 1
vn 0 0 1
vn 0 0 -1
vn 0 0 -1
vn 0 0 -1
vn 0 0 -1
f 3625/3625/3625 3627/3627/3627 3626/3626/3626
f 3627/3627/3627 3628/3628/3628 3626/3626/3626
f 3629/3629/3629 3631/3631/3631 3630/3630/3630
f 3631/3631/3631 3632/3632/3632 3630/3630/3630
f 3633/3633/3633 3635/3635/3635 3634/3634/3634
f 3635/3635/3635 3636/3636/3636 3634/3634/3634
f 3637/3637/3637 3639/3639/3639 3638/3638/3638
f 3639/3639/3639 3640/3640/3640 3638/3638/3638
f 3641/3641/3641 3643/3643/3643 3642/3642/3642
f 3643/3643/3643 3644/3644/3644 3642/3642/3642
f 3645/3645/3645 3647/3647/3647 3646/3646/3646
f 3647/3647/3647 3648/3648/3648 3646/3646/3646
o blade_34
usemtl thorn
v 0.23840000075846912 2.5662600003033873 0.044537499241530894
v 0.23840000075846912 2.5662600003033873 -0.044537499241530894
v 0.23840000075846912 2.423739999696612 0.044537499241530894
v 0.23840000075846912 2.423739999696612 -0.044537499241530894
v 0.13659999924153088 2.5662600003033873 -0.044537499241530894
v 0.13659999924153088 2.5662600003033873 0.044537499241530894
v 0.13659999924153088 2.423739999696612 -0.044537499241530894
v 0.13659999924153088 2.423739999696612 0.044537499241530894
v 0.13659999924153088 2.5662600003033873 -0.044537499241530894
v 0.23840000075846912 2.5662600003033873 -0.044537499241530894
v 0.13659999924153088 2.5662600003033873 0.044537499241530894
v 0.23840000075846912 2.5662600003033873 0.044537499241530894
v 0.13659999924153088 2.423739999696612 0.044537499241530894
v 0.23840000075846912 2.423739999696612 0.044537499241530894
v 0.13659999924153088 2.423739999696612 -0.044537499241530894
v 0.23840000075846912 2.423739999696612 -0.044537499241530894
v 0.13659999924153088 2.5662600003033873 0.044537499241530894
v 0.23840000075846912 2.5662600003033873 0.044537499241530894
v 0.13659999924153088 2.423739999696612 0.044537499241530894
v 0.23840000075846912 2.423739999696612 0.044537499241530894
v 0.23840000075846912 2.5662600003033873 -0.044537499241530894
v 0.13659999924153088 2.5662600003033873 -0.044537499241530894
v 0.23840000075846912 2.423739999696612 -0.044537499241530894
v 0.13659999924153088 2.423739999696612 -0.044537499241530894
vt 0.125 0.1875
vt 0.1875 0.1875
vt 0.125 0.0625
vt 0.1875 0.0625
vt 0.125 0.1875
vt 0.1875 0.1875
vt 0.125 0.0625
vt 0.1875 0.0625
vt 0.125 0.125
vt 0.25 0.125
vt 0.125 0.0625
vt 0.25 0.0625
vt 0.125 0.125
vt 0.25 0.125
vt 0.125 0.0625
vt 0.25 0.0625
vt 0.125 0.1875
vt 0.25 0.1875
vt 0.125 0.0625
vt 0.25 0.0625
vt 0.125 0.1875
vt 0.25 0.1875
vt 0.125 0.0625
vt 0.25 0.0625
vn 0.9999999999999999 0 0
vn 0.9999999999999999 0 0
vn 0.9999999999999999 0 0
vn 0.9999999999999999 0 0
vn -0.9999999999999999 0 0
vn -0.9999999999999999 0 0
vn -0.9999999999999999 0 0
vn -0.9999999999999999 0 0
vn 0 0.9999999999999999 0
vn 0 0.9999999999999999 0
vn 0 0.9999999999999999 0
vn 0 0.9999999999999999 0
vn 0 -0.9999999999999999 0
vn 0 -0.9999999999999999 0
vn 0 -0.9999999999999999 0
vn 0 -0.9999999999999999 0
vn 0 0 0.9999999999999999
vn 0 0 0.9999999999999999
vn 0 0 0.9999999999999999
vn 0 0 0.9999999999999999
vn 0 0 -0.9999999999999999
vn 0 0 -0.9999999999999999
vn 0 0 -0.9999999999999999
vn 0 0 -0.9999999999999999
f 3649/3649/3649 3651/3651/3651 3650/3650/3650
f 3651/3651/3651 3652/3652/3652 3650/3650/3650
f 3653/3653/3653 3655/3655/3655 3654/3654/3654
f 3655/3655/3655 3656/3656/3656 3654/3654/3654
f 3657/3657/3657 3659/3659/3659 3658/3658/3658
f 3659/3659/3659 3660/3660/3660 3658/3658/3658
f 3661/3661/3661 3663/3663/3663 3662/3662/3662
f 3663/3663/3663 3664/3664/3664 3662/3662/3662
f 3665/3665/3665 3667/3667/3667 3666/3666/3666
f 3667/3667/3667 3668/3668/3668 3666/3666/3666
f 3669/3669/3669 3671/3671/3671 3670/3670/3670
f 3671/3671/3671 3672/3672/3672 3670/3670/3670
o blade_35
usemtl thorn
v 0.145296875 2.5667325001563874 0.032796875
v 0.145296875 2.5667325001563874 -0.032796875
v 0.145296875 2.493267499843612 0.032796875
v 0.145296875 2.493267499843612 -0.032796875
v 0.079703125 2.5667325001563874 -0.032796875
v 0.079703125 2.5667325001563874 0.032796875
v 0.079703125 2.493267499843612 -0.032796875
v 0.079703125 2.493267499843612 0.032796875
v 0.079703125 2.5667325001563874 -0.032796875
v 0.145296875 2.5667325001563874 -0.032796875
v 0.079703125 2.5667325001563874 0.032796875
v 0.145296875 2.5667325001563874 0.032796875
v 0.079703125 2.493267499843612 0.032796875
v 0.145296875 2.493267499843612 0.032796875
v 0.079703125 2.493267499843612 -0.032796875
v 0.145296875 2.493267499843612 -0.032796875
v 0.079703125 2.5667325001563874 0.032796875
v 0.145296875 2.5667325001563874 0.032796875
v 0.079703125 2.493267499843612 0.032796875
v 0.145296875 2.493267499843612 0.032796875
v 0.145296875 2.5667325001563874 -0.032796875
v 0.079703125 2.5667325001563874 -0.032796875
v 0.145296875 2.493267499843612 -0.032796875
v 0.079703125 2.493267499843612 -0.032796875
vt 0.3125 0.25
vt 0.375 0.25
vt 0.3125 0.1875
vt 0.375 0.1875
vt 0.3125 0.25
vt 0.375 0.25
vt 0.3125 0.1875
vt 0.375 0.1875
vt 0.3125 0.25
vt 0.375 0.25
vt 0.3125 0.1875
vt 0.375 0.1875
vt 0.3125 0.25
vt 0.375 0.25
vt 0.3125 0.1875
vt 0.375 0.1875
vt 0.3125 0.25
vt 0.375 0.25
vt 0.3125 0.1875
vt 0.375 0.1875
vt 0.3125 0.25
vt 0.375 0.25
vt 0.3125 0.1875
vt 0.375 0.1875
vn 1 0 0
vn 1 0 0
vn 1 0 0
vn 1 0 0
vn -1 0 0
vn -1 0 0
vn -1 0 0
vn -1 0 0
vn 0 1 0
vn 0 1 0
vn 0 1 0
vn 0 1 0
vn 0 -1 0
vn 0 -1 0
vn 0 -1 0
vn 0 -1 0
vn 0 0 1
vn 0 0 1
vn 0 0 1
vn 0 0 1
vn 0 0 -1
vn 0 0 -1
vn 0 0 -1
vn 0 0 -1
f 3673/3673/3673 3675/3675/3675 3674/3674/3674
f 3675/3675/3675 3676/3676/3676 3674/3674/3674
f 3677/3677/3677 3679/3679/3679 3678/3678/3678
f 3679/3679/3679 3680/3680/3680 3678/3678/3678
f 3681/3681/3681 3683/3683/3683 3682/3682/3682
f 3683/3683/3683 3684/3684/3684 3682/3682/3682
f 3685/3685/3685 3687/3687/3687 3686/3686/3686
f 3687/3687/3687 3688/3688/3688 3686/3686/3686
f 3689/3689/3689 3691/3691/3691 3690/3690/3690
f 3691/3691/3691 3692/3692/3692 3690/3690/3690
f 3693/3693/3693 3695/3695/3695 3694/3694/3694
f 3695/3695/3695 3696/3696/3696 3694/3694/3694
o blade_36
usemtl leaf_blade
v 0.3770453118905425 2.378515625 0.06390625
v 0.3770453118905425 2.378515625 -0.06390625
v 0.3770453118905425 2.058984375 0.06390625
v 0.3770453118905425 2.058984375 -0.06390625
v 0.24795468810945748 2.378515625 -0.06390625
v 0.24795468810945748 2.378515625 0.06390625
v 0.24795468810945748 2.058984375 -0.06390625
v 0.24795468810945748 2.058984375 0.06390625
v 0.24795468810945748 2.378515625 -0.06390625
v 0.3770453118905425 2.378515625 -0.06390625
v 0.24795468810945748 2.378515625 0.06390625
v 0.3770453118905425 2.378515625 0.06390625
v 0.24795468810945748 2.058984375 0.06390625
v 0.3770453118905425 2.058984375 0.06390625
v 0.24795468810945748 2.058984375 -0.06390625
v 0.3770453118905425 2.058984375 -0.06390625
v 0.24795468810945748 2.378515625 0.06390625
v 0.3770453118905425 2.378515625 0.06390625
v 0.24795468810945748 2.058984375 0.06390625
v 0.3770453118905425 2.058984375 0.06390625
v 0.3770453118905425 2.378515625 -0.06390625
v 0.24795468810945748 2.378515625 -0.06390625
v 0.3770453118905425 2.058984375 -0.06390625
v 0.24795468810945748 2.058984375 -0.06390625
vt 0.75 0.3125
vt 0.875 0.3125
vt 0.75 0
vt 0.875 0
vt 0.75 0.3125
vt 0.875 0.3125
vt 0.75 0
vt 0.875 0
vt 0.75 0.125
vt 0.875 0.125
vt 0.75 0
vt 0.875 0
vt 0.75 0.125
vt 0.875 0.125
vt 0.75 0
vt 0.875 0
vt 0.75 0.3125
vt 0.875 0.3125
vt 0.75 0
vt 0.875 0
vt 0.75 0.3125
vt 0.875 0.3125
vt 0.75 0
vt 0.875 0
vn 1 0 0
vn 1 0 0
vn 1 0 0
vn 1 0 0
vn -1 0 0
vn -1 0 0
vn -1 0 0
vn -1 0 0
vn 0 1 0
vn 0 1 0
vn 0 1 0
vn 0 1 0
vn 0 -1 0
vn 0 -1 0
vn 0 -1 0
vn 0 -1 0
vn 0 0 1
vn 0 0 1
vn 0 0 1
vn 0 0 1
vn 0 0 -1
vn 0 0 -1
vn 0 0 -1
vn 0 0 -1
f 3697/3697/3697 3699/3699/3699 3698/3698/3698
f 3699/3699/3699 3700/3700/3700 3698/3698/3698
f 3701/3701/3701 3703/3703/3703 3702/3702/3702
f 3703/3703/3703 3704/3704/3704 3702/3702/3702
f 3705/3705/3705 3707/3707/3707 3706/3706/3706
f 3707/3707/3707 3708/3708/3708 3706/3706/3706
f 3709/3709/3709 3711/3711/3711 3710/3710/3710
f 3711/3711/3711 3712/3712/3712 3710/3710/3710
f 3713/3713/3713 3715/3715/3715 3714/3714/3714
f 3715/3715/3715 3716/3716/3716 3714/3714/3714
f 3717/3717/3717 3719/3719/3719 3718/3718/3718
f 3719/3719/3719 3720/3720/3720 3718/3718/3718
o blade_37
usemtl thorn_edge
v 0.37903374937176704 2.0770250015705827 0.0362312507852912
v 0.37903374937176704 2.0770250015705827 -0.0362312507852912
v 0.37903374937176704 1.9979749984294177 0.0362312507852912
v 0.37903374937176704 1.9979749984294177 -0.0362312507852912
v 0.24596625062823296 2.0770250015705827 -0.0362312507852912
v 0.24596625062823296 2.0770250015705827 0.0362312507852912
v 0.24596625062823296 1.9979749984294177 -0.0362312507852912
v 0.24596625062823296 1.9979749984294177 0.0362312507852912
v 0.24596625062823296 2.0770250015705827 -0.0362312507852912
v 0.37903374937176704 2.0770250015705827 -0.0362312507852912
v 0.24596625062823296 2.0770250015705827 0.0362312507852912
v 0.37903374937176704 2.0770250015705827 0.0362312507852912
v 0.24596625062823296 1.9979749984294177 0.0362312507852912
v 0.37903374937176704 1.9979749984294177 0.0362312507852912
v 0.24596625062823296 1.9979749984294177 -0.0362312507852912
v 0.37903374937176704 1.9979749984294177 -0.0362312507852912
v 0.24596625062823296 2.0770250015705827 0.0362312507852912
v 0.37903374937176704 2.0770250015705827 0.0362312507852912
v 0.24596625062823296 1.9979749984294177 0.0362312507852912
v 0.37903374937176704 1.9979749984294177 0.0362312507852912
v 0.37903374937176704 2.0770250015705827 -0.0362312507852912
v 0.24596625062823296 2.0770250015705827 -0.0362312507852912
v 0.37903374937176704 1.9979749984294177 -0.0362312507852912
v 0.24596625062823296 1.9979749984294177 -0.0362312507852912
vt 0.3125 0.9375
vt 0.375 0.9375
vt 0.3125 0.875
vt 0.375 0.875
vt 0.3125 0.9375
vt 0.375 0.9375
vt 0.3125 0.875
vt 0.375 0.875
vt 0.3125 0.9375
vt 0.4375 0.9375
vt 0.3125 0.875
vt 0.4375 0.875
vt 0.3125 0.9375
vt 0.4375 0.9375
vt 0.3125 0.875
vt 0.4375 0.875
vt 0.3125 0.9375
vt 0.4375 0.9375
vt 0.3125 0.875
vt 0.4375 0.875
vt 0.3125 0.9375
vt 0.4375 0.9375
vt 0.3125 0.875
vt 0.4375 0.875
vn 1 0 0
vn 1 0 0
vn 1 0 0
vn 1 0 0
vn -1 0 0
vn -1 0 0
vn -1 0 0
vn -1 0 0
vn 0 1 0
vn 0 1 0
vn 0 1 0
vn 0 1 0
vn 0 -1 0
vn 0 -1 0
vn 0 -1 0
vn 0 -1 0
vn 0 0 1
vn 0 0 1
vn 0 0 1
vn 0 0 1
vn 0 0 -1
vn 0 0 -1
vn 0 0 -1
vn 0 0 -1
f 3721/3721/3721 3723/3723/3723 3722/3722/3722
f 3723/3723/3723 3724/3724/3724 3722/3722/3722
f 3725/3725/3725 3727/3727/3727 3726/3726/3726
f 3727/3727/3727 3728/3728/3728 3726/3726/3726
f 3729/3729/3729 3731/3731/3731 3730/3730/3730
f 3731/3731/3731 3732/3732/3732 3730/3730/3730
f 3733/3733/3733 3735/3735/3735 3734/3734/3734
f 3735/3735/3735 3736/3736/3736 3734/3734/3734
f 3737/3737/3737 3739/3739/3739 3738/3738/3738
f 3739/3739/3739 3740/3740/3740 3738/3738/3738
f 3741/3741/3741 3743/3743/3743 3742/3742/3742
f 3743/3743/3743 3744/3744/3744 3742/3742/3742
o blade_38
usemtl heartwood_green
v 0.3773293743878603 2.42584375 0.08344374693930148
v 0.3773293743878603 2.42584375 -0.08344374693930148
v 0.3773293743878603 2.36165625 0.08344374693930148
v 0.3773293743878603 2.36165625 -0.08344374693930148
v 0.2476706256121397 2.42584375 -0.08344374693930148
v 0.2476706256121397 2.42584375 0.08344374693930148
v 0.2476706256121397 2.36165625 -0.08344374693930148
v 0.2476706256121397 2.36165625 0.08344374693930148
v 0.2476706256121397 2.42584375 -0.08344374693930148
v 0.3773293743878603 2.42584375 -0.08344374693930148
v 0.2476706256121397 2.42584375 0.08344374693930148
v 0.3773293743878603 2.42584375 0.08344374693930148
v 0.2476706256121397 2.36165625 0.08344374693930148
v 0.3773293743878603 2.36165625 0.08344374693930148
v 0.2476706256121397 2.36165625 -0.08344374693930148
v 0.3773293743878603 2.36165625 -0.08344374693930148
v 0.2476706256121397 2.42584375 0.08344374693930148
v 0.3773293743878603 2.42584375 0.08344374693930148
v 0.2476706256121397 2.36165625 0.08344374693930148
v 0.3773293743878603 2.36165625 0.08344374693930148
v 0.3773293743878603 2.42584375 -0.08344374693930148
v 0.2476706256121397 2.42584375 -0.08344374693930148
v 0.3773293743878603 2.36165625 -0.08344374693930148
v 0.2476706256121397 2.36165625 -0.08344374693930148
vt 0.9375 0.0625
vt 1.125 0.0625
vt 0.9375 0
vt 1.125 0
vt 0.9375 0.0625
vt 1.125 0.0625
vt 0.9375 0
vt 1.125 0
vt 0.9375 0.1875
vt 1.0625 0.1875
vt 0.9375 0
vt 1.0625 0
vt 0.9375 0.1875
vt 1.0625 0.1875
vt 0.9375 0
vt 1.0625 0
vt 0.9375 0.0625
vt 1.0625 0.0625
vt 0.9375 0
vt 1.0625 0
vt 0.9375 0.0625
vt 1.0625 0.0625
vt 0.9375 0
vt 1.0625 0
vn 1 0 0
vn 1 0 0
vn 1 0 0
vn 1 0 0
vn -1 0 0
vn -1 0 0
vn -1 0 0
vn -1 0 0
vn 0 1 0
vn 0 1 0
vn 0 1 0
vn 0 1 0
vn 0 -1 0
vn 0 -1 0
vn 0 -1 0
vn 0 -1 0
vn 0 0 1
vn 0 0 1
vn 0 0 1
vn 0 0 1
vn 0 0 -1
vn 0 0 -1
vn 0 0 -1
vn 0 0 -1
f 3745/3745/3745 3747/3747/3747 3746/3746/3746
f 3747/3747/3747 3748/3748/3748 3746/3746/3746
f 3749/3749/3749 3751/3751/3751 3750/3750/3750
f 3751/3751/3751 3752/3752/3752 3750/3750/3750
f 3753/3753/3753 3755/3755/3755 3754/3754/3754
f 3755/3755/3755 3756/3756/3756 3754/3754/3754
f 3757/3757/3757 3759/3759/3759 3758/3758/3758
f 3759/3759/3759 3760/3760/3760 3758/3758/3758
f 3761/3761/3761 3763/3763/3763 3762/3762/3762
f 3763/3763/3763 3764/3764/3764 3762/3762/3762
f 3765/3765/3765 3767/3767/3767 3766/3766/3766
f 3767/3767/3767 3768/3768/3768 3766/3766/3766
o blade_39
usemtl leaf_blade
v 0.5006249994039536 2.375 0.0625
v 0.5006249994039536 2.375 -0.0625
v 0.5006249994039536 2.0625 0.0625
v 0.5006249994039536 2.0625 -0.0625
v 0.37437500059604645 2.375 -0.0625
v 0.37437500059604645 2.375 0.0625
v 0.37437500059604645 2.0625 -0.0625
v 0.37437500059604645 2.0625 0.0625
v 0.37437500059604645 2.375 -0.0625
v 0.5006249994039536 2.375 -0.0625
v 0.37437500059604645 2.375 0.0625
v 0.5006249994039536 2.375 0.0625
v 0.37437500059604645 2.0625 0.0625
v 0.5006249994039536 2.0625 0.0625
v 0.37437500059604645 2.0625 -0.0625
v 0.5006249994039536 2.0625 -0.0625
v 0.37437500059604645 2.375 0.0625
v 0.5006249994039536 2.375 0.0625
v 0.37437500059604645 2.0625 0.0625
v 0.5006249994039536 2.0625 0.0625
v 0.5006249994039536 2.375 -0.0625
v 0.37437500059604645 2.375 -0.0625
v 0.5006249994039536 2.0625 -0.0625
v 0.37437500059604645 2.0625 -0.0625
vt 0.75 0.3125
vt 0.875 0.3125
vt 0.75 0
vt 0.875 0
vt 0.75 0.3125
vt 0.875 0.3125
vt 0.75 0
vt 0.875 0
vt 0.75 0.125
vt 0.875 0.125
vt 0.75 0
vt 0.875 0
vt 0.75 0.125
vt 0.875 0.125
vt 0.75 0
vt 0.875 0
vt 0.75 0.3125
vt 0.875 0.3125
vt 0.75 0
vt 0.875 0
vt 0.75 0.3125
vt 0.875 0.3125
vt 0.75 0
vt 0.875 0
vn 1 0 0
vn 1 0 0
vn 1 0 0
vn 1 0 0
vn -1 0 0
vn -1 0 0
vn -1 0 0
vn -1 0 0
vn 0 1 0
vn 0 1 0
vn 0 1 0
vn 0 1 0
vn 0 -1 0
vn 0 -1 0
vn 0 -1 0
vn 0 -1 0
vn 0 0 1
vn 0 0 1
vn 0 0 1
vn 0 0 1
vn 0 0 -1
vn 0 0 -1
vn 0 0 -1
vn 0 0 -1
f 3769/3769/3769 3771/3771/3771 3770/3770/3770
f 3771/3771/3771 3772/3772/3772 3770/3770/3770
f 3773/3773/3773 3775/3775/3775 3774/3774/3774
f 3775/3775/3775 3776/3776/3776 3774/3774/3774
f 3777/3777/3777 3779/3779/3779 3778/3778/3778
f 3779/3779/3779 3780/3780/3780 3778/3778/3778
f 3781/3781/3781 3783/3783/3783 3782/3782/3782
f 3783/3783/3783 3784/3784/3784 3782/3782/3782
f 3785/3785/3785 3787/3787/3787 3786/3786/3786
f 3787/3787/3787 3788/3788/3788 3786/3786/3786
f 3789/3789/3789 3791/3791/3791 3790/3790/3790
f 3791/3791/3791 3792/3792/3792 3790/3790/3790
o blade_40
usemtl thorn_edge
v 0.5026134368851781 2.076181251537055 0.03545781326852739
v 0.5026134368851781 2.076181251537055 -0.03545781326852739
v 0.5026134368851781 1.9988187484629454 0.03545781326852739
v 0.5026134368851781 1.9988187484629454 -0.03545781326852739
v 0.3723865631148219 2.076181251537055 -0.03545781326852739
v 0.3723865631148219 2.076181251537055 0.03545781326852739
v 0.3723865631148219 1.9988187484629454 -0.03545781326852739
v 0.3723865631148219 1.9988187484629454 0.03545781326852739
v 0.3723865631148219 2.076181251537055 -0.03545781326852739
v 0.5026134368851781 2.076181251537055 -0.03545781326852739
v 0.3723865631148219 2.076181251537055 0.03545781326852739
v 0.5026134368851781 2.076181251537055 0.03545781326852739
v 0.3723865631148219 1.9988187484629454 0.03545781326852739
v 0.5026134368851781 1.9988187484629454 0.03545781326852739
v 0.3723865631148219 1.9988187484629454 -0.03545781326852739
v 0.5026134368851781 1.9988187484629454 -0.03545781326852739
v 0.3723865631148219 2.076181251537055 0.03545781326852739
v 0.5026134368851781 2.076181251537055 0.03545781326852739
v 0.3723865631148219 1.9988187484629454 0.03545781326852739
v 0.5026134368851781 1.9988187484629454 0.03545781326852739
v 0.5026134368851781 2.076181251537055 -0.03545781326852739
v 0.3723865631148219 2.076181251537055 -0.03545781326852739
v 0.5026134368851781 1.9988187484629454 -0.03545781326852739
v 0.3723865631148219 1.9988187484629454 -0.03545781326852739
vt 0.3125 0.9375
vt 0.375 0.9375
vt 0.3125 0.875
vt 0.375 0.875
vt 0.3125 0.9375
vt 0.375 0.9375
vt 0.3125 0.875
vt 0.375 0.875
vt 0.3125 0.9375
vt 0.4375 0.9375
vt 0.3125 0.875
vt 0.4375 0.875
vt 0.3125 0.9375
vt 0.4375 0.9375
vt 0.3125 0.875
vt 0.4375 0.875
vt 0.3125 0.9375
vt 0.4375 0.9375
vt 0.3125 0.875
vt 0.4375 0.875
vt 0.3125 0.9375
vt 0.4375 0.9375
vt 0.3125 0.875
vt 0.4375 0.875
vn 1 0 0
vn 1 0 0
vn 1 0 0
vn 1 0 0
vn -1 0 0
vn -1 0 0
vn -1 0 0
vn -1 0 0
vn 0 1 0
vn 0 1 0
vn 0 1 0
vn 0 1 0
vn 0 -1 0
vn 0 -1 0
vn 0 -1 0
vn 0 -1 0
vn 0 0 1
vn 0 0 1
vn 0 0 1
vn 0 0 1
vn 0 0 -1
vn 0 0 -1
vn 0 0 -1
vn 0 0 -1
f 3793/3793/3793 3795/3795/3795 3794/3794/3794
f 3795/3795/3795 3796/3796/3796 3794/3794/3794
f 3797/3797/3797 3799/3799/3799 3798/3798/3798
f 3799/3799/3799 3800/3800/3800 3798/3798/3798
f 3801/3801/3801 3803/3803/3803 3802/3802/3802
f 3803/3803/3803 3804/3804/3804 3802/3802/3802
f 3805/3805/3805 3807/3807/3807 3806/3806/3806
f 3807/3807/3807 3808/3808/3808 3806/3806/3806
f 3809/3809/3809 3811/3811/3811 3810/3810/3810
f 3811/3811/3811 3812/3812/3812 3810/3810/3810
f 3813/3813/3813 3815/3815/3815 3814/3814/3814
f 3815/3815/3815 3816/3816/3816 3814/3814/3814
o blade_41
usemtl heartwood_green
v 0.5009090619012714 2.4251406249999996 0.0816156220063567
v 0.5009090619012714 2.4251406249999996 -0.0816156220063567
v 0.5009090619012714 2.362359375 0.0816156220063567
v 0.5009090619012714 2.362359375 -0.0816156220063567
v 0.3740909380987287 2.4251406249999996 -0.0816156220063567
v 0.3740909380987287 2.4251406249999996 0.0816156220063567
v 0.3740909380987287 2.362359375 -0.0816156220063567
v 0.3740909380987287 2.362359375 0.0816156220063567
v 0.3740909380987287 2.4251406249999996 -0.0816156220063567
v 0.5009090619012714 2.4251406249999996 -0.0816156220063567
v 0.3740909380987287 2.4251406249999996 0.0816156220063567
v 0.5009090619012714 2.4251406249999996 0.0816156220063567
v 0.3740909380987287 2.362359375 0.0816156220063567
v 0.5009090619012714 2.362359375 0.0816156220063567
v 0.3740909380987287 2.362359375 -0.0816156220063567
v 0.5009090619012714 2.362359375 -0.0816156220063567
v 0.3740909380987287 2.4251406249999996 0.0816156220063567
v 0.5009090619012714 2.4251406249999996 0.0816156220063567
v 0.3740909380987287 2.362359375 0.0816156220063567
v 0.5009090619012714 2.362359375 0.0816156220063567
v 0.5009090619012714 2.4251406249999996 -0.0816156220063567
v 0.3740909380987287 2.4251406249999996 -0.0816156220063567
v 0.5009090619012714 2.362359375 -0.0816156220063567
v 0.3740909380987287 2.362359375 -0.0816156220063567
vt 0.9375 0.0625
vt 1.125 0.0625
vt 0.9375 0
vt 1.125 0
vt 0.9375 0.0625
vt 1.125 0.0625
vt 0.9375 0
vt 1.125 0
vt 0.9375 0.1875
vt 1.0625 0.1875
vt 0.9375 0
vt 1.0625 0
vt 0.9375 0.1875
vt 1.0625 0.1875
vt 0.9375 0
vt 1.0625 0
vt 0.9375 0.0625
vt 1.0625 0.0625
vt 0.9375 0
vt 1.0625 0
vt 0.9375 0.0625
vt 1.0625 0.0625
vt 0.9375 0
vt 1.0625 0
vn 1 0 0
vn 1 0 0
vn 1 0 0
vn 1 0 0
vn -1 0 0
vn -1 0 0
vn -1 0 0
vn -1 0 0
vn 0 1 0
vn 0 1 0
vn 0 1 0
vn 0 1 0
vn 0 -1 0
vn 0 -1 0
vn 0 -1 0
vn 0 -1 0
vn 0 0 1
vn 0 0 1
vn 0 0 1
vn 0 0 1
vn 0 0 -1
vn 0 0 -1
vn 0 0 -1
vn 0 0 -1
f 3817/3817/3817 3819/3819/3819 3818/3818/3818
f 3819/3819/3819 3820/3820/3820 3818/3818/3818
f 3821/3821/3821 3823/3823/3823 3822/3822/3822
f 3823/3823/3823 3824/3824/3824 3822/3822/3822
f 3825/3825/3825 3827/3827/3827 3826/3826/3826
f 3827/3827/3827 3828/3828/3828 3826/3826/3826
f 3829/3829/3829 3831/3831/3831 3830/3830/3830
f 3831/3831/3831 3832/3832/3832 3830/3830/3830
f 3833/3833/3833 3835/3835/3835 3834/3834/3834
f 3835/3835/3835 3836/3836/3836 3834/3834/3834
f 3837/3837/3837 3839/3839/3839 3838/3838/3838
f 3839/3839/3839 3840/3840/3840 3838/3838/3838
o blade_42
usemtl leaf_blade
v 0.6278974993824958 2.3795 0.06475
v 0.6278974993824958 2.3795 -0.06475
v 0.6278974993824958 2.1205 0.06475
v 0.6278974993824958 2.1205 -0.06475
v 0.4971025006175041 2.3795 -0.06475
v 0.4971025006175041 2.3795 0.06475
v 0.4971025006175041 2.1205 -0.06475
v 0.4971025006175041 2.1205 0.06475
v 0.4971025006175041 2.3795 -0.06475
v 0.6278974993824958 2.3795 -0.06475
v 0.4971025006175041 2.3795 0.06475
v 0.6278974993824958 2.3795 0.06475
v 0.4971025006175041 2.1205 0.06475
v 0.6278974993824958 2.1205 0.06475
v 0.4971025006175041 2.1205 -0.06475
v 0.6278974993824958 2.1205 -0.06475
v 0.4971025006175041 2.3795 0.06475
v 0.6278974993824958 2.3795 0.06475
v 0.4971025006175041 2.1205 0.06475
v 0.6278974993824958 2.1205 0.06475
v 0.6278974993824958 2.3795 -0.06475
v 0.4971025006175041 2.3795 -0.06475
v 0.6278974993824958 2.1205 -0.06475
v 0.4971025006175041 2.1205 -0.06475
vt 0.6875 0.25
vt 0.8125 0.25
vt 0.6875 0
vt 0.8125 0
vt 0.6875 0.25
vt 0.8125 0.25
vt 0.6875 0
vt 0.8125 0
vt 0.6875 0.125
vt 0.8125 0.125
vt 0.6875 0
vt 0.8125 0
vt 0.6875 0.125
vt 0.8125 0.125
vt 0.6875 0
vt 0.8125 0
vt 0.6875 0.25
vt 0.8125 0.25
vt 0.6875 0
vt 0.8125 0
vt 0.6875 0.25
vt 0.8125 0.25
vt 0.6875 0
vt 0.8125 0
vn 1 0 0
vn 1 0 0
vn 1 0 0
vn 1 0 0
vn -1 0 0
vn -1 0 0
vn -1 0 0
vn -1 0 0
vn 0 1 0
vn 0 1 0
vn 0 1 0
vn 0 1 0
vn 0 -1 0
vn 0 -1 0
vn 0 -1 0
vn 0 -1 0
vn 0 0 1
vn 0 0 1
vn 0 0 1
vn 0 0 1
vn 0 0 -1
vn 0 0 -1
vn 0 0 -1
vn 0 0 -1
f 3841/3841/3841 3843/3843/3843 3842/3842/3842
f 3843/3843/3843 3844/3844/3844 3842/3842/3842
f 3845/3845/3845 3847/3847/3847 3846/3846/3846
f 3847/3847/3847 3848/3848/3848 3846/3846/3846
f 3849/3849/3849 3851/3851/3851 3850/3850/3850
f 3851/3851/3851 3852/3852/3852 3850/3850/3850
f 3853/3853/3853 3855/3855/3855 3854/3854/3854
f 3855/3855/3855 3856/3856/3856 3854/3854/3854
f 3857/3857/3857 3859/3859/3859 3858/3858/3858
f 3859/3859/3859 3860/3860/3860 3858/3858/3858
f 3861/3861/3861 3863/3863/3863 3862/3862/3862
f 3863/3863/3863 3864/3864/3864 3862/3862/3862
o blade_43
usemtl thorn_edge
v 0.6261931243985891 2.1378375015035274 0.03468437575176358
v 0.6261931243985891 2.1378375015035274 -0.03468437575176358
v 0.6261931243985891 2.062162498496473 0.03468437575176358
v 0.6261931243985891 2.062162498496473 -0.03468437575176358
v 0.4988068756014109 2.1378375015035274 -0.03468437575176358
v 0.4988068756014109 2.1378375015035274 0.03468437575176358
v 0.4988068756014109 2.062162498496473 -0.03468437575176358
v 0.4988068756014109 2.062162498496473 0.03468437575176358
v 0.4988068756014109 2.1378375015035274 -0.03468437575176358
v 0.6261931243985891 2.1378375015035274 -0.03468437575176358
v 0.4988068756014109 2.1378375015035274 0.03468437575176358
v 0.6261931243985891 2.1378375015035274 0.03468437575176358
v 0.4988068756014109 2.062162498496473 0.03468437575176358
v 0.6261931243985891 2.062162498496473 0.03468437575176358
v 0.4988068756014109 2.062162498496473 -0.03468437575176358
v 0.6261931243985891 2.062162498496473 -0.03468437575176358
v 0.4988068756014109 2.1378375015035274 0.03468437575176358
v 0.6261931243985891 2.1378375015035274 0.03468437575176358
v 0.4988068756014109 2.062162498496473 0.03468437575176358
v 0.6261931243985891 2.062162498496473 0.03468437575176358
v 0.6261931243985891 2.1378375015035274 -0.03468437575176358
v 0.4988068756014109 2.1378375015035274 -0.03468437575176358
v 0.6261931243985891 2.062162498496473 -0.03468437575176358
v 0.4988068756014109 2.062162498496473 -0.03468437575176358
vt 0.3125 0.9375
vt 0.375 0.9375
vt 0.3125 0.875
vt 0.375 0.875
vt 0.3125 0.9375
vt 0.375 0.9375
vt 0.3125 0.875
vt 0.375 0.875
vt 0.3125 0.9375
vt 0.4375 0.9375
vt 0.3125 0.875
vt 0.4375 0.875
vt 0.3125 0.9375
vt 0.4375 0.9375
vt 0.3125 0.875
vt 0.4375 0.875
vt 0.3125 0.9375
vt 0.4375 0.9375
vt 0.3125 0.875
vt 0.4375 0.875
vt 0.3125 0.9375
vt 0.4375 0.9375
vt 0.3125 0.875
vt 0.4375 0.875
vn 0.9999999999999999 0 0
vn 0.9999999999999999 0 0
vn 0.9999999999999999 0 0
vn 0.9999999999999999 0 0
vn -0.9999999999999999 0 0
vn -0.9999999999999999 0 0
vn -0.9999999999999999 0 0
vn -0.9999999999999999 0 0
vn 0 0.9999999999999999 0
vn 0 0.9999999999999999 0
vn 0 0.9999999999999999 0
vn 0 0.9999999999999999 0
vn 0 -0.9999999999999999 0
vn 0 -0.9999999999999999 0
vn 0 -0.9999999999999999 0
vn 0 -0.9999999999999999 0
vn 0 0 0.9999999999999999
vn 0 0 0.9999999999999999
vn 0 0 0.9999999999999999
vn 0 0 0.9999999999999999
vn 0 0 -0.9999999999999999
vn 0 0 -0.9999999999999999
vn 0 0 -0.9999999999999999
vn 0 0 -0.9999999999999999
f 3865/3865/3865 3867/3867/3867 3866/3866/3866
f 3867/3867/3867 3868/3868/3868 3866/3866/3866
f 3869/3869/3869 3871/3871/3871 3870/3870/3870
f 3871/3871/3871 3872/3872/3872 3870/3870/3870
f 3873/3873/3873 3875/3875/3875 3874/3874/3874
f 3875/3875/3875 3876/3876/3876 3874/3874/3874
f 3877/3877/3877 3879/3879/3879 3878/3878/3878
f 3879/3879/3879 3880/3880/3880 3878/3878/3878
f 3881/3881/3881 3883/3883/3883 3882/3882/3882
f 3883/3883/3883 3884/3884/3884 3882/3882/3882
f 3885/3885/3885 3887/3887/3887 3886/3886/3886
f 3887/3887/3887 3888/3888/3888 3886/3886/3886
o blade_44
usemtl heartwood_green
v 0.6281815618798137 2.4262656249999996 0.08454062189906836
v 0.6281815618798137 2.4262656249999996 -0.08454062189906836
v 0.6281815618798137 2.361234375 0.08454062189906836
v 0.6281815618798137 2.361234375 -0.08454062189906836
v 0.49681843812018633 2.4262656249999996 -0.08454062189906836
v 0.49681843812018633 2.4262656249999996 0.08454062189906836
v 0.49681843812018633 2.361234375 -0.08454062189906836
v 0.49681843812018633 2.361234375 0.08454062189906836
v 0.49681843812018633 2.4262656249999996 -0.08454062189906836
v 0.6281815618798137 2.4262656249999996 -0.08454062189906836
v 0.49681843812018633 2.4262656249999996 0.08454062189906836
v 0.6281815618798137 2.4262656249999996 0.08454062189906836
v 0.49681843812018633 2.361234375 0.08454062189906836
v 0.6281815618798137 2.361234375 0.08454062189906836
v 0.49681843812018633 2.361234375 -0.08454062189906836
v 0.6281815618798137 2.361234375 -0.08454062189906836
v 0.49681843812018633 2.4262656249999996 0.08454062189906836
v 0.6281815618798137 2.4262656249999996 0.08454062189906836
v 0.49681843812018633 2.361234375 0.08454062189906836
v 0.6281815618798137 2.361234375 0.08454062189906836
v 0.6281815618798137 2.4262656249999996 -0.08454062189906836
v 0.49681843812018633 2.4262656249999996 -0.08454062189906836
v 0.6281815618798137 2.361234375 -0.08454062189906836
v 0.49681843812018633 2.361234375 -0.08454062189906836
vt 0.9375 0.0625
vt 1.125 0.0625
vt 0.9375 0
vt 1.125 0
vt 0.9375 0.0625
vt 1.125 0.0625
vt 0.9375 0
vt 1.125 0
vt 0.9375 0.1875
vt 1.0625 0.1875
vt 0.9375 0
vt 1.0625 0
vt 0.9375 0.1875
vt 1.0625 0.1875
vt 0.9375 0
vt 1.0625 0
vt 0.9375 0.0625
vt 1.0625 0.0625
vt 0.9375 0
vt 1.0625 0
vt 0.9375 0.0625
vt 1.0625 0.0625
vt 0.9375 0
vt 1.0625 0
vn 1 0 0
vn 1 0 0
vn 1 0 0
vn 1 0 0
vn -1 0 0
vn -1 0 0
vn -1 0 0
vn -1 0 0
vn 0 1 0
vn 0 1 0
vn 0 1 0
vn 0 1 0
vn 0 -1 0
vn 0 -1 0
vn 0 -1 0
vn 0 -1 0
vn 0 0 1
vn 0 0 1
vn 0 0 1
vn 0 0 1
vn 0 0 -1
vn 0 0 -1
vn 0 0 -1
vn 0 0 -1
f 3889/3889/3889 3891/3891/3891 3890/3890/3890
f 3891/3891/3891 3892/3892/3892 3890/3890/3890
f 3893/3893/3893 3895/3895/3895 3894/3894/3894
f 3895/3895/3895 3896/3896/3896 3894/3894/3894
f 3897/3897/3897 3899/3899/3899 3898/3898/3898
f 3899/3899/3899 3900/3900/3900 3898/3898/3898
f 3901/3901/3901 3903/3903/3903 3902/3902/3902
f 3903/3903/3903 3904/3904/3904 3902/3902/3902
f 3905/3905/3905 3907/3907/3907 3906/3906/3906
f 3907/3907/3907 3908/3908/3908 3906/3906/3906
f 3909/3909/3909 3911/3911/3911 3910/3910/3910
f 3911/3911/3911 3912/3912/3912 3910/3910/3910
o blade_45
usemtl heartwood_green
v 0.7514771868959069 2.3766875 0.06334375
v 0.7514771868959069 2.3766875 -0.06334375
v 0.7514771868959069 2.1233125 0.06334375
v 0.7514771868959069 2.1233125 -0.06334375
v 0.6235228131040931 2.3766875 -0.06334375
v 0.6235228131040931 2.3766875 0.06334375
v 0.6235228131040931 2.1233125 -0.06334375
v 0.6235228131040931 2.1233125 0.06334375
v 0.6235228131040931 2.3766875 -0.06334375
v 0.7514771868959069 2.3766875 -0.06334375
v 0.6235228131040931 2.3766875 0.06334375
v 0.7514771868959069 2.3766875 0.06334375
v 0.6235228131040931 2.1233125 0.06334375
v 0.7514771868959069 2.1233125 0.06334375
v 0.6235228131040931 2.1233125 -0.06334375
v 0.7514771868959069 2.1233125 -0.06334375
v 0.6235228131040931 2.3766875 0.06334375
v 0.7514771868959069 2.3766875 0.06334375
v 0.6235228131040931 2.1233125 0.06334375
v 0.7514771868959069 2.1233125 0.06334375
v 0.7514771868959069 2.3766875 -0.06334375
v 0.6235228131040931 2.3766875 -0.06334375
v 0.7514771868959069 2.1233125 -0.06334375
v 0.6235228131040931 2.1233125 -0.06334375
vt 0.6875 0.25
vt 0.8125 0.25
vt 0.6875 0
vt 0.8125 0
vt 0.6875 0.25
vt 0.8125 0.25
vt 0.6875 0
vt 0.8125 0
vt 0.6875 0.125
vt 0.8125 0.125
vt 0.6875 0
vt 0.8125 0
vt 0.6875 0.125
vt 0.8125 0.125
vt 0.6875 0
vt 0.8125 0
vt 0.6875 0.25
vt 0.8125 0.25
vt 0.6875 0
vt 0.8125 0
vt 0.6875 0.25
vt 0.8125 0.25
vt 0.6875 0
vt 0.8125 0
vn 1 0 0
vn 1 0 0
vn 1 0 0
vn 1 0 0
vn -1 0 0
vn -1 0 0
vn -1 0 0
vn -1 0 0
vn 0 1 0
vn 0 1 0
vn 0 1 0
vn 0 1 0
vn 0 -1 0
vn 0 -1 0
vn 0 -1 0
vn 0 -1 0
vn 0 0 1
vn 0 0 1
vn 0 0 1
vn 0 0 1
vn 0 0 -1
vn 0 0 -1
vn 0 0 -1
vn 0 0 -1
f 3913/3913/3913 3915/3915/3915 3914/3914/3914
f 3915/3915/3915 3916/3916/3916 3914/3914/3914
f 3917/3917/3917 3919/3919/3919 3918/3918/3918
f 3919/3919/3919 3920/3920/3920 3918/3918/3918
f 3921/3921/3921 3923/3923/3923 3922/3922/3922
f 3923/3923/3923 3924/3924/3924 3922/3922/3922
f 3925/3925/3925 3927/3927/3927 3926/3926/3926
f 3927/3927/3927 3928/3928/3928 3926/3926/3926
f 3929/3929/3929 3931/3931/3931 3930/3930/3930
f 3931/3931/3931 3932/3932/3932 3930/3930/3930
f 3933/3933/3933 3935/3935/3935 3934/3934/3934
f 3935/3935/3935 3936/3936/3936 3934/3934/3934
o blade_46
usemtl thorn_edge
v 0.7534656243771315 2.1391875015571715 0.03592187577858567
v 0.7534656243771315 2.1391875015571715 -0.03592187577858567
v 0.7534656243771315 2.0608124984428287 0.03592187577858567
v 0.7534656243771315 2.0608124984428287 -0.03592187577858567
v 0.6215343756228685 2.1391875015571715 -0.03592187577858567
v 0.6215343756228685 2.1391875015571715 0.03592187577858567
v 0.6215343756228685 2.0608124984428287 -0.03592187577858567
v 0.6215343756228685 2.0608124984428287 0.03592187577858567
v 0.6215343756228685 2.1391875015571715 -0.03592187577858567
v 0.7534656243771315 2.1391875015571715 -0.03592187577858567
v 0.6215343756228685 2.1391875015571715 0.03592187577858567
v 0.7534656243771315 2.1391875015571715 0.03592187577858567
v 0.6215343756228685 2.0608124984428287 0.03592187577858567
v 0.7534656243771315 2.0608124984428287 0.03592187577858567
v 0.6215343756228685 2.0608124984428287 -0.03592187577858567
v 0.7534656243771315 2.0608124984428287 -0.03592187577858567
v 0.6215343756228685 2.1391875015571715 0.03592187577858567
v 0.7534656243771315 2.1391875015571715 0.03592187577858567
v 0.6215343756228685 2.0608124984428287 0.03592187577858567
v 0.7534656243771315 2.0608124984428287 0.03592187577858567
v 0.7534656243771315 2.1391875015571715 -0.03592187577858567
v 0.6215343756228685 2.1391875015571715 -0.03592187577858567
v 0.7534656243771315 2.0608124984428287 -0.03592187577858567
v 0.6215343756228685 2.0608124984428287 -0.03592187577858567
vt 0.3125 0.9375
vt 0.375 0.9375
vt 0.3125 0.875
vt 0.375 0.875
vt 0.3125 0.9375
vt 0.375 0.9375
vt 0.3125 0.875
vt 0.375 0.875
vt 0.3125 0.9375
vt 0.4375 0.9375
vt 0.3125 0.875
vt 0.4375 0.875
vt 0.3125 0.9375
vt 0.4375 0.9375
vt 0.3125 0.875
vt 0.4375 0.875
vt 0.3125 0.9375
vt 0.4375 0.9375
vt 0.3125 0.875
vt 0.4375 0.875
vt 0.3125 0.9375
vt 0.4375 0.9375
vt 0.3125 0.875
vt 0.4375 0.875
vn 1 0 0
vn 1 0 0
vn 1 0 0
vn 1 0 0
vn -1 0 0
vn -1 0 0
vn -1 0 0
vn -1 0 0
vn 0 1 0
vn 0 1 0
vn 0 1 0
vn 0 1 0
vn 0 -1 0
vn 0 -1 0
vn 0 -1 0
vn 0 -1 0
vn 0 0 1
vn 0 0 1
vn 0 0 1
vn 0 0 1
vn 0 0 -1
vn 0 0 -1
vn 0 0 -1
vn 0 0 -1
f 3937/3937/3937 3939/3939/3939 3938/3938/3938
f 3939/3939/3939 3940/3940/3940 3938/3938/3938
f 3941/3941/3941 3943/3943/3943 3942/3942/3942
f 3943/3943/3943 3944/3944/3944 3942/3942/3942
f 3945/3945/3945 3947/3947/3947 3946/3946/3946
f 3947/3947/3947 3948/3948/3948 3946/3946/3946
f 3949/3949/3949 3951/3951/3951 3950/3950/3950
f 3951/3951/3951 3952/3952/3952 3950/3950/3950
f 3953/3953/3953 3955/3955/3955 3954/3954/3954
f 3955/3955/3955 3956/3956/3956 3954/3954/3954
f 3957/3957/3957 3959/3959/3959 3958/3958/3958
f 3959/3959/3959 3960/3960/3960 3958/3958/3958
o blade_47
usemtl heartwood_green
v 0.7517612493932248 2.4255625 0.08271249696612358
v 0.7517612493932248 2.4255625 -0.08271249696612358
v 0.7517612493932248 2.3619375 0.08271249696612358
v 0.7517612493932248 2.3619375 -0.08271249696612358
v 0.6232387506067752 2.4255625 -0.08271249696612358
v 0.6232387506067752 2.4255625 0.08271249696612358
v 0.6232387506067752 2.3619375 -0.08271249696612358
v 0.6232387506067752 2.3619375 0.08271249696612358
v 0.6232387506067752 2.4255625 -0.08271249696612358
v 0.7517612493932248 2.4255625 -0.08271249696612358
v 0.6232387506067752 2.4255625 0.08271249696612358
v 0.7517612493932248 2.4255625 0.08271249696612358
v 0.6232387506067752 2.3619375 0.08271249696612358
v 0.7517612493932248 2.3619375 0.08271249696612358
v 0.6232387506067752 2.3619375 -0.08271249696612358
v 0.7517612493932248 2.3619375 -0.08271249696612358
v 0.6232387506067752 2.4255625 0.08271249696612358
v 0.7517612493932248 2.4255625 0.08271249696612358
v 0.6232387506067752 2.3619375 0.08271249696612358
v 0.7517612493932248 2.3619375 0.08271249696612358
v 0.7517612493932248 2.4255625 -0.08271249696612358
v 0.6232387506067752 2.4255625 -0.08271249696612358
v 0.7517612493932248 2.3619375 -0.08271249696612358
v 0.6232387506067752 2.3619375 -0.08271249696612358
vt 0.9375 0.0625
vt 1.125 0.0625
vt 0.9375 0
vt 1.125 0
vt 0.9375 0.0625
vt 1.125 0.0625
vt 0.9375 0
vt 1.125 0
vt 0.9375 0.1875
vt 1.0625 0.1875
vt 0.9375 0
vt 1.0625 0
vt 0.9375 0.1875
vt 1.0625 0.1875
vt 0.9375 0
vt 1.0625 0
vt 0.9375 0.0625
vt 1.0625 0.0625
vt 0.9375 0
vt 1.0625 0
vt 0.9375 0.0625
vt 1.0625 0.0625
vt 0.9375 0
vt 1.0625 0
vn 0.9999999999999999 0 0
vn 0.9999999999999999 0 0
vn 0.9999999999999999 0 0
vn 0.9999999999999999 0 0
vn -0.9999999999999999 0 0
vn -0.9999999999999999 0 0
vn -0.9999999999999999 0 0
vn -0.9999999999999999 0 0
vn 0 0.9999999999999999 0
vn 0 0.9999999999999999 0
vn 0 0.9999999999999999 0
vn 0 0.9999999999999999 0
vn 0 -0.9999999999999999 0
vn 0 -0.9999999999999999 0
vn 0 -0.9999999999999999 0
vn 0 -0.9999999999999999 0
vn 0 0 0.9999999999999999
vn 0 0 0.9999999999999999
vn 0 0 0.9999999999999999
vn 0 0 0.9999999999999999
vn 0 0 -0.9999999999999999
vn 0 0 -0.9999999999999999
vn 0 0 -0.9999999999999999
vn 0 0 -0.9999999999999999
f 3961/3961/3961 3963/3963/3963 3962/3962/3962
f 3963/3963/3963 3964/3964/3964 3962/3962/3962
f 3965/3965/3965 3967/3967/3967 3966/3966/3966
f 3967/3967/3967 3968/3968/3968 3966/3966/3966
f 3969/3969/3969 3971/3971/3971 3970/3970/3970
f 3971/3971/3971 3972/3972/3972 3970/3970/3970
f 3973/3973/3973 3975/3975/3975 3974/3974/3974
f 3975/3975/3975 3976/3976/3976 3974/3974/3974
f 3977/3977/3977 3979/3979/3979 3978/3978/3978
f 3979/3979/3979 3980/3980/3980 3978/3978/3978
f 3981/3981/3981 3983/3983/3983 3982/3982/3982
f 3983/3983/3983 3984/3984/3984 3982/3982/3982
o blade_48
usemtl thorn
v 0.7399750007819385 2.5479699985925106 0.04591562421806157
v 0.7399750007819385 2.5479699985925106 -0.04591562421806157
v 0.7399750007819385 2.422030001407489 0.04591562421806157
v 0.7399750007819385 2.422030001407489 -0.04591562421806157
v 0.6350249992180615 2.5479699985925106 -0.04591562421806157
v 0.6350249992180615 2.5479699985925106 0.04591562421806157
v 0.6350249992180615 2.422030001407489 -0.04591562421806157
v 0.6350249992180615 2.422030001407489 0.04591562421806157
v 0.6350249992180615 2.5479699985925106 -0.04591562421806157
v 0.7399750007819385 2.5479699985925106 -0.04591562421806157
v 0.6350249992180615 2.5479699985925106 0.04591562421806157
v 0.7399750007819385 2.5479699985925106 0.04591562421806157
v 0.6350249992180615 2.422030001407489 0.04591562421806157
v 0.7399750007819385 2.422030001407489 0.04591562421806157
v 0.6350249992180615 2.422030001407489 -0.04591562421806157
v 0.7399750007819385 2.422030001407489 -0.04591562421806157
v 0.6350249992180615 2.5479699985925106 0.04591562421806157
v 0.7399750007819385 2.5479699985925106 0.04591562421806157
v 0.6350249992180615 2.422030001407489 0.04591562421806157
v 0.7399750007819385 2.422030001407489 0.04591562421806157
v 0.7399750007819385 2.5479699985925106 -0.04591562421806157
v 0.6350249992180615 2.5479699985925106 -0.04591562421806157
v 0.7399750007819385 2.422030001407489 -0.04591562421806157
v 0.6350249992180615 2.422030001407489 -0.04591562421806157
vt 0.875 0.4375
vt 0.9375 0.4375
vt 0.875 0.3125
vt 0.9375 0.3125
vt 0.875 0.4375
vt 0.9375 0.4375
vt 0.875 0.3125
vt 0.9375 0.3125
vt 0.875 0.375
vt 1 0.375
vt 0.875 0.3125
vt 1 0.3125
vt 0.875 0.375
vt 1 0.375
vt 0.875 0.3125
vt 1 0.3125
vt 0.875 0.4375
vt 1 0.4375
vt 0.875 0.3125
vt 1 0.3125
vt 0.875 0.4375
vt 1 0.4375
vt 0.875 0.3125
vt 1 0.3125
vn 1 0 0
vn 1 0 0
vn 1 0 0
vn 1 0 0
vn -1 0 0
vn -1 0 0
vn -1 0 0
vn -1 0 0
vn 0 1 0
vn 0 1 0
vn 0 1 0
vn 0 1 0
vn 0 -1 0
vn 0 -1 0
vn 0 -1 0
vn 0 -1 0
vn 0 0 1
vn 0 0 1
vn 0 0 1
vn 0 0 1
vn 0 0 -1
vn 0 0 -1
vn 0 0 -1
vn 0 0 -1
f 3985/3985/3985 3987/3987/3987 3986/3986/3986
f 3987/3987/3987 3988/3988/3988 3986/3986/3986
f 3989/3989/3989 3991/3991/3991 3990/3990/3990
f 3991/3991/3991 3992/3992/3992 3990/3990/3990
f 3993/3993/3993 3995/3995/3995 3994/3994/3994
f 3995/3995/3995 3996/3996/3996 3994/3994/3994
f 3997/3997/3997 3999/3999/3999 3998/3998/3998
f 3999/3999/3999 4000/4000/4000 3998/3998/3998
f 4001/4001/4001 4003/4003/4003 4002/4002/4002
f 4003/4003/4003 4004/4004/4004 4002/4002/4002
f 4005/4005/4005 4007/4007/4007 4006/4006/4006
f 4007/4007/4007 4008/4008/4008 4006/4006/4006
o blade_49
usemtl thorn
v 0.6444531250000001 2.54567499931436 0.031953125
v 0.6444531250000001 2.54567499931436 -0.031953125
v 0.6444531250000001 2.484325000685639 0.031953125
v 0.6444531250000001 2.484325000685639 -0.031953125
v 0.580546875 2.54567499931436 -0.031953125
v 0.580546875 2.54567499931436 0.031953125
v 0.580546875 2.484325000685639 -0.031953125
v 0.580546875 2.484325000685639 0.031953125
v 0.580546875 2.54567499931436 -0.031953125
v 0.6444531250000001 2.54567499931436 -0.031953125
v 0.580546875 2.54567499931436 0.031953125
v 0.6444531250000001 2.54567499931436 0.031953125
v 0.580546875 2.484325000685639 0.031953125
v 0.6444531250000001 2.484325000685639 0.031953125
v 0.580546875 2.484325000685639 -0.031953125
v 0.6444531250000001 2.484325000685639 -0.031953125
v 0.580546875 2.54567499931436 0.031953125
v 0.6444531250000001 2.54567499931436 0.031953125
v 0.580546875 2.484325000685639 0.031953125
v 0.6444531250000001 2.484325000685639 0.031953125
v 0.6444531250000001 2.54567499931436 -0.031953125
v 0.580546875 2.54567499931436 -0.031953125
v 0.6444531250000001 2.484325000685639 -0.031953125
v 0.580546875 2.484325000685639 -0.031953125
vt 0.25 0.3125
vt 0.3125 0.3125
vt 0.25 0.25
vt 0.3125 0.25
vt 0.25 0.3125
vt 0.3125 0.3125
vt 0.25 0.25
vt 0.3125 0.25
vt 0.25 0.3125
vt 0.3125 0.3125
vt 0.25 0.25
vt 0.3125 0.25
vt 0.25 0.3125
vt 0.3125 0.3125
vt 0.25 0.25
vt 0.3125 0.25
vt 0.25 0.3125
vt 0.3125 0.3125
vt 0.25 0.25
vt 0.3125 0.25
vt 0.25 0.3125
vt 0.3125 0.3125
vt 0.25 0.25
vt 0.3125 0.25
vn 1 0 0
vn 1 0 0
vn 1 0 0
vn 1 0 0
vn -1 0 0
vn -1 0 0
vn -1 0 0
vn -1 0 0
vn 0 1 0
vn 0 1 0
vn 0 1 0
vn 0 1 0
vn 0 -1 0
vn 0 -1 0
vn 0 -1 0
vn 0 -1 0
vn 0 0 1
vn 0 0 1
vn 0 0 1
vn 0 0 1
vn 0 0 -1
vn 0 0 -1
vn 0 0 -1
vn 0 0 -1
f 4009/4009/4009 4011/4011/4011 4010/4010/4010
f 4011/4011/4011 4012/4012/4012 4010/4010/4010
f 4013/4013/4013 4015/4015/4015 4014/4014/4014
f 4015/4015/4015 4016/4016/4016 4014/4014/4014
f 4017/4017/4017 4019/4019/4019 4018/4018/4018
f 4019/4019/4019 4020/4020/4020 4018/4018/4018
f 4021/4021/4021 4023/4023/4023 4022/4022/4022
f 4023/4023/4023 4024/4024/4024 4022/4022/4022
f 4025/4025/4025 4027/4027/4027 4026/4026/4026
f 4027/4027/4027 4028/4028/4028 4026/4026/4026
f 4029/4029/4029 4031/4031/4031 4030/4030/4030
f 4031/4031/4031 4032/4032/4032 4030/4030/4030
o blade_50
usemtl leaf_blade
v 0.879033749371767 2.31925 0.065875
v 0.879033749371767 2.31925 -0.065875
v 0.879033749371767 2.05575 0.065875
v 0.879033749371767 2.05575 -0.065875
v 0.745966250628233 2.31925 -0.065875
v 0.745966250628233 2.31925 0.065875
v 0.745966250628233 2.05575 -0.065875
v 0.745966250628233 2.05575 0.065875
v 0.745966250628233 2.31925 -0.065875
v 0.879033749371767 2.31925 -0.065875
v 0.745966250628233 2.31925 0.065875
v 0.879033749371767 2.31925 0.065875
v 0.745966250628233 2.05575 0.065875
v 0.879033749371767 2.05575 0.065875
v 0.745966250628233 2.05575 -0.065875
v 0.879033749371767 2.05575 -0.065875
v 0.745966250628233 2.31925 0.065875
v 0.879033749371767 2.31925 0.065875
v 0.745966250628233 2.05575 0.065875
v 0.879033749371767 2.05575 0.065875
v 0.879033749371767 2.31925 -0.065875
v 0.745966250628233 2.31925 -0.065875
v 0.879033749371767 2.05575 -0.065875
v 0.745966250628233 2.05575 -0.065875
vt 0.6875 0.25
vt 0.8125 0.25
vt 0.6875 0
vt 0.8125 0
vt 0.6875 0.25
vt 0.8125 0.25
vt 0.6875 0
vt 0.8125 0
vt 0.6875 0.125
vt 0.8125 0.125
vt 0.6875 0
vt 0.8125 0
vt 0.6875 0.125
vt 0.8125 0.125
vt 0.6875 0
vt 0.8125 0
vt 0.6875 0.25
vt 0.8125 0.25
vt 0.6875 0
vt 0.8125 0
vt 0.6875 0.25
vt 0.8125 0.25
vt 0.6875 0
vt 0.8125 0
vn 1 0 0
vn 1 0 0
vn 1 0 0
vn 1 0 0
vn -1 0 0
vn -1 0 0
vn -1 0 0
vn -1 0 0
vn 0 1 0
vn 0 1 0
vn 0 1 0
vn 0 1 0
vn 0 -1 0
vn 0 -1 0
vn 0 -1 0
vn 0 -1 0
vn 0 0 1
vn 0 0 1
vn 0 0 1
vn 0 0 1
vn 0 0 -1
vn 0 0 -1
vn 0 0 -1
vn 0 0 -1
f 4033/4033/4033 4035/4035/4035 4034/4034/4034
f 4035/4035/4035 4036/4036/4036 4034/4034/4034
f 4037/4037/4037 4039/4039/4039 4038/4038/4038
f 4039/4039/4039 4040/4040/4040 4038/4038/4038
f 4041/4041/4041 4043/4043/4043 4042/4042/4042
f 4043/4043/4043 4044/4044/4044 4042/4042/4042
f 4045/4045/4045 4047/4047/4047 4046/4046/4046
f 4047/4047/4047 4048/4048/4048 4046/4046/4046
f 4049/4049/4049 4051/4051/4051 4050/4050/4050
f 4051/4051/4051 4052/4052/4052 4050/4050/4050
f 4053/4053/4053 4055/4055/4055 4054/4054/4054
f 4055/4055/4055 4056/4056/4056 4054/4054/4054
o blade_51
usemtl thorn_edge
v 0.8773293743878603 2.076012501530349 0.03530312576517462
v 0.8773293743878603 2.076012501530349 -0.03530312576517462
v 0.8773293743878603 1.9989874984696507 0.03530312576517462
v 0.8773293743878603 1.9989874984696507 -0.03530312576517462
v 0.7476706256121397 2.076012501530349 -0.03530312576517462
v 0.7476706256121397 2.076012501530349 0.03530312576517462
v 0.7476706256121397 1.9989874984696507 -0.03530312576517462
v 0.7476706256121397 1.9989874984696507 0.03530312576517462
v 0.7476706256121397 2.076012501530349 -0.03530312576517462
v 0.8773293743878603 2.076012501530349 -0.03530312576517462
v 0.7476706256121397 2.076012501530349 0.03530312576517462
v 0.8773293743878603 2.076012501530349 0.03530312576517462
v 0.7476706256121397 1.9989874984696507 0.03530312576517462
v 0.8773293743878603 1.9989874984696507 0.03530312576517462
v 0.7476706256121397 1.9989874984696507 -0.03530312576517462
v 0.8773293743878603 1.9989874984696507 -0.03530312576517462
v 0.7476706256121397 2.076012501530349 0.03530312576517462
v 0.8773293743878603 2.076012501530349 0.03530312576517462
v 0.7476706256121397 1.9989874984696507 0.03530312576517462
v 0.8773293743878603 1.9989874984696507 0.03530312576517462
v 0.8773293743878603 2.076012501530349 -0.03530312576517462
v 0.7476706256121397 2.076012501530349 -0.03530312576517462
v 0.8773293743878603 1.9989874984696507 -0.03530312576517462
v 0.7476706256121397 1.9989874984696507 -0.03530312576517462
vt 0.3125 0.9375
vt 0.375 0.9375
vt 0.3125 0.875
vt 0.375 0.875
vt 0.3125 0.9375
vt 0.375 0.9375
vt 0.3125 0.875
vt 0.375 0.875
vt 0.3125 0.9375
vt 0.4375 0.9375
vt 0.3125 0.875
vt 0.4375 0.875
vt 0.3125 0.9375
vt 0.4375 0.9375
vt 0.3125 0.875
vt 0.4375 0.875
vt 0.3125 0.9375
vt 0.4375 0.9375
vt 0.3125 0.875
vt 0.4375 0.875
vt 0.3125 0.9375
vt 0.4375 0.9375
vt 0.3125 0.875
vt 0.4375 0.875
vn 1 0 0
vn 1 0 0
vn 1 0 0
vn 1 0 0
vn -1 0 0
vn -1 0 0
vn -1 0 0
vn -1 0 0
vn 0 1 0
vn 0 1 0
vn 0 1 0
vn 0 1 0
vn 0 -1 0
vn 0 -1 0
vn 0 -1 0
vn 0 -1 0
vn 0 0 1
vn 0 0 1
vn 0 0 1
vn 0 0 1
vn 0 0 -1
vn 0 0 -1
vn 0 0 -1
vn 0 0 -1
f 4057/4057/4057 4059/4059/4059 4058/4058/4058
f 4059/4059/4059 4060/4060/4060 4058/4058/4058
f 4061/4061/4061 4063/4063/4063 4062/4062/4062
f 4063/4063/4063 4064/4064/4064 4062/4062/4062
f 4065/4065/4065 4067/4067/4067 4066/4066/4066
f 4067/4067/4067 4068/4068/4068 4066/4066/4066
f 4069/4069/4069 4071/4071/4071 4070/4070/4070
f 4071/4071/4071 4072/4072/4072 4070/4070/4070
f 4073/4073/4073 4075/4075/4075 4074/4074/4074
f 4075/4075/4075 4076/4076/4076 4074/4074/4074
f 4077/4077/4077 4079/4079/4079 4078/4078/4078
f 4079/4079/4079 4080/4080/4080 4078/4078/4078
o blade_52
usemtl heartwood_green
v 0.8756249994039536 2.3625 0.08124999701976776
v 0.8756249994039536 2.3625 -0.08124999701976776
v 0.8756249994039536 2.3 0.08124999701976776
v 0.8756249994039536 2.3 -0.08124999701976776
v 0.7493750005960464 2.3625 -0.08124999701976776
v 0.7493750005960464 2.3625 0.08124999701976776
v 0.7493750005960464 2.3 -0.08124999701976776
v 0.7493750005960464 2.3 0.08124999701976776
v 0.7493750005960464 2.3625 -0.08124999701976776
v 0.8756249994039536 2.3625 -0.08124999701976776
v 0.7493750005960464 2.3625 0.08124999701976776
v 0.8756249994039536 2.3625 0.08124999701976776
v 0.7493750005960464 2.3 0.08124999701976776
v 0.8756249994039536 2.3 0.08124999701976776
v 0.7493750005960464 2.3 -0.08124999701976776
v 0.8756249994039536 2.3 -0.08124999701976776
v 0.7493750005960464 2.3625 0.08124999701976776
v 0.8756249994039536 2.3625 0.08124999701976776
v 0.7493750005960464 2.3 0.08124999701976776
v 0.8756249994039536 2.3 0.08124999701976776
v 0.8756249994039536 2.3625 -0.08124999701976776
v 0.7493750005960464 2.3625 -0.08124999701976776
v 0.8756249994039536 2.3 -0.08124999701976776
v 0.7493750005960464 2.3 -0.08124999701976776
vt 0.9375 0.0625
vt 1.125 0.0625
vt 0.9375 0
vt 1.125 0
vt 0.9375 0.0625
vt 1.125 0.0625
vt 0.9375 0
vt 1.125 0
vt 0.9375 0.1875
vt 1.0625 0.1875
vt 0.9375 0
vt 1.0625 0
vt 0.9375 0.1875
vt 1.0625 0.1875
vt 0.9375 0
vt 1.0625 0
vt 0.9375 0.0625
vt 1.0625 0.0625
vt 0.9375 0
vt 1.0625 0
vt 0.9375 0.0625
vt 1.0625 0.0625
vt 0.9375 0
vt 1.0625 0
vn 1 0 0
vn 1 0 0
vn 1 0 0
vn 1 0 0
vn -1 0 0
vn -1 0 0
vn -1 0 0
vn -1 0 0
vn 0 1 0
vn 0 1 0
vn 0 1 0
vn 0 1 0
vn 0 -1 0
vn 0 -1 0
vn 0 -1 0
vn 0 -1 0
vn 0 0 1
vn 0 0 1
vn 0 0 1
vn 0 0 1
vn 0 0 -1
vn 0 0 -1
vn 0 0 -1
vn 0 0 -1
f 4081/4081/4081 4083/4083/4083 4082/4082/4082
f 4083/4083/4083 4084/4084/4084 4082/4082/4082
f 4085/4085/4085 4087/4087/4087 4086/4086/4086
f 4087/4087/4087 4088/4088/4088 4086/4086/4086
f 4089/4089/4089 4091/4091/4091 4090/4090/4090
f 4091/4091/4091 4092/4092/4092 4090/4090/4090
f 4093/4093/4093 4095/4095/4095 4094/4094/4094
f 4095/4095/4095 4096/4096/4096 4094/4094/4094
f 4097/4097/4097 4099/4099/4099 4098/4098/4098
f 4099/4099/4099 4100/4100/4100 4098/4098/4098
f 4101/4101/4101 4103/4103/4103 4102/4102/4102
f 4103/4103/4103 4104/4104/4104 4102/4102/4102
o blade_53
usemtl leaf_blade
v 1.002613436885178 2.315453125 0.06446875
v 1.002613436885178 2.315453125 -0.06446875
v 1.002613436885178 2.122046875 0.06446875
v 1.002613436885178 2.122046875 -0.06446875
v 0.8723865631148219 2.315453125 -0.06446875
v 0.8723865631148219 2.315453125 0.06446875
v 0.8723865631148219 2.122046875 -0.06446875
v 0.8723865631148219 2.122046875 0.06446875
v 0.8723865631148219 2.315453125 -0.06446875
v 1.002613436885178 2.315453125 -0.06446875
v 0.8723865631148219 2.315453125 0.06446875
v 1.002613436885178 2.315453125 0.06446875
v 0.8723865631148219 2.122046875 0.06446875
v 1.002613436885178 2.122046875 0.06446875
v 0.8723865631148219 2.122046875 -0.06446875
v 1.002613436885178 2.122046875 -0.06446875
v 0.8723865631148219 2.315453125 0.06446875
v 1.002613436885178 2.315453125 0.06446875
v 0.8723865631148219 2.122046875 0.06446875
v 1.002613436885178 2.122046875 0.06446875
v 1.002613436885178 2.315453125 -0.06446875
v 0.8723865631148219 2.315453125 -0.06446875
v 1.002613436885178 2.122046875 -0.06446875
v 0.8723865631148219 2.122046875 -0.06446875
vt 0.6875 0.375
vt 0.8125 0.375
vt 0.6875 0.1875
vt 0.8125 0.1875
vt 0.6875 0.375
vt 0.8125 0.375
vt 0.6875 0.1875
vt 0.8125 0.1875
vt 0.6875 0.3125
vt 0.8125 0.3125
vt 0.6875 0.1875
vt 0.8125 0.1875
vt 0.6875 0.3125
vt 0.8125 0.3125
vt 0.6875 0.1875
vt 0.8125 0.1875
vt 0.6875 0.375
vt 0.8125 0.375
vt 0.6875 0.1875
vt 0.8125 0.1875
vt 0.6875 0.375
vt 0.8125 0.375
vt 0.6875 0.1875
vt 0.8125 0.1875
vn 1 0 0
vn 1 0 0
vn 1 0 0
vn 1 0 0
vn -1 0 0
vn -1 0 0
vn -1 0 0
vn -1 0 0
vn 0 1 0
vn 0 1 0
vn 0 1 0
vn 0 1 0
vn 0 -1 0
vn 0 -1 0
vn 0 -1 0
vn 0 -1 0
vn 0 0 1
vn 0 0 1
vn 0 0 1
vn 0 0 1
vn 0 0 -1
vn 0 0 -1
vn 0 0 -1
vn 0 0 -1
f 4105/4105/4105 4107/4107/4107 4106/4106/4106
f 4107/4107/4107 4108/4108/4108 4106/4106/4106
f 4109/4109/4109 4111/4111/4111 4110/4110/4110
f 4111/4111/4111 4112/4112/4112 4110/4110/4110
f 4113/4113/4113 4115/4115/4115 4114/4114/4114
f 4115/4115/4115 4116/4116/4116 4114/4114/4114
f 4117/4117/4117 4119/4119/4119 4118/4118/4118
f 4119/4119/4119 4120/4120/4120 4118/4118/4118
f 4121/4121/4121 4123/4123/4123 4122/4122/4122
f 4123/4123/4123 4124/4124/4124 4122/4122/4122
f 4125/4125/4125 4127/4127/4127 4126/4126/4126
f 4127/4127/4127 4128/4128/4128 4126/4126/4126
o blade_54
usemtl thorn_edge
v 1.0009090619012713 2.137668751496822 0.03452968824841082
v 1.0009090619012713 2.137668751496822 -0.03452968824841082
v 1.0009090619012713 2.0623312485031784 0.03452968824841082
v 1.0009090619012713 2.0623312485031784 -0.03452968824841082
v 0.8740909380987286 2.137668751496822 -0.03452968824841082
v 0.8740909380987286 2.137668751496822 0.03452968824841082
v 0.8740909380987286 2.0623312485031784 -0.03452968824841082
v 0.8740909380987286 2.0623312485031784 0.03452968824841082
v 0.8740909380987286 2.137668751496822 -0.03452968824841082
v 1.0009090619012713 2.137668751496822 -0.03452968824841082
v 0.8740909380987286 2.137668751496822 0.03452968824841082
v 1.0009090619012713 2.137668751496822 0.03452968824841082
v 0.8740909380987286 2.0623312485031784 0.03452968824841082
v 1.0009090619012713 2.0623312485031784 0.03452968824841082
v 0.8740909380987286 2.0623312485031784 -0.03452968824841082
v 1.0009090619012713 2.0623312485031784 -0.03452968824841082
v 0.8740909380987286 2.137668751496822 0.03452968824841082
v 1.0009090619012713 2.137668751496822 0.03452968824841082
v 0.8740909380987286 2.0623312485031784 0.03452968824841082
v 1.0009090619012713 2.0623312485031784 0.03452968824841082
v 1.0009090619012713 2.137668751496822 -0.03452968824841082
v 0.8740909380987286 2.137668751496822 -0.03452968824841082
v 1.0009090619012713 2.0623312485031784 -0.03452968824841082
v 0.8740909380987286 2.0623312485031784 -0.03452968824841082
vt 0.3125 0.9375
vt 0.375 0.9375
vt 0.3125 0.875
vt 0.375 0.875
vt 0.3125 0.9375
vt 0.375 0.9375
vt 0.3125 0.875
vt 0.375 0.875
vt 0.3125 0.9375
vt 0.4375 0.9375
vt 0.3125 0.875
vt 0.4375 0.875
vt 0.3125 0.9375
vt 0.4375 0.9375
vt 0.3125 0.875
vt 0.4375 0.875
vt 0.3125 0.9375
vt 0.4375 0.9375
vt 0.3125 0.875
vt 0.4375 0.875
vt 0.3125 0.9375
vt 0.4375 0.9375
vt 0.3125 0.875
vt 0.4375 0.875
vn 1 0 0
vn 1 0 0
vn 1 0 0
vn 1 0 0
vn -1 0 0
vn -1 0 0
vn -1 0 0
vn -1 0 0
vn 0 1 0
vn 0 1 0
vn 0 1 0
vn 0 1 0
vn 0 -1 0
vn 0 -1 0
vn 0 -1 0
vn 0 -1 0
vn 0 0 1
vn 0 0 1
vn 0 0 1
vn 0 0 1
vn 0 0 -1
vn 0 0 -1
vn 0 0 -1
vn 0 0 -1
f 4129/4129/4129 4131/4131/4131 4130/4130/4130
f 4131/4131/4131 4132/4132/4132 4130/4130/4130
f 4133/4133/4133 4135/4135/4135 4134/4134/4134
f 4135/4135/4135 4136/4136/4136 4134/4134/4134
f 4137/4137/4137 4139/4139/4139 4138/4138/4138
f 4139/4139/4139 4140/4140/4140 4138/4138/4138
f 4141/4141/4141 4143/4143/4143 4142/4142/4142
f 4143/4143/4143 4144/4144/4144 4142/4142/4142
f 4145/4145/4145 4147/4147/4147 4146/4146/4146
f 4147/4147/4147 4148/4148/4148 4146/4146/4146
f 4149/4149/4149 4151/4151/4151 4150/4150/4150
f 4151/4151/4151 4152/4152/4152 4150/4150/4150
o blade_55
usemtl heartwood_green
v 1.002897499382496 2.363625 0.0841749969124794
v 1.002897499382496 2.363625 -0.0841749969124794
v 1.002897499382496 2.298875 0.0841749969124794
v 1.002897499382496 2.298875 -0.0841749969124794
v 0.8721025006175042 2.363625 -0.0841749969124794
v 0.8721025006175042 2.363625 0.0841749969124794
v 0.8721025006175042 2.298875 -0.0841749969124794
v 0.8721025006175042 2.298875 0.0841749969124794
v 0.8721025006175042 2.363625 -0.0841749969124794
v 1.002897499382496 2.363625 -0.0841749969124794
v 0.8721025006175042 2.363625 0.0841749969124794
v 1.002897499382496 2.363625 0.0841749969124794
v 0.8721025006175042 2.298875 0.0841749969124794
v 1.002897499382496 2.298875 0.0841749969124794
v 0.8721025006175042 2.298875 -0.0841749969124794
v 1.002897499382496 2.298875 -0.0841749969124794
v 0.8721025006175042 2.363625 0.0841749969124794
v 1.002897499382496 2.363625 0.0841749969124794
v 0.8721025006175042 2.298875 0.0841749969124794
v 1.002897499382496 2.298875 0.0841749969124794
v 1.002897499382496 2.363625 -0.0841749969124794
v 0.8721025006175042 2.363625 -0.0841749969124794
v 1.002897499382496 2.298875 -0.0841749969124794
v 0.8721025006175042 2.298875 -0.0841749969124794
vt 0.9375 0.0625
vt 1.125 0.0625
vt 0.9375 0
vt 1.125 0
vt 0.9375 0.0625
vt 1.125 0.0625
vt 0.9375 0
vt 1.125 0
vt 0.9375 0.1875
vt 1.0625 0.1875
vt 0.9375 0
vt 1.0625 0
vt 0.9375 0.1875
vt 1.0625 0.1875
vt 0.9375 0
vt 1.0625 0
vt 0.9375 0.0625
vt 1.0625 0.0625
vt 0.9375 0
vt 1.0625 0
vt 0.9375 0.0625
vt 1.0625 0.0625
vt 0.9375 0
vt 1.0625 0
vn 1 0 0
vn 1 0 0
vn 1 0 0
vn 1 0 0
vn -1 0 0
vn -1 0 0
vn -1 0 0
vn -1 0 0
vn 0 1 0
vn 0 1 0
vn 0 1 0
vn 0 1 0
vn 0 -1 0
vn 0 -1 0
vn 0 -1 0
vn 0 -1 0
vn 0 0 1
vn 0 0 1
vn 0 0 1
vn 0 0 1
vn 0 0 -1
vn 0 0 -1
vn 0 0 -1
vn 0 0 -1
f 4153/4153/4153 4155/4155/4155 4154/4154/4154
f 4155/4155/4155 4156/4156/4156 4154/4154/4154
f 4157/4157/4157 4159/4159/4159 4158/4158/4158
f 4159/4159/4159 4160/4160/4160 4158/4158/4158
f 4161/4161/4161 4163/4163/4163 4162/4162/4162
f 4163/4163/4163 4164/4164/4164 4162/4162/4162
f 4165/4165/4165 4167/4167/4167 4166/4166/4166
f 4167/4167/4167 4168/4168/4168 4166/4166/4166
f 4169/4169/4169 4171/4171/4171 4170/4170/4170
f 4171/4171/4171 4172/4172/4172 4170/4170/4170
f 4173/4173/4173 4175/4175/4175 4174/4174/4174
f 4175/4175/4175 4176/4176/4176 4174/4174/4174
o blade_56
usemtl leaf_blade
v 1.1261931243985892 2.31334375 0.0630625
v 1.1261931243985892 2.31334375 -0.0630625
v 1.1261931243985892 2.12415625 0.0630625
v 1.1261931243985892 2.12415625 -0.0630625
v 0.9988068756014109 2.31334375 -0.0630625
v 0.9988068756014109 2.31334375 0.0630625
v 0.9988068756014109 2.12415625 -0.0630625
v 0.9988068756014109 2.12415625 0.0630625
v 0.9988068756014109 2.31334375 -0.0630625
v 1.1261931243985892 2.31334375 -0.0630625
v 0.9988068756014109 2.31334375 0.0630625
v 1.1261931243985892 2.31334375 0.0630625
v 0.9988068756014109 2.12415625 0.0630625
v 1.1261931243985892 2.12415625 0.0630625
v 0.9988068756014109 2.12415625 -0.0630625
v 1.1261931243985892 2.12415625 -0.0630625
v 0.9988068756014109 2.31334375 0.0630625
v 1.1261931243985892 2.31334375 0.0630625
v 0.9988068756014109 2.12415625 0.0630625
v 1.1261931243985892 2.12415625 0.0630625
v 1.1261931243985892 2.31334375 -0.0630625
v 0.9988068756014109 2.31334375 -0.0630625
v 1.1261931243985892 2.12415625 -0.0630625
v 0.9988068756014109 2.12415625 -0.0630625
vt 0.6875 0.375
vt 0.8125 0.375
vt 0.6875 0.1875
vt 0.8125 0.1875
vt 0.6875 0.375
vt 0.8125 0.375
vt 0.6875 0.1875
vt 0.8125 0.1875
vt 0.6875 0.3125
vt 0.8125 0.3125
vt 0.6875 0.1875
vt 0.8125 0.1875
vt 0.6875 0.3125
vt 0.8125 0.3125
vt 0.6875 0.1875
vt 0.8125 0.1875
vt 0.6875 0.375
vt 0.8125 0.375
vt 0.6875 0.1875
vt 0.8125 0.1875
vt 0.6875 0.375
vt 0.8125 0.375
vt 0.6875 0.1875
vt 0.8125 0.1875
vn 0.9999999999999999 0 0
vn 0.9999999999999999 0 0
vn 0.9999999999999999 0 0
vn 0.9999999999999999 0 0
vn -0.9999999999999999 0 0
vn -0.9999999999999999 0 0
vn -0.9999999999999999 0 0
vn -0.9999999999999999 0 0
vn 0 0.9999999999999999 0
vn 0 0.9999999999999999 0
vn 0 0.9999999999999999 0
vn 0 0.9999999999999999 0
vn 0 -0.9999999999999999 0
vn 0 -0.9999999999999999 0
vn 0 -0.9999999999999999 0
vn 0 -0.9999999999999999 0
vn 0 0 0.9999999999999999
vn 0 0 0.9999999999999999
vn 0 0 0.9999999999999999
vn 0 0 0.9999999999999999
vn 0 0 -0.9999999999999999
vn 0 0 -0.9999999999999999
vn 0 0 -0.9999999999999999
vn 0 0 -0.9999999999999999
f 4177/4177/4177 4179/4179/4179 4178/4178/4178
f 4179/4179/4179 4180/4180/4180 4178/4178/4178
f 4181/4181/4181 4183/4183/4183 4182/4182/4182
f 4183/4183/4183 4184/4184/4184 4182/4182/4182
f 4185/4185/4185 4187/4187/4187 4186/4186/4186
f 4187/4187/4187 4188/4188/4188 4186/4186/4186
f 4189/4189/4189 4191/4191/4191 4190/4190/4190
f 4191/4191/4191 4192/4192/4192 4190/4190/4190
f 4193/4193/4193 4195/4195/4195 4194/4194/4194
f 4195/4195/4195 4196/4196/4196 4194/4194/4194
f 4197/4197/4197 4199/4199/4199 4198/4198/4198
f 4199/4199/4199 4200/4200/4200 4198/4198/4198
o blade_57
usemtl thorn_edge
v 1.1281815618798137 2.139018751550466 0.03576718827523291
v 1.1281815618798137 2.139018751550466 -0.03576718827523291
v 1.1281815618798137 2.0609812484495342 0.03576718827523291
v 1.1281815618798137 2.0609812484495342 -0.03576718827523291
v 0.9968184381201863 2.139018751550466 -0.03576718827523291
v 0.9968184381201863 2.139018751550466 0.03576718827523291
v 0.9968184381201863 2.0609812484495342 -0.03576718827523291
v 0.9968184381201863 2.0609812484495342 0.03576718827523291
v 0.9968184381201863 2.139018751550466 -0.03576718827523291
v 1.1281815618798137 2.139018751550466 -0.03576718827523291
v 0.9968184381201863 2.139018751550466 0.03576718827523291
v 1.1281815618798137 2.139018751550466 0.03576718827523291
v 0.9968184381201863 2.0609812484495342 0.03576718827523291
v 1.1281815618798137 2.0609812484495342 0.03576718827523291
v 0.9968184381201863 2.0609812484495342 -0.03576718827523291
v 1.1281815618798137 2.0609812484495342 -0.03576718827523291
v 0.9968184381201863 2.139018751550466 0.03576718827523291
v 1.1281815618798137 2.139018751550466 0.03576718827523291
v 0.9968184381201863 2.0609812484495342 0.03576718827523291
v 1.1281815618798137 2.0609812484495342 0.03576718827523291
v 1.1281815618798137 2.139018751550466 -0.03576718827523291
v 0.9968184381201863 2.139018751550466 -0.03576718827523291
v 1.1281815618798137 2.0609812484495342 -0.03576718827523291
v 0.9968184381201863 2.0609812484495342 -0.03576718827523291
vt 0.3125 0.9375
vt 0.375 0.9375
vt 0.3125 0.875
vt 0.375 0.875
vt 0.3125 0.9375
vt 0.375 0.9375
vt 0.3125 0.875
vt 0.375 0.875
vt 0.3125 0.9375
vt 0.4375 0.9375
vt 0.3125 0.875
vt 0.4375 0.875
vt 0.3125 0.9375
vt 0.4375 0.9375
vt 0.3125 0.875
vt 0.4375 0.875
vt 0.3125 0.9375
vt 0.4375 0.9375
vt 0.3125 0.875
vt 0.4375 0.875
vt 0.3125 0.9375
vt 0.4375 0.9375
vt 0.3125 0.875
vt 0.4375 0.875
vn 1 0 0
vn 1 0 0
vn 1 0 0
vn 1 0 0
vn -1 0 0
vn -1 0 0
vn -1 0 0
vn -1 0 0
vn 0 1 0
vn 0 1 0
vn 0 1 0
vn 0 1 0
vn 0 -1 0
vn 0 -1 0
vn 0 -1 0
vn 0 -1 0
vn 0 0 1
vn 0 0 1
vn 0 0 1
vn 0 0 1
vn 0 0 -1
vn 0 0 -1
vn 0 0 -1
vn 0 0 -1
f 4201/4201/4201 4203/4203/4203 4202/4202/4202
f 4203/4203/4203 4204/4204/4204 4202/4202/4202
f 4205/4205/4205 4207/4207/4207 4206/4206/4206
f 4207/4207/4207 4208/4208/4208 4206/4206/4206
f 4209/4209/4209 4211/4211/4211 4210/4210/4210
f 4211/4211/4211 4212/4212/4212 4210/4210/4210
f 4213/4213/4213 4215/4215/4215 4214/4214/4214
f 4215/4215/4215 4216/4216/4216 4214/4214/4214
f 4217/4217/4217 4219/4219/4219 4218/4218/4218
f 4219/4219/4219 4220/4220/4220 4218/4218/4218
f 4221/4221/4221 4223/4223/4223 4222/4222/4222
f 4223/4223/4223 4224/4224/4224 4222/4222/4222
o blade_58
usemtl heartwood_green
v 1.126477186895907 2.3629218749999996 0.08234687197953464
v 1.126477186895907 2.3629218749999996 -0.08234687197953464
v 1.126477186895907 2.299578125 0.08234687197953464
v 1.126477186895907 2.299578125 -0.08234687197953464
v 0.9985228131040931 2.3629218749999996 -0.08234687197953464
v 0.9985228131040931 2.3629218749999996 0.08234687197953464
v 0.9985228131040931 2.299578125 -0.08234687197953464
v 0.9985228131040931 2.299578125 0.08234687197953464
v 0.9985228131040931 2.3629218749999996 -0.08234687197953464
v 1.126477186895907 2.3629218749999996 -0.08234687197953464
v 0.9985228131040931 2.3629218749999996 0.08234687197953464
v 1.126477186895907 2.3629218749999996 0.08234687197953464
v 0.9985228131040931 2.299578125 0.08234687197953464
v 1.126477186895907 2.299578125 0.08234687197953464
v 0.9985228131040931 2.299578125 -0.08234687197953464
v 1.126477186895907 2.299578125 -0.08234687197953464
v 0.9985228131040931 2.3629218749999996 0.08234687197953464
v 1.126477186895907 2.3629218749999996 0.08234687197953464
v 0.9985228131040931 2.299578125 0.08234687197953464
v 1.126477186895907 2.299578125 0.08234687197953464
v 1.126477186895907 2.3629218749999996 -0.08234687197953464
v 0.9985228131040931 2.3629218749999996 -0.08234687197953464
v 1.126477186895907 2.299578125 -0.08234687197953464
v 0.9985228131040931 2.299578125 -0.08234687197953464
vt 0.9375 0.0625
vt 1.125 0.0625
vt 0.9375 0
vt 1.125 0
vt 0.9375 0.0625
vt 1.125 0.0625
vt 0.9375 0
vt 1.125 0
vt 0.9375 0.1875
vt 1.0625 0.1875
vt 0.9375 0
vt 1.0625 0
vt 0.9375 0.1875
vt 1.0625 0.1875
vt 0.9375 0
vt 1.0625 0
vt 0.9375 0.0625
vt 1.0625 0.0625
vt 0.9375 0
vt 1.0625 0
vt 0.9375 0.0625
vt 1.0625 0.0625
vt 0.9375 0
vt 1.0625 0
vn 1 0 0
vn 1 0 0
vn 1 0 0
vn 1 0 0
vn -1 0 0
vn -1 0 0
vn -1 0 0
vn -1 0 0
vn 0 1 0
vn 0 1 0
vn 0 1 0
vn 0 1 0
vn 0 -1 0
vn 0 -1 0
vn 0 -1 0
vn 0 -1 0
vn 0 0 1
vn 0 0 1
vn 0 0 1
vn 0 0 1
vn 0 0 -1
vn 0 0 -1
vn 0 0 -1
vn 0 0 -1
f 4225/4225/4225 4227/4227/4227 4226/4226/4226
f 4227/4227/4227 4228/4228/4228 4226/4226/4226
f 4229/4229/4229 4231/4231/4231 4230/4230/4230
f 4231/4231/4231 4232/4232/4232 4230/4230/4230
f 4233/4233/4233 4235/4235/4235 4234/4234/4234
f 4235/4235/4235 4236/4236/4236 4234/4234/4234
f 4237/4237/4237 4239/4239/4239 4238/4238/4238
f 4239/4239/4239 4240/4240/4240 4238/4238/4238
f 4241/4241/4241 4243/4243/4243 4242/4242/4242
f 4243/4243/4243 4244/4244/4244 4242/4242/4242
f 4245/4245/4245 4247/4247/4247 4246/4246/4246
f 4247/4247/4247 4248/4248/4248 4246/4246/4246
o blade_59
usemtl leaf_blade
v 1.2534656243771314 2.31671875 0.0653125
v 1.2534656243771314 2.31671875 -0.0653125
v 1.2534656243771314 2.12078125 0.0653125
v 1.2534656243771314 2.12078125 -0.0653125
v 1.1215343756228686 2.31671875 -0.0653125
v 1.1215343756228686 2.31671875 0.0653125
v 1.1215343756228686 2.12078125 -0.0653125
v 1.1215343756228686 2.12078125 0.0653125
v 1.1215343756228686 2.31671875 -0.0653125
v 1.2534656243771314 2.31671875 -0.0653125
v 1.1215343756228686 2.31671875 0.0653125
v 1.2534656243771314 2.31671875 0.0653125
v 1.1215343756228686 2.12078125 0.0653125
v 1.2534656243771314 2.12078125 0.0653125
v 1.1215343756228686 2.12078125 -0.0653125
v 1.2534656243771314 2.12078125 -0.0653125
v 1.1215343756228686 2.31671875 0.0653125
v 1.2534656243771314 2.31671875 0.0653125
v 1.1215343756228686 2.12078125 0.0653125
v 1.2534656243771314 2.12078125 0.0653125
v 1.2534656243771314 2.31671875 -0.0653125
v 1.1215343756228686 2.31671875 -0.0653125
v 1.2534656243771314 2.12078125 -0.0653125
v 1.1215343756228686 2.12078125 -0.0653125
vt 0.6875 0.375
vt 0.8125 0.375
vt 0.6875 0.1875
vt 0.8125 0.1875
vt 0.6875 0.375
vt 0.8125 0.375
vt 0.6875 0.1875
vt 0.8125 0.1875
vt 0.6875 0.3125
vt 0.8125 0.3125
vt 0.6875 0.1875
vt 0.8125 0.1875
vt 0.6875 0.3125
vt 0.8125 0.3125
vt 0.6875 0.1875
vt 0.8125 0.1875
vt 0.6875 0.375
vt 0.8125 0.375
vt 0.6875 0.1875
vt 0.8125 0.1875
vt 0.6875 0.375
vt 0.8125 0.375
vt 0.6875 0.1875
vt 0.8125 0.1875
vn 1 0 0
vn 1 0 0
vn 1 0 0
vn 1 0 0
vn -1 0 0
vn -1 0 0
vn -1 0 0
vn -1 0 0
vn 0 1 0
vn 0 1 0
vn 0 1 0
vn 0 1 0
vn 0 -1 0
vn 0 -1 0
vn 0 -1 0
vn 0 -1 0
vn 0 0 1
vn 0 0 1
vn 0 0 1
vn 0 0 1
vn 0 0 -1
vn 0 0 -1
vn 0 0 -1
vn 0 0 -1
f 4249/4249/4249 4251/4251/4251 4250/4250/4250
f 4251/4251/4251 4252/4252/4252 4250/4250/4250
f 4253/4253/4253 4255/4255/4255 4254/4254/4254
f 4255/4255/4255 4256/4256/4256 4254/4254/4254
f 4257/4257/4257 4259/4259/4259 4258/4258/4258
f 4259/4259/4259 4260/4260/4260 4258/4258/4258
f 4261/4261/4261 4263/4263/4263 4262/4262/4262
f 4263/4263/4263 4264/4264/4264 4262/4262/4262
f 4265/4265/4265 4267/4267/4267 4266/4266/4266
f 4267/4267/4267 4268/4268/4268 4266/4266/4266
f 4269/4269/4269 4271/4271/4271 4270/4270/4270
f 4271/4271/4271 4272/4272/4272 4270/4270/4270
o blade_60
usemtl thorn_edge
v 1.2517612493932246 2.1381750015169385 0.034993750758469104
v 1.2517612493932246 2.1381750015169385 -0.034993750758469104
v 1.2517612493932246 2.0618249984830617 0.034993750758469104
v 1.2517612493932246 2.0618249984830617 -0.034993750758469104
v 1.1232387506067754 2.1381750015169385 -0.034993750758469104
v 1.1232387506067754 2.1381750015169385 0.034993750758469104
v 1.1232387506067754 2.0618249984830617 -0.034993750758469104
v 1.1232387506067754 2.0618249984830617 0.034993750758469104
v 1.1232387506067754 2.1381750015169385 -0.034993750758469104
v 1.2517612493932246 2.1381750015169385 -0.034993750758469104
v 1.1232387506067754 2.1381750015169385 0.034993750758469104
v 1.2517612493932246 2.1381750015169385 0.034993750758469104
v 1.1232387506067754 2.0618249984830617 0.034993750758469104
v 1.2517612493932246 2.0618249984830617 0.034993750758469104
v 1.1232387506067754 2.0618249984830617 -0.034993750758469104
v 1.2517612493932246 2.0618249984830617 -0.034993750758469104
v 1.1232387506067754 2.1381750015169385 0.034993750758469104
v 1.2517612493932246 2.1381750015169385 0.034993750758469104
v 1.1232387506067754 2.0618249984830617 0.034993750758469104
v 1.2517612493932246 2.0618249984830617 0.034993750758469104
v 1.2517612493932246 2.1381750015169385 -0.034993750758469104
v 1.1232387506067754 2.1381750015169385 -0.034993750758469104
v 1.2517612493932246 2.0618249984830617 -0.034993750758469104
v 1.1232387506067754 2.0618249984830617 -0.034993750758469104
vt 0.3125 0.9375
vt 0.375 0.9375
vt 0.3125 0.875
vt 0.375 0.875
vt 0.3125 0.9375
vt 0.375 0.9375
vt 0.3125 0.875
vt 0.375 0.875
vt 0.3125 0.9375
vt 0.4375 0.9375
vt 0.3125 0.875
vt 0.4375 0.875
vt 0.3125 0.9375
vt 0.4375 0.9375
vt 0.3125 0.875
vt 0.4375 0.875
vt 0.3125 0.9375
vt 0.4375 0.9375
vt 0.3125 0.875
vt 0.4375 0.875
vt 0.3125 0.9375
vt 0.4375 0.9375
vt 0.3125 0.875
vt 0.4375 0.875
vn 0.9999999999999999 0 0
vn 0.9999999999999999 0 0
vn 0.9999999999999999 0 0
vn 0.9999999999999999 0 0
vn -0.9999999999999999 0 0
vn -0.9999999999999999 0 0
vn -0.9999999999999999 0 0
vn -0.9999999999999999 0 0
vn 0 0.9999999999999999 0
vn 0 0.9999999999999999 0
vn 0 0.9999999999999999 0
vn 0 0.9999999999999999 0
vn 0 -0.9999999999999999 0
vn 0 -0.9999999999999999 0
vn 0 -0.9999999999999999 0
vn 0 -0.9999999999999999 0
vn 0 0 0.9999999999999999
vn 0 0 0.9999999999999999
vn 0 0 0.9999999999999999
vn 0 0 0.9999999999999999
vn 0 0 -0.9999999999999999
vn 0 0 -0.9999999999999999
vn 0 0 -0.9999999999999999
vn 0 0 -0.9999999999999999
f 4273/4273/4273 4275/4275/4275 4274/4274/4274
f 4275/4275/4275 4276/4276/4276 4274/4274/4274
f 4277/4277/4277 4279/4279/4279 4278/4278/4278
f 4279/4279/4279 4280/4280/4280 4278/4278/4278
f 4281/4281/4281 4283/4283/4283 4282/4282/4282
f 4283/4283/4283 4284/4284/4284 4282/4282/4282
f 4285/4285/4285 4287/4287/4287 4286/4286/4286
f 4287/4287/4287 4288/4288/4288 4286/4286/4286
f 4289/4289/4289 4291/4291/4291 4290/4290/4290
f 4291/4291/4291 4292/4292/4292 4290/4290/4290
f 4293/4293/4293 4295/4295/4295 4294/4294/4294
f 4295/4295/4295 4296/4296/4296 4294/4294/4294
o blade_61
usemtl heartwood_green
v 1.2537496868744493 2.3640468749999997 0.08527187187224627
v 1.2537496868744493 2.3640468749999997 -0.08527187187224627
v 1.2537496868744493 2.298453125 0.08527187187224627
v 1.2537496868744493 2.298453125 -0.08527187187224627
v 1.1212503131255507 2.3640468749999997 -0.08527187187224627
v 1.1212503131255507 2.3640468749999997 0.08527187187224627
v 1.1212503131255507 2.298453125 -0.08527187187224627
v 1.1212503131255507 2.298453125 0.08527187187224627
v 1.1212503131255507 2.3640468749999997 -0.08527187187224627
v 1.2537496868744493 2.3640468749999997 -0.08527187187224627
v 1.1212503131255507 2.3640468749999997 0.08527187187224627
v 1.2537496868744493 2.3640468749999997 0.08527187187224627
v 1.1212503131255507 2.298453125 0.08527187187224627
v 1.2537496868744493 2.298453125 0.08527187187224627
v 1.1212503131255507 2.298453125 -0.08527187187224627
v 1.2537496868744493 2.298453125 -0.08527187187224627
v 1.1212503131255507 2.3640468749999997 0.08527187187224627
v 1.2537496868744493 2.3640468749999997 0.08527187187224627
v 1.1212503131255507 2.298453125 0.08527187187224627
v 1.2537496868744493 2.298453125 0.08527187187224627
v 1.2537496868744493 2.3640468749999997 -0.08527187187224627
v 1.1212503131255507 2.3640468749999997 -0.08527187187224627
v 1.2537496868744493 2.298453125 -0.08527187187224627
v 1.1212503131255507 2.298453125 -0.08527187187224627
vt 0.9375 0.0625
vt 1.125 0.0625
vt 0.9375 0
vt 1.125 0
vt 0.9375 0.0625
vt 1.125 0.0625
vt 0.9375 0
vt 1.125 0
vt 0.9375 0.1875
vt 1.0625 0.1875
vt 0.9375 0
vt 1.0625 0
vt 0.9375 0.1875
vt 1.0625 0.1875
vt 0.9375 0
vt 1.0625 0
vt 0.9375 0.0625
vt 1.0625 0.0625
vt 0.9375 0
vt 1.0625 0
vt 0.9375 0.0625
vt 1.0625 0.0625
vt 0.9375 0
vt 1.0625 0
vn 1 0 0
vn 1 0 0
vn 1 0 0
vn 1 0 0
vn -1 0 0
vn -1 0 0
vn -1 0 0
vn -1 0 0
vn 0 1 0
vn 0 1 0
vn 0 1 0
vn 0 1 0
vn 0 -1 0
vn 0 -1 0
vn 0 -1 0
vn 0 -1 0
vn 0 0 1
vn 0 0 1
vn 0 0 1
vn 0 0 1
vn 0 0 -1
vn 0 0 -1
vn 0 0 -1
vn 0 0 -1
f 4297/4297/4297 4299/4299/4299 4298/4298/4298
f 4299/4299/4299 4300/4300/4300 4298/4298/4298
f 4301/4301/4301 4303/4303/4303 4302/4302/4302
f 4303/4303/4303 4304/4304/4304 4302/4302/4302
f 4305/4305/4305 4307/4307/4307 4306/4306/4306
f 4307/4307/4307 4308/4308/4308 4306/4306/4306
f 4309/4309/4309 4311/4311/4311 4310/4310/4310
f 4311/4311/4311 4312/4312/4312 4310/4310/4310
f 4313/4313/4313 4315/4315/4315 4314/4314/4314
f 4315/4315/4315 4316/4316/4316 4314/4314/4314
f 4317/4317/4317 4319/4319/4319 4318/4318/4318
f 4319/4319/4319 4320/4320/4320 4318/4318/4318
o blade_62
usemtl thorn
v 1.2386250007618218 2.4636250007618217 0.04473437423817813
v 1.2386250007618218 2.4636250007618217 -0.04473437423817813
v 1.2386250007618218 2.3613749992381776 0.04473437423817813
v 1.2386250007618218 2.3613749992381776 -0.04473437423817813
v 1.1363749992381782 2.4636250007618217 -0.04473437423817813
v 1.1363749992381782 2.4636250007618217 0.04473437423817813
v 1.1363749992381782 2.3613749992381776 -0.04473437423817813
v 1.1363749992381782 2.3613749992381776 0.04473437423817813
v 1.1363749992381782 2.4636250007618217 -0.04473437423817813
v 1.2386250007618218 2.4636250007618217 -0.04473437423817813
v 1.1363749992381782 2.4636250007618217 0.04473437423817813
v 1.2386250007618218 2.4636250007618217 0.04473437423817813
v 1.1363749992381782 2.3613749992381776 0.04473437423817813
v 1.2386250007618218 2.3613749992381776 0.04473437423817813
v 1.1363749992381782 2.3613749992381776 -0.04473437423817813
v 1.2386250007618218 2.3613749992381776 -0.04473437423817813
v 1.1363749992381782 2.4636250007618217 0.04473437423817813
v 1.2386250007618218 2.4636250007618217 0.04473437423817813
v 1.1363749992381782 2.3613749992381776 0.04473437423817813
v 1.2386250007618218 2.3613749992381776 0.04473437423817813
v 1.2386250007618218 2.4636250007618217 -0.04473437423817813
v 1.1363749992381782 2.4636250007618217 -0.04473437423817813
v 1.2386250007618218 2.3613749992381776 -0.04473437423817813
v 1.1363749992381782 2.3613749992381776 -0.04473437423817813
vt 0.3125 0.6875
vt 0.375 0.6875
vt 0.3125 0.5625
vt 0.375 0.5625
vt 0.3125 0.6875
vt 0.375 0.6875
vt 0.3125 0.5625
vt 0.375 0.5625
vt 0.3125 0.625
vt 0.4375 0.625
vt 0.3125 0.5625
vt 0.4375 0.5625
vt 0.3125 0.625
vt 0.4375 0.625
vt 0.3125 0.5625
vt 0.4375 0.5625
vt 0.3125 0.6875
vt 0.4375 0.6875
vt 0.3125 0.5625
vt 0.4375 0.5625
vt 0.3125 0.6875
vt 0.4375 0.6875
vt 0.3125 0.5625
vt 0.4375 0.5625
vn 1 0 0
vn 1 0 0
vn 1 0 0
vn 1 0 0
vn -1 0 0
vn -1 0 0
vn -1 0 0
vn -1 0 0
vn 0 1 0
vn 0 1 0
vn 0 1 0
vn 0 1 0
vn 0 -1 0
vn 0 -1 0
vn 0 -1 0
vn 0 -1 0
vn 0 0 1
vn 0 0 1
vn 0 0 1
vn 0 0 1
vn 0 0 -1
vn 0 0 -1
vn 0 0 -1
vn 0 0 -1
f 4321/4321/4321 4323/4323/4323 4322/4322/4322
f 4323/4323/4323 4324/4324/4324 4322/4322/4322
f 4325/4325/4325 4327/4327/4327 4326/4326/4326
f 4327/4327/4327 4328/4328/4328 4326/4326/4326
f 4329/4329/4329 4331/4331/4331 4330/4330/4330
f 4331/4331/4331 4332/4332/4332 4330/4330/4330
f 4333/4333/4333 4335/4335/4335 4334/4334/4334
f 4335/4335/4335 4336/4336/4336 4334/4334/4334
f 4337/4337/4337 4339/4339/4339 4338/4338/4338
f 4339/4339/4339 4340/4340/4340 4338/4338/4338
f 4341/4341/4341 4343/4343/4343 4342/4342/4342
f 4343/4343/4343 4344/4344/4344 4342/4342/4342
o blade_63
usemtl thorn
v 1.1454375 2.463850000392646 0.0329375
v 1.1454375 2.463850000392646 -0.0329375
v 1.1454375 2.411149999607354 0.0329375
v 1.1454375 2.411149999607354 -0.0329375
v 1.0795625 2.463850000392646 -0.0329375
v 1.0795625 2.463850000392646 0.0329375
v 1.0795625 2.411149999607354 -0.0329375
v 1.0795625 2.411149999607354 0.0329375
v 1.0795625 2.463850000392646 -0.0329375
v 1.1454375 2.463850000392646 -0.0329375
v 1.0795625 2.463850000392646 0.0329375
v 1.1454375 2.463850000392646 0.0329375
v 1.0795625 2.411149999607354 0.0329375
v 1.1454375 2.411149999607354 0.0329375
v 1.0795625 2.411149999607354 -0.0329375
v 1.1454375 2.411149999607354 -0.0329375
v 1.0795625 2.463850000392646 0.0329375
v 1.1454375 2.463850000392646 0.0329375
v 1.0795625 2.411149999607354 0.0329375
v 1.1454375 2.411149999607354 0.0329375
v 1.1454375 2.463850000392646 -0.0329375
v 1.0795625 2.463850000392646 -0.0329375
v 1.1454375 2.411149999607354 -0.0329375
v 1.0795625 2.411149999607354 -0.0329375
vt 0.6875 0.125
vt 0.75 0.125
vt 0.6875 0.0625
vt 0.75 0.0625
vt 0.6875 0.125
vt 0.75 0.125
vt 0.6875 0.0625
vt 0.75 0.0625
vt 0.6875 0.125
vt 0.75 0.125
vt 0.6875 0.0625
vt 0.75 0.0625
vt 0.6875 0.125
vt 0.75 0.125
vt 0.6875 0.0625
vt 0.75 0.0625
vt 0.6875 0.125
vt 0.75 0.125
vt 0.6875 0.0625
vt 0.75 0.0625
vt 0.6875 0.125
vt 0.75 0.125
vt 0.6875 0.0625
vt 0.75 0.0625
vn 1 0 0
vn 1 0 0
vn 1 0 0
vn 1 0 0
vn -1 0 0
vn -1 0 0
vn -1 0 0
vn -1 0 0
vn 0 1 0
vn 0 1 0
vn 0 1 0
vn 0 1 0
vn 0 -1 0
vn 0 -1 0
vn 0 -1 0
vn 0 -1 0
vn 0 0 1
vn 0 0 1
vn 0 0 1
vn 0 0 1
vn 0 0 -1
vn 0 0 -1
vn 0 0 -1
vn 0 0 -1
f 4345/4345/4345 4347/4347/4347 4346/4346/4346
f 4347/4347/4347 4348/4348/4348 4346/4346/4346
f 4349/4349/4349 4351/4351/4351 4350/4350/4350
f 4351/4351/4351 4352/4352/4352 4350/4350/4350
f 4353/4353/4353 4355/4355/4355 4354/4354/4354
f 4355/4355/4355 4356/4356/4356 4354/4354/4354
f 4357/4357/4357 4359/4359/4359 4358/4358/4358
f 4359/4359/4359 4360/4360/4360 4358/4358/4358
f 4361/4361/4361 4363/4363/4363 4362/4362/4362
f 4363/4363/4363 4364/4364/4364 4362/4362/4362
f 4365/4365/4365 4367/4367/4367 4366/4366/4366
f 4367/4367/4367 4368/4368/4368 4366/4366/4366
o blade_64
usemtl heartwood_green
v 1.3773293743878603 2.2516875 0.0641875
v 1.3773293743878603 2.2516875 -0.0641875
v 1.3773293743878603 2.1233125 0.0641875
v 1.3773293743878603 2.1233125 -0.0641875
v 1.2476706256121397 2.2516875 -0.0641875
v 1.2476706256121397 2.2516875 0.0641875
v 1.2476706256121397 2.1233125 -0.0641875
v 1.2476706256121397 2.1233125 0.0641875
v 1.2476706256121397 2.2516875 -0.0641875
v 1.3773293743878603 2.2516875 -0.0641875
v 1.2476706256121397 2.2516875 0.0641875
v 1.3773293743878603 2.2516875 0.0641875
v 1.2476706256121397 2.1233125 0.0641875
v 1.3773293743878603 2.1233125 0.0641875
v 1.2476706256121397 2.1233125 -0.0641875
v 1.3773293743878603 2.1233125 -0.0641875
v 1.2476706256121397 2.2516875 0.0641875
v 1.3773293743878603 2.2516875 0.0641875
v 1.2476706256121397 2.1233125 0.0641875
v 1.3773293743878603 2.1233125 0.0641875
v 1.3773293743878603 2.2516875 -0.0641875
v 1.2476706256121397 2.2516875 -0.0641875
v 1.3773293743878603 2.1233125 -0.0641875
v 1.2476706256121397 2.1233125 -0.0641875
vt 0.625 0.25
vt 0.75 0.25
vt 0.625 0.125
vt 0.75 0.125
vt 0.625 0.25
vt 0.75 0.25
vt 0.625 0.125
vt 0.75 0.125
vt 0.625 0.25
vt 0.75 0.25
vt 0.625 0.125
vt 0.75 0.125
vt 0.625 0.25
vt 0.75 0.25
vt 0.625 0.125
vt 0.75 0.125
vt 0.625 0.25
vt 0.75 0.25
vt 0.625 0.125
vt 0.75 0.125
vt 0.625 0.25
vt 0.75 0.25
vt 0.625 0.125
vt 0.75 0.125
vn 1 0 0
vn 1 0 0
vn 1 0 0
vn 1 0 0
vn -1 0 0
vn -1 0 0
vn -1 0 0
vn -1 0 0
vn 0 1 0
vn 0 1 0
vn 0 1 0
vn 0 1 0
vn 0 -1 0
vn 0 -1 0
vn 0 -1 0
vn 0 -1 0
vn 0 0 1
vn 0 0 1
vn 0 0 1
vn 0 0 1
vn 0 0 -1
vn 0 0 -1
vn 0 0 -1
vn 0 0 -1
f 4369/4369/4369 4371/4371/4371 4370/4370/4370
f 4371/4371/4371 4372/4372/4372 4370/4370/4370
f 4373/4373/4373 4375/4375/4375 4374/4374/4374
f 4375/4375/4375 4376/4376/4376 4374/4374/4374
f 4377/4377/4377 4379/4379/4379 4378/4378/4378
f 4379/4379/4379 4380/4380/4380 4378/4378/4378
f 4381/4381/4381 4383/4383/4383 4382/4382/4382
f 4383/4383/4383 4384/4384/4384 4382/4382/4382
f 4385/4385/4385 4387/4387/4387 4386/4386/4386
f 4387/4387/4387 4388/4388/4388 4386/4386/4386
f 4389/4389/4389 4391/4391/4391 4390/4390/4390
f 4391/4391/4391 4392/4392/4392 4390/4390/4390
o blade_65
usemtl thorn_edge
v 1.3756249994039536 2.137500001490116 0.03437500074505806
v 1.3756249994039536 2.137500001490116 -0.03437500074505806
v 1.3756249994039536 2.062499998509884 0.03437500074505806
v 1.3756249994039536 2.062499998509884 -0.03437500074505806
v 1.2493750005960464 2.137500001490116 -0.03437500074505806
v 1.2493750005960464 2.137500001490116 0.03437500074505806
v 1.2493750005960464 2.062499998509884 -0.03437500074505806
v 1.2493750005960464 2.062499998509884 0.03437500074505806
v 1.2493750005960464 2.137500001490116 -0.03437500074505806
v 1.3756249994039536 2.137500001490116 -0.03437500074505806
v 1.2493750005960464 2.137500001490116 0.03437500074505806
v 1.3756249994039536 2.137500001490116 0.03437500074505806
v 1.2493750005960464 2.062499998509884 0.03437500074505806
v 1.3756249994039536 2.062499998509884 0.03437500074505806
v 1.2493750005960464 2.062499998509884 -0.03437500074505806
v 1.3756249994039536 2.062499998509884 -0.03437500074505806
v 1.2493750005960464 2.137500001490116 0.03437500074505806
v 1.3756249994039536 2.137500001490116 0.03437500074505806
v 1.2493750005960464 2.062499998509884 0.03437500074505806
v 1.3756249994039536 2.062499998509884 0.03437500074505806
v 1.3756249994039536 2.137500001490116 -0.03437500074505806
v 1.2493750005960464 2.137500001490116 -0.03437500074505806
v 1.3756249994039536 2.062499998509884 -0.03437500074505806
v 1.2493750005960464 2.062499998509884 -0.03437500074505806
vt 0.3125 0.9375
vt 0.375 0.9375
vt 0.3125 0.875
vt 0.375 0.875
vt 0.3125 0.9375
vt 0.375 0.9375
vt 0.3125 0.875
vt 0.375 0.875
vt 0.3125 0.9375
vt 0.4375 0.9375
vt 0.3125 0.875
vt 0.4375 0.875
vt 0.3125 0.9375
vt 0.4375 0.9375
vt 0.3125 0.875
vt 0.4375 0.875
vt 0.3125 0.9375
vt 0.4375 0.9375
vt 0.3125 0.875
vt 0.4375 0.875
vt 0.3125 0.9375
vt 0.4375 0.9375
vt 0.3125 0.875
vt 0.4375 0.875
vn 1 0 0
vn 1 0 0
vn 1 0 0
vn 1 0 0
vn -1 0 0
vn -1 0 0
vn -1 0 0
vn -1 0 0
vn 0 1 0
vn 0 1 0
vn 0 1 0
vn 0 1 0
vn 0 -1 0
vn 0 -1 0
vn 0 -1 0
vn 0 -1 0
vn 0 0 1
vn 0 0 1
vn 0 0 1
vn 0 0 1
vn 0 0 -1
vn 0 0 -1
vn 0 0 -1
vn 0 0 -1
f 4393/4393/4393 4395/4395/4395 4394/4394/4394
f 4395/4395/4395 4396/4396/4396 4394/4394/4394
f 4397/4397/4397 4399/4399/4399 4398/4398/4398
f 4399/4399/4399 4400/4400/4400 4398/4398/4398
f 4401/4401/4401 4403/4403/4403 4402/4402/4402
f 4403/4403/4403 4404/4404/4404 4402/4402/4402
f 4405/4405/4405 4407/4407/4407 4406/4406/4406
f 4407/4407/4407 4408/4408/4408 4406/4406/4406
f 4409/4409/4409 4411/4411/4411 4410/4410/4410
f 4411/4411/4411 4412/4412/4412 4410/4410/4410
f 4413/4413/4413 4415/4415/4415 4414/4414/4414
f 4415/4415/4415 4416/4416/4416 4414/4414/4414
o blade_66
usemtl heartwood_green
v 1.377613436885178 2.3009843749999996 0.08380937192589046
v 1.377613436885178 2.3009843749999996 -0.08380937192589046
v 1.377613436885178 2.236515625 0.08380937192589046
v 1.377613436885178 2.236515625 -0.08380937192589046
v 1.247386563114822 2.3009843749999996 -0.08380937192589046
v 1.247386563114822 2.3009843749999996 0.08380937192589046
v 1.247386563114822 2.236515625 -0.08380937192589046
v 1.247386563114822 2.236515625 0.08380937192589046
v 1.247386563114822 2.3009843749999996 -0.08380937192589046
v 1.377613436885178 2.3009843749999996 -0.08380937192589046
v 1.247386563114822 2.3009843749999996 0.08380937192589046
v 1.377613436885178 2.3009843749999996 0.08380937192589046
v 1.247386563114822 2.236515625 0.08380937192589046
v 1.377613436885178 2.236515625 0.08380937192589046
v 1.247386563114822 2.236515625 -0.08380937192589046
v 1.377613436885178 2.236515625 -0.08380937192589046
v 1.247386563114822 2.3009843749999996 0.08380937192589046
v 1.377613436885178 2.3009843749999996 0.08380937192589046
v 1.247386563114822 2.236515625 0.08380937192589046
v 1.377613436885178 2.236515625 0.08380937192589046
v 1.377613436885178 2.3009843749999996 -0.08380937192589046
v 1.247386563114822 2.3009843749999996 -0.08380937192589046
v 1.377613436885178 2.236515625 -0.08380937192589046
v 1.247386563114822 2.236515625 -0.08380937192589046
vt 0.9375 0.0625
vt 1.125 0.0625
vt 0.9375 0
vt 1.125 0
vt 0.9375 0.0625
vt 1.125 0.0625
vt 0.9375 0
vt 1.125 0
vt 0.9375 0.1875
vt 1.0625 0.1875
vt 0.9375 0
vt 1.0625 0
vt 0.9375 0.1875
vt 1.0625 0.1875
vt 0.9375 0
vt 1.0625 0
vt 0.9375 0.0625
vt 1.0625 0.0625
vt 0.9375 0
vt 1.0625 0
vt 0.9375 0.0625
vt 1.0625 0.0625
vt 0.9375 0
vt 1.0625 0
vn 1 0 0
vn 1 0 0
vn 1 0 0
vn 1 0 0
vn -1 0 0
vn -1 0 0
vn -1 0 0
vn -1 0 0
vn 0 1 0
vn 0 1 0
vn 0 1 0
vn 0 1 0
vn 0 -1 0
vn 0 -1 0
vn 0 -1 0
vn 0 -1 0
vn 0 0 1
vn 0 0 1
vn 0 0 1
vn 0 0 1
vn 0 0 -1
vn 0 0 -1
vn 0 0 -1
vn 0 0 -1
f 4417/4417/4417 4419/4419/4419 4418/4418/4418
f 4419/4419/4419 4420/4420/4420 4418/4418/4418
f 4421/4421/4421 4423/4423/4423 4422/4422/4422
f 4423/4423/4423 4424/4424/4424 4422/4422/4422
f 4425/4425/4425 4427/4427/4427 4426/4426/4426
f 4427/4427/4427 4428/4428/4428 4426/4426/4426
f 4429/4429/4429 4431/4431/4431 4430/4430/4430
f 4431/4431/4431 4432/4432/4432 4430/4430/4430
f 4433/4433/4433 4435/4435/4435 4434/4434/4434
f 4435/4435/4435 4436/4436/4436 4434/4434/4434
f 4437/4437/4437 4439/4439/4439 4438/4438/4438
f 4439/4439/4439 4440/4440/4440 4438/4438/4438
o blade_67
usemtl leaf_blade
v 1.5009090619012713 2.25028125 0.06278125
v 1.5009090619012713 2.25028125 -0.06278125
v 1.5009090619012713 2.12471875 0.06278125
v 1.5009090619012713 2.12471875 -0.06278125
v 1.3740909380987287 2.25028125 -0.06278125
v 1.3740909380987287 2.25028125 0.06278125
v 1.3740909380987287 2.12471875 -0.06278125
v 1.3740909380987287 2.12471875 0.06278125
v 1.3740909380987287 2.25028125 -0.06278125
v 1.5009090619012713 2.25028125 -0.06278125
v 1.3740909380987287 2.25028125 0.06278125
v 1.5009090619012713 2.25028125 0.06278125
v 1.3740909380987287 2.12471875 0.06278125
v 1.5009090619012713 2.12471875 0.06278125
v 1.3740909380987287 2.12471875 -0.06278125
v 1.5009090619012713 2.12471875 -0.06278125
v 1.3740909380987287 2.25028125 0.06278125
v 1.5009090619012713 2.25028125 0.06278125
v 1.3740909380987287 2.12471875 0.06278125
v 1.5009090619012713 2.12471875 0.06278125
v 1.5009090619012713 2.25028125 -0.06278125
v 1.3740909380987287 2.25028125 -0.06278125
v 1.5009090619012713 2.12471875 -0.06278125
v 1.3740909380987287 2.12471875 -0.06278125
vt 0.625 0.25
vt 0.75 0.25
vt 0.625 0.125
vt 0.75 0.125
vt 0.625 0.25
vt 0.75 0.25
vt 0.625 0.125
vt 0.75 0.125
vt 0.625 0.25
vt 0.75 0.25
vt 0.625 0.125
vt 0.75 0.125
vt 0.625 0.25
vt 0.75 0.25
vt 0.625 0.125
vt 0.75 0.125
vt 0.625 0.25
vt 0.75 0.25
vt 0.625 0.125
vt 0.75 0.125
vt 0.625 0.25
vt 0.75 0.25
vt 0.625 0.125
vt 0.75 0.125
vn 1 0 0
vn 1 0 0
vn 1 0 0
vn 1 0 0
vn -1 0 0
vn -1 0 0
vn -1 0 0
vn -1 0 0
vn 0 1 0
vn 0 1 0
vn 0 1 0
vn 0 1 0
vn 0 -1 0
vn 0 -1 0
vn 0 -1 0
vn 0 -1 0
vn 0 0 1
vn 0 0 1
vn 0 0 1
vn 0 0 1
vn 0 0 -1
vn 0 0 -1
vn 0 0 -1
vn 0 0 -1
f 4441/4441/4441 4443/4443/4443 4442/4442/4442
f 4443/4443/4443 4444/4444/4444 4442/4442/4442
f 4445/4445/4445 4447/4447/4447 4446/4446/4446
f 4447/4447/4447 4448/4448/4448 4446/4446/4446
f 4449/4449/4449 4451/4451/4451 4450/4450/4450
f 4451/4451/4451 4452/4452/4452 4450/4450/4450
f 4453/4453/4453 4455/4455/4455 4454/4454/4454
f 4455/4455/4455 4456/4456/4456 4454/4454/4454
f 4457/4457/4457 4459/4459/4459 4458/4458/4458
f 4459/4459/4459 4460/4460/4460 4458/4458/4458
f 4461/4461/4461 4463/4463/4463 4462/4462/4462
f 4463/4463/4463 4464/4464/4464 4462/4462/4462
o blade_68
usemtl thorn_edge
v 1.502897499382496 2.1388500015437604 0.03561250077188015
v 1.502897499382496 2.1388500015437604 -0.03561250077188015
v 1.502897499382496 2.06114999845624 0.03561250077188015
v 1.502897499382496 2.06114999845624 -0.03561250077188015
v 1.372102500617504 2.1388500015437604 -0.03561250077188015
v 1.372102500617504 2.1388500015437604 0.03561250077188015
v 1.372102500617504 2.06114999845624 -0.03561250077188015
v 1.372102500617504 2.06114999845624 0.03561250077188015
v 1.372102500617504 2.1388500015437604 -0.03561250077188015
v 1.502897499382496 2.1388500015437604 -0.03561250077188015
v 1.372102500617504 2.1388500015437604 0.03561250077188015
v 1.502897499382496 2.1388500015437604 0.03561250077188015
v 1.372102500617504 2.06114999845624 0.03561250077188015
v 1.502897499382496 2.06114999845624 0.03561250077188015
v 1.372102500617504 2.06114999845624 -0.03561250077188015
v 1.502897499382496 2.06114999845624 -0.03561250077188015
v 1.372102500617504 2.1388500015437604 0.03561250077188015
v 1.502897499382496 2.1388500015437604 0.03561250077188015
v 1.372102500617504 2.06114999845624 0.03561250077188015
v 1.502897499382496 2.06114999845624 0.03561250077188015
v 1.502897499382496 2.1388500015437604 -0.03561250077188015
v 1.372102500617504 2.1388500015437604 -0.03561250077188015
v 1.502897499382496 2.06114999845624 -0.03561250077188015
v 1.372102500617504 2.06114999845624 -0.03561250077188015
vt 0.3125 0.9375
vt 0.375 0.9375
vt 0.3125 0.875
vt 0.375 0.875
vt 0.3125 0.9375
vt 0.375 0.9375
vt 0.3125 0.875
vt 0.375 0.875
vt 0.3125 0.9375
vt 0.4375 0.9375
vt 0.3125 0.875
vt 0.4375 0.875
vt 0.3125 0.9375
vt 0.4375 0.9375
vt 0.3125 0.875
vt 0.4375 0.875
vt 0.3125 0.9375
vt 0.4375 0.9375
vt 0.3125 0.875
vt 0.4375 0.875
vt 0.3125 0.9375
vt 0.4375 0.9375
vt 0.3125 0.875
vt 0.4375 0.875
vn 1 0 0
vn 1 0 0
vn 1 0 0
vn 1 0 0
vn -1 0 0
vn -1 0 0
vn -1 0 0
vn -1 0 0
vn 0 1 0
vn 0 1 0
vn 0 1 0
vn 0 1 0
vn 0 -1 0
vn 0 -1 0
vn 0 -1 0
vn 0 -1 0
vn 0 0 1
vn 0 0 1
vn 0 0 1
vn 0 0 1
vn 0 0 -1
vn 0 0 -1
vn 0 0 -1
vn 0 0 -1
f 4465/4465/4465 4467/4467/4467 4466/4466/4466
f 4467/4467/4467 4468/4468/4468 4466/4466/4466
f 4469/4469/4469 4471/4471/4471 4470/4470/4470
f 4471/4471/4471 4472/4472/4472 4470/4470/4470
f 4473/4473/4473 4475/4475/4475 4474/4474/4474
f 4475/4475/4475 4476/4476/4476 4474/4474/4474
f 4477/4477/4477 4479/4479/4479 4478/4478/4478
f 4479/4479/4479 4480/4480/4480 4478/4478/4478
f 4481/4481/4481 4483/4483/4483 4482/4482/4482
f 4483/4483/4483 4484/4484/4484 4482/4482/4482
f 4485/4485/4485 4487/4487/4487 4486/4486/4486
f 4487/4487/4487 4488/4488/4488 4486/4486/4486
o blade_69
usemtl heartwood_green
v 1.5011931243985892 2.30028125 0.08198124699294566
v 1.5011931243985892 2.30028125 -0.08198124699294566
v 1.5011931243985892 2.23721875 0.08198124699294566
v 1.5011931243985892 2.23721875 -0.08198124699294566
v 1.3738068756014108 2.30028125 -0.08198124699294566
v 1.3738068756014108 2.30028125 0.08198124699294566
v 1.3738068756014108 2.23721875 -0.08198124699294566
v 1.3738068756014108 2.23721875 0.08198124699294566
v 1.3738068756014108 2.30028125 -0.08198124699294566
v 1.5011931243985892 2.30028125 -0.08198124699294566
v 1.3738068756014108 2.30028125 0.08198124699294566
v 1.5011931243985892 2.30028125 0.08198124699294566
v 1.3738068756014108 2.23721875 0.08198124699294566
v 1.5011931243985892 2.23721875 0.08198124699294566
v 1.3738068756014108 2.23721875 -0.08198124699294566
v 1.5011931243985892 2.23721875 -0.08198124699294566
v 1.3738068756014108 2.30028125 0.08198124699294566
v 1.5011931243985892 2.30028125 0.08198124699294566
v 1.3738068756014108 2.23721875 0.08198124699294566
v 1.5011931243985892 2.23721875 0.08198124699294566
v 1.5011931243985892 2.30028125 -0.08198124699294566
v 1.3738068756014108 2.30028125 -0.08198124699294566
v 1.5011931243985892 2.23721875 -0.08198124699294566
v 1.3738068756014108 2.23721875 -0.08198124699294566
vt 0.9375 0.0625
vt 1.125 0.0625
vt 0.9375 0
vt 1.125 0
vt 0.9375 0.0625
vt 1.125 0.0625
vt 0.9375 0
vt 1.125 0
vt 0.9375 0.1875
vt 1.0625 0.1875
vt 0.9375 0
vt 1.0625 0
vt 0.9375 0.1875
vt 1.0625 0.1875
vt 0.9375 0
vt 1.0625 0
vt 0.9375 0.0625
vt 1.0625 0.0625
vt 0.9375 0
vt 1.0625 0
vt 0.9375 0.0625
vt 1.0625 0.0625
vt 0.9375 0
vt 1.0625 0
vn 0.9999999999999999 0 0
vn 0.9999999999999999 0 0
vn 0.9999999999999999 0 0
vn 0.9999999999999999 0 0
vn -0.9999999999999999 0 0
vn -0.9999999999999999 0 0
vn -0.9999999999999999 0 0
vn -0.9999999999999999 0 0
vn 0 0.9999999999999999 0
vn 0 0.9999999999999999 0
vn 0 0.9999999999999999 0
vn 0 0.9999999999999999 0
vn 0 -0.9999999999999999 0
vn 0 -0.9999999999999999 0
vn 0 -0.9999999999999999 0
vn 0 -0.9999999999999999 0
vn 0 0 0.9999999999999999
vn 0 0 0.9999999999999999
vn 0 0 0.9999999999999999
vn 0 0 0.9999999999999999
vn 0 0 -0.9999999999999999
vn 0 0 -0.9999999999999999
vn 0 0 -0.9999999999999999
vn 0 0 -0.9999999999999999
f 4489/4489/4489 4491/4491/4491 4490/4490/4490
f 4491/4491/4491 4492/4492/4492 4490/4490/4490
f 4493/4493/4493 4495/4495/4495 4494/4494/4494
f 4495/4495/4495 4496/4496/4496 4494/4494/4494
f 4497/4497/4497 4499/4499/4499 4498/4498/4498
f 4499/4499/4499 4500/4500/4500 4498/4498/4498
f 4501/4501/4501 4503/4503/4503 4502/4502/4502
f 4503/4503/4503 4504/4504/4504 4502/4502/4502
f 4505/4505/4505 4507/4507/4507 4506/4506/4506
f 4507/4507/4507 4508/4508/4508 4506/4506/4506
f 4509/4509/4509 4511/4511/4511 4510/4510/4510
f 4511/4511/4511 4512/4512/4512 4510/4510/4510
o blade_70
usemtl leaf_blade
v 1.6281815618798137 2.19003125 0.06503125
v 1.6281815618798137 2.19003125 -0.06503125
v 1.6281815618798137 2.05996875 0.06503125
v 1.6281815618798137 2.05996875 -0.06503125
v 1.4968184381201863 2.19003125 -0.06503125
v 1.4968184381201863 2.19003125 0.06503125
v 1.4968184381201863 2.05996875 -0.06503125
v 1.4968184381201863 2.05996875 0.06503125
v 1.4968184381201863 2.19003125 -0.06503125
v 1.6281815618798137 2.19003125 -0.06503125
v 1.4968184381201863 2.19003125 0.06503125
v 1.6281815618798137 2.19003125 0.06503125
v 1.4968184381201863 2.05996875 0.06503125
v 1.6281815618798137 2.05996875 0.06503125
v 1.4968184381201863 2.05996875 -0.06503125
v 1.6281815618798137 2.05996875 -0.06503125
v 1.4968184381201863 2.19003125 0.06503125
v 1.6281815618798137 2.19003125 0.06503125
v 1.4968184381201863 2.05996875 0.06503125
v 1.6281815618798137 2.05996875 0.06503125
v 1.6281815618798137 2.19003125 -0.06503125
v 1.4968184381201863 2.19003125 -0.06503125
v 1.6281815618798137 2.05996875 -0.06503125
v 1.4968184381201863 2.05996875 -0.06503125
vt 0.625 0.25
vt 0.75 0.25
vt 0.625 0.125
vt 0.75 0.125
vt 0.625 0.25
vt 0.75 0.25
vt 0.625 0.125
vt 0.75 0.125
vt 0.625 0.25
vt 0.75 0.25
vt 0.625 0.125
vt 0.75 0.125
vt 0.625 0.25
vt 0.75 0.25
vt 0.625 0.125
vt 0.75 0.125
vt 0.625 0.25
vt 0.75 0.25
vt 0.625 0.125
vt 0.75 0.125
vt 0.625 0.25
vt 0.75 0.25
vt 0.625 0.125
vt 0.75 0.125
vn 1 0 0
vn 1 0 0
vn 1 0 0
vn 1 0 0
vn -1 0 0
vn -1 0 0
vn -1 0 0
vn -1 0 0
vn 0 1 0
vn 0 1 0
vn 0 1 0
vn 0 1 0
vn 0 -1 0
vn 0 -1 0
vn 0 -1 0
vn 0 -1 0
vn 0 0 1
vn 0 0 1
vn 0 0 1
vn 0 0 1
vn 0 0 -1
vn 0 0 -1
vn 0 0 -1
vn 0 0 -1
f 4513/4513/4513 4515/4515/4515 4514/4514/4514
f 4515/4515/4515 4516/4516/4516 4514/4514/4514
f 4517/4517/4517 4519/4519/4519 4518/4518/4518
f 4519/4519/4519 4520/4520/4520 4518/4518/4518
f 4521/4521/4521 4523/4523/4523 4522/4522/4522
f 4523/4523/4523 4524/4524/4524 4522/4522/4522
f 4525/4525/4525 4527/4527/4527 4526/4526/4526
f 4527/4527/4527 4528/4528/4528 4526/4526/4526
f 4529/4529/4529 4531/4531/4531 4530/4530/4530
f 4531/4531/4531 4532/4532/4532 4530/4530/4530
f 4533/4533/4533 4535/4535/4535 4534/4534/4534
f 4535/4535/4535 4536/4536/4536 4534/4534/4534
o blade_71
usemtl thorn_edge
v 1.626477186895907 2.075506251510233 0.03483906325511635
v 1.626477186895907 2.075506251510233 -0.03483906325511635
v 1.626477186895907 1.9994937484897675 0.03483906325511635
v 1.626477186895907 1.9994937484897675 -0.03483906325511635
v 1.498522813104093 2.075506251510233 -0.03483906325511635
v 1.498522813104093 2.075506251510233 0.03483906325511635
v 1.498522813104093 1.9994937484897675 -0.03483906325511635
v 1.498522813104093 1.9994937484897675 0.03483906325511635
v 1.498522813104093 2.075506251510233 -0.03483906325511635
v 1.626477186895907 2.075506251510233 -0.03483906325511635
v 1.498522813104093 2.075506251510233 0.03483906325511635
v 1.626477186895907 2.075506251510233 0.03483906325511635
v 1.498522813104093 1.9994937484897675 0.03483906325511635
v 1.626477186895907 1.9994937484897675 0.03483906325511635
v 1.498522813104093 1.9994937484897675 -0.03483906325511635
v 1.626477186895907 1.9994937484897675 -0.03483906325511635
v 1.498522813104093 2.075506251510233 0.03483906325511635
v 1.626477186895907 2.075506251510233 0.03483906325511635
v 1.498522813104093 1.9994937484897675 0.03483906325511635
v 1.626477186895907 1.9994937484897675 0.03483906325511635
v 1.626477186895907 2.075506251510233 -0.03483906325511635
v 1.498522813104093 2.075506251510233 -0.03483906325511635
v 1.626477186895907 1.9994937484897675 -0.03483906325511635
v 1.498522813104093 1.9994937484897675 -0.03483906325511635
vt 0.3125 0.9375
vt 0.375 0.9375
vt 0.3125 0.875
vt 0.375 0.875
vt 0.3125 0.9375
vt 0.375 0.9375
vt 0.3125 0.875
vt 0.375 0.875
vt 0.3125 0.9375
vt 0.4375 0.9375
vt 0.3125 0.875
vt 0.4375 0.875
vt 0.3125 0.9375
vt 0.4375 0.9375
vt 0.3125 0.875
vt 0.4375 0.875
vt 0.3125 0.9375
vt 0.4375 0.9375
vt 0.3125 0.875
vt 0.4375 0.875
vt 0.3125 0.9375
vt 0.4375 0.9375
vt 0.3125 0.875
vt 0.4375 0.875
vn 1 0 0
vn 1 0 0
vn 1 0 0
vn 1 0 0
vn -1 0 0
vn -1 0 0
vn -1 0 0
vn -1 0 0
vn 0 1 0
vn 0 1 0
vn 0 1 0
vn 0 1 0
vn 0 -1 0
vn 0 -1 0
vn 0 -1 0
vn 0 -1 0
vn 0 0 1
vn 0 0 1
vn 0 0 1
vn 0 0 1
vn 0 0 -1
vn 0 0 -1
vn 0 0 -1
vn 0 0 -1
f 4537/4537/4537 4539/4539/4539 4538/4538/4538
f 4539/4539/4539 4540/4540/4540 4538/4538/4538
f 4541/4541/4541 4543/4543/4543 4542/4542/4542
f 4543/4543/4543 4544/4544/4544 4542/4542/4542
f 4545/4545/4545 4547/4547/4547 4546/4546/4546
f 4547/4547/4547 4548/4548/4548 4546/4546/4546
f 4549/4549/4549 4551/4551/4551 4550/4550/4550
f 4551/4551/4551 4552/4552/4552 4550/4550/4550
f 4553/4553/4553 4555/4555/4555 4554/4554/4554
f 4555/4555/4555 4556/4556/4556 4554/4554/4554
f 4557/4557/4557 4559/4559/4559 4558/4558/4558
f 4559/4559/4559 4560/4560/4560 4558/4558/4558
o blade_72
usemtl heartwood_green
v 1.6284656243771314 2.23890625 0.0849062468856573
v 1.6284656243771314 2.23890625 -0.0849062468856573
v 1.6284656243771314 2.1735937499999998 0.0849062468856573
v 1.6284656243771314 2.1735937499999998 -0.0849062468856573
v 1.4965343756228686 2.23890625 -0.0849062468856573
v 1.4965343756228686 2.23890625 0.0849062468856573
v 1.4965343756228686 2.1735937499999998 -0.0849062468856573
v 1.4965343756228686 2.1735937499999998 0.0849062468856573
v 1.4965343756228686 2.23890625 -0.0849062468856573
v 1.6284656243771314 2.23890625 -0.0849062468856573
v 1.4965343756228686 2.23890625 0.0849062468856573
v 1.6284656243771314 2.23890625 0.0849062468856573
v 1.4965343756228686 2.1735937499999998 0.0849062468856573
v 1.6284656243771314 2.1735937499999998 0.0849062468856573
v 1.4965343756228686 2.1735937499999998 -0.0849062468856573
v 1.6284656243771314 2.1735937499999998 -0.0849062468856573
v 1.4965343756228686 2.23890625 0.0849062468856573
v 1.6284656243771314 2.23890625 0.0849062468856573
v 1.4965343756228686 2.1735937499999998 0.0849062468856573
v 1.6284656243771314 2.1735937499999998 0.0849062468856573
v 1.6284656243771314 2.23890625 -0.0849062468856573
v 1.4965343756228686 2.23890625 -0.0849062468856573
v 1.6284656243771314 2.1735937499999998 -0.0849062468856573
v 1.4965343756228686 2.1735937499999998 -0.0849062468856573
vt 0.9375 0.0625
vt 1.125 0.0625
vt 0.9375 0
vt 1.125 0
vt 0.9375 0.0625
vt 1.125 0.0625
vt 0.9375 0
vt 1.125 0
vt 0.9375 0.1875
vt 1.0625 0.1875
vt 0.9375 0
vt 1.0625 0
vt 0.9375 0.1875
vt 1.0625 0.1875
vt 0.9375 0
vt 1.0625 0
vt 0.9375 0.0625
vt 1.0625 0.0625
vt 0.9375 0
vt 1.0625 0
vt 0.9375 0.0625
vt 1.0625 0.0625
vt 0.9375 0
vt 1.0625 0
vn 1 0 0
vn 1 0 0
vn 1 0 0
vn 1 0 0
vn -1 0 0
vn -1 0 0
vn -1 0 0
vn -1 0 0
vn 0 1 0
vn 0 1 0
vn 0 1 0
vn 0 1 0
vn 0 -1 0
vn 0 -1 0
vn 0 -1 0
vn 0 -1 0
vn 0 0 1
vn 0 0 1
vn 0 0 1
vn 0 0 1
vn 0 0 -1
vn 0 0 -1
vn 0 0 -1
vn 0 0 -1
f 4561/4561/4561 4563/4563/4563 4562/4562/4562
f 4563/4563/4563 4564/4564/4564 4562/4562/4562
f 4565/4565/4565 4567/4567/4567 4566/4566/4566
f 4567/4567/4567 4568/4568/4568 4566/4566/4566
f 4569/4569/4569 4571/4571/4571 4570/4570/4570
f 4571/4571/4571 4572/4572/4572 4570/4570/4570
f 4573/4573/4573 4575/4575/4575 4574/4574/4574
f 4575/4575/4575 4576/4576/4576 4574/4574/4574
f 4577/4577/4577 4579/4579/4579 4578/4578/4578
f 4579/4579/4579 4580/4580/4580 4578/4578/4578
f 4581/4581/4581 4583/4583/4583 4582/4582/4582
f 4583/4583/4583 4584/4584/4584 4582/4582/4582
o blade_73
usemtl leaf_blade
v 1.7517612493932246 2.126125 0.063625
v 1.7517612493932246 2.126125 -0.063625
v 1.7517612493932246 1.998875 0.063625
v 1.7517612493932246 1.998875 -0.063625
v 1.6232387506067754 2.126125 -0.063625
v 1.6232387506067754 2.126125 0.063625
v 1.6232387506067754 1.998875 -0.063625
v 1.6232387506067754 1.998875 0.063625
v 1.6232387506067754 2.126125 -0.063625
v 1.7517612493932246 2.126125 -0.063625
v 1.6232387506067754 2.126125 0.063625
v 1.7517612493932246 2.126125 0.063625
v 1.6232387506067754 1.998875 0.063625
v 1.7517612493932246 1.998875 0.063625
v 1.6232387506067754 1.998875 -0.063625
v 1.7517612493932246 1.998875 -0.063625
v 1.6232387506067754 2.126125 0.063625
v 1.7517612493932246 2.126125 0.063625
v 1.6232387506067754 1.998875 0.063625
v 1.7517612493932246 1.998875 0.063625
v 1.7517612493932246 2.126125 -0.063625
v 1.6232387506067754 2.126125 -0.063625
v 1.7517612493932246 1.998875 -0.063625
v 1.6232387506067754 1.998875 -0.063625
vt 0.625 0.25
vt 0.75 0.25
vt 0.625 0.125
vt 0.75 0.125
vt 0.625 0.25
vt 0.75 0.25
vt 0.625 0.125
vt 0.75 0.125
vt 0.625 0.25
vt 0.75 0.25
vt 0.625 0.125
vt 0.75 0.125
vt 0.625 0.25
vt 0.75 0.25
vt 0.625 0.125
vt 0.75 0.125
vt 0.625 0.25
vt 0.75 0.25
vt 0.625 0.125
vt 0.75 0.125
vt 0.625 0.25
vt 0.75 0.25
vt 0.625 0.125
vt 0.75 0.125
vn 0.9999999999999999 0 0
vn 0.9999999999999999 0 0
vn 0.9999999999999999 0 0
vn 0.9999999999999999 0 0
vn -0.9999999999999999 0 0
vn -0.9999999999999999 0 0
vn -0.9999999999999999 0 0
vn -0.9999999999999999 0 0
vn 0 0.9999999999999999 0
vn 0 0.9999999999999999 0
vn 0 0.9999999999999999 0
vn 0 0.9999999999999999 0
vn 0 -0.9999999999999999 0
vn 0 -0.9999999999999999 0
vn 0 -0.9999999999999999 0
vn 0 -0.9999999999999999 0
vn 0 0 0.9999999999999999
vn 0 0 0.9999999999999999
vn 0 0 0.9999999999999999
vn 0 0 0.9999999999999999
vn 0 0 -0.9999999999999999
vn 0 0 -0.9999999999999999
vn 0 0 -0.9999999999999999
vn 0 0 -0.9999999999999999
f 4585/4585/4585 4587/4587/4587 4586/4586/4586
f 4587/4587/4587 4588/4588/4588 4586/4586/4586
f 4589/4589/4589 4591/4591/4591 4590/4590/4590
f 4591/4591/4591 4592/4592/4592 4590/4590/4590
f 4593/4593/4593 4595/4595/4595 4594/4594/4594
f 4595/4595/4595 4596/4596/4596 4594/4594/4594
f 4597/4597/4597 4599/4599/4599 4598/4598/4598
f 4599/4599/4599 4600/4600/4600 4598/4598/4598
f 4601/4601/4601 4603/4603/4603 4602/4602/4602
f 4603/4603/4603 4604/4604/4604 4602/4602/4602
f 4605/4605/4605 4607/4607/4607 4606/4606/4606
f 4607/4607/4607 4608/4608/4608 4606/4606/4606
o blade_74
usemtl thorn_edge
v 1.7537496868744493 2.0143562515638767 0.03607656328193844
v 1.7537496868744493 2.0143562515638767 -0.03607656328193844
v 1.7537496868744493 1.935643748436123 0.03607656328193844
v 1.7537496868744493 1.935643748436123 -0.03607656328193844
v 1.6212503131255507 2.0143562515638767 -0.03607656328193844
v 1.6212503131255507 2.0143562515638767 0.03607656328193844
v 1.6212503131255507 1.935643748436123 -0.03607656328193844
v 1.6212503131255507 1.935643748436123 0.03607656328193844
v 1.6212503131255507 2.0143562515638767 -0.03607656328193844
v 1.7537496868744493 2.0143562515638767 -0.03607656328193844
v 1.6212503131255507 2.0143562515638767 0.03607656328193844
v 1.7537496868744493 2.0143562515638767 0.03607656328193844
v 1.6212503131255507 1.935643748436123 0.03607656328193844
v 1.7537496868744493 1.935643748436123 0.03607656328193844
v 1.6212503131255507 1.935643748436123 -0.03607656328193844
v 1.7537496868744493 1.935643748436123 -0.03607656328193844
v 1.6212503131255507 2.0143562515638767 0.03607656328193844
v 1.7537496868744493 2.0143562515638767 0.03607656328193844
v 1.6212503131255507 1.935643748436123 0.03607656328193844
v 1.7537496868744493 1.935643748436123 0.03607656328193844
v 1.7537496868744493 2.0143562515638767 -0.03607656328193844
v 1.6212503131255507 2.0143562515638767 -0.03607656328193844
v 1.7537496868744493 1.935643748436123 -0.03607656328193844
v 1.6212503131255507 1.935643748436123 -0.03607656328193844
vt 0.3125 0.9375
vt 0.375 0.9375
vt 0.3125 0.875
vt 0.375 0.875
vt 0.3125 0.9375
vt 0.375 0.9375
vt 0.3125 0.875
vt 0.375 0.875
vt 0.3125 0.9375
vt 0.4375 0.9375
vt 0.3125 0.875
vt 0.4375 0.875
vt 0.3125 0.9375
vt 0.4375 0.9375
vt 0.3125 0.875
vt 0.4375 0.875
vt 0.3125 0.9375
vt 0.4375 0.9375
vt 0.3125 0.875
vt 0.4375 0.875
vt 0.3125 0.9375
vt 0.4375 0.9375
vt 0.3125 0.875
vt 0.4375 0.875
vn 1 0 0
vn 1 0 0
vn 1 0 0
vn 1 0 0
vn -1 0 0
vn -1 0 0
vn -1 0 0
vn -1 0 0
vn 0 1 0
vn 0 1 0
vn 0 1 0
vn 0 1 0
vn 0 -1 0
vn 0 -1 0
vn 0 -1 0
vn 0 -1 0
vn 0 0 1
vn 0 0 1
vn 0 0 1
vn 0 0 1
vn 0 0 -1
vn 0 0 -1
vn 0 0 -1
vn 0 0 -1
f 4609/4609/4609 4611/4611/4611 4610/4610/4610
f 4611/4611/4611 4612/4612/4612 4610/4610/4610
f 4613/4613/4613 4615/4615/4615 4614/4614/4614
f 4615/4615/4615 4616/4616/4616 4614/4614/4614
f 4617/4617/4617 4619/4619/4619 4618/4618/4618
f 4619/4619/4619 4620/4620/4620 4618/4618/4618
f 4621/4621/4621 4623/4623/4623 4622/4622/4622
f 4623/4623/4623 4624/4624/4624 4622/4622/4622
f 4625/4625/4625 4627/4627/4627 4626/4626/4626
f 4627/4627/4627 4628/4628/4628 4626/4626/4626
f 4629/4629/4629 4631/4631/4631 4630/4630/4630
f 4631/4631/4631 4632/4632/4632 4630/4630/4630
o blade_75
usemtl heartwood_green
v 1.7520453118905426 2.1757031249999996 0.08307812195271254
v 1.7520453118905426 2.1757031249999996 -0.08307812195271254
v 1.7520453118905426 2.111796875 0.08307812195271254
v 1.7520453118905426 2.111796875 -0.08307812195271254
v 1.6229546881094574 2.1757031249999996 -0.08307812195271254
v 1.6229546881094574 2.1757031249999996 0.08307812195271254
v 1.6229546881094574 2.111796875 -0.08307812195271254
v 1.6229546881094574 2.111796875 0.08307812195271254
v 1.6229546881094574 2.1757031249999996 -0.08307812195271254
v 1.7520453118905426 2.1757031249999996 -0.08307812195271254
v 1.6229546881094574 2.1757031249999996 0.08307812195271254
v 1.7520453118905426 2.1757031249999996 0.08307812195271254
v 1.6229546881094574 2.111796875 0.08307812195271254
v 1.7520453118905426 2.111796875 0.08307812195271254
v 1.6229546881094574 2.111796875 -0.08307812195271254
v 1.7520453118905426 2.111796875 -0.08307812195271254
v 1.6229546881094574 2.1757031249999996 0.08307812195271254
v 1.7520453118905426 2.1757031249999996 0.08307812195271254
v 1.6229546881094574 2.111796875 0.08307812195271254
v 1.7520453118905426 2.111796875 0.08307812195271254
v 1.7520453118905426 2.1757031249999996 -0.08307812195271254
v 1.6229546881094574 2.1757031249999996 -0.08307812195271254
v 1.7520453118905426 2.111796875 -0.08307812195271254
v 1.6229546881094574 2.111796875 -0.08307812195271254
vt 0.9375 0.0625
vt 1.125 0.0625
vt 0.9375 0
vt 1.125 0
vt 0.9375 0.0625
vt 1.125 0.0625
vt 0.9375 0
vt 1.125 0
vt 0.9375 0.1875
vt 1.0625 0.1875
vt 0.9375 0
vt 1.0625 0
vt 0.9375 0.1875
vt 1.0625 0.1875
vt 0.9375 0
vt 1.0625 0
vt 0.9375 0.0625
vt 1.0625 0.0625
vt 0.9375 0
vt 1.0625 0
vt 0.9375 0.0625
vt 1.0625 0.0625
vt 0.9375 0
vt 1.0625 0
vn 1 0 0
vn 1 0 0
vn 1 0 0
vn 1 0 0
vn -1 0 0
vn -1 0 0
vn -1 0 0
vn -1 0 0
vn 0 1 0
vn 0 1 0
vn 0 1 0
vn 0 1 0
vn 0 -1 0
vn 0 -1 0
vn 0 -1 0
vn 0 -1 0
vn 0 0 1
vn 0 0 1
vn 0 0 1
vn 0 0 1
vn 0 0 -1
vn 0 0 -1
vn 0 0 -1
vn 0 0 -1
f 4633/4633/4633 4635/4635/4635 4634/4634/4634
f 4635/4635/4635 4636/4636/4636 4634/4634/4634
f 4637/4637/4637 4639/4639/4639 4638/4638/4638
f 4639/4639/4639 4640/4640/4640 4638/4638/4638
f 4641/4641/4641 4643/4643/4643 4642/4642/4642
f 4643/4643/4643 4644/4644/4644 4642/4642/4642
f 4645/4645/4645 4647/4647/4647 4646/4646/4646
f 4647/4647/4647 4648/4648/4648 4646/4646/4646
f 4649/4649/4649 4651/4651/4651 4650/4650/4650
f 4651/4651/4651 4652/4652/4652 4650/4650/4650
f 4653/4653/4653 4655/4655/4655 4654/4654/4654
f 4655/4655/4655 4656/4656/4656 4654/4654/4654
o blade_76
usemtl thorn
v 1.7402000007852911 2.2571599990576505 0.04611249921470881
v 1.7402000007852911 2.2571599990576505 -0.04611249921470881
v 1.7402000007852911 2.172840000942349 0.04611249921470881
v 1.7402000007852911 2.172840000942349 -0.04611249921470881
v 1.6347999992147089 2.2571599990576505 -0.04611249921470881
v 1.6347999992147089 2.2571599990576505 0.04611249921470881
v 1.6347999992147089 2.172840000942349 -0.04611249921470881
v 1.6347999992147089 2.172840000942349 0.04611249921470881
v 1.6347999992147089 2.2571599990576505 -0.04611249921470881
v 1.7402000007852911 2.2571599990576505 -0.04611249921470881
v 1.6347999992147089 2.2571599990576505 0.04611249921470881
v 1.7402000007852911 2.2571599990576505 0.04611249921470881
v 1.6347999992147089 2.172840000942349 0.04611249921470881
v 1.7402000007852911 2.172840000942349 0.04611249921470881
v 1.6347999992147089 2.172840000942349 -0.04611249921470881
v 1.7402000007852911 2.172840000942349 -0.04611249921470881
v 1.6347999992147089 2.2571599990576505 0.04611249921470881
v 1.7402000007852911 2.2571599990576505 0.04611249921470881
v 1.6347999992147089 2.172840000942349 0.04611249921470881
v 1.7402000007852911 2.172840000942349 0.04611249921470881
v 1.7402000007852911 2.2571599990576505 -0.04611249921470881
v 1.6347999992147089 2.2571599990576505 -0.04611249921470881
v 1.7402000007852911 2.172840000942349 -0.04611249921470881
v 1.6347999992147089 2.172840000942349 -0.04611249921470881
vt 0.6875 0.125
vt 0.75 0.125
vt 0.6875 0.0625
vt 0.75 0.0625
vt 0.6875 0.125
vt 0.75 0.125
vt 0.6875 0.0625
vt 0.75 0.0625
vt 0.6875 0.125
vt 0.8125 0.125
vt 0.6875 0.0625
vt 0.8125 0.0625
vt 0.6875 0.125
vt 0.8125 0.125
vt 0.6875 0.0625
vt 0.8125 0.0625
vt 0.6875 0.125
vt 0.8125 0.125
vt 0.6875 0.0625
vt 0.8125 0.0625
vt 0.6875 0.125
vt 0.8125 0.125
vt 0.6875 0.0625
vt 0.8125 0.0625
vn 1 0 0
vn 1 0 0
vn 1 0 0
vn 1 0 0
vn -1 0 0
vn -1 0 0
vn -1 0 0
vn -1 0 0
vn 0 1 0
vn 0 1 0
vn 0 1 0
vn 0 1 0
vn 0 -1 0
vn 0 -1 0
vn 0 -1 0
vn 0 -1 0
vn 0 0 1
vn 0 0 1
vn 0 0 1
vn 0 0 1
vn 0 0 -1
vn 0 0 -1
vn 0 0 -1
vn 0 0 -1
f 4657/4657/4657 4659/4659/4659 4658/4658/4658
f 4659/4659/4659 4660/4660/4660 4658/4658/4658
f 4661/4661/4661 4663/4663/4663 4662/4662/4662
f 4663/4663/4663 4664/4664/4664 4662/4662/4662
f 4665/4665/4665 4667/4667/4667 4666/4666/4666
f 4667/4667/4667 4668/4668/4668 4666/4666/4666
f 4669/4669/4669 4671/4671/4671 4670/4670/4670
f 4671/4671/4671 4672/4672/4672 4670/4670/4670
f 4673/4673/4673 4675/4675/4675 4674/4674/4674
f 4675/4675/4675 4676/4676/4676 4674/4674/4674
f 4677/4677/4677 4679/4679/4679 4678/4678/4678
f 4679/4679/4679 4680/4680/4680 4678/4678/4678
o blade_77
usemtl thorn
v 1.64459375 2.255539999540895 0.03209375
v 1.64459375 2.255539999540895 -0.03209375
v 1.64459375 2.2144600004591046 0.03209375
v 1.64459375 2.2144600004591046 -0.03209375
v 1.58040625 2.255539999540895 -0.03209375
v 1.58040625 2.255539999540895 0.03209375
v 1.58040625 2.2144600004591046 -0.03209375
v 1.58040625 2.2144600004591046 0.03209375
v 1.58040625 2.255539999540895 -0.03209375
v 1.64459375 2.255539999540895 -0.03209375
v 1.58040625 2.255539999540895 0.03209375
v 1.64459375 2.255539999540895 0.03209375
v 1.58040625 2.2144600004591046 0.03209375
v 1.64459375 2.2144600004591046 0.03209375
v 1.58040625 2.2144600004591046 -0.03209375
v 1.64459375 2.2144600004591046 -0.03209375
v 1.58040625 2.255539999540895 0.03209375
v 1.64459375 2.255539999540895 0.03209375
v 1.58040625 2.2144600004591046 0.03209375
v 1.64459375 2.2144600004591046 0.03209375
v 1.64459375 2.255539999540895 -0.03209375
v 1.58040625 2.255539999540895 -0.03209375
v 1.64459375 2.2144600004591046 -0.03209375
v 1.58040625 2.2144600004591046 -0.03209375
vt 0.9375 0.625
vt 1 0.625
vt 0.9375 0.5625
vt 1 0.5625
vt 0.9375 0.625
vt 1 0.625
vt 0.9375 0.5625
vt 1 0.5625
vt 0.9375 0.625
vt 1 0.625
vt 0.9375 0.5625
vt 1 0.5625
vt 0.9375 0.625
vt 1 0.625
vt 0.9375 0.5625
vt 1 0.5625
vt 0.9375 0.625
vt 1 0.625
vt 0.9375 0.5625
vt 1 0.5625
vt 0.9375 0.625
vt 1 0.625
vt 0.9375 0.5625
vt 1 0.5625
vn 1 0 0
vn 1 0 0
vn 1 0 0
vn 1 0 0
vn -1 0 0
vn -1 0 0
vn -1 0 0
vn -1 0 0
vn 0 1 0
vn 0 1 0
vn 0 1 0
vn 0 1 0
vn 0 -1 0
vn 0 -1 0
vn 0 -1 0
vn 0 -1 0
vn 0 0 1
vn 0 0 1
vn 0 0 1
vn 0 0 1
vn 0 0 -1
vn 0 0 -1
vn 0 0 -1
vn 0 0 -1
f 4681/4681/4681 4683/4683/4683 4682/4682/4682
f 4683/4683/4683 4684/4684/4684 4682/4682/4682
f 4685/4685/4685 4687/4687/4687 4686/4686/4686
f 4687/4687/4687 4688/4688/4688 4686/4686/4686
f 4689/4689/4689 4691/4691/4691 4690/4690/4690
f 4691/4691/4691 4692/4692/4692 4690/4690/4690
f 4693/4693/4693 4695/4695/4695 4694/4694/4694
f 4695/4695/4695 4696/4696/4696 4694/4694/4694
f 4697/4697/4697 4699/4699/4699 4698/4698/4698
f 4699/4699/4699 4700/4700/4700 4698/4698/4698
f 4701/4701/4701 4703/4703/4703 4702/4702/4702
f 4703/4703/4703 4704/4704/4704 4702/4702/4702
o blade_78
usemtl leaf_blade
v 1.8756249994039536 1.875 0.0625
v 1.8756249994039536 1.875 -0.0625
v 1.8756249994039536 1.8125 0.0625
v 1.8756249994039536 1.8125 -0.0625
v 1.7493750005960464 1.875 -0.0625
v 1.7493750005960464 1.875 0.0625
v 1.7493750005960464 1.8125 -0.0625
v 1.7493750005960464 1.8125 0.0625
v 1.7493750005960464 1.875 -0.0625
v 1.8756249994039536 1.875 -0.0625
v 1.7493750005960464 1.875 0.0625
v 1.8756249994039536 1.875 0.0625
v 1.7493750005960464 1.8125 0.0625
v 1.8756249994039536 1.8125 0.0625
v 1.7493750005960464 1.8125 -0.0625
v 1.8756249994039536 1.8125 -0.0625
v 1.7493750005960464 1.875 0.0625
v 1.8756249994039536 1.875 0.0625
v 1.7493750005960464 1.8125 0.0625
v 1.8756249994039536 1.8125 0.0625
v 1.8756249994039536 1.875 -0.0625
v 1.7493750005960464 1.875 -0.0625
v 1.8756249994039536 1.8125 -0.0625
v 1.7493750005960464 1.8125 -0.0625
vt 0.4375 0.1875
vt 0.5625 0.1875
vt 0.4375 0.125
vt 0.5625 0.125
vt 0.4375 0.1875
vt 0.5625 0.1875
vt 0.4375 0.125
vt 0.5625 0.125
vt 0.4375 0.25
vt 0.5625 0.25
vt 0.4375 0.125
vt 0.5625 0.125
vt 0.4375 0.25
vt 0.5625 0.25
vt 0.4375 0.125
vt 0.5625 0.125
vt 0.4375 0.1875
vt 0.5625 0.1875
vt 0.4375 0.125
vt 0.5625 0.125
vt 0.4375 0.1875
vt 0.5625 0.1875
vt 0.4375 0.125
vt 0.5625 0.125
vn 1 0 0
vn 1 0 0
vn 1 0 0
vn 1 0 0
vn -1 0 0
vn -1 0 0
vn -1 0 0
vn -1 0 0
vn 0 1 0
vn 0 1 0
vn 0 1 0
vn 0 1 0
vn 0 -1 0
vn 0 -1 0
vn 0 -1 0
vn 0 -1 0
vn 0 0 1
vn 0 0 1
vn 0 0 1
vn 0 0 1
vn 0 0 -1
vn 0 0 -1
vn 0 0 -1
vn 0 0 -1
f 4705/4705/4705 4707/4707/4707 4706/4706/4706
f 4707/4707/4707 4708/4708/4708 4706/4706/4706
f 4709/4709/4709 4711/4711/4711 4710/4710/4710
f 4711/4711/4711 4712/4712/4712 4710/4710/4710
f 4713/4713/4713 4715/4715/4715 4714/4714/4714
f 4715/4715/4715 4716/4716/4716 4714/4714/4714
f 4717/4717/4717 4719/4719/4719 4718/4718/4718
f 4719/4719/4719 4720/4720/4720 4718/4718/4718
f 4721/4721/4721 4723/4723/4723 4722/4722/4722
f 4723/4723/4723 4724/4724/4724 4722/4722/4722
f 4725/4725/4725 4727/4727/4727 4726/4726/4726
f 4727/4727/4727 4728/4728/4728 4726/4726/4726
o blade_79
usemtl thorn_edge
v 1.877613436885178 1.8261812515370546 0.03545781326852739
v 1.877613436885178 1.8261812515370546 -0.03545781326852739
v 1.877613436885178 1.7488187484629452 0.03545781326852739
v 1.877613436885178 1.7488187484629452 -0.03545781326852739
v 1.747386563114822 1.8261812515370546 -0.03545781326852739
v 1.747386563114822 1.8261812515370546 0.03545781326852739
v 1.747386563114822 1.7488187484629452 -0.03545781326852739
v 1.747386563114822 1.7488187484629452 0.03545781326852739
v 1.747386563114822 1.8261812515370546 -0.03545781326852739
v 1.877613436885178 1.8261812515370546 -0.03545781326852739
v 1.747386563114822 1.8261812515370546 0.03545781326852739
v 1.877613436885178 1.8261812515370546 0.03545781326852739
v 1.747386563114822 1.7488187484629452 0.03545781326852739
v 1.877613436885178 1.7488187484629452 0.03545781326852739
v 1.747386563114822 1.7488187484629452 -0.03545781326852739
v 1.877613436885178 1.7488187484629452 -0.03545781326852739
v 1.747386563114822 1.8261812515370546 0.03545781326852739
v 1.877613436885178 1.8261812515370546 0.03545781326852739
v 1.747386563114822 1.7488187484629452 0.03545781326852739
v 1.877613436885178 1.7488187484629452 0.03545781326852739
v 1.877613436885178 1.8261812515370546 -0.03545781326852739
v 1.747386563114822 1.8261812515370546 -0.03545781326852739
v 1.877613436885178 1.7488187484629452 -0.03545781326852739
v 1.747386563114822 1.7488187484629452 -0.03545781326852739
vt 0.3125 0.9375
vt 0.375 0.9375
vt 0.3125 0.875
vt 0.375 0.875
vt 0.3125 0.9375
vt 0.375 0.9375
vt 0.3125 0.875
vt 0.375 0.875
vt 0.3125 0.9375
vt 0.4375 0.9375
vt 0.3125 0.875
vt 0.4375 0.875
vt 0.3125 0.9375
vt 0.4375 0.9375
vt 0.3125 0.875
vt 0.4375 0.875
vt 0.3125 0.9375
vt 0.4375 0.9375
vt 0.3125 0.875
vt 0.4375 0.875
vt 0.3125 0.9375
vt 0.4375 0.9375
vt 0.3125 0.875
vt 0.4375 0.875
vn 1 0 0
vn 1 0 0
vn 1 0 0
vn 1 0 0
vn -1 0 0
vn -1 0 0
vn -1 0 0
vn -1 0 0
vn 0 1 0
vn 0 1 0
vn 0 1 0
vn 0 1 0
vn 0 -1 0
vn 0 -1 0
vn 0 -1 0
vn 0 -1 0
vn 0 0 1
vn 0 0 1
vn 0 0 1
vn 0 0 1
vn 0 0 -1
vn 0 0 -1
vn 0 0 -1
vn 0 0 -1
f 4729/4729/4729 4731/4731/4731 4730/4730/4730
f 4731/4731/4731 4732/4732/4732 4730/4730/4730
f 4733/4733/4733 4735/4735/4735 4734/4734/4734
f 4735/4735/4735 4736/4736/4736 4734/4734/4734
f 4737/4737/4737 4739/4739/4739 4738/4738/4738
f 4739/4739/4739 4740/4740/4740 4738/4738/4738
f 4741/4741/4741 4743/4743/4743 4742/4742/4742
f 4743/4743/4743 4744/4744/4744 4742/4742/4742
f 4745/4745/4745 4747/4747/4747 4746/4746/4746
f 4747/4747/4747 4748/4748/4748 4746/4746/4746
f 4749/4749/4749 4751/4751/4751 4750/4750/4750
f 4751/4751/4751 4752/4752/4752 4750/4750/4750
o blade_80
usemtl heartwood_green
v 1.8759090619012713 1.925140625 0.0816156220063567
v 1.8759090619012713 1.925140625 -0.0816156220063567
v 1.8759090619012713 1.862359375 0.0816156220063567
v 1.8759090619012713 1.862359375 -0.0816156220063567
v 1.7490909380987287 1.925140625 -0.0816156220063567
v 1.7490909380987287 1.925140625 0.0816156220063567
v 1.7490909380987287 1.862359375 -0.0816156220063567
v 1.7490909380987287 1.862359375 0.0816156220063567
v 1.7490909380987287 1.925140625 -0.0816156220063567
v 1.8759090619012713 1.925140625 -0.0816156220063567
v 1.7490909380987287 1.925140625 0.0816156220063567
v 1.8759090619012713 1.925140625 0.0816156220063567
v 1.7490909380987287 1.862359375 0.0816156220063567
v 1.8759090619012713 1.862359375 0.0816156220063567
v 1.7490909380987287 1.862359375 -0.0816156220063567
v 1.8759090619012713 1.862359375 -0.0816156220063567
v 1.7490909380987287 1.925140625 0.0816156220063567
v 1.8759090619012713 1.925140625 0.0816156220063567
v 1.7490909380987287 1.862359375 0.0816156220063567
v 1.8759090619012713 1.862359375 0.0816156220063567
v 1.8759090619012713 1.925140625 -0.0816156220063567
v 1.7490909380987287 1.925140625 -0.0816156220063567
v 1.8759090619012713 1.862359375 -0.0816156220063567
v 1.7490909380987287 1.862359375 -0.0816156220063567
vt 0.9375 0.0625
vt 1.125 0.0625
vt 0.9375 0
vt 1.125 0
vt 0.9375 0.0625
vt 1.125 0.0625
vt 0.9375 0
vt 1.125 0
vt 0.9375 0.1875
vt 1.0625 0.1875
vt 0.9375 0
vt 1.0625 0
vt 0.9375 0.1875
vt 1.0625 0.1875
vt 0.9375 0
vt 1.0625 0
vt 0.9375 0.0625
vt 1.0625 0.0625
vt 0.9375 0
vt 1.0625 0
vt 0.9375 0.0625
vt 1.0625 0.0625
vt 0.9375 0
vt 1.0625 0
vn 1 0 0
vn 1 0 0
vn 1 0 0
vn 1 0 0
vn -1 0 0
vn -1 0 0
vn -1 0 0
vn -1 0 0
vn 0 1 0
vn 0 1 0
vn 0 1 0
vn 0 1 0
vn 0 -1 0
vn 0 -1 0
vn 0 -1 0
vn 0 -1 0
vn 0 0 1
vn 0 0 1
vn 0 0 1
vn 0 0 1
vn 0 0 -1
vn 0 0 -1
vn 0 0 -1
vn 0 0 -1
f 4753/4753/4753 4755/4755/4755 4754/4754/4754
f 4755/4755/4755 4756/4756/4756 4754/4754/4754
f 4757/4757/4757 4759/4759/4759 4758/4758/4758
f 4759/4759/4759 4760/4760/4760 4758/4758/4758
f 4761/4761/4761 4763/4763/4763 4762/4762/4762
f 4763/4763/4763 4764/4764/4764 4762/4762/4762
f 4765/4765/4765 4767/4767/4767 4766/4766/4766
f 4767/4767/4767 4768/4768/4768 4766/4766/4766
f 4769/4769/4769 4771/4771/4771 4770/4770/4770
f 4771/4771/4771 4772/4772/4772 4770/4770/4770
f 4773/4773/4773 4775/4775/4775 4774/4774/4774
f 4775/4775/4775 4776/4776/4776 4774/4774/4774
o blade_81
usemtl heartwood_green
v 0.061874999999999986 2.353875 0.1100750030875206
v 0.061874999999999986 2.353875 -0.1100750030875206
v 0.061874999999999986 1.771125 0.1100750030875206
v 0.061874999999999986 1.771125 -0.1100750030875206
v -0.26187499999999997 2.353875 -0.1100750030875206
v -0.26187499999999997 2.353875 0.1100750030875206
v -0.26187499999999997 1.771125 -0.1100750030875206
v -0.26187499999999997 1.771125 0.1100750030875206
v -0.26187499999999997 2.353875 -0.1100750030875206
v 0.061874999999999986 2.353875 -0.1100750030875206
v -0.26187499999999997 2.353875 0.1100750030875206
v 0.061874999999999986 2.353875 0.1100750030875206
v -0.26187499999999997 1.771125 0.1100750030875206
v 0.061874999999999986 1.771125 0.1100750030875206
v -0.26187499999999997 1.771125 -0.1100750030875206
v 0.061874999999999986 1.771125 -0.1100750030875206
v -0.26187499999999997 2.353875 0.1100750030875206
v 0.061874999999999986 2.353875 0.1100750030875206
v -0.26187499999999997 1.771125 0.1100750030875206
v 0.061874999999999986 1.771125 0.1100750030875206
v 0.061874999999999986 2.353875 -0.1100750030875206
v -0.26187499999999997 2.353875 -0.1100750030875206
v 0.061874999999999986 1.771125 -0.1100750030875206
v -0.26187499999999997 1.771125 -0.1100750030875206
vt 0.3125 0.75
vt 0.5 0.75
vt 0.3125 0.1875
vt 0.5 0.1875
vt 0.3125 0.75
vt 0.5 0.75
vt 0.3125 0.1875
vt 0.5 0.1875
vt 0.3125 0.375
vt 0.625 0.375
vt 0.3125 0.1875
vt 0.625 0.1875
vt 0.3125 0.375
vt 0.625 0.375
vt 0.3125 0.1875
vt 0.625 0.1875
vt 0.3125 0.75
vt 0.625 0.75
vt 0.3125 0.1875
vt 0.625 0.1875
vt 0.3125 0.75
vt 0.625 0.75
vt 0.3125 0.1875
vt 0.625 0.1875
vn 1 0 0
vn 1 0 0
vn 1 0 0
vn 1 0 0
vn -1 0 0
vn -1 0 0
vn -1 0 0
vn -1 0 0
vn 0 1 0
vn 0 1 0
vn 0 1 0
vn 0 1 0
vn 0 -1 0
vn 0 -1 0
vn 0 -1 0
vn 0 -1 0
vn 0 0 1
vn 0 0 1
vn 0 0 1
vn 0 0 1
vn 0 0 -1
vn 0 0 -1
vn 0 0 -1
vn 0 0 -1
f 4777/4777/4777 4779/4779/4779 4778/4778/4778
f 4779/4779/4779 4780/4780/4780 4778/4778/4778
f 4781/4781/4781 4783/4783/4783 4782/4782/4782
f 4783/4783/4783 4784/4784/4784 4782/4782/4782
f 4785/4785/4785 4787/4787/4787 4786/4786/4786
f 4787/4787/4787 4788/4788/4788 4786/4786/4786
f 4789/4789/4789 4791/4791/4791 4790/4790/4790
f 4791/4791/4791 4792/4792/4792 4790/4790/4790
f 4793/4793/4793 4795/4795/4795 4794/4794/4794
f 4795/4795/4795 4796/4796/4796 4794/4794/4794
f 4797/4797/4797 4799/4799/4799 4798/4798/4798
f 4799/4799/4799 4800/4800/4800 4798/4798/4798
o blade_82
usemtl branch_wood
v 0.08918749999999998 2.406643749248236 0.11981874849647282
v 0.08918749999999998 2.406643749248236 -0.11981874849647282
v 0.08918749999999998 2.3183562507517634 0.11981874849647282
v 0.08918749999999998 2.3183562507517634 -0.11981874849647282
v -0.2891875 2.406643749248236 -0.11981874849647282
v -0.2891875 2.406643749248236 0.11981874849647282
v -0.2891875 2.3183562507517634 -0.11981874849647282
v -0.2891875 2.3183562507517634 0.11981874849647282
v -0.2891875 2.406643749248236 -0.11981874849647282
v 0.08918749999999998 2.406643749248236 -0.11981874849647282
v -0.2891875 2.406643749248236 0.11981874849647282
v 0.08918749999999998 2.406643749248236 0.11981874849647282
v -0.2891875 2.3183562507517634 0.11981874849647282
v 0.08918749999999998 2.3183562507517634 0.11981874849647282
v -0.2891875 2.3183562507517634 -0.11981874849647282
v 0.08918749999999998 2.3183562507517634 -0.11981874849647282
v -0.2891875 2.406643749248236 0.11981874849647282
v 0.08918749999999998 2.406643749248236 0.11981874849647282
v -0.2891875 2.3183562507517634 0.11981874849647282
v 0.08918749999999998 2.3183562507517634 0.11981874849647282
v 0.08918749999999998 2.406643749248236 -0.11981874849647282
v -0.2891875 2.406643749248236 -0.11981874849647282
v 0.08918749999999998 2.3183562507517634 -0.11981874849647282
v -0.2891875 2.3183562507517634 -0.11981874849647282
vt 0.9375 0.5625
vt 1.1875 0.5625
vt 0.9375 0.5
vt 1.1875 0.5
vt 0.9375 0.5625
vt 1.1875 0.5625
vt 0.9375 0.5
vt 1.1875 0.5
vt 0.9375 0.75
vt 1.3125 0.75
vt 0.9375 0.5
vt 1.3125 0.5
vt 0.9375 0.75
vt 1.3125 0.75
vt 0.9375 0.5
vt 1.3125 0.5
vt 0.9375 0.5625
vt 1.3125 0.5625
vt 0.9375 0.5
vt 1.3125 0.5
vt 0.9375 0.5625
vt 1.3125 0.5625
vt 0.9375 0.5
vt 1.3125 0.5
vn 0.9999999999999999 0 0
vn 0.9999999999999999 0 0
vn 0.9999999999999999 0 0
vn 0.9999999999999999 0 0
vn -0.9999999999999999 0 0
vn -0.9999999999999999 0 0
vn -0.9999999999999999 0 0
vn -0.9999999999999999 0 0
vn 0 0.9999999999999999 0
vn 0 0.9999999999999999 0
vn 0 0.9999999999999999 0
vn 0 0.9999999999999999 0
vn 0 -0.9999999999999999 0
vn 0 -0.9999999999999999 0
vn 0 -0.9999999999999999 0
vn 0 -0.9999999999999999 0
vn 0 0 0.9999999999999999
vn 0 0 0.9999999999999999
vn 0 0 0.9999999999999999
vn 0 0 0.9999999999999999
vn 0 0 -0.9999999999999999
vn 0 0 -0.9999999999999999
vn 0 0 -0.9999999999999999
vn 0 0 -0.9999999999999999
f 4801/4801/4801 4803/4803/4803 4802/4802/4802
f 4803/4803/4803 4804/4804/4804 4802/4802/4802
f 4805/4805/4805 4807/4807/4807 4806/4806/4806
f 4807/4807/4807 4808/4808/4808 4806/4806/4806
f 4809/4809/4809 4811/4811/4811 4810/4810/4810
f 4811/4811/4811 4812/4812/4812 4810/4810/4810
f 4813/4813/4813 4815/4815/4815 4814/4814/4814
f 4815/4815/4815 4816/4816/4816 4814/4814/4814
f 4817/4817/4817 4819/4819/4819 4818/4818/4818
f 4819/4819/4819 4820/4820/4820 4818/4818/4818
f 4821/4821/4821 4823/4823/4823 4822/4822/4822
f 4823/4823/4823 4824/4824/4824 4822/4822/4822
o blade_83
usemtl thorn
v -0.179984375 2.591296875 0.032515625
v -0.179984375 2.591296875 -0.032515625
v -0.179984375 2.396203125 0.032515625
v -0.179984375 2.396203125 -0.032515625
v -0.245015625 2.591296875 -0.032515625
v -0.245015625 2.591296875 0.032515625
v -0.245015625 2.396203125 -0.032515625
v -0.245015625 2.396203125 0.032515625
v -0.245015625 2.591296875 -0.032515625
v -0.179984375 2.591296875 -0.032515625
v -0.245015625 2.591296875 0.032515625
v -0.179984375 2.591296875 0.032515625
v -0.245015625 2.396203125 0.032515625
v -0.179984375 2.396203125 0.032515625
v -0.245015625 2.396203125 -0.032515625
v -0.179984375 2.396203125 -0.032515625
v -0.245015625 2.591296875 0.032515625
v -0.179984375 2.591296875 0.032515625
v -0.245015625 2.396203125 0.032515625
v -0.179984375 2.396203125 0.032515625
v -0.179984375 2.591296875 -0.032515625
v -0.245015625 2.591296875 -0.032515625
v -0.179984375 2.396203125 -0.032515625
v -0.245015625 2.396203125 -0.032515625
vt 0.9375 0.25
vt 1 0.25
vt 0.9375 0.0625
vt 1 0.0625
vt 0.9375 0.25
vt 1 0.25
vt 0.9375 0.0625
vt 1 0.0625
vt 0.9375 0.125
vt 1 0.125
vt 0.9375 0.0625
vt 1 0.0625
vt 0.9375 0.125
vt 1 0.125
vt 0.9375 0.0625
vt 1 0.0625
vt 0.9375 0.25
vt 1 0.25
vt 0.9375 0.0625
vt 1 0.0625
vt 0.9375 0.25
vt 1 0.25
vt 0.9375 0.0625
vt 1 0.0625
vn 1 0 0
vn 1 0 0
vn 1 0 0
vn 1 0 0
vn -1 0 0
vn -1 0 0
vn -1 0 0
vn -1 0 0
vn 0 1 0
vn 0 1 0
vn 0 1 0
vn 0 1 0
vn 0 -1 0
vn 0 -1 0
vn 0 -1 0
vn 0 -1 0
vn 0 0 1
vn 0 0 1
vn 0 0 1
vn 0 0 1
vn 0 0 -1
vn 0 0 -1
vn 0 0 -1
vn 0 0 -1
f 4825/4825/4825 4827/4827/4827 4826/4826/4826
f 4827/4827/4827 4828/4828/4828 4826/4826/4826
f 4829/4829/4829 4831/4831/4831 4830/4830/4830
f 4831/4831/4831 4832/4832/4832 4830/4830/4830
f 4833/4833/4833 4835/4835/4835 4834/4834/4834
f 4835/4835/4835 4836/4836/4836 4834/4834/4834
f 4837/4837/4837 4839/4839/4839 4838/4838/4838
f 4839/4839/4839 4840/4840/4840 4838/4838/4838
f 4841/4841/4841 4843/4843/4843 4842/4842/4842
f 4843/4843/4843 4844/4844/4844 4842/4842/4842
f 4845/4845/4845 4847/4847/4847 4846/4846/4846
f 4847/4847/4847 4848/4848/4848 4846/4846/4846
o blade_84
usemtl thorn
v -0.043328124999999995 2.6891875 0.031671875
v -0.043328124999999995 2.6891875 -0.031671875
v -0.043328124999999995 2.4358125 0.031671875
v -0.043328124999999995 2.4358125 -0.031671875
v -0.106671875 2.6891875 -0.031671875
v -0.106671875 2.6891875 0.031671875
v -0.106671875 2.4358125 -0.031671875
v -0.106671875 2.4358125 0.031671875
v -0.106671875 2.6891875 -0.031671875
v -0.043328124999999995 2.6891875 -0.031671875
v -0.106671875 2.6891875 0.031671875
v -0.043328124999999995 2.6891875 0.031671875
v -0.106671875 2.4358125 0.031671875
v -0.043328124999999995 2.4358125 0.031671875
v -0.106671875 2.4358125 -0.031671875
v -0.043328124999999995 2.4358125 -0.031671875
v -0.106671875 2.6891875 0.031671875
v -0.043328124999999995 2.6891875 0.031671875
v -0.106671875 2.4358125 0.031671875
v -0.043328124999999995 2.4358125 0.031671875
v -0.043328124999999995 2.6891875 -0.031671875
v -0.106671875 2.6891875 -0.031671875
v -0.043328124999999995 2.4358125 -0.031671875
v -0.106671875 2.4358125 -0.031671875
vt 0.5625 0.6875
vt 0.625 0.6875
vt 0.5625 0.4375
vt 0.625 0.4375
vt 0.5625 0.6875
vt 0.625 0.6875
vt 0.5625 0.4375
vt 0.625 0.4375
vt 0.5625 0.5
vt 0.625 0.5
vt 0.5625 0.4375
vt 0.625 0.4375
vt 0.5625 0.5
vt 0.625 0.5
vt 0.5625 0.4375
vt 0.625 0.4375
vt 0.5625 0.6875
vt 0.625 0.6875
vt 0.5625 0.4375
vt 0.625 0.4375
vt 0.5625 0.6875
vt 0.625 0.6875
vt 0.5625 0.4375
vt 0.625 0.4375
vn 1 0 0
vn 1 0 0
vn 1 0 0
vn 1 0 0
vn -1 0 0
vn -1 0 0
vn -1 0 0
vn -1 0 0
vn 0 1 0
vn 0 1 0
vn 0 1 0
vn 0 1 0
vn 0 -1 0
vn 0 -1 0
vn 0 -1 0
vn 0 -1 0
vn 0 0 1
vn 0 0 1
vn 0 0 1
vn 0 0 1
vn 0 0 -1
vn 0 0 -1
vn 0 0 -1
vn 0 0 -1
f 4849/4849/4849 4851/4851/4851 4850/4850/4850
f 4851/4851/4851 4852/4852/4852 4850/4850/4850
f 4853/4853/4853 4855/4855/4855 4854/4854/4854
f 4855/4855/4855 4856/4856/4856 4854/4854/4854
f 4857/4857/4857 4859/4859/4859 4858/4858/4858
f 4859/4859/4859 4860/4860/4860 4858/4858/4858
f 4861/4861/4861 4863/4863/4863 4862/4862/4862
f 4863/4863/4863 4864/4864/4864 4862/4862/4862
f 4865/4865/4865 4867/4867/4867 4866/4866/4866
f 4867/4867/4867 4868/4868/4868 4866/4866/4866
f 4869/4869/4869 4871/4871/4871 4870/4870/4870
f 4871/4871/4871 4872/4872/4872 4870/4870/4870
o blade_85
usemtl thorn
v 0.09515625 2.566156246885657 0.03265625
v 0.09515625 2.566156246885657 -0.03265625
v 0.09515625 2.3963437531143423 0.03265625
v 0.09515625 2.3963437531143423 -0.03265625
v 0.029843750000000002 2.566156246885657 -0.03265625
v 0.029843750000000002 2.566156246885657 0.03265625
v 0.029843750000000002 2.3963437531143423 -0.03265625
v 0.029843750000000002 2.3963437531143423 0.03265625
v 0.029843750000000002 2.566156246885657 -0.03265625
v 0.09515625 2.566156246885657 -0.03265625
v 0.029843750000000002 2.566156246885657 0.03265625
v 0.09515625 2.566156246885657 0.03265625
v 0.029843750000000002 2.3963437531143423 0.03265625
v 0.09515625 2.3963437531143423 0.03265625
v 0.029843750000000002 2.3963437531143423 -0.03265625
v 0.09515625 2.3963437531143423 -0.03265625
v 0.029843750000000002 2.566156246885657 0.03265625
v 0.09515625 2.566156246885657 0.03265625
v 0.029843750000000002 2.3963437531143423 0.03265625
v 0.09515625 2.3963437531143423 0.03265625
v 0.09515625 2.566156246885657 -0.03265625
v 0.029843750000000002 2.566156246885657 -0.03265625
v 0.09515625 2.3963437531143423 -0.03265625
v 0.029843750000000002 2.3963437531143423 -0.03265625
vt 0.875 0.3125
vt 0.9375 0.3125
vt 0.875 0.125
vt 0.9375 0.125
vt 0.875 0.3125
vt 0.9375 0.3125
vt 0.875 0.125
vt 0.9375 0.125
vt 0.875 0.1875
vt 0.9375 0.1875
vt 0.875 0.125
vt 0.9375 0.125
vt 0.875 0.1875
vt 0.9375 0.1875
vt 0.875 0.125
vt 0.9375 0.125
vt 0.875 0.3125
vt 0.9375 0.3125
vt 0.875 0.125
vt 0.9375 0.125
vt 0.875 0.3125
vt 0.9375 0.3125
vt 0.875 0.125
vt 0.9375 0.125
vn 1 0 0
vn 1 0 0
vn 1 0 0
vn 1 0 0
vn -1 0 0
vn -1 0 0
vn -1 0 0
vn -1 0 0
vn 0 1 0
vn 0 1 0
vn 0 1 0
vn 0 1 0
vn 0 -1 0
vn 0 -1 0
vn 0 -1 0
vn 0 -1 0
vn 0 0 1
vn 0 0 1
vn 0 0 1
vn 0 0 1
vn 0 0 -1
vn 0 0 -1
vn 0 0 -1
vn 0 0 -1
f 4873/4873/4873 4875/4875/4875 4874/4874/4874
f 4875/4875/4875 4876/4876/4876 4874/4874/4874
f 4877/4877/4877 4879/4879/4879 4878/4878/4878
f 4879/4879/4879 4880/4880/4880 4878/4878/4878
f 4881/4881/4881 4883/4883/4883 4882/4882/4882
f 4883/4883/4883 4884/4884/4884 4882/4882/4882
f 4885/4885/4885 4887/4887/4887 4886/4886/4886
f 4887/4887/4887 4888/4888/4888 4886/4886/4886
f 4889/4889/4889 4891/4891/4891 4890/4890/4890
f 4891/4891/4891 4892/4892/4892 4890/4890/4890
f 4893/4893/4893 4895/4895/4895 4894/4894/4894
f 4895/4895/4895 4896/4896/4896 4894/4894/4894
o thorn_0_86
usemtl thorn
v -0.030496710526315796 1.8511562890138782 0.0318125
v -0.030496710526315796 1.8511562890138782 -0.0318125
v -0.030496710526315782 1.9529562905308162 0.0318125
v -0.030496710526315782 1.9529562905308162 -0.0318125
v 0.0331282894736842 1.8511562890138782 -0.0318125
v 0.0331282894736842 1.8511562890138782 0.0318125
v 0.033128289473684215 1.9529562905308162 -0.0318125
v 0.033128289473684215 1.9529562905308162 0.0318125
v 0.0331282894736842 1.8511562890138782 -0.0318125
v -0.030496710526315796 1.8511562890138782 -0.0318125
v 0.0331282894736842 1.8511562890138782 0.0318125
v -0.030496710526315796 1.8511562890138782 0.0318125
v 0.033128289473684215 1.9529562905308162 0.0318125
v -0.030496710526315782 1.9529562905308162 0.0318125
v 0.033128289473684215 1.9529562905308162 -0.0318125
v -0.030496710526315782 1.9529562905308162 -0.0318125
v 0.0331282894736842 1.8511562890138782 0.0318125
v -0.030496710526315796 1.8511562890138782 0.0318125
v 0.033128289473684215 1.9529562905308162 0.0318125
v -0.030496710526315782 1.9529562905308162 0.0318125
v -0.030496710526315796 1.8511562890138782 -0.0318125
v 0.0331282894736842 1.8511562890138782 -0.0318125
v -0.030496710526315782 1.9529562905308162 -0.0318125
v 0.033128289473684215 1.9529562905308162 -0.0318125
vt 0 0.25
vt 0.0625 0.25
vt 0 0.125
vt 0.0625 0.125
vt 0 0.25
vt 0.0625 0.25
vt 0 0.125
vt 0.0625 0.125
vt 0 0.1875
vt 0.0625 0.1875
vt 0 0.125
vt 0.0625 0.125
vt 0 0.1875
vt 0.0625 0.1875
vt 0 0.125
vt 0.0625 0.125
vt 0 0.25
vt 0.0625 0.25
vt 0 0.125
vt 0.0625 0.125
vt 0 0.25
vt 0.0625 0.25
vt 0 0.125
vt 0.0625 0.125
vn -0.9999999999999999 1.2246467991473532e-16 0
vn -0.9999999999999999 1.2246467991473532e-16 0
vn -0.9999999999999999 1.2246467991473532e-16 0
vn -0.9999999999999999 1.2246467991473532e-16 0
vn 0.9999999999999999 -1.2246467991473532e-16 0
vn 0.9999999999999999 -1.2246467991473532e-16 0
vn 0.9999999999999999 -1.2246467991473532e-16 0
vn 0.9999999999999999 -1.2246467991473532e-16 0
vn -1.2246467991473532e-16 -0.9999999999999999 0
vn -1.2246467991473532e-16 -0.9999999999999999 0
vn -1.2246467991473532e-16 -0.9999999999999999 0
vn -1.2246467991473532e-16 -0.9999999999999999 0
vn 1.2246467991473532e-16 0.9999999999999999 0
vn 1.2246467991473532e-16 0.9999999999999999 0
vn 1.2246467991473532e-16 0.9999999999999999 0
vn 1.2246467991473532e-16 0.9999999999999999 0
vn 0 0 0.9999999999999999
vn 0 0 0.9999999999999999
vn 0 0 0.9999999999999999
vn 0 0 0.9999999999999999
vn 0 0 -0.9999999999999999
vn 0 0 -0.9999999999999999
vn 0 0 -0.9999999999999999
vn 0 0 -0.9999999999999999
f 4897/4897/4897 4899/4899/4899 4898/4898/4898
f 4899/4899/4899 4900/4900/4900 4898/4898/4898
f 4901/4901/4901 4903/4903/4903 4902/4902/4902
f 4903/4903/4903 4904/4904/4904 4902/4902/4902
f 4905/4905/4905 4907/4907/4907 4906/4906/4906
f 4907/4907/4907 4908/4908/4908 4906/4906/4906
f 4909/4909/4909 4911/4911/4911 4910/4910/4910
f 4911/4911/4911 4912/4912/4912 4910/4910/4910
f 4913/4913/4913 4915/4915/4915 4914/4914/4914
f 4915/4915/4915 4916/4916/4916 4914/4914/4914
f 4917/4917/4917 4919/4919/4919 4918/4918/4918
f 4919/4919/4919 4920/4920/4920 4918/4918/4918
o thorn_0_87
usemtl thorn
v -0.01672249216728502 1.7877000382084705 0.01803828164096922
v -0.01672249216728502 1.7877000382084705 -0.01803828164096922
v -0.016722492167285014 1.866412541336224 0.01803828164096922
v -0.016722492167285014 1.866412541336224 -0.01803828164096922
v 0.019354071114653416 1.7877000382084705 -0.01803828164096922
v 0.019354071114653416 1.7877000382084705 0.01803828164096922
v 0.019354071114653423 1.866412541336224 -0.01803828164096922
v 0.019354071114653423 1.866412541336224 0.01803828164096922
v 0.019354071114653416 1.7877000382084705 -0.01803828164096922
v -0.01672249216728502 1.7877000382084705 -0.01803828164096922
v 0.019354071114653416 1.7877000382084705 0.01803828164096922
v -0.01672249216728502 1.7877000382084705 0.01803828164096922
v 0.019354071114653423 1.866412541336224 0.01803828164096922
v -0.016722492167285014 1.866412541336224 0.01803828164096922
v 0.019354071114653423 1.866412541336224 -0.01803828164096922
v -0.016722492167285014 1.866412541336224 -0.01803828164096922
v 0.019354071114653416 1.7877000382084705 0.01803828164096922
v -0.01672249216728502 1.7877000382084705 0.01803828164096922
v 0.019354071114653423 1.866412541336224 0.01803828164096922
v -0.016722492167285014 1.866412541336224 0.01803828164096922
v -0.01672249216728502 1.7877000382084705 -0.01803828164096922
v 0.019354071114653416 1.7877000382084705 -0.01803828164096922
v -0.016722492167285014 1.866412541336224 -0.01803828164096922
v 0.019354071114653423 1.866412541336224 -0.01803828164096922
vt 0.1875 0.1875
vt 0.25 0.1875
vt 0.1875 0.125
vt 0.25 0.125
vt 0.1875 0.1875
vt 0.25 0.1875
vt 0.1875 0.125
vt 0.25 0.125
vt 0.1875 0.1875
vt 0.25 0.1875
vt 0.1875 0.125
vt 0.25 0.125
vt 0.1875 0.1875
vt 0.25 0.1875
vt 0.1875 0.125
vt 0.25 0.125
vt 0.1875 0.1875
vt 0.25 0.1875
vt 0.1875 0.125
vt 0.25 0.125
vt 0.1875 0.1875
vt 0.25 0.1875
vt 0.1875 0.125
vt 0.25 0.125
vn -1 1.224646799147353e-16 0
vn -1 1.224646799147353e-16 0
vn -1 1.224646799147353e-16 0
vn -1 1.224646799147353e-16 0
vn 1 -1.224646799147353e-16 0
vn 1 -1.224646799147353e-16 0
vn 1 -1.224646799147353e-16 0
vn 1 -1.224646799147353e-16 0
vn -1.224646799147353e-16 -1 0
vn -1.224646799147353e-16 -1 0
vn -1.224646799147353e-16 -1 0
vn -1.224646799147353e-16 -1 0
vn 1.224646799147353e-16 1 0
vn 1.224646799147353e-16 1 0
vn 1.224646799147353e-16 1 0
vn 1.224646799147353e-16 1 0
vn 0 0 1
vn 0 0 1
vn 0 0 1
vn 0 0 1
vn 0 0 -1
vn 0 0 -1
vn 0 0 -1
vn 0 0 -1
f 4921/4921/4921 4923/4923/4923 4922/4922/4922
f 4923/4923/4923 4924/4924/4924 4922/4922/4922
f 4925/4925/4925 4927/4927/4927 4926/4926/4926
f 4927/4927/4927 4928/4928/4928 4926/4926/4926
f 4929/4929/4929 4931/4931/4931 4930/4930/4930
f 4931/4931/4931 4932/4932/4932 4930/4930/4930
f 4933/4933/4933 4935/4935/4935 4934/4934/4934
f 4935/4935/4935 4936/4936/4936 4934/4934/4934
f 4937/4937/4937 4939/4939/4939 4938/4938/4938
f 4939/4939/4939 4940/4940/4940 4938/4938/4938
f 4941/4941/4941 4943/4943/4943 4942/4942/4942
f 4943/4943/4943 4944/4944/4944 4942/4942/4942
o thorn_1_88
usemtl thorn
v 0.24304687500000002 1.9002252305388994 0.031953125
v 0.24304687500000002 1.9002252305388994 -0.031953125
v 0.24304687500000002 2.002475232062543 0.031953125
v 0.24304687500000002 2.002475232062543 -0.031953125
v 0.306953125 1.9002252305388994 -0.031953125
v 0.306953125 1.9002252305388994 0.031953125
v 0.30695312500000005 2.002475232062543 -0.031953125
v 0.30695312500000005 2.002475232062543 0.031953125
v 0.306953125 1.9002252305388994 -0.031953125
v 0.24304687500000002 1.9002252305388994 -0.031953125
v 0.306953125 1.9002252305388994 0.031953125
v 0.24304687500000002 1.9002252305388994 0.031953125
v 0.30695312500000005 2.002475232062543 0.031953125
v 0.24304687500000002 2.002475232062543 0.031953125
v 0.30695312500000005 2.002475232062543 -0.031953125
v 0.24304687500000002 2.002475232062543 -0.031953125
v 0.306953125 1.9002252305388994 0.031953125
v 0.24304687500000002 1.9002252305388994 0.031953125
v 0.30695312500000005 2.002475232062543 0.031953125
v 0.24304687500000002 2.002475232062543 0.031953125
v 0.24304687500000002 1.9002252305388994 -0.031953125
v 0.306953125 1.9002252305388994 -0.031953125
v 0.24304687500000002 2.002475232062543 -0.031953125
v 0.30695312500000005 2.002475232062543 -0.031953125
vt 0 0.25
vt 0.0625 0.25
vt 0 0.125
vt 0.0625 0.125
vt 0 0.25
vt 0.0625 0.25
vt 0 0.125
vt 0.0625 0.125
vt 0 0.1875
vt 0.0625 0.1875
vt 0 0.125
vt 0.0625 0.125
vt 0 0.1875
vt 0.0625 0.1875
vt 0 0.125
vt 0.0625 0.125
vt 0 0.25
vt 0.0625 0.25
vt 0 0.125
vt 0.0625 0.125
vt 0 0.25
vt 0.0625 0.25
vt 0 0.125
vt 0.0625 0.125
vn -1 1.2246467991473535e-16 0
vn -1 1.2246467991473535e-16 0
vn -1 1.2246467991473535e-16 0
vn -1 1.2246467991473535e-16 0
vn 1 -1.2246467991473535e-16 0
vn 1 -1.2246467991473535e-16 0
vn 1 -1.2246467991473535e-16 0
vn 1 -1.2246467991473535e-16 0
vn -1.2246467991473535e-16 -1 0
vn -1.2246467991473535e-16 -1 0
vn -1.2246467991473535e-16 -1 0
vn -1.2246467991473535e-16 -1 0
vn 1.2246467991473535e-16 1 0
vn 1.2246467991473535e-16 1 0
vn 1.2246467991473535e-16 1 0
vn 1.2246467991473535e-16 1 0
vn 0 0 1
vn 0 0 1
vn 0 0 1
vn 0 0 1
vn 0 0 -1
vn 0 0 -1
vn 0 0 -1
vn 0 0 -1
f 4945/4945/4945 4947/4947/4947 4946/4946/4946
f 4947/4947/4947 4948/4948/4948 4946/4946/4946
f 4949/4949/4949 4951/4951/4951 4950/4950/4950
f 4951/4951/4951 4952/4952/4952 4950/4950/4950
f 4953/4953/4953 4955/4955/4955 4954/4954/4954
f 4955/4955/4955 4956/4956/4956 4954/4954/4954
f 4957/4957/4957 4959/4959/4959 4958/4958/4958
f 4959/4959/4959 4960/4960/4960 4958/4958/4958
f 4961/4961/4961 4963/4963/4963 4962/4962/4962
f 4963/4963/4963 4964/4964/4964 4962/4962/4962
f 4965/4965/4965 4967/4967/4967 4966/4966/4966
f 4967/4967/4967 4968/4968/4968 4966/4966/4966
o thorn_1_89
usemtl thorn
v 0.2568843746073544 1.8368252297301388 0.0181156253926456
v 0.2568843746073544 1.8368252297301388 -0.0181156253926456
v 0.2568843746073544 1.9158752328713036 0.0181156253926456
v 0.2568843746073544 1.9158752328713036 -0.0181156253926456
v 0.29311562539264563 1.8368252297301388 -0.0181156253926456
v 0.29311562539264563 1.8368252297301388 0.0181156253926456
v 0.29311562539264563 1.9158752328713036 -0.0181156253926456
v 0.29311562539264563 1.9158752328713036 0.0181156253926456
v 0.29311562539264563 1.8368252297301388 -0.0181156253926456
v 0.2568843746073544 1.8368252297301388 -0.0181156253926456
v 0.29311562539264563 1.8368252297301388 0.0181156253926456
v 0.2568843746073544 1.8368252297301388 0.0181156253926456
v 0.29311562539264563 1.9158752328713036 0.0181156253926456
v 0.2568843746073544 1.9158752328713036 0.0181156253926456
v 0.29311562539264563 1.9158752328713036 -0.0181156253926456
v 0.2568843746073544 1.9158752328713036 -0.0181156253926456
v 0.29311562539264563 1.8368252297301388 0.0181156253926456
v 0.2568843746073544 1.8368252297301388 0.0181156253926456
v 0.29311562539264563 1.9158752328713036 0.0181156253926456
v 0.2568843746073544 1.9158752328713036 0.0181156253926456
v 0.2568843746073544 1.8368252297301388 -0.0181156253926456
v 0.29311562539264563 1.8368252297301388 -0.0181156253926456
v 0.2568843746073544 1.9158752328713036 -0.0181156253926456
v 0.29311562539264563 1.9158752328713036 -0.0181156253926456
vt 0.1875 0.1875
vt 0.25 0.1875
vt 0.1875 0.125
vt 0.25 0.125
vt 0.1875 0.1875
vt 0.25 0.1875
vt 0.1875 0.125
vt 0.25 0.125
vt 0.1875 0.1875
vt 0.25 0.1875
vt 0.1875 0.125
vt 0.25 0.125
vt 0.1875 0.1875
vt 0.25 0.1875
vt 0.1875 0.125
vt 0.25 0.125
vt 0.1875 0.1875
vt 0.25 0.1875
vt 0.1875 0.125
vt 0.25 0.125
vt 0.1875 0.1875
vt 0.25 0.1875
vt 0.1875 0.125
vt 0.25 0.125
vn -1 1.2246467991473532e-16 0
vn -1 1.2246467991473532e-16 0
vn -1 1.2246467991473532e-16 0
vn -1 1.2246467991473532e-16 0
vn 1 -1.2246467991473532e-16 0
vn 1 -1.2246467991473532e-16 0
vn 1 -1.2246467991473532e-16 0
vn 1 -1.2246467991473532e-16 0
vn -1.2246467991473532e-16 -1 0
vn -1.2246467991473532e-16 -1 0
vn -1.2246467991473532e-16 -1 0
vn -1.2246467991473532e-16 -1 0
vn 1.2246467991473532e-16 1 0
vn 1.2246467991473532e-16 1 0
vn 1.2246467991473532e-16 1 0
vn 1.2246467991473532e-16 1 0
vn 0 0 1
vn 0 0 1
vn 0 0 1
vn 0 0 1
vn 0 0 -1
vn 0 0 -1
vn 0 0 -1
vn 0 0 -1
f 4969/4969/4969 4971/4971/4971 4970/4970/4970
f 4971/4971/4971 4972/4972/4972 4970/4970/4970
f 4973/4973/4973 4975/4975/4975 4974/4974/4974
f 4975/4975/4975 4976/4976/4976 4974/4974/4974
f 4977/4977/4977 4979/4979/4979 4978/4978/4978
f 4979/4979/4979 4980/4980/4980 4978/4978/4978
f 4981/4981/4981 4983/4983/4983 4982/4982/4982
f 4983/4983/4983 4984/4984/4984 4982/4982/4982
f 4985/4985/4985 4987/4987/4987 4986/4986/4986
f 4987/4987/4987 4988/4988/4988 4986/4986/4986
f 4989/4989/4989 4991/4991/4991 4990/4990/4990
f 4991/4991/4991 4992/4992/4992 4990/4990/4990
o thorn_2_90
usemtl thorn
v 0.5165904605263157 1.9457082373471628 0.03209375
v 0.5165904605263157 1.9457082373471628 -0.03209375
v 0.5165904605263157 2.048408238877512 0.03209375
v 0.5165904605263157 2.048408238877512 -0.03209375
v 0.5807779605263158 1.9457082373471628 -0.03209375
v 0.5807779605263158 1.9457082373471628 0.03209375
v 0.5807779605263158 2.048408238877512 -0.03209375
v 0.5807779605263158 2.048408238877512 0.03209375
v 0.5807779605263158 1.9457082373471628 -0.03209375
v 0.5165904605263157 1.9457082373471628 -0.03209375
v 0.5807779605263158 1.9457082373471628 0.03209375
v 0.5165904605263157 1.9457082373471628 0.03209375
v 0.5807779605263158 2.048408238877512 0.03209375
v 0.5165904605263157 2.048408238877512 0.03209375
v 0.5807779605263158 2.048408238877512 -0.03209375
v 0.5165904605263157 2.048408238877512 -0.03209375
v 0.5807779605263158 1.9457082373471628 0.03209375
v 0.5165904605263157 1.9457082373471628 0.03209375
v 0.5807779605263158 2.048408238877512 0.03209375
v 0.5165904605263157 2.048408238877512 0.03209375
v 0.5165904605263157 1.9457082373471628 -0.03209375
v 0.5807779605263158 1.9457082373471628 -0.03209375
v 0.5165904605263157 2.048408238877512 -0.03209375
v 0.5807779605263158 2.048408238877512 -0.03209375
vt 0 0.25
vt 0.0625 0.25
vt 0 0.125
vt 0.0625 0.125
vt 0 0.25
vt 0.0625 0.25
vt 0 0.125
vt 0.0625 0.125
vt 0 0.1875
vt 0.0625 0.1875
vt 0 0.125
vt 0.0625 0.125
vt 0 0.1875
vt 0.0625 0.1875
vt 0 0.125
vt 0.0625 0.125
vt 0 0.25
vt 0.0625 0.25
vt 0 0.125
vt 0.0625 0.125
vt 0 0.25
vt 0.0625 0.25
vt 0 0.125
vt 0.0625 0.125
vn -1 1.224646799147353e-16 0
vn -1 1.224646799147353e-16 0
vn -1 1.224646799147353e-16 0
vn -1 1.224646799147353e-16 0
vn 1 -1.224646799147353e-16 0
vn 1 -1.224646799147353e-16 0
vn 1 -1.224646799147353e-16 0
vn 1 -1.224646799147353e-16 0
vn -1.224646799147353e-16 -1 0
vn -1.224646799147353e-16 -1 0
vn -1.224646799147353e-16 -1 0
vn -1.224646799147353e-16 -1 0
vn 1.224646799147353e-16 1 0
vn 1.224646799147353e-16 1 0
vn 1.224646799147353e-16 1 0
vn 1.224646799147353e-16 1 0
vn 0 0 1
vn 0 0 1
vn 0 0 1
vn 0 0 1
vn 0 0 -1
vn 0 0 -1
vn 0 0 -1
vn 0 0 -1
f 4993/4993/4993 4995/4995/4995 4994/4994/4994
f 4995/4995/4995 4996/4996/4996 4994/4994/4994
f 4997/4997/4997 4999/4999/4999 4998/4998/4998
f 4999/4999/4999 5000/5000/5000 4998/4998/4998
f 5001/5001/5001 5003/5003/5003 5002/5002/5002
f 5003/5003/5003 5004/5004/5004 5002/5002/5002
f 5005/5005/5005 5007/5007/5007 5006/5006/5006
f 5007/5007/5007 5008/5008/5008 5006/5006/5006
f 5009/5009/5009 5011/5011/5011 5010/5010/5010
f 5011/5011/5011 5012/5012/5012 5010/5010/5010
f 5013/5013/5013 5015/5015/5015 5014/5014/5014
f 5015/5015/5015 5016/5016/5016 5014/5014/5014
o thorn_2_91
usemtl thorn
v 0.5314967101537867 1.8845582366222213 0.01718750037252903
v 0.5314967101537867 1.8845582366222213 -0.01718750037252903
v 0.5314967101537867 1.9595582396024536 0.01718750037252903
v 0.5314967101537867 1.9595582396024536 -0.01718750037252903
v 0.5658717108988448 1.8845582366222213 -0.01718750037252903
v 0.5658717108988448 1.8845582366222213 0.01718750037252903
v 0.5658717108988448 1.9595582396024536 -0.01718750037252903
v 0.5658717108988448 1.9595582396024536 0.01718750037252903
v 0.5658717108988448 1.8845582366222213 -0.01718750037252903
v 0.5314967101537867 1.8845582366222213 -0.01718750037252903
v 0.5658717108988448 1.8845582366222213 0.01718750037252903
v 0.5314967101537867 1.8845582366222213 0.01718750037252903
v 0.5658717108988448 1.9595582396024536 0.01718750037252903
v 0.5314967101537867 1.9595582396024536 0.01718750037252903
v 0.5658717108988448 1.9595582396024536 -0.01718750037252903
v 0.5314967101537867 1.9595582396024536 -0.01718750037252903
v 0.5658717108988448 1.8845582366222213 0.01718750037252903
v 0.5314967101537867 1.8845582366222213 0.01718750037252903
v 0.5658717108988448 1.9595582396024536 0.01718750037252903
v 0.5314967101537867 1.9595582396024536 0.01718750037252903
v 0.5314967101537867 1.8845582366222213 -0.01718750037252903
v 0.5658717108988448 1.8845582366222213 -0.01718750037252903
v 0.5314967101537867 1.9595582396024536 -0.01718750037252903
v 0.5658717108988448 1.9595582396024536 -0.01718750037252903
vt 0.1875 0.1875
vt 0.25 0.1875
vt 0.1875 0.125
vt 0.25 0.125
vt 0.1875 0.1875
vt 0.25 0.1875
vt 0.1875 0.125
vt 0.25 0.125
vt 0.1875 0.1875
vt 0.25 0.1875
vt 0.1875 0.125
vt 0.25 0.125
vt 0.1875 0.1875
vt 0.25 0.1875
vt 0.1875 0.125
vt 0.25 0.125
vt 0.1875 0.1875
vt 0.25 0.1875
vt 0.1875 0.125
vt 0.25 0.125
vt 0.1875 0.1875
vt 0.25 0.1875
vt 0.1875 0.125
vt 0.25 0.125
vn -1 1.2246467991473532e-16 0
vn -1 1.2246467991473532e-16 0
vn -1 1.2246467991473532e-16 0
vn -1 1.2246467991473532e-16 0
vn 1 -1.2246467991473532e-16 0
vn 1 -1.2246467991473532e-16 0
vn 1 -1.2246467991473532e-16 0
vn 1 -1.2246467991473532e-16 0
vn -1.2246467991473532e-16 -1 0
vn -1.2246467991473532e-16 -1 0
vn -1.2246467991473532e-16 -1 0
vn -1.2246467991473532e-16 -1 0
vn 1.2246467991473532e-16 1 0
vn 1.2246467991473532e-16 1 0
vn 1.2246467991473532e-16 1 0
vn 1.2246467991473532e-16 1 0
vn 0 0 1
vn 0 0 1
vn 0 0 1
vn 0 0 1
vn 0 0 -1
vn 0 0 -1
vn 0 0 -1
vn 0 0 -1
f 5017/5017/5017 5019/5019/5019 5018/5018/5018
f 5019/5019/5019 5020/5020/5020 5018/5018/5018
f 5021/5021/5021 5023/5023/5023 5022/5022/5022
f 5023/5023/5023 5024/5024/5024 5022/5022/5022
f 5025/5025/5025 5027/5027/5027 5026/5026/5026
f 5027/5027/5027 5028/5028/5028 5026/5026/5026
f 5029/5029/5029 5031/5031/5031 5030/5030/5030
f 5031/5031/5031 5032/5032/5032 5030/5030/5030
f 5033/5033/5033 5035/5035/5035 5034/5034/5034
f 5035/5035/5035 5036/5036/5036 5034/5034/5034
f 5037/5037/5037 5039/5039/5039 5038/5038/5038
f 5039/5039/5039 5040/5040/5040 5038/5038/5038
o thorn_3_92
usemtl thorn
v 0.7901340460526315 1.926816210660619 0.032234375
v 0.7901340460526315 1.926816210660619 -0.032234375
v 0.7901340460526315 2.029966212197674 0.032234375
v 0.7901340460526315 2.029966212197674 -0.032234375
v 0.8546027960526316 1.926816210660619 -0.032234375
v 0.8546027960526316 1.926816210660619 0.032234375
v 0.8546027960526316 2.0299662121976736 -0.032234375
v 0.8546027960526316 2.0299662121976736 0.032234375
v 0.8546027960526316 1.926816210660619 -0.032234375
v 0.7901340460526315 1.926816210660619 -0.032234375
v 0.8546027960526316 1.926816210660619 0.032234375
v 0.7901340460526315 1.926816210660619 0.032234375
v 0.8546027960526316 2.0299662121976736 0.032234375
v 0.7901340460526315 2.029966212197674 0.032234375
v 0.8546027960526316 2.0299662121976736 -0.032234375
v 0.7901340460526315 2.029966212197674 -0.032234375
v 0.8546027960526316 1.926816210660619 0.032234375
v 0.7901340460526315 1.926816210660619 0.032234375
v 0.8546027960526316 2.0299662121976736 0.032234375
v 0.7901340460526315 2.029966212197674 0.032234375
v 0.7901340460526315 1.926816210660619 -0.032234375
v 0.8546027960526316 1.926816210660619 -0.032234375
v 0.7901340460526315 2.029966212197674 -0.032234375
v 0.8546027960526316 2.0299662121976736 -0.032234375
vt 0 0.25
vt 0.0625 0.25
vt 0 0.125
vt 0.0625 0.125
vt 0 0.25
vt 0.0625 0.25
vt 0 0.125
vt 0.0625 0.125
vt 0 0.1875
vt 0.0625 0.1875
vt 0 0.125
vt 0.0625 0.125
vt 0 0.1875
vt 0.0625 0.1875
vt 0 0.125
vt 0.0625 0.125
vt 0 0.25
vt 0.0625 0.25
vt 0 0.125
vt 0.0625 0.125
vt 0 0.25
vt 0.0625 0.25
vt 0 0.125
vt 0.0625 0.125
vn -1 1.2246467991473532e-16 0
vn -1 1.2246467991473532e-16 0
vn -1 1.2246467991473532e-16 0
vn -1 1.2246467991473532e-16 0
vn 1 -1.2246467991473532e-16 0
vn 1 -1.2246467991473532e-16 0
vn 1 -1.2246467991473532e-16 0
vn 1 -1.2246467991473532e-16 0
vn -1.2246467991473532e-16 -1 0
vn -1.2246467991473532e-16 -1 0
vn -1.2246467991473532e-16 -1 0
vn -1.2246467991473532e-16 -1 0
vn 1.2246467991473532e-16 1 0
vn 1.2246467991473532e-16 1 0
vn 1.2246467991473532e-16 1 0
vn 1.2246467991473532e-16 1 0
vn 0 0 1
vn 0 0 1
vn 0 0 1
vn 0 0 1
vn 0 0 -1
vn 0 0 -1
vn 0 0 -1
vn 0 0 -1
f 5041/5041/5041 5043/5043/5043 5042/5042/5042
f 5043/5043/5043 5044/5044/5044 5042/5042/5042
f 5045/5045/5045 5047/5047/5047 5046/5046/5046
f 5047/5047/5047 5048/5048/5048 5046/5046/5046
f 5049/5049/5049 5051/5051/5051 5050/5050/5050
f 5051/5051/5051 5052/5052/5052 5050/5050/5050
f 5053/5053/5053 5055/5055/5055 5054/5054/5054
f 5055/5055/5055 5056/5056/5056 5054/5054/5054
f 5057/5057/5057 5059/5059/5059 5058/5058/5058
f 5059/5059/5059 5060/5060/5060 5058/5058/5058
f 5061/5061/5061 5063/5063/5063 5062/5062/5062
f 5063/5063/5063 5064/5064/5064 5062/5062/5062
o thorn_3_93
usemtl thorn
v 0.8051035769284262 1.8657224599323248 0.01726484412420541
v 0.8051035769284262 1.8657224599323248 -0.01726484412420541
v 0.8051035769284262 1.9410599629259682 0.01726484412420541
v 0.8051035769284262 1.9410599629259682 -0.01726484412420541
v 0.8396332651768369 1.8657224599323248 -0.01726484412420541
v 0.8396332651768369 1.8657224599323248 0.01726484412420541
v 0.8396332651768369 1.9410599629259682 -0.01726484412420541
v 0.8396332651768369 1.9410599629259682 0.01726484412420541
v 0.8396332651768369 1.8657224599323248 -0.01726484412420541
v 0.8051035769284262 1.8657224599323248 -0.01726484412420541
v 0.8396332651768369 1.8657224599323248 0.01726484412420541
v 0.8051035769284262 1.8657224599323248 0.01726484412420541
v 0.8396332651768369 1.9410599629259682 0.01726484412420541
v 0.8051035769284262 1.9410599629259682 0.01726484412420541
v 0.8396332651768369 1.9410599629259682 -0.01726484412420541
v 0.8051035769284262 1.9410599629259682 -0.01726484412420541
v 0.8396332651768369 1.8657224599323248 0.01726484412420541
v 0.8051035769284262 1.8657224599323248 0.01726484412420541
v 0.8396332651768369 1.9410599629259682 0.01726484412420541
v 0.8051035769284262 1.9410599629259682 0.01726484412420541
v 0.8051035769284262 1.8657224599323248 -0.01726484412420541
v 0.8396332651768369 1.8657224599323248 -0.01726484412420541
v 0.8051035769284262 1.9410599629259682 -0.01726484412420541
v 0.8396332651768369 1.9410599629259682 -0.01726484412420541
vt 0.1875 0.1875
vt 0.25 0.1875
vt 0.1875 0.125
vt 0.25 0.125
vt 0.1875 0.1875
vt 0.25 0.1875
vt 0.1875 0.125
vt 0.25 0.125
vt 0.1875 0.1875
vt 0.25 0.1875
vt 0.1875 0.125
vt 0.25 0.125
vt 0.1875 0.1875
vt 0.25 0.1875
vt 0.1875 0.125
vt 0.25 0.125
vt 0.1875 0.1875
vt 0.25 0.1875
vt 0.1875 0.125
vt 0.25 0.125
vt 0.1875 0.1875
vt 0.25 0.1875
vt 0.1875 0.125
vt 0.25 0.125
vn -1 1.2246467991473535e-16 0
vn -1 1.2246467991473535e-16 0
vn -1 1.2246467991473535e-16 0
vn -1 1.2246467991473535e-16 0
vn 1 -1.2246467991473535e-16 0
vn 1 -1.2246467991473535e-16 0
vn 1 -1.2246467991473535e-16 0
vn 1 -1.2246467991473535e-16 0
vn -1.2246467991473535e-16 -1 0
vn -1.2246467991473535e-16 -1 0
vn -1.2246467991473535e-16 -1 0
vn -1.2246467991473535e-16 -1 0
vn 1.2246467991473535e-16 1 0
vn 1.2246467991473535e-16 1 0
vn 1.2246467991473535e-16 1 0
vn 1.2246467991473535e-16 1 0
vn 0 0 1
vn 0 0 1
vn 0 0 1
vn 0 0 1
vn 0 0 -1
vn 0 0 -1
vn 0 0 -1
vn 0 0 -1
f 5065/5065/5065 5067/5067/5067 5066/5066/5066
f 5067/5067/5067 5068/5068/5068 5066/5066/5066
f 5069/5069/5069 5071/5071/5071 5070/5070/5070
f 5071/5071/5071 5072/5072/5072 5070/5070/5070
f 5073/5073/5073 5075/5075/5075 5074/5074/5074
f 5075/5075/5075 5076/5076/5076 5074/5074/5074
f 5077/5077/5077 5079/5079/5079 5078/5078/5078
f 5079/5079/5079 5080/5080/5080 5078/5078/5078
f 5081/5081/5081 5083/5083/5083 5082/5082/5082
f 5083/5083/5083 5084/5084/5084 5082/5082/5082
f 5085/5085/5085 5087/5087/5087 5086/5086/5086
f 5087/5087/5087 5088/5088/5088 5086/5086/5086
o thorn_4_94
usemtl thorn
v 1.0636776315789473 1.9691573962189126 0.032375
v 1.0636776315789473 1.9691573962189126 -0.032375
v 1.0636776315789473 2.0727573977626728 0.032375
v 1.0636776315789473 2.0727573977626728 -0.032375
v 1.1284276315789474 1.9691573962189126 -0.032375
v 1.1284276315789474 1.9691573962189126 0.032375
v 1.1284276315789474 2.0727573977626728 -0.032375
v 1.1284276315789474 2.0727573977626728 0.032375
v 1.1284276315789474 1.9691573962189126 -0.032375
v 1.0636776315789473 1.9691573962189126 -0.032375
v 1.1284276315789474 1.9691573962189126 0.032375
v 1.0636776315789473 1.9691573962189126 0.032375
v 1.1284276315789474 2.0727573977626728 0.032375
v 1.0636776315789473 2.0727573977626728 0.032375
v 1.1284276315789474 2.0727573977626728 -0.032375
v 1.0636776315789473 2.0727573977626728 -0.032375
v 1.1284276315789474 1.9691573962189126 0.032375
v 1.0636776315789473 1.9691573962189126 0.032375
v 1.1284276315789474 2.0727573977626728 0.032375
v 1.0636776315789473 2.0727573977626728 0.032375
v 1.0636776315789473 1.9691573962189126 -0.032375
v 1.1284276315789474 1.9691573962189126 -0.032375
v 1.0636776315789473 2.0727573977626728 -0.032375
v 1.1284276315789474 2.0727573977626728 -0.032375
vt 0 0.25
vt 0.0625 0.25
vt 0 0.125
vt 0.0625 0.125
vt 0 0.25
vt 0.0625 0.25
vt 0 0.125
vt 0.0625 0.125
vt 0 0.1875
vt 0.0625 0.1875
vt 0 0.125
vt 0.0625 0.125
vt 0 0.1875
vt 0.0625 0.1875
vt 0 0.125
vt 0.0625 0.125
vt 0 0.25
vt 0.0625 0.25
vt 0 0.125
vt 0.0625 0.125
vt 0 0.25
vt 0.0625 0.25
vt 0 0.125
vt 0.0625 0.125
vn -1 1.2246467991473532e-16 0
vn -1 1.2246467991473532e-16 0
vn -1 1.2246467991473532e-16 0
vn -1 1.2246467991473532e-16 0
vn 1 -1.2246467991473532e-16 0
vn 1 -1.2246467991473532e-16 0
vn 1 -1.2246467991473532e-16 0
vn 1 -1.2246467991473532e-16 0
vn -1.2246467991473532e-16 -1 0
vn -1.2246467991473532e-16 -1 0
vn -1.2246467991473532e-16 -1 0
vn -1.2246467991473532e-16 -1 0
vn 1.2246467991473532e-16 1 0
vn 1.2246467991473532e-16 1 0
vn 1.2246467991473532e-16 1 0
vn 1.2246467991473532e-16 1 0
vn 0 0 1
vn 0 0 1
vn 0 0 1
vn 0 0 1
vn 0 0 -1
vn 0 0 -1
vn 0 0 -1
vn 0 0 -1
f 5089/5089/5089 5091/5091/5091 5090/5090/5090
f 5091/5091/5091 5092/5092/5092 5090/5090/5090
f 5093/5093/5093 5095/5095/5095 5094/5094/5094
f 5095/5095/5095 5096/5096/5096 5094/5094/5094
f 5097/5097/5097 5099/5099/5099 5098/5098/5098
f 5099/5099/5099 5100/5100/5100 5098/5098/5098
f 5101/5101/5101 5103/5103/5103 5102/5102/5102
f 5103/5103/5103 5104/5104/5104 5102/5102/5102
f 5105/5105/5105 5107/5107/5107 5106/5106/5106
f 5107/5107/5107 5108/5108/5108 5106/5106/5106
f 5109/5109/5109 5111/5111/5111 5110/5110/5110
f 5111/5111/5111 5112/5112/5112 5110/5110/5110
o thorn_4_95
usemtl thorn
v 1.0787104437030657 1.9081198954872658 0.01734218787588179
v 1.0787104437030657 1.9081198954872658 -0.01734218787588179
v 1.0787104437030657 1.98379489849432 0.01734218787588179
v 1.0787104437030657 1.98379489849432 -0.01734218787588179
v 1.113394819454829 1.9081198954872658 -0.01734218787588179
v 1.113394819454829 1.9081198954872658 0.01734218787588179
v 1.113394819454829 1.98379489849432 -0.01734218787588179
v 1.113394819454829 1.98379489849432 0.01734218787588179
v 1.113394819454829 1.9081198954872658 -0.01734218787588179
v 1.0787104437030657 1.9081198954872658 -0.01734218787588179
v 1.113394819454829 1.9081198954872658 0.01734218787588179
v 1.0787104437030657 1.9081198954872658 0.01734218787588179
v 1.113394819454829 1.98379489849432 0.01734218787588179
v 1.0787104437030657 1.98379489849432 0.01734218787588179
v 1.113394819454829 1.98379489849432 -0.01734218787588179
v 1.0787104437030657 1.98379489849432 -0.01734218787588179
v 1.113394819454829 1.9081198954872658 0.01734218787588179
v 1.0787104437030657 1.9081198954872658 0.01734218787588179
v 1.113394819454829 1.98379489849432 0.01734218787588179
v 1.0787104437030657 1.98379489849432 0.01734218787588179
v 1.0787104437030657 1.9081198954872658 -0.01734218787588179
v 1.113394819454829 1.9081198954872658 -0.01734218787588179
v 1.0787104437030657 1.98379489849432 -0.01734218787588179
v 1.113394819454829 1.98379489849432 -0.01734218787588179
vt 0.1875 0.1875
vt 0.25 0.1875
vt 0.1875 0.125
vt 0.25 0.125
vt 0.1875 0.1875
vt 0.25 0.1875
vt 0.1875 0.125
vt 0.25 0.125
vt 0.1875 0.1875
vt 0.25 0.1875
vt 0.1875 0.125
vt 0.25 0.125
vt 0.1875 0.1875
vt 0.25 0.1875
vt 0.1875 0.125
vt 0.25 0.125
vt 0.1875 0.1875
vt 0.25 0.1875
vt 0.1875 0.125
vt 0.25 0.125
vt 0.1875 0.1875
vt 0.25 0.1875
vt 0.1875 0.125
vt 0.25 0.125
vn -0.9999999999999999 1.2246467991473532e-16 0
vn -0.9999999999999999 1.2246467991473532e-16 0
vn -0.9999999999999999 1.2246467991473532e-16 0
vn -0.9999999999999999 1.2246467991473532e-16 0
vn 0.9999999999999999 -1.2246467991473532e-16 0
vn 0.9999999999999999 -1.2246467991473532e-16 0
vn 0.9999999999999999 -1.2246467991473532e-16 0
vn 0.9999999999999999 -1.2246467991473532e-16 0
vn -1.2246467991473532e-16 -0.9999999999999999 0
vn -1.2246467991473532e-16 -0.9999999999999999 0
vn -1.2246467991473532e-16 -0.9999999999999999 0
vn -1.2246467991473532e-16 -0.9999999999999999 0
vn 1.2246467991473532e-16 0.9999999999999999 0
vn 1.2246467991473532e-16 0.9999999999999999 0
vn 1.2246467991473532e-16 0.9999999999999999 0
vn 1.2246467991473532e-16 0.9999999999999999 0
vn 0 0 0.9999999999999999
vn 0 0 0.9999999999999999
vn 0 0 0.9999999999999999
vn 0 0 0.9999999999999999
vn 0 0 -0.9999999999999999
vn 0 0 -0.9999999999999999
vn 0 0 -0.9999999999999999
vn 0 0 -0.9999999999999999
f 5113/5113/5113 5115/5115/5115 5114/5114/5114
f 5115/5115/5115 5116/5116/5116 5114/5114/5114
f 5117/5117/5117 5119/5119/5119 5118/5118/5118
f 5119/5119/5119 5120/5120/5120 5118/5118/5118
f 5121/5121/5121 5123/5123/5123 5122/5122/5122
f 5123/5123/5123 5124/5124/5124 5122/5122/5122
f 5125/5125/5125 5127/5127/5127 5126/5126/5126
f 5127/5127/5127 5128/5128/5128 5126/5126/5126
f 5129/5129/5129 5131/5131/5131 5130/5130/5130
f 5131/5131/5131 5132/5132/5132 5130/5130/5130
f 5133/5133/5133 5135/5135/5135 5134/5134/5134
f 5135/5135/5135 5136/5136/5136 5134/5134/5134
o thorn_5_96
usemtl thorn
v 1.337221217105263 1.9480467473594343 0.032515625
v 1.337221217105263 1.9480467473594343 -0.032515625
v 1.337221217105263 2.0520967489099 0.032515625
v 1.337221217105263 2.0520967489099 -0.032515625
v 1.4022524671052632 1.9480467473594343 -0.032515625
v 1.4022524671052632 1.9480467473594343 0.032515625
v 1.4022524671052632 2.0520967489099 -0.032515625
v 1.4022524671052632 2.0520967489099 0.032515625
v 1.4022524671052632 1.9480467473594343 -0.032515625
v 1.337221217105263 1.9480467473594343 -0.032515625
v 1.4022524671052632 1.9480467473594343 0.032515625
v 1.337221217105263 1.9480467473594343 0.032515625
v 1.4022524671052632 2.0520967489099 0.032515625
v 1.337221217105263 2.0520967489099 0.032515625
v 1.4022524671052632 2.0520967489099 -0.032515625
v 1.337221217105263 2.0520967489099 -0.032515625
v 1.4022524671052632 1.9480467473594343 0.032515625
v 1.337221217105263 1.9480467473594343 0.032515625
v 1.4022524671052632 2.0520967489099 0.032515625
v 1.337221217105263 2.0520967489099 0.032515625
v 1.337221217105263 1.9480467473594343 -0.032515625
v 1.4022524671052632 1.9480467473594343 -0.032515625
v 1.337221217105263 2.0520967489099 -0.032515625
v 1.4022524671052632 2.0520967489099 -0.032515625
vt 0 0.25
vt 0.0625 0.25
vt 0 0.125
vt 0.0625 0.125
vt 0 0.25
vt 0.0625 0.25
vt 0 0.125
vt 0.0625 0.125
vt 0 0.1875
vt 0.0625 0.1875
vt 0 0.125
vt 0.0625 0.125
vt 0 0.1875
vt 0.0625 0.1875
vt 0 0.125
vt 0.0625 0.125
vt 0 0.25
vt 0.0625 0.25
vt 0 0.125
vt 0.0625 0.125
vt 0 0.25
vt 0.0625 0.25
vt 0 0.125
vt 0.0625 0.125
vn -1 1.2246467991473532e-16 0
vn -1 1.2246467991473532e-16 0
vn -1 1.2246467991473532e-16 0
vn -1 1.2246467991473532e-16 0
vn 1 -1.2246467991473532e-16 0
vn 1 -1.2246467991473532e-16 0
vn 1 -1.2246467991473532e-16 0
vn 1 -1.2246467991473532e-16 0
vn -1.2246467991473532e-16 -1 0
vn -1.2246467991473532e-16 -1 0
vn -1.2246467991473532e-16 -1 0
vn -1.2246467991473532e-16 -1 0
vn 1.2246467991473532e-16 1 0
vn 1.2246467991473532e-16 1 0
vn 1.2246467991473532e-16 1 0
vn 1.2246467991473532e-16 1 0
vn 0 0 1
vn 0 0 1
vn 0 0 1
vn 0 0 1
vn 0 0 -1
vn 0 0 -1
vn 0 0 -1
vn 0 0 -1
f 5137/5137/5137 5139/5139/5139 5138/5138/5138
f 5139/5139/5139 5140/5140/5140 5138/5138/5138
f 5141/5141/5141 5143/5143/5143 5142/5142/5142
f 5143/5143/5143 5144/5144/5144 5142/5142/5142
f 5145/5145/5145 5147/5147/5147 5146/5146/5146
f 5147/5147/5147 5148/5148/5148 5146/5146/5146
f 5149/5149/5149 5151/5151/5151 5150/5150/5150
f 5151/5151/5151 5152/5152/5152 5150/5150/5150
f 5153/5153/5153 5155/5155/5155 5154/5154/5154
f 5155/5155/5155 5156/5156/5156 5154/5154/5154
f 5157/5157/5157 5159/5159/5159 5158/5158/5158
f 5159/5159/5159 5160/5160/5160 5158/5158/5158
o thorn_5_97
usemtl thorn
v 1.3523173104777049 1.8870654966244347 0.017419531627558174
v 1.3523173104777049 1.8870654966244347 -0.017419531627558174
v 1.3523173104777049 1.9630779996449 0.017419531627558174
v 1.3523173104777049 1.9630779996449 -0.017419531627558174
v 1.3871563737328214 1.8870654966244347 -0.017419531627558174
v 1.3871563737328214 1.8870654966244347 0.017419531627558174
v 1.3871563737328214 1.9630779996449 -0.017419531627558174
v 1.3871563737328214 1.9630779996449 0.017419531627558174
v 1.3871563737328214 1.8870654966244347 -0.017419531627558174
v 1.3523173104777049 1.8870654966244347 -0.017419531627558174
v 1.3871563737328214 1.8870654966244347 0.017419531627558174
v 1.3523173104777049 1.8870654966244347 0.017419531627558174
v 1.3871563737328214 1.9630779996449 0.017419531627558174
v 1.3523173104777049 1.9630779996449 0.017419531627558174
v 1.3871563737328214 1.9630779996449 -0.017419531627558174
v 1.3523173104777049 1.9630779996449 -0.017419531627558174
v 1.3871563737328214 1.8870654966244347 0.017419531627558174
v 1.3523173104777049 1.8870654966244347 0.017419531627558174
v 1.3871563737328214 1.9630779996449 0.017419531627558174
v 1.3523173104777049 1.9630779996449 0.017419531627558174
v 1.3523173104777049 1.8870654966244347 -0.017419531627558174
v 1.3871563737328214 1.8870654966244347 -0.017419531627558174
v 1.3523173104777049 1.9630779996449 -0.017419531627558174
v 1.3871563737328214 1.9630779996449 -0.017419531627558174
vt 0.1875 0.1875
vt 0.25 0.1875
vt 0.1875 0.125
vt 0.25 0.125
vt 0.1875 0.1875
vt 0.25 0.1875
vt 0.1875 0.125
vt 0.25 0.125
vt 0.1875 0.1875
vt 0.25 0.1875
vt 0.1875 0.125
vt 0.25 0.125
vt 0.1875 0.1875
vt 0.25 0.1875
vt 0.1875 0.125
vt 0.25 0.125
vt 0.1875 0.1875
vt 0.25 0.1875
vt 0.1875 0.125
vt 0.25 0.125
vt 0.1875 0.1875
vt 0.25 0.1875
vt 0.1875 0.125
vt 0.25 0.125
vn -1 1.2246467991473532e-16 0
vn -1 1.2246467991473532e-16 0
vn -1 1.2246467991473532e-16 0
vn -1 1.2246467991473532e-16 0
vn 1 -1.2246467991473532e-16 0
vn 1 -1.2246467991473532e-16 0
vn 1 -1.2246467991473532e-16 0
vn 1 -1.2246467991473532e-16 0
vn -1.2246467991473532e-16 -1 0
vn -1.2246467991473532e-16 -1 0
vn -1.2246467991473532e-16 -1 0
vn -1.2246467991473532e-16 -1 0
vn 1.2246467991473532e-16 1 0
vn 1.2246467991473532e-16 1 0
vn 1.2246467991473532e-16 1 0
vn 1.2246467991473532e-16 1 0
vn 0 0 1
vn 0 0 1
vn 0 0 1
vn 0 0 1
vn 0 0 -1
vn 0 0 -1
vn 0 0 -1
vn 0 0 -1
f 5161/5161/5161 5163/5163/5163 5162/5162/5162
f 5163/5163/5163 5164/5164/5164 5162/5162/5162
f 5165/5165/5165 5167/5167/5167 5166/5166/5166
f 5167/5167/5167 5168/5168/5168 5166/5166/5166
f 5169/5169/5169 5171/5171/5171 5170/5170/5170
f 5171/5171/5171 5172/5172/5172 5170/5170/5170
f 5173/5173/5173 5175/5175/5175 5174/5174/5174
f 5175/5175/5175 5176/5176/5176 5174/5174/5174
f 5177/5177/5177 5179/5179/5179 5178/5178/5178
f 5179/5179/5179 5180/5180/5180 5178/5178/5178
f 5181/5181/5181 5183/5183/5183 5182/5182/5182
f 5183/5183/5183 5184/5184/5184 5182/5182/5182
o thorn_6_98
usemtl thorn
v 1.5897121710526316 1.9230576929242007 0.03265625
v 1.5897121710526316 1.9230576929242007 -0.03265625
v 1.5897121710526316 2.027557694481372 0.03265625
v 1.5897121710526316 2.027557694481372 -0.03265625
v 1.6550246710526317 1.9230576929242005 -0.03265625
v 1.6550246710526317 1.9230576929242005 0.03265625
v 1.6550246710526317 2.027557694481372 -0.03265625
v 1.6550246710526317 2.027557694481372 0.03265625
v 1.6550246710526317 1.9230576929242005 -0.03265625
v 1.5897121710526316 1.9230576929242007 -0.03265625
v 1.6550246710526317 1.9230576929242005 0.03265625
v 1.5897121710526316 1.9230576929242007 0.03265625
v 1.6550246710526317 2.027557694481372 0.03265625
v 1.5897121710526316 2.027557694481372 0.03265625
v 1.6550246710526317 2.027557694481372 -0.03265625
v 1.5897121710526316 2.027557694481372 -0.03265625
v 1.6550246710526317 1.9230576929242005 0.03265625
v 1.5897121710526316 1.9230576929242007 0.03265625
v 1.6550246710526317 2.027557694481372 0.03265625
v 1.5897121710526316 2.027557694481372 0.03265625
v 1.5897121710526316 1.9230576929242007 -0.03265625
v 1.6550246710526317 1.9230576929242005 -0.03265625
v 1.5897121710526316 2.027557694481372 -0.03265625
v 1.6550246710526317 2.027557694481372 -0.03265625
vt 0 0.25
vt 0.0625 0.25
vt 0 0.125
vt 0.0625 0.125
vt 0 0.25
vt 0.0625 0.25
vt 0 0.125
vt 0.0625 0.125
vt 0 0.1875
vt 0.0625 0.1875
vt 0 0.125
vt 0.0625 0.125
vt 0 0.1875
vt 0.0625 0.1875
vt 0 0.125
vt 0.0625 0.125
vt 0 0.25
vt 0.0625 0.25
vt 0 0.125
vt 0.0625 0.125
vt 0 0.25
vt 0.0625 0.25
vt 0 0.125
vt 0.0625 0.125
vn -1 1.2246467991473535e-16 0
vn -1 1.2246467991473535e-16 0
vn -1 1.2246467991473535e-16 0
vn -1 1.2246467991473535e-16 0
vn 1 -1.2246467991473535e-16 0
vn 1 -1.2246467991473535e-16 0
vn 1 -1.2246467991473535e-16 0
vn 1 -1.2246467991473535e-16 0
vn -1.2246467991473535e-16 -1 0
vn -1.2246467991473535e-16 -1 0
vn -1.2246467991473535e-16 -1 0
vn -1.2246467991473535e-16 -1 0
vn 1.2246467991473535e-16 1 0
vn 1.2246467991473535e-16 1 0
vn 1.2246467991473535e-16 1 0
vn 1.2246467991473535e-16 1 0
vn 0 0 1
vn 0 0 1
vn 0 0 1
vn 0 0 1
vn 0 0 -1
vn 0 0 -1
vn 0 0 -1
vn 0 0 -1
f 5185/5185/5185 5187/5187/5187 5186/5186/5186
f 5187/5187/5187 5188/5188/5188 5186/5186/5186
f 5189/5189/5189 5191/5191/5191 5190/5190/5190
f 5191/5191/5191 5192/5192/5192 5190/5190/5190
f 5193/5193/5193 5195/5195/5195 5194/5194/5194
f 5195/5195/5195 5196/5196/5196 5194/5194/5194
f 5197/5197/5197 5199/5199/5199 5198/5198/5198
f 5199/5199/5199 5200/5200/5200 5198/5198/5198
f 5201/5201/5201 5203/5203/5203 5202/5202/5202
f 5203/5203/5203 5204/5204/5204 5202/5202/5202
f 5205/5205/5205 5207/5207/5207 5206/5206/5206
f 5207/5207/5207 5208/5208/5208 5206/5206/5206
o thorn_6_99
usemtl thorn
v 1.604871545673397 1.862132692185848 0.017496875379234552
v 1.604871545673397 1.862132692185848 -0.017496875379234552
v 1.604871545673397 1.9384826952197245 0.017496875379234552
v 1.604871545673397 1.9384826952197245 -0.017496875379234552
v 1.6398652964318663 1.862132692185848 -0.017496875379234552
v 1.6398652964318663 1.862132692185848 0.017496875379234552
v 1.6398652964318663 1.9384826952197245 -0.017496875379234552
v 1.6398652964318663 1.9384826952197245 0.017496875379234552
v 1.6398652964318663 1.862132692185848 -0.017496875379234552
v 1.604871545673397 1.862132692185848 -0.017496875379234552
v 1.6398652964318663 1.862132692185848 0.017496875379234552
v 1.604871545673397 1.862132692185848 0.017496875379234552
v 1.6398652964318663 1.9384826952197245 0.017496875379234552
v 1.604871545673397 1.9384826952197245 0.017496875379234552
v 1.6398652964318663 1.9384826952197245 -0.017496875379234552
v 1.604871545673397 1.9384826952197245 -0.017496875379234552
v 1.6398652964318663 1.862132692185848 0.017496875379234552
v 1.604871545673397 1.862132692185848 0.017496875379234552
v 1.6398652964318663 1.9384826952197245 0.017496875379234552
v 1.604871545673397 1.9384826952197245 0.017496875379234552
v 1.604871545673397 1.862132692185848 -0.017496875379234552
v 1.6398652964318663 1.862132692185848 -0.017496875379234552
v 1.604871545673397 1.9384826952197245 -0.017496875379234552
v 1.6398652964318663 1.9384826952197245 -0.017496875379234552
vt 0.1875 0.1875
vt 0.25 0.1875
vt 0.1875 0.125
vt 0.25 0.125
vt 0.1875 0.1875
vt 0.25 0.1875
vt 0.1875 0.125
vt 0.25 0.125
vt 0.1875 0.1875
vt 0.25 0.1875
vt 0.1875 0.125
vt 0.25 0.125
vt 0.1875 0.1875
vt 0.25 0.1875
vt 0.1875 0.125
vt 0.25 0.125
vt 0.1875 0.1875
vt 0.25 0.1875
vt 0.1875 0.125
vt 0.25 0.125
vt 0.1875 0.1875
vt 0.25 0.1875
vt 0.1875 0.125
vt 0.25 0.125
vn -0.9999999999999999 1.2246467991473532e-16 0
vn -0.9999999999999999 1.2246467991473532e-16 0
vn -0.9999999999999999 1.2246467991473532e-16 0
vn -0.9999999999999999 1.2246467991473532e-16 0
vn 0.9999999999999999 -1.2246467991473532e-16 0
vn 0.9999999999999999 -1.2246467991473532e-16 0
vn 0.9999999999999999 -1.2246467991473532e-16 0
vn 0.9999999999999999 -1.2246467991473532e-16 0
vn -1.2246467991473532e-16 -0.9999999999999999 0
vn -1.2246467991473532e-16 -0.9999999999999999 0
vn -1.2246467991473532e-16 -0.9999999999999999 0
vn -1.2246467991473532e-16 -0.9999999999999999 0
vn 1.2246467991473532e-16 0.9999999999999999 0
vn 1.2246467991473532e-16 0.9999999999999999 0
vn 1.2246467991473532e-16 0.9999999999999999 0
vn 1.2246467991473532e-16 0.9999999999999999 0
vn 0 0 0.9999999999999999
vn 0 0 0.9999999999999999
vn 0 0 0.9999999999999999
vn 0 0 0.9999999999999999
vn 0 0 -0.9999999999999999
vn 0 0 -0.9999999999999999
vn 0 0 -0.9999999999999999
vn 0 0 -0.9999999999999999
f 5209/5209/5209 5211/5211/5211 5210/5210/5210
f 5211/5211/5211 5212/5212/5212 5210/5210/5210
f 5213/5213/5213 5215/5215/5215 5214/5214/5214
f 5215/5215/5215 5216/5216/5216 5214/5214/5214
f 5217/5217/5217 5219/5219/5219 5218/5218/5218
f 5219/5219/5219 5220/5220/5220 5218/5218/5218
f 5221/5221/5221 5223/5223/5223 5222/5222/5222
f 5223/5223/5223 5224/5224/5224 5222/5222/5222
f 5225/5225/5225 5227/5227/5227 5226/5226/5226
f 5227/5227/5227 5228/5228/5228 5226/5226/5226
f 5229/5229/5229 5231/5231/5231 5230/5230/5230
f 5231/5231/5231 5232/5232/5232 5230/5230/5230
o leaf_0_100
usemtl leaf
v 0.08478530819962388 2.4745949795087108 0.047339062890969216
v 0.08478530819962388 2.4745949795087108 0.02766093710903078
v 0.11486254673713936 2.4300036396123432 0.047339062890969216
v 0.11486254673713936 2.4300036396123432 0.02766093710903078
v 0.028230439668270622 2.436448239015409 0.02766093710903078
v 0.028230439668270622 2.436448239015409 0.047339062890969216
v 0.058307678205786105 2.3918568991190416 0.02766093710903078
v 0.058307678205786105 2.3918568991190416 0.047339062890969216
v 0.028230439668270622 2.436448239015409 0.02766093710903078
v 0.08478530819962388 2.4745949795087108 0.02766093710903078
v 0.028230439668270622 2.436448239015409 0.047339062890969216
v 0.08478530819962388 2.4745949795087108 0.047339062890969216
v 0.058307678205786105 2.3918568991190416 0.047339062890969216
v 0.11486254673713936 2.4300036396123432 0.047339062890969216
v 0.058307678205786105 2.3918568991190416 0.02766093710903078
v 0.11486254673713936 2.4300036396123432 0.02766093710903078
v 0.028230439668270622 2.436448239015409 0.047339062890969216
v 0.08478530819962388 2.4745949795087108 0.047339062890969216
v 0.058307678205786105 2.3918568991190416 0.047339062890969216
v 0.11486254673713936 2.4300036396123432 0.047339062890969216
v 0.08478530819962388 2.4745949795087108 0.02766093710903078
v 0.028230439668270622 2.436448239015409 0.02766093710903078
v 0.11486254673713936 2.4300036396123432 0.02766093710903078
v 0.058307678205786105 2.3918568991190416 0.02766093710903078
vt 0.5625 0.25
vt 0.625 0.25
vt 0.5625 0.1875
vt 0.625 0.1875
vt 0.5625 0.25
vt 0.625 0.25
vt 0.5625 0.1875
vt 0.625 0.1875
vt 0.5625 0.25
vt 0.625 0.25
vt 0.5625 0.1875
vt 0.625 0.1875
vt 0.5625 0.25
vt 0.625 0.25
vt 0.5625 0.1875
vt 0.625 0.1875
vt 0.5625 0.25
vt 0.625 0.25
vt 0.5625 0.1875
vt 0.625 0.1875
vt 0.5625 0.25
vt 0.625 0.25
vt 0.5625 0.1875
vt 0.625 0.1875
vn 0.8290375725550415 0.559192903470747 0
vn 0.8290375725550415 0.559192903470747 0
vn 0.8290375725550415 0.559192903470747 0
vn 0.8290375725550415 0.559192903470747 0
vn -0.8290375725550415 -0.559192903470747 0
vn -0.8290375725550415 -0.559192903470747 0
vn -0.8290375725550415 -0.559192903470747 0
vn -0.8290375725550415 -0.559192903470747 0
vn -0.559192903470747 0.8290375725550415 0
vn -0.559192903470747 0.8290375725550415 0
vn -0.559192903470747 0.8290375725550415 0
vn -0.559192903470747 0.8290375725550415 0
vn 0.559192903470747 -0.8290375725550415 0
vn 0.559192903470747 -0.8290375725550415 0
vn 0.559192903470747 -0.8290375725550415 0
vn 0.559192903470747 -0.8290375725550415 0
vn 0 0 0.9999999999999999
vn 0 0 0.9999999999999999
vn 0 0 0.9999999999999999
vn 0 0 0.9999999999999999
vn 0 0 -0.9999999999999999
vn 0 0 -0.9999999999999999
vn 0 0 -0.9999999999999999
vn 0 0 -0.9999999999999999
f 5233/5233/5233 5235/5235/5235 5234/5234/5234
f 5235/5235/5235 5236/5236/5236 5234/5234/5234
f 5237/5237/5237 5239/5239/5239 5238/5238/5238
f 5239/5239/5239 5240/5240/5240 5238/5238/5238
f 5241/5241/5241 5243/5243/5243 5242/5242/5242
f 5243/5243/5243 5244/5244/5244 5242/5242/5242
f 5245/5245/5245 5247/5247/5247 5246/5246/5246
f 5247/5247/5247 5248/5248/5248 5246/5246/5246
f 5249/5249/5249 5251/5251/5251 5250/5250/5250
f 5251/5251/5251 5252/5252/5252 5250/5250/5250
f 5253/5253/5253 5255/5255/5255 5254/5254/5254
f 5255/5255/5255 5256/5256/5256 5254/5254/5254
o leaf_0_101
usemtl leaf
v 0.07714754269429475 2.5289195870150745 0.0474693752056919
v 0.07714754269429475 2.5289195870150745 0.027530624794308095
v 0.10645099805838198 2.4854754278497233 0.0474693752056919
v 0.10645099805838198 2.4854754278497233 0.027530624794308095
v -0.019277302000046674 2.4638802080335327 0.027530624794308095
v -0.019277302000046674 2.4638802080335327 0.0474693752056919
v 0.010026153364040571 2.4204360488681815 0.027530624794308095
v 0.010026153364040571 2.4204360488681815 0.0474693752056919
v -0.019277302000046674 2.4638802080335327 0.027530624794308095
v 0.07714754269429475 2.5289195870150745 0.027530624794308095
v -0.019277302000046674 2.4638802080335327 0.0474693752056919
v 0.07714754269429475 2.5289195870150745 0.0474693752056919
v 0.010026153364040571 2.4204360488681815 0.0474693752056919
v 0.10645099805838198 2.4854754278497233 0.0474693752056919
v 0.010026153364040571 2.4204360488681815 0.027530624794308095
v 0.10645099805838198 2.4854754278497233 0.027530624794308095
v -0.019277302000046674 2.4638802080335327 0.0474693752056919
v 0.07714754269429475 2.5289195870150745 0.0474693752056919
v 0.010026153364040571 2.4204360488681815 0.0474693752056919
v 0.10645099805838198 2.4854754278497233 0.0474693752056919
v 0.07714754269429475 2.5289195870150745 0.027530624794308095
v -0.019277302000046674 2.4638802080335327 0.027530624794308095
v 0.10645099805838198 2.4854754278497233 0.027530624794308095
v 0.010026153364040571 2.4204360488681815 0.027530624794308095
vt 0.9375 0.9375
vt 1 0.9375
vt 0.9375 0.875
vt 1 0.875
vt 0.9375 0.9375
vt 1 0.9375
vt 0.9375 0.875
vt 1 0.875
vt 0.9375 0.9375
vt 1.0625 0.9375
vt 0.9375 0.875
vt 1.0625 0.875
vt 0.9375 0.9375
vt 1.0625 0.9375
vt 0.9375 0.875
vt 1.0625 0.875
vt 0.9375 0.9375
vt 1.0625 0.9375
vt 0.9375 0.875
vt 1.0625 0.875
vt 0.9375 0.9375
vt 1.0625 0.9375
vt 0.9375 0.875
vt 1.0625 0.875
vn 0.8290375725550416 0.5591929034707469 0
vn 0.8290375725550416 0.5591929034707469 0
vn 0.8290375725550416 0.5591929034707469 0
vn 0.8290375725550416 0.5591929034707469 0
vn -0.8290375725550416 -0.5591929034707469 0
vn -0.8290375725550416 -0.5591929034707469 0
vn -0.8290375725550416 -0.5591929034707469 0
vn -0.8290375725550416 -0.5591929034707469 0
vn -0.5591929034707469 0.8290375725550416 0
vn -0.5591929034707469 0.8290375725550416 0
vn -0.5591929034707469 0.8290375725550416 0
vn -0.5591929034707469 0.8290375725550416 0
vn 0.5591929034707469 -0.8290375725550416 0
vn 0.5591929034707469 -0.8290375725550416 0
vn 0.5591929034707469 -0.8290375725550416 0
vn 0.5591929034707469 -0.8290375725550416 0
vn 0 0 1
vn 0 0 1
vn 0 0 1
vn 0 0 1
vn 0 0 -1
vn 0 0 -1
vn 0 0 -1
vn 0 0 -1
f 5257/5257/5257 5259/5259/5259 5258/5258/5258
f 5259/5259/5259 5260/5260/5260 5258/5258/5258
f 5261/5261/5261 5263/5263/5263 5262/5262/5262
f 5263/5263/5263 5264/5264/5264 5262/5262/5262
f 5265/5265/5265 5267/5267/5267 5266/5266/5266
f 5267/5267/5267 5268/5268/5268 5266/5266/5266
f 5269/5269/5269 5271/5271/5271 5270/5270/5270
f 5271/5271/5271 5272/5272/5272 5270/5270/5270
f 5273/5273/5273 5275/5275/5275 5274/5274/5274
f 5275/5275/5275 5276/5276/5276 5274/5274/5274
f 5277/5277/5277 5279/5279/5279 5278/5278/5278
f 5279/5279/5279 5280/5280/5280 5278/5278/5278
o leaf_0_102
usemtl leaf
v 0.07152080417129231 2.5864088454262744 0.050675000196322796
v 0.07152080417129231 2.5864088454262744 0.0243249998036772
v 0.10172700657104583 2.541626308741404 0.050675000196322796
v 0.10172700657104583 2.541626308741404 0.0243249998036772
v -0.07047260085978521 2.4906330843973565 0.0243249998036772
v -0.07047260085978521 2.4906330843973565 0.050675000196322796
v -0.040266398460031695 2.445850547712486 0.0243249998036772
v -0.040266398460031695 2.445850547712486 0.050675000196322796
v -0.07047260085978521 2.4906330843973565 0.0243249998036772
v 0.07152080417129231 2.5864088454262744 0.0243249998036772
v -0.07047260085978521 2.4906330843973565 0.050675000196322796
v 0.07152080417129231 2.5864088454262744 0.050675000196322796
v -0.040266398460031695 2.445850547712486 0.050675000196322796
v 0.10172700657104583 2.541626308741404 0.050675000196322796
v -0.040266398460031695 2.445850547712486 0.0243249998036772
v 0.10172700657104583 2.541626308741404 0.0243249998036772
v -0.07047260085978521 2.4906330843973565 0.050675000196322796
v 0.07152080417129231 2.5864088454262744 0.050675000196322796
v -0.040266398460031695 2.445850547712486 0.050675000196322796
v 0.10172700657104583 2.541626308741404 0.050675000196322796
v 0.07152080417129231 2.5864088454262744 0.0243249998036772
v -0.07047260085978521 2.4906330843973565 0.0243249998036772
v 0.10172700657104583 2.541626308741404 0.0243249998036772
v -0.040266398460031695 2.445850547712486 0.0243249998036772
vt 0.3125 0.75
vt 0.375 0.75
vt 0.3125 0.6875
vt 0.375 0.6875
vt 0.3125 0.75
vt 0.375 0.75
vt 0.3125 0.6875
vt 0.375 0.6875
vt 0.3125 0.75
vt 0.5 0.75
vt 0.3125 0.6875
vt 0.5 0.6875
vt 0.3125 0.75
vt 0.5 0.75
vt 0.3125 0.6875
vt 0.5 0.6875
vt 0.3125 0.75
vt 0.5 0.75
vt 0.3125 0.6875
vt 0.5 0.6875
vt 0.3125 0.75
vt 0.5 0.75
vt 0.3125 0.6875
vt 0.5 0.6875
vn 0.8290375725550416 0.5591929034707469 0
vn 0.8290375725550416 0.5591929034707469 0
vn 0.8290375725550416 0.5591929034707469 0
vn 0.8290375725550416 0.5591929034707469 0
vn -0.8290375725550416 -0.5591929034707469 0
vn -0.8290375725550416 -0.5591929034707469 0
vn -0.8290375725550416 -0.5591929034707469 0
vn -0.8290375725550416 -0.5591929034707469 0
vn -0.5591929034707469 0.8290375725550416 0
vn -0.5591929034707469 0.8290375725550416 0
vn -0.5591929034707469 0.8290375725550416 0
vn -0.5591929034707469 0.8290375725550416 0
vn 0.5591929034707469 -0.8290375725550416 0
vn 0.5591929034707469 -0.8290375725550416 0
vn 0.5591929034707469 -0.8290375725550416 0
vn 0.5591929034707469 -0.8290375725550416 0
vn 0 0 1
vn 0 0 1
vn 0 0 1
vn 0 0 1
vn 0 0 -1
vn 0 0 -1
vn 0 0 -1
vn 0 0 -1
f 5281/5281/5281 5283/5283/5283 5282/5282/5282
f 5283/5283/5283 5284/5284/5284 5282/5282/5282
f 5285/5285/5285 5287/5287/5287 5286/5286/5286
f 5287/5287/5287 5288/5288/5288 5286/5286/5286
f 5289/5289/5289 5291/5291/5291 5290/5290/5290
f 5291/5291/5291 5292/5292/5292 5290/5290/5290
f 5293/5293/5293 5295/5295/5295 5294/5294/5294
f 5295/5295/5295 5296/5296/5296 5294/5294/5294
f 5297/5297/5297 5299/5299/5299 5298/5298/5298
f 5299/5299/5299 5300/5300/5300 5298/5298/5298
f 5301/5301/5301 5303/5303/5303 5302/5302/5302
f 5303/5303/5303 5304/5304/5304 5302/5302/5302
o leaf_0_103
usemtl leaf
v 0.02137595222594188 2.612062061102687 0.04751325020659715
v 0.02137595222594188 2.612062061102687 0.027486749793402848
v 0.05080837145226717 2.568426705148833 0.04751325020659715
v 0.05080837145226717 2.568426705148833 0.027486749793402848
v -0.07547325608808124 2.5467364452454317 0.027486749793402848
v -0.07547325608808124 2.5467364452454317 0.04751325020659715
v -0.046040836861755946 2.503101089291578 0.027486749793402848
v -0.046040836861755946 2.503101089291578 0.04751325020659715
v -0.07547325608808124 2.5467364452454317 0.027486749793402848
v 0.02137595222594188 2.612062061102687 0.027486749793402848
v -0.07547325608808124 2.5467364452454317 0.04751325020659715
v 0.02137595222594188 2.612062061102687 0.04751325020659715
v -0.046040836861755946 2.503101089291578 0.04751325020659715
v 0.05080837145226717 2.568426705148833 0.04751325020659715
v -0.046040836861755946 2.503101089291578 0.027486749793402848
v 0.05080837145226717 2.568426705148833 0.027486749793402848
v -0.07547325608808124 2.5467364452454317 0.04751325020659715
v 0.02137595222594188 2.612062061102687 0.04751325020659715
v -0.046040836861755946 2.503101089291578 0.04751325020659715
v 0.05080837145226717 2.568426705148833 0.04751325020659715
v 0.02137595222594188 2.612062061102687 0.027486749793402848
v -0.07547325608808124 2.5467364452454317 0.027486749793402848
v 0.05080837145226717 2.568426705148833 0.027486749793402848
v -0.046040836861755946 2.503101089291578 0.027486749793402848
vt 0.9375 0.9375
vt 1 0.9375
vt 0.9375 0.875
vt 1 0.875
vt 0.9375 0.9375
vt 1 0.9375
vt 0.9375 0.875
vt 1 0.875
vt 0.9375 0.9375
vt 1.0625 0.9375
vt 0.9375 0.875
vt 1.0625 0.875
vt 0.9375 0.9375
vt 1.0625 0.9375
vt 0.9375 0.875
vt 1.0625 0.875
vt 0.9375 0.9375
vt 1.0625 0.9375
vt 0.9375 0.875
vt 1.0625 0.875
vt 0.9375 0.9375
vt 1.0625 0.9375
vt 0.9375 0.875
vt 1.0625 0.875
vn 0.8290375725550415 0.5591929034707469 0
vn 0.8290375725550415 0.5591929034707469 0
vn 0.8290375725550415 0.5591929034707469 0
vn 0.8290375725550415 0.5591929034707469 0
vn -0.8290375725550415 -0.5591929034707469 0
vn -0.8290375725550415 -0.5591929034707469 0
vn -0.8290375725550415 -0.5591929034707469 0
vn -0.8290375725550415 -0.5591929034707469 0
vn -0.5591929034707469 0.8290375725550415 0
vn -0.5591929034707469 0.8290375725550415 0
vn -0.5591929034707469 0.8290375725550415 0
vn -0.5591929034707469 0.8290375725550415 0
vn 0.5591929034707469 -0.8290375725550415 0
vn 0.5591929034707469 -0.8290375725550415 0
vn 0.5591929034707469 -0.8290375725550415 0
vn 0.5591929034707469 -0.8290375725550415 0
vn 0 0 1
vn 0 0 1
vn 0 0 1
vn 0 0 1
vn 0 0 -1
vn 0 0 -1
vn 0 0 -1
vn 0 0 -1
f 5305/5305/5305 5307/5307/5307 5306/5306/5306
f 5307/5307/5307 5308/5308/5308 5306/5306/5306
f 5309/5309/5309 5311/5311/5311 5310/5310/5310
f 5311/5311/5311 5312/5312/5312 5310/5310/5310
f 5313/5313/5313 5315/5315/5315 5314/5314/5314
f 5315/5315/5315 5316/5316/5316 5314/5314/5314
f 5317/5317/5317 5319/5319/5319 5318/5318/5318
f 5319/5319/5319 5320/5320/5320 5318/5318/5318
f 5321/5321/5321 5323/5323/5323 5322/5322/5322
f 5323/5323/5323 5324/5324/5324 5322/5322/5322
f 5325/5325/5325 5327/5327/5327 5326/5326/5326
f 5327/5327/5327 5328/5328/5328 5326/5326/5326
o leaf_0_104
usemtl leaf
v -0.027677685398143873 2.6384513101324925 0.04687500037252903
v -0.027677685398143873 2.6384513101324925 0.02812499962747097
v 0.0009809506547531974 2.5959631349096552 0.04687500037252903
v 0.0009809506547531974 2.5959631349096552 0.02812499962747097
v -0.08156512563764198 2.6021037727401133 0.02812499962747097
v -0.08156512563764198 2.6021037727401133 0.04687500037252903
v -0.052906489584744906 2.559615597517276 0.02812499962747097
v -0.052906489584744906 2.559615597517276 0.04687500037252903
v -0.08156512563764198 2.6021037727401133 0.02812499962747097
v -0.027677685398143873 2.6384513101324925 0.02812499962747097
v -0.08156512563764198 2.6021037727401133 0.04687500037252903
v -0.027677685398143873 2.6384513101324925 0.04687500037252903
v -0.052906489584744906 2.559615597517276 0.04687500037252903
v 0.0009809506547531974 2.5959631349096552 0.04687500037252903
v -0.052906489584744906 2.559615597517276 0.02812499962747097
v 0.0009809506547531974 2.5959631349096552 0.02812499962747097
v -0.08156512563764198 2.6021037727401133 0.04687500037252903
v -0.027677685398143873 2.6384513101324925 0.04687500037252903
v -0.052906489584744906 2.559615597517276 0.04687500037252903
v 0.0009809506547531974 2.5959631349096552 0.04687500037252903
v -0.027677685398143873 2.6384513101324925 0.02812499962747097
v -0.08156512563764198 2.6021037727401133 0.02812499962747097
v 0.0009809506547531974 2.5959631349096552 0.02812499962747097
v -0.052906489584744906 2.559615597517276 0.02812499962747097
vt 0.5625 0.25
vt 0.625 0.25
vt 0.5625 0.1875
vt 0.625 0.1875
vt 0.5625 0.25
vt 0.625 0.25
vt 0.5625 0.1875
vt 0.625 0.1875
vt 0.5625 0.25
vt 0.625 0.25
vt 0.5625 0.1875
vt 0.625 0.1875
vt 0.5625 0.25
vt 0.625 0.25
vt 0.5625 0.1875
vt 0.625 0.1875
vt 0.5625 0.25
vt 0.625 0.25
vt 0.5625 0.1875
vt 0.625 0.1875
vt 0.5625 0.25
vt 0.625 0.25
vt 0.5625 0.1875
vt 0.625 0.1875
vn 0.8290375725550416 0.5591929034707469 0
vn 0.8290375725550416 0.5591929034707469 0
vn 0.8290375725550416 0.5591929034707469 0
vn 0.8290375725550416 0.5591929034707469 0
vn -0.8290375725550416 -0.5591929034707469 0
vn -0.8290375725550416 -0.5591929034707469 0
vn -0.8290375725550416 -0.5591929034707469 0
vn -0.8290375725550416 -0.5591929034707469 0
vn -0.5591929034707469 0.8290375725550416 0
vn -0.5591929034707469 0.8290375725550416 0
vn -0.5591929034707469 0.8290375725550416 0
vn -0.5591929034707469 0.8290375725550416 0
vn 0.5591929034707469 -0.8290375725550416 0
vn 0.5591929034707469 -0.8290375725550416 0
vn 0.5591929034707469 -0.8290375725550416 0
vn 0.5591929034707469 -0.8290375725550416 0
vn 0 0 1
vn 0 0 1
vn 0 0 1
vn 0 0 1
vn 0 0 -1
vn 0 0 -1
vn 0 0 -1
vn 0 0 -1
f 5329/5329/5329 5331/5331/5331 5330/5330/5330
f 5331/5331/5331 5332/5332/5332 5330/5330/5330
f 5333/5333/5333 5335/5335/5335 5334/5334/5334
f 5335/5335/5335 5336/5336/5336 5334/5334/5334
f 5337/5337/5337 5339/5339/5339 5338/5338/5338
f 5339/5339/5339 5340/5340/5340 5338/5338/5338
f 5341/5341/5341 5343/5343/5343 5342/5342/5342
f 5343/5343/5343 5344/5344/5344 5342/5342/5342
f 5345/5345/5345 5347/5347/5347 5346/5346/5346
f 5347/5347/5347 5348/5348/5348 5346/5346/5346
f 5349/5349/5349 5351/5351/5351 5350/5350/5350
f 5351/5351/5351 5352/5352/5352 5350/5350/5350
o leaf_0_105
usemtl vine
v -0.03414658523985058 2.607215711838304 0.053617187499999996
v -0.03414658523985058 2.607215711838304 0.021382812499999997
v 0.08842500768333096 2.425495852321963 0.053617187499999996
v 0.08842500768333096 2.425495852321963 0.021382812499999997
v -0.05018069067868601 2.59640057115986 0.021382812499999997
v -0.05018069067868601 2.59640057115986 0.053617187499999996
v 0.07239090224449553 2.414680711643519 0.021382812499999997
v 0.07239090224449553 2.414680711643519 0.053617187499999996
v -0.05018069067868601 2.59640057115986 0.021382812499999997
v -0.03414658523985058 2.607215711838304 0.021382812499999997
v -0.05018069067868601 2.59640057115986 0.053617187499999996
v -0.03414658523985058 2.607215711838304 0.053617187499999996
v 0.07239090224449553 2.414680711643519 0.053617187499999996
v 0.08842500768333096 2.425495852321963 0.053617187499999996
v 0.07239090224449553 2.414680711643519 0.021382812499999997
v 0.08842500768333096 2.425495852321963 0.021382812499999997
v -0.05018069067868601 2.59640057115986 0.053617187499999996
v -0.03414658523985058 2.607215711838304 0.053617187499999996
v 0.07239090224449553 2.414680711643519 0.053617187499999996
v 0.08842500768333096 2.425495852321963 0.053617187499999996
v -0.03414658523985058 2.607215711838304 0.021382812499999997
v -0.05018069067868601 2.59640057115986 0.021382812499999997
v 0.08842500768333096 2.425495852321963 0.021382812499999997
v 0.07239090224449553 2.414680711643519 0.021382812499999997
vt 0.625 1
vt 0.6875 1
vt 0.625 0.8125
vt 0.6875 0.8125
vt 0.625 1
vt 0.6875 1
vt 0.625 0.8125
vt 0.6875 0.8125
vt 0.625 0.875
vt 0.6875 0.875
vt 0.625 0.8125
vt 0.6875 0.8125
vt 0.625 0.875
vt 0.6875 0.875
vt 0.625 0.8125
vt 0.6875 0.8125
vt 0.625 1
vt 0.6875 1
vt 0.625 0.8125
vt 0.6875 0.8125
vt 0.625 1
vt 0.6875 1
vt 0.625 0.8125
vt 0.6875 0.8125
vn 0.8290375725550416 0.5591929034707469 0
vn 0.8290375725550416 0.5591929034707469 0
vn 0.8290375725550416 0.5591929034707469 0
vn 0.8290375725550416 0.5591929034707469 0
vn -0.8290375725550416 -0.5591929034707469 0
vn -0.8290375725550416 -0.5591929034707469 0
vn -0.8290375725550416 -0.5591929034707469 0
vn -0.8290375725550416 -0.5591929034707469 0
vn -0.5591929034707469 0.8290375725550416 0
vn -0.5591929034707469 0.8290375725550416 0
vn -0.5591929034707469 0.8290375725550416 0
vn -0.5591929034707469 0.8290375725550416 0
vn 0.5591929034707469 -0.8290375725550416 0
vn 0.5591929034707469 -0.8290375725550416 0
vn 0.5591929034707469 -0.8290375725550416 0
vn 0.5591929034707469 -0.8290375725550416 0
vn 0 0 1
vn 0 0 1
vn 0 0 1
vn 0 0 1
vn 0 0 -1
vn 0 0 -1
vn 0 0 -1
vn 0 0 -1
f 5353/5353/5353 5355/5355/5355 5354/5354/5354
f 5355/5355/5355 5356/5356/5356 5354/5354/5354
f 5357/5357/5357 5359/5359/5359 5358/5358/5358
f 5359/5359/5359 5360/5360/5360 5358/5358/5358
f 5361/5361/5361 5363/5363/5363 5362/5362/5362
f 5363/5363/5363 5364/5364/5364 5362/5362/5362
f 5365/5365/5365 5367/5367/5367 5366/5366/5366
f 5367/5367/5367 5368/5368/5368 5366/5366/5366
f 5369/5369/5369 5371/5371/5371 5370/5370/5370
f 5371/5371/5371 5372/5372/5372 5370/5370/5370
f 5373/5373/5373 5375/5375/5375 5374/5374/5374
f 5375/5375/5375 5376/5376/5376 5374/5374/5374
o leaf_1_106
usemtl leaf
v 0.48623323586620815 2.4680462864979087 -0.02808281212579459
v 0.48623323586620815 2.4680462864979087 -0.04691718787420541
v 0.5113845945978206 2.427795698667411 -0.02808281212579459
v 0.5113845945978206 2.427795698667411 -0.04691718787420541
v 0.4352917508263993 2.4362145137557847 -0.04691718787420541
v 0.4352917508263993 2.4362145137557847 -0.02808281212579459
v 0.4604431095580118 2.395963925925287 -0.04691718787420541
v 0.4604431095580118 2.395963925925287 -0.02808281212579459
v 0.4352917508263993 2.4362145137557847 -0.04691718787420541
v 0.48623323586620815 2.4680462864979087 -0.04691718787420541
v 0.4352917508263993 2.4362145137557847 -0.02808281212579459
v 0.48623323586620815 2.4680462864979087 -0.02808281212579459
v 0.4604431095580118 2.395963925925287 -0.02808281212579459
v 0.5113845945978206 2.427795698667411 -0.02808281212579459
v 0.4604431095580118 2.395963925925287 -0.04691718787420541
v 0.5113845945978206 2.427795698667411 -0.04691718787420541
v 0.4352917508263993 2.4362145137557847 -0.02808281212579459
v 0.48623323586620815 2.4680462864979087 -0.02808281212579459
v 0.4604431095580118 2.395963925925287 -0.02808281212579459
v 0.5113845945978206 2.427795698667411 -0.02808281212579459
v 0.48623323586620815 2.4680462864979087 -0.04691718787420541
v 0.4352917508263993 2.4362145137557847 -0.04691718787420541
v 0.5113845945978206 2.427795698667411 -0.04691718787420541
v 0.4604431095580118 2.395963925925287 -0.04691718787420541
vt 0.9375 1
vt 1 1
vt 0.9375 0.9375
vt 1 0.9375
vt 0.9375 1
vt 1 1
vt 0.9375 0.9375
vt 1 0.9375
vt 0.9375 1
vt 1 1
vt 0.9375 0.9375
vt 1 0.9375
vt 0.9375 1
vt 1 1
vt 0.9375 0.9375
vt 1 0.9375
vt 0.9375 1
vt 1 1
vt 0.9375 0.9375
vt 1 0.9375
vt 0.9375 1
vt 1 1
vt 0.9375 0.9375
vt 1 0.9375
vn 0.848048096156426 0.5299192642332049 0
vn 0.848048096156426 0.5299192642332049 0
vn 0.848048096156426 0.5299192642332049 0
vn 0.848048096156426 0.5299192642332049 0
vn -0.848048096156426 -0.5299192642332049 0
vn -0.848048096156426 -0.5299192642332049 0
vn -0.848048096156426 -0.5299192642332049 0
vn -0.848048096156426 -0.5299192642332049 0
vn -0.5299192642332049 0.848048096156426 0
vn -0.5299192642332049 0.848048096156426 0
vn -0.5299192642332049 0.848048096156426 0
vn -0.5299192642332049 0.848048096156426 0
vn 0.5299192642332049 -0.848048096156426 0
vn 0.5299192642332049 -0.848048096156426 0
vn 0.5299192642332049 -0.848048096156426 0
vn 0.5299192642332049 -0.848048096156426 0
vn 0 0 1
vn 0 0 1
vn 0 0 1
vn 0 0 1
vn 0 0 -1
vn 0 0 -1
vn 0 0 -1
vn 0 0 -1
f 5377/5377/5377 5379/5379/5379 5378/5378/5378
f 5379/5379/5379 5380/5380/5380 5378/5378/5378
f 5381/5381/5381 5383/5383/5383 5382/5382/5382
f 5383/5383/5383 5384/5384/5384 5382/5382/5382
f 5385/5385/5385 5387/5387/5387 5386/5386/5386
f 5387/5387/5387 5388/5388/5388 5386/5386/5386
f 5389/5389/5389 5391/5391/5391 5390/5390/5390
f 5391/5391/5391 5392/5392/5392 5390/5390/5390
f 5393/5393/5393 5395/5395/5395 5394/5394/5394
f 5395/5395/5395 5396/5396/5396 5394/5394/5394
f 5397/5397/5397 5399/5399/5399 5398/5398/5398
f 5399/5399/5399 5400/5400/5400 5398/5398/5398
o leaf_1_107
usemtl leaf
v 0.4819634319686433 2.520497953265887 -0.027398999791592358
v 0.4819634319686433 2.520497953265887 -0.04760100020840764
v 0.5079035092667523 2.478985151879729 -0.027398999791592358
v 0.5079035092667523 2.478985151879729 -0.04760100020840764
v 0.3900202638480128 2.4630454853898582 -0.04760100020840764
v 0.3900202638480128 2.4630454853898582 -0.027398999791592358
v 0.41596034114612185 2.4215326840037004 -0.04760100020840764
v 0.41596034114612185 2.4215326840037004 -0.027398999791592358
v 0.3900202638480128 2.4630454853898582 -0.04760100020840764
v 0.4819634319686433 2.520497953265887 -0.04760100020840764
v 0.3900202638480128 2.4630454853898582 -0.027398999791592358
v 0.4819634319686433 2.520497953265887 -0.027398999791592358
v 0.41596034114612185 2.4215326840037004 -0.027398999791592358
v 0.5079035092667523 2.478985151879729 -0.027398999791592358
v 0.41596034114612185 2.4215326840037004 -0.04760100020840764
v 0.5079035092667523 2.478985151879729 -0.04760100020840764
v 0.3900202638480128 2.4630454853898582 -0.027398999791592358
v 0.4819634319686433 2.520497953265887 -0.027398999791592358
v 0.41596034114612185 2.4215326840037004 -0.027398999791592358
v 0.5079035092667523 2.478985151879729 -0.027398999791592358
v 0.4819634319686433 2.520497953265887 -0.04760100020840764
v 0.3900202638480128 2.4630454853898582 -0.04760100020840764
v 0.5079035092667523 2.478985151879729 -0.04760100020840764
v 0.41596034114612185 2.4215326840037004 -0.04760100020840764
vt 0.9375 0.9375
vt 1 0.9375
vt 0.9375 0.875
vt 1 0.875
vt 0.9375 0.9375
vt 1 0.9375
vt 0.9375 0.875
vt 1 0.875
vt 0.9375 0.9375
vt 1.0625 0.9375
vt 0.9375 0.875
vt 1.0625 0.875
vt 0.9375 0.9375
vt 1.0625 0.9375
vt 0.9375 0.875
vt 1.0625 0.875
vt 0.9375 0.9375
vt 1.0625 0.9375
vt 0.9375 0.875
vt 1.0625 0.875
vt 0.9375 0.9375
vt 1.0625 0.9375
vt 0.9375 0.875
vt 1.0625 0.875
vn 0.8480480961564261 0.5299192642332049 0
vn 0.8480480961564261 0.5299192642332049 0
vn 0.8480480961564261 0.5299192642332049 0
vn 0.8480480961564261 0.5299192642332049 0
vn -0.8480480961564261 -0.5299192642332049 0
vn -0.8480480961564261 -0.5299192642332049 0
vn -0.8480480961564261 -0.5299192642332049 0
vn -0.8480480961564261 -0.5299192642332049 0
vn -0.5299192642332049 0.8480480961564261 0
vn -0.5299192642332049 0.8480480961564261 0
vn -0.5299192642332049 0.8480480961564261 0
vn -0.5299192642332049 0.8480480961564261 0
vn 0.5299192642332049 -0.8480480961564261 0
vn 0.5299192642332049 -0.8480480961564261 0
vn 0.5299192642332049 -0.8480480961564261 0
vn 0.5299192642332049 -0.8480480961564261 0
vn 0 0 1
vn 0 0 1
vn 0 0 1
vn 0 0 1
vn 0 0 -1
vn 0 0 -1
vn 0 0 -1
vn 0 0 -1
f 5401/5401/5401 5403/5403/5403 5402/5402/5402
f 5403/5403/5403 5404/5404/5404 5402/5402/5402
f 5405/5405/5405 5407/5407/5407 5406/5406/5406
f 5407/5407/5407 5408/5408/5408 5406/5406/5406
f 5409/5409/5409 5411/5411/5411 5410/5410/5410
f 5411/5411/5411 5412/5412/5412 5410/5410/5410
f 5413/5413/5413 5415/5415/5415 5414/5414/5414
f 5415/5415/5415 5416/5416/5416 5414/5414/5414
f 5417/5417/5417 5419/5419/5419 5418/5418/5418
f 5419/5419/5419 5420/5420/5420 5418/5418/5418
f 5421/5421/5421 5423/5423/5423 5422/5422/5422
f 5423/5423/5423 5424/5424/5424 5422/5422/5422
o leaf_1_108
usemtl leaf
v 0.4759157024697137 2.5702089506015335 -0.024887499812059104
v 0.4759157024697137 2.5702089506015335 -0.05011250018794089
v 0.5011797352822542 2.5297780465487985 -0.024887499812059104
v 0.5011797352822542 2.5297780465487985 -0.05011250018794089
v 0.347991465523056 2.49027301556718 -0.05011250018794089
v 0.347991465523056 2.49027301556718 -0.024887499812059104
v 0.37325549833559657 2.449842111514445 -0.05011250018794089
v 0.37325549833559657 2.449842111514445 -0.024887499812059104
v 0.347991465523056 2.49027301556718 -0.05011250018794089
v 0.4759157024697137 2.5702089506015335 -0.05011250018794089
v 0.347991465523056 2.49027301556718 -0.024887499812059104
v 0.4759157024697137 2.5702089506015335 -0.024887499812059104
v 0.37325549833559657 2.449842111514445 -0.024887499812059104
v 0.5011797352822542 2.5297780465487985 -0.024887499812059104
v 0.37325549833559657 2.449842111514445 -0.05011250018794089
v 0.5011797352822542 2.5297780465487985 -0.05011250018794089
v 0.347991465523056 2.49027301556718 -0.024887499812059104
v 0.4759157024697137 2.5702089506015335 -0.024887499812059104
v 0.37325549833559657 2.449842111514445 -0.024887499812059104
v 0.5011797352822542 2.5297780465487985 -0.024887499812059104
v 0.4759157024697137 2.5702089506015335 -0.05011250018794089
v 0.347991465523056 2.49027301556718 -0.05011250018794089
v 0.5011797352822542 2.5297780465487985 -0.05011250018794089
v 0.37325549833559657 2.449842111514445 -0.05011250018794089
vt 0.8125 0.3125
vt 0.875 0.3125
vt 0.8125 0.25
vt 0.875 0.25
vt 0.8125 0.3125
vt 0.875 0.3125
vt 0.8125 0.25
vt 0.875 0.25
vt 0.8125 0.3125
vt 0.9375 0.3125
vt 0.8125 0.25
vt 0.9375 0.25
vt 0.8125 0.3125
vt 0.9375 0.3125
vt 0.8125 0.25
vt 0.9375 0.25
vt 0.8125 0.3125
vt 0.9375 0.3125
vt 0.8125 0.25
vt 0.9375 0.25
vt 0.8125 0.3125
vt 0.9375 0.3125
vt 0.8125 0.25
vt 0.9375 0.25
vn 0.8480480961564261 0.5299192642332049 0
vn 0.8480480961564261 0.5299192642332049 0
vn 0.8480480961564261 0.5299192642332049 0
vn 0.8480480961564261 0.5299192642332049 0
vn -0.8480480961564261 -0.5299192642332049 0
vn -0.8480480961564261 -0.5299192642332049 0
vn -0.8480480961564261 -0.5299192642332049 0
vn -0.8480480961564261 -0.5299192642332049 0
vn -0.5299192642332049 0.8480480961564261 0
vn -0.5299192642332049 0.8480480961564261 0
vn -0.5299192642332049 0.8480480961564261 0
vn -0.5299192642332049 0.8480480961564261 0
vn 0.5299192642332049 -0.8480480961564261 0
vn 0.5299192642332049 -0.8480480961564261 0
vn 0.5299192642332049 -0.8480480961564261 0
vn 0.5299192642332049 -0.8480480961564261 0
vn 0 0 0.9999999999999999
vn 0 0 0.9999999999999999
vn 0 0 0.9999999999999999
vn 0 0 0.9999999999999999
vn 0 0 -0.9999999999999999
vn 0 0 -0.9999999999999999
vn 0 0 -0.9999999999999999
vn 0 0 -0.9999999999999999
f 5425/5425/5425 5427/5427/5427 5426/5426/5426
f 5427/5427/5427 5428/5428/5428 5426/5426/5426
f 5429/5429/5429 5431/5431/5431 5430/5430/5430
f 5431/5431/5431 5432/5432/5432 5430/5430/5430
f 5433/5433/5433 5435/5435/5435 5434/5434/5434
f 5435/5435/5435 5436/5436/5436 5434/5434/5434
f 5437/5437/5437 5439/5439/5439 5438/5438/5438
f 5439/5439/5439 5440/5440/5440 5438/5438/5438
f 5441/5441/5441 5443/5443/5443 5442/5442/5442
f 5443/5443/5443 5444/5444/5444 5442/5442/5442
f 5445/5445/5445 5447/5447/5447 5446/5446/5446
f 5447/5447/5447 5448/5448/5448 5446/5446/5446
o leaf_1_109
usemtl leaf
v 0.4333542061402219 2.5987333123360616 -0.027355124790687114
v 0.4333542061402219 2.5987333123360616 -0.04764487520931288
v 0.45940695751925903 2.5570401947276666 -0.027355124790687114
v 0.45940695751925903 2.5570401947276666 -0.04764487520931288
v 0.3410116709765964 2.5410312922347025 -0.04764487520931288
v 0.3410116709765964 2.5410312922347025 -0.027355124790687114
v 0.3670644223556335 2.4993381746263075 -0.04764487520931288
v 0.3670644223556335 2.4993381746263075 -0.027355124790687114
v 0.3410116709765964 2.5410312922347025 -0.04764487520931288
v 0.4333542061402219 2.5987333123360616 -0.04764487520931288
v 0.3410116709765964 2.5410312922347025 -0.027355124790687114
v 0.4333542061402219 2.5987333123360616 -0.027355124790687114
v 0.3670644223556335 2.4993381746263075 -0.027355124790687114
v 0.45940695751925903 2.5570401947276666 -0.027355124790687114
v 0.3670644223556335 2.4993381746263075 -0.04764487520931288
v 0.45940695751925903 2.5570401947276666 -0.04764487520931288
v 0.3410116709765964 2.5410312922347025 -0.027355124790687114
v 0.4333542061402219 2.5987333123360616 -0.027355124790687114
v 0.3670644223556335 2.4993381746263075 -0.027355124790687114
v 0.45940695751925903 2.5570401947276666 -0.027355124790687114
v 0.4333542061402219 2.5987333123360616 -0.04764487520931288
v 0.3410116709765964 2.5410312922347025 -0.04764487520931288
v 0.45940695751925903 2.5570401947276666 -0.04764487520931288
v 0.3670644223556335 2.4993381746263075 -0.04764487520931288
vt 0.9375 0.9375
vt 1 0.9375
vt 0.9375 0.875
vt 1 0.875
vt 0.9375 0.9375
vt 1 0.9375
vt 0.9375 0.875
vt 1 0.875
vt 0.9375 0.9375
vt 1.0625 0.9375
vt 0.9375 0.875
vt 1.0625 0.875
vt 0.9375 0.9375
vt 1.0625 0.9375
vt 0.9375 0.875
vt 1.0625 0.875
vt 0.9375 0.9375
vt 1.0625 0.9375
vt 0.9375 0.875
vt 1.0625 0.875
vt 0.9375 0.9375
vt 1.0625 0.9375
vt 0.9375 0.875
vt 1.0625 0.875
vn 0.848048096156426 0.529919264233205 0
vn 0.848048096156426 0.529919264233205 0
vn 0.848048096156426 0.529919264233205 0
vn 0.848048096156426 0.529919264233205 0
vn -0.848048096156426 -0.529919264233205 0
vn -0.848048096156426 -0.529919264233205 0
vn -0.848048096156426 -0.529919264233205 0
vn -0.848048096156426 -0.529919264233205 0
vn -0.529919264233205 0.848048096156426 0
vn -0.529919264233205 0.848048096156426 0
vn -0.529919264233205 0.848048096156426 0
vn -0.529919264233205 0.848048096156426 0
vn 0.529919264233205 -0.848048096156426 0
vn 0.529919264233205 -0.848048096156426 0
vn 0.529919264233205 -0.848048096156426 0
vn 0.529919264233205 -0.848048096156426 0
vn 0 0 1
vn 0 0 1
vn 0 0 1
vn 0 0 1
vn 0 0 -1
vn 0 0 -1
vn 0 0 -1
vn 0 0 -1
f 5449/5449/5449 5451/5451/5451 5450/5450/5450
f 5451/5451/5451 5452/5452/5452 5450/5450/5450
f 5453/5453/5453 5455/5455/5455 5454/5454/5454
f 5455/5455/5455 5456/5456/5456 5454/5454/5454
f 5457/5457/5457 5459/5459/5459 5458/5458/5458
f 5459/5459/5459 5460/5460/5460 5458/5458/5458
f 5461/5461/5461 5463/5463/5463 5462/5462/5462
f 5463/5463/5463 5464/5464/5464 5462/5462/5462
f 5465/5465/5465 5467/5467/5467 5466/5466/5466
f 5467/5467/5467 5468/5468/5468 5466/5466/5466
f 5469/5469/5469 5471/5471/5471 5470/5470/5470
f 5471/5471/5471 5472/5472/5472 5470/5470/5470
o leaf_1_110
usemtl leaf
v 0.38884362690522467 2.6244100536845454 -0.02799843712244183
v 0.38884362690522467 2.6244100536845454 -0.04700156287755817
v 0.41422033379869333 2.5837988334095736 -0.02799843712244183
v 0.41422033379869333 2.5837988334095736 -0.04700156287755817
v 0.33744572238770726 2.592293078399187 -0.04700156287755817
v 0.33744572238770726 2.592293078399187 -0.02799843712244183
v 0.3628224292811759 2.551681858124215 -0.04700156287755817
v 0.3628224292811759 2.551681858124215 -0.02799843712244183
v 0.33744572238770726 2.592293078399187 -0.04700156287755817
v 0.38884362690522467 2.6244100536845454 -0.04700156287755817
v 0.33744572238770726 2.592293078399187 -0.02799843712244183
v 0.38884362690522467 2.6244100536845454 -0.02799843712244183
v 0.3628224292811759 2.551681858124215 -0.02799843712244183
v 0.41422033379869333 2.5837988334095736 -0.02799843712244183
v 0.3628224292811759 2.551681858124215 -0.04700156287755817
v 0.41422033379869333 2.5837988334095736 -0.04700156287755817
v 0.33744572238770726 2.592293078399187 -0.02799843712244183
v 0.38884362690522467 2.6244100536845454 -0.02799843712244183
v 0.3628224292811759 2.551681858124215 -0.02799843712244183
v 0.41422033379869333 2.5837988334095736 -0.02799843712244183
v 0.38884362690522467 2.6244100536845454 -0.04700156287755817
v 0.33744572238770726 2.592293078399187 -0.04700156287755817
v 0.41422033379869333 2.5837988334095736 -0.04700156287755817
v 0.3628224292811759 2.551681858124215 -0.04700156287755817
vt 0.9375 1
vt 1 1
vt 0.9375 0.9375
vt 1 0.9375
vt 0.9375 1
vt 1 1
vt 0.9375 0.9375
vt 1 0.9375
vt 0.9375 1
vt 1 1
vt 0.9375 0.9375
vt 1 0.9375
vt 0.9375 1
vt 1 1
vt 0.9375 0.9375
vt 1 0.9375
vt 0.9375 1
vt 1 1
vt 0.9375 0.9375
vt 1 0.9375
vt 0.9375 1
vt 1 1
vt 0.9375 0.9375
vt 1 0.9375
vn 0.8480480961564261 0.529919264233205 0
vn 0.8480480961564261 0.529919264233205 0
vn 0.8480480961564261 0.529919264233205 0
vn 0.8480480961564261 0.529919264233205 0
vn -0.8480480961564261 -0.529919264233205 0
vn -0.8480480961564261 -0.529919264233205 0
vn -0.8480480961564261 -0.529919264233205 0
vn -0.8480480961564261 -0.529919264233205 0
vn -0.529919264233205 0.8480480961564261 0
vn -0.529919264233205 0.8480480961564261 0
vn -0.529919264233205 0.8480480961564261 0
vn -0.529919264233205 0.8480480961564261 0
vn 0.529919264233205 -0.8480480961564261 0
vn 0.529919264233205 -0.8480480961564261 0
vn 0.529919264233205 -0.8480480961564261 0
vn 0.529919264233205 -0.8480480961564261 0
vn 0 0 1
vn 0 0 1
vn 0 0 1
vn 0 0 1
vn 0 0 -1
vn 0 0 -1
vn 0 0 -1
vn 0 0 -1
f 5473/5473/5473 5475/5475/5475 5474/5474/5474
f 5475/5475/5475 5476/5476/5476 5474/5474/5474
f 5477/5477/5477 5479/5479/5479 5478/5478/5478
f 5479/5479/5479 5480/5480/5480 5478/5478/5478
f 5481/5481/5481 5483/5483/5483 5482/5482/5482
f 5483/5483/5483 5484/5484/5484 5482/5482/5482
f 5485/5485/5485 5487/5487/5487 5486/5486/5486
f 5487/5487/5487 5488/5488/5488 5486/5486/5486
f 5489/5489/5489 5491/5491/5491 5490/5490/5490
f 5491/5491/5491 5492/5492/5492 5490/5490/5490
f 5493/5493/5493 5495/5495/5495 5494/5494/5494
f 5495/5495/5495 5496/5496/5496 5494/5494/5494
o leaf_1_111
usemtl vine
v 0.381810266888749 2.5969678610464717 -0.021171875
v 0.381810266888749 2.5969678610464717 -0.053828125
v 0.49007144849958617 2.4237137539598645 -0.021171875
v 0.49007144849958617 2.4237137539598645 -0.053828125
v 0.3651938238444059 2.586584755050315 -0.053828125
v 0.3651938238444059 2.586584755050315 -0.021171875
v 0.4734550054552431 2.4133306479637078 -0.053828125
v 0.4734550054552431 2.4133306479637078 -0.021171875
v 0.3651938238444059 2.586584755050315 -0.053828125
v 0.381810266888749 2.5969678610464717 -0.053828125
v 0.3651938238444059 2.586584755050315 -0.021171875
v 0.381810266888749 2.5969678610464717 -0.021171875
v 0.4734550054552431 2.4133306479637078 -0.021171875
v 0.49007144849958617 2.4237137539598645 -0.021171875
v 0.4734550054552431 2.4133306479637078 -0.053828125
v 0.49007144849958617 2.4237137539598645 -0.053828125
v 0.3651938238444059 2.586584755050315 -0.021171875
v 0.381810266888749 2.5969678610464717 -0.021171875
v 0.4734550054552431 2.4133306479637078 -0.021171875
v 0.49007144849958617 2.4237137539598645 -0.021171875
v 0.381810266888749 2.5969678610464717 -0.053828125
v 0.3651938238444059 2.586584755050315 -0.053828125
v 0.49007144849958617 2.4237137539598645 -0.053828125
v 0.4734550054552431 2.4133306479637078 -0.053828125
vt 0.75 0.625
vt 0.8125 0.625
vt 0.75 0.4375
vt 0.8125 0.4375
vt 0.75 0.625
vt 0.8125 0.625
vt 0.75 0.4375
vt 0.8125 0.4375
vt 0.75 0.5
vt 0.8125 0.5
vt 0.75 0.4375
vt 0.8125 0.4375
vt 0.75 0.5
vt 0.8125 0.5
vt 0.75 0.4375
vt 0.8125 0.4375
vt 0.75 0.625
vt 0.8125 0.625
vt 0.75 0.4375
vt 0.8125 0.4375
vt 0.75 0.625
vt 0.8125 0.625
vt 0.75 0.4375
vt 0.8125 0.4375
vn 0.8480480961564261 0.5299192642332049 0
vn 0.8480480961564261 0.5299192642332049 0
vn 0.8480480961564261 0.5299192642332049 0
vn 0.8480480961564261 0.5299192642332049 0
vn -0.8480480961564261 -0.5299192642332049 0
vn -0.8480480961564261 -0.5299192642332049 0
vn -0.8480480961564261 -0.5299192642332049 0
vn -0.8480480961564261 -0.5299192642332049 0
vn -0.5299192642332049 0.8480480961564261 0
vn -0.5299192642332049 0.8480480961564261 0
vn -0.5299192642332049 0.8480480961564261 0
vn -0.5299192642332049 0.8480480961564261 0
vn 0.5299192642332049 -0.8480480961564261 0
vn 0.5299192642332049 -0.8480480961564261 0
vn 0.5299192642332049 -0.8480480961564261 0
vn 0.5299192642332049 -0.8480480961564261 0
vn 0 0 1
vn 0 0 1
vn 0 0 1
vn 0 0 1
vn 0 0 -1
vn 0 0 -1
vn 0 0 -1
vn 0 0 -1
f 5497/5497/5497 5499/5499/5499 5498/5498/5498
f 5499/5499/5499 5500/5500/5500 5498/5498/5498
f 5501/5501/5501 5503/5503/5503 5502/5502/5502
f 5503/5503/5503 5504/5504/5504 5502/5502/5502
f 5505/5505/5505 5507/5507/5507 5506/5506/5506
f 5507/5507/5507 5508/5508/5508 5506/5506/5506
f 5509/5509/5509 5511/5511/5511 5510/5510/5510
f 5511/5511/5511 5512/5512/5512 5510/5510/5510
f 5513/5513/5513 5515/5515/5515 5514/5514/5514
f 5515/5515/5515 5516/5516/5516 5514/5514/5514
f 5517/5517/5517 5519/5519/5519 5518/5518/5518
f 5519/5519/5519 5520/5520/5520 5518/5518/5518
o leaf_2_112
usemtl leaf
v 0.9349615016222451 2.363369740180696 0.04704375037923455
v 0.9349615016222451 2.363369740180696 0.02795624962076545
v 0.9055006859179093 2.330650189562384 0.04704375037923455
v 0.9055006859179093 2.330650189562384 0.02795624962076545
v 0.8936554311281102 2.4005618931076667 0.02795624962076545
v 0.8936554311281102 2.4005618931076667 0.04704375037923455
v 0.8641946154237744 2.3678423424893547 0.02795624962076545
v 0.8641946154237744 2.3678423424893547 0.04704375037923455
v 0.8936554311281102 2.4005618931076667 0.02795624962076545
v 0.9349615016222451 2.363369740180696 0.02795624962076545
v 0.8936554311281102 2.4005618931076667 0.04704375037923455
v 0.9349615016222451 2.363369740180696 0.04704375037923455
v 0.8641946154237744 2.3678423424893547 0.04704375037923455
v 0.9055006859179093 2.330650189562384 0.04704375037923455
v 0.8641946154237744 2.3678423424893547 0.02795624962076545
v 0.9055006859179093 2.330650189562384 0.02795624962076545
v 0.8936554311281102 2.4005618931076667 0.04704375037923455
v 0.9349615016222451 2.363369740180696 0.04704375037923455
v 0.8641946154237744 2.3678423424893547 0.04704375037923455
v 0.9055006859179093 2.330650189562384 0.04704375037923455
v 0.9349615016222451 2.363369740180696 0.02795624962076545
v 0.8936554311281102 2.4005618931076667 0.02795624962076545
v 0.9055006859179093 2.330650189562384 0.02795624962076545
v 0.8641946154237744 2.3678423424893547 0.02795624962076545
vt 0.25 0.5625
vt 0.3125 0.5625
vt 0.25 0.5
vt 0.3125 0.5
vt 0.25 0.5625
vt 0.3125 0.5625
vt 0.25 0.5
vt 0.3125 0.5
vt 0.25 0.5625
vt 0.3125 0.5625
vt 0.25 0.5
vt 0.3125 0.5
vt 0.25 0.5625
vt 0.3125 0.5625
vt 0.25 0.5
vt 0.3125 0.5
vt 0.25 0.5625
vt 0.3125 0.5625
vt 0.25 0.5
vt 0.3125 0.5
vt 0.25 0.5625
vt 0.3125 0.5625
vt 0.25 0.5
vt 0.3125 0.5
vn 0.7431448254773941 -0.6691306063588581 0
vn 0.7431448254773941 -0.6691306063588581 0
vn 0.7431448254773941 -0.6691306063588581 0
vn 0.7431448254773941 -0.6691306063588581 0
vn -0.7431448254773941 0.6691306063588581 0
vn -0.7431448254773941 0.6691306063588581 0
vn -0.7431448254773941 0.6691306063588581 0
vn -0.7431448254773941 0.6691306063588581 0
vn 0.6691306063588581 0.7431448254773941 0
vn 0.6691306063588581 0.7431448254773941 0
vn 0.6691306063588581 0.7431448254773941 0
vn 0.6691306063588581 0.7431448254773941 0
vn -0.6691306063588581 -0.7431448254773941 0
vn -0.6691306063588581 -0.7431448254773941 0
vn -0.6691306063588581 -0.7431448254773941 0
vn -0.6691306063588581 -0.7431448254773941 0
vn 0 0 0.9999999999999999
vn 0 0 0.9999999999999999
vn 0 0 0.9999999999999999
vn 0 0 0.9999999999999999
vn 0 0 -0.9999999999999999
vn 0 0 -0.9999999999999999
vn 0 0 -0.9999999999999999
vn 0 0 -0.9999999999999999
f 5521/5521/5521 5523/5523/5523 5522/5522/5522
f 5523/5523/5523 5524/5524/5524 5522/5522/5522
f 5525/5525/5525 5527/5527/5527 5526/5526/5526
f 5527/5527/5527 5528/5528/5528 5526/5526/5526
f 5529/5529/5529 5531/5531/5531 5530/5530/5530
f 5531/5531/5531 5532/5532/5532 5530/5530/5530
f 5533/5533/5533 5535/5535/5535 5534/5534/5534
f 5535/5535/5535 5536/5536/5536 5534/5534/5534
f 5537/5537/5537 5539/5539/5539 5538/5538/5538
f 5539/5539/5539 5540/5540/5540 5538/5538/5538
f 5541/5541/5541 5543/5543/5543 5542/5542/5542
f 5543/5543/5543 5544/5544/5544 5542/5542/5542
o leaf_2_113
usemtl leaf
v 0.980128934855991 2.3801340034276794 0.047732625211123376
v 0.980128934855991 2.3801340034276794 0.02726737478887662
v 0.9497565123788785 2.346402010918919 0.047732625211123376
v 0.9497565123788785 2.346402010918919 0.02726737478887662
v 0.905606575601285 2.4472342370912332 0.02726737478887662
v 0.905606575601285 2.4472342370912332 0.047732625211123376
v 0.8752341531241725 2.4135022445824728 0.02726737478887662
v 0.8752341531241725 2.4135022445824728 0.047732625211123376
v 0.905606575601285 2.4472342370912332 0.02726737478887662
v 0.980128934855991 2.3801340034276794 0.02726737478887662
v 0.905606575601285 2.4472342370912332 0.047732625211123376
v 0.980128934855991 2.3801340034276794 0.047732625211123376
v 0.8752341531241725 2.4135022445824728 0.047732625211123376
v 0.9497565123788785 2.346402010918919 0.047732625211123376
v 0.8752341531241725 2.4135022445824728 0.02726737478887662
v 0.9497565123788785 2.346402010918919 0.02726737478887662
v 0.905606575601285 2.4472342370912332 0.047732625211123376
v 0.980128934855991 2.3801340034276794 0.047732625211123376
v 0.8752341531241725 2.4135022445824728 0.047732625211123376
v 0.9497565123788785 2.346402010918919 0.047732625211123376
v 0.980128934855991 2.3801340034276794 0.02726737478887662
v 0.905606575601285 2.4472342370912332 0.02726737478887662
v 0.9497565123788785 2.346402010918919 0.02726737478887662
v 0.8752341531241725 2.4135022445824728 0.02726737478887662
vt 0.9375 0.5625
vt 1 0.5625
vt 0.9375 0.5
vt 1 0.5
vt 0.9375 0.5625
vt 1 0.5625
vt 0.9375 0.5
vt 1 0.5
vt 0.9375 0.5625
vt 1.0625 0.5625
vt 0.9375 0.5
vt 1.0625 0.5
vt 0.9375 0.5625
vt 1.0625 0.5625
vt 0.9375 0.5
vt 1.0625 0.5
vt 0.9375 0.5625
vt 1.0625 0.5625
vt 0.9375 0.5
vt 1.0625 0.5
vt 0.9375 0.5625
vt 1.0625 0.5625
vt 0.9375 0.5
vt 1.0625 0.5
vn 0.7431448254773942 -0.6691306063588582 0
vn 0.7431448254773942 -0.6691306063588582 0
vn 0.7431448254773942 -0.6691306063588582 0
vn 0.7431448254773942 -0.6691306063588582 0
vn -0.7431448254773942 0.6691306063588582 0
vn -0.7431448254773942 0.6691306063588582 0
vn -0.7431448254773942 0.6691306063588582 0
vn -0.7431448254773942 0.6691306063588582 0
vn 0.6691306063588582 0.7431448254773942 0
vn 0.6691306063588582 0.7431448254773942 0
vn 0.6691306063588582 0.7431448254773942 0
vn 0.6691306063588582 0.7431448254773942 0
vn -0.6691306063588582 -0.7431448254773942 0
vn -0.6691306063588582 -0.7431448254773942 0
vn -0.6691306063588582 -0.7431448254773942 0
vn -0.6691306063588582 -0.7431448254773942 0
vn 0 0 1
vn 0 0 1
vn 0 0 1
vn 0 0 1
vn 0 0 -1
vn 0 0 -1
vn 0 0 -1
vn 0 0 -1
f 5545/5545/5545 5547/5547/5547 5546/5546/5546
f 5547/5547/5547 5548/5548/5548 5546/5546/5546
f 5549/5549/5549 5551/5551/5551 5550/5550/5550
f 5551/5551/5551 5552/5552/5552 5550/5550/5550
f 5553/5553/5553 5555/5555/5555 5554/5554/5554
f 5555/5555/5555 5556/5556/5556 5554/5554/5554
f 5557/5557/5557 5559/5559/5559 5558/5558/5558
f 5559/5559/5559 5560/5560/5560 5558/5558/5558
f 5561/5561/5561 5563/5563/5563 5562/5562/5562
f 5563/5563/5563 5564/5564/5564 5562/5562/5562
f 5565/5565/5565 5567/5567/5567 5566/5566/5566
f 5567/5567/5567 5568/5568/5568 5566/5566/5566
o leaf_2_114
usemtl leaf
v 1.0224413785525939 2.3977666013645442 0.05028125019045546
v 1.0224413785525939 2.3977666013645442 0.024718749809544534
v 0.9928503333092898 2.3649024161904544 0.05028125019045546
v 0.9928503333092898 2.3649024161904544 0.024718749809544534
v 0.9187197256050178 2.4911579971597986 0.024718749809544534
v 0.9187197256050178 2.4911579971597986 0.05028125019045546
v 0.8891286803617138 2.4582938119857087 0.024718749809544534
v 0.8891286803617138 2.4582938119857087 0.05028125019045546
v 0.9187197256050178 2.4911579971597986 0.024718749809544534
v 1.0224413785525939 2.3977666013645442 0.024718749809544534
v 0.9187197256050178 2.4911579971597986 0.05028125019045546
v 1.0224413785525939 2.3977666013645442 0.05028125019045546
v 0.8891286803617138 2.4582938119857087 0.05028125019045546
v 0.9928503333092898 2.3649024161904544 0.05028125019045546
v 0.8891286803617138 2.4582938119857087 0.024718749809544534
v 0.9928503333092898 2.3649024161904544 0.024718749809544534
v 0.9187197256050178 2.4911579971597986 0.05028125019045546
v 1.0224413785525939 2.3977666013645442 0.05028125019045546
v 0.8891286803617138 2.4582938119857087 0.05028125019045546
v 0.9928503333092898 2.3649024161904544 0.05028125019045546
v 1.0224413785525939 2.3977666013645442 0.024718749809544534
v 0.9187197256050178 2.4911579971597986 0.024718749809544534
v 0.9928503333092898 2.3649024161904544 0.024718749809544534
v 0.8891286803617138 2.4582938119857087 0.024718749809544534
vt 0.5625 0.125
vt 0.625 0.125
vt 0.5625 0.0625
vt 0.625 0.0625
vt 0.5625 0.125
vt 0.625 0.125
vt 0.5625 0.0625
vt 0.625 0.0625
vt 0.5625 0.125
vt 0.6875 0.125
vt 0.5625 0.0625
vt 0.6875 0.0625
vt 0.5625 0.125
vt 0.6875 0.125
vt 0.5625 0.0625
vt 0.6875 0.0625
vt 0.5625 0.125
vt 0.6875 0.125
vt 0.5625 0.0625
vt 0.6875 0.0625
vt 0.5625 0.125
vt 0.6875 0.125
vt 0.5625 0.0625
vt 0.6875 0.0625
vn 0.7431448254773942 -0.6691306063588582 0
vn 0.7431448254773942 -0.6691306063588582 0
vn 0.7431448254773942 -0.6691306063588582 0
vn 0.7431448254773942 -0.6691306063588582 0
vn -0.7431448254773942 0.6691306063588582 0
vn -0.7431448254773942 0.6691306063588582 0
vn -0.7431448254773942 0.6691306063588582 0
vn -0.7431448254773942 0.6691306063588582 0
vn 0.6691306063588582 0.7431448254773942 0
vn 0.6691306063588582 0.7431448254773942 0
vn 0.6691306063588582 0.7431448254773942 0
vn 0.6691306063588582 0.7431448254773942 0
vn -0.6691306063588582 -0.7431448254773942 0
vn -0.6691306063588582 -0.7431448254773942 0
vn -0.6691306063588582 -0.7431448254773942 0
vn -0.6691306063588582 -0.7431448254773942 0
vn 0 0 1
vn 0 0 1
vn 0 0 1
vn 0 0 1
vn 0 0 -1
vn 0 0 -1
vn 0 0 -1
vn 0 0 -1
f 5569/5569/5569 5571/5571/5571 5570/5570/5570
f 5571/5571/5571 5572/5572/5572 5570/5570/5570
f 5573/5573/5573 5575/5575/5575 5574/5574/5574
f 5575/5575/5575 5576/5576/5576 5574/5574/5574
f 5577/5577/5577 5579/5579/5579 5578/5578/5578
f 5579/5579/5579 5580/5580/5580 5578/5578/5578
f 5581/5581/5581 5583/5583/5583 5582/5582/5582
f 5583/5583/5583 5584/5584/5584 5582/5582/5582
f 5585/5585/5585 5587/5587/5587 5586/5586/5586
f 5587/5587/5587 5588/5588/5588 5586/5586/5586
f 5589/5589/5589 5591/5591/5591 5590/5590/5590
f 5591/5591/5591 5592/5592/5592 5590/5590/5590
o leaf_2_115
usemtl leaf
v 1.0365607874089027 2.4424866313284297 0.04777650021202862
v 1.0365607874089027 2.4424866313284297 0.027223499787971374
v 1.0060581353928222 2.408610004263891 0.04777650021202862
v 1.0060581353928222 2.408610004263891 0.027223499787971374
v 0.9617188944556296 2.509874574426463 0.027223499787971374
v 0.9617188944556296 2.509874574426463 0.04777650021202862
v 0.9312162424395491 2.475997947361924 0.027223499787971374
v 0.9312162424395491 2.475997947361924 0.04777650021202862
v 0.9617188944556296 2.509874574426463 0.027223499787971374
v 1.0365607874089027 2.4424866313284297 0.027223499787971374
v 0.9617188944556296 2.509874574426463 0.04777650021202862
v 1.0365607874089027 2.4424866313284297 0.04777650021202862
v 0.9312162424395491 2.475997947361924 0.04777650021202862
v 1.0060581353928222 2.408610004263891 0.04777650021202862
v 0.9312162424395491 2.475997947361924 0.027223499787971374
v 1.0060581353928222 2.408610004263891 0.027223499787971374
v 0.9617188944556296 2.509874574426463 0.04777650021202862
v 1.0365607874089027 2.4424866313284297 0.04777650021202862
v 0.9312162424395491 2.475997947361924 0.04777650021202862
v 1.0060581353928222 2.408610004263891 0.04777650021202862
v 1.0365607874089027 2.4424866313284297 0.027223499787971374
v 0.9617188944556296 2.509874574426463 0.027223499787971374
v 1.0060581353928222 2.408610004263891 0.027223499787971374
v 0.9312162424395491 2.475997947361924 0.027223499787971374
vt 0.9375 0.5625
vt 1 0.5625
vt 0.9375 0.5
vt 1 0.5
vt 0.9375 0.5625
vt 1 0.5625
vt 0.9375 0.5
vt 1 0.5
vt 0.9375 0.5625
vt 1.0625 0.5625
vt 0.9375 0.5
vt 1.0625 0.5
vt 0.9375 0.5625
vt 1.0625 0.5625
vt 0.9375 0.5
vt 1.0625 0.5
vt 0.9375 0.5625
vt 1.0625 0.5625
vt 0.9375 0.5
vt 1.0625 0.5
vt 0.9375 0.5625
vt 1.0625 0.5625
vt 0.9375 0.5
vt 1.0625 0.5
vn 0.7431448254773942 -0.6691306063588582 0
vn 0.7431448254773942 -0.6691306063588582 0
vn 0.7431448254773942 -0.6691306063588582 0
vn 0.7431448254773942 -0.6691306063588582 0
vn -0.7431448254773942 0.6691306063588582 0
vn -0.7431448254773942 0.6691306063588582 0
vn -0.7431448254773942 0.6691306063588582 0
vn -0.7431448254773942 0.6691306063588582 0
vn 0.6691306063588582 0.7431448254773942 0
vn 0.6691306063588582 0.7431448254773942 0
vn 0.6691306063588582 0.7431448254773942 0
vn 0.6691306063588582 0.7431448254773942 0
vn -0.6691306063588582 -0.7431448254773942 0
vn -0.6691306063588582 -0.7431448254773942 0
vn -0.6691306063588582 -0.7431448254773942 0
vn -0.6691306063588582 -0.7431448254773942 0
vn 0 0 1
vn 0 0 1
vn 0 0 1
vn 0 0 1
vn 0 0 -1
vn 0 0 -1
vn 0 0 -1
vn 0 0 -1
f 5593/5593/5593 5595/5595/5595 5594/5594/5594
f 5595/5595/5595 5596/5596/5596 5594/5594/5594
f 5597/5597/5597 5599/5599/5599 5598/5598/5598
f 5599/5599/5599 5600/5600/5600 5598/5598/5598
f 5601/5601/5601 5603/5603/5603 5602/5602/5602
f 5603/5603/5603 5604/5604/5604 5602/5602/5602
f 5605/5605/5605 5607/5607/5607 5606/5606/5606
f 5607/5607/5607 5608/5608/5608 5606/5606/5606
f 5609/5609/5609 5611/5611/5611 5610/5610/5610
f 5611/5611/5611 5612/5612/5612 5610/5610/5610
f 5613/5613/5613 5615/5615/5615 5614/5614/5614
f 5615/5615/5615 5616/5616/5616 5614/5614/5614
o leaf_2_116
usemtl leaf
v 1.047688263714397 2.4881983000255454 0.04712812538258731
v 1.047688263714397 2.4881983000255454 0.02787187461741269
v 1.0179669889321248 2.455189480295677 0.04712812538258731
v 1.0179669889321248 2.455189480295677 0.02787187461741269
v 1.006017011850471 2.5257192637347785 0.02787187461741269
v 1.006017011850471 2.5257192637347785 0.04712812538258731
v 0.9762957370681989 2.49271044400491 0.02787187461741269
v 0.9762957370681989 2.49271044400491 0.04712812538258731
v 1.006017011850471 2.5257192637347785 0.02787187461741269
v 1.047688263714397 2.4881983000255454 0.02787187461741269
v 1.006017011850471 2.5257192637347785 0.04712812538258731
v 1.047688263714397 2.4881983000255454 0.04712812538258731
v 0.9762957370681989 2.49271044400491 0.04712812538258731
v 1.0179669889321248 2.455189480295677 0.04712812538258731
v 0.9762957370681989 2.49271044400491 0.02787187461741269
v 1.0179669889321248 2.455189480295677 0.02787187461741269
v 1.006017011850471 2.5257192637347785 0.04712812538258731
v 1.047688263714397 2.4881983000255454 0.04712812538258731
v 0.9762957370681989 2.49271044400491 0.04712812538258731
v 1.0179669889321248 2.455189480295677 0.04712812538258731
v 1.047688263714397 2.4881983000255454 0.02787187461741269
v 1.006017011850471 2.5257192637347785 0.02787187461741269
v 1.0179669889321248 2.455189480295677 0.02787187461741269
v 0.9762957370681989 2.49271044400491 0.02787187461741269
vt 0.25 0.5625
vt 0.3125 0.5625
vt 0.25 0.5
vt 0.3125 0.5
vt 0.25 0.5625
vt 0.3125 0.5625
vt 0.25 0.5
vt 0.3125 0.5
vt 0.25 0.5625
vt 0.3125 0.5625
vt 0.25 0.5
vt 0.3125 0.5
vt 0.25 0.5625
vt 0.3125 0.5625
vt 0.25 0.5
vt 0.3125 0.5
vt 0.25 0.5625
vt 0.3125 0.5625
vt 0.25 0.5
vt 0.3125 0.5
vt 0.25 0.5625
vt 0.3125 0.5625
vt 0.25 0.5
vt 0.3125 0.5
vn 0.7431448254773942 -0.6691306063588582 0
vn 0.7431448254773942 -0.6691306063588582 0
vn 0.7431448254773942 -0.6691306063588582 0
vn 0.7431448254773942 -0.6691306063588582 0
vn -0.7431448254773942 0.6691306063588582 0
vn -0.7431448254773942 0.6691306063588582 0
vn -0.7431448254773942 0.6691306063588582 0
vn -0.7431448254773942 0.6691306063588582 0
vn 0.6691306063588582 0.7431448254773942 0
vn 0.6691306063588582 0.7431448254773942 0
vn 0.6691306063588582 0.7431448254773942 0
vn 0.6691306063588582 0.7431448254773942 0
vn -0.6691306063588582 -0.7431448254773942 0
vn -0.6691306063588582 -0.7431448254773942 0
vn -0.6691306063588582 -0.7431448254773942 0
vn -0.6691306063588582 -0.7431448254773942 0
vn 0 0 0.9999999999999999
vn 0 0 0.9999999999999999
vn 0 0 0.9999999999999999
vn 0 0 0.9999999999999999
vn 0 0 -0.9999999999999999
vn 0 0 -0.9999999999999999
vn 0 0 -0.9999999999999999
vn 0 0 -0.9999999999999999
f 5617/5617/5617 5619/5619/5619 5618/5618/5618
f 5619/5619/5619 5620/5620/5620 5618/5618/5618
f 5621/5621/5621 5623/5623/5623 5622/5622/5622
f 5623/5623/5623 5624/5624/5624 5622/5622/5622
f 5625/5625/5625 5627/5627/5627 5626/5626/5626
f 5627/5627/5627 5628/5628/5628 5626/5626/5626
f 5629/5629/5629 5631/5631/5631 5630/5630/5630
f 5631/5631/5631 5632/5632/5632 5630/5630/5630
f 5633/5633/5633 5635/5635/5635 5634/5634/5634
f 5635/5635/5635 5636/5636/5636 5634/5634/5634
f 5637/5637/5637 5639/5639/5639 5638/5638/5638
f 5639/5639/5639 5640/5640/5640 5638/5638/5638
o leaf_2_117
usemtl vine
v 1.0189589822902594 2.484181271091086 0.053125
v 1.0189589822902594 2.484181271091086 0.021875
v 0.8995191712886675 2.3515299222238846 0.053125
v 0.8995191712886675 2.3515299222238846 0.021875
v 1.0050250162588723 2.4967274704588553 0.021875
v 1.0050250162588723 2.4967274704588553 0.053125
v 0.8855852052572804 2.364076121591654 0.021875
v 0.8855852052572804 2.364076121591654 0.053125
v 1.0050250162588723 2.4967274704588553 0.021875
v 1.0189589822902594 2.484181271091086 0.021875
v 1.0050250162588723 2.4967274704588553 0.053125
v 1.0189589822902594 2.484181271091086 0.053125
v 0.8855852052572804 2.364076121591654 0.053125
v 0.8995191712886675 2.3515299222238846 0.053125
v 0.8855852052572804 2.364076121591654 0.021875
v 0.8995191712886675 2.3515299222238846 0.021875
v 1.0050250162588723 2.4967274704588553 0.053125
v 1.0189589822902594 2.484181271091086 0.053125
v 0.8855852052572804 2.364076121591654 0.053125
v 0.8995191712886675 2.3515299222238846 0.053125
v 1.0189589822902594 2.484181271091086 0.021875
v 1.0050250162588723 2.4967274704588553 0.021875
v 0.8995191712886675 2.3515299222238846 0.021875
v 0.8855852052572804 2.364076121591654 0.021875
vt 0.875 0.625
vt 0.9375 0.625
vt 0.875 0.4375
vt 0.9375 0.4375
vt 0.875 0.625
vt 0.9375 0.625
vt 0.875 0.4375
vt 0.9375 0.4375
vt 0.875 0.5
vt 0.9375 0.5
vt 0.875 0.4375
vt 0.9375 0.4375
vt 0.875 0.5
vt 0.9375 0.5
vt 0.875 0.4375
vt 0.9375 0.4375
vt 0.875 0.625
vt 0.9375 0.625
vt 0.875 0.4375
vt 0.9375 0.4375
vt 0.875 0.625
vt 0.9375 0.625
vt 0.875 0.4375
vt 0.9375 0.4375
vn 0.7431448254773942 -0.6691306063588582 0
vn 0.7431448254773942 -0.6691306063588582 0
vn 0.7431448254773942 -0.6691306063588582 0
vn 0.7431448254773942 -0.6691306063588582 0
vn -0.7431448254773942 0.6691306063588582 0
vn -0.7431448254773942 0.6691306063588582 0
vn -0.7431448254773942 0.6691306063588582 0
vn -0.7431448254773942 0.6691306063588582 0
vn 0.6691306063588582 0.7431448254773942 0
vn 0.6691306063588582 0.7431448254773942 0
vn 0.6691306063588582 0.7431448254773942 0
vn 0.6691306063588582 0.7431448254773942 0
vn -0.6691306063588582 -0.7431448254773942 0
vn -0.6691306063588582 -0.7431448254773942 0
vn -0.6691306063588582 -0.7431448254773942 0
vn -0.6691306063588582 -0.7431448254773942 0
vn 0 0 1
vn 0 0 1
vn 0 0 1
vn 0 0 1
vn 0 0 -1
vn 0 0 -1
vn 0 0 -1
vn 0 0 -1
f 5641/5641/5641 5643/5643/5643 5642/5642/5642
f 5643/5643/5643 5644/5644/5644 5642/5642/5642
f 5645/5645/5645 5647/5647/5647 5646/5646/5646
f 5647/5647/5647 5648/5648/5648 5646/5646/5646
f 5649/5649/5649 5651/5651/5651 5650/5650/5650
f 5651/5651/5651 5652/5652/5652 5650/5650/5650
f 5653/5653/5653 5655/5655/5655 5654/5654/5654
f 5655/5655/5655 5656/5656/5656 5654/5654/5654
f 5657/5657/5657 5659/5659/5659 5658/5658/5658
f 5659/5659/5659 5660/5660/5660 5658/5658/5658
f 5661/5661/5661 5663/5663/5663 5662/5662/5662
f 5663/5663/5663 5664/5664/5664 5662/5662/5662
o leaf_3_118
usemtl leaf
v 1.3096663842073604 2.2996152285742486 -0.0278296871157363
v 1.3096663842073604 2.2996152285742486 -0.047170312884263696
v 1.2825757106492668 2.2695279874854775 -0.0278296871157363
v 1.2825757106492668 2.2695279874854775 -0.047170312884263696
v 1.2717986208134227 2.333711515882664 -0.047170312884263696
v 1.2717986208134227 2.333711515882664 -0.0278296871157363
v 1.244707947255329 2.3036242747938926 -0.047170312884263696
v 1.244707947255329 2.3036242747938926 -0.0278296871157363
v 1.2717986208134227 2.333711515882664 -0.047170312884263696
v 1.3096663842073604 2.2996152285742486 -0.047170312884263696
v 1.2717986208134227 2.333711515882664 -0.0278296871157363
v 1.3096663842073604 2.2996152285742486 -0.0278296871157363
v 1.244707947255329 2.3036242747938926 -0.0278296871157363
v 1.2825757106492668 2.2695279874854775 -0.0278296871157363
v 1.244707947255329 2.3036242747938926 -0.047170312884263696
v 1.2825757106492668 2.2695279874854775 -0.047170312884263696
v 1.2717986208134227 2.333711515882664 -0.0278296871157363
v 1.3096663842073604 2.2996152285742486 -0.0278296871157363
v 1.244707947255329 2.3036242747938926 -0.0278296871157363
v 1.2825757106492668 2.2695279874854775 -0.0278296871157363
v 1.3096663842073604 2.2996152285742486 -0.047170312884263696
v 1.2717986208134227 2.333711515882664 -0.047170312884263696
v 1.2825757106492668 2.2695279874854775 -0.047170312884263696
v 1.244707947255329 2.3036242747938926 -0.047170312884263696
vt 0.75 0.75
vt 0.8125 0.75
vt 0.75 0.6875
vt 0.8125 0.6875
vt 0.75 0.75
vt 0.8125 0.75
vt 0.75 0.6875
vt 0.8125 0.6875
vt 0.75 0.75
vt 0.8125 0.75
vt 0.75 0.6875
vt 0.8125 0.6875
vt 0.75 0.75
vt 0.8125 0.75
vt 0.75 0.6875
vt 0.8125 0.6875
vt 0.75 0.75
vt 0.8125 0.75
vt 0.75 0.6875
vt 0.8125 0.6875
vt 0.75 0.75
vt 0.8125 0.75
vt 0.75 0.6875
vt 0.8125 0.6875
vn 0.7431448254773944 -0.6691306063588582 0
vn 0.7431448254773944 -0.6691306063588582 0
vn 0.7431448254773944 -0.6691306063588582 0
vn 0.7431448254773944 -0.6691306063588582 0
vn -0.7431448254773944 0.6691306063588582 0
vn -0.7431448254773944 0.6691306063588582 0
vn -0.7431448254773944 0.6691306063588582 0
vn -0.7431448254773944 0.6691306063588582 0
vn 0.6691306063588582 0.7431448254773944 0
vn 0.6691306063588582 0.7431448254773944 0
vn 0.6691306063588582 0.7431448254773944 0
vn 0.6691306063588582 0.7431448254773944 0
vn -0.6691306063588582 -0.7431448254773944 0
vn -0.6691306063588582 -0.7431448254773944 0
vn -0.6691306063588582 -0.7431448254773944 0
vn -0.6691306063588582 -0.7431448254773944 0
vn 0 0 1
vn 0 0 1
vn 0 0 1
vn 0 0 1
vn 0 0 -1
vn 0 0 -1
vn 0 0 -1
vn 0 0 -1
f 5665/5665/5665 5667/5667/5667 5666/5666/5666
f 5667/5667/5667 5668/5668/5668 5666/5666/5666
f 5669/5669/5669 5671/5671/5671 5670/5670/5670
f 5671/5671/5671 5672/5672/5672 5670/5670/5670
f 5673/5673/5673 5675/5675/5675 5674/5674/5674
f 5675/5675/5675 5676/5676/5676 5674/5674/5674
f 5677/5677/5677 5679/5679/5679 5678/5678/5678
f 5679/5679/5679 5680/5680/5680 5678/5678/5678
f 5681/5681/5681 5683/5683/5683 5682/5682/5682
f 5683/5683/5683 5684/5684/5684 5682/5682/5682
f 5685/5685/5685 5687/5687/5687 5686/5686/5686
f 5687/5687/5687 5688/5688/5688 5686/5686/5686
o leaf_3_119
usemtl leaf
v 1.3480718971516645 2.315455775954485 -0.027706124797929076
v 1.3480718971516645 2.315455775954485 -0.04729387520207092
v 1.3216903347773503 2.286156082620825 -0.027706124797929076
v 1.3216903347773503 2.286156082620825 -0.04729387520207092
v 1.2835379227686123 2.3735624274835985 -0.04729387520207092
v 1.2835379227686123 2.3735624274835985 -0.027706124797929076
v 1.2571563603942981 2.3442627341499382 -0.04729387520207092
v 1.2571563603942981 2.3442627341499382 -0.027706124797929076
v 1.2835379227686123 2.3735624274835985 -0.04729387520207092
v 1.3480718971516645 2.315455775954485 -0.04729387520207092
v 1.2835379227686123 2.3735624274835985 -0.027706124797929076
v 1.3480718971516645 2.315455775954485 -0.027706124797929076
v 1.2571563603942981 2.3442627341499382 -0.027706124797929076
v 1.3216903347773503 2.286156082620825 -0.027706124797929076
v 1.2571563603942981 2.3442627341499382 -0.04729387520207092
v 1.3216903347773503 2.286156082620825 -0.04729387520207092
v 1.2835379227686123 2.3735624274835985 -0.027706124797929076
v 1.3480718971516645 2.315455775954485 -0.027706124797929076
v 1.2571563603942981 2.3442627341499382 -0.027706124797929076
v 1.3216903347773503 2.286156082620825 -0.027706124797929076
v 1.3480718971516645 2.315455775954485 -0.04729387520207092
v 1.2835379227686123 2.3735624274835985 -0.04729387520207092
v 1.3216903347773503 2.286156082620825 -0.04729387520207092
v 1.2571563603942981 2.3442627341499382 -0.04729387520207092
vt 0.9375 0.375
vt 1 0.375
vt 0.9375 0.3125
vt 1 0.3125
vt 0.9375 0.375
vt 1 0.375
vt 0.9375 0.3125
vt 1 0.3125
vt 0.9375 0.375
vt 1 0.375
vt 0.9375 0.3125
vt 1 0.3125
vt 0.9375 0.375
vt 1 0.375
vt 0.9375 0.3125
vt 1 0.3125
vt 0.9375 0.375
vt 1 0.375
vt 0.9375 0.3125
vt 1 0.3125
vt 0.9375 0.375
vt 1 0.375
vt 0.9375 0.3125
vt 1 0.3125
vn 0.7431448254773942 -0.6691306063588582 0
vn 0.7431448254773942 -0.6691306063588582 0
vn 0.7431448254773942 -0.6691306063588582 0
vn 0.7431448254773942 -0.6691306063588582 0
vn -0.7431448254773942 0.6691306063588582 0
vn -0.7431448254773942 0.6691306063588582 0
vn -0.7431448254773942 0.6691306063588582 0
vn -0.7431448254773942 0.6691306063588582 0
vn 0.6691306063588582 0.7431448254773942 0
vn 0.6691306063588582 0.7431448254773942 0
vn 0.6691306063588582 0.7431448254773942 0
vn 0.6691306063588582 0.7431448254773942 0
vn -0.6691306063588582 -0.7431448254773942 0
vn -0.6691306063588582 -0.7431448254773942 0
vn -0.6691306063588582 -0.7431448254773942 0
vn -0.6691306063588582 -0.7431448254773942 0
vn 0 0 1
vn 0 0 1
vn 0 0 1
vn 0 0 1
vn 0 0 -1
vn 0 0 -1
vn 0 0 -1
vn 0 0 -1
f 5689/5689/5689 5691/5691/5691 5690/5690/5690
f 5691/5691/5691 5692/5692/5692 5690/5690/5690
f 5693/5693/5693 5695/5695/5695 5694/5694/5694
f 5695/5695/5695 5696/5696/5696 5694/5694/5694
f 5697/5697/5697 5699/5699/5699 5698/5698/5698
f 5699/5699/5699 5700/5700/5700 5698/5698/5698
f 5701/5701/5701 5703/5703/5703 5702/5702/5702
f 5703/5703/5703 5704/5704/5704 5702/5702/5702
f 5705/5705/5705 5707/5707/5707 5706/5706/5706
f 5707/5707/5707 5708/5708/5708 5706/5706/5706
f 5709/5709/5709 5711/5711/5711 5710/5710/5710
f 5711/5711/5711 5712/5712/5712 5710/5710/5710
o leaf_3_120
usemtl leaf
v 1.3891867239423963 2.330401716717372 -0.02454999980702996
v 1.3891867239423963 2.330401716717372 -0.05045000019297004
v 1.361977865187006 2.300183217669416 -0.02454999980702996
v 1.361977865187006 2.300183217669416 -0.05045000019297004
v 1.2941043184422298 2.4160142991712887 -0.05045000019297004
v 1.2941043184422298 2.4160142991712887 -0.02454999980702996
v 1.2668954596868396 2.385795800123333 -0.05045000019297004
v 1.2668954596868396 2.385795800123333 -0.02454999980702996
v 1.2941043184422298 2.4160142991712887 -0.05045000019297004
v 1.3891867239423963 2.330401716717372 -0.05045000019297004
v 1.2941043184422298 2.4160142991712887 -0.02454999980702996
v 1.3891867239423963 2.330401716717372 -0.02454999980702996
v 1.2668954596868396 2.385795800123333 -0.02454999980702996
v 1.361977865187006 2.300183217669416 -0.02454999980702996
v 1.2668954596868396 2.385795800123333 -0.05045000019297004
v 1.361977865187006 2.300183217669416 -0.05045000019297004
v 1.2941043184422298 2.4160142991712887 -0.02454999980702996
v 1.3891867239423963 2.330401716717372 -0.02454999980702996
v 1.2668954596868396 2.385795800123333 -0.02454999980702996
v 1.361977865187006 2.300183217669416 -0.02454999980702996
v 1.3891867239423963 2.330401716717372 -0.05045000019297004
v 1.2941043184422298 2.4160142991712887 -0.05045000019297004
v 1.361977865187006 2.300183217669416 -0.05045000019297004
v 1.2668954596868396 2.385795800123333 -0.05045000019297004
vt 0.6875 0.625
vt 0.75 0.625
vt 0.6875 0.5625
vt 0.75 0.5625
vt 0.6875 0.625
vt 0.75 0.625
vt 0.6875 0.5625
vt 0.75 0.5625
vt 0.6875 0.625
vt 0.8125 0.625
vt 0.6875 0.5625
vt 0.8125 0.5625
vt 0.6875 0.625
vt 0.8125 0.625
vt 0.6875 0.5625
vt 0.8125 0.5625
vt 0.6875 0.625
vt 0.8125 0.625
vt 0.6875 0.5625
vt 0.8125 0.5625
vt 0.6875 0.625
vt 0.8125 0.625
vt 0.6875 0.5625
vt 0.8125 0.5625
vn 0.7431448254773942 -0.6691306063588582 0
vn 0.7431448254773942 -0.6691306063588582 0
vn 0.7431448254773942 -0.6691306063588582 0
vn 0.7431448254773942 -0.6691306063588582 0
vn -0.7431448254773942 0.6691306063588582 0
vn -0.7431448254773942 0.6691306063588582 0
vn -0.7431448254773942 0.6691306063588582 0
vn -0.7431448254773942 0.6691306063588582 0
vn 0.6691306063588582 0.7431448254773942 0
vn 0.6691306063588582 0.7431448254773942 0
vn 0.6691306063588582 0.7431448254773942 0
vn 0.6691306063588582 0.7431448254773942 0
vn -0.6691306063588582 -0.7431448254773942 0
vn -0.6691306063588582 -0.7431448254773942 0
vn -0.6691306063588582 -0.7431448254773942 0
vn -0.6691306063588582 -0.7431448254773942 0
vn 0 0 1
vn 0 0 1
vn 0 0 1
vn 0 0 1
vn 0 0 -1
vn 0 0 -1
vn 0 0 -1
vn 0 0 -1
f 5713/5713/5713 5715/5715/5715 5714/5714/5714
f 5715/5715/5715 5716/5716/5716 5714/5714/5714
f 5717/5717/5717 5719/5719/5719 5718/5718/5718
f 5719/5719/5719 5720/5720/5720 5718/5718/5718
f 5721/5721/5721 5723/5723/5723 5722/5722/5722
f 5723/5723/5723 5724/5724/5724 5722/5722/5722
f 5725/5725/5725 5727/5727/5727 5726/5726/5726
f 5727/5727/5727 5728/5728/5728 5726/5726/5726
f 5729/5729/5729 5731/5731/5731 5730/5730/5730
f 5731/5731/5731 5732/5732/5732 5730/5730/5730
f 5733/5733/5733 5735/5735/5735 5734/5734/5734
f 5735/5735/5735 5736/5736/5736 5734/5734/5734
o leaf_3_121
usemtl leaf
v 1.3991294667966143 2.3718702573986414 -0.027662249797023832
v 1.3991294667966143 2.3718702573986414 -0.04733775020297616
v 1.3726297192250034 2.3424393061057964 -0.027662249797023832
v 1.3726297192250034 2.3424393061057964 -0.04733775020297616
v 1.3343063904875057 2.4302372174711904 -0.04733775020297616
v 1.3343063904875057 2.4302372174711904 -0.027662249797023832
v 1.3078066429158948 2.4008062661783454 -0.04733775020297616
v 1.3078066429158948 2.4008062661783454 -0.027662249797023832
v 1.3343063904875057 2.4302372174711904 -0.04733775020297616
v 1.3991294667966143 2.3718702573986414 -0.04733775020297616
v 1.3343063904875057 2.4302372174711904 -0.027662249797023832
v 1.3991294667966143 2.3718702573986414 -0.027662249797023832
v 1.3078066429158948 2.4008062661783454 -0.027662249797023832
v 1.3726297192250034 2.3424393061057964 -0.027662249797023832
v 1.3078066429158948 2.4008062661783454 -0.04733775020297616
v 1.3726297192250034 2.3424393061057964 -0.04733775020297616
v 1.3343063904875057 2.4302372174711904 -0.027662249797023832
v 1.3991294667966143 2.3718702573986414 -0.027662249797023832
v 1.3078066429158948 2.4008062661783454 -0.027662249797023832
v 1.3726297192250034 2.3424393061057964 -0.027662249797023832
v 1.3991294667966143 2.3718702573986414 -0.04733775020297616
v 1.3343063904875057 2.4302372174711904 -0.04733775020297616
v 1.3726297192250034 2.3424393061057964 -0.04733775020297616
v 1.3078066429158948 2.4008062661783454 -0.04733775020297616
vt 0.9375 0.375
vt 1 0.375
vt 0.9375 0.3125
vt 1 0.3125
vt 0.9375 0.375
vt 1 0.375
vt 0.9375 0.3125
vt 1 0.3125
vt 0.9375 0.375
vt 1 0.375
vt 0.9375 0.3125
vt 1 0.3125
vt 0.9375 0.375
vt 1 0.375
vt 0.9375 0.3125
vt 1 0.3125
vt 0.9375 0.375
vt 1 0.375
vt 0.9375 0.3125
vt 1 0.3125
vt 0.9375 0.375
vt 1 0.375
vt 0.9375 0.3125
vt 1 0.3125
vn 0.7431448254773942 -0.6691306063588583 0
vn 0.7431448254773942 -0.6691306063588583 0
vn 0.7431448254773942 -0.6691306063588583 0
vn 0.7431448254773942 -0.6691306063588583 0
vn -0.7431448254773942 0.6691306063588583 0
vn -0.7431448254773942 0.6691306063588583 0
vn -0.7431448254773942 0.6691306063588583 0
vn -0.7431448254773942 0.6691306063588583 0
vn 0.6691306063588583 0.7431448254773942 0
vn 0.6691306063588583 0.7431448254773942 0
vn 0.6691306063588583 0.7431448254773942 0
vn 0.6691306063588583 0.7431448254773942 0
vn -0.6691306063588583 -0.7431448254773942 0
vn -0.6691306063588583 -0.7431448254773942 0
vn -0.6691306063588583 -0.7431448254773942 0
vn -0.6691306063588583 -0.7431448254773942 0
vn 0 0 0.9999999999999999
vn 0 0 0.9999999999999999
vn 0 0 0.9999999999999999
vn 0 0 0.9999999999999999
vn 0 0 -0.9999999999999999
vn 0 0 -0.9999999999999999
vn 0 0 -0.9999999999999999
vn 0 0 -0.9999999999999999
f 5737/5737/5737 5739/5739/5739 5738/5738/5738
f 5739/5739/5739 5740/5740/5740 5738/5738/5738
f 5741/5741/5741 5743/5743/5743 5742/5742/5742
f 5743/5743/5743 5744/5744/5744 5742/5742/5742
f 5745/5745/5745 5747/5747/5747 5746/5746/5746
f 5747/5747/5747 5748/5748/5748 5746/5746/5746
f 5749/5749/5749 5751/5751/5751 5750/5750/5750
f 5751/5751/5751 5752/5752/5752 5750/5750/5750
f 5753/5753/5753 5755/5755/5755 5754/5754/5754
f 5755/5755/5755 5756/5756/5756 5754/5754/5754
f 5757/5757/5757 5759/5759/5759 5758/5758/5758
f 5759/5759/5759 5760/5760/5760 5758/5758/5758
o leaf_3_122
usemtl leaf
v 1.4116576226718072 2.4125557522668917 -0.02774531211238354
v 1.4116576226718072 2.4125557522668917 -0.047254687887616456
v 1.3843305787191202 2.38220599525975 -0.02774531211238354
v 1.3843305787191202 2.38220599525975 -0.047254687887616456
v 1.373459457076662 2.446949535053519 -0.047254687887616456
v 1.373459457076662 2.446949535053519 -0.02774531211238354
v 1.3461324131239751 2.4165997780463773 -0.047254687887616456
v 1.3461324131239751 2.4165997780463773 -0.02774531211238354
v 1.373459457076662 2.446949535053519 -0.047254687887616456
v 1.4116576226718072 2.4125557522668917 -0.047254687887616456
v 1.373459457076662 2.446949535053519 -0.02774531211238354
v 1.4116576226718072 2.4125557522668917 -0.02774531211238354
v 1.3461324131239751 2.4165997780463773 -0.02774531211238354
v 1.3843305787191202 2.38220599525975 -0.02774531211238354
v 1.3461324131239751 2.4165997780463773 -0.047254687887616456
v 1.3843305787191202 2.38220599525975 -0.047254687887616456
v 1.373459457076662 2.446949535053519 -0.02774531211238354
v 1.4116576226718072 2.4125557522668917 -0.02774531211238354
v 1.3461324131239751 2.4165997780463773 -0.02774531211238354
v 1.3843305787191202 2.38220599525975 -0.02774531211238354
v 1.4116576226718072 2.4125557522668917 -0.047254687887616456
v 1.373459457076662 2.446949535053519 -0.047254687887616456
v 1.3843305787191202 2.38220599525975 -0.047254687887616456
v 1.3461324131239751 2.4165997780463773 -0.047254687887616456
vt 0.75 0.75
vt 0.8125 0.75
vt 0.75 0.6875
vt 0.8125 0.6875
vt 0.75 0.75
vt 0.8125 0.75
vt 0.75 0.6875
vt 0.8125 0.6875
vt 0.75 0.75
vt 0.8125 0.75
vt 0.75 0.6875
vt 0.8125 0.6875
vt 0.75 0.75
vt 0.8125 0.75
vt 0.75 0.6875
vt 0.8125 0.6875
vt 0.75 0.75
vt 0.8125 0.75
vt 0.75 0.6875
vt 0.8125 0.6875
vt 0.75 0.75
vt 0.8125 0.75
vt 0.75 0.6875
vt 0.8125 0.6875
vn 0.7431448254773942 -0.6691306063588582 0
vn 0.7431448254773942 -0.6691306063588582 0
vn 0.7431448254773942 -0.6691306063588582 0
vn 0.7431448254773942 -0.6691306063588582 0
vn -0.7431448254773942 0.6691306063588582 0
vn -0.7431448254773942 0.6691306063588582 0
vn -0.7431448254773942 0.6691306063588582 0
vn -0.7431448254773942 0.6691306063588582 0
vn 0.6691306063588582 0.7431448254773942 0
vn 0.6691306063588582 0.7431448254773942 0
vn 0.6691306063588582 0.7431448254773942 0
vn 0.6691306063588582 0.7431448254773942 0
vn -0.6691306063588582 -0.7431448254773942 0
vn -0.6691306063588582 -0.7431448254773942 0
vn -0.6691306063588582 -0.7431448254773942 0
vn -0.6691306063588582 -0.7431448254773942 0
vn 0 0 1
vn 0 0 1
vn 0 0 1
vn 0 0 1
vn 0 0 -1
vn 0 0 -1
vn 0 0 -1
vn 0 0 -1
f 5761/5761/5761 5763/5763/5763 5762/5762/5762
f 5763/5763/5763 5764/5764/5764 5762/5762/5762
f 5765/5765/5765 5767/5767/5767 5766/5766/5766
f 5767/5767/5767 5768/5768/5768 5766/5766/5766
f 5769/5769/5769 5771/5771/5771 5770/5770/5770
f 5771/5771/5771 5772/5772/5772 5770/5770/5770
f 5773/5773/5773 5775/5775/5775 5774/5774/5774
f 5775/5775/5775 5776/5776/5776 5774/5774/5774
f 5777/5777/5777 5779/5779/5779 5778/5778/5778
f 5779/5779/5779 5780/5780/5780 5778/5778/5778
f 5781/5781/5781 5783/5783/5783 5782/5782/5782
f 5783/5783/5783 5784/5784/5784 5782/5782/5782
o leaf_3_123
usemtl vine
v 1.3866854935310131 2.4090301019836766 -0.021664062499999998
v 1.3866854935310131 2.4090301019836766 -0.0533359375
v 1.2771620239106245 2.287391965955758 -0.021664062499999998
v 1.2771620239106245 2.287391965955758 -0.0533359375
v 1.372563418958202 2.4217456750429114 -0.0533359375
v 1.372563418958202 2.4217456750429114 -0.021664062499999998
v 1.2630399493378135 2.3001075390149928 -0.0533359375
v 1.2630399493378135 2.3001075390149928 -0.021664062499999998
v 1.372563418958202 2.4217456750429114 -0.0533359375
v 1.3866854935310131 2.4090301019836766 -0.0533359375
v 1.372563418958202 2.4217456750429114 -0.021664062499999998
v 1.3866854935310131 2.4090301019836766 -0.021664062499999998
v 1.2630399493378135 2.3001075390149928 -0.021664062499999998
v 1.2771620239106245 2.287391965955758 -0.021664062499999998
v 1.2630399493378135 2.3001075390149928 -0.0533359375
v 1.2771620239106245 2.287391965955758 -0.0533359375
v 1.372563418958202 2.4217456750429114 -0.021664062499999998
v 1.3866854935310131 2.4090301019836766 -0.021664062499999998
v 1.2630399493378135 2.3001075390149928 -0.021664062499999998
v 1.2771620239106245 2.287391965955758 -0.021664062499999998
v 1.3866854935310131 2.4090301019836766 -0.0533359375
v 1.372563418958202 2.4217456750429114 -0.0533359375
v 1.2771620239106245 2.287391965955758 -0.0533359375
v 1.2630399493378135 2.3001075390149928 -0.0533359375
vt 0.4375 0.9375
vt 0.5 0.9375
vt 0.4375 0.75
vt 0.5 0.75
vt 0.4375 0.9375
vt 0.5 0.9375
vt 0.4375 0.75
vt 0.5 0.75
vt 0.4375 0.8125
vt 0.5 0.8125
vt 0.4375 0.75
vt 0.5 0.75
vt 0.4375 0.8125
vt 0.5 0.8125
vt 0.4375 0.75
vt 0.5 0.75
vt 0.4375 0.9375
vt 0.5 0.9375
vt 0.4375 0.75
vt 0.5 0.75
vt 0.4375 0.9375
vt 0.5 0.9375
vt 0.4375 0.75
vt 0.5 0.75
vn 0.7431448254773941 -0.6691306063588582 0
vn 0.7431448254773941 -0.6691306063588582 0
vn 0.7431448254773941 -0.6691306063588582 0
vn 0.7431448254773941 -0.6691306063588582 0
vn -0.7431448254773941 0.6691306063588582 0
vn -0.7431448254773941 0.6691306063588582 0
vn -0.7431448254773941 0.6691306063588582 0
vn -0.7431448254773941 0.6691306063588582 0
vn 0.6691306063588582 0.7431448254773941 0
vn 0.6691306063588582 0.7431448254773941 0
vn 0.6691306063588582 0.7431448254773941 0
vn 0.6691306063588582 0.7431448254773941 0
vn -0.6691306063588582 -0.7431448254773941 0
vn -0.6691306063588582 -0.7431448254773941 0
vn -0.6691306063588582 -0.7431448254773941 0
vn -0.6691306063588582 -0.7431448254773941 0
vn 0 0 1
vn 0 0 1
vn 0 0 1
vn 0 0 1
vn 0 0 -1
vn 0 0 -1
vn 0 0 -1
vn 0 0 -1
f 5785/5785/5785 5787/5787/5787 5786/5786/5786
f 5787/5787/5787 5788/5788/5788 5786/5786/5786
f 5789/5789/5789 5791/5791/5791 5790/5790/5790
f 5791/5791/5791 5792/5792/5792 5790/5790/5790
f 5793/5793/5793 5795/5795/5795 5794/5794/5794
f 5795/5795/5795 5796/5796/5796 5794/5794/5794
f 5797/5797/5797 5799/5799/5799 5798/5798/5798
f 5799/5799/5799 5800/5800/5800 5798/5798/5798
f 5801/5801/5801 5803/5803/5803 5802/5802/5802
f 5803/5803/5803 5804/5804/5804 5802/5802/5802
f 5805/5805/5805 5807/5807/5807 5806/5806/5806
f 5807/5807/5807 5808/5808/5808 5806/5806/5806
o flower_0_142
usemtl pollen
v 0.29764918550234226 2.42496764984285 0.1610691446964475
v 0.2976491855023422 2.5008224700328148 0.1476938932801675
v 0.33616168703269145 2.4133843423343473 0.09537694341243713
v 0.33616168703269145 2.489239162524312 0.0820016919961571
v 0.2309435761252032 2.494134844324675 0.10976648318518503
v 0.2309435761252032 2.41828002413471 0.12314173460146506
v 0.2694560776555524 2.4825515368161724 0.04407428190117464
v 0.26945607765555246 2.4066967166262074 0.05744953331745467
v 0.2309435761252032 2.494134844324675 0.10976648318518503
v 0.2976491855023422 2.5008224700328148 0.1476938932801675
v 0.2309435761252032 2.41828002413471 0.12314173460146506
v 0.29764918550234226 2.42496764984285 0.1610691446964475
v 0.26945607765555246 2.4066967166262074 0.05744953331745467
v 0.33616168703269145 2.4133843423343473 0.09537694341243713
v 0.2694560776555524 2.4825515368161724 0.04407428190117464
v 0.33616168703269145 2.489239162524312 0.0820016919961571
v 0.2309435761252032 2.41828002413471 0.12314173460146506
v 0.29764918550234226 2.42496764984285 0.1610691446964475
v 0.26945607765555246 2.4066967166262074 0.05744953331745467
v 0.33616168703269145 2.4133843423343473 0.09537694341243713
v 0.2976491855023422 2.5008224700328148 0.1476938932801675
v 0.2309435761252032 2.494134844324675 0.10976648318518503
v 0.33616168703269145 2.489239162524312 0.0820016919961571
v 0.2694560776555524 2.4825515368161724 0.04407428190117464
vt 0.1875 0.375
vt 0.25 0.375
vt 0.1875 0.3125
vt 0.25 0.3125
vt 0.1875 0.375
vt 0.25 0.375
vt 0.1875 0.3125
vt 0.25 0.3125
vt 0.1875 0.375
vt 0.25 0.375
vt 0.1875 0.3125
vt 0.25 0.3125
vt 0.1875 0.375
vt 0.25 0.375
vt 0.1875 0.3125
vt 0.25 0.3125
vt 0.1875 0.375
vt 0.25 0.375
vt 0.1875 0.3125
vt 0.25 0.3125
vt 0.1875 0.375
vt 0.25 0.375
vt 0.1875 0.3125
vt 0.25 0.3125
vn 0.8660254037844386 0.0868240888334652 0.49240387650610384
vn 0.8660254037844386 0.0868240888334652 0.49240387650610384
vn 0.8660254037844386 0.0868240888334652 0.49240387650610384
vn 0.8660254037844386 0.0868240888334652 0.49240387650610384
vn -0.8660254037844386 -0.0868240888334652 -0.49240387650610384
vn -0.8660254037844386 -0.0868240888334652 -0.49240387650610384
vn -0.8660254037844386 -0.0868240888334652 -0.49240387650610384
vn -0.8660254037844386 -0.0868240888334652 -0.49240387650610384
vn -0.4999999999999999 0.15038373318043533 0.8528685319524433
vn -0.4999999999999999 0.15038373318043533 0.8528685319524433
vn -0.4999999999999999 0.15038373318043533 0.8528685319524433
vn -0.4999999999999999 0.15038373318043533 0.8528685319524433
vn 0.4999999999999999 -0.15038373318043533 -0.8528685319524433
vn 0.4999999999999999 -0.15038373318043533 -0.8528685319524433
vn 0.4999999999999999 -0.15038373318043533 -0.8528685319524433
vn 0.4999999999999999 -0.15038373318043533 -0.8528685319524433
vn 2.6315362159975606e-17 -0.9848077530122079 0.17364817766693044
vn 2.6315362159975606e-17 -0.9848077530122079 0.17364817766693044
vn 2.6315362159975606e-17 -0.9848077530122079 0.17364817766693044
vn 2.6315362159975606e-17 -0.9848077530122079 0.17364817766693044
vn -2.6315362159975606e-17 0.9848077530122079 -0.17364817766693044
vn -2.6315362159975606e-17 0.9848077530122079 -0.17364817766693044
vn -2.6315362159975606e-17 0.9848077530122079 -0.17364817766693044
vn -2.6315362159975606e-17 0.9848077530122079 -0.17364817766693044
f 5809/5809/5809 5811/5811/5811 5810/5810/5810
f 5811/5811/5811 5812/5812/5812 5810/5810/5810
f 5813/5813/5813 5815/5815/5815 5814/5814/5814
f 5815/5815/5815 5816/5816/5816 5814/5814/5814
f 5817/5817/5817 5819/5819/5819 5818/5818/5818
f 5819/5819/5819 5820/5820/5820 5818/5818/5818
f 5821/5821/5821 5823/5823/5823 5822/5822/5822
f 5823/5823/5823 5824/5824/5824 5822/5822/5822
f 5825/5825/5825 5827/5827/5827 5826/5826/5826
f 5827/5827/5827 5828/5828/5828 5826/5826/5826
f 5829/5829/5829 5831/5831/5831 5830/5830/5830
f 5831/5831/5831 5832/5832/5832 5830/5830/5830
o flower_0_petal_0_143
usemtl toxic_petal
v 0.26050283820026887 2.393353943875841 0.24261198234858908
v 0.2557081538639163 2.414158451781247 0.2473763355712714
v 0.3335298517834612 2.441542878360218 0.10567721706515296
v 0.3287351674471086 2.4623473862656238 0.11044157028783527
v 0.17993093232325638 2.4065613441376965 0.20429099711072626
v 0.18472561665960893 2.3857568362322907 0.19952664388804395
v 0.2529579459064487 2.4547502786220736 0.06735623182729014
v 0.25775263024280126 2.4339457707166674 0.06259187860460783
v 0.17993093232325638 2.4065613441376965 0.20429099711072626
v 0.2557081538639163 2.414158451781247 0.2473763355712714
v 0.18472561665960893 2.3857568362322907 0.19952664388804395
v 0.26050283820026887 2.393353943875841 0.24261198234858908
v 0.25775263024280126 2.4339457707166674 0.06259187860460783
v 0.3335298517834612 2.441542878360218 0.10567721706515296
v 0.2529579459064487 2.4547502786220736 0.06735623182729014
v 0.3287351674471086 2.4623473862656238 0.11044157028783527
v 0.18472561665960893 2.3857568362322907 0.19952664388804395
v 0.26050283820026887 2.393353943875841 0.24261198234858908
v 0.25775263024280126 2.4339457707166674 0.06259187860460783
v 0.3335298517834612 2.441542878360218 0.10567721706515296
v 0.2557081538639163 2.414158451781247 0.2473763355712714
v 0.17993093232325638 2.4065613441376965 0.20429099711072626
v 0.3287351674471086 2.4623473862656238 0.11044157028783527
v 0.2529579459064487 2.4547502786220736 0.06735623182729014
vt 0.5 0.5
vt 0.5625 0.5
vt 0.5 0.3125
vt 0.5625 0.3125
vt 0.5 0.5
vt 0.5625 0.5
vt 0.5 0.3125
vt 0.5625 0.3125
vt 0.5 0.375
vt 0.5625 0.375
vt 0.5 0.3125
vt 0.5625 0.3125
vt 0.5 0.375
vt 0.5625 0.375
vt 0.5 0.3125
vt 0.5625 0.3125
vt 0.5 0.5
vt 0.5625 0.5
vt 0.5 0.3125
vt 0.5625 0.3125
vt 0.5 0.5
vt 0.5625 0.5
vt 0.5 0.3125
vt 0.5625 0.3125
vn 0.8660254037844388 0.08682408883346523 0.49240387650610395
vn 0.8660254037844388 0.08682408883346523 0.49240387650610395
vn 0.8660254037844388 0.08682408883346523 0.49240387650610395
vn 0.8660254037844388 0.08682408883346523 0.49240387650610395
vn -0.8660254037844388 -0.08682408883346523 -0.49240387650610395
vn -0.8660254037844388 -0.08682408883346523 -0.49240387650610395
vn -0.8660254037844388 -0.08682408883346523 -0.49240387650610395
vn -0.8660254037844388 -0.08682408883346523 -0.49240387650610395
vn -0.44939702314958346 -0.29654730001191837 0.8426755095764527
vn -0.44939702314958346 -0.29654730001191837 0.8426755095764527
vn -0.44939702314958346 -0.29654730001191837 0.8426755095764527
vn -0.44939702314958346 -0.29654730001191837 0.8426755095764527
vn 0.44939702314958346 0.29654730001191837 -0.8426755095764527
vn 0.44939702314958346 0.29654730001191837 -0.8426755095764527
vn 0.44939702314958346 0.29654730001191837 -0.8426755095764527
vn 0.44939702314958346 0.29654730001191837 -0.8426755095764527
vn 0.2191855733945387 -0.9510632347293633 -0.2177990081745724
vn 0.2191855733945387 -0.9510632347293633 -0.2177990081745724
vn 0.2191855733945387 -0.9510632347293633 -0.2177990081745724
vn 0.2191855733945387 -0.9510632347293633 -0.2177990081745724
vn -0.2191855733945387 0.9510632347293633 0.2177990081745724
vn -0.2191855733945387 0.9510632347293633 0.2177990081745724
vn -0.2191855733945387 0.9510632347293633 0.2177990081745724
vn -0.2191855733945387 0.9510632347293633 0.2177990081745724
f 5833/5833/5833 5835/5835/5835 5834/5834/5834
f 5835/5835/5835 5836/5836/5836 5834/5834/5834
f 5837/5837/5837 5839/5839/5839 5838/5838/5838
f 5839/5839/5839 5840/5840/5840 5838/5838/5838
f 5841/5841/5841 5843/5843/5843 5842/5842/5842
f 5843/5843/5843 5844/5844/5844 5842/5842/5842
f 5845/5845/5845 5847/5847/5847 5846/5846/5846
f 5847/5847/5847 5848/5848/5848 5846/5846/5846
f 5849/5849/5849 5851/5851/5851 5850/5850/5850
f 5851/5851/5851 5852/5852/5852 5850/5850/5850
f 5853/5853/5853 5855/5855/5855 5854/5854/5854
f 5855/5855/5855 5856/5856/5856 5854/5854/5854
o flower_0_petal_1_144
usemtl toxic_petal
v 0.30382138203252096 2.496988074315928 0.2522543862582359
v 0.28217189785562324 2.502972727353066 0.2501048137281403
v 0.3186283868581532 2.490625903197492 0.08541218932591788
v 0.2969789026812555 2.4966105562346295 0.08326261679582228
v 0.25801783046190274 2.416016432379912 0.25127706774770525
v 0.27966731463880046 2.4100317793427743 0.2534266402778008
v 0.272824835287535 2.4096542612614757 0.08443487081538725
v 0.2944743194644327 2.403669608224338 0.08658444334548285
v 0.25801783046190274 2.416016432379912 0.25127706774770525
v 0.28217189785562324 2.502972727353066 0.2501048137281403
v 0.27966731463880046 2.4100317793427743 0.2534266402778008
v 0.30382138203252096 2.496988074315928 0.2522543862582359
v 0.2944743194644327 2.403669608224338 0.08658444334548285
v 0.3186283868581532 2.490625903197492 0.08541218932591788
v 0.272824835287535 2.4096542612614757 0.08443487081538725
v 0.2969789026812555 2.4966105562346295 0.08326261679582228
v 0.27966731463880046 2.4100317793427743 0.2534266402778008
v 0.30382138203252096 2.496988074315928 0.2522543862582359
v 0.2944743194644327 2.403669608224338 0.08658444334548285
v 0.3186283868581532 2.490625903197492 0.08541218932591788
v 0.28217189785562324 2.502972727353066 0.2501048137281403
v 0.25801783046190274 2.416016432379912 0.25127706774770525
v 0.2969789026812555 2.4966105562346295 0.08326261679582228
v 0.272824835287535 2.4096542612614757 0.08443487081538725
vt 0.5 0.5
vt 0.5625 0.5
vt 0.5 0.3125
vt 0.5625 0.3125
vt 0.5 0.5
vt 0.5625 0.5
vt 0.5 0.3125
vt 0.5625 0.3125
vt 0.5 0.375
vt 0.5625 0.375
vt 0.5 0.3125
vt 0.5625 0.3125
vt 0.5 0.375
vt 0.5625 0.375
vt 0.5 0.3125
vt 0.5625 0.3125
vt 0.5 0.5
vt 0.5625 0.5
vt 0.5 0.3125
vt 0.5625 0.3125
vt 0.5 0.5
vt 0.5625 0.5
vt 0.5 0.3125
vt 0.5625 0.3125
vn 0.26761656732981737 0.9634379497709094 -0.012988064976423741
vn 0.26761656732981737 0.9634379497709094 -0.012988064976423741
vn 0.26761656732981737 0.9634379497709094 -0.012988064976423741
vn 0.26761656732981737 0.9634379497709094 -0.012988064976423741
vn -0.26761656732981737 -0.9634379497709094 0.012988064976423741
vn -0.26761656732981737 -0.9634379497709094 0.012988064976423741
vn -0.26761656732981737 -0.9634379497709094 0.012988064976423741
vn -0.26761656732981737 -0.9634379497709094 0.012988064976423741
vn -0.08833740478765029 0.03795620329944809 0.9953671832778465
vn -0.08833740478765029 0.03795620329944809 0.9953671832778465
vn -0.08833740478765029 0.03795620329944809 0.9953671832778465
vn -0.08833740478765029 0.03795620329944809 0.9953671832778465
vn 0.08833740478765029 -0.03795620329944809 -0.9953671832778465
vn 0.08833740478765029 -0.03795620329944809 -0.9953671832778465
vn 0.08833740478765029 -0.03795620329944809 -0.9953671832778465
vn 0.08833740478765029 -0.03795620329944809 -0.9953671832778465
vn 0.9594674959611649 -0.2652294168683358 0.09526531699256761
vn 0.9594674959611649 -0.2652294168683358 0.09526531699256761
vn 0.9594674959611649 -0.2652294168683358 0.09526531699256761
vn 0.9594674959611649 -0.2652294168683358 0.09526531699256761
vn -0.9594674959611649 0.2652294168683358 -0.09526531699256761
vn -0.9594674959611649 0.2652294168683358 -0.09526531699256761
vn -0.9594674959611649 0.2652294168683358 -0.09526531699256761
vn -0.9594674959611649 0.2652294168683358 -0.09526531699256761
f 5857/5857/5857 5859/5859/5859 5858/5858/5858
f 5859/5859/5859 5860/5860/5860 5858/5858/5858
f 5861/5861/5861 5863/5863/5863 5862/5862/5862
f 5863/5863/5863 5864/5864/5864 5862/5862/5862
f 5865/5865/5865 5867/5867/5867 5866/5866/5866
f 5867/5867/5867 5868/5868/5868 5866/5866/5866
f 5869/5869/5869 5871/5871/5871 5870/5870/5870
f 5871/5871/5871 5872/5872/5872 5870/5870/5870
f 5873/5873/5873 5875/5875/5875 5874/5874/5874
f 5875/5875/5875 5876/5876/5876 5874/5874/5874
f 5877/5877/5877 5879/5879/5879 5878/5878/5878
f 5879/5879/5879 5880/5880/5880 5878/5878/5878
o flower_0_petal_2_145
usemtl toxic_petal
v 0.23443453840642325 2.5657065258485785 0.1972988682310028
v 0.21956500445367194 2.5504121815723146 0.2025725701858297
v 0.27136559218980794 2.482981325869347 0.061515667588276327
v 0.25649605823705657 2.4676869815930833 0.06678936954310323
v 0.2811459372366393 2.505708251202295 0.2465573215548218
v 0.29601547118939064 2.5210025954785586 0.2412836195999949
v 0.31807699102002396 2.4229830512230635 0.1107741209120953
v 0.33294652497277527 2.4382773954993273 0.1055004189572684
v 0.2811459372366393 2.505708251202295 0.2465573215548218
v 0.21956500445367194 2.5504121815723146 0.2025725701858297
v 0.29601547118939064 2.5210025954785586 0.2412836195999949
v 0.23443453840642325 2.5657065258485785 0.1972988682310028
v 0.33294652497277527 2.4382773954993273 0.1055004189572684
v 0.27136559218980794 2.482981325869347 0.061515667588276327
v 0.31807699102002396 2.4229830512230635 0.1107741209120953
v 0.25649605823705657 2.4676869815930833 0.06678936954310323
v 0.29601547118939064 2.5210025954785586 0.2412836195999949
v 0.23443453840642325 2.5657065258485785 0.1972988682310028
v 0.33294652497277527 2.4382773954993273 0.1055004189572684
v 0.27136559218980794 2.482981325869347 0.061515667588276327
v 0.21956500445367194 2.5504121815723146 0.2025725701858297
v 0.2811459372366393 2.505708251202295 0.2465573215548218
v 0.25649605823705657 2.4676869815930833 0.06678936954310323
v 0.31807699102002396 2.4229830512230635 0.1107741209120953
vt 0.5 0.5
vt 0.5625 0.5
vt 0.5 0.3125
vt 0.5625 0.3125
vt 0.5 0.5
vt 0.5625 0.5
vt 0.5 0.3125
vt 0.5625 0.3125
vt 0.5 0.375
vt 0.5625 0.375
vt 0.5 0.3125
vt 0.5625 0.3125
vt 0.5 0.375
vt 0.5625 0.375
vt 0.5 0.3125
vt 0.5625 0.3125
vt 0.5 0.5
vt 0.5625 0.5
vt 0.5 0.3125
vt 0.5625 0.3125
vt 0.5 0.5
vt 0.5625 0.5
vt 0.5 0.3125
vt 0.5625 0.3125
vn -0.7006292692220368 0.5086133101764709 -0.5004309421096258
vn -0.7006292692220368 0.5086133101764709 -0.5004309421096258
vn -0.7006292692220368 0.5086133101764709 -0.5004309421096258
vn -0.7006292692220368 0.5086133101764709 -0.5004309421096258
vn 0.7006292692220368 -0.5086133101764709 0.5004309421096258
vn 0.7006292692220368 -0.5086133101764709 0.5004309421096258
vn 0.7006292692220368 -0.5086133101764709 0.5004309421096258
vn 0.7006292692220368 -0.5086133101764709 0.5004309421096258
vn -0.22624990703684308 0.5067975832665241 0.8318456522462747
vn -0.22624990703684308 0.5067975832665241 0.8318456522462747
vn -0.22624990703684308 0.5067975832665241 0.8318456522462747
vn -0.22624990703684308 0.5067975832665241 0.8318456522462747
vn 0.22624990703684308 -0.5067975832665241 -0.8318456522462747
vn 0.22624990703684308 -0.5067975832665241 -0.8318456522462747
vn 0.22624990703684308 -0.5067975832665241 -0.8318456522462747
vn 0.22624990703684308 -0.5067975832665241 -0.8318456522462747
vn 0.6767049627978313 0.6960378655694986 -0.24000350626239159
vn 0.6767049627978313 0.6960378655694986 -0.24000350626239159
vn 0.6767049627978313 0.6960378655694986 -0.24000350626239159
vn 0.6767049627978313 0.6960378655694986 -0.24000350626239159
vn -0.6767049627978313 -0.6960378655694986 0.24000350626239159
vn -0.6767049627978313 -0.6960378655694986 0.24000350626239159
vn -0.6767049627978313 -0.6960378655694986 0.24000350626239159
vn -0.6767049627978313 -0.6960378655694986 0.24000350626239159
f 5881/5881/5881 5883/5883/5883 5882/5882/5882
f 5883/5883/5883 5884/5884/5884 5882/5882/5882
f 5885/5885/5885 5887/5887/5887 5886/5886/5886
f 5887/5887/5887 5888/5888/5888 5886/5886/5886
f 5889/5889/5889 5891/5891/5891 5890/5890/5890
f 5891/5891/5891 5892/5892/5892 5890/5890/5890
f 5893/5893/5893 5895/5895/5895 5894/5894/5894
f 5895/5895/5895 5896/5896/5896 5894/5894/5894
f 5897/5897/5897 5899/5899/5899 5898/5898/5898
f 5899/5899/5899 5900/5900/5900 5898/5898/5898
f 5901/5901/5901 5903/5903/5903 5902/5902/5902
f 5903/5903/5903 5904/5904/5904 5902/5902/5902
o flower_0_petal_3_146
usemtl toxic_petal
v 0.1461369774542369 2.5067502402191644 0.15844950923124793
v 0.15153821746755272 2.4930552939566657 0.17567924927406595
v 0.25935977914606134 2.428963454174517 0.061127705329132836
v 0.26476101915937716 2.4152685079120184 0.07835744537195086
v 0.21505025964092672 2.551895993744246 0.2025384147039833
v 0.2096490196276109 2.5655909400067447 0.18530867466116527
v 0.32827306133275114 2.4741092076995987 0.1052166108018682
v 0.32287182131943537 2.4878041539620974 0.08798687075905018
v 0.21505025964092672 2.551895993744246 0.2025384147039833
v 0.15153821746755272 2.4930552939566657 0.17567924927406595
v 0.2096490196276109 2.5655909400067447 0.18530867466116527
v 0.1461369774542369 2.5067502402191644 0.15844950923124793
v 0.32287182131943537 2.4878041539620974 0.08798687075905018
v 0.25935977914606134 2.428963454174517 0.061127705329132836
v 0.32827306133275114 2.4741092076995987 0.1052166108018682
v 0.26476101915937716 2.4152685079120184 0.07835744537195086
v 0.2096490196276109 2.5655909400067447 0.18530867466116527
v 0.1461369774542369 2.5067502402191644 0.15844950923124793
v 0.32287182131943537 2.4878041539620974 0.08798687075905018
v 0.25935977914606134 2.428963454174517 0.061127705329132836
v 0.15153821746755272 2.4930552939566657 0.17567924927406595
v 0.21505025964092672 2.551895993744246 0.2025384147039833
v 0.26476101915937716 2.4152685079120184 0.07835744537195086
v 0.32827306133275114 2.4741092076995987 0.1052166108018682
vt 0.5 0.5
vt 0.5625 0.5
vt 0.5 0.3125
vt 0.5625 0.3125
vt 0.5 0.5
vt 0.5625 0.5
vt 0.5 0.3125
vt 0.5625 0.3125
vt 0.5 0.375
vt 0.5625 0.375
vt 0.5 0.3125
vt 0.5625 0.3125
vt 0.5 0.375
vt 0.5625 0.375
vt 0.5 0.3125
vt 0.5625 0.3125
vt 0.5 0.5
vt 0.5625 0.5
vt 0.5 0.3125
vt 0.5625 0.3125
vt 0.5 0.5
vt 0.5625 0.5
vt 0.5 0.3125
vt 0.5625 0.3125
vn -0.700629269222037 -0.6490976369512574 -0.2962952662694561
vn -0.700629269222037 -0.6490976369512574 -0.2962952662694561
vn -0.700629269222037 -0.6490976369512574 -0.2962952662694561
vn -0.700629269222037 -0.6490976369512574 -0.2962952662694561
vn 0.700629269222037 0.6490976369512574 0.2962952662694561
vn 0.700629269222037 0.6490976369512574 0.2962952662694561
vn 0.700629269222037 0.6490976369512574 0.2962952662694561
vn 0.700629269222037 0.6490976369512574 0.2962952662694561
vn -0.6725441392623238 0.462053988107215 0.5780921144749493
vn -0.6725441392623238 0.462053988107215 0.5780921144749493
vn -0.6725441392623238 0.462053988107215 0.5780921144749493
vn -0.6725441392623238 0.462053988107215 0.5780921144749493
vn 0.6725441392623238 -0.462053988107215 -0.5780921144749493
vn 0.6725441392623238 -0.462053988107215 -0.5780921144749493
vn 0.6725441392623238 -0.462053988107215 -0.5780921144749493
vn 0.6725441392623238 -0.462053988107215 -0.5780921144749493
vn -0.23833381600875397 0.6042999005282982 -0.7602753595692774
vn -0.23833381600875397 0.6042999005282982 -0.7602753595692774
vn -0.23833381600875397 0.6042999005282982 -0.7602753595692774
vn -0.23833381600875397 0.6042999005282982 -0.7602753595692774
vn 0.23833381600875397 -0.6042999005282982 0.7602753595692774
vn 0.23833381600875397 -0.6042999005282982 0.7602753595692774
vn 0.23833381600875397 -0.6042999005282982 0.7602753595692774
vn 0.23833381600875397 -0.6042999005282982 0.7602753595692774
f 5905/5905/5905 5907/5907/5907 5906/5906/5906
f 5907/5907/5907 5908/5908/5908 5906/5906/5906
f 5909/5909/5909 5911/5911/5911 5910/5910/5910
f 5911/5911/5911 5912/5912/5912 5910/5910/5910
f 5913/5913/5913 5915/5915/5915 5914/5914/5914
f 5915/5915/5915 5916/5916/5916 5914/5914/5914
f 5917/5917/5917 5919/5919/5919 5918/5918/5918
f 5919/5919/5919 5920/5920/5920 5918/5918/5918
f 5921/5921/5921 5923/5923/5923 5922/5922/5922
f 5923/5923/5923 5924/5924/5924 5922/5922/5922
f 5925/5925/5925 5927/5927/5927 5926/5926/5926
f 5927/5927/5927 5928/5928/5928 5926/5926/5926
o flower_0_petal_4_147
usemtl toxic_petal
v 0.164758241341736 2.399436813472182 0.18612851473358433
v 0.17625981462774803 2.4085671658291155 0.20260632184519745
v 0.2976427335513937 2.405083756277349 0.09024565285926375
v 0.30914430683740574 2.4142141086342828 0.1067234599708769
v 0.15263261734198558 2.488889164194395 0.1745917806604407
v 0.14113104405597354 2.479758811837461 0.15811397354882756
v 0.2855171095516433 2.4945361069995617 0.07870891878612014
v 0.27401553626563124 2.4854057546426285 0.062231111674507
v 0.15263261734198558 2.488889164194395 0.1745917806604407
v 0.17625981462774803 2.4085671658291155 0.20260632184519745
v 0.14113104405597354 2.479758811837461 0.15811397354882756
v 0.164758241341736 2.399436813472182 0.18612851473358433
v 0.27401553626563124 2.4854057546426285 0.062231111674507
v 0.2976427335513937 2.405083756277349 0.09024565285926375
v 0.2855171095516433 2.4945361069995617 0.07870891878612014
v 0.30914430683740574 2.4142141086342828 0.1067234599708769
v 0.14113104405597354 2.479758811837461 0.15811397354882756
v 0.164758241341736 2.399436813472182 0.18612851473358433
v 0.27401553626563124 2.4854057546426285 0.062231111674507
v 0.2976427335513937 2.405083756277349 0.09024565285926375
v 0.17625981462774803 2.4085671658291155 0.20260632184519745
v 0.15263261734198558 2.488889164194395 0.1745917806604407
v 0.30914430683740574 2.4142141086342828 0.1067234599708769
v 0.2855171095516433 2.4945361069995617 0.07870891878612014
vt 0.5 0.5
vt 0.5625 0.5
vt 0.5 0.3125
vt 0.5625 0.3125
vt 0.5 0.5
vt 0.5625 0.5
vt 0.5 0.3125
vt 0.5625 0.3125
vt 0.5 0.375
vt 0.5625 0.375
vt 0.5 0.3125
vt 0.5625 0.3125
vt 0.5 0.375
vt 0.5625 0.375
vt 0.5 0.3125
vt 0.5625 0.3125
vt 0.5 0.5
vt 0.5625 0.5
vt 0.5 0.3125
vt 0.5625 0.3125
vt 0.5 0.5
vt 0.5625 0.5
vt 0.5 0.3125
vt 0.5625 0.3125
vn 0.26761656732981737 -0.9097777118295878 0.3173103968494017
vn 0.26761656732981737 -0.9097777118295878 0.3173103968494017
vn 0.26761656732981737 -0.9097777118295878 0.3173103968494017
vn 0.26761656732981737 -0.9097777118295878 0.3173103968494017
vn -0.26761656732981737 0.9097777118295878 -0.3173103968494017
vn -0.26761656732981737 0.9097777118295878 -0.3173103968494017
vn -0.26761656732981737 0.9097777118295878 -0.3173103968494017
vn -0.26761656732981737 0.9097777118295878 -0.3173103968494017
vn -0.8104566415115166 -0.03444045444717958 0.5847853343983114
vn -0.8104566415115166 -0.03444045444717958 0.5847853343983114
vn -0.8104566415115166 -0.03444045444717958 0.5847853343983114
vn -0.8104566415115166 -0.03444045444717958 0.5847853343983114
vn 0.8104566415115166 0.03444045444717958 -0.5847853343983114
vn 0.8104566415115166 0.03444045444717958 -0.5847853343983114
vn 0.8104566415115166 0.03444045444717958 -0.5847853343983114
vn 0.8104566415115166 0.03444045444717958 -0.5847853343983114
vn -0.5210963491720877 -0.4136645623637481 -0.7465522250478732
vn -0.5210963491720877 -0.4136645623637481 -0.7465522250478732
vn -0.5210963491720877 -0.4136645623637481 -0.7465522250478732
vn -0.5210963491720877 -0.4136645623637481 -0.7465522250478732
vn 0.5210963491720877 0.4136645623637481 0.7465522250478732
vn 0.5210963491720877 0.4136645623637481 0.7465522250478732
vn 0.5210963491720877 0.4136645623637481 0.7465522250478732
vn 0.5210963491720877 0.4136645623637481 0.7465522250478732
f 5929/5929/5929 5931/5931/5931 5930/5930/5930
f 5931/5931/5931 5932/5932/5932 5930/5930/5930
f 5933/5933/5933 5935/5935/5935 5934/5934/5934
f 5935/5935/5935 5936/5936/5936 5934/5934/5934
f 5937/5937/5937 5939/5939/5939 5938/5938/5938
f 5939/5939/5939 5940/5940/5940 5938/5938/5938
f 5941/5941/5941 5943/5943/5943 5942/5942/5942
f 5943/5943/5943 5944/5944/5944 5942/5942/5942
f 5945/5945/5945 5947/5947/5947 5946/5946/5946
f 5947/5947/5947 5948/5948/5948 5946/5946/5946
f 5949/5949/5949 5951/5951/5951 5950/5950/5950
f 5951/5951/5951 5952/5952/5952 5950/5950/5950
o vine_growth_0_191
usemtl vine
v -0.061779039685019146 2.4313177904374146 0.06878607656328195
v -0.061779039685019146 2.4313177904374146 0.06871392343671806
v -0.06183736908069793 2.431157531739897 0.06878607656328195
v -0.06183736908069793 2.431157531739897 0.06871392343671806
v -0.061846841445617855 2.431342468260103 0.06871392343671806
v -0.061846841445617855 2.431342468260103 0.06878607656328195
v -0.06190517084129664 2.4311822095625852 0.06871392343671806
v -0.06190517084129664 2.4311822095625852 0.06878607656328195
v -0.061846841445617855 2.431342468260103 0.06871392343671806
v -0.061779039685019146 2.4313177904374146 0.06871392343671806
v -0.061846841445617855 2.431342468260103 0.06878607656328195
v -0.061779039685019146 2.4313177904374146 0.06878607656328195
v -0.06190517084129664 2.4311822095625852 0.06878607656328195
v -0.06183736908069793 2.431157531739897 0.06878607656328195
v -0.06190517084129664 2.4311822095625852 0.06871392343671806
v -0.06183736908069793 2.431157531739897 0.06871392343671806
v -0.061846841445617855 2.431342468260103 0.06878607656328195
v -0.061779039685019146 2.4313177904374146 0.06878607656328195
v -0.06190517084129664 2.4311822095625852 0.06878607656328195
v -0.06183736908069793 2.431157531739897 0.06878607656328195
v -0.061779039685019146 2.4313177904374146 0.06871392343671806
v -0.061846841445617855 2.431342468260103 0.06871392343671806
v -0.06183736908069793 2.431157531739897 0.06871392343671806
v -0.06190517084129664 2.4311822095625852 0.06871392343671806
vt 0.75 0.4375
vt 0.8125 0.4375
vt 0.75 0.25
vt 0.8125 0.25
vt 0.75 0.4375
vt 0.8125 0.4375
vt 0.75 0.25
vt 0.8125 0.25
vt 0.75 0.3125
vt 0.8125 0.3125
vt 0.75 0.25
vt 0.8125 0.25
vt 0.75 0.3125
vt 0.8125 0.3125
vt 0.75 0.25
vt 0.8125 0.25
vt 0.75 0.4375
vt 0.8125 0.4375
vt 0.75 0.25
vt 0.8125 0.25
vt 0.75 0.4375
vt 0.8125 0.4375
vt 0.75 0.25
vt 0.8125 0.25
vn 0.9396926207859084 -0.3420201433256686 0
vn 0.9396926207859084 -0.3420201433256686 0
vn 0.9396926207859084 -0.3420201433256686 0
vn 0.9396926207859084 -0.3420201433256686 0
vn -0.9396926207859084 0.3420201433256686 0
vn -0.9396926207859084 0.3420201433256686 0
vn -0.9396926207859084 0.3420201433256686 0
vn -0.9396926207859084 0.3420201433256686 0
vn 0.3420201433256686 0.9396926207859084 0
vn 0.3420201433256686 0.9396926207859084 0
vn 0.3420201433256686 0.9396926207859084 0
vn 0.3420201433256686 0.9396926207859084 0
vn -0.3420201433256686 -0.9396926207859084 0
vn -0.3420201433256686 -0.9396926207859084 0
vn -0.3420201433256686 -0.9396926207859084 0
vn -0.3420201433256686 -0.9396926207859084 0
vn 0 0 1
vn 0 0 1
vn 0 0 1
vn 0 0 1
vn 0 0 -1
vn 0 0 -1
vn 0 0 -1
vn 0 0 -1
f 5953/5953/5953 5955/5955/5955 5954/5954/5954
f 5955/5955/5955 5956/5956/5956 5954/5954/5954
f 5957/5957/5957 5959/5959/5959 5958/5958/5958
f 5959/5959/5959 5960/5960/5960 5958/5958/5958
f 5961/5961/5961 5963/5963/5963 5962/5962/5962
f 5963/5963/5963 5964/5964/5964 5962/5962/5962
f 5965/5965/5965 5967/5967/5967 5966/5966/5966
f 5967/5967/5967 5968/5968/5968 5966/5966/5966
f 5969/5969/5969 5971/5971/5971 5970/5970/5970
f 5971/5971/5971 5972/5972/5972 5970/5970/5970
f 5973/5973/5973 5975/5975/5975 5974/5974/5974
f 5975/5975/5975 5976/5976/5976 5974/5974/5974
o vine_growth_1_192
usemtl vine
v 0.09605724591583666 2.45009008937204 -0.06871485156173818
v 0.09605724591583666 2.45009008937204 -0.06878514843826183
v 0.09611407469819164 2.4499339535757443 -0.06871485156173818
v 0.09611407469819164 2.4499339535757443 -0.06878514843826183
v 0.09599118845970309 2.450066046424256 -0.06878514843826183
v 0.09599118845970309 2.450066046424256 -0.06871485156173818
v 0.09604801724205807 2.4499099106279605 -0.06878514843826183
v 0.09604801724205807 2.4499099106279605 -0.06871485156173818
v 0.09599118845970309 2.450066046424256 -0.06878514843826183
v 0.09605724591583666 2.45009008937204 -0.06878514843826183
v 0.09599118845970309 2.450066046424256 -0.06871485156173818
v 0.09605724591583666 2.45009008937204 -0.06871485156173818
v 0.09604801724205807 2.4499099106279605 -0.06871485156173818
v 0.09611407469819164 2.4499339535757443 -0.06871485156173818
v 0.09604801724205807 2.4499099106279605 -0.06878514843826183
v 0.09611407469819164 2.4499339535757443 -0.06878514843826183
v 0.09599118845970309 2.450066046424256 -0.06871485156173818
v 0.09605724591583666 2.45009008937204 -0.06871485156173818
v 0.09604801724205807 2.4499099106279605 -0.06871485156173818
v 0.09611407469819164 2.4499339535757443 -0.06871485156173818
v 0.09605724591583666 2.45009008937204 -0.06878514843826183
v 0.09599118845970309 2.450066046424256 -0.06878514843826183
v 0.09611407469819164 2.4499339535757443 -0.06878514843826183
v 0.09604801724205807 2.4499099106279605 -0.06878514843826183
vt 0.75 0.4375
vt 0.8125 0.4375
vt 0.75 0.25
vt 0.8125 0.25
vt 0.75 0.4375
vt 0.8125 0.4375
vt 0.75 0.25
vt 0.8125 0.25
vt 0.75 0.3125
vt 0.8125 0.3125
vt 0.75 0.25
vt 0.8125 0.25
vt 0.75 0.3125
vt 0.8125 0.3125
vt 0.75 0.25
vt 0.8125 0.25
vt 0.75 0.4375
vt 0.8125 0.4375
vt 0.75 0.25
vt 0.8125 0.25
vt 0.75 0.4375
vt 0.8125 0.4375
vt 0.75 0.25
vt 0.8125 0.25
vn 0.9396926207859085 0.34202014332566866 0
vn 0.9396926207859085 0.34202014332566866 0
vn 0.9396926207859085 0.34202014332566866 0
vn 0.9396926207859085 0.34202014332566866 0
vn -0.9396926207859085 -0.34202014332566866 0
vn -0.9396926207859085 -0.34202014332566866 0
vn -0.9396926207859085 -0.34202014332566866 0
vn -0.9396926207859085 -0.34202014332566866 0
vn -0.34202014332566866 0.9396926207859085 0
vn -0.34202014332566866 0.9396926207859085 0
vn -0.34202014332566866 0.9396926207859085 0
vn -0.34202014332566866 0.9396926207859085 0
vn 0.34202014332566866 -0.9396926207859085 0
vn 0.34202014332566866 -0.9396926207859085 0
vn 0.34202014332566866 -0.9396926207859085 0
vn 0.34202014332566866 -0.9396926207859085 0
vn 0 0 1
vn 0 0 1
vn 0 0 1
vn 0 0 1
vn 0 0 -1
vn 0 0 -1
vn 0 0 -1
vn 0 0 -1
f 5977/5977/5977 5979/5979/5979 5978/5978/5978
f 5979/5979/5979 5980/5980/5980 5978/5978/5978
f 5981/5981/5981 5983/5983/5983 5982/5982/5982
f 5983/5983/5983 5984/5984/5984 5982/5982/5982
f 5985/5985/5985 5987/5987/5987 5986/5986/5986
f 5987/5987/5987 5988/5988/5988 5986/5986/5986
f 5989/5989/5989 5991/5991/5991 5990/5990/5990
f 5991/5991/5991 5992/5992/5992 5990/5990/5990
f 5993/5993/5993 5995/5995/5995 5994/5994/5994
f 5995/5995/5995 5996/5996/5996 5994/5994/5994
f 5997/5997/5997 5999/5999/5999 5998/5998/5998
f 5999/5999/5999 6000/6000/6000 5998/5998/5998
o vine_growth_1_193
usemtl leaf
v 0.09613121403071294 2.4501025100573965 -0.0687038875007853
v 0.09613121403071294 2.4501025100573965 -0.06879611249921472
v 0.09614635298462165 2.450089806966755 -0.0687038875007853
v 0.09614635298462165 2.450089806966755 -0.06879611249921472
v 0.09605499549191346 2.45001167633996 -0.06879611249921472
v 0.09605499549191346 2.45001167633996 -0.0687038875007853
v 0.09607013444582217 2.4499989732493184 -0.06879611249921472
v 0.09607013444582217 2.4499989732493184 -0.0687038875007853
v 0.09605499549191346 2.45001167633996 -0.06879611249921472
v 0.09613121403071294 2.4501025100573965 -0.06879611249921472
v 0.09605499549191346 2.45001167633996 -0.0687038875007853
v 0.09613121403071294 2.4501025100573965 -0.0687038875007853
v 0.09607013444582217 2.4499989732493184 -0.0687038875007853
v 0.09614635298462165 2.450089806966755 -0.0687038875007853
v 0.09607013444582217 2.4499989732493184 -0.06879611249921472
v 0.09614635298462165 2.450089806966755 -0.06879611249921472
v 0.09605499549191346 2.45001167633996 -0.0687038875007853
v 0.09613121403071294 2.4501025100573965 -0.0687038875007853
v 0.09607013444582217 2.4499989732493184 -0.0687038875007853
v 0.09614635298462165 2.450089806966755 -0.0687038875007853
v 0.09613121403071294 2.4501025100573965 -0.06879611249921472
v 0.09605499549191346 2.45001167633996 -0.06879611249921472
v 0.09614635298462165 2.450089806966755 -0.06879611249921472
v 0.09607013444582217 2.4499989732493184 -0.06879611249921472
vt 0.9375 0.0625
vt 1 0.0625
vt 0.9375 0
vt 1 0
vt 0.9375 0.0625
vt 1 0.0625
vt 0.9375 0
vt 1 0
vt 0.9375 0.0625
vt 1.0625 0.0625
vt 0.9375 0
vt 1.0625 0
vt 0.9375 0.0625
vt 1.0625 0.0625
vt 0.9375 0
vt 1.0625 0
vt 0.9375 0.0625
vt 1.0625 0.0625
vt 0.9375 0
vt 1.0625 0
vt 0.9375 0.0625
vt 1.0625 0.0625
vt 0.9375 0
vt 1.0625 0
vn 0.6427876096865394 0.7660444431189779 0
vn 0.6427876096865394 0.7660444431189779 0
vn 0.6427876096865394 0.7660444431189779 0
vn 0.6427876096865394 0.7660444431189779 0
vn -0.6427876096865394 -0.7660444431189779 0
vn -0.6427876096865394 -0.7660444431189779 0
vn -0.6427876096865394 -0.7660444431189779 0
vn -0.6427876096865394 -0.7660444431189779 0
vn -0.7660444431189779 0.6427876096865394 0
vn -0.7660444431189779 0.6427876096865394 0
vn -0.7660444431189779 0.6427876096865394 0
vn -0.7660444431189779 0.6427876096865394 0
vn 0.7660444431189779 -0.6427876096865394 0
vn 0.7660444431189779 -0.6427876096865394 0
vn 0.7660444431189779 -0.6427876096865394 0
vn 0.7660444431189779 -0.6427876096865394 0
vn 0 0 1
vn 0 0 1
vn 0 0 1
vn 0 0 1
vn 0 0 -1
vn 0 0 -1
vn 0 0 -1
vn 0 0 -1
f 6001/6001/6001 6003/6003/6003 6002/6002/6002
f 6003/6003/6003 6004/6004/6004 6002/6002/6002
f 6005/6005/6005 6007/6007/6007 6006/6006/6006
f 6007/6007/6007 6008/6008/6008 6006/6006/6006
f 6009/6009/6009 6011/6011/6011 6010/6010/6010
f 6011/6011/6011 6012/6012/6012 6010/6010/6010
f 6013/6013/6013 6015/6015/6015 6014/6014/6014
f 6015/6015/6015 6016/6016/6016 6014/6014/6014
f 6017/6017/6017 6019/6019/6019 6018/6018/6018
f 6019/6019/6019 6020/6020/6020 6018/6018/6018
f 6021/6021/6021 6023/6023/6023 6022/6022/6022
f 6023/6023/6023 6024/6024/6024 6022/6022/6022
o vine_growth_2_194
usemtl vine
v 0.2540090819501127 2.4313163370931155 0.06878530312576518
v 0.2540090819501127 2.4313163370931155 0.06871469687423483
v 0.25395200306553706 2.4311595141466165 0.06878530312576518
v 0.25395200306553706 2.4311595141466165 0.06871469687423483
v 0.25394273377656823 2.4313404858533834 0.06871469687423483
v 0.25394273377656823 2.4313404858533834 0.06878530312576518
v 0.2538856548919926 2.4311836629068844 0.06871469687423483
v 0.2538856548919926 2.4311836629068844 0.06878530312576518
v 0.25394273377656823 2.4313404858533834 0.06871469687423483
v 0.2540090819501127 2.4313163370931155 0.06871469687423483
v 0.25394273377656823 2.4313404858533834 0.06878530312576518
v 0.2540090819501127 2.4313163370931155 0.06878530312576518
v 0.2538856548919926 2.4311836629068844 0.06878530312576518
v 0.25395200306553706 2.4311595141466165 0.06878530312576518
v 0.2538856548919926 2.4311836629068844 0.06871469687423483
v 0.25395200306553706 2.4311595141466165 0.06871469687423483
v 0.25394273377656823 2.4313404858533834 0.06878530312576518
v 0.2540090819501127 2.4313163370931155 0.06878530312576518
v 0.2538856548919926 2.4311836629068844 0.06878530312576518
v 0.25395200306553706 2.4311595141466165 0.06878530312576518
v 0.2540090819501127 2.4313163370931155 0.06871469687423483
v 0.25394273377656823 2.4313404858533834 0.06871469687423483
v 0.25395200306553706 2.4311595141466165 0.06871469687423483
v 0.2538856548919926 2.4311836629068844 0.06871469687423483
vt 0.75 0.4375
vt 0.8125 0.4375
vt 0.75 0.25
vt 0.8125 0.25
vt 0.75 0.4375
vt 0.8125 0.4375
vt 0.75 0.25
vt 0.8125 0.25
vt 0.75 0.3125
vt 0.8125 0.3125
vt 0.75 0.25
vt 0.8125 0.25
vt 0.75 0.3125
vt 0.8125 0.3125
vt 0.75 0.25
vt 0.8125 0.25
vt 0.75 0.4375
vt 0.8125 0.4375
vt 0.75 0.25
vt 0.8125 0.25
vt 0.75 0.4375
vt 0.8125 0.4375
vt 0.75 0.25
vt 0.8125 0.25
vn 0.9396926207859083 -0.3420201433256686 0
vn 0.9396926207859083 -0.3420201433256686 0
vn 0.9396926207859083 -0.3420201433256686 0
vn 0.9396926207859083 -0.3420201433256686 0
vn -0.9396926207859083 0.3420201433256686 0
vn -0.9396926207859083 0.3420201433256686 0
vn -0.9396926207859083 0.3420201433256686 0
vn -0.9396926207859083 0.3420201433256686 0
vn 0.3420201433256686 0.9396926207859083 0
vn 0.3420201433256686 0.9396926207859083 0
vn 0.3420201433256686 0.9396926207859083 0
vn 0.3420201433256686 0.9396926207859083 0
vn -0.3420201433256686 -0.9396926207859083 0
vn -0.3420201433256686 -0.9396926207859083 0
vn -0.3420201433256686 -0.9396926207859083 0
vn -0.3420201433256686 -0.9396926207859083 0
vn 0 0 1
vn 0 0 1
vn 0 0 1
vn 0 0 1
vn 0 0 -1
vn 0 0 -1
vn 0 0 -1
vn 0 0 -1
f 6025/6025/6025 6027/6027/6027 6026/6026/6026
f 6027/6027/6027 6028/6028/6028 6026/6026/6026
f 6029/6029/6029 6031/6031/6031 6030/6030/6030
f 6031/6031/6031 6032/6032/6032 6030/6030/6030
f 6033/6033/6033 6035/6035/6035 6034/6034/6034
f 6035/6035/6035 6036/6036/6036 6034/6034/6034
f 6037/6037/6037 6039/6039/6039 6038/6038/6038
f 6039/6039/6039 6040/6040/6040 6038/6038/6038
f 6041/6041/6041 6043/6043/6043 6042/6042/6042
f 6043/6043/6043 6044/6044/6044 6042/6042/6042
f 6045/6045/6045 6047/6047/6047 6046/6046/6046
f 6047/6047/6047 6048/6048/6048 6046/6046/6046
o vine_growth_3_195
usemtl vine
v 0.4118466180620716 2.45008810696532 -0.06871562499925495
v 0.4118466180620716 2.45008810696532 -0.06878437500074507
v 0.4119021963333235 2.4499354069200434 -0.06871562499925495
v 0.4119021963333235 2.4499354069200434 -0.06878437500074507
v 0.4117820141929923 2.450064593079957 -0.06878437500074507
v 0.4117820141929923 2.450064593079957 -0.06871562499925495
v 0.4118375924642442 2.44991189303468 -0.06878437500074507
v 0.4118375924642442 2.44991189303468 -0.06871562499925495
v 0.4117820141929923 2.450064593079957 -0.06878437500074507
v 0.4118466180620716 2.45008810696532 -0.06878437500074507
v 0.4117820141929923 2.450064593079957 -0.06871562499925495
v 0.4118466180620716 2.45008810696532 -0.06871562499925495
v 0.4118375924642442 2.44991189303468 -0.06871562499925495
v 0.4119021963333235 2.4499354069200434 -0.06871562499925495
v 0.4118375924642442 2.44991189303468 -0.06878437500074507
v 0.4119021963333235 2.4499354069200434 -0.06878437500074507
v 0.4117820141929923 2.450064593079957 -0.06871562499925495
v 0.4118466180620716 2.45008810696532 -0.06871562499925495
v 0.4118375924642442 2.44991189303468 -0.06871562499925495
v 0.4119021963333235 2.4499354069200434 -0.06871562499925495
v 0.4118466180620716 2.45008810696532 -0.06878437500074507
v 0.4117820141929923 2.450064593079957 -0.06878437500074507
v 0.4119021963333235 2.4499354069200434 -0.06878437500074507
v 0.4118375924642442 2.44991189303468 -0.06878437500074507
vt 0.75 0.4375
vt 0.8125 0.4375
vt 0.75 0.25
vt 0.8125 0.25
vt 0.75 0.4375
vt 0.8125 0.4375
vt 0.75 0.25
vt 0.8125 0.25
vt 0.75 0.3125
vt 0.8125 0.3125
vt 0.75 0.25
vt 0.8125 0.25
vt 0.75 0.3125
vt 0.8125 0.3125
vt 0.75 0.25
vt 0.8125 0.25
vt 0.75 0.4375
vt 0.8125 0.4375
vt 0.75 0.25
vt 0.8125 0.25
vt 0.75 0.4375
vt 0.8125 0.4375
vt 0.75 0.25
vt 0.8125 0.25
vn 0.9396926207859084 0.34202014332566866 0
vn 0.9396926207859084 0.34202014332566866 0
vn 0.9396926207859084 0.34202014332566866 0
vn 0.9396926207859084 0.34202014332566866 0
vn -0.9396926207859084 -0.34202014332566866 0
vn -0.9396926207859084 -0.34202014332566866 0
vn -0.9396926207859084 -0.34202014332566866 0
vn -0.9396926207859084 -0.34202014332566866 0
vn -0.34202014332566866 0.9396926207859084 0
vn -0.34202014332566866 0.9396926207859084 0
vn -0.34202014332566866 0.9396926207859084 0
vn -0.34202014332566866 0.9396926207859084 0
vn 0.34202014332566866 -0.9396926207859084 0
vn 0.34202014332566866 -0.9396926207859084 0
vn 0.34202014332566866 -0.9396926207859084 0
vn 0.34202014332566866 -0.9396926207859084 0
vn 0 0 1
vn 0 0 1
vn 0 0 1
vn 0 0 1
vn 0 0 -1
vn 0 0 -1
vn 0 0 -1
vn 0 0 -1
f 6049/6049/6049 6051/6051/6051 6050/6050/6050
f 6051/6051/6051 6052/6052/6052 6050/6050/6050
f 6053/6053/6053 6055/6055/6055 6054/6054/6054
f 6055/6055/6055 6056/6056/6056 6054/6054/6054
f 6057/6057/6057 6059/6059/6059 6058/6058/6058
f 6059/6059/6059 6060/6060/6060 6058/6058/6058
f 6061/6061/6061 6063/6063/6063 6062/6062/6062
f 6063/6063/6063 6064/6064/6064 6062/6062/6062
f 6065/6065/6065 6067/6067/6067 6066/6066/6066
f 6067/6067/6067 6068/6068/6068 6066/6066/6066
f 6069/6069/6069 6071/6071/6071 6070/6070/6070
f 6071/6071/6071 6072/6072/6072 6070/6070/6070
o vine_growth_4_196
usemtl vine
v 0.569798826044139 2.431316627761975 0.06878545781326853
v 0.569798826044139 2.431316627761975 0.06871454218673148
v 0.5697414970573427 2.4311591176652723 0.06878545781326853
v 0.5697414970573427 2.4311591176652723 0.06871454218673148
v 0.5697321871531837 2.4313408823347276 0.06871454218673148
v 0.5697321871531837 2.4313408823347276 0.06878545781326853
v 0.5696748581663874 2.4311833722380247 0.06871454218673148
v 0.5696748581663874 2.4311833722380247 0.06878545781326853
v 0.5697321871531837 2.4313408823347276 0.06871454218673148
v 0.569798826044139 2.431316627761975 0.06871454218673148
v 0.5697321871531837 2.4313408823347276 0.06878545781326853
v 0.569798826044139 2.431316627761975 0.06878545781326853
v 0.5696748581663874 2.4311833722380247 0.06878545781326853
v 0.5697414970573427 2.4311591176652723 0.06878545781326853
v 0.5696748581663874 2.4311833722380247 0.06871454218673148
v 0.5697414970573427 2.4311591176652723 0.06871454218673148
v 0.5697321871531837 2.4313408823347276 0.06878545781326853
v 0.569798826044139 2.431316627761975 0.06878545781326853
v 0.5696748581663874 2.4311833722380247 0.06878545781326853
v 0.5697414970573427 2.4311591176652723 0.06878545781326853
v 0.569798826044139 2.431316627761975 0.06871454218673148
v 0.5697321871531837 2.4313408823347276 0.06871454218673148
v 0.5697414970573427 2.4311591176652723 0.06871454218673148
v 0.5696748581663874 2.4311833722380247 0.06871454218673148
vt 0.75 0.4375
vt 0.8125 0.4375
vt 0.75 0.25
vt 0.8125 0.25
vt 0.75 0.4375
vt 0.8125 0.4375
vt 0.75 0.25
vt 0.8125 0.25
vt 0.75 0.3125
vt 0.8125 0.3125
vt 0.75 0.25
vt 0.8125 0.25
vt 0.75 0.3125
vt 0.8125 0.3125
vt 0.75 0.25
vt 0.8125 0.25
vt 0.75 0.4375
vt 0.8125 0.4375
vt 0.75 0.25
vt 0.8125 0.25
vt 0.75 0.4375
vt 0.8125 0.4375
vt 0.75 0.25
vt 0.8125 0.25
vn 0.9396926207859084 -0.3420201433256686 0
vn 0.9396926207859084 -0.3420201433256686 0
vn 0.9396926207859084 -0.3420201433256686 0
vn 0.9396926207859084 -0.3420201433256686 0
vn -0.9396926207859084 0.3420201433256686 0
vn -0.9396926207859084 0.3420201433256686 0
vn -0.9396926207859084 0.3420201433256686 0
vn -0.9396926207859084 0.3420201433256686 0
vn 0.3420201433256686 0.9396926207859084 0
vn 0.3420201433256686 0.9396926207859084 0
vn 0.3420201433256686 0.9396926207859084 0
vn 0.3420201433256686 0.9396926207859084 0
vn -0.3420201433256686 -0.9396926207859084 0
vn -0.3420201433256686 -0.9396926207859084 0
vn -0.3420201433256686 -0.9396926207859084 0
vn -0.3420201433256686 -0.9396926207859084 0
vn 0 0 1
vn 0 0 1
vn 0 0 1
vn 0 0 1
vn 0 0 -1
vn 0 0 -1
vn 0 0 -1
vn 0 0 -1
f 6073/6073/6073 6075/6075/6075 6074/6074/6074
f 6075/6075/6075 6076/6076/6076 6074/6074/6074
f 6077/6077/6077 6079/6079/6079 6078/6078/6078
f 6079/6079/6079 6080/6080/6080 6078/6078/6078
f 6081/6081/6081 6083/6083/6083 6082/6082/6082
f 6083/6083/6083 6084/6084/6084 6082/6082/6082
f 6085/6085/6085 6087/6087/6087 6086/6086/6086
f 6087/6087/6087 6088/6088/6088 6086/6086/6086
f 6089/6089/6089 6091/6091/6091 6090/6090/6090
f 6091/6091/6091 6092/6092/6092 6090/6090/6090
f 6093/6093/6093 6095/6095/6095 6094/6094/6094
f 6095/6095/6095 6096/6096/6096 6094/6094/6094
o vine_growth_4_197
usemtl leaf
v 0.5698602704601234 2.4312770749195005 0.0687939468742516
v 0.5698602704601234 2.4312770749195005 0.06870605312574841
v 0.5698635410151497 2.4312585266802405 0.0687939468742516
v 0.5698635410151497 2.4312585266802405 0.06870605312574841
v 0.5697489810319328 2.4312574515906427 0.06870605312574841
v 0.5697489810319328 2.4312574515906427 0.0687939468742516
v 0.5697522515869591 2.4312389033513826 0.06870605312574841
v 0.5697522515869591 2.4312389033513826 0.0687939468742516
v 0.5697489810319328 2.4312574515906427 0.06870605312574841
v 0.5698602704601234 2.4312770749195005 0.06870605312574841
v 0.5697489810319328 2.4312574515906427 0.0687939468742516
v 0.5698602704601234 2.4312770749195005 0.0687939468742516
v 0.5697522515869591 2.4312389033513826 0.0687939468742516
v 0.5698635410151497 2.4312585266802405 0.0687939468742516
v 0.5697522515869591 2.4312389033513826 0.06870605312574841
v 0.5698635410151497 2.4312585266802405 0.06870605312574841
v 0.5697489810319328 2.4312574515906427 0.0687939468742516
v 0.5698602704601234 2.4312770749195005 0.0687939468742516
v 0.5697522515869591 2.4312389033513826 0.0687939468742516
v 0.5698635410151497 2.4312585266802405 0.0687939468742516
v 0.5698602704601234 2.4312770749195005 0.06870605312574841
v 0.5697489810319328 2.4312574515906427 0.06870605312574841
v 0.5698635410151497 2.4312585266802405 0.06870605312574841
v 0.5697522515869591 2.4312389033513826 0.06870605312574841
vt 0.9375 0.0625
vt 1 0.0625
vt 0.9375 0
vt 1 0
vt 0.9375 0.0625
vt 1 0.0625
vt 0.9375 0
vt 1 0
vt 0.9375 0.0625
vt 1.0625 0.0625
vt 0.9375 0
vt 1.0625 0
vt 0.9375 0.0625
vt 1.0625 0.0625
vt 0.9375 0
vt 1.0625 0
vt 0.9375 0.0625
vt 1.0625 0.0625
vt 0.9375 0
vt 1.0625 0
vt 0.9375 0.0625
vt 1.0625 0.0625
vt 0.9375 0
vt 1.0625 0
vn 0.984807753012208 0.17364817766693033 0
vn 0.984807753012208 0.17364817766693033 0
vn 0.984807753012208 0.17364817766693033 0
vn 0.984807753012208 0.17364817766693033 0
vn -0.984807753012208 -0.17364817766693033 0
vn -0.984807753012208 -0.17364817766693033 0
vn -0.984807753012208 -0.17364817766693033 0
vn -0.984807753012208 -0.17364817766693033 0
vn -0.17364817766693033 0.984807753012208 0
vn -0.17364817766693033 0.984807753012208 0
vn -0.17364817766693033 0.984807753012208 0
vn -0.17364817766693033 0.984807753012208 0
vn 0.17364817766693033 -0.984807753012208 0
vn 0.17364817766693033 -0.984807753012208 0
vn 0.17364817766693033 -0.984807753012208 0
vn 0.17364817766693033 -0.984807753012208 0
vn 0 0 1
vn 0 0 1
vn 0 0 1
vn 0 0 1
vn 0 0 -1
vn 0 0 -1
vn 0 0 -1
vn 0 0 -1
f 6097/6097/6097 6099/6099/6099 6098/6098/6098
f 6099/6099/6099 6100/6100/6100 6098/6098/6098
f 6101/6101/6101 6103/6103/6103 6102/6102/6102
f 6103/6103/6103 6104/6104/6104 6102/6102/6102
f 6105/6105/6105 6107/6107/6107 6106/6106/6106
f 6107/6107/6107 6108/6108/6108 6106/6106/6106
f 6109/6109/6109 6111/6111/6111 6110/6110/6110
f 6111/6111/6111 6112/6112/6112 6110/6110/6110
f 6113/6113/6113 6115/6115/6115 6114/6114/6114
f 6115/6115/6115 6116/6116/6116 6114/6114/6114
f 6117/6117/6117 6119/6119/6119 6118/6118/6118
f 6119/6119/6119 6120/6120/6120 6118/6118/6118
o vine_growth_5_198
usemtl vine
v 0.727636254207043 2.4500912788160716 -0.06871438749922812
v 0.727636254207043 2.4500912788160716 -0.06878561250077189
v 0.72769383329606 2.449933081569165 -0.06871438749922812
v 0.72769383329606 2.449933081569165 -0.06878561250077189
v 0.7275693245986768 2.4500669184308355 -0.06878561250077189
v 0.7275693245986768 2.4500669184308355 -0.06871438749922812
v 0.7276269036876938 2.4499087211839288 -0.06878561250077189
v 0.7276269036876938 2.4499087211839288 -0.06871438749922812
v 0.7275693245986768 2.4500669184308355 -0.06878561250077189
v 0.727636254207043 2.4500912788160716 -0.06878561250077189
v 0.7275693245986768 2.4500669184308355 -0.06871438749922812
v 0.727636254207043 2.4500912788160716 -0.06871438749922812
v 0.7276269036876938 2.4499087211839288 -0.06871438749922812
v 0.72769383329606 2.449933081569165 -0.06871438749922812
v 0.7276269036876938 2.4499087211839288 -0.06878561250077189
v 0.72769383329606 2.449933081569165 -0.06878561250077189
v 0.7275693245986768 2.4500669184308355 -0.06871438749922812
v 0.727636254207043 2.4500912788160716 -0.06871438749922812
v 0.7276269036876938 2.4499087211839288 -0.06871438749922812
v 0.72769383329606 2.449933081569165 -0.06871438749922812
v 0.727636254207043 2.4500912788160716 -0.06878561250077189
v 0.7275693245986768 2.4500669184308355 -0.06878561250077189
v 0.72769383329606 2.449933081569165 -0.06878561250077189
v 0.7276269036876938 2.4499087211839288 -0.06878561250077189
vt 0.75 0.4375
vt 0.8125 0.4375
vt 0.75 0.25
vt 0.8125 0.25
vt 0.75 0.4375
vt 0.8125 0.4375
vt 0.75 0.25
vt 0.8125 0.25
vt 0.75 0.3125
vt 0.8125 0.3125
vt 0.75 0.25
vt 0.8125 0.25
vt 0.75 0.3125
vt 0.8125 0.3125
vt 0.75 0.25
vt 0.8125 0.25
vt 0.75 0.4375
vt 0.8125 0.4375
vt 0.75 0.25
vt 0.8125 0.25
vt 0.75 0.4375
vt 0.8125 0.4375
vt 0.75 0.25
vt 0.8125 0.25
vn 0.9396926207859084 0.34202014332566866 0
vn 0.9396926207859084 0.34202014332566866 0
vn 0.9396926207859084 0.34202014332566866 0
vn 0.9396926207859084 0.34202014332566866 0
vn -0.9396926207859084 -0.34202014332566866 0
vn -0.9396926207859084 -0.34202014332566866 0
vn -0.9396926207859084 -0.34202014332566866 0
vn -0.9396926207859084 -0.34202014332566866 0
vn -0.34202014332566866 0.9396926207859084 0
vn -0.34202014332566866 0.9396926207859084 0
vn -0.34202014332566866 0.9396926207859084 0
vn -0.34202014332566866 0.9396926207859084 0
vn 0.34202014332566866 -0.9396926207859084 0
vn 0.34202014332566866 -0.9396926207859084 0
vn 0.34202014332566866 -0.9396926207859084 0
vn 0.34202014332566866 -0.9396926207859084 0
vn 0 0 1
vn 0 0 1
vn 0 0 1
vn 0 0 1
vn 0 0 -1
vn 0 0 -1
vn 0 0 -1
vn 0 0 -1
f 6121/6121/6121 6123/6123/6123 6122/6122/6122
f 6123/6123/6123 6124/6124/6124 6122/6122/6122
f 6125/6125/6125 6127/6127/6127 6126/6126/6126
f 6127/6127/6127 6128/6128/6128 6126/6126/6126
f 6129/6129/6129 6131/6131/6131 6130/6130/6130
f 6131/6131/6131 6132/6132/6132 6130/6130/6130
f 6133/6133/6133 6135/6135/6135 6134/6134/6134
f 6135/6135/6135 6136/6136/6136 6134/6134/6134
f 6137/6137/6137 6139/6139/6139 6138/6138/6138
f 6139/6139/6139 6140/6140/6140 6138/6138/6138
f 6141/6141/6141 6143/6143/6143 6142/6142/6142
f 6143/6143/6143 6144/6144/6144 6142/6142/6142
o vine_growth_6_199
usemtl vine
v 0.8855869476792707 2.3688151744176764 0.06878468437575178
v 0.8855869476792707 2.3688151744176764 0.06871531562424824
v 0.8855308692035777 2.368661100071992 0.06878468437575178
v 0.8855308692035777 2.368661100071992 0.06871531562424824
v 0.8855217623753697 2.368838899928008 0.06871531562424824
v 0.8855217623753697 2.368838899928008 0.06878468437575178
v 0.8854656838996767 2.3686848255823234 0.06871531562424824
v 0.8854656838996767 2.3686848255823234 0.06878468437575178
v 0.8855217623753697 2.368838899928008 0.06871531562424824
v 0.8855869476792707 2.3688151744176764 0.06871531562424824
v 0.8855217623753697 2.368838899928008 0.06878468437575178
v 0.8855869476792707 2.3688151744176764 0.06878468437575178
v 0.8854656838996767 2.3686848255823234 0.06878468437575178
v 0.8855308692035777 2.368661100071992 0.06878468437575178
v 0.8854656838996767 2.3686848255823234 0.06871531562424824
v 0.8855308692035777 2.368661100071992 0.06871531562424824
v 0.8855217623753697 2.368838899928008 0.06878468437575178
v 0.8855869476792707 2.3688151744176764 0.06878468437575178
v 0.8854656838996767 2.3686848255823234 0.06878468437575178
v 0.8855308692035777 2.368661100071992 0.06878468437575178
v 0.8855869476792707 2.3688151744176764 0.06871531562424824
v 0.8855217623753697 2.368838899928008 0.06871531562424824
v 0.8855308692035777 2.368661100071992 0.06871531562424824
v 0.8854656838996767 2.3686848255823234 0.06871531562424824
vt 0.75 0.4375
vt 0.8125 0.4375
vt 0.75 0.25
vt 0.8125 0.25
vt 0.75 0.4375
vt 0.8125 0.4375
vt 0.75 0.25
vt 0.8125 0.25
vt 0.75 0.3125
vt 0.8125 0.3125
vt 0.75 0.25
vt 0.8125 0.25
vt 0.75 0.3125
vt 0.8125 0.3125
vt 0.75 0.25
vt 0.8125 0.25
vt 0.75 0.4375
vt 0.8125 0.4375
vt 0.75 0.25
vt 0.8125 0.25
vt 0.75 0.4375
vt 0.8125 0.4375
vt 0.75 0.25
vt 0.8125 0.25
vn 0.9396926207859083 -0.34202014332566866 0
vn 0.9396926207859083 -0.34202014332566866 0
vn 0.9396926207859083 -0.34202014332566866 0
vn 0.9396926207859083 -0.34202014332566866 0
vn -0.9396926207859083 0.34202014332566866 0
vn -0.9396926207859083 0.34202014332566866 0
vn -0.9396926207859083 0.34202014332566866 0
vn -0.9396926207859083 0.34202014332566866 0
vn 0.34202014332566866 0.9396926207859083 0
vn 0.34202014332566866 0.9396926207859083 0
vn 0.34202014332566866 0.9396926207859083 0
vn 0.34202014332566866 0.9396926207859083 0
vn -0.34202014332566866 -0.9396926207859083 0
vn -0.34202014332566866 -0.9396926207859083 0
vn -0.34202014332566866 -0.9396926207859083 0
vn -0.34202014332566866 -0.9396926207859083 0
vn 0 0 1
vn 0 0 1
vn 0 0 1
vn 0 0 1
vn 0 0 -1
vn 0 0 -1
vn 0 0 -1
vn 0 0 -1
f 6145/6145/6145 6147/6147/6147 6146/6146/6146
f 6147/6147/6147 6148/6148/6148 6146/6146/6146
f 6149/6149/6149 6151/6151/6151 6150/6150/6150
f 6151/6151/6151 6152/6152/6152 6150/6150/6150
f 6153/6153/6153 6155/6155/6155 6154/6154/6154
f 6155/6155/6155 6156/6156/6156 6154/6154/6154
f 6157/6157/6157 6159/6159/6159 6158/6158/6158
f 6159/6159/6159 6160/6160/6160 6158/6158/6158
f 6161/6161/6161 6163/6163/6163 6162/6162/6162
f 6163/6163/6163 6164/6164/6164 6162/6162/6162
f 6165/6165/6165 6167/6167/6167 6166/6166/6166
f 6167/6167/6167 6168/6168/6168 6166/6166/6166
o vine_growth_7_200
usemtl vine
v 1.0434257481988487 2.387591675297416 -0.06871423281172477
v 1.0434257481988487 2.387591675297416 -0.06878576718827524
v 1.0434835773900863 2.3874327909003052 -0.06871423281172477
v 1.0434835773900863 2.3874327909003052 -0.06878576718827524
v 1.0433585278730717 2.387567209099695 -0.06878576718827524
v 1.0433585278730717 2.387567209099695 -0.06871423281172477
v 1.0434163570643094 2.3874083247025846 -0.06878576718827524
v 1.0434163570643094 2.3874083247025846 -0.06871423281172477
v 1.0433585278730717 2.387567209099695 -0.06878576718827524
v 1.0434257481988487 2.387591675297416 -0.06878576718827524
v 1.0433585278730717 2.387567209099695 -0.06871423281172477
v 1.0434257481988487 2.387591675297416 -0.06871423281172477
v 1.0434163570643094 2.3874083247025846 -0.06871423281172477
v 1.0434835773900863 2.3874327909003052 -0.06871423281172477
v 1.0434163570643094 2.3874083247025846 -0.06878576718827524
v 1.0434835773900863 2.3874327909003052 -0.06878576718827524
v 1.0433585278730717 2.387567209099695 -0.06871423281172477
v 1.0434257481988487 2.387591675297416 -0.06871423281172477
v 1.0434163570643094 2.3874083247025846 -0.06871423281172477
v 1.0434835773900863 2.3874327909003052 -0.06871423281172477
v 1.0434257481988487 2.387591675297416 -0.06878576718827524
v 1.0433585278730717 2.387567209099695 -0.06878576718827524
v 1.0434835773900863 2.3874327909003052 -0.06878576718827524
v 1.0434163570643094 2.3874083247025846 -0.06878576718827524
vt 0.75 0.4375
vt 0.8125 0.4375
vt 0.75 0.25
vt 0.8125 0.25
vt 0.75 0.4375
vt 0.8125 0.4375
vt 0.75 0.25
vt 0.8125 0.25
vt 0.75 0.3125
vt 0.8125 0.3125
vt 0.75 0.25
vt 0.8125 0.25
vt 0.75 0.3125
vt 0.8125 0.3125
vt 0.75 0.25
vt 0.8125 0.25
vt 0.75 0.4375
vt 0.8125 0.4375
vt 0.75 0.25
vt 0.8125 0.25
vt 0.75 0.4375
vt 0.8125 0.4375
vt 0.75 0.25
vt 0.8125 0.25
vn 0.9396926207859084 0.34202014332566866 0
vn 0.9396926207859084 0.34202014332566866 0
vn 0.9396926207859084 0.34202014332566866 0
vn 0.9396926207859084 0.34202014332566866 0
vn -0.9396926207859084 -0.34202014332566866 0
vn -0.9396926207859084 -0.34202014332566866 0
vn -0.9396926207859084 -0.34202014332566866 0
vn -0.9396926207859084 -0.34202014332566866 0
vn -0.34202014332566866 0.9396926207859084 0
vn -0.34202014332566866 0.9396926207859084 0
vn -0.34202014332566866 0.9396926207859084 0
vn -0.34202014332566866 0.9396926207859084 0
vn 0.34202014332566866 -0.9396926207859084 0
vn 0.34202014332566866 -0.9396926207859084 0
vn 0.34202014332566866 -0.9396926207859084 0
vn 0.34202014332566866 -0.9396926207859084 0
vn 0 0 1
vn 0 0 1
vn 0 0 1
vn 0 0 1
vn 0 0 -1
vn 0 0 -1
vn 0 0 -1
vn 0 0 -1
f 6169/6169/6169 6171/6171/6171 6170/6170/6170
f 6171/6171/6171 6172/6172/6172 6170/6170/6170
f 6173/6173/6173 6175/6175/6175 6174/6174/6174
f 6175/6175/6175 6176/6176/6176 6174/6174/6174
f 6177/6177/6177 6179/6179/6179 6178/6178/6178
f 6179/6179/6179 6180/6180/6180 6178/6178/6178
f 6181/6181/6181 6183/6183/6183 6182/6182/6182
f 6183/6183/6183 6184/6184/6184 6182/6182/6182
f 6185/6185/6185 6187/6187/6187 6186/6186/6186
f 6187/6187/6187 6188/6188/6188 6186/6186/6186
f 6189/6189/6189 6191/6191/6191 6190/6190/6190
f 6191/6191/6191 6192/6192/6192 6190/6190/6190
o vine_growth_7_201
usemtl leaf
v 1.043498461590371 2.3876005208540154 -0.06870565937575512
v 1.043498461590371 2.3876005208540154 -0.06879434062424489
v 1.0435130188292576 2.3875883058802345 -0.06870565937575512
v 1.0435130188292576 2.3875883058802345 -0.06879434062424489
v 1.0434251717525407 2.3875131774264804 -0.06879434062424489
v 1.0434251717525407 2.3875131774264804 -0.06870565937575512
v 1.0434397289914272 2.3875009624526995 -0.06879434062424489
v 1.0434397289914272 2.3875009624526995 -0.06870565937575512
v 1.0434251717525407 2.3875131774264804 -0.06879434062424489
v 1.043498461590371 2.3876005208540154 -0.06879434062424489
v 1.0434251717525407 2.3875131774264804 -0.06870565937575512
v 1.043498461590371 2.3876005208540154 -0.06870565937575512
v 1.0434397289914272 2.3875009624526995 -0.06870565937575512
v 1.0435130188292576 2.3875883058802345 -0.06870565937575512
v 1.0434397289914272 2.3875009624526995 -0.06879434062424489
v 1.0435130188292576 2.3875883058802345 -0.06879434062424489
v 1.0434251717525407 2.3875131774264804 -0.06870565937575512
v 1.043498461590371 2.3876005208540154 -0.06870565937575512
v 1.0434397289914272 2.3875009624526995 -0.06870565937575512
v 1.0435130188292576 2.3875883058802345 -0.06870565937575512
v 1.043498461590371 2.3876005208540154 -0.06879434062424489
v 1.0434251717525407 2.3875131774264804 -0.06879434062424489
v 1.0435130188292576 2.3875883058802345 -0.06879434062424489
v 1.0434397289914272 2.3875009624526995 -0.06879434062424489
vt 0.9375 0.0625
vt 1 0.0625
vt 0.9375 0
vt 1 0
vt 0.9375 0.0625
vt 1 0.0625
vt 0.9375 0
vt 1 0
vt 0.9375 0.0625
vt 1.0625 0.0625
vt 0.9375 0
vt 1.0625 0
vt 0.9375 0.0625
vt 1.0625 0.0625
vt 0.9375 0
vt 1.0625 0
vt 0.9375 0.0625
vt 1.0625 0.0625
vt 0.9375 0
vt 1.0625 0
vt 0.9375 0.0625
vt 1.0625 0.0625
vt 0.9375 0
vt 1.0625 0
vn 0.6427876096865394 0.7660444431189779 0
vn 0.6427876096865394 0.7660444431189779 0
vn 0.6427876096865394 0.7660444431189779 0
vn 0.6427876096865394 0.7660444431189779 0
vn -0.6427876096865394 -0.7660444431189779 0
vn -0.6427876096865394 -0.7660444431189779 0
vn -0.6427876096865394 -0.7660444431189779 0
vn -0.6427876096865394 -0.7660444431189779 0
vn -0.7660444431189779 0.6427876096865394 0
vn -0.7660444431189779 0.6427876096865394 0
vn -0.7660444431189779 0.6427876096865394 0
vn -0.7660444431189779 0.6427876096865394 0
vn 0.7660444431189779 -0.6427876096865394 0
vn 0.7660444431189779 -0.6427876096865394 0
vn 0.7660444431189779 -0.6427876096865394 0
vn 0.7660444431189779 -0.6427876096865394 0
vn 0 0 1
vn 0 0 1
vn 0 0 1
vn 0 0 1
vn 0 0 -1
vn 0 0 -1
vn 0 0 -1
vn 0 0 -1
f 6193/6193/6193 6195/6195/6195 6194/6194/6194
f 6195/6195/6195 6196/6196/6196 6194/6194/6194
f 6197/6197/6197 6199/6199/6199 6198/6198/6198
f 6199/6199/6199 6200/6200/6200 6198/6198/6198
f 6201/6201/6201 6203/6203/6203 6202/6202/6202
f 6203/6203/6203 6204/6204/6204 6202/6202/6202
f 6205/6205/6205 6207/6207/6207 6206/6206/6206
f 6207/6207/6207 6208/6208/6208 6206/6206/6206
f 6209/6209/6209 6211/6211/6211 6210/6210/6210
f 6211/6211/6211 6212/6212/6212 6210/6210/6210
f 6213/6213/6213 6215/6215/6215 6214/6214/6214
f 6215/6215/6215 6216/6216/6216 6214/6214/6214
o vine_growth_8_202
usemtl vine
v 1.201378584642007 2.3063174997685545 0.06878592187577859
v 1.201378584642007 2.3063174997685545 0.06871407812422142
v 1.201320505348549 2.3061579282212405 0.06878592187577859
v 1.201320505348549 2.3061579282212405 0.06871407812422142
v 1.2013110735988193 2.3063420717787593 0.06871407812422142
v 1.2013110735988193 2.3063420717787593 0.06878592187577859
v 1.2012529943053611 2.3061825002314453 0.06871407812422142
v 1.2012529943053611 2.3061825002314453 0.06878592187577859
v 1.2013110735988193 2.3063420717787593 0.06871407812422142
v 1.201378584642007 2.3063174997685545 0.06871407812422142
v 1.2013110735988193 2.3063420717787593 0.06878592187577859
v 1.201378584642007 2.3063174997685545 0.06878592187577859
v 1.2012529943053611 2.3061825002314453 0.06878592187577859
v 1.201320505348549 2.3061579282212405 0.06878592187577859
v 1.2012529943053611 2.3061825002314453 0.06871407812422142
v 1.201320505348549 2.3061579282212405 0.06871407812422142
v 1.2013110735988193 2.3063420717787593 0.06878592187577859
v 1.201378584642007 2.3063174997685545 0.06878592187577859
v 1.2012529943053611 2.3061825002314453 0.06878592187577859
v 1.201320505348549 2.3061579282212405 0.06878592187577859
v 1.201378584642007 2.3063174997685545 0.06871407812422142
v 1.2013110735988193 2.3063420717787593 0.06871407812422142
v 1.201320505348549 2.3061579282212405 0.06871407812422142
v 1.2012529943053611 2.3061825002314453 0.06871407812422142
vt 0.75 0.4375
vt 0.8125 0.4375
vt 0.75 0.25
vt 0.8125 0.25
vt 0.75 0.4375
vt 0.8125 0.4375
vt 0.75 0.25
vt 0.8125 0.25
vt 0.75 0.3125
vt 0.8125 0.3125
vt 0.75 0.25
vt 0.8125 0.25
vt 0.75 0.3125
vt 0.8125 0.3125
vt 0.75 0.25
vt 0.8125 0.25
vt 0.75 0.4375
vt 0.8125 0.4375
vt 0.75 0.25
vt 0.8125 0.25
vt 0.75 0.4375
vt 0.8125 0.4375
vt 0.75 0.25
vt 0.8125 0.25
vn 0.9396926207859083 -0.3420201433256686 0
vn 0.9396926207859083 -0.3420201433256686 0
vn 0.9396926207859083 -0.3420201433256686 0
vn 0.9396926207859083 -0.3420201433256686 0
vn -0.9396926207859083 0.3420201433256686 0
vn -0.9396926207859083 0.3420201433256686 0
vn -0.9396926207859083 0.3420201433256686 0
vn -0.9396926207859083 0.3420201433256686 0
vn 0.3420201433256686 0.9396926207859083 0
vn 0.3420201433256686 0.9396926207859083 0
vn 0.3420201433256686 0.9396926207859083 0
vn 0.3420201433256686 0.9396926207859083 0
vn -0.3420201433256686 -0.9396926207859083 0
vn -0.3420201433256686 -0.9396926207859083 0
vn -0.3420201433256686 -0.9396926207859083 0
vn -0.3420201433256686 -0.9396926207859083 0
vn 0 0 1
vn 0 0 1
vn 0 0 1
vn 0 0 1
vn 0 0 -1
vn 0 0 -1
vn 0 0 -1
vn 0 0 -1
f 6217/6217/6217 6219/6219/6219 6218/6218/6218
f 6219/6219/6219 6220/6220/6220 6218/6218/6218
f 6221/6221/6221 6223/6223/6223 6222/6222/6222
f 6223/6223/6223 6224/6224/6224 6222/6222/6222
f 6225/6225/6225 6227/6227/6227 6226/6226/6226
f 6227/6227/6227 6228/6228/6228 6226/6226/6226
f 6229/6229/6229 6231/6231/6231 6230/6230/6230
f 6231/6231/6231 6232/6232/6232 6230/6230/6230
f 6233/6233/6233 6235/6235/6235 6234/6234/6234
f 6235/6235/6235 6236/6236/6236 6234/6234/6234
f 6237/6237/6237 6239/6239/6239 6238/6238/6238
f 6239/6239/6239 6240/6240/6240 6238/6238/6238
o vine_growth_9_203
usemtl vine
v 1.3592151203450835 2.325089692890696 -0.06871500624924154
v 1.3592151203450835 2.325089692890696 -0.06878499375075847
v 1.359271699025218 2.3249342442446044 -0.06871500624924154
v 1.359271699025218 2.3249342442446044 -0.06878499375075847
v 1.3591493536063608 2.325065755755396 -0.06878499375075847
v 1.3591493536063608 2.325065755755396 -0.06871500624924154
v 1.3592059322864953 2.3249103071093042 -0.06878499375075847
v 1.3592059322864953 2.3249103071093042 -0.06871500624924154
v 1.3591493536063608 2.325065755755396 -0.06878499375075847
v 1.3592151203450835 2.325089692890696 -0.06878499375075847
v 1.3591493536063608 2.325065755755396 -0.06871500624924154
v 1.3592151203450835 2.325089692890696 -0.06871500624924154
v 1.3592059322864953 2.3249103071093042 -0.06871500624924154
v 1.359271699025218 2.3249342442446044 -0.06871500624924154
v 1.3592059322864953 2.3249103071093042 -0.06878499375075847
v 1.359271699025218 2.3249342442446044 -0.06878499375075847
v 1.3591493536063608 2.325065755755396 -0.06871500624924154
v 1.3592151203450835 2.325089692890696 -0.06871500624924154
v 1.3592059322864953 2.3249103071093042 -0.06871500624924154
v 1.359271699025218 2.3249342442446044 -0.06871500624924154
v 1.3592151203450835 2.325089692890696 -0.06878499375075847
v 1.3591493536063608 2.325065755755396 -0.06878499375075847
v 1.359271699025218 2.3249342442446044 -0.06878499375075847
v 1.3592059322864953 2.3249103071093042 -0.06878499375075847
vt 0.75 0.4375
vt 0.8125 0.4375
vt 0.75 0.25
vt 0.8125 0.25
vt 0.75 0.4375
vt 0.8125 0.4375
vt 0.75 0.25
vt 0.8125 0.25
vt 0.75 0.3125
vt 0.8125 0.3125
vt 0.75 0.25
vt 0.8125 0.25
vt 0.75 0.3125
vt 0.8125 0.3125
vt 0.75 0.25
vt 0.8125 0.25
vt 0.75 0.4375
vt 0.8125 0.4375
vt 0.75 0.25
vt 0.8125 0.25
vt 0.75 0.4375
vt 0.8125 0.4375
vt 0.75 0.25
vt 0.8125 0.25
vn 0.9396926207859084 0.3420201433256686 0
vn 0.9396926207859084 0.3420201433256686 0
vn 0.9396926207859084 0.3420201433256686 0
vn 0.9396926207859084 0.3420201433256686 0
vn -0.9396926207859084 -0.3420201433256686 0
vn -0.9396926207859084 -0.3420201433256686 0
vn -0.9396926207859084 -0.3420201433256686 0
vn -0.9396926207859084 -0.3420201433256686 0
vn -0.3420201433256686 0.9396926207859084 0
vn -0.3420201433256686 0.9396926207859084 0
vn -0.3420201433256686 0.9396926207859084 0
vn -0.3420201433256686 0.9396926207859084 0
vn 0.3420201433256686 -0.9396926207859084 0
vn 0.3420201433256686 -0.9396926207859084 0
vn 0.3420201433256686 -0.9396926207859084 0
vn 0.3420201433256686 -0.9396926207859084 0
vn 0 0 1
vn 0 0 1
vn 0 0 1
vn 0 0 1
vn 0 0 -1
vn 0 0 -1
vn 0 0 -1
vn 0 0 -1
f 6241/6241/6241 6243/6243/6243 6242/6242/6242
f 6243/6243/6243 6244/6244/6244 6242/6242/6242
f 6245/6245/6245 6247/6247/6247 6246/6246/6246
f 6247/6247/6247 6248/6248/6248 6246/6246/6246
f 6249/6249/6249 6251/6251/6251 6250/6250/6250
f 6251/6251/6251 6252/6252/6252 6250/6250/6250
f 6253/6253/6253 6255/6255/6255 6254/6254/6254
f 6255/6255/6255 6256/6256/6256 6254/6254/6254
f 6257/6257/6257 6259/6259/6259 6258/6258/6258
f 6259/6259/6259 6260/6260/6260 6258/6258/6258
f 6261/6261/6261 6263/6263/6263 6262/6262/6262
f 6263/6263/6263 6264/6264/6264 6262/6262/6262
o vine_growth_10_204
usemtl vine
v 1.5171683287360336 2.2438177904374146 0.06878607656328195
v 1.5171683287360336 2.2438177904374146 0.06871392343671806
v 1.5171099993403547 2.243657531739897 0.06878607656328195
v 1.5171099993403547 2.243657531739897 0.06871392343671806
v 1.5171005269754347 2.243842468260103 0.06871392343671806
v 1.5171005269754347 2.243842468260103 0.06878607656328195
v 1.517042197579756 2.2436822095625852 0.06871392343671806
v 1.517042197579756 2.2436822095625852 0.06878607656328195
v 1.5171005269754347 2.243842468260103 0.06871392343671806
v 1.5171683287360336 2.2438177904374146 0.06871392343671806
v 1.5171005269754347 2.243842468260103 0.06878607656328195
v 1.5171683287360336 2.2438177904374146 0.06878607656328195
v 1.517042197579756 2.2436822095625852 0.06878607656328195
v 1.5171099993403547 2.243657531739897 0.06878607656328195
v 1.517042197579756 2.2436822095625852 0.06871392343671806
v 1.5171099993403547 2.243657531739897 0.06871392343671806
v 1.5171005269754347 2.243842468260103 0.06878607656328195
v 1.5171683287360336 2.2438177904374146 0.06878607656328195
v 1.517042197579756 2.2436822095625852 0.06878607656328195
v 1.5171099993403547 2.243657531739897 0.06878607656328195
v 1.5171683287360336 2.2438177904374146 0.06871392343671806
v 1.5171005269754347 2.243842468260103 0.06871392343671806
v 1.5171099993403547 2.243657531739897 0.06871392343671806
v 1.517042197579756 2.2436822095625852 0.06871392343671806
vt 0.75 0.4375
vt 0.8125 0.4375
vt 0.75 0.25
vt 0.8125 0.25
vt 0.75 0.4375
vt 0.8125 0.4375
vt 0.75 0.25
vt 0.8125 0.25
vt 0.75 0.3125
vt 0.8125 0.3125
vt 0.75 0.25
vt 0.8125 0.25
vt 0.75 0.3125
vt 0.8125 0.3125
vt 0.75 0.25
vt 0.8125 0.25
vt 0.75 0.4375
vt 0.8125 0.4375
vt 0.75 0.25
vt 0.8125 0.25
vt 0.75 0.4375
vt 0.8125 0.4375
vt 0.75 0.25
vt 0.8125 0.25
vn 0.9396926207859084 -0.3420201433256686 0
vn 0.9396926207859084 -0.3420201433256686 0
vn 0.9396926207859084 -0.3420201433256686 0
vn 0.9396926207859084 -0.3420201433256686 0
vn -0.9396926207859084 0.3420201433256686 0
vn -0.9396926207859084 0.3420201433256686 0
vn -0.9396926207859084 0.3420201433256686 0
vn -0.9396926207859084 0.3420201433256686 0
vn 0.3420201433256686 0.9396926207859084 0
vn 0.3420201433256686 0.9396926207859084 0
vn 0.3420201433256686 0.9396926207859084 0
vn 0.3420201433256686 0.9396926207859084 0
vn -0.3420201433256686 -0.9396926207859084 0
vn -0.3420201433256686 -0.9396926207859084 0
vn -0.3420201433256686 -0.9396926207859084 0
vn -0.3420201433256686 -0.9396926207859084 0
vn 0 0 1
vn 0 0 1
vn 0 0 1
vn 0 0 1
vn 0 0 -1
vn 0 0 -1
vn 0 0 -1
vn 0 0 -1
f 6265/6265/6265 6267/6267/6267 6266/6266/6266
f 6267/6267/6267 6268/6268/6268 6266/6266/6266
f 6269/6269/6269 6271/6271/6271 6270/6270/6270
f 6271/6271/6271 6272/6272/6272 6270/6270/6270
f 6273/6273/6273 6275/6275/6275 6274/6274/6274
f 6275/6275/6275 6276/6276/6276 6274/6274/6274
f 6277/6277/6277 6279/6279/6279 6278/6278/6278
f 6279/6279/6279 6280/6280/6280 6278/6278/6278
f 6281/6281/6281 6283/6283/6283 6282/6282/6282
f 6283/6283/6283 6284/6284/6284 6282/6282/6282
f 6285/6285/6285 6287/6287/6287 6286/6286/6286
f 6287/6287/6287 6288/6288/6288 6286/6286/6286
o vine_growth_10_205
usemtl leaf
v 1.5172296593274472 2.2437774169245905 0.06879473437423818
v 1.5172296593274472 2.2437774169245905 0.06870526562576183
v 1.5172329884887357 2.2437585363127006 0.06879473437423818
v 1.5172329884887357 2.2437585363127006 0.06870526562576183
v 1.5171163756636097 2.2437574419581825 0.06870526562576183
v 1.5171163756636097 2.2437574419581825 0.06879473437423818
v 1.517119704824898 2.2437385613462926 0.06870526562576183
v 1.517119704824898 2.2437385613462926 0.06879473437423818
v 1.5171163756636097 2.2437574419581825 0.06870526562576183
v 1.5172296593274472 2.2437774169245905 0.06870526562576183
v 1.5171163756636097 2.2437574419581825 0.06879473437423818
v 1.5172296593274472 2.2437774169245905 0.06879473437423818
v 1.517119704824898 2.2437385613462926 0.06879473437423818
v 1.5172329884887357 2.2437585363127006 0.06879473437423818
v 1.517119704824898 2.2437385613462926 0.06870526562576183
v 1.5172329884887357 2.2437585363127006 0.06870526562576183
v 1.5171163756636097 2.2437574419581825 0.06879473437423818
v 1.5172296593274472 2.2437774169245905 0.06879473437423818
v 1.517119704824898 2.2437385613462926 0.06879473437423818
v 1.5172329884887357 2.2437585363127006 0.06879473437423818
v 1.5172296593274472 2.2437774169245905 0.06870526562576183
v 1.5171163756636097 2.2437574419581825 0.06870526562576183
v 1.5172329884887357 2.2437585363127006 0.06870526562576183
v 1.517119704824898 2.2437385613462926 0.06870526562576183
vt 0.9375 0.0625
vt 1 0.0625
vt 0.9375 0
vt 1 0
vt 0.9375 0.0625
vt 1 0.0625
vt 0.9375 0
vt 1 0
vt 0.9375 0.0625
vt 1.0625 0.0625
vt 0.9375 0
vt 1.0625 0
vt 0.9375 0.0625
vt 1.0625 0.0625
vt 0.9375 0
vt 1.0625 0
vt 0.9375 0.0625
vt 1.0625 0.0625
vt 0.9375 0
vt 1.0625 0
vt 0.9375 0.0625
vt 1.0625 0.0625
vt 0.9375 0
vt 1.0625 0
vn 0.9848077530122081 0.1736481776669303 0
vn 0.9848077530122081 0.1736481776669303 0
vn 0.9848077530122081 0.1736481776669303 0
vn 0.9848077530122081 0.1736481776669303 0
vn -0.9848077530122081 -0.1736481776669303 0
vn -0.9848077530122081 -0.1736481776669303 0
vn -0.9848077530122081 -0.1736481776669303 0
vn -0.9848077530122081 -0.1736481776669303 0
vn -0.1736481776669303 0.9848077530122081 0
vn -0.1736481776669303 0.9848077530122081 0
vn -0.1736481776669303 0.9848077530122081 0
vn -0.1736481776669303 0.9848077530122081 0
vn 0.1736481776669303 -0.9848077530122081 0
vn 0.1736481776669303 -0.9848077530122081 0
vn 0.1736481776669303 -0.9848077530122081 0
vn 0.1736481776669303 -0.9848077530122081 0
vn 0 0 1
vn 0 0 1
vn 0 0 1
vn 0 0 1
vn 0 0 -1
vn 0 0 -1
vn 0 0 -1
vn 0 0 -1
f 6289/6289/6289 6291/6291/6291 6290/6290/6290
f 6291/6291/6291 6292/6292/6292 6290/6290/6290
f 6293/6293/6293 6295/6295/6295 6294/6294/6294
f 6295/6295/6295 6296/6296/6296 6294/6294/6294
f 6297/6297/6297 6299/6299/6299 6298/6298/6298
f 6299/6299/6299 6300/6300/6300 6298/6298/6298
f 6301/6301/6301 6303/6303/6303 6302/6302/6302
f 6303/6303/6303 6304/6304/6304 6302/6302/6302
f 6305/6305/6305 6307/6307/6307 6306/6306/6306
f 6307/6307/6307 6308/6308/6308 6306/6306/6306
f 6309/6309/6309 6311/6311/6311 6310/6310/6310
f 6311/6311/6311 6312/6312/6312 6310/6310/6310
o vine_growth_11_206
usemtl vine
v 1.6750047564900552 2.2000928647414475 -0.06871376874921471
v 1.6750047564900552 2.2000928647414475 -0.0687862312507853
v 1.6750633359879545 2.199931918893726 -0.06871376874921471
v 1.6750633359879545 2.199931918893726 -0.0687862312507853
v 1.6749366640120456 2.2000680811062745 -0.0687862312507853
v 1.6749366640120456 2.2000680811062745 -0.06871376874921471
v 1.6749952435099449 2.199907135258553 -0.0687862312507853
v 1.6749952435099449 2.199907135258553 -0.06871376874921471
v 1.6749366640120456 2.2000680811062745 -0.0687862312507853
v 1.6750047564900552 2.2000928647414475 -0.0687862312507853
v 1.6749366640120456 2.2000680811062745 -0.06871376874921471
v 1.6750047564900552 2.2000928647414475 -0.06871376874921471
v 1.6749952435099449 2.199907135258553 -0.06871376874921471
v 1.6750633359879545 2.199931918893726 -0.06871376874921471
v 1.6749952435099449 2.199907135258553 -0.0687862312507853
v 1.6750633359879545 2.199931918893726 -0.0687862312507853
v 1.6749366640120456 2.2000680811062745 -0.06871376874921471
v 1.6750047564900552 2.2000928647414475 -0.06871376874921471
v 1.6749952435099449 2.199907135258553 -0.06871376874921471
v 1.6750633359879545 2.199931918893726 -0.06871376874921471
v 1.6750047564900552 2.2000928647414475 -0.0687862312507853
v 1.6749366640120456 2.2000680811062745 -0.0687862312507853
v 1.6750633359879545 2.199931918893726 -0.0687862312507853
v 1.6749952435099449 2.199907135258553 -0.0687862312507853
vt 0.75 0.4375
vt 0.8125 0.4375
vt 0.75 0.25
vt 0.8125 0.25
vt 0.75 0.4375
vt 0.8125 0.4375
vt 0.75 0.25
vt 0.8125 0.25
vt 0.75 0.3125
vt 0.8125 0.3125
vt 0.75 0.25
vt 0.8125 0.25
vt 0.75 0.3125
vt 0.8125 0.3125
vt 0.75 0.25
vt 0.8125 0.25
vt 0.75 0.4375
vt 0.8125 0.4375
vt 0.75 0.25
vt 0.8125 0.25
vt 0.75 0.4375
vt 0.8125 0.4375
vt 0.75 0.25
vt 0.8125 0.25
vn 0.9396926207859084 0.3420201433256687 0
vn 0.9396926207859084 0.3420201433256687 0
vn 0.9396926207859084 0.3420201433256687 0
vn 0.9396926207859084 0.3420201433256687 0
vn -0.9396926207859084 -0.3420201433256687 0
vn -0.9396926207859084 -0.3420201433256687 0
vn -0.9396926207859084 -0.3420201433256687 0
vn -0.9396926207859084 -0.3420201433256687 0
vn -0.3420201433256687 0.9396926207859084 0
vn -0.3420201433256687 0.9396926207859084 0
vn -0.3420201433256687 0.9396926207859084 0
vn -0.3420201433256687 0.9396926207859084 0
vn 0.3420201433256687 -0.9396926207859084 0
vn 0.3420201433256687 -0.9396926207859084 0
vn 0.3420201433256687 -0.9396926207859084 0
vn 0.3420201433256687 -0.9396926207859084 0
vn 0 0 1
vn 0 0 1
vn 0 0 1
vn 0 0 1
vn 0 0 -1
vn 0 0 -1
vn 0 0 -1
vn 0 0 -1
f 6313/6313/6313 6315/6315/6315 6314/6314/6314
f 6315/6315/6315 6316/6316/6316 6314/6314/6314
f 6317/6317/6317 6319/6319/6319 6318/6318/6318
f 6319/6319/6319 6320/6320/6320 6318/6318/6318
f 6321/6321/6321 6323/6323/6323 6322/6322/6322
f 6323/6323/6323 6324/6324/6324 6322/6322/6322
f 6325/6325/6325 6327/6327/6327 6326/6326/6326
f 6327/6327/6327 6328/6328/6328 6326/6326/6326
f 6329/6329/6329 6331/6331/6331 6330/6330/6330
f 6331/6331/6331 6332/6332/6332 6330/6330/6330
f 6333/6333/6333 6335/6335/6335 6334/6334/6334
f 6335/6335/6335 6336/6336/6336 6334/6334/6334
o eye_flower_247
usemtl toxic_petal
v 0.9444078917566099 2.474999999254942 0.0031249999999999993
v 0.9444078917566099 2.474999999254942 -0.028125
v 0.7819078977170744 2.474999999254942 0.0031249999999999993
v 0.7819078977170744 2.474999999254942 -0.028125
v 0.9444078917566099 2.575000000745058 -0.028125
v 0.9444078917566099 2.575000000745058 0.0031249999999999993
v 0.7819078977170744 2.575000000745058 -0.028125
v 0.7819078977170744 2.575000000745058 0.0031249999999999993
v 0.9444078917566099 2.575000000745058 -0.028125
v 0.9444078917566099 2.474999999254942 -0.028125
v 0.9444078917566099 2.575000000745058 0.0031249999999999993
v 0.9444078917566099 2.474999999254942 0.0031249999999999993
v 0.7819078977170744 2.575000000745058 0.0031249999999999993
v 0.7819078977170744 2.474999999254942 0.0031249999999999993
v 0.7819078977170744 2.575000000745058 -0.028125
v 0.7819078977170744 2.474999999254942 -0.028125
v 0.9444078917566099 2.575000000745058 0.0031249999999999993
v 0.9444078917566099 2.474999999254942 0.0031249999999999993
v 0.7819078977170744 2.575000000745058 0.0031249999999999993
v 0.7819078977170744 2.474999999254942 0.0031249999999999993
v 0.9444078917566099 2.474999999254942 -0.028125
v 0.9444078917566099 2.575000000745058 -0.028125
v 0.7819078977170744 2.474999999254942 -0.028125
v 0.7819078977170744 2.575000000745058 -0.028125
vt 0.4375 1.0625
vt 0.5 1.0625
vt 0.4375 0.875
vt 0.5 0.875
vt 0.4375 1.0625
vt 0.5 1.0625
vt 0.4375 0.875
vt 0.5 0.875
vt 0.4375 0.9375
vt 0.5625 0.9375
vt 0.4375 0.875
vt 0.5625 0.875
vt 0.4375 0.9375
vt 0.5625 0.9375
vt 0.4375 0.875
vt 0.5625 0.875
vt 0.4375 1.0625
vt 0.5625 1.0625
vt 0.4375 0.875
vt 0.5625 0.875
vt 0.4375 1.0625
vt 0.5625 1.0625
vt 0.4375 0.875
vt 0.5625 0.875
vn 2.220446049250313e-16 -1 0
vn 2.220446049250313e-16 -1 0
vn 2.220446049250313e-16 -1 0
vn 2.220446049250313e-16 -1 0
vn -2.220446049250313e-16 1 0
vn -2.220446049250313e-16 1 0
vn -2.220446049250313e-16 1 0
vn -2.220446049250313e-16 1 0
vn 1 2.220446049250313e-16 0
vn 1 2.220446049250313e-16 0
vn 1 2.220446049250313e-16 0
vn 1 2.220446049250313e-16 0
vn -1 -2.220446049250313e-16 0
vn -1 -2.220446049250313e-16 0
vn -1 -2.220446049250313e-16 0
vn -1 -2.220446049250313e-16 0
vn 0 0 1
vn 0 0 1
vn 0 0 1
vn 0 0 1
vn 0 0 -1
vn 0 0 -1
vn 0 0 -1
vn 0 0 -1
f 6337/6337/6337 6339/6339/6339 6338/6338/6338
f 6339/6339/6339 6340/6340/6340 6338/6338/6338
f 6341/6341/6341 6343/6343/6343 6342/6342/6342
f 6343/6343/6343 6344/6344/6344 6342/6342/6342
f 6345/6345/6345 6347/6347/6347 6346/6346/6346
f 6347/6347/6347 6348/6348/6348 6346/6346/6346
f 6349/6349/6349 6351/6351/6351 6350/6350/6350
f 6351/6351/6351 6352/6352/6352 6350/6350/6350
f 6353/6353/6353 6355/6355/6355 6354/6354/6354
f 6355/6355/6355 6356/6356/6356 6354/6354/6354
f 6357/6357/6357 6359/6359/6359 6358/6358/6358
f 6359/6359/6359 6360/6360/6360 6358/6358/6358
o eye_flower_248
usemtl toxic_petal
v 0.887227841565534 2.6800467202518305 0.0036171875000000006
v 0.887227841565534 2.6800467202518305 -0.028617187500000002
v 0.8034184696396436 2.5348846299257515 0.0036171875000000006
v 0.8034184696396436 2.5348846299257515 -0.028617187500000002
v 0.7978973198340407 2.7316217210203577 -0.028617187500000002
v 0.7978973198340407 2.7316217210203577 0.0036171875000000006
v 0.7140879479081502 2.5864596306942786 -0.028617187500000002
v 0.7140879479081502 2.5864596306942786 0.0036171875000000006
v 0.7978973198340407 2.7316217210203577 -0.028617187500000002
v 0.887227841565534 2.6800467202518305 -0.028617187500000002
v 0.7978973198340407 2.7316217210203577 0.0036171875000000006
v 0.887227841565534 2.6800467202518305 0.0036171875000000006
v 0.7140879479081502 2.5864596306942786 0.0036171875000000006
v 0.8034184696396436 2.5348846299257515 0.0036171875000000006
v 0.7140879479081502 2.5864596306942786 -0.028617187500000002
v 0.8034184696396436 2.5348846299257515 -0.028617187500000002
v 0.7978973198340407 2.7316217210203577 0.0036171875000000006
v 0.887227841565534 2.6800467202518305 0.0036171875000000006
v 0.7140879479081502 2.5864596306942786 0.0036171875000000006
v 0.8034184696396436 2.5348846299257515 0.0036171875000000006
v 0.887227841565534 2.6800467202518305 -0.028617187500000002
v 0.7978973198340407 2.7316217210203577 -0.028617187500000002
v 0.8034184696396436 2.5348846299257515 -0.028617187500000002
v 0.7140879479081502 2.5864596306942786 -0.028617187500000002
vt 0.4375 1.0625
vt 0.5 1.0625
vt 0.4375 0.875
vt 0.5 0.875
vt 0.4375 1.0625
vt 0.5 1.0625
vt 0.4375 0.875
vt 0.5 0.875
vt 0.4375 0.9375
vt 0.5625 0.9375
vt 0.4375 0.875
vt 0.5625 0.875
vt 0.4375 0.9375
vt 0.5625 0.9375
vt 0.4375 0.875
vt 0.5625 0.875
vt 0.4375 1.0625
vt 0.5625 1.0625
vt 0.4375 0.875
vt 0.5625 0.875
vt 0.4375 1.0625
vt 0.5625 1.0625
vt 0.4375 0.875
vt 0.5625 0.875
vn 0.8660254037844387 -0.4999999999999999 0
vn 0.8660254037844387 -0.4999999999999999 0
vn 0.8660254037844387 -0.4999999999999999 0
vn 0.8660254037844387 -0.4999999999999999 0
vn -0.8660254037844387 0.4999999999999999 0
vn -0.8660254037844387 0.4999999999999999 0
vn -0.8660254037844387 0.4999999999999999 0
vn -0.8660254037844387 0.4999999999999999 0
vn 0.4999999999999999 0.8660254037844387 0
vn 0.4999999999999999 0.8660254037844387 0
vn 0.4999999999999999 0.8660254037844387 0
vn 0.4999999999999999 0.8660254037844387 0
vn -0.4999999999999999 -0.8660254037844387 0
vn -0.4999999999999999 -0.8660254037844387 0
vn -0.4999999999999999 -0.8660254037844387 0
vn -0.4999999999999999 -0.8660254037844387 0
vn 0 0 1
vn 0 0 1
vn 0 0 1
vn 0 0 1
vn 0 0 -1
vn 0 0 -1
vn 0 0 -1
vn 0 0 -1
f 6361/6361/6361 6363/6363/6363 6362/6362/6362
f 6363/6363/6363 6364/6364/6364 6362/6362/6362
f 6365/6365/6365 6367/6367/6367 6366/6366/6366
f 6367/6367/6367 6368/6368/6368 6366/6366/6366
f 6369/6369/6369 6371/6371/6371 6370/6370/6370
f 6371/6371/6371 6372/6372/6372 6370/6370/6370
f 6373/6373/6373 6375/6375/6375 6374/6374/6374
f 6375/6375/6375 6376/6376/6376 6374/6374/6374
f 6377/6377/6377 6379/6379/6379 6378/6378/6378
f 6379/6379/6379 6380/6380/6380 6378/6378/6378
f 6381/6381/6381 6383/6383/6383 6382/6382/6382
f 6383/6383/6383 6384/6384/6384 6382/6382/6382
o eye_flower_249
usemtl toxic_petal
v 0.67834621028688 2.729046877850433 0.0031953124999999985
v 0.67834621028688 2.729046877850433 -0.0281953125
v 0.7599618322932367 2.587684473844087 0.0031953124999999985
v 0.7599618322932367 2.587684473844087 -0.0281953125
v 0.5913539571804476 2.6788218771020222 -0.0281953125
v 0.5913539571804476 2.6788218771020222 0.0031953124999999985
v 0.6729695791868042 2.537459473095676 -0.0281953125
v 0.6729695791868042 2.537459473095676 0.0031953124999999985
v 0.5913539571804476 2.6788218771020222 -0.0281953125
v 0.67834621028688 2.729046877850433 -0.0281953125
v 0.5913539571804476 2.6788218771020222 0.0031953124999999985
v 0.67834621028688 2.729046877850433 0.0031953124999999985
v 0.6729695791868042 2.537459473095676 0.0031953124999999985
v 0.7599618322932367 2.587684473844087 0.0031953124999999985
v 0.6729695791868042 2.537459473095676 -0.0281953125
v 0.7599618322932367 2.587684473844087 -0.0281953125
v 0.5913539571804476 2.6788218771020222 0.0031953124999999985
v 0.67834621028688 2.729046877850433 0.0031953124999999985
v 0.6729695791868042 2.537459473095676 0.0031953124999999985
v 0.7599618322932367 2.587684473844087 0.0031953124999999985
v 0.67834621028688 2.729046877850433 -0.0281953125
v 0.5913539571804476 2.6788218771020222 -0.0281953125
v 0.7599618322932367 2.587684473844087 -0.0281953125
v 0.6729695791868042 2.537459473095676 -0.0281953125
vt 0.4375 1.0625
vt 0.5 1.0625
vt 0.4375 0.875
vt 0.5 0.875
vt 0.4375 1.0625
vt 0.5 1.0625
vt 0.4375 0.875
vt 0.5 0.875
vt 0.4375 0.9375
vt 0.5625 0.9375
vt 0.4375 0.875
vt 0.5625 0.875
vt 0.4375 0.9375
vt 0.5625 0.9375
vt 0.4375 0.875
vt 0.5625 0.875
vt 0.4375 1.0625
vt 0.5625 1.0625
vt 0.4375 0.875
vt 0.5625 0.875
vt 0.4375 1.0625
vt 0.5625 1.0625
vt 0.4375 0.875
vt 0.5625 0.875
vn 0.8660254037844387 0.4999999999999999 0
vn 0.8660254037844387 0.4999999999999999 0
vn 0.8660254037844387 0.4999999999999999 0
vn 0.8660254037844387 0.4999999999999999 0
vn -0.8660254037844387 -0.4999999999999999 0
vn -0.8660254037844387 -0.4999999999999999 0
vn -0.8660254037844387 -0.4999999999999999 0
vn -0.8660254037844387 -0.4999999999999999 0
vn -0.4999999999999999 0.8660254037844387 0
vn -0.4999999999999999 0.8660254037844387 0
vn -0.4999999999999999 0.8660254037844387 0
vn -0.4999999999999999 0.8660254037844387 0
vn 0.4999999999999999 -0.8660254037844387 0
vn 0.4999999999999999 -0.8660254037844387 0
vn 0.4999999999999999 -0.8660254037844387 0
vn 0.4999999999999999 -0.8660254037844387 0
vn 0 0 1
vn 0 0 1
vn 0 0 1
vn 0 0 1
vn 0 0 -1
vn 0 0 -1
vn 0 0 -1
vn 0 0 -1
f 6385/6385/6385 6387/6387/6387 6386/6386/6386
f 6387/6387/6387 6388/6388/6388 6386/6386/6386
f 6389/6389/6389 6391/6391/6391 6390/6390/6390
f 6391/6391/6391 6392/6392/6392 6390/6390/6390
f 6393/6393/6393 6395/6395/6395 6394/6394/6394
f 6395/6395/6395 6396/6396/6396 6394/6394/6394
f 6397/6397/6397 6399/6399/6399 6398/6398/6398
f 6399/6399/6399 6400/6400/6400 6398/6398/6398
f 6401/6401/6401 6403/6403/6403 6402/6402/6402
f 6403/6403/6403 6404/6404/6404 6402/6402/6402
f 6405/6405/6405 6407/6407/6407 6406/6406/6406
f 6407/6407/6407 6408/6408/6408 6406/6406/6406
o eye_flower_250
usemtl toxic_petal
v 0.5289828978243627 2.57680000077188 0.0036875
v 0.5289828978243627 2.57680000077188 -0.0286875
v 0.6973328916493216 2.57680000077188 0.0036875
v 0.6973328916493216 2.57680000077188 -0.0286875
v 0.5289828978243627 2.47319999922812 -0.0286875
v 0.5289828978243627 2.47319999922812 0.0036875
v 0.6973328916493216 2.47319999922812 -0.0286875
v 0.6973328916493216 2.47319999922812 0.0036875
v 0.5289828978243627 2.47319999922812 -0.0286875
v 0.5289828978243627 2.57680000077188 -0.0286875
v 0.5289828978243627 2.47319999922812 0.0036875
v 0.5289828978243627 2.57680000077188 0.0036875
v 0.6973328916493216 2.47319999922812 0.0036875
v 0.6973328916493216 2.57680000077188 0.0036875
v 0.6973328916493216 2.47319999922812 -0.0286875
v 0.6973328916493216 2.57680000077188 -0.0286875
v 0.5289828978243627 2.47319999922812 0.0036875
v 0.5289828978243627 2.57680000077188 0.0036875
v 0.6973328916493216 2.47319999922812 0.0036875
v 0.6973328916493216 2.57680000077188 0.0036875
v 0.5289828978243627 2.57680000077188 -0.0286875
v 0.5289828978243627 2.47319999922812 -0.0286875
v 0.6973328916493216 2.57680000077188 -0.0286875
v 0.6973328916493216 2.47319999922812 -0.0286875
vt 0.4375 1.0625
vt 0.5 1.0625
vt 0.4375 0.875
vt 0.5 0.875
vt 0.4375 1.0625
vt 0.5 1.0625
vt 0.4375 0.875
vt 0.5 0.875
vt 0.4375 0.9375
vt 0.5625 0.9375
vt 0.4375 0.875
vt 0.5625 0.875
vt 0.4375 0.9375
vt 0.5625 0.9375
vt 0.4375 0.875
vt 0.5625 0.875
vt 0.4375 1.0625
vt 0.5625 1.0625
vt 0.4375 0.875
vt 0.5625 0.875
vt 0.4375 1.0625
vt 0.5625 1.0625
vt 0.4375 0.875
vt 0.5625 0.875
vn 2.220446049250313e-16 1 0
vn 2.220446049250313e-16 1 0
vn 2.220446049250313e-16 1 0
vn 2.220446049250313e-16 1 0
vn -2.220446049250313e-16 -1 0
vn -2.220446049250313e-16 -1 0
vn -2.220446049250313e-16 -1 0
vn -2.220446049250313e-16 -1 0
vn -1 2.220446049250313e-16 0
vn -1 2.220446049250313e-16 0
vn -1 2.220446049250313e-16 0
vn -1 2.220446049250313e-16 0
vn 1 -2.220446049250313e-16 0
vn 1 -2.220446049250313e-16 0
vn 1 -2.220446049250313e-16 0
vn 1 -2.220446049250313e-16 0
vn 0 0 1
vn 0 0 1
vn 0 0 1
vn 0 0 1
vn 0 0 -1
vn 0 0 -1
vn 0 0 -1
vn 0 0 -1
f 6409/6409/6409 6411/6411/6411 6410/6410/6410
f 6411/6411/6411 6412/6412/6412 6410/6410/6410
f 6413/6413/6413 6415/6415/6415 6414/6414/6414
f 6415/6415/6415 6416/6416/6416 6414/6414/6414
f 6417/6417/6417 6419/6419/6419 6418/6418/6418
f 6419/6419/6419 6420/6420/6420 6418/6418/6418
f 6421/6421/6421 6423/6423/6423 6422/6422/6422
f 6423/6423/6423 6424/6424/6424 6422/6422/6422
f 6425/6425/6425 6427/6427/6427 6426/6426/6426
f 6427/6427/6427 6428/6428/6428 6426/6426/6426
f 6429/6429/6429 6431/6431/6431 6430/6430/6430
f 6431/6431/6431 6432/6432/6432 6430/6430/6430
o eye_flower_251
usemtl toxic_petal
v 0.590976288968398 2.3709739823730094 0.0032656249999999977
v 0.590976288968398 2.3709739823730094 -0.028265625
v 0.6729575359613437 2.5129696674326447 0.0032656249999999977
v 0.6729575359613437 2.5129696674326447 -0.028265625
v 0.6783582535123406 2.3205239816212457 -0.028265625
v 0.6783582535123406 2.3205239816212457 0.0032656249999999977
v 0.7603395005052862 2.462519666680881 -0.028265625
v 0.7603395005052862 2.462519666680881 0.0032656249999999977
v 0.6783582535123406 2.3205239816212457 -0.028265625
v 0.590976288968398 2.3709739823730094 -0.028265625
v 0.6783582535123406 2.3205239816212457 0.0032656249999999977
v 0.590976288968398 2.3709739823730094 0.0032656249999999977
v 0.7603395005052862 2.462519666680881 0.0032656249999999977
v 0.6729575359613437 2.5129696674326447 0.0032656249999999977
v 0.7603395005052862 2.462519666680881 -0.028265625
v 0.6729575359613437 2.5129696674326447 -0.028265625
v 0.6783582535123406 2.3205239816212457 0.0032656249999999977
v 0.590976288968398 2.3709739823730094 0.0032656249999999977
v 0.7603395005052862 2.462519666680881 0.0032656249999999977
v 0.6729575359613437 2.5129696674326447 0.0032656249999999977
v 0.590976288968398 2.3709739823730094 -0.028265625
v 0.6783582535123406 2.3205239816212457 -0.028265625
v 0.6729575359613437 2.5129696674326447 -0.028265625
v 0.7603395005052862 2.462519666680881 -0.028265625
vt 0.4375 1.0625
vt 0.5 1.0625
vt 0.4375 0.875
vt 0.5 0.875
vt 0.4375 1.0625
vt 0.5 1.0625
vt 0.4375 0.875
vt 0.5 0.875
vt 0.4375 0.9375
vt 0.5625 0.9375
vt 0.4375 0.875
vt 0.5625 0.875
vt 0.4375 0.9375
vt 0.5625 0.9375
vt 0.4375 0.875
vt 0.5625 0.875
vt 0.4375 1.0625
vt 0.5625 1.0625
vt 0.4375 0.875
vt 0.5625 0.875
vt 0.4375 1.0625
vt 0.5625 1.0625
vt 0.4375 0.875
vt 0.5625 0.875
vn -0.8660254037844388 0.49999999999999983 0
vn -0.8660254037844388 0.49999999999999983 0
vn -0.8660254037844388 0.49999999999999983 0
vn -0.8660254037844388 0.49999999999999983 0
vn 0.8660254037844388 -0.49999999999999983 0
vn 0.8660254037844388 -0.49999999999999983 0
vn 0.8660254037844388 -0.49999999999999983 0
vn 0.8660254037844388 -0.49999999999999983 0
vn -0.49999999999999983 -0.8660254037844388 0
vn -0.49999999999999983 -0.8660254037844388 0
vn -0.49999999999999983 -0.8660254037844388 0
vn -0.49999999999999983 -0.8660254037844388 0
vn 0.49999999999999983 0.8660254037844388 0
vn 0.49999999999999983 0.8660254037844388 0
vn 0.49999999999999983 0.8660254037844388 0
vn 0.49999999999999983 0.8660254037844388 0
vn 0 0 0.9999999999999999
vn 0 0 0.9999999999999999
vn 0 0 0.9999999999999999
vn 0 0 0.9999999999999999
vn 0 0 -0.9999999999999999
vn 0 0 -0.9999999999999999
vn 0 0 -0.9999999999999999
vn 0 0 -0.9999999999999999
f 6433/6433/6433 6435/6435/6435 6434/6434/6434
f 6435/6435/6435 6436/6436/6436 6434/6434/6434
f 6437/6437/6437 6439/6439/6439 6438/6438/6438
f 6439/6439/6439 6440/6440/6440 6438/6438/6438
f 6441/6441/6441 6443/6443/6443 6442/6442/6442
f 6443/6443/6443 6444/6444/6444 6442/6442/6442
f 6445/6445/6445 6447/6447/6447 6446/6446/6446
f 6447/6447/6447 6448/6448/6448 6446/6446/6446
f 6449/6449/6449 6451/6451/6451 6450/6450/6450
f 6451/6451/6451 6452/6452/6452 6450/6450/6450
f 6453/6453/6453 6455/6455/6455 6454/6454/6454
f 6455/6455/6455 6456/6456/6456 6454/6454/6454
o eye_flower_252
usemtl toxic_petal
v 0.7978732333831196 2.3175199979230006 0.003757812499999999
v 0.7978732333831196 2.3175199979230006 -0.0287578125
v 0.7133326114840511 2.463948650355657 0.003757812499999999
v 0.7133326114840511 2.463948650355657 -0.0287578125
v 0.8879831779896331 2.3695449986982333 -0.0287578125
v 0.8879831779896331 2.3695449986982333 0.003757812499999999
v 0.8034425560905647 2.51597365113089 -0.0287578125
v 0.8034425560905647 2.51597365113089 0.003757812499999999
v 0.8879831779896331 2.3695449986982333 -0.0287578125
v 0.7978732333831196 2.3175199979230006 -0.0287578125
v 0.8879831779896331 2.3695449986982333 0.003757812499999999
v 0.7978732333831196 2.3175199979230006 0.003757812499999999
v 0.8034425560905647 2.51597365113089 0.003757812499999999
v 0.7133326114840511 2.463948650355657 0.003757812499999999
v 0.8034425560905647 2.51597365113089 -0.0287578125
v 0.7133326114840511 2.463948650355657 -0.0287578125
v 0.8879831779896331 2.3695449986982333 0.003757812499999999
v 0.7978732333831196 2.3175199979230006 0.003757812499999999
v 0.8034425560905647 2.51597365113089 0.003757812499999999
v 0.7133326114840511 2.463948650355657 0.003757812499999999
v 0.7978732333831196 2.3175199979230006 -0.0287578125
v 0.8879831779896331 2.3695449986982333 -0.0287578125
v 0.7133326114840511 2.463948650355657 -0.0287578125
v 0.8034425560905647 2.51597365113089 -0.0287578125
vt 0.4375 1.0625
vt 0.5 1.0625
vt 0.4375 0.875
vt 0.5 0.875
vt 0.4375 1.0625
vt 0.5 1.0625
vt 0.4375 0.875
vt 0.5 0.875
vt 0.4375 0.9375
vt 0.5625 0.9375
vt 0.4375 0.875
vt 0.5625 0.875
vt 0.4375 0.9375
vt 0.5625 0.9375
vt 0.4375 0.875
vt 0.5625 0.875
vt 0.4375 1.0625
vt 0.5625 1.0625
vt 0.4375 0.875
vt 0.5625 0.875
vt 0.4375 1.0625
vt 0.5625 1.0625
vt 0.4375 0.875
vt 0.5625 0.875
vn -0.8660254037844386 -0.5000000000000001 0
vn -0.8660254037844386 -0.5000000000000001 0
vn -0.8660254037844386 -0.5000000000000001 0
vn -0.8660254037844386 -0.5000000000000001 0
vn 0.8660254037844386 0.5000000000000001 0
vn 0.8660254037844386 0.5000000000000001 0
vn 0.8660254037844386 0.5000000000000001 0
vn 0.8660254037844386 0.5000000000000001 0
vn 0.5000000000000001 -0.8660254037844386 0
vn 0.5000000000000001 -0.8660254037844386 0
vn 0.5000000000000001 -0.8660254037844386 0
vn 0.5000000000000001 -0.8660254037844386 0
vn -0.5000000000000001 0.8660254037844386 0
vn -0.5000000000000001 0.8660254037844386 0
vn -0.5000000000000001 0.8660254037844386 0
vn -0.5000000000000001 0.8660254037844386 0
vn 0 0 1
vn 0 0 1
vn 0 0 1
vn 0 0 1
vn 0 0 -1
vn 0 0 -1
vn 0 0 -1
vn 0 0 -1
f 6457/6457/6457 6459/6459/6459 6458/6458/6458
f 6459/6459/6459 6460/6460/6460 6458/6458/6458
f 6461/6461/6461 6463/6463/6463 6462/6462/6462
f 6463/6463/6463 6464/6464/6464 6462/6462/6462
f 6465/6465/6465 6467/6467/6467 6466/6466/6466
f 6467/6467/6467 6468/6468/6468 6466/6466/6466
f 6469/6469/6469 6471/6471/6471 6470/6470/6470
f 6471/6471/6471 6472/6472/6472 6470/6470/6470
f 6473/6473/6473 6475/6475/6475 6474/6474/6474
f 6475/6475/6475 6476/6476/6476 6474/6474/6474
f 6477/6477/6477 6479/6479/6479 6478/6478/6478
f 6479/6479/6479 6480/6480/6480 6478/6478/6478
o eye_flower_253
usemtl eye_flower_white
v 0.8205047667163767 2.6073468719795345 0.05675625151023268
v 0.8205047667163767 2.6073468719795345 -0.019256251510232688
v 0.8205047667163767 2.4426531280204653 0.05675625151023268
v 0.8205047667163767 2.4426531280204653 -0.019256251510232688
v 0.6558110227573075 2.6073468719795345 -0.019256251510232688
v 0.6558110227573075 2.6073468719795345 0.05675625151023268
v 0.6558110227573075 2.4426531280204653 -0.019256251510232688
v 0.6558110227573075 2.4426531280204653 0.05675625151023268
v 0.6558110227573075 2.6073468719795345 -0.019256251510232688
v 0.8205047667163767 2.6073468719795345 -0.019256251510232688
v 0.6558110227573075 2.6073468719795345 0.05675625151023268
v 0.8205047667163767 2.6073468719795345 0.05675625151023268
v 0.6558110227573075 2.4426531280204653 0.05675625151023268
v 0.8205047667163767 2.4426531280204653 0.05675625151023268
v 0.6558110227573075 2.4426531280204653 -0.019256251510232688
v 0.8205047667163767 2.4426531280204653 -0.019256251510232688
v 0.6558110227573075 2.6073468719795345 0.05675625151023268
v 0.8205047667163767 2.6073468719795345 0.05675625151023268
v 0.6558110227573075 2.4426531280204653 0.05675625151023268
v 0.8205047667163767 2.4426531280204653 0.05675625151023268
v 0.8205047667163767 2.6073468719795345 -0.019256251510232688
v 0.6558110227573075 2.6073468719795345 -0.019256251510232688
v 0.8205047667163767 2.4426531280204653 -0.019256251510232688
v 0.6558110227573075 2.4426531280204653 -0.019256251510232688
vt 0.625 0.9375
vt 0.6875 0.9375
vt 0.625 0.75
vt 0.6875 0.75
vt 0.625 0.9375
vt 0.6875 0.9375
vt 0.625 0.75
vt 0.6875 0.75
vt 0.625 0.8125
vt 0.8125 0.8125
vt 0.625 0.75
vt 0.8125 0.75
vt 0.625 0.8125
vt 0.8125 0.8125
vt 0.625 0.75
vt 0.8125 0.75
vt 0.625 0.9375
vt 0.8125 0.9375
vt 0.625 0.75
vt 0.8125 0.75
vt 0.625 0.9375
vt 0.8125 0.9375
vt 0.625 0.75
vt 0.8125 0.75
vn 1 0 0
vn 1 0 0
vn 1 0 0
vn 1 0 0
vn -1 0 0
vn -1 0 0
vn -1 0 0
vn -1 0 0
vn 0 1 0
vn 0 1 0
vn 0 1 0
vn 0 1 0
vn 0 -1 0
vn 0 -1 0
vn 0 -1 0
vn 0 -1 0
vn 0 0 1
vn 0 0 1
vn 0 0 1
vn 0 0 1
vn 0 0 -1
vn 0 0 -1
vn 0 0 -1
vn 0 0 -1
f 6481/6481/6481 6483/6483/6483 6482/6482/6482
f 6483/6483/6483 6484/6484/6484 6482/6482/6482
f 6485/6485/6485 6487/6487/6487 6486/6486/6486
f 6487/6487/6487 6488/6488/6488 6486/6486/6486
f 6489/6489/6489 6491/6491/6491 6490/6490/6490
f 6491/6491/6491 6492/6492/6492 6490/6490/6490
f 6493/6493/6493 6495/6495/6495 6494/6494/6494
f 6495/6495/6495 6496/6496/6496 6494/6494/6494
f 6497/6497/6497 6499/6499/6499 6498/6498/6498
f 6499/6499/6499 6500/6500/6500 6498/6498/6498
f 6501/6501/6501 6503/6503/6503 6502/6502/6502
f 6503/6503/6503 6504/6504/6504 6502/6502/6502
o eye_flower_pupil_254
usemtl bloom_crystal
v 0.7838766439582564 2.570718749221414 0.06931250019464642
v 0.7838766439582564 2.570718749221414 0.04318749980535359
v 0.7838766439582564 2.4792812507785857 0.06931250019464642
v 0.7838766439582564 2.4792812507785857 0.04318749980535359
v 0.6924391455154278 2.570718749221414 0.04318749980535359
v 0.6924391455154278 2.570718749221414 0.06931250019464642
v 0.6924391455154278 2.4792812507785857 0.04318749980535359
v 0.6924391455154278 2.4792812507785857 0.06931250019464642
v 0.6924391455154278 2.570718749221414 0.04318749980535359
v 0.7838766439582564 2.570718749221414 0.04318749980535359
v 0.6924391455154278 2.570718749221414 0.06931250019464642
v 0.7838766439582564 2.570718749221414 0.06931250019464642
v 0.6924391455154278 2.4792812507785857 0.06931250019464642
v 0.7838766439582564 2.4792812507785857 0.06931250019464642
v 0.6924391455154278 2.4792812507785857 0.04318749980535359
v 0.7838766439582564 2.4792812507785857 0.04318749980535359
v 0.6924391455154278 2.570718749221414 0.06931250019464642
v 0.7838766439582564 2.570718749221414 0.06931250019464642
v 0.6924391455154278 2.4792812507785857 0.06931250019464642
v 0.7838766439582564 2.4792812507785857 0.06931250019464642
v 0.7838766439582564 2.570718749221414 0.04318749980535359
v 0.6924391455154278 2.570718749221414 0.04318749980535359
v 0.7838766439582564 2.4792812507785857 0.04318749980535359
v 0.6924391455154278 2.4792812507785857 0.04318749980535359
vt 0.3125 0.5625
vt 0.375 0.5625
vt 0.3125 0.5
vt 0.375 0.5
vt 0.3125 0.5625
vt 0.375 0.5625
vt 0.3125 0.5
vt 0.375 0.5
vt 0.3125 0.5625
vt 0.375 0.5625
vt 0.3125 0.5
vt 0.375 0.5
vt 0.3125 0.5625
vt 0.375 0.5625
vt 0.3125 0.5
vt 0.375 0.5
vt 0.3125 0.5625
vt 0.375 0.5625
vt 0.3125 0.5
vt 0.375 0.5
vt 0.3125 0.5625
vt 0.375 0.5625
vt 0.3125 0.5
vt 0.375 0.5
vn 1 0 0
vn 1 0 0
vn 1 0 0
vn 1 0 0
vn -1 0 0
vn -1 0 0
vn -1 0 0
vn -1 0 0
vn 0 1 0
vn 0 1 0
vn 0 1 0
vn 0 1 0
vn 0 -1 0
vn 0 -1 0
vn 0 -1 0
vn 0 -1 0
vn 0 0 1
vn 0 0 1
vn 0 0 1
vn 0 0 1
vn 0 0 -1
vn 0 0 -1
vn 0 0 -1
vn 0 0 -1
f 6505/6505/6505 6507/6507/6507 6506/6506/6506
f 6507/6507/6507 6508/6508/6508 6506/6506/6506
f 6509/6509/6509 6511/6511/6511 6510/6510/6510
f 6511/6511/6511 6512/6512/6512 6510/6510/6510
f 6513/6513/6513 6515/6515/6515 6514/6514/6514
f 6515/6515/6515 6516/6516/6516 6514/6514/6514
f 6517/6517/6517 6519/6519/6519 6518/6518/6518
f 6519/6519/6519 6520/6520/6520 6518/6518/6518
f 6521/6521/6521 6523/6523/6523 6522/6522/6522
f 6523/6523/6523 6524/6524/6524 6522/6522/6522
f 6525/6525/6525 6527/6527/6527 6526/6526/6526
f 6527/6527/6527 6528/6528/6528 6526/6526/6526
o eye_flower_pupil_255
usemtl eye_flower_pupil
v 0.7572453954953112 2.5536312492415307 0.07840625
v 0.7572453954953112 2.5536312492415307 0.04659375
v 0.7572453954953112 2.496368750758469 0.07840625
v 0.7572453954953112 2.496368750758469 0.04659375
v 0.719070393978373 2.5536312492415307 0.04659375
v 0.719070393978373 2.5536312492415307 0.07840625
v 0.719070393978373 2.496368750758469 0.04659375
v 0.719070393978373 2.496368750758469 0.07840625
v 0.719070393978373 2.5536312492415307 0.04659375
v 0.7572453954953112 2.5536312492415307 0.04659375
v 0.719070393978373 2.5536312492415307 0.07840625
v 0.7572453954953112 2.5536312492415307 0.07840625
v 0.719070393978373 2.496368750758469 0.07840625
v 0.7572453954953112 2.496368750758469 0.07840625
v 0.719070393978373 2.496368750758469 0.04659375
v 0.7572453954953112 2.496368750758469 0.04659375
v 0.719070393978373 2.5536312492415307 0.07840625
v 0.7572453954953112 2.5536312492415307 0.07840625
v 0.719070393978373 2.496368750758469 0.07840625
v 0.7572453954953112 2.496368750758469 0.07840625
v 0.7572453954953112 2.5536312492415307 0.04659375
v 0.719070393978373 2.5536312492415307 0.04659375
v 0.7572453954953112 2.496368750758469 0.04659375
v 0.719070393978373 2.496368750758469 0.04659375
vt 0.5 0.75
vt 0.5625 0.75
vt 0.5 0.6875
vt 0.5625 0.6875
vt 0.5 0.75
vt 0.5625 0.75
vt 0.5 0.6875
vt 0.5625 0.6875
vt 0.5 0.75
vt 0.5625 0.75
vt 0.5 0.6875
vt 0.5625 0.6875
vt 0.5 0.75
vt 0.5625 0.75
vt 0.5 0.6875
vt 0.5625 0.6875
vt 0.5 0.75
vt 0.5625 0.75
vt 0.5 0.6875
vt 0.5625 0.6875
vt 0.5 0.75
vt 0.5625 0.75
vt 0.5 0.6875
vt 0.5625 0.6875
vn 0.9999999999999999 0 0
vn 0.9999999999999999 0 0
vn 0.9999999999999999 0 0
vn 0.9999999999999999 0 0
vn -0.9999999999999999 0 0
vn -0.9999999999999999 0 0
vn -0.9999999999999999 0 0
vn -0.9999999999999999 0 0
vn 0 0.9999999999999999 0
vn 0 0.9999999999999999 0
vn 0 0.9999999999999999 0
vn 0 0.9999999999999999 0
vn 0 -0.9999999999999999 0
vn 0 -0.9999999999999999 0
vn 0 -0.9999999999999999 0
vn 0 -0.9999999999999999 0
vn 0 0 0.9999999999999999
vn 0 0 0.9999999999999999
vn 0 0 0.9999999999999999
vn 0 0 0.9999999999999999
vn 0 0 -0.9999999999999999
vn 0 0 -0.9999999999999999
vn 0 0 -0.9999999999999999
vn 0 0 -0.9999999999999999
f 6529/6529/6529 6531/6531/6531 6530/6530/6530
f 6531/6531/6531 6532/6532/6532 6530/6530/6530
f 6533/6533/6533 6535/6535/6535 6534/6534/6534
f 6535/6535/6535 6536/6536/6536 6534/6534/6534
f 6537/6537/6537 6539/6539/6539 6538/6538/6538
f 6539/6539/6539 6540/6540/6540 6538/6538/6538
f 6541/6541/6541 6543/6543/6543 6542/6542/6542
f 6543/6543/6543 6544/6544/6544 6542/6542/6542
f 6545/6545/6545 6547/6547/6547 6546/6546/6546
f 6547/6547/6547 6548/6548/6548 6546/6546/6546
f 6549/6549/6549 6551/6551/6551 6550/6550/6550
f 6551/6551/6551 6552/6552/6552 6550/6550/6550
o flower_0_142_back
usemtl pollen
v 0.29764918550234226 2.42496764984285 -0.1610691446964475
v 0.2976491855023422 2.5008224700328148 -0.1476938932801675
v 0.33616168703269145 2.4133843423343473 -0.09537694341243713
v 0.33616168703269145 2.489239162524312 -0.0820016919961571
v 0.2309435761252032 2.494134844324675 -0.10976648318518503
v 0.2309435761252032 2.41828002413471 -0.12314173460146506
v 0.2694560776555524 2.4825515368161724 -0.04407428190117464
v 0.26945607765555246 2.4066967166262074 -0.05744953331745467
v 0.2309435761252032 2.494134844324675 -0.10976648318518503
v 0.2976491855023422 2.5008224700328148 -0.1476938932801675
v 0.2309435761252032 2.41828002413471 -0.12314173460146506
v 0.29764918550234226 2.42496764984285 -0.1610691446964475
v 0.26945607765555246 2.4066967166262074 -0.05744953331745467
v 0.33616168703269145 2.4133843423343473 -0.09537694341243713
v 0.2694560776555524 2.4825515368161724 -0.04407428190117464
v 0.33616168703269145 2.489239162524312 -0.0820016919961571
v 0.2309435761252032 2.41828002413471 -0.12314173460146506
v 0.29764918550234226 2.42496764984285 -0.1610691446964475
v 0.26945607765555246 2.4066967166262074 -0.05744953331745467
v 0.33616168703269145 2.4133843423343473 -0.09537694341243713
v 0.2976491855023422 2.5008224700328148 -0.1476938932801675
v 0.2309435761252032 2.494134844324675 -0.10976648318518503
v 0.33616168703269145 2.489239162524312 -0.0820016919961571
v 0.2694560776555524 2.4825515368161724 -0.04407428190117464
vt 0.1875 0.375
vt 0.25 0.375
vt 0.1875 0.3125
vt 0.25 0.3125
vt 0.1875 0.375
vt 0.25 0.375
vt 0.1875 0.3125
vt 0.25 0.3125
vt 0.1875 0.375
vt 0.25 0.375
vt 0.1875 0.3125
vt 0.25 0.3125
vt 0.1875 0.375
vt 0.25 0.375
vt 0.1875 0.3125
vt 0.25 0.3125
vt 0.1875 0.375
vt 0.25 0.375
vt 0.1875 0.3125
vt 0.25 0.3125
vt 0.1875 0.375
vt 0.25 0.375
vt 0.1875 0.3125
vt 0.25 0.3125
vn 0.8660254037844386 0.0868240888334652 -0.49240387650610384
vn 0.8660254037844386 0.0868240888334652 -0.49240387650610384
vn 0.8660254037844386 0.0868240888334652 -0.49240387650610384
vn 0.8660254037844386 0.0868240888334652 -0.49240387650610384
vn -0.8660254037844386 -0.0868240888334652 0.49240387650610384
vn -0.8660254037844386 -0.0868240888334652 0.49240387650610384
vn -0.8660254037844386 -0.0868240888334652 0.49240387650610384
vn -0.8660254037844386 -0.0868240888334652 0.49240387650610384
vn -0.4999999999999999 0.15038373318043533 -0.8528685319524433
vn -0.4999999999999999 0.15038373318043533 -0.8528685319524433
vn -0.4999999999999999 0.15038373318043533 -0.8528685319524433
vn -0.4999999999999999 0.15038373318043533 -0.8528685319524433
vn 0.4999999999999999 -0.15038373318043533 0.8528685319524433
vn 0.4999999999999999 -0.15038373318043533 0.8528685319524433
vn 0.4999999999999999 -0.15038373318043533 0.8528685319524433
vn 0.4999999999999999 -0.15038373318043533 0.8528685319524433
vn 2.6315362159975606e-17 -0.9848077530122079 -0.17364817766693044
vn 2.6315362159975606e-17 -0.9848077530122079 -0.17364817766693044
vn 2.6315362159975606e-17 -0.9848077530122079 -0.17364817766693044
vn 2.6315362159975606e-17 -0.9848077530122079 -0.17364817766693044
vn -2.6315362159975606e-17 0.9848077530122079 0.17364817766693044
vn -2.6315362159975606e-17 0.9848077530122079 0.17364817766693044
vn -2.6315362159975606e-17 0.9848077530122079 0.17364817766693044
vn -2.6315362159975606e-17 0.9848077530122079 0.17364817766693044
f 6553/6553/6553 6555/6555/6555 6554/6554/6554
f 6555/6555/6555 6556/6556/6556 6554/6554/6554
f 6557/6557/6557 6559/6559/6559 6558/6558/6558
f 6559/6559/6559 6560/6560/6560 6558/6558/6558
f 6561/6561/6561 6563/6563/6563 6562/6562/6562
f 6563/6563/6563 6564/6564/6564 6562/6562/6562
f 6565/6565/6565 6567/6567/6567 6566/6566/6566
f 6567/6567/6567 6568/6568/6568 6566/6566/6566
f 6569/6569/6569 6571/6571/6571 6570/6570/6570
f 6571/6571/6571 6572/6572/6572 6570/6570/6570
f 6573/6573/6573 6575/6575/6575 6574/6574/6574
f 6575/6575/6575 6576/6576/6576 6574/6574/6574
o flower_0_petal_0_143_back
usemtl toxic_petal
v 0.27733528697332577 2.347116666008218 -0.2211604478900856
v 0.2697012108285351 2.3648399783823555 -0.23146193752052974
v 0.33552039066880657 2.4413139243014332 -0.10221668680596432
v 0.3278863145240159 2.4590372366755706 -0.11251817643640846
v 0.19392398928787513 2.3572428707388053 -0.18837659905998458
v 0.2015580654326658 2.339519558364668 -0.17807510942954044
v 0.25210909298335593 2.4514401290320205 -0.0694328379758633
v 0.2597431691281466 2.433716816657883 -0.059131348345419166
v 0.19392398928787513 2.3572428707388053 -0.18837659905998458
v 0.2697012108285351 2.3648399783823555 -0.23146193752052974
v 0.2015580654326658 2.339519558364668 -0.17807510942954044
v 0.27733528697332577 2.347116666008218 -0.2211604478900856
v 0.2597431691281466 2.433716816657883 -0.059131348345419166
v 0.33552039066880657 2.4413139243014332 -0.10221668680596432
v 0.25210909298335593 2.4514401290320205 -0.0694328379758633
v 0.3278863145240159 2.4590372366755706 -0.11251817643640846
v 0.2015580654326658 2.339519558364668 -0.17807510942954044
v 0.27733528697332577 2.347116666008218 -0.2211604478900856
v 0.2597431691281466 2.433716816657883 -0.059131348345419166
v 0.33552039066880657 2.4413139243014332 -0.10221668680596432
v 0.2697012108285351 2.3648399783823555 -0.23146193752052974
v 0.19392398928787513 2.3572428707388053 -0.18837659905998458
v 0.3278863145240159 2.4590372366755706 -0.11251817643640846
v 0.25210909298335593 2.4514401290320205 -0.0694328379758633
vt 0.5 0.5
vt 0.5625 0.5
vt 0.5 0.3125
vt 0.5625 0.3125
vt 0.5 0.5
vt 0.5625 0.5
vt 0.5 0.3125
vt 0.5625 0.3125
vt 0.5 0.375
vt 0.5625 0.375
vt 0.5 0.3125
vt 0.5625 0.3125
vt 0.5 0.375
vt 0.5625 0.375
vt 0.5 0.3125
vt 0.5625 0.3125
vt 0.5 0.5
vt 0.5625 0.5
vt 0.5 0.3125
vt 0.5625 0.3125
vt 0.5 0.5
vt 0.5625 0.5
vt 0.5 0.3125
vt 0.5625 0.3125
vn 0.8660254037844388 0.0868240888334652 -0.49240387650610395
vn 0.8660254037844388 0.0868240888334652 -0.49240387650610395
vn 0.8660254037844388 0.0868240888334652 -0.49240387650610395
vn 0.8660254037844388 0.0868240888334652 -0.49240387650610395
vn -0.8660254037844388 -0.0868240888334652 0.49240387650610395
vn -0.8660254037844388 -0.0868240888334652 0.49240387650610395
vn -0.8660254037844388 -0.0868240888334652 0.49240387650610395
vn -0.8660254037844388 -0.0868240888334652 0.49240387650610395
vn -0.35806218972121706 -0.5796754569129243 -0.7319616335197083
vn -0.35806218972121706 -0.5796754569129243 -0.7319616335197083
vn -0.35806218972121706 -0.5796754569129243 -0.7319616335197083
vn -0.35806218972121706 -0.5796754569129243 -0.7319616335197083
vn 0.35806218972121706 0.5796754569129243 0.7319616335197083
vn 0.35806218972121706 0.5796754569129243 0.7319616335197083
vn 0.35806218972121706 0.5796754569129243 0.7319616335197083
vn 0.35806218972121706 0.5796754569129243 0.7319616335197083
vn 0.34898634399077433 -0.8102085794726139 0.4709252482686841
vn 0.34898634399077433 -0.8102085794726139 0.4709252482686841
vn 0.34898634399077433 -0.8102085794726139 0.4709252482686841
vn 0.34898634399077433 -0.8102085794726139 0.4709252482686841
vn -0.34898634399077433 0.8102085794726139 -0.4709252482686841
vn -0.34898634399077433 0.8102085794726139 -0.4709252482686841
vn -0.34898634399077433 0.8102085794726139 -0.4709252482686841
vn -0.34898634399077433 0.8102085794726139 -0.4709252482686841
f 6577/6577/6577 6579/6579/6579 6578/6578/6578
f 6579/6579/6579 6580/6580/6580 6578/6578/6578
f 6581/6581/6581 6583/6583/6583 6582/6582/6582
f 6583/6583/6583 6584/6584/6584 6582/6582/6582
f 6585/6585/6585 6587/6587/6587 6586/6586/6586
f 6587/6587/6587 6588/6588/6588 6586/6586/6586
f 6589/6589/6589 6591/6591/6591 6590/6590/6590
f 6591/6591/6591 6592/6592/6592 6590/6590/6590
f 6593/6593/6593 6595/6595/6595 6594/6594/6594
f 6595/6595/6595 6596/6596/6596 6594/6594/6594
f 6597/6597/6597 6599/6599/6599 6598/6598/6598
f 6599/6599/6599 6600/6600/6600 6598/6598/6598
o flower_0_petal_1_144_back
usemtl toxic_petal
v 0.35586390992749406 2.4824370562934637 -0.2452048141788228
v 0.33468044380884515 2.488388613885556 -0.25020247609124413
v 0.3195215833716227 2.490328612473784 -0.08176368737161988
v 0.29833811725297377 2.4962801700658765 -0.08676134928404122
v 0.31052637641512465 2.4014323189124025 -0.25137473011080913
v 0.33170984253377356 2.39548076132031 -0.24637706819838778
v 0.27418404985925326 2.409323875092723 -0.0879336033036062
v 0.2953675159779022 2.4033723175006303 -0.08293594139118485
v 0.31052637641512465 2.4014323189124025 -0.25137473011080913
v 0.33468044380884515 2.488388613885556 -0.25020247609124413
v 0.33170984253377356 2.39548076132031 -0.24637706819838778
v 0.35586390992749406 2.4824370562934637 -0.2452048141788228
v 0.2953675159779022 2.4033723175006303 -0.08293594139118485
v 0.3195215833716227 2.490328612473784 -0.08176368737161988
v 0.27418404985925326 2.409323875092723 -0.0879336033036062
v 0.29833811725297377 2.4962801700658765 -0.08676134928404122
v 0.33170984253377356 2.39548076132031 -0.24637706819838778
v 0.35586390992749406 2.4824370562934637 -0.2452048141788228
v 0.2953675159779022 2.4033723175006303 -0.08293594139118485
v 0.3195215833716227 2.490328612473784 -0.08176368737161988
v 0.33468044380884515 2.488388613885556 -0.25020247609124413
v 0.31052637641512465 2.4014323189124025 -0.25137473011080913
v 0.29833811725297377 2.4962801700658765 -0.08676134928404122
v 0.27418404985925326 2.409323875092723 -0.0879336033036062
vt 0.5 0.5
vt 0.5625 0.5
vt 0.5 0.3125
vt 0.5625 0.3125
vt 0.5 0.5
vt 0.5625 0.5
vt 0.5 0.3125
vt 0.5625 0.3125
vt 0.5 0.375
vt 0.5625 0.375
vt 0.5 0.3125
vt 0.5625 0.3125
vt 0.5 0.375
vt 0.5625 0.375
vt 0.5 0.3125
vt 0.5625 0.3125
vt 0.5 0.5
vt 0.5625 0.5
vt 0.5 0.3125
vt 0.5625 0.3125
vt 0.5 0.5
vt 0.5625 0.5
vt 0.5 0.3125
vt 0.5625 0.3125
vn 0.26761656732981737 0.9634379497709095 0.01298806497642373
vn 0.26761656732981737 0.9634379497709095 0.01298806497642373
vn 0.26761656732981737 0.9634379497709095 0.01298806497642373
vn 0.26761656732981737 0.9634379497709095 0.01298806497642373
vn -0.26761656732981737 -0.9634379497709095 -0.01298806497642373
vn -0.26761656732981737 -0.9634379497709095 -0.01298806497642373
vn -0.26761656732981737 -0.9634379497709095 -0.01298806497642373
vn -0.26761656732981737 -0.9634379497709095 -0.01298806497642373
vn 0.2168154093077296 -0.047080392078933955 -0.9750766713281656
vn 0.2168154093077296 -0.047080392078933955 -0.9750766713281656
vn 0.2168154093077296 -0.047080392078933955 -0.9750766713281656
vn 0.2168154093077296 -0.047080392078933955 -0.9750766713281656
vn -0.2168154093077296 0.047080392078933955 0.9750766713281656
vn -0.2168154093077296 0.047080392078933955 0.9750766713281656
vn -0.2168154093077296 0.047080392078933955 0.9750766713281656
vn -0.2168154093077296 0.047080392078933955 0.9750766713281656
vn 0.9388143859024141 -0.26376268428820693 0.22148768633888577
vn 0.9388143859024141 -0.26376268428820693 0.22148768633888577
vn 0.9388143859024141 -0.26376268428820693 0.22148768633888577
vn 0.9388143859024141 -0.26376268428820693 0.22148768633888577
vn -0.9388143859024141 0.26376268428820693 -0.22148768633888577
vn -0.9388143859024141 0.26376268428820693 -0.22148768633888577
vn -0.9388143859024141 0.26376268428820693 -0.22148768633888577
vn -0.9388143859024141 0.26376268428820693 -0.22148768633888577
f 6601/6601/6601 6603/6603/6603 6602/6602/6602
f 6603/6603/6603 6604/6604/6604 6602/6602/6602
f 6605/6605/6605 6607/6607/6607 6606/6606/6606
f 6607/6607/6607 6608/6608/6608 6606/6606/6606
f 6609/6609/6609 6611/6611/6611 6610/6610/6610
f 6611/6611/6611 6612/6612/6612 6610/6610/6610
f 6613/6613/6613 6615/6615/6615 6614/6614/6614
f 6615/6615/6615 6616/6616/6616 6614/6614/6614
f 6617/6617/6617 6619/6619/6619 6618/6618/6618
f 6619/6619/6619 6620/6620/6620 6618/6618/6618
f 6621/6621/6621 6623/6623/6623 6622/6622/6622
f 6623/6623/6623 6624/6624/6624 6622/6622/6622
o flower_0_petal_2_145_back
usemtl toxic_petal
v 0.27263324816321877 2.5961494418632336 -0.17475937103496506
v 0.25695475863742756 2.5851157450447464 -0.18549596452771755
v 0.27308512026118076 2.4819843880030694 -0.05809500067858385
v 0.25740663073538955 2.470950691184582 -0.06883159417133634
v 0.3185356914203949 2.5404118146747265 -0.2294807158967096
v 0.3342141809461861 2.5514455114932137 -0.21874412240395713
v 0.3189875635183569 2.4262467608145624 -0.1128163455403284
v 0.3346660530441481 2.4372804576330496 -0.10207975204757591
v 0.3185356914203949 2.5404118146747265 -0.2294807158967096
v 0.25695475863742756 2.5851157450447464 -0.18549596452771755
v 0.3342141809461861 2.5514455114932137 -0.21874412240395713
v 0.27263324816321877 2.5961494418632336 -0.17475937103496506
v 0.3346660530441481 2.4372804576330496 -0.10207975204757591
v 0.27308512026118076 2.4819843880030694 -0.05809500067858385
v 0.3189875635183569 2.4262467608145624 -0.1128163455403284
v 0.25740663073538955 2.470950691184582 -0.06883159417133634
v 0.3342141809461861 2.5514455114932137 -0.21874412240395713
v 0.27263324816321877 2.5961494418632336 -0.17475937103496506
v 0.3346660530441481 2.4372804576330496 -0.10207975204757591
v 0.27308512026118076 2.4819843880030694 -0.05809500067858385
v 0.25695475863742756 2.5851157450447464 -0.18549596452771755
v 0.3185356914203949 2.5404118146747265 -0.2294807158967096
v 0.25740663073538955 2.470950691184582 -0.06883159417133634
v 0.3189875635183569 2.4262467608145624 -0.1128163455403284
vt 0.5 0.5
vt 0.5625 0.5
vt 0.5 0.3125
vt 0.5625 0.3125
vt 0.5 0.5
vt 0.5625 0.5
vt 0.5 0.3125
vt 0.5625 0.3125
vt 0.5 0.375
vt 0.5625 0.375
vt 0.5 0.3125
vt 0.5625 0.3125
vt 0.5 0.375
vt 0.5625 0.375
vt 0.5 0.3125
vt 0.5625 0.3125
vt 0.5 0.5
vt 0.5625 0.5
vt 0.5 0.3125
vt 0.5625 0.3125
vt 0.5 0.5
vt 0.5625 0.5
vt 0.5 0.3125
vt 0.5625 0.3125
vn -0.7006292692220368 0.5086133101764708 0.5004309421096258
vn -0.7006292692220368 0.5086133101764708 0.5004309421096258
vn -0.7006292692220368 0.5086133101764708 0.5004309421096258
vn -0.7006292692220368 0.5086133101764708 0.5004309421096258
vn 0.7006292692220368 -0.5086133101764708 -0.5004309421096258
vn 0.7006292692220368 -0.5086133101764708 -0.5004309421096258
vn 0.7006292692220368 -0.5086133101764708 -0.5004309421096258
vn 0.7006292692220368 -0.5086133101764708 -0.5004309421096258
vn -0.002768294150394704 0.6994068724445447 -0.7147183804302483
vn -0.002768294150394704 0.6994068724445447 -0.7147183804302483
vn -0.002768294150394704 0.6994068724445447 -0.7147183804302483
vn -0.002768294150394704 0.6994068724445447 -0.7147183804302483
vn 0.002768294150394704 -0.6994068724445447 0.7147183804302483
vn 0.002768294150394704 -0.6994068724445447 0.7147183804302483
vn 0.002768294150394704 -0.6994068724445447 0.7147183804302483
vn 0.002768294150394704 -0.6994068724445447 0.7147183804302483
vn 0.7135201214099651 0.5021379566301211 0.48861693467831735
vn 0.7135201214099651 0.5021379566301211 0.48861693467831735
vn 0.7135201214099651 0.5021379566301211 0.48861693467831735
vn 0.7135201214099651 0.5021379566301211 0.48861693467831735
vn -0.7135201214099651 -0.5021379566301211 -0.48861693467831735
vn -0.7135201214099651 -0.5021379566301211 -0.48861693467831735
vn -0.7135201214099651 -0.5021379566301211 -0.48861693467831735
vn -0.7135201214099651 -0.5021379566301211 -0.48861693467831735
f 6625/6625/6625 6627/6627/6627 6626/6626/6626
f 6627/6627/6627 6628/6628/6628 6626/6626/6626
f 6629/6629/6629 6631/6631/6631 6630/6630/6630
f 6631/6631/6631 6632/6632/6632 6630/6630/6630
f 6633/6633/6633 6635/6635/6635 6634/6634/6634
f 6635/6635/6635 6636/6636/6636 6634/6634/6634
f 6637/6637/6637 6639/6639/6639 6638/6638/6638
f 6639/6639/6639 6640/6640/6640 6638/6638/6638
f 6641/6641/6641 6643/6643/6643 6642/6642/6642
f 6643/6643/6643 6644/6644/6644 6642/6642/6642
f 6645/6645/6645 6647/6647/6647 6646/6646/6646
f 6647/6647/6647 6648/6648/6648 6646/6646/6646
o flower_0_petal_3_146_back
usemtl toxic_petal
v 0.14165503490021553 2.533281711863627 -0.11092483700062679
v 0.14200737860428664 2.5235584867525445 -0.13139246109602892
v 0.2617485274541272 2.4275299175795007 -0.05861966065301171
v 0.2621008711581983 2.4178066924684183 -0.07908728474841387
v 0.20551942077766064 2.582399186540125 -0.15825162652594627
v 0.20516707707358953 2.592122411651207 -0.13778400243054412
v 0.3256129133315723 2.4766473922559986 -0.1059464501783312
v 0.32526056962750116 2.486370617367081 -0.08547882608292905
v 0.20551942077766064 2.582399186540125 -0.15825162652594627
v 0.14200737860428664 2.5235584867525445 -0.13139246109602892
v 0.20516707707358953 2.592122411651207 -0.13778400243054412
v 0.14165503490021553 2.533281711863627 -0.11092483700062679
v 0.32526056962750116 2.486370617367081 -0.08547882608292905
v 0.2617485274541272 2.4275299175795007 -0.05861966065301171
v 0.3256129133315723 2.4766473922559986 -0.1059464501783312
v 0.2621008711581983 2.4178066924684183 -0.07908728474841387
v 0.20516707707358953 2.592122411651207 -0.13778400243054412
v 0.14165503490021553 2.533281711863627 -0.11092483700062679
v 0.32526056962750116 2.486370617367081 -0.08547882608292905
v 0.2617485274541272 2.4275299175795007 -0.05861966065301171
v 0.14200737860428664 2.5235584867525445 -0.13139246109602892
v 0.20551942077766064 2.582399186540125 -0.15825162652594627
v 0.2621008711581983 2.4178066924684183 -0.07908728474841387
v 0.3256129133315723 2.4766473922559986 -0.1059464501783312
vt 0.5 0.5
vt 0.5625 0.5
vt 0.5 0.3125
vt 0.5625 0.3125
vt 0.5 0.5
vt 0.5625 0.5
vt 0.5 0.3125
vt 0.5625 0.3125
vt 0.5 0.375
vt 0.5625 0.375
vt 0.5 0.3125
vt 0.5625 0.3125
vt 0.5 0.375
vt 0.5625 0.375
vt 0.5 0.3125
vt 0.5625 0.3125
vt 0.5 0.5
vt 0.5625 0.5
vt 0.5 0.3125
vt 0.5625 0.3125
vt 0.5 0.5
vt 0.5625 0.5
vt 0.5 0.3125
vt 0.5625 0.3125
vn -0.7006292692220367 -0.6490976369512576 0.2962952662694562
vn -0.7006292692220367 -0.6490976369512576 0.2962952662694562
vn -0.7006292692220367 -0.6490976369512576 0.2962952662694562
vn -0.7006292692220367 -0.6490976369512576 0.2962952662694562
vn 0.7006292692220367 0.6490976369512576 -0.2962952662694562
vn 0.7006292692220367 0.6490976369512576 -0.2962952662694562
vn 0.7006292692220367 0.6490976369512576 -0.2962952662694562
vn 0.7006292692220367 0.6490976369512576 -0.2962952662694562
vn -0.7133560852920395 0.6281663092549982 -0.31069306959404586
vn -0.7133560852920395 0.6281663092549982 -0.31069306959404586
vn -0.7133560852920395 0.6281663092549982 -0.31069306959404586
vn -0.7133560852920395 0.6281663092549982 -0.31069306959404586
vn 0.7133560852920395 -0.6281663092549982 0.31069306959404586
vn 0.7133560852920395 -0.6281663092549982 0.31069306959404586
vn 0.7133560852920395 -0.6281663092549982 0.31069306959404586
vn 0.7133560852920395 -0.6281663092549982 0.31069306959404586
vn -0.015547433428416373 0.42904468953856945 0.903149451471096
vn -0.015547433428416373 0.42904468953856945 0.903149451471096
vn -0.015547433428416373 0.42904468953856945 0.903149451471096
vn -0.015547433428416373 0.42904468953856945 0.903149451471096
vn 0.015547433428416373 -0.42904468953856945 -0.903149451471096
vn 0.015547433428416373 -0.42904468953856945 -0.903149451471096
vn 0.015547433428416373 -0.42904468953856945 -0.903149451471096
vn 0.015547433428416373 -0.42904468953856945 -0.903149451471096
f 6649/6649/6649 6651/6651/6651 6650/6650/6650
f 6651/6651/6651 6652/6652/6652 6650/6650/6650
f 6653/6653/6653 6655/6655/6655 6654/6654/6654
f 6655/6655/6655 6656/6656/6656 6654/6654/6654
f 6657/6657/6657 6659/6659/6659 6658/6658/6658
f 6659/6659/6659 6660/6660/6660 6658/6658/6658
f 6661/6661/6661 6663/6663/6663 6662/6662/6662
f 6663/6663/6663 6664/6664/6664 6662/6662/6662
f 6665/6665/6665 6667/6667/6667 6666/6666/6666
f 6667/6667/6667 6668/6668/6668 6666/6666/6666
f 6669/6669/6669 6671/6671/6671 6670/6670/6670
f 6671/6671/6671 6672/6672/6672 6670/6670/6670
o flower_0_petal_4_147_back
usemtl toxic_petal
v 0.14709251757473102 2.378107652835985 -0.139873633864085
v 0.1524083453355001 2.3865397727494164 -0.15956650004466252
v 0.30005965207687846 2.4047269710632757 -0.08718428870408518
v 0.3053754798376475 2.4131590909767078 -0.10687715488466272
v 0.12878114804973764 2.466861771114696 -0.13155195885990578
v 0.12346532028896856 2.4584296512012638 -0.11185909267932824
v 0.28174828255188505 2.4934810893419868 -0.07886261369990596
v 0.27643245479111594 2.485048969428555 -0.05916974751932843
v 0.12878114804973764 2.466861771114696 -0.13155195885990578
v 0.1524083453355001 2.3865397727494164 -0.15956650004466252
v 0.12346532028896856 2.4584296512012638 -0.11185909267932824
v 0.14709251757473102 2.378107652835985 -0.139873633864085
v 0.27643245479111594 2.485048969428555 -0.05916974751932843
v 0.30005965207687846 2.4047269710632757 -0.08718428870408518
v 0.28174828255188505 2.4934810893419868 -0.07886261369990596
v 0.3053754798376475 2.4131590909767078 -0.10687715488466272
v 0.12346532028896856 2.4584296512012638 -0.11185909267932824
v 0.14709251757473102 2.378107652835985 -0.139873633864085
v 0.27643245479111594 2.485048969428555 -0.05916974751932843
v 0.30005965207687846 2.4047269710632757 -0.08718428870408518
v 0.1524083453355001 2.3865397727494164 -0.15956650004466252
v 0.12878114804973764 2.466861771114696 -0.13155195885990578
v 0.3053754798376475 2.4131590909767078 -0.10687715488466272
v 0.28174828255188505 2.4934810893419868 -0.07886261369990596
vt 0.5 0.5
vt 0.5625 0.5
vt 0.5 0.3125
vt 0.5625 0.3125
vt 0.5 0.5
vt 0.5625 0.5
vt 0.5 0.3125
vt 0.5625 0.3125
vt 0.5 0.375
vt 0.5625 0.375
vt 0.5 0.3125
vt 0.5625 0.3125
vt 0.5 0.375
vt 0.5625 0.375
vt 0.5 0.3125
vt 0.5625 0.3125
vt 0.5 0.5
vt 0.5625 0.5
vt 0.5 0.3125
vt 0.5625 0.3125
vt 0.5 0.5
vt 0.5625 0.5
vt 0.5 0.3125
vt 0.5625 0.3125
vn 0.2676165673298173 -0.9097777118295879 -0.31731039684940165
vn 0.2676165673298173 -0.9097777118295879 -0.31731039684940165
vn 0.2676165673298173 -0.9097777118295879 -0.31731039684940165
vn 0.2676165673298173 -0.9097777118295879 -0.31731039684940165
vn -0.2676165673298173 0.9097777118295879 0.31731039684940165
vn -0.2676165673298173 0.9097777118295879 0.31731039684940165
vn -0.2676165673298173 0.9097777118295879 0.31731039684940165
vn -0.2676165673298173 0.9097777118295879 0.31731039684940165
vn -0.9329397887501637 -0.16235004469730502 -0.3213499860799484
vn -0.9329397887501637 -0.16235004469730502 -0.3213499860799484
vn -0.9329397887501637 -0.16235004469730502 -0.3213499860799484
vn -0.9329397887501637 -0.16235004469730502 -0.3213499860799484
vn 0.9329397887501637 0.16235004469730502 0.3213499860799484
vn 0.9329397887501637 0.16235004469730502 0.3213499860799484
vn 0.9329397887501637 0.16235004469730502 0.3213499860799484
vn 0.9329397887501637 0.16235004469730502 0.3213499860799484
vn -0.24084169792086554 -0.38203007479111173 0.8922153879516382
vn -0.24084169792086554 -0.38203007479111173 0.8922153879516382
vn -0.24084169792086554 -0.38203007479111173 0.8922153879516382
vn -0.24084169792086554 -0.38203007479111173 0.8922153879516382
vn 0.24084169792086554 0.38203007479111173 -0.8922153879516382
vn 0.24084169792086554 0.38203007479111173 -0.8922153879516382
vn 0.24084169792086554 0.38203007479111173 -0.8922153879516382
vn 0.24084169792086554 0.38203007479111173 -0.8922153879516382
f 6673/6673/6673 6675/6675/6675 6674/6674/6674
f 6675/6675/6675 6676/6676/6676 6674/6674/6674
f 6677/6677/6677 6679/6679/6679 6678/6678/6678
f 6679/6679/6679 6680/6680/6680 6678/6678/6678
f 6681/6681/6681 6683/6683/6683 6682/6682/6682
f 6683/6683/6683 6684/6684/6684 6682/6682/6682
f 6685/6685/6685 6687/6687/6687 6686/6686/6686
f 6687/6687/6687 6688/6688/6688 6686/6686/6686
f 6689/6689/6689 6691/6691/6691 6690/6690/6690
f 6691/6691/6691 6692/6692/6692 6690/6690/6690
f 6693/6693/6693 6695/6695/6695 6694/6694/6694
f 6695/6695/6695 6696/6696/6696 6694/6694/6694
