mtllib gravebite.mtl
o haft_1
usemtl grave_iron
v 0.13216093442589047 -0.48567813114821906 0.13216093442589047
v 0.13216093442589047 -0.48567813114821906 -0.13216093442589047
v 0.13216093442589047 -1.014321868851781 0.13216093442589047
v 0.13216093442589047 -1.014321868851781 -0.13216093442589047
v -0.13216093442589047 -0.48567813114821906 -0.13216093442589047
v -0.13216093442589047 -0.48567813114821906 0.13216093442589047
v -0.13216093442589047 -1.014321868851781 -0.13216093442589047
v -0.13216093442589047 -1.014321868851781 0.13216093442589047
v -0.13216093442589047 -0.48567813114821906 -0.13216093442589047
v 0.13216093442589047 -0.48567813114821906 -0.13216093442589047
v -0.13216093442589047 -0.48567813114821906 0.13216093442589047
v 0.13216093442589047 -0.48567813114821906 0.13216093442589047
v -0.13216093442589047 -1.014321868851781 0.13216093442589047
v 0.13216093442589047 -1.014321868851781 0.13216093442589047
v -0.13216093442589047 -1.014321868851781 -0.13216093442589047
v 0.13216093442589047 -1.014321868851781 -0.13216093442589047
v -0.13216093442589047 -0.48567813114821906 0.13216093442589047
v 0.13216093442589047 -0.48567813114821906 0.13216093442589047
v -0.13216093442589047 -1.014321868851781 0.13216093442589047
v 0.13216093442589047 -1.014321868851781 0.13216093442589047
v 0.13216093442589047 -0.48567813114821906 -0.13216093442589047
v -0.13216093442589047 -0.48567813114821906 -0.13216093442589047
v 0.13216093442589047 -1.014321868851781 -0.13216093442589047
v -0.13216093442589047 -1.014321868851781 -0.13216093442589047
vt 0.6875 1.375
vt 0.9375 1.375
vt 0.6875 0.875
vt 0.9375 0.875
vt 0.6875 1.375
vt 0.9375 1.375
vt 0.6875 0.875
vt 0.9375 0.875
vt 0.6875 1.125
vt 0.9375 1.125
vt 0.6875 0.875
vt 0.9375 0.875
vt 0.6875 1.125
vt 0.9375 1.125
vt 0.6875 0.875
vt 0.9375 0.875
vt 0.6875 1.375
vt 0.9375 1.375
vt 0.6875 0.875
vt 0.9375 0.875
vt 0.6875 1.375
vt 0.9375 1.375
vt 0.6875 0.875
vt 0.9375 0.875
vn 1 0 0
vn 1 0 0
vn 1 0 0
vn 1 0 0
vn -1 0 0
vn -1 0 0
vn -1 0 0
vn -1 0 0
vn 0 1 0
vn 0 1 0
vn 0 1 0
vn 0 1 0
vn 0 -1 0
vn 0 -1 0
vn 0 -1 0
vn 0 -1 0
vn 0 0 1
vn 0 0 1
vn 0 0 1
vn 0 0 1
vn 0 0 -1
vn 0 0 -1
vn 0 0 -1
vn 0 0 -1
f 1/1/1 3/3/3 2/2/2
f 3/3/3 4/4/4 2/2/2
f 5/5/5 7/7/7 6/6/6
f 7/7/7 8/8/8 6/6/6
f 9/9/9 11/11/11 10/10/10
f 11/11/11 12/12/12 10/10/10
f 13/13/13 15/15/15 14/14/14
f 15/15/15 16/16/16 14/14/14
f 17/17/17 19/19/19 18/18/18
f 19/19/19 20/20/20 18/18/18
f 21/21/21 23/23/23 22/22/22
f 23/23/23 24/24/24 22/22/22
o haft_2
usemtl coffin_wood
v 0.13292260963334723 0.013293218736171508 0.08787576467588744
v 0.07117647434185714 0.013293218736171508 -0.14256394940297534
v 0.15894743011769463 -0.5008074952319129 0.08090243504394161
v 0.09720129482620454 -0.5008074952319129 -0.14953727903492114
v -0.15894743011769463 0.0008074952319129247 -0.08090243504394161
v -0.09720129482620454 0.0008074952319129247 0.14953727903492114
v -0.13292260963334723 -0.5132932187361715 -0.08787576467588744
v -0.07117647434185714 -0.5132932187361715 0.14256394940297534
v -0.15894743011769463 0.0008074952319129247 -0.08090243504394161
v 0.07117647434185714 0.013293218736171508 -0.14256394940297534
v -0.09720129482620454 0.0008074952319129247 0.14953727903492114
v 0.13292260963334723 0.013293218736171508 0.08787576467588744
v -0.07117647434185714 -0.5132932187361715 0.14256394940297534
v 0.15894743011769463 -0.5008074952319129 0.08090243504394161
v -0.13292260963334723 -0.5132932187361715 -0.08787576467588744
v 0.09720129482620454 -0.5008074952319129 -0.14953727903492114
v -0.09720129482620454 0.0008074952319129247 0.14953727903492114
v 0.13292260963334723 0.013293218736171508 0.08787576467588744
v -0.07117647434185714 -0.5132932187361715 0.14256394940297534
v 0.15894743011769463 -0.5008074952319129 0.08090243504394161
v 0.07117647434185714 0.013293218736171508 -0.14256394940297534
v -0.15894743011769463 0.0008074952319129247 -0.08090243504394161
v 0.09720129482620454 -0.5008074952319129 -0.14953727903492114
v -0.13292260963334723 -0.5132932187361715 -0.08787576467588744
vt 0.5 0.875
vt 0.75 0.875
vt 0.5 0.375
vt 0.75 0.375
vt 0.5 0.875
vt 0.75 0.875
vt 0.5 0.375
vt 0.75 0.375
vt 0.5 0.625
vt 0.75 0.625
vt 0.5 0.375
vt 0.75 0.375
vt 0.5 0.625
vt 0.75 0.625
vt 0.5 0.375
vt 0.75 0.375
vt 0.5 0.875
vt 0.75 0.875
vt 0.5 0.375
vt 0.75 0.375
vt 0.5 0.875
vt 0.75 0.875
vt 0.5 0.375
vt 0.75 0.375
vn 0.9646020585144796 0.05233595624294382 -0.25846434259635337
vn 0.9646020585144796 0.05233595624294382 -0.25846434259635337
vn 0.9646020585144796 0.05233595624294382 -0.25846434259635337
vn 0.9646020585144796 0.05233595624294382 -0.25846434259635337
vn -0.9646020585144796 -0.05233595624294382 0.25846434259635337
vn -0.9646020585144796 -0.05233595624294382 0.25846434259635337
vn -0.9646020585144796 -0.05233595624294382 0.25846434259635337
vn -0.9646020585144796 -0.05233595624294382 0.25846434259635337
vn -0.05055265177859404 0.9986295347545737 0.013545542219326032
vn -0.05055265177859404 0.9986295347545737 0.013545542219326032
vn -0.05055265177859404 0.9986295347545737 0.013545542219326032
vn -0.05055265177859404 0.9986295347545737 0.013545542219326032
vn 0.05055265177859404 -0.9986295347545737 -0.013545542219326032
vn 0.05055265177859404 -0.9986295347545737 -0.013545542219326032
vn 0.05055265177859404 -0.9986295347545737 -0.013545542219326032
vn 0.05055265177859404 -0.9986295347545737 -0.013545542219326032
vn 0.2588190451025207 -1.7192157203750938e-18 0.9659258262890683
vn 0.2588190451025207 -1.7192157203750938e-18 0.9659258262890683
vn 0.2588190451025207 -1.7192157203750938e-18 0.9659258262890683
vn 0.2588190451025207 -1.7192157203750938e-18 0.9659258262890683
vn -0.2588190451025207 1.7192157203750938e-18 -0.9659258262890683
vn -0.2588190451025207 1.7192157203750938e-18 -0.9659258262890683
vn -0.2588190451025207 1.7192157203750938e-18 -0.9659258262890683
vn -0.2588190451025207 1.7192157203750938e-18 -0.9659258262890683
f 25/25/25 27/27/27 26/26/26
f 27/27/27 28/28/28 26/26/26
f 29/29/29 31/31/31 30/30/30
f 31/31/31 32/32/32 30/30/30
f 33/33/33 35/35/35 34/34/34
f 35/35/35 36/36/36 34/34/34
f 37/37/37 39/39/39 38/38/38
f 39/39/39 40/40/40 38/38/38
f 41/41/41 43/43/43 42/42/42
f 43/43/43 44/44/44 42/42/42
f 45/45/45 47/47/47 46/46/46
f 47/47/47 48/48/48 46/46/46
o haft_3
usemtl grave_iron
v 0.18927644250356432 0.5106808017958196 0.04399325411726661
v 0.05653894559108491 0.5106808017958196 -0.18591483460466468
v 0.17322908933510564 -0.019945745467410236 0.05325819778885722
v 0.04049159242262623 -0.019945745467410236 -0.1766498909330741
v -0.17322908933510564 0.5199457454674102 -0.05325819778885722
v -0.04049159242262623 0.5199457454674102 0.1766498909330741
v -0.18927644250356432 -0.01068080179581965 -0.04399325411726661
v -0.05653894559108491 -0.01068080179581965 0.18591483460466468
v -0.17322908933510564 0.5199457454674102 -0.05325819778885722
v 0.05653894559108491 0.5106808017958196 -0.18591483460466468
v -0.04049159242262623 0.5199457454674102 0.1766498909330741
v 0.18927644250356432 0.5106808017958196 0.04399325411726661
v -0.05653894559108491 -0.01068080179581965 0.18591483460466468
v 0.17322908933510564 -0.019945745467410236 0.05325819778885722
v -0.18927644250356432 -0.01068080179581965 -0.04399325411726661
v 0.04049159242262623 -0.019945745467410236 -0.1766498909330741
v -0.04049159242262623 0.5199457454674102 0.1766498909330741
v 0.18927644250356432 0.5106808017958196 0.04399325411726661
v -0.05653894559108491 -0.01068080179581965 0.18591483460466468
v 0.17322908933510564 -0.019945745467410236 0.05325819778885722
v 0.05653894559108491 0.5106808017958196 -0.18591483460466468
v -0.17322908933510564 0.5199457454674102 -0.05325819778885722
v 0.04049159242262623 -0.019945745467410236 -0.1766498909330741
v -0.18927644250356432 -0.01068080179581965 -0.04399325411726661
vt 0.6875 1.375
vt 0.9375 1.375
vt 0.6875 0.875
vt 0.9375 0.875
vt 0.6875 1.375
vt 0.9375 1.375
vt 0.6875 0.875
vt 0.9375 0.875
vt 0.6875 1.125
vt 0.9375 1.125
vt 0.6875 0.875
vt 0.9375 0.875
vt 0.6875 1.125
vt 0.9375 1.125
vt 0.6875 0.875
vt 0.9375 0.875
vt 0.6875 1.375
vt 0.9375 1.375
vt 0.6875 0.875
vt 0.9375 0.875
vt 0.6875 1.375
vt 0.9375 1.375
vt 0.6875 0.875
vt 0.9375 0.875
vn 0.8654978445076765 -0.03489949670250097 -0.49969541350954794
vn 0.8654978445076765 -0.03489949670250097 -0.49969541350954794
vn 0.8654978445076765 -0.03489949670250097 -0.49969541350954794
vn 0.8654978445076765 -0.03489949670250097 -0.49969541350954794
vn -0.8654978445076765 0.03489949670250097 0.49969541350954794
vn -0.8654978445076765 0.03489949670250097 0.49969541350954794
vn -0.8654978445076765 0.03489949670250097 0.49969541350954794
vn -0.8654978445076765 0.03489949670250097 0.49969541350954794
vn 0.03022385072365709 0.9993908270190957 -0.017449748351250488
vn 0.03022385072365709 0.9993908270190957 -0.017449748351250488
vn 0.03022385072365709 0.9993908270190957 -0.017449748351250488
vn 0.03022385072365709 0.9993908270190957 -0.017449748351250488
vn -0.03022385072365709 -0.9993908270190957 0.017449748351250488
vn -0.03022385072365709 -0.9993908270190957 0.017449748351250488
vn -0.03022385072365709 -0.9993908270190957 0.017449748351250488
vn -0.03022385072365709 -0.9993908270190957 0.017449748351250488
vn 0.5000000000000001 -6.465032855714759e-18 0.8660254037844387
vn 0.5000000000000001 -6.465032855714759e-18 0.8660254037844387
vn 0.5000000000000001 -6.465032855714759e-18 0.8660254037844387
vn 0.5000000000000001 -6.465032855714759e-18 0.8660254037844387
vn -0.5000000000000001 6.465032855714759e-18 -0.8660254037844387
vn -0.5000000000000001 6.465032855714759e-18 -0.8660254037844387
vn -0.5000000000000001 6.465032855714759e-18 -0.8660254037844387
vn -0.5000000000000001 6.465032855714759e-18 -0.8660254037844387
f 49/49/49 51/51/51 50/50/50
f 51/51/51 52/52/52 50/50/50
f 53/53/53 55/55/55 54/54/54
f 55/55/55 56/56/56 54/54/54
f 57/57/57 59/59/59 58/58/58
f 59/59/59 60/60/60 58/58/58
f 61/61/61 63/63/63 62/62/62
f 63/63/63 64/64/64 62/62/62
f 65/65/65 67/67/67 66/66/66
f 67/67/67 68/68/68 66/66/66
f 69/69/69 71/71/71 70/70/70
f 71/71/71 72/72/72 70/70/70
o haft_4
usemtl coffin_wood
v 0.16301712131617804 1.0125803525260615 0.006432177834104685
v -0.006432177834104713 1.0125803525260615 -0.16301712131617804
v 0.17577825304971192 0.4957828755100394 -0.006328953899429196
v 0.006328953899429168 0.4957828755100394 -0.17577825304971192
v -0.17577825304971192 1.0042171244899607 0.006328953899429196
v -0.006328953899429168 1.0042171244899607 0.17577825304971192
v -0.16301712131617804 0.4874196474739385 -0.006432177834104685
v 0.006432177834104713 0.4874196474739385 0.16301712131617804
v -0.17577825304971192 1.0042171244899607 0.006328953899429196
v -0.006432177834104713 1.0125803525260615 -0.16301712131617804
v -0.006328953899429168 1.0042171244899607 0.17577825304971192
v 0.16301712131617804 1.0125803525260615 0.006432177834104685
v 0.006432177834104713 0.4874196474739385 0.16301712131617804
v 0.17577825304971192 0.4957828755100394 -0.006328953899429196
v -0.16301712131617804 0.4874196474739385 -0.006432177834104685
v 0.006328953899429168 0.4957828755100394 -0.17577825304971192
v -0.006328953899429168 1.0042171244899607 0.17577825304971192
v 0.16301712131617804 1.0125803525260615 0.006432177834104685
v 0.006432177834104713 0.4874196474739385 0.16301712131617804
v 0.17577825304971192 0.4957828755100394 -0.006328953899429196
v -0.006432177834104713 1.0125803525260615 -0.16301712131617804
v -0.17577825304971192 1.0042171244899607 0.006328953899429196
v 0.006328953899429168 0.4957828755100394 -0.17577825304971192
v -0.16301712131617804 0.4874196474739385 -0.006432177834104685
vt 0.5 0.875
vt 0.75 0.875
vt 0.5 0.375
vt 0.75 0.375
vt 0.5 0.875
vt 0.75 0.875
vt 0.5 0.375
vt 0.75 0.375
vt 0.5 0.625
vt 0.75 0.625
vt 0.5 0.375
vt 0.75 0.375
vt 0.5 0.625
vt 0.75 0.625
vt 0.5 0.375
vt 0.75 0.375
vt 0.5 0.875
vt 0.75 0.875
vt 0.5 0.375
vt 0.75 0.375
vt 0.5 0.875
vt 0.75 0.875
vt 0.5 0.375
vt 0.75 0.375
vn 0.7066760308408345 0.03489949670250097 -0.7066760308408345
vn 0.7066760308408345 0.03489949670250097 -0.7066760308408345
vn 0.7066760308408345 0.03489949670250097 -0.7066760308408345
vn 0.7066760308408345 0.03489949670250097 -0.7066760308408345
vn -0.7066760308408345 -0.03489949670250097 0.7066760308408345
vn -0.7066760308408345 -0.03489949670250097 0.7066760308408345
vn -0.7066760308408345 -0.03489949670250097 0.7066760308408345
vn -0.7066760308408345 -0.03489949670250097 0.7066760308408345
vn -0.024677670778335988 0.9993908270190959 0.02467767077833599
vn -0.024677670778335988 0.9993908270190959 0.02467767077833599
vn -0.024677670778335988 0.9993908270190959 0.02467767077833599
vn -0.024677670778335988 0.9993908270190959 0.02467767077833599
vn 0.024677670778335988 -0.9993908270190959 -0.02467767077833599
vn 0.024677670778335988 -0.9993908270190959 -0.02467767077833599
vn 0.024677670778335988 -0.9993908270190959 -0.02467767077833599
vn 0.024677670778335988 -0.9993908270190959 -0.02467767077833599
vn 0.7071067811865476 0 0.7071067811865475
vn 0.7071067811865476 0 0.7071067811865475
vn 0.7071067811865476 0 0.7071067811865475
vn 0.7071067811865476 0 0.7071067811865475
vn -0.7071067811865476 0 -0.7071067811865475
vn -0.7071067811865476 0 -0.7071067811865475
vn -0.7071067811865476 0 -0.7071067811865475
vn -0.7071067811865476 0 -0.7071067811865475
f 73/73/73 75/75/75 74/74/74
f 75/75/75 76/76/76 74/74/74
f 77/77/77 79/79/79 78/78/78
f 79/79/79 80/80/80 78/78/78
f 81/81/81 83/83/83 82/82/82
f 83/83/83 84/84/84 82/82/82
f 85/85/85 87/87/87 86/86/86
f 87/87/87 88/88/88 86/86/86
f 89/89/89 91/91/91 90/90/90
f 91/91/91 92/92/92 90/90/90
f 93/93/93 95/95/95 94/94/94
f 95/95/95 96/96/96 94/94/94
o haft_5
usemtl grave_iron
v 0.1844268907807079 1.514260858895765 -0.05280862631600548
v -0.04647983346173372 1.514260858895765 -0.18612268571507384
v 0.1797735884838345 0.9810858388073618 -0.0447488703148438
v -0.051133135758607104 0.9810858388073618 -0.1780629297139122
v -0.1797735884838345 1.5189141611926382 0.0447488703148438
v 0.051133135758607104 1.5189141611926382 0.1780629297139122
v -0.1844268907807079 0.9857391411042352 0.05280862631600548
v 0.04647983346173372 0.9857391411042352 0.18612268571507384
v -0.1797735884838345 1.5189141611926382 0.0447488703148438
v -0.04647983346173372 1.514260858895765 -0.18612268571507384
v 0.051133135758607104 1.5189141611926382 0.1780629297139122
v 0.1844268907807079 1.514260858895765 -0.05280862631600548
v 0.04647983346173372 0.9857391411042352 0.18612268571507384
v 0.1797735884838345 0.9810858388073618 -0.0447488703148438
v -0.1844268907807079 0.9857391411042352 0.05280862631600548
v -0.051133135758607104 0.9810858388073618 -0.1780629297139122
v 0.051133135758607104 1.5189141611926382 0.1780629297139122
v 0.1844268907807079 1.514260858895765 -0.05280862631600548
v 0.04647983346173372 0.9857391411042352 0.18612268571507384
v 0.1797735884838345 0.9810858388073618 -0.0447488703148438
v -0.04647983346173372 1.514260858895765 -0.18612268571507384
v -0.1797735884838345 1.5189141611926382 0.0447488703148438
v -0.051133135758607104 0.9810858388073618 -0.1780629297139122
v -0.1844268907807079 0.9857391411042352 0.05280862631600548
vt 0.6875 1.375
vt 0.9375 1.375
vt 0.6875 0.875
vt 0.9375 0.875
vt 0.6875 1.375
vt 0.9375 1.375
vt 0.6875 0.875
vt 0.9375 0.875
vt 0.6875 1.125
vt 0.9375 1.125
vt 0.6875 0.875
vt 0.9375 0.875
vt 0.6875 1.125
vt 0.9375 1.125
vt 0.6875 0.875
vt 0.9375 0.875
vt 0.6875 1.375
vt 0.9375 1.375
vt 0.6875 0.875
vt 0.9375 0.875
vt 0.6875 1.375
vt 0.9375 1.375
vt 0.6875 0.875
vt 0.9375 0.875
vn 0.4999238475781958 -0.01745240643728351 -0.8658935039207539
vn 0.4999238475781958 -0.01745240643728351 -0.8658935039207539
vn 0.4999238475781958 -0.01745240643728351 -0.8658935039207539
vn 0.4999238475781958 -0.01745240643728351 -0.8658935039207539
vn -0.4999238475781958 0.01745240643728351 0.8658935039207539
vn -0.4999238475781958 0.01745240643728351 0.8658935039207539
vn -0.4999238475781958 0.01745240643728351 0.8658935039207539
vn -0.4999238475781958 0.01745240643728351 0.8658935039207539
vn 0.008726203218641761 0.9998476951563914 -0.015114227331858595
vn 0.008726203218641761 0.9998476951563914 -0.015114227331858595
vn 0.008726203218641761 0.9998476951563914 -0.015114227331858595
vn 0.008726203218641761 0.9998476951563914 -0.015114227331858595
vn -0.008726203218641761 -0.9998476951563914 0.015114227331858595
vn -0.008726203218641761 -0.9998476951563914 0.015114227331858595
vn -0.008726203218641761 -0.9998476951563914 0.015114227331858595
vn -0.008726203218641761 -0.9998476951563914 0.015114227331858595
vn 0.8660254037844387 -1.602308316152856e-18 0.5000000000000001
vn 0.8660254037844387 -1.602308316152856e-18 0.5000000000000001
vn 0.8660254037844387 -1.602308316152856e-18 0.5000000000000001
vn 0.8660254037844387 -1.602308316152856e-18 0.5000000000000001
vn -0.8660254037844387 1.602308316152856e-18 -0.5000000000000001
vn -0.8660254037844387 1.602308316152856e-18 -0.5000000000000001
vn -0.8660254037844387 1.602308316152856e-18 -0.5000000000000001
vn -0.8660254037844387 1.602308316152856e-18 -0.5000000000000001
f 97/97/97 99/99/99 98/98/98
f 99/99/99 100/100/100 98/98/98
f 101/101/101 103/103/103 102/102/102
f 103/103/103 104/104/104 102/102/102
f 105/105/105 107/107/107 106/106/106
f 107/107/107 108/108/108 106/106/106
f 109/109/109 111/111/111 110/110/110
f 111/111/111 112/112/112 110/110/110
f 113/113/113 115/115/115 114/114/114
f 115/115/115 116/116/116 114/114/114
f 117/117/117 119/119/119 118/118/118
f 119/119/119 120/120/120 118/118/118
o haft_6
usemtl coffin_wood
v 0.13942378968247968 1.9408750000000001 0.09762558854143742
v 0.09762558854143742 1.9408750000000001 -0.13942378968247968
v 0.13942378968247968 1.4341249999999999 0.09762558854143742
v 0.09762558854143742 1.4341249999999999 -0.13942378968247968
v -0.13942378968247968 1.9408750000000001 -0.09762558854143742
v -0.09762558854143742 1.9408750000000001 0.13942378968247968
v -0.13942378968247968 1.4341249999999999 -0.09762558854143742
v -0.09762558854143742 1.4341249999999999 0.13942378968247968
v -0.13942378968247968 1.9408750000000001 -0.09762558854143742
v 0.09762558854143742 1.9408750000000001 -0.13942378968247968
v -0.09762558854143742 1.9408750000000001 0.13942378968247968
v 0.13942378968247968 1.9408750000000001 0.09762558854143742
v -0.09762558854143742 1.4341249999999999 0.13942378968247968
v 0.13942378968247968 1.4341249999999999 0.09762558854143742
v -0.13942378968247968 1.4341249999999999 -0.09762558854143742
v 0.09762558854143742 1.4341249999999999 -0.13942378968247968
v -0.09762558854143742 1.9408750000000001 0.13942378968247968
v 0.13942378968247968 1.9408750000000001 0.09762558854143742
v -0.09762558854143742 1.4341249999999999 0.13942378968247968
v 0.13942378968247968 1.4341249999999999 0.09762558854143742
v 0.09762558854143742 1.9408750000000001 -0.13942378968247968
v -0.13942378968247968 1.9408750000000001 -0.09762558854143742
v 0.09762558854143742 1.4341249999999999 -0.13942378968247968
v -0.13942378968247968 1.4341249999999999 -0.09762558854143742
vt 0 1.125
vt 0.25 1.125
vt 0 0.625
vt 0.25 0.625
vt 0 1.125
vt 0.25 1.125
vt 0 0.625
vt 0.25 0.625
vt 0 0.875
vt 0.25 0.875
vt 0 0.625
vt 0.25 0.625
vt 0 0.875
vt 0.25 0.875
vt 0 0.625
vt 0.25 0.625
vt 0 1.125
vt 0.25 1.125
vt 0 0.625
vt 0.25 0.625
vt 0 1.125
vt 0.25 1.125
vt 0 0.625
vt 0.25 0.625
vn 0.9848077530122081 0 -0.1736481776669304
vn 0.9848077530122081 0 -0.1736481776669304
vn 0.9848077530122081 0 -0.1736481776669304
vn 0.9848077530122081 0 -0.1736481776669304
vn -0.9848077530122081 0 0.1736481776669304
vn -0.9848077530122081 0 0.1736481776669304
vn -0.9848077530122081 0 0.1736481776669304
vn -0.9848077530122081 0 0.1736481776669304
vn 0 1 0
vn 0 1 0
vn 0 1 0
vn 0 1 0
vn 0 -1 0
vn 0 -1 0
vn 0 -1 0
vn 0 -1 0
vn 0.1736481776669304 0 0.9848077530122081
vn 0.1736481776669304 0 0.9848077530122081
vn 0.1736481776669304 0 0.9848077530122081
vn 0.1736481776669304 0 0.9848077530122081
vn -0.1736481776669304 0 -0.9848077530122081
vn -0.1736481776669304 0 -0.9848077530122081
vn -0.1736481776669304 0 -0.9848077530122081
vn -0.1736481776669304 0 -0.9848077530122081
f 121/121/121 123/123/123 122/122/122
f 123/123/123 124/124/124 122/122/122
f 125/125/125 127/127/127 126/126/126
f 127/127/127 128/128/128 126/126/126
f 129/129/129 131/131/131 130/130/130
f 131/131/131 132/132/132 130/130/130
f 133/133/133 135/135/135 134/134/134
f 135/135/135 136/136/136 134/134/134
f 137/137/137 139/139/139 138/138/138
f 139/139/139 140/140/140 138/138/138
f 141/141/141 143/143/143 142/142/142
f 143/143/143 144/144/144 142/142/142
o haft_7
usemtl grave_bone
v 0.23091455823123191 0.6082187492214143 -1.3877787807814457e-17
v -1.3877787807814457e-17 0.6082187492214143 -0.23091455823123191
v 0.23091455823123191 0.5167812507785857 -1.3877787807814457e-17
v -1.3877787807814457e-17 0.5167812507785857 -0.23091455823123191
v -0.23091455823123191 0.6082187492214143 1.3877787807814457e-17
v 1.3877787807814457e-17 0.6082187492214143 0.23091455823123191
v -0.23091455823123191 0.5167812507785857 1.3877787807814457e-17
v 1.3877787807814457e-17 0.5167812507785857 0.23091455823123191
v -0.23091455823123191 0.6082187492214143 1.3877787807814457e-17
v -1.3877787807814457e-17 0.6082187492214143 -0.23091455823123191
v 1.3877787807814457e-17 0.6082187492214143 0.23091455823123191
v 0.23091455823123191 0.6082187492214143 -1.3877787807814457e-17
v 1.3877787807814457e-17 0.5167812507785857 0.23091455823123191
v 0.23091455823123191 0.5167812507785857 -1.3877787807814457e-17
v -0.23091455823123191 0.5167812507785857 1.3877787807814457e-17
v -1.3877787807814457e-17 0.5167812507785857 -0.23091455823123191
v 1.3877787807814457e-17 0.6082187492214143 0.23091455823123191
v 0.23091455823123191 0.6082187492214143 -1.3877787807814457e-17
v 1.3877787807814457e-17 0.5167812507785857 0.23091455823123191
v 0.23091455823123191 0.5167812507785857 -1.3877787807814457e-17
v -1.3877787807814457e-17 0.6082187492214143 -0.23091455823123191
v -0.23091455823123191 0.6082187492214143 1.3877787807814457e-17
v -1.3877787807814457e-17 0.5167812507785857 -0.23091455823123191
v -0.23091455823123191 0.5167812507785857 1.3877787807814457e-17
vt 0.25 0.6875
vt 0.5625 0.6875
vt 0.25 0.625
vt 0.5625 0.625
vt 0.25 0.6875
vt 0.5625 0.6875
vt 0.25 0.625
vt 0.5625 0.625
vt 0.25 0.9375
vt 0.5625 0.9375
vt 0.25 0.625
vt 0.5625 0.625
vt 0.25 0.9375
vt 0.5625 0.9375
vt 0.25 0.625
vt 0.5625 0.625
vt 0.25 0.6875
vt 0.5625 0.6875
vt 0.25 0.625
vt 0.5625 0.625
vt 0.25 0.6875
vt 0.5625 0.6875
vt 0.25 0.625
vt 0.5625 0.625
vn 0.7071067811865474 0 -0.7071067811865475
vn 0.7071067811865474 0 -0.7071067811865475
vn 0.7071067811865474 0 -0.7071067811865475
vn 0.7071067811865474 0 -0.7071067811865475
vn -0.7071067811865474 0 0.7071067811865475
vn -0.7071067811865474 0 0.7071067811865475
vn -0.7071067811865474 0 0.7071067811865475
vn -0.7071067811865474 0 0.7071067811865475
vn 0 0.9999999999999999 0
vn 0 0.9999999999999999 0
vn 0 0.9999999999999999 0
vn 0 0.9999999999999999 0
vn 0 -0.9999999999999999 0
vn 0 -0.9999999999999999 0
vn 0 -0.9999999999999999 0
vn 0 -0.9999999999999999 0
vn 0.7071067811865475 0 0.7071067811865474
vn 0.7071067811865475 0 0.7071067811865474
vn 0.7071067811865475 0 0.7071067811865474
vn 0.7071067811865475 0 0.7071067811865474
vn -0.7071067811865475 0 -0.7071067811865474
vn -0.7071067811865475 0 -0.7071067811865474
vn -0.7071067811865475 0 -0.7071067811865474
vn -0.7071067811865475 0 -0.7071067811865474
f 145/145/145 147/147/147 146/146/146
f 147/147/147 148/148/148 146/146/146
f 149/149/149 151/151/151 150/150/150
f 151/151/151 152/152/152 150/150/150
f 153/153/153 155/155/155 154/154/154
f 155/155/155 156/156/156 154/154/154
f 157/157/157 159/159/159 158/158/158
f 159/159/159 160/160/160 158/158/158
f 161/161/161 163/163/163 162/162/162
f 163/163/163 164/164/164 162/162/162
f 165/165/165 167/167/167 166/166/166
f 167/167/167 168/168/168 166/166/166
o haft_8
usemtl old_bone
v -0.19187456835904573 0.669527292206356 0.0318125
v -0.19187456835904573 0.669527292206356 -0.0318125
v -0.11552456532516933 0.5372852077936441 0.0318125
v -0.11552456532516933 0.5372852077936441 -0.0318125
v -0.24697543467483066 0.637714792206356 -0.0318125
v -0.24697543467483066 0.637714792206356 0.0318125
v -0.17062543164095426 0.5054727077936441 -0.0318125
v -0.17062543164095426 0.5054727077936441 0.0318125
v -0.24697543467483066 0.637714792206356 -0.0318125
v -0.19187456835904573 0.669527292206356 -0.0318125
v -0.24697543467483066 0.637714792206356 0.0318125
v -0.19187456835904573 0.669527292206356 0.0318125
v -0.17062543164095426 0.5054727077936441 0.0318125
v -0.11552456532516933 0.5372852077936441 0.0318125
v -0.17062543164095426 0.5054727077936441 -0.0318125
v -0.11552456532516933 0.5372852077936441 -0.0318125
v -0.24697543467483066 0.637714792206356 0.0318125
v -0.19187456835904573 0.669527292206356 0.0318125
v -0.17062543164095426 0.5054727077936441 0.0318125
v -0.11552456532516933 0.5372852077936441 0.0318125
v -0.19187456835904573 0.669527292206356 -0.0318125
v -0.24697543467483066 0.637714792206356 -0.0318125
v -0.11552456532516933 0.5372852077936441 -0.0318125
v -0.17062543164095426 0.5054727077936441 -0.0318125
vt 0 0.9375
vt 0.0625 0.9375
vt 0 0.8125
vt 0.0625 0.8125
vt 0 0.9375
vt 0.0625 0.9375
vt 0 0.8125
vt 0.0625 0.8125
vt 0 0.875
vt 0.0625 0.875
vt 0 0.8125
vt 0.0625 0.8125
vt 0 0.875
vt 0.0625 0.875
vt 0 0.8125
vt 0.0625 0.8125
vt 0 0.9375
vt 0.0625 0.9375
vt 0 0.8125
vt 0.0625 0.8125
vt 0 0.9375
vt 0.0625 0.9375
vt 0 0.8125
vt 0.0625 0.8125
vn 0.8660254037844386 0.49999999999999983 0
vn 0.8660254037844386 0.49999999999999983 0
vn 0.8660254037844386 0.49999999999999983 0
vn 0.8660254037844386 0.49999999999999983 0
vn -0.8660254037844386 -0.49999999999999983 0
vn -0.8660254037844386 -0.49999999999999983 0
vn -0.8660254037844386 -0.49999999999999983 0
vn -0.8660254037844386 -0.49999999999999983 0
vn -0.49999999999999983 0.8660254037844386 0
vn -0.49999999999999983 0.8660254037844386 0
vn -0.49999999999999983 0.8660254037844386 0
vn -0.49999999999999983 0.8660254037844386 0
vn 0.49999999999999983 -0.8660254037844386 0
vn 0.49999999999999983 -0.8660254037844386 0
vn 0.49999999999999983 -0.8660254037844386 0
vn 0.49999999999999983 -0.8660254037844386 0
vn 0 0 0.9999999999999999
vn 0 0 0.9999999999999999
vn 0 0 0.9999999999999999
vn 0 0 0.9999999999999999
vn 0 0 -0.9999999999999999
vn 0 0 -0.9999999999999999
vn 0 0 -0.9999999999999999
vn 0 0 -0.9999999999999999
f 169/169/169 171/171/171 170/170/170
f 171/171/171 172/172/172 170/170/170
f 173/173/173 175/175/175 174/174/174
f 175/175/175 176/176/176 174/174/174
f 177/177/177 179/179/179 178/178/178
f 179/179/179 180/180/180 178/178/178
f 181/181/181 183/183/183 182/182/182
f 183/183/183 184/184/184 182/182/182
f 185/185/185 187/187/187 186/186/186
f 187/187/187 188/188/188 186/186/186
f 189/189/189 191/191/191 190/190/190
f 191/191/191 192/192/192 190/190/190
o haft_9
usemtl grave_bone
v 0.2319089271422755 0.7959156242180616 -1.3877787807814457e-17
v -1.3877787807814457e-17 0.7959156242180616 -0.2319089271422755
v 0.2319089271422755 0.7040843757819384 -1.3877787807814457e-17
v -1.3877787807814457e-17 0.7040843757819384 -0.2319089271422755
v -0.2319089271422755 0.7959156242180616 1.3877787807814457e-17
v 1.3877787807814457e-17 0.7959156242180616 0.2319089271422755
v -0.2319089271422755 0.7040843757819384 1.3877787807814457e-17
v 1.3877787807814457e-17 0.7040843757819384 0.2319089271422755
v -0.2319089271422755 0.7959156242180616 1.3877787807814457e-17
v -1.3877787807814457e-17 0.7959156242180616 -0.2319089271422755
v 1.3877787807814457e-17 0.7959156242180616 0.2319089271422755
v 0.2319089271422755 0.7959156242180616 -1.3877787807814457e-17
v 1.3877787807814457e-17 0.7040843757819384 0.2319089271422755
v 0.2319089271422755 0.7040843757819384 -1.3877787807814457e-17
v -0.2319089271422755 0.7040843757819384 1.3877787807814457e-17
v -1.3877787807814457e-17 0.7040843757819384 -0.2319089271422755
v 1.3877787807814457e-17 0.7959156242180616 0.2319089271422755
v 0.2319089271422755 0.7959156242180616 -1.3877787807814457e-17
v 1.3877787807814457e-17 0.7040843757819384 0.2319089271422755
v 0.2319089271422755 0.7040843757819384 -1.3877787807814457e-17
v -1.3877787807814457e-17 0.7959156242180616 -0.2319089271422755
v -0.2319089271422755 0.7959156242180616 1.3877787807814457e-17
v -1.3877787807814457e-17 0.7040843757819384 -0.2319089271422755
v -0.2319089271422755 0.7040843757819384 1.3877787807814457e-17
vt 0.25 0.6875
vt 0.5625 0.6875
vt 0.25 0.625
vt 0.5625 0.625
vt 0.25 0.6875
vt 0.5625 0.6875
vt 0.25 0.625
vt 0.5625 0.625
vt 0.25 0.9375
vt 0.5625 0.9375
vt 0.25 0.625
vt 0.5625 0.625
vt 0.25 0.9375
vt 0.5625 0.9375
vt 0.25 0.625
vt 0.5625 0.625
vt 0.25 0.6875
vt 0.5625 0.6875
vt 0.25 0.625
vt 0.5625 0.625
vt 0.25 0.6875
vt 0.5625 0.6875
vt 0.25 0.625
vt 0.5625 0.625
vn 0.7071067811865476 0 -0.7071067811865476
vn 0.7071067811865476 0 -0.7071067811865476
vn 0.7071067811865476 0 -0.7071067811865476
vn 0.7071067811865476 0 -0.7071067811865476
vn -0.7071067811865476 0 0.7071067811865476
vn -0.7071067811865476 0 0.7071067811865476
vn -0.7071067811865476 0 0.7071067811865476
vn -0.7071067811865476 0 0.7071067811865476
vn 0 0.9999999999999999 0
vn 0 0.9999999999999999 0
vn 0 0.9999999999999999 0
vn 0 0.9999999999999999 0
vn 0 -0.9999999999999999 0
vn 0 -0.9999999999999999 0
vn 0 -0.9999999999999999 0
vn 0 -0.9999999999999999 0
vn 0.7071067811865476 0 0.7071067811865476
vn 0.7071067811865476 0 0.7071067811865476
vn 0.7071067811865476 0 0.7071067811865476
vn 0.7071067811865476 0 0.7071067811865476
vn -0.7071067811865476 0 -0.7071067811865476
vn -0.7071067811865476 0 -0.7071067811865476
vn -0.7071067811865476 0 -0.7071067811865476
vn -0.7071067811865476 0 -0.7071067811865476
f 193/193/193 195/195/195 194/194/194
f 195/195/195 196/196/196 194/194/194
f 197/197/197 199/199/199 198/198/198
f 199/199/199 200/200/200 198/198/198
f 201/201/201 203/203/203 202/202/202
f 203/203/203 204/204/204 202/202/202
f 205/205/205 207/207/207 206/206/206
f 207/207/207 208/208/208 206/206/206
f 209/209/209 211/211/211 210/210/210
f 211/211/211 212/212/212 210/210/210
f 213/213/213 215/215/215 214/214/214
f 215/215/215 216/216/216 214/214/214
o haft_10
usemtl old_bone
v -0.19192153354334407 0.8573898882917476 0.031953125
v -0.19192153354334407 0.8573898882917476 -0.031953125
v -0.11523403049605663 0.7245632367082525 0.031953125
v -0.11523403049605663 0.7245632367082525 -0.031953125
v -0.24726596950394336 0.8254367632917475 -0.031953125
v -0.24726596950394336 0.8254367632917475 0.031953125
v -0.17057846645665592 0.6926101117082525 -0.031953125
v -0.17057846645665592 0.6926101117082525 0.031953125
v -0.24726596950394336 0.8254367632917475 -0.031953125
v -0.19192153354334407 0.8573898882917476 -0.031953125
v -0.24726596950394336 0.8254367632917475 0.031953125
v -0.19192153354334407 0.8573898882917476 0.031953125
v -0.17057846645665592 0.6926101117082525 0.031953125
v -0.11523403049605663 0.7245632367082525 0.031953125
v -0.17057846645665592 0.6926101117082525 -0.031953125
v -0.11523403049605663 0.7245632367082525 -0.031953125
v -0.24726596950394336 0.8254367632917475 0.031953125
v -0.19192153354334407 0.8573898882917476 0.031953125
v -0.17057846645665592 0.6926101117082525 0.031953125
v -0.11523403049605663 0.7245632367082525 0.031953125
v -0.19192153354334407 0.8573898882917476 -0.031953125
v -0.24726596950394336 0.8254367632917475 -0.031953125
v -0.11523403049605663 0.7245632367082525 -0.031953125
v -0.17057846645665592 0.6926101117082525 -0.031953125
vt 0 0.9375
vt 0.0625 0.9375
vt 0 0.8125
vt 0.0625 0.8125
vt 0 0.9375
vt 0.0625 0.9375
vt 0 0.8125
vt 0.0625 0.8125
vt 0 0.875
vt 0.0625 0.875
vt 0 0.8125
vt 0.0625 0.8125
vt 0 0.875
vt 0.0625 0.875
vt 0 0.8125
vt 0.0625 0.8125
vt 0 0.9375
vt 0.0625 0.9375
vt 0 0.8125
vt 0.0625 0.8125
vt 0 0.9375
vt 0.0625 0.9375
vt 0 0.8125
vt 0.0625 0.8125
vn 0.8660254037844387 0.4999999999999999 0
vn 0.8660254037844387 0.4999999999999999 0
vn 0.8660254037844387 0.4999999999999999 0
vn 0.8660254037844387 0.4999999999999999 0
vn -0.8660254037844387 -0.4999999999999999 0
vn -0.8660254037844387 -0.4999999999999999 0
vn -0.8660254037844387 -0.4999999999999999 0
vn -0.8660254037844387 -0.4999999999999999 0
vn -0.4999999999999999 0.8660254037844387 0
vn -0.4999999999999999 0.8660254037844387 0
vn -0.4999999999999999 0.8660254037844387 0
vn -0.4999999999999999 0.8660254037844387 0
vn 0.4999999999999999 -0.8660254037844387 0
vn 0.4999999999999999 -0.8660254037844387 0
vn 0.4999999999999999 -0.8660254037844387 0
vn 0.4999999999999999 -0.8660254037844387 0
vn 0 0 1
vn 0 0 1
vn 0 0 1
vn 0 0 1
vn 0 0 -1
vn 0 0 -1
vn 0 0 -1
vn 0 0 -1
f 217/217/217 219/219/219 218/218/218
f 219/219/219 220/220/220 218/218/218
f 221/221/221 223/223/223 222/222/222
f 223/223/223 224/224/224 222/222/222
f 225/225/225 227/227/227 226/226/226
f 227/227/227 228/228/228 226/226/226
f 229/229/229 231/231/231 230/230/230
f 231/231/231 232/232/232 230/230/230
f 233/233/233 235/235/235 234/234/234
f 235/235/235 236/236/236 234/234/234
f 237/237/237 239/239/239 238/238/238
f 239/239/239 240/240/240 238/238/238
o haft_11
usemtl grave_bone
v 0.2329032960533191 0.9836124992147088 -1.3877787807814457e-17
v -1.3877787807814457e-17 0.9836124992147088 -0.2329032960533191
v 0.2329032960533191 0.8913875007852912 -1.3877787807814457e-17
v -1.3877787807814457e-17 0.8913875007852912 -0.2329032960533191
v -0.2329032960533191 0.9836124992147088 1.3877787807814457e-17
v 1.3877787807814457e-17 0.9836124992147088 0.2329032960533191
v -0.2329032960533191 0.8913875007852912 1.3877787807814457e-17
v 1.3877787807814457e-17 0.8913875007852912 0.2329032960533191
v -0.2329032960533191 0.9836124992147088 1.3877787807814457e-17
v -1.3877787807814457e-17 0.9836124992147088 -0.2329032960533191
v 1.3877787807814457e-17 0.9836124992147088 0.2329032960533191
v 0.2329032960533191 0.9836124992147088 -1.3877787807814457e-17
v 1.3877787807814457e-17 0.8913875007852912 0.2329032960533191
v 0.2329032960533191 0.8913875007852912 -1.3877787807814457e-17
v -0.2329032960533191 0.8913875007852912 1.3877787807814457e-17
v -1.3877787807814457e-17 0.8913875007852912 -0.2329032960533191
v 1.3877787807814457e-17 0.9836124992147088 0.2329032960533191
v 0.2329032960533191 0.9836124992147088 -1.3877787807814457e-17
v 1.3877787807814457e-17 0.8913875007852912 0.2329032960533191
v 0.2329032960533191 0.8913875007852912 -1.3877787807814457e-17
v -1.3877787807814457e-17 0.9836124992147088 -0.2329032960533191
v -0.2329032960533191 0.9836124992147088 1.3877787807814457e-17
v -1.3877787807814457e-17 0.8913875007852912 -0.2329032960533191
v -0.2329032960533191 0.8913875007852912 1.3877787807814457e-17
vt 0.25 0.6875
vt 0.5625 0.6875
vt 0.25 0.625
vt 0.5625 0.625
vt 0.25 0.6875
vt 0.5625 0.6875
vt 0.25 0.625
vt 0.5625 0.625
vt 0.25 0.9375
vt 0.5625 0.9375
vt 0.25 0.625
vt 0.5625 0.625
vt 0.25 0.9375
vt 0.5625 0.9375
vt 0.25 0.625
vt 0.5625 0.625
vt 0.25 0.6875
vt 0.5625 0.6875
vt 0.25 0.625
vt 0.5625 0.625
vt 0.25 0.6875
vt 0.5625 0.6875
vt 0.25 0.625
vt 0.5625 0.625
vn 0.7071067811865476 0 -0.7071067811865476
vn 0.7071067811865476 0 -0.7071067811865476
vn 0.7071067811865476 0 -0.7071067811865476
vn 0.7071067811865476 0 -0.7071067811865476
vn -0.7071067811865476 0 0.7071067811865476
vn -0.7071067811865476 0 0.7071067811865476
vn -0.7071067811865476 0 0.7071067811865476
vn -0.7071067811865476 0 0.7071067811865476
vn 0 1 0
vn 0 1 0
vn 0 1 0
vn 0 1 0
vn 0 -1 0
vn 0 -1 0
vn 0 -1 0
vn 0 -1 0
vn 0.7071067811865476 0 0.7071067811865476
vn 0.7071067811865476 0 0.7071067811865476
vn 0.7071067811865476 0 0.7071067811865476
vn 0.7071067811865476 0 0.7071067811865476
vn -0.7071067811865476 0 -0.7071067811865476
vn -0.7071067811865476 0 -0.7071067811865476
vn -0.7071067811865476 0 -0.7071067811865476
vn -0.7071067811865476 0 -0.7071067811865476
f 241/241/241 243/243/243 242/242/242
f 243/243/243 244/244/244 242/242/242
f 245/245/245 247/247/247 246/246/246
f 247/247/247 248/248/248 246/246/246
f 249/249/249 251/251/251 250/250/250
f 251/251/251 252/252/252 250/250/250
f 253/253/253 255/255/255 254/254/254
f 255/255/255 256/256/256 254/254/254
f 257/257/257 259/259/259 258/258/258
f 259/259/259 260/260/260 258/258/258
f 261/261/261 263/263/263 262/262/262
f 263/263/263 264/264/264 262/262/262
o haft_12
usemtl old_bone
v -0.1919684987276424 1.0452524843771391 0.03209375
v -0.1919684987276424 1.0452524843771391 -0.03209375
v -0.11494349566694392 0.9118412656228609 0.03209375
v -0.11494349566694392 0.9118412656228609 -0.03209375
v -0.24755650433305607 1.013158734377139 -0.03209375
v -0.24755650433305607 1.013158734377139 0.03209375
v -0.17053150127235758 0.879747515622861 -0.03209375
v -0.17053150127235758 0.879747515622861 0.03209375
v -0.24755650433305607 1.013158734377139 -0.03209375
v -0.1919684987276424 1.0452524843771391 -0.03209375
v -0.24755650433305607 1.013158734377139 0.03209375
v -0.1919684987276424 1.0452524843771391 0.03209375
v -0.17053150127235758 0.879747515622861 0.03209375
v -0.11494349566694392 0.9118412656228609 0.03209375
v -0.17053150127235758 0.879747515622861 -0.03209375
v -0.11494349566694392 0.9118412656228609 -0.03209375
v -0.24755650433305607 1.013158734377139 0.03209375
v -0.1919684987276424 1.0452524843771391 0.03209375
v -0.17053150127235758 0.879747515622861 0.03209375
v -0.11494349566694392 0.9118412656228609 0.03209375
v -0.1919684987276424 1.0452524843771391 -0.03209375
v -0.24755650433305607 1.013158734377139 -0.03209375
v -0.11494349566694392 0.9118412656228609 -0.03209375
v -0.17053150127235758 0.879747515622861 -0.03209375
vt 0 0.9375
vt 0.0625 0.9375
vt 0 0.8125
vt 0.0625 0.8125
vt 0 0.9375
vt 0.0625 0.9375
vt 0 0.8125
vt 0.0625 0.8125
vt 0 0.875
vt 0.0625 0.875
vt 0 0.8125
vt 0.0625 0.8125
vt 0 0.875
vt 0.0625 0.875
vt 0 0.8125
vt 0.0625 0.8125
vt 0 0.9375
vt 0.0625 0.9375
vt 0 0.8125
vt 0.0625 0.8125
vt 0 0.9375
vt 0.0625 0.9375
vt 0 0.8125
vt 0.0625 0.8125
vn 0.8660254037844387 0.4999999999999999 0
vn 0.8660254037844387 0.4999999999999999 0
vn 0.8660254037844387 0.4999999999999999 0
vn 0.8660254037844387 0.4999999999999999 0
vn -0.8660254037844387 -0.4999999999999999 0
vn -0.8660254037844387 -0.4999999999999999 0
vn -0.8660254037844387 -0.4999999999999999 0
vn -0.8660254037844387 -0.4999999999999999 0
vn -0.4999999999999999 0.8660254037844387 0
vn -0.4999999999999999 0.8660254037844387 0
vn -0.4999999999999999 0.8660254037844387 0
vn -0.4999999999999999 0.8660254037844387 0
vn 0.4999999999999999 -0.8660254037844387 0
vn 0.4999999999999999 -0.8660254037844387 0
vn 0.4999999999999999 -0.8660254037844387 0
vn 0.4999999999999999 -0.8660254037844387 0
vn 0 0 1
vn 0 0 1
vn 0 0 1
vn 0 0 1
vn 0 0 -1
vn 0 0 -1
vn 0 0 -1
vn 0 0 -1
f 265/265/265 267/267/267 266/266/266
f 267/267/267 268/268/268 266/266/266
f 269/269/269 271/271/271 270/270/270
f 271/271/271 272/272/272 270/270/270
f 273/273/273 275/275/275 274/274/274
f 275/275/275 276/276/276 274/274/274
f 277/277/277 279/279/279 278/278/278
f 279/279/279 280/280/280 278/278/278
f 281/281/281 283/283/283 282/282/282
f 283/283/283 284/284/284 282/282/282
f 285/285/285 287/287/287 286/286/286
f 287/287/287 288/288/288 286/286/286
o haft_13
usemtl grave_bone
v 0.2209708691207961 1.168749999254942 -1.3877787807814457e-17
v -1.3877787807814457e-17 1.168749999254942 -0.2209708691207961
v 0.2209708691207961 1.081250000745058 -1.3877787807814457e-17
v -1.3877787807814457e-17 1.081250000745058 -0.2209708691207961
v -0.2209708691207961 1.168749999254942 1.3877787807814457e-17
v 1.3877787807814457e-17 1.168749999254942 0.2209708691207961
v -0.2209708691207961 1.081250000745058 1.3877787807814457e-17
v 1.3877787807814457e-17 1.081250000745058 0.2209708691207961
v -0.2209708691207961 1.168749999254942 1.3877787807814457e-17
v -1.3877787807814457e-17 1.168749999254942 -0.2209708691207961
v 1.3877787807814457e-17 1.168749999254942 0.2209708691207961
v 0.2209708691207961 1.168749999254942 -1.3877787807814457e-17
v 1.3877787807814457e-17 1.081250000745058 0.2209708691207961
v 0.2209708691207961 1.081250000745058 -1.3877787807814457e-17
v -0.2209708691207961 1.081250000745058 1.3877787807814457e-17
v -1.3877787807814457e-17 1.081250000745058 -0.2209708691207961
v 1.3877787807814457e-17 1.168749999254942 0.2209708691207961
v 0.2209708691207961 1.168749999254942 -1.3877787807814457e-17
v 1.3877787807814457e-17 1.081250000745058 0.2209708691207961
v 0.2209708691207961 1.081250000745058 -1.3877787807814457e-17
v -1.3877787807814457e-17 1.168749999254942 -0.2209708691207961
v -0.2209708691207961 1.168749999254942 1.3877787807814457e-17
v -1.3877787807814457e-17 1.081250000745058 -0.2209708691207961
v -0.2209708691207961 1.081250000745058 1.3877787807814457e-17
vt 0.25 0.6875
vt 0.5625 0.6875
vt 0.25 0.625
vt 0.5625 0.625
vt 0.25 0.6875
vt 0.5625 0.6875
vt 0.25 0.625
vt 0.5625 0.625
vt 0.25 0.9375
vt 0.5625 0.9375
vt 0.25 0.625
vt 0.5625 0.625
vt 0.25 0.9375
vt 0.5625 0.9375
vt 0.25 0.625
vt 0.5625 0.625
vt 0.25 0.6875
vt 0.5625 0.6875
vt 0.25 0.625
vt 0.5625 0.625
vt 0.25 0.6875
vt 0.5625 0.6875
vt 0.25 0.625
vt 0.5625 0.625
vn 0.7071067811865475 0 -0.7071067811865476
vn 0.7071067811865475 0 -0.7071067811865476
vn 0.7071067811865475 0 -0.7071067811865476
vn 0.7071067811865475 0 -0.7071067811865476
vn -0.7071067811865475 0 0.7071067811865476
vn -0.7071067811865475 0 0.7071067811865476
vn -0.7071067811865475 0 0.7071067811865476
vn -0.7071067811865475 0 0.7071067811865476
vn 0 1 0
vn 0 1 0
vn 0 1 0
vn 0 1 0
vn 0 -1 0
vn 0 -1 0
vn 0 -1 0
vn 0 -1 0
vn 0.7071067811865476 0 0.7071067811865475
vn 0.7071067811865476 0 0.7071067811865475
vn 0.7071067811865476 0 0.7071067811865475
vn 0.7071067811865476 0 0.7071067811865475
vn -0.7071067811865476 0 -0.7071067811865475
vn -0.7071067811865476 0 -0.7071067811865475
vn -0.7071067811865476 0 -0.7071067811865475
vn -0.7071067811865476 0 -0.7071067811865475
f 289/289/289 291/291/291 290/290/290
f 291/291/291 292/292/292 290/290/290
f 293/293/293 295/295/295 294/294/294
f 295/295/295 296/296/296 294/294/294
f 297/297/297 299/299/299 298/298/298
f 299/299/299 300/300/300 298/298/298
f 301/301/301 303/303/303 302/302/302
f 303/303/303 304/304/304 302/302/302
f 305/305/305 307/307/307 306/306/306
f 307/307/307 308/308/308 306/306/306
f 309/309/309 311/311/311 310/310/310
f 311/311/311 312/312/312 310/310/310
o haft_14
usemtl old_bone
v -0.19201546391194074 1.2331150804625306 0.032234375
v -0.19201546391194074 1.2331150804625306 -0.032234375
v -0.1146529608378312 1.0991192945374693 0.032234375
v -0.1146529608378312 1.0991192945374693 -0.032234375
v -0.24784703916216877 1.2008807054625306 -0.032234375
v -0.24784703916216877 1.2008807054625306 0.032234375
v -0.17048453608805925 1.0668849195374692 -0.032234375
v -0.17048453608805925 1.0668849195374692 0.032234375
v -0.24784703916216877 1.2008807054625306 -0.032234375
v -0.19201546391194074 1.2331150804625306 -0.032234375
v -0.24784703916216877 1.2008807054625306 0.032234375
v -0.19201546391194074 1.2331150804625306 0.032234375
v -0.17048453608805925 1.0668849195374692 0.032234375
v -0.1146529608378312 1.0991192945374693 0.032234375
v -0.17048453608805925 1.0668849195374692 -0.032234375
v -0.1146529608378312 1.0991192945374693 -0.032234375
v -0.24784703916216877 1.2008807054625306 0.032234375
v -0.19201546391194074 1.2331150804625306 0.032234375
v -0.17048453608805925 1.0668849195374692 0.032234375
v -0.1146529608378312 1.0991192945374693 0.032234375
v -0.19201546391194074 1.2331150804625306 -0.032234375
v -0.24784703916216877 1.2008807054625306 -0.032234375
v -0.1146529608378312 1.0991192945374693 -0.032234375
v -0.17048453608805925 1.0668849195374692 -0.032234375
vt 0 0.9375
vt 0.0625 0.9375
vt 0 0.8125
vt 0.0625 0.8125
vt 0 0.9375
vt 0.0625 0.9375
vt 0 0.8125
vt 0.0625 0.8125
vt 0 0.875
vt 0.0625 0.875
vt 0 0.8125
vt 0.0625 0.8125
vt 0 0.875
vt 0.0625 0.875
vt 0 0.8125
vt 0.0625 0.8125
vt 0 0.9375
vt 0.0625 0.9375
vt 0 0.8125
vt 0.0625 0.8125
vt 0 0.9375
vt 0.0625 0.9375
vt 0 0.8125
vt 0.0625 0.8125
vn 0.8660254037844387 0.4999999999999999 0
vn 0.8660254037844387 0.4999999999999999 0
vn 0.8660254037844387 0.4999999999999999 0
vn 0.8660254037844387 0.4999999999999999 0
vn -0.8660254037844387 -0.4999999999999999 0
vn -0.8660254037844387 -0.4999999999999999 0
vn -0.8660254037844387 -0.4999999999999999 0
vn -0.8660254037844387 -0.4999999999999999 0
vn -0.4999999999999999 0.8660254037844387 0
vn -0.4999999999999999 0.8660254037844387 0
vn -0.4999999999999999 0.8660254037844387 0
vn -0.4999999999999999 0.8660254037844387 0
vn 0.4999999999999999 -0.8660254037844387 0
vn 0.4999999999999999 -0.8660254037844387 0
vn 0.4999999999999999 -0.8660254037844387 0
vn 0.4999999999999999 -0.8660254037844387 0
vn 0 0 1
vn 0 0 1
vn 0 0 1
vn 0 0 1
vn 0 0 -1
vn 0 0 -1
vn 0 0 -1
vn 0 0 -1
f 313/313/313 315/315/315 314/314/314
f 315/315/315 316/316/316 314/314/314
f 317/317/317 319/319/319 318/318/318
f 319/319/319 320/320/320 318/318/318
f 321/321/321 323/323/323 322/322/322
f 323/323/323 324/324/324 322/322/322
f 325/325/325 327/327/327 326/326/326
f 327/327/327 328/328/328 326/326/326
f 329/329/329 331/331/331 330/330/330
f 331/331/331 332/332/332 330/330/330
f 333/333/333 335/335/335 334/334/334
f 335/335/335 336/336/336 334/334/334
o haft_15
usemtl grave_bone
v 0.22196523803183968 1.3564468742515892 -2.7755575615628914e-17
v -2.7755575615628914e-17 1.3564468742515892 -0.22196523803183968
v 0.22196523803183968 1.2685531257484108 -2.7755575615628914e-17
v -2.7755575615628914e-17 1.2685531257484108 -0.22196523803183968
v -0.22196523803183968 1.3564468742515892 2.7755575615628914e-17
v 2.7755575615628914e-17 1.3564468742515892 0.22196523803183968
v -0.22196523803183968 1.2685531257484108 2.7755575615628914e-17
v 2.7755575615628914e-17 1.2685531257484108 0.22196523803183968
v -0.22196523803183968 1.3564468742515892 2.7755575615628914e-17
v -2.7755575615628914e-17 1.3564468742515892 -0.22196523803183968
v 2.7755575615628914e-17 1.3564468742515892 0.22196523803183968
v 0.22196523803183968 1.3564468742515892 -2.7755575615628914e-17
v 2.7755575615628914e-17 1.2685531257484108 0.22196523803183968
v 0.22196523803183968 1.2685531257484108 -2.7755575615628914e-17
v -0.22196523803183968 1.2685531257484108 2.7755575615628914e-17
v -2.7755575615628914e-17 1.2685531257484108 -0.22196523803183968
v 2.7755575615628914e-17 1.3564468742515892 0.22196523803183968
v 0.22196523803183968 1.3564468742515892 -2.7755575615628914e-17
v 2.7755575615628914e-17 1.2685531257484108 0.22196523803183968
v 0.22196523803183968 1.2685531257484108 -2.7755575615628914e-17
v -2.7755575615628914e-17 1.3564468742515892 -0.22196523803183968
v -0.22196523803183968 1.3564468742515892 2.7755575615628914e-17
v -2.7755575615628914e-17 1.2685531257484108 -0.22196523803183968
v -0.22196523803183968 1.2685531257484108 2.7755575615628914e-17
vt 0.25 0.6875
vt 0.5625 0.6875
vt 0.25 0.625
vt 0.5625 0.625
vt 0.25 0.6875
vt 0.5625 0.6875
vt 0.25 0.625
vt 0.5625 0.625
vt 0.25 0.9375
vt 0.5625 0.9375
vt 0.25 0.625
vt 0.5625 0.625
vt 0.25 0.9375
vt 0.5625 0.9375
vt 0.25 0.625
vt 0.5625 0.625
vt 0.25 0.6875
vt 0.5625 0.6875
vt 0.25 0.625
vt 0.5625 0.625
vt 0.25 0.6875
vt 0.5625 0.6875
vt 0.25 0.625
vt 0.5625 0.625
vn 0.7071067811865474 0 -0.7071067811865475
vn 0.7071067811865474 0 -0.7071067811865475
vn 0.7071067811865474 0 -0.7071067811865475
vn 0.7071067811865474 0 -0.7071067811865475
vn -0.7071067811865474 0 0.7071067811865475
vn -0.7071067811865474 0 0.7071067811865475
vn -0.7071067811865474 0 0.7071067811865475
vn -0.7071067811865474 0 0.7071067811865475
vn 0 1 0
vn 0 1 0
vn 0 1 0
vn 0 1 0
vn 0 -1 0
vn 0 -1 0
vn 0 -1 0
vn 0 -1 0
vn 0.7071067811865475 0 0.7071067811865474
vn 0.7071067811865475 0 0.7071067811865474
vn 0.7071067811865475 0 0.7071067811865474
vn 0.7071067811865475 0 0.7071067811865474
vn -0.7071067811865475 0 -0.7071067811865474
vn -0.7071067811865475 0 -0.7071067811865474
vn -0.7071067811865475 0 -0.7071067811865474
vn -0.7071067811865475 0 -0.7071067811865474
f 337/337/337 339/339/339 338/338/338
f 339/339/339 340/340/340 338/338/338
f 341/341/341 343/343/343 342/342/342
f 343/343/343 344/344/344 342/342/342
f 345/345/345 347/347/347 346/346/346
f 347/347/347 348/348/348 346/346/346
f 349/349/349 351/351/351 350/350/350
f 351/351/351 352/352/352 350/350/350
f 353/353/353 355/355/355 354/354/354
f 355/355/355 356/356/356 354/354/354
f 357/357/357 359/359/359 358/358/358
f 359/359/359 360/360/360 358/358/358
o haft_16
usemtl old_bone
v -0.19206242909623908 1.420977676547922 0.032375
v -0.19206242909623908 1.420977676547922 -0.032375
v -0.11436242600871849 1.2863973234520778 0.032375
v -0.11436242600871849 1.2863973234520778 -0.032375
v -0.2481375739912815 1.388602676547922 -0.032375
v -0.2481375739912815 1.388602676547922 0.032375
v -0.1704375709037609 1.2540223234520778 -0.032375
v -0.1704375709037609 1.2540223234520778 0.032375
v -0.2481375739912815 1.388602676547922 -0.032375
v -0.19206242909623908 1.420977676547922 -0.032375
v -0.2481375739912815 1.388602676547922 0.032375
v -0.19206242909623908 1.420977676547922 0.032375
v -0.1704375709037609 1.2540223234520778 0.032375
v -0.11436242600871849 1.2863973234520778 0.032375
v -0.1704375709037609 1.2540223234520778 -0.032375
v -0.11436242600871849 1.2863973234520778 -0.032375
v -0.2481375739912815 1.388602676547922 0.032375
v -0.19206242909623908 1.420977676547922 0.032375
v -0.1704375709037609 1.2540223234520778 0.032375
v -0.11436242600871849 1.2863973234520778 0.032375
v -0.19206242909623908 1.420977676547922 -0.032375
v -0.2481375739912815 1.388602676547922 -0.032375
v -0.11436242600871849 1.2863973234520778 -0.032375
v -0.1704375709037609 1.2540223234520778 -0.032375
vt 0 0.9375
vt 0.0625 0.9375
vt 0 0.8125
vt 0.0625 0.8125
vt 0 0.9375
vt 0.0625 0.9375
vt 0 0.8125
vt 0.0625 0.8125
vt 0 0.875
vt 0.0625 0.875
vt 0 0.8125
vt 0.0625 0.8125
vt 0 0.875
vt 0.0625 0.875
vt 0 0.8125
vt 0.0625 0.8125
vt 0 0.9375
vt 0.0625 0.9375
vt 0 0.8125
vt 0.0625 0.8125
vt 0 0.9375
vt 0.0625 0.9375
vt 0 0.8125
vt 0.0625 0.8125
vn 0.8660254037844388 0.4999999999999999 0
vn 0.8660254037844388 0.4999999999999999 0
vn 0.8660254037844388 0.4999999999999999 0
vn 0.8660254037844388 0.4999999999999999 0
vn -0.8660254037844388 -0.4999999999999999 0
vn -0.8660254037844388 -0.4999999999999999 0
vn -0.8660254037844388 -0.4999999999999999 0
vn -0.8660254037844388 -0.4999999999999999 0
vn -0.4999999999999999 0.8660254037844388 0
vn -0.4999999999999999 0.8660254037844388 0
vn -0.4999999999999999 0.8660254037844388 0
vn -0.4999999999999999 0.8660254037844388 0
vn 0.4999999999999999 -0.8660254037844388 0
vn 0.4999999999999999 -0.8660254037844388 0
vn 0.4999999999999999 -0.8660254037844388 0
vn 0.4999999999999999 -0.8660254037844388 0
vn 0 0 1
vn 0 0 1
vn 0 0 1
vn 0 0 1
vn 0 0 -1
vn 0 0 -1
vn 0 0 -1
vn 0 0 -1
f 361/361/361 363/363/363 362/362/362
f 363/363/363 364/364/364 362/362/362
f 365/365/365 367/367/367 366/366/366
f 367/367/367 368/368/368 366/366/366
f 369/369/369 371/371/371 370/370/370
f 371/371/371 372/372/372 370/370/370
f 373/373/373 375/375/375 374/374/374
f 375/375/375 376/376/376 374/374/374
f 377/377/377 379/379/379 378/378/378
f 379/379/379 380/380/380 378/378/378
f 381/381/381 383/383/383 382/382/382
f 383/383/383 384/384/384 382/382/382
o haft_17
usemtl grave_rag
v 0.14195152108021236 0.34735252868828376 0.15135000601410864
v 0.14195152108021236 0.34735252868828376 -0.15135000601410864
v 0.15909026861008946 0.184288238400126 0.15135000601410864
v 0.15909026861008946 0.184288238400126 -0.15135000601410864
v -0.15909026861008946 0.315711761599874 -0.15135000601410864
v -0.15909026861008946 0.315711761599874 0.15135000601410864
v -0.14195152108021236 0.15264747131171624 -0.15135000601410864
v -0.14195152108021236 0.15264747131171624 0.15135000601410864
v -0.15909026861008946 0.315711761599874 -0.15135000601410864
v 0.14195152108021236 0.34735252868828376 -0.15135000601410864
v -0.15909026861008946 0.315711761599874 0.15135000601410864
v 0.14195152108021236 0.34735252868828376 0.15135000601410864
v -0.14195152108021236 0.15264747131171624 0.15135000601410864
v 0.15909026861008946 0.184288238400126 0.15135000601410864
v -0.14195152108021236 0.15264747131171624 -0.15135000601410864
v 0.15909026861008946 0.184288238400126 -0.15135000601410864
v -0.15909026861008946 0.315711761599874 0.15135000601410864
v 0.14195152108021236 0.34735252868828376 0.15135000601410864
v -0.14195152108021236 0.15264747131171624 0.15135000601410864
v 0.15909026861008946 0.184288238400126 0.15135000601410864
v 0.14195152108021236 0.34735252868828376 -0.15135000601410864
v -0.15909026861008946 0.315711761599874 -0.15135000601410864
v 0.15909026861008946 0.184288238400126 -0.15135000601410864
v -0.14195152108021236 0.15264747131171624 -0.15135000601410864
vt 0.3125 0.375
vt 0.625 0.375
vt 0.3125 0.1875
vt 0.625 0.1875
vt 0.3125 0.375
vt 0.625 0.375
vt 0.3125 0.1875
vt 0.625 0.1875
vt 0.3125 0.5
vt 0.625 0.5
vt 0.3125 0.1875
vt 0.625 0.1875
vt 0.3125 0.5
vt 0.625 0.5
vt 0.3125 0.1875
vt 0.625 0.1875
vt 0.3125 0.375
vt 0.625 0.375
vt 0.3125 0.1875
vt 0.625 0.1875
vt 0.3125 0.375
vt 0.625 0.375
vt 0.3125 0.1875
vt 0.625 0.1875
vn 0.9945218953682733 0.10452846326765346 0
vn 0.9945218953682733 0.10452846326765346 0
vn 0.9945218953682733 0.10452846326765346 0
vn 0.9945218953682733 0.10452846326765346 0
vn -0.9945218953682733 -0.10452846326765346 0
vn -0.9945218953682733 -0.10452846326765346 0
vn -0.9945218953682733 -0.10452846326765346 0
vn -0.9945218953682733 -0.10452846326765346 0
vn -0.10452846326765346 0.9945218953682733 0
vn -0.10452846326765346 0.9945218953682733 0
vn -0.10452846326765346 0.9945218953682733 0
vn -0.10452846326765346 0.9945218953682733 0
vn 0.10452846326765346 -0.9945218953682733 0
vn 0.10452846326765346 -0.9945218953682733 0
vn 0.10452846326765346 -0.9945218953682733 0
vn 0.10452846326765346 -0.9945218953682733 0
vn 0 0 0.9999999999999999
vn 0 0 0.9999999999999999
vn 0 0 0.9999999999999999
vn 0 0 0.9999999999999999
vn 0 0 -0.9999999999999999
vn 0 0 -0.9999999999999999
vn 0 0 -0.9999999999999999
vn 0 0 -0.9999999999999999
f 385/385/385 387/387/387 386/386/386
f 387/387/387 388/388/388 386/386/386
f 389/389/389 391/391/391 390/390/390
f 391/391/391 392/392/392 390/390/390
f 393/393/393 395/395/395 394/394/394
f 395/395/395 396/396/396 394/394/394
f 397/397/397 399/399/399 398/398/398
f 399/399/399 400/400/400 398/398/398
f 401/401/401 403/403/403 402/402/402
f 403/403/403 404/404/404 402/402/402
f 405/405/405 407/407/407 406/406/406
f 407/407/407 408/408/408 406/406/406
o rag_0_18
usemtl grave_rag
v -0.054478125775232915 0.193828125 0.10700937577523291
v -0.054478125775232915 0.193828125 0.06799062422476708
v -0.054478125775232915 -0.131328125 0.10700937577523291
v -0.054478125775232915 -0.131328125 0.06799062422476708
v -0.1455218742247671 0.193828125 0.06799062422476708
v -0.1455218742247671 0.193828125 0.10700937577523291
v -0.1455218742247671 -0.131328125 0.06799062422476708
v -0.1455218742247671 -0.131328125 0.10700937577523291
v -0.1455218742247671 0.193828125 0.06799062422476708
v -0.054478125775232915 0.193828125 0.06799062422476708
v -0.1455218742247671 0.193828125 0.10700937577523291
v -0.054478125775232915 0.193828125 0.10700937577523291
v -0.1455218742247671 -0.131328125 0.10700937577523291
v -0.054478125775232915 -0.131328125 0.10700937577523291
v -0.1455218742247671 -0.131328125 0.06799062422476708
v -0.054478125775232915 -0.131328125 0.06799062422476708
v -0.1455218742247671 0.193828125 0.10700937577523291
v -0.054478125775232915 0.193828125 0.10700937577523291
v -0.1455218742247671 -0.131328125 0.10700937577523291
v -0.054478125775232915 -0.131328125 0.10700937577523291
v -0.054478125775232915 0.193828125 0.06799062422476708
v -0.1455218742247671 0.193828125 0.06799062422476708
v -0.054478125775232915 -0.131328125 0.06799062422476708
v -0.1455218742247671 -0.131328125 0.06799062422476708
vt 0.25 0.3125
vt 0.3125 0.3125
vt 0.25 0
vt 0.3125 0
vt 0.25 0.3125
vt 0.3125 0.3125
vt 0.25 0
vt 0.3125 0
vt 0.25 0.0625
vt 0.3125 0.0625
vt 0.25 0
vt 0.3125 0
vt 0.25 0.0625
vt 0.3125 0.0625
vt 0.25 0
vt 0.3125 0
vt 0.25 0.3125
vt 0.3125 0.3125
vt 0.25 0
vt 0.3125 0
vt 0.25 0.3125
vt 0.3125 0.3125
vt 0.25 0
vt 0.3125 0
vn 1 0 0
vn 1 0 0
vn 1 0 0
vn 1 0 0
vn -1 0 0
vn -1 0 0
vn -1 0 0
vn -1 0 0
vn 0 1 0
vn 0 1 0
vn 0 1 0
vn 0 1 0
vn 0 -1 0
vn 0 -1 0
vn 0 -1 0
vn 0 -1 0
vn 0 0 1
vn 0 0 1
vn 0 0 1
vn 0 0 1
vn 0 0 -1
vn 0 0 -1
vn 0 0 -1
vn 0 0 -1
f 409/409/409 411/411/411 410/410/410
f 411/411/411 412/412/412 410/410/410
f 413/413/413 415/415/415 414/414/414
f 415/415/415 416/416/416 414/414/414
f 417/417/417 419/419/419 418/418/418
f 419/419/419 420/420/420 418/418/418
f 421/421/421 423/423/423 422/422/422
f 423/423/423 424/424/424 422/422/422
f 425/425/425 427/427/427 426/426/426
f 427/427/427 428/428/428 426/426/426
f 429/429/429 431/431/431 430/430/430
f 431/431/431 432/432/432 430/430/430
o rag_0_tip_19
usemtl grave_rag
v -0.06516093674488366 -0.12348125302046535 0.1033359375
v -0.06516093674488366 -0.12348125302046535 0.07166406249999999
v -0.06516093674488366 -0.3515187469795346 0.1033359375
v -0.06516093674488366 -0.3515187469795346 0.07166406249999999
v -0.13483906325511635 -0.12348125302046535 0.07166406249999999
v -0.13483906325511635 -0.12348125302046535 0.1033359375
v -0.13483906325511635 -0.3515187469795346 0.07166406249999999
v -0.13483906325511635 -0.3515187469795346 0.1033359375
v -0.13483906325511635 -0.12348125302046535 0.07166406249999999
v -0.06516093674488366 -0.12348125302046535 0.07166406249999999
v -0.13483906325511635 -0.12348125302046535 0.1033359375
v -0.06516093674488366 -0.12348125302046535 0.1033359375
v -0.13483906325511635 -0.3515187469795346 0.1033359375
v -0.06516093674488366 -0.3515187469795346 0.1033359375
v -0.13483906325511635 -0.3515187469795346 0.07166406249999999
v -0.06516093674488366 -0.3515187469795346 0.07166406249999999
v -0.13483906325511635 -0.12348125302046535 0.1033359375
v -0.06516093674488366 -0.12348125302046535 0.1033359375
v -0.13483906325511635 -0.3515187469795346 0.1033359375
v -0.06516093674488366 -0.3515187469795346 0.1033359375
v -0.06516093674488366 -0.12348125302046535 0.07166406249999999
v -0.13483906325511635 -0.12348125302046535 0.07166406249999999
v -0.06516093674488366 -0.3515187469795346 0.07166406249999999
v -0.13483906325511635 -0.3515187469795346 0.07166406249999999
vt 0.75 0.875
vt 0.8125 0.875
vt 0.75 0.625
vt 0.8125 0.625
vt 0.75 0.875
vt 0.8125 0.875
vt 0.75 0.625
vt 0.8125 0.625
vt 0.75 0.6875
vt 0.8125 0.6875
vt 0.75 0.625
vt 0.8125 0.625
vt 0.75 0.6875
vt 0.8125 0.6875
vt 0.75 0.625
vt 0.8125 0.625
vt 0.75 0.875
vt 0.8125 0.875
vt 0.75 0.625
vt 0.8125 0.625
vt 0.75 0.875
vt 0.8125 0.875
vt 0.75 0.625
vt 0.8125 0.625
vn 1 0 0
vn 1 0 0
vn 1 0 0
vn 1 0 0
vn -1 0 0
vn -1 0 0
vn -1 0 0
vn -1 0 0
vn 0 1 0
vn 0 1 0
vn 0 1 0
vn 0 1 0
vn 0 -1 0
vn 0 -1 0
vn 0 -1 0
vn 0 -1 0
vn 0 0 1
vn 0 0 1
vn 0 0 1
vn 0 0 1
vn 0 0 -1
vn 0 0 -1
vn 0 0 -1
vn 0 0 -1
f 433/433/433 435/435/435 434/434/434
f 435/435/435 436/436/436 434/434/434
f 437/437/437 439/439/439 438/438/438
f 439/439/439 440/440/440 438/438/438
f 441/441/441 443/443/443 442/442/442
f 443/443/443 444/444/444 442/442/442
f 445/445/445 447/447/447 446/446/446
f 447/447/447 448/448/448 446/446/446
f 449/449/449 451/451/451 450/450/450
f 451/451/451 452/452/452 450/450/450
f 453/453/453 455/455/455 454/454/454
f 455/455/455 456/456/456 454/454/454
o rag_0_tip_20
usemtl grave_rag
v -0.05867187500000001 -0.3608124984428287 0.103828125
v -0.05867187500000001 -0.3608124984428287 0.071171875
v -0.05867187500000001 -0.43918750155717134 0.103828125
v -0.05867187500000001 -0.43918750155717134 0.071171875
v -0.09132812500000001 -0.3608124984428287 0.071171875
v -0.09132812500000001 -0.3608124984428287 0.103828125
v -0.09132812500000001 -0.43918750155717134 0.071171875
v -0.09132812500000001 -0.43918750155717134 0.103828125
v -0.09132812500000001 -0.3608124984428287 0.071171875
v -0.05867187500000001 -0.3608124984428287 0.071171875
v -0.09132812500000001 -0.3608124984428287 0.103828125
v -0.05867187500000001 -0.3608124984428287 0.103828125
v -0.09132812500000001 -0.43918750155717134 0.103828125
v -0.05867187500000001 -0.43918750155717134 0.103828125
v -0.09132812500000001 -0.43918750155717134 0.071171875
v -0.05867187500000001 -0.43918750155717134 0.071171875
v -0.09132812500000001 -0.3608124984428287 0.103828125
v -0.05867187500000001 -0.3608124984428287 0.103828125
v -0.09132812500000001 -0.43918750155717134 0.103828125
v -0.05867187500000001 -0.43918750155717134 0.103828125
v -0.05867187500000001 -0.3608124984428287 0.071171875
v -0.09132812500000001 -0.3608124984428287 0.071171875
v -0.05867187500000001 -0.43918750155717134 0.071171875
v -0.09132812500000001 -0.43918750155717134 0.071171875
vt 0.75 0.6875
vt 0.8125 0.6875
vt 0.75 0.625
vt 0.8125 0.625
vt 0.75 0.6875
vt 0.8125 0.6875
vt 0.75 0.625
vt 0.8125 0.625
vt 0.75 0.6875
vt 0.8125 0.6875
vt 0.75 0.625
vt 0.8125 0.625
vt 0.75 0.6875
vt 0.8125 0.6875
vt 0.75 0.625
vt 0.8125 0.625
vt 0.75 0.6875
vt 0.8125 0.6875
vt 0.75 0.625
vt 0.8125 0.625
vt 0.75 0.6875
vt 0.8125 0.6875
vt 0.75 0.625
vt 0.8125 0.625
vn 1 0 0
vn 1 0 0
vn 1 0 0
vn 1 0 0
vn -1 0 0
vn -1 0 0
vn -1 0 0
vn -1 0 0
vn 0 1 0
vn 0 1 0
vn 0 1 0
vn 0 1 0
vn 0 -1 0
vn 0 -1 0
vn 0 -1 0
vn 0 -1 0
vn 0 0 1
vn 0 0 1
vn 0 0 1
vn 0 0 1
vn 0 0 -1
vn 0 0 -1
vn 0 0 -1
vn 0 0 -1
f 457/457/457 459/459/459 458/458/458
f 459/459/459 460/460/460 458/458/458
f 461/461/461 463/463/463 462/462/462
f 463/463/463 464/464/464 462/462/462
f 465/465/465 467/467/467 466/466/466
f 467/467/467 468/468/468 466/466/466
f 469/469/469 471/471/471 470/470/470
f 471/471/471 472/472/472 470/470/470
f 473/473/473 475/475/475 474/474/474
f 475/475/475 476/476/476 474/474/474
f 477/477/477 479/479/479 478/478/478
f 479/479/479 480/480/480 478/478/478
o rag_1_21
usemtl grave_rag
v 0.1195374992415309 0.1903125 0.13158750075846912
v 0.1195374992415309 0.1903125 0.0934124992415309
v 0.1195374992415309 -0.1278125 0.13158750075846912
v 0.1195374992415309 -0.1278125 0.0934124992415309
v 0.030462500758469103 0.1903125 0.0934124992415309
v 0.030462500758469103 0.1903125 0.13158750075846912
v 0.030462500758469103 -0.1278125 0.0934124992415309
v 0.030462500758469103 -0.1278125 0.13158750075846912
v 0.030462500758469103 0.1903125 0.0934124992415309
v 0.1195374992415309 0.1903125 0.0934124992415309
v 0.030462500758469103 0.1903125 0.13158750075846912
v 0.1195374992415309 0.1903125 0.13158750075846912
v 0.030462500758469103 -0.1278125 0.13158750075846912
v 0.1195374992415309 -0.1278125 0.13158750075846912
v 0.030462500758469103 -0.1278125 0.0934124992415309
v 0.1195374992415309 -0.1278125 0.0934124992415309
v 0.030462500758469103 0.1903125 0.13158750075846912
v 0.1195374992415309 0.1903125 0.13158750075846912
v 0.030462500758469103 -0.1278125 0.13158750075846912
v 0.1195374992415309 -0.1278125 0.13158750075846912
v 0.1195374992415309 0.1903125 0.0934124992415309
v 0.030462500758469103 0.1903125 0.0934124992415309
v 0.1195374992415309 -0.1278125 0.0934124992415309
v 0.030462500758469103 -0.1278125 0.0934124992415309
vt 0.25 0.3125
vt 0.3125 0.3125
vt 0.25 0
vt 0.3125 0
vt 0.25 0.3125
vt 0.3125 0.3125
vt 0.25 0
vt 0.3125 0
vt 0.25 0.0625
vt 0.3125 0.0625
vt 0.25 0
vt 0.3125 0
vt 0.25 0.0625
vt 0.3125 0.0625
vt 0.25 0
vt 0.3125 0
vt 0.25 0.3125
vt 0.3125 0.3125
vt 0.25 0
vt 0.3125 0
vt 0.25 0.3125
vt 0.3125 0.3125
vt 0.25 0
vt 0.3125 0
vn 0.9999999999999999 0 0
vn 0.9999999999999999 0 0
vn 0.9999999999999999 0 0
vn 0.9999999999999999 0 0
vn -0.9999999999999999 0 0
vn -0.9999999999999999 0 0
vn -0.9999999999999999 0 0
vn -0.9999999999999999 0 0
vn 0 0.9999999999999999 0
vn 0 0.9999999999999999 0
vn 0 0.9999999999999999 0
vn 0 0.9999999999999999 0
vn 0 -0.9999999999999999 0
vn 0 -0.9999999999999999 0
vn 0 -0.9999999999999999 0
vn 0 -0.9999999999999999 0
vn 0 0 0.9999999999999999
vn 0 0 0.9999999999999999
vn 0 0 0.9999999999999999
vn 0 0 0.9999999999999999
vn 0 0 -0.9999999999999999
vn 0 0 -0.9999999999999999
vn 0 0 -0.9999999999999999
vn 0 0 -0.9999999999999999
f 481/481/481 483/483/483 482/482/482
f 483/483/483 484/484/484 482/482/482
f 485/485/485 487/487/487 486/486/486
f 487/487/487 488/488/488 486/486/486
f 489/489/489 491/491/491 490/490/490
f 491/491/491 492/492/492 490/490/490
f 493/493/493 495/495/495 494/494/494
f 495/495/495 496/496/496 494/494/494
f 497/497/497 499/499/499 498/498/498
f 499/499/499 500/500/500 498/498/498
f 501/501/501 503/503/503 502/502/502
f 503/503/503 504/504/504 502/502/502
o rag_1_tip_22
usemtl grave_rag
v 0.11107656328193843 -0.11788437812775371 0.12889843750000002
v 0.11107656328193843 -0.11788437812775371 0.0961015625
v 0.11107656328193843 -0.41961562187224627 0.12889843750000002
v 0.11107656328193843 -0.41961562187224627 0.0961015625
v 0.03892343671806156 -0.11788437812775371 0.0961015625
v 0.03892343671806156 -0.11788437812775371 0.12889843750000002
v 0.03892343671806156 -0.41961562187224627 0.0961015625
v 0.03892343671806156 -0.41961562187224627 0.12889843750000002
v 0.03892343671806156 -0.11788437812775371 0.0961015625
v 0.11107656328193843 -0.11788437812775371 0.0961015625
v 0.03892343671806156 -0.11788437812775371 0.12889843750000002
v 0.11107656328193843 -0.11788437812775371 0.12889843750000002
v 0.03892343671806156 -0.41961562187224627 0.12889843750000002
v 0.11107656328193843 -0.41961562187224627 0.12889843750000002
v 0.03892343671806156 -0.41961562187224627 0.0961015625
v 0.11107656328193843 -0.41961562187224627 0.0961015625
v 0.03892343671806156 -0.11788437812775371 0.12889843750000002
v 0.11107656328193843 -0.11788437812775371 0.12889843750000002
v 0.03892343671806156 -0.41961562187224627 0.12889843750000002
v 0.11107656328193843 -0.41961562187224627 0.12889843750000002
v 0.11107656328193843 -0.11788437812775371 0.0961015625
v 0.03892343671806156 -0.11788437812775371 0.0961015625
v 0.11107656328193843 -0.41961562187224627 0.0961015625
v 0.03892343671806156 -0.41961562187224627 0.0961015625
vt 0 0.375
vt 0.0625 0.375
vt 0 0.0625
vt 0.0625 0.0625
vt 0 0.375
vt 0.0625 0.375
vt 0 0.0625
vt 0.0625 0.0625
vt 0 0.125
vt 0.0625 0.125
vt 0 0.0625
vt 0.0625 0.0625
vt 0 0.125
vt 0.0625 0.125
vt 0 0.0625
vt 0.0625 0.0625
vt 0 0.375
vt 0.0625 0.375
vt 0 0.0625
vt 0.0625 0.0625
vt 0 0.375
vt 0.0625 0.375
vt 0 0.0625
vt 0.0625 0.0625
vn 1 0 0
vn 1 0 0
vn 1 0 0
vn 1 0 0
vn -1 0 0
vn -1 0 0
vn -1 0 0
vn -1 0 0
vn 0 1 0
vn 0 1 0
vn 0 1 0
vn 0 1 0
vn 0 -1 0
vn 0 -1 0
vn 0 -1 0
vn 0 -1 0
vn 0 0 1
vn 0 0 1
vn 0 0 1
vn 0 0 1
vn 0 0 -1
vn 0 0 -1
vn 0 0 -1
vn 0 0 -1
f 505/505/505 507/507/507 506/506/506
f 507/507/507 508/508/508 506/506/506
f 509/509/509 511/511/511 510/510/510
f 511/511/511 512/512/512 510/510/510
f 513/513/513 515/515/515 514/514/514
f 515/515/515 516/516/516 514/514/514
f 517/517/517 519/519/519 518/518/518
f 519/519/519 520/520/520 518/518/518
f 521/521/521 523/523/523 522/522/522
f 523/523/523 524/524/524 522/522/522
f 525/525/525 527/527/527 526/526/526
f 527/527/527 528/528/528 526/526/526
o rag_1_tip_23
usemtl grave_rag
v 0.1159765625 -0.4241562484763563 0.1284765625
v 0.1159765625 -0.4241562484763563 0.0965234375
v 0.1159765625 -0.5008437515236438 0.1284765625
v 0.1159765625 -0.5008437515236438 0.0965234375
v 0.0840234375 -0.4241562484763563 0.0965234375
v 0.0840234375 -0.4241562484763563 0.1284765625
v 0.0840234375 -0.5008437515236438 0.0965234375
v 0.0840234375 -0.5008437515236438 0.1284765625
v 0.0840234375 -0.4241562484763563 0.0965234375
v 0.1159765625 -0.4241562484763563 0.0965234375
v 0.0840234375 -0.4241562484763563 0.1284765625
v 0.1159765625 -0.4241562484763563 0.1284765625
v 0.0840234375 -0.5008437515236438 0.1284765625
v 0.1159765625 -0.5008437515236438 0.1284765625
v 0.0840234375 -0.5008437515236438 0.0965234375
v 0.1159765625 -0.5008437515236438 0.0965234375
v 0.0840234375 -0.4241562484763563 0.1284765625
v 0.1159765625 -0.4241562484763563 0.1284765625
v 0.0840234375 -0.5008437515236438 0.1284765625
v 0.1159765625 -0.5008437515236438 0.1284765625
v 0.1159765625 -0.4241562484763563 0.0965234375
v 0.0840234375 -0.4241562484763563 0.0965234375
v 0.1159765625 -0.5008437515236438 0.0965234375
v 0.0840234375 -0.5008437515236438 0.0965234375
vt 0.75 0.6875
vt 0.8125 0.6875
vt 0.75 0.625
vt 0.8125 0.625
vt 0.75 0.6875
vt 0.8125 0.6875
vt 0.75 0.625
vt 0.8125 0.625
vt 0.75 0.6875
vt 0.8125 0.6875
vt 0.75 0.625
vt 0.8125 0.625
vt 0.75 0.6875
vt 0.8125 0.6875
vt 0.75 0.625
vt 0.8125 0.625
vt 0.75 0.6875
vt 0.8125 0.6875
vt 0.75 0.625
vt 0.8125 0.625
vt 0.75 0.6875
vt 0.8125 0.6875
vt 0.75 0.625
vt 0.8125 0.625
vn 1 0 0
vn 1 0 0
vn 1 0 0
vn 1 0 0
vn -1 0 0
vn -1 0 0
vn -1 0 0
vn -1 0 0
vn 0 1 0
vn 0 1 0
vn 0 1 0
vn 0 1 0
vn 0 -1 0
vn 0 -1 0
vn 0 -1 0
vn 0 -1 0
vn 0 0 1
vn 0 0 1
vn 0 0 1
vn 0 0 1
vn 0 0 -1
vn 0 0 -1
vn 0 0 -1
vn 0 0 -1
f 529/529/529 531/531/531 530/530/530
f 531/531/531 532/532/532 530/530/530
f 533/533/533 535/535/535 534/534/534
f 535/535/535 536/536/536 534/534/534
f 537/537/537 539/539/539 538/538/538
f 539/539/539 540/540/540 538/538/538
f 541/541/541 543/543/543 542/542/542
f 543/543/543 544/544/544 542/542/542
f 545/545/545 547/547/547 546/546/546
f 547/547/547 548/548/548 546/546/546
f 549/549/549 551/551/551 550/550/550
f 551/551/551 552/552/552 550/550/550
o rag_2_24
usemtl grave_rag
v 0.058612499214708805 0.19593750000000001 -0.1052374992147088
v 0.058612499214708805 0.19593750000000001 -0.14476250078529118
v 0.058612499214708805 -0.13343750000000001 -0.1052374992147088
v 0.058612499214708805 -0.13343750000000001 -0.14476250078529118
v -0.03361249921470881 0.19593750000000001 -0.14476250078529118
v -0.03361249921470881 0.19593750000000001 -0.1052374992147088
v -0.03361249921470881 -0.13343750000000001 -0.14476250078529118
v -0.03361249921470881 -0.13343750000000001 -0.1052374992147088
v -0.03361249921470881 0.19593750000000001 -0.14476250078529118
v 0.058612499214708805 0.19593750000000001 -0.14476250078529118
v -0.03361249921470881 0.19593750000000001 -0.1052374992147088
v 0.058612499214708805 0.19593750000000001 -0.1052374992147088
v -0.03361249921470881 -0.13343750000000001 -0.1052374992147088
v 0.058612499214708805 -0.13343750000000001 -0.1052374992147088
v -0.03361249921470881 -0.13343750000000001 -0.14476250078529118
v 0.058612499214708805 -0.13343750000000001 -0.14476250078529118
v -0.03361249921470881 0.19593750000000001 -0.1052374992147088
v 0.058612499214708805 0.19593750000000001 -0.1052374992147088
v -0.03361249921470881 -0.13343750000000001 -0.1052374992147088
v 0.058612499214708805 -0.13343750000000001 -0.1052374992147088
v 0.058612499214708805 0.19593750000000001 -0.14476250078529118
v -0.03361249921470881 0.19593750000000001 -0.14476250078529118
v 0.058612499214708805 -0.13343750000000001 -0.14476250078529118
v -0.03361249921470881 -0.13343750000000001 -0.14476250078529118
vt 0.25 0.3125
vt 0.3125 0.3125
vt 0.25 0
vt 0.3125 0
vt 0.25 0.3125
vt 0.3125 0.3125
vt 0.25 0
vt 0.3125 0
vt 0.25 0.0625
vt 0.3125 0.0625
vt 0.25 0
vt 0.3125 0
vt 0.25 0.0625
vt 0.3125 0.0625
vt 0.25 0
vt 0.3125 0
vt 0.25 0.3125
vt 0.3125 0.3125
vt 0.25 0
vt 0.3125 0
vt 0.25 0.3125
vt 0.3125 0.3125
vt 0.25 0
vt 0.3125 0
vn 1 0 0
vn 1 0 0
vn 1 0 0
vn 1 0 0
vn -1 0 0
vn -1 0 0
vn -1 0 0
vn -1 0 0
vn 0 1 0
vn 0 1 0
vn 0 1 0
vn 0 1 0
vn 0 -1 0
vn 0 -1 0
vn 0 -1 0
vn 0 -1 0
vn 0 0 1
vn 0 0 1
vn 0 0 1
vn 0 0 1
vn 0 0 -1
vn 0 0 -1
vn 0 0 -1
vn 0 0 -1
f 553/553/553 555/555/555 554/554/554
f 555/555/555 556/556/556 554/554/554
f 557/557/557 559/559/559 558/558/558
f 559/559/559 560/560/560 558/558/558
f 561/561/561 563/563/563 562/562/562
f 563/563/563 564/564/564 562/562/562
f 565/565/565 567/567/567 566/566/566
f 567/567/567 568/568/568 566/566/566
f 569/569/569 571/571/571 570/570/570
f 571/571/571 572/572/572 570/570/570
f 573/573/573 575/575/575 574/574/574
f 575/575/575 576/576/576 574/574/574
o rag_2_tip_25
usemtl grave_rag
v 0.04780312576517462 -0.12027500306069852 -0.108953125
v 0.04780312576517462 -0.12027500306069852 -0.141046875
v 0.04780312576517462 -0.4797249969393015 -0.108953125
v 0.04780312576517462 -0.4797249969393015 -0.141046875
v -0.022803125765174622 -0.12027500306069852 -0.141046875
v -0.022803125765174622 -0.12027500306069852 -0.108953125
v -0.022803125765174622 -0.4797249969393015 -0.141046875
v -0.022803125765174622 -0.4797249969393015 -0.108953125
v -0.022803125765174622 -0.12027500306069852 -0.141046875
v 0.04780312576517462 -0.12027500306069852 -0.141046875
v -0.022803125765174622 -0.12027500306069852 -0.108953125
v 0.04780312576517462 -0.12027500306069852 -0.108953125
v -0.022803125765174622 -0.4797249969393015 -0.108953125
v 0.04780312576517462 -0.4797249969393015 -0.108953125
v -0.022803125765174622 -0.4797249969393015 -0.141046875
v 0.04780312576517462 -0.4797249969393015 -0.141046875
v -0.022803125765174622 -0.12027500306069852 -0.108953125
v 0.04780312576517462 -0.12027500306069852 -0.108953125
v -0.022803125765174622 -0.4797249969393015 -0.108953125
v 0.04780312576517462 -0.4797249969393015 -0.108953125
v 0.04780312576517462 -0.12027500306069852 -0.141046875
v -0.022803125765174622 -0.12027500306069852 -0.141046875
v 0.04780312576517462 -0.4797249969393015 -0.141046875
v -0.022803125765174622 -0.4797249969393015 -0.141046875
vt 0.875 1.25
vt 0.9375 1.25
vt 0.875 0.875
vt 0.9375 0.875
vt 0.875 1.25
vt 0.9375 1.25
vt 0.875 0.875
vt 0.9375 0.875
vt 0.875 0.9375
vt 0.9375 0.9375
vt 0.875 0.875
vt 0.9375 0.875
vt 0.875 0.9375
vt 0.9375 0.9375
vt 0.875 0.875
vt 0.9375 0.875
vt 0.875 1.25
vt 0.9375 1.25
vt 0.875 0.875
vt 0.9375 0.875
vt 0.875 1.25
vt 0.9375 1.25
vt 0.875 0.875
vt 0.9375 0.875
vn 1 0 0
vn 1 0 0
vn 1 0 0
vn 1 0 0
vn -1 0 0
vn -1 0 0
vn -1 0 0
vn -1 0 0
vn 0 1 0
vn 0 1 0
vn 0 1 0
vn 0 1 0
vn 0 -1 0
vn 0 -1 0
vn 0 -1 0
vn 0 -1 0
vn 0 0 1
vn 0 0 1
vn 0 0 1
vn 0 0 1
vn 0 0 -1
vn 0 0 -1
vn 0 0 -1
vn 0 0 -1
f 577/577/577 579/579/579 578/578/578
f 579/579/579 580/580/580 578/578/578
f 581/581/581 583/583/583 582/582/582
f 583/583/583 584/584/584 582/582/582
f 585/585/585 587/587/587 586/586/586
f 587/587/587 588/588/588 586/586/586
f 589/589/589 591/591/591 590/590/590
f 591/591/591 592/592/592 590/590/590
f 593/593/593 595/595/595 594/594/594
f 595/595/595 596/596/596 594/594/594
f 597/597/597 599/599/599 598/598/598
f 599/599/599 600/600/600 598/598/598
o rag_2_tip_26
usemtl grave_rag
v 0.053125000000000006 -0.4874999985098839 -0.109375
v 0.053125000000000006 -0.4874999985098839 -0.140625
v 0.053125000000000006 -0.5625000014901161 -0.109375
v 0.053125000000000006 -0.5625000014901161 -0.140625
v 0.021875000000000006 -0.4874999985098839 -0.140625
v 0.021875000000000006 -0.4874999985098839 -0.109375
v 0.021875000000000006 -0.5625000014901161 -0.140625
v 0.021875000000000006 -0.5625000014901161 -0.109375
v 0.021875000000000006 -0.4874999985098839 -0.140625
v 0.053125000000000006 -0.4874999985098839 -0.140625
v 0.021875000000000006 -0.4874999985098839 -0.109375
v 0.053125000000000006 -0.4874999985098839 -0.109375
v 0.021875000000000006 -0.5625000014901161 -0.109375
v 0.053125000000000006 -0.5625000014901161 -0.109375
v 0.021875000000000006 -0.5625000014901161 -0.140625
v 0.053125000000000006 -0.5625000014901161 -0.140625
v 0.021875000000000006 -0.4874999985098839 -0.109375
v 0.053125000000000006 -0.4874999985098839 -0.109375
v 0.021875000000000006 -0.5625000014901161 -0.109375
v 0.053125000000000006 -0.5625000014901161 -0.109375
v 0.053125000000000006 -0.4874999985098839 -0.140625
v 0.021875000000000006 -0.4874999985098839 -0.140625
v 0.053125000000000006 -0.5625000014901161 -0.140625
v 0.021875000000000006 -0.5625000014901161 -0.140625
vt 0.75 0.6875
vt 0.8125 0.6875
vt 0.75 0.625
vt 0.8125 0.625
vt 0.75 0.6875
vt 0.8125 0.6875
vt 0.75 0.625
vt 0.8125 0.625
vt 0.75 0.6875
vt 0.8125 0.6875
vt 0.75 0.625
vt 0.8125 0.625
vt 0.75 0.6875
vt 0.8125 0.6875
vt 0.75 0.625
vt 0.8125 0.625
vt 0.75 0.6875
vt 0.8125 0.6875
vt 0.75 0.625
vt 0.8125 0.625
vt 0.75 0.6875
vt 0.8125 0.6875
vt 0.75 0.625
vt 0.8125 0.625
vn 1 0 0
vn 1 0 0
vn 1 0 0
vn 1 0 0
vn -1 0 0
vn -1 0 0
vn -1 0 0
vn -1 0 0
vn 0 1 0
vn 0 1 0
vn 0 1 0
vn 0 1 0
vn 0 -1 0
vn 0 -1 0
vn 0 -1 0
vn 0 -1 0
vn 0 0 1
vn 0 0 1
vn 0 0 1
vn 0 0 1
vn 0 0 -1
vn 0 0 -1
vn 0 0 -1
vn 0 0 -1
f 601/601/601 603/603/603 602/602/602
f 603/603/603 604/604/604 602/602/602
f 605/605/605 607/607/607 606/606/606
f 607/607/607 608/608/608 606/606/606
f 609/609/609 611/611/611 610/610/610
f 611/611/611 612/612/612 610/610/610
f 613/613/613 615/615/615 614/614/614
f 615/615/615 616/616/616 614/614/614
f 617/617/617 619/619/619 618/618/618
f 619/619/619 620/620/620 618/618/618
f 621/621/621 623/623/623 622/622/622
f 623/623/623 624/624/624 622/622/622
o haft_137
usemtl grave_iron
v -0.08412499688565732 1.59515625 0.03265625
v -0.08412499688565732 1.59515625 -0.03265625
v -0.08412499688565732 1.52984375 0.03265625
v -0.08412499688565732 1.52984375 -0.03265625
v -0.24087500311434268 1.59515625 -0.03265625
v -0.24087500311434268 1.59515625 0.03265625
v -0.24087500311434268 1.52984375 -0.03265625
v -0.24087500311434268 1.52984375 0.03265625
v -0.24087500311434268 1.59515625 -0.03265625
v -0.08412499688565732 1.59515625 -0.03265625
v -0.24087500311434268 1.59515625 0.03265625
v -0.08412499688565732 1.59515625 0.03265625
v -0.24087500311434268 1.52984375 0.03265625
v -0.08412499688565732 1.52984375 0.03265625
v -0.24087500311434268 1.52984375 -0.03265625
v -0.08412499688565732 1.52984375 -0.03265625
v -0.24087500311434268 1.59515625 0.03265625
v -0.08412499688565732 1.59515625 0.03265625
v -0.24087500311434268 1.52984375 0.03265625
v -0.08412499688565732 1.52984375 0.03265625
v -0.08412499688565732 1.59515625 -0.03265625
v -0.24087500311434268 1.59515625 -0.03265625
v -0.08412499688565732 1.52984375 -0.03265625
v -0.24087500311434268 1.52984375 -0.03265625
vt 0.5 0.6875
vt 0.5625 0.6875
vt 0.5 0.625
vt 0.5625 0.625
vt 0.5 0.6875
vt 0.5625 0.6875
vt 0.5 0.625
vt 0.5625 0.625
vt 0.5 0.6875
vt 0.625 0.6875
vt 0.5 0.625
vt 0.625 0.625
vt 0.5 0.6875
vt 0.625 0.6875
vt 0.5 0.625
vt 0.625 0.625
vt 0.5 0.6875
vt 0.625 0.6875
vt 0.5 0.625
vt 0.625 0.625
vt 0.5 0.6875
vt 0.625 0.6875
vt 0.5 0.625
vt 0.625 0.625
vn 1 0 0
vn 1 0 0
vn 1 0 0
vn 1 0 0
vn -1 0 0
vn -1 0 0
vn -1 0 0
vn -1 0 0
vn 0 1 0
vn 0 1 0
vn 0 1 0
vn 0 1 0
vn 0 -1 0
vn 0 -1 0
vn 0 -1 0
vn 0 -1 0
vn 0 0 1
vn 0 0 1
vn 0 0 1
vn 0 0 1
vn 0 0 -1
vn 0 0 -1
vn 0 0 -1
vn 0 0 -1
f 625/625/625 627/627/627 626/626/626
f 627/627/627 628/628/628 626/626/626
f 629/629/629 631/631/631 630/630/630
f 631/631/631 632/632/632 630/630/630
f 633/633/633 635/635/635 634/634/634
f 635/635/635 636/636/636 634/634/634
f 637/637/637 639/639/639 638/638/638
f 639/639/639 640/640/640 638/638/638
f 641/641/641 643/643/643 642/642/642
f 643/643/643 644/644/644 642/642/642
f 645/645/645 647/647/647 646/646/646
f 647/647/647 648/648/648 646/646/646
o lantern_link_0_138
usemtl grave_iron
v -0.18727499981038273 1.5572624984830619 0.012725000189617277
v -0.18727499981038273 1.5572624984830619 -0.012725000189617277
v -0.18727499981038273 1.4427375015169381 0.012725000189617277
v -0.18727499981038273 1.4427375015169381 -0.012725000189617277
v -0.2127250001896173 1.5572624984830619 -0.012725000189617277
v -0.2127250001896173 1.5572624984830619 0.012725000189617277
v -0.2127250001896173 1.4427375015169381 -0.012725000189617277
v -0.2127250001896173 1.4427375015169381 0.012725000189617277
v -0.2127250001896173 1.5572624984830619 -0.012725000189617277
v -0.18727499981038273 1.5572624984830619 -0.012725000189617277
v -0.2127250001896173 1.5572624984830619 0.012725000189617277
v -0.18727499981038273 1.5572624984830619 0.012725000189617277
v -0.2127250001896173 1.4427375015169381 0.012725000189617277
v -0.18727499981038273 1.4427375015169381 0.012725000189617277
v -0.2127250001896173 1.4427375015169381 -0.012725000189617277
v -0.18727499981038273 1.4427375015169381 -0.012725000189617277
v -0.2127250001896173 1.5572624984830619 0.012725000189617277
v -0.18727499981038273 1.5572624984830619 0.012725000189617277
v -0.2127250001896173 1.4427375015169381 0.012725000189617277
v -0.18727499981038273 1.4427375015169381 0.012725000189617277
v -0.18727499981038273 1.5572624984830619 -0.012725000189617277
v -0.2127250001896173 1.5572624984830619 -0.012725000189617277
v -0.18727499981038273 1.4427375015169381 -0.012725000189617277
v -0.2127250001896173 1.4427375015169381 -0.012725000189617277
vt 0.125 0.75
vt 0.1875 0.75
vt 0.125 0.625
vt 0.1875 0.625
vt 0.125 0.75
vt 0.1875 0.75
vt 0.125 0.625
vt 0.1875 0.625
vt 0.125 0.6875
vt 0.1875 0.6875
vt 0.125 0.625
vt 0.1875 0.625
vt 0.125 0.6875
vt 0.1875 0.6875
vt 0.125 0.625
vt 0.1875 0.625
vt 0.125 0.75
vt 0.1875 0.75
vt 0.125 0.625
vt 0.1875 0.625
vt 0.125 0.75
vt 0.1875 0.75
vt 0.125 0.625
vt 0.1875 0.625
vn 0.9999999999999999 0 0
vn 0.9999999999999999 0 0
vn 0.9999999999999999 0 0
vn 0.9999999999999999 0 0
vn -0.9999999999999999 0 0
vn -0.9999999999999999 0 0
vn -0.9999999999999999 0 0
vn -0.9999999999999999 0 0
vn 0 0.9999999999999999 0
vn 0 0.9999999999999999 0
vn 0 0.9999999999999999 0
vn 0 0.9999999999999999 0
vn 0 -0.9999999999999999 0
vn 0 -0.9999999999999999 0
vn 0 -0.9999999999999999 0
vn 0 -0.9999999999999999 0
vn 0 0 0.9999999999999999
vn 0 0 0.9999999999999999
vn 0 0 0.9999999999999999
vn 0 0 0.9999999999999999
vn 0 0 -0.9999999999999999
vn 0 0 -0.9999999999999999
vn 0 0 -0.9999999999999999
vn 0 0 -0.9999999999999999
f 649/649/649 651/651/651 650/650/650
f 651/651/651 652/652/652 650/650/650
f 653/653/653 655/655/655 654/654/654
f 655/655/655 656/656/656 654/654/654
f 657/657/657 659/659/659 658/658/658
f 659/659/659 660/660/660 658/658/658
f 661/661/661 663/663/663 662/662/662
f 663/663/663 664/664/664 662/662/662
f 665/665/665 667/667/667 666/666/666
f 667/667/667 668/668/668 666/666/666
f 669/669/669 671/671/671 670/670/670
f 671/671/671 672/672/672 670/670/670
o lantern_link_0_139
usemtl grave_iron
v -0.2368812498045154 1.5590343734361232 0.01311875019548461
v -0.2368812498045154 1.5590343734361232 -0.01311875019548461
v -0.2368812498045154 1.4409656265638768 0.01311875019548461
v -0.2368812498045154 1.4409656265638768 -0.01311875019548461
v -0.2631187501954846 1.5590343734361232 -0.01311875019548461
v -0.2631187501954846 1.5590343734361232 0.01311875019548461
v -0.2631187501954846 1.4409656265638768 -0.01311875019548461
v -0.2631187501954846 1.4409656265638768 0.01311875019548461
v -0.2631187501954846 1.5590343734361232 -0.01311875019548461
v -0.2368812498045154 1.5590343734361232 -0.01311875019548461
v -0.2631187501954846 1.5590343734361232 0.01311875019548461
v -0.2368812498045154 1.5590343734361232 0.01311875019548461
v -0.2631187501954846 1.4409656265638768 0.01311875019548461
v -0.2368812498045154 1.4409656265638768 0.01311875019548461
v -0.2631187501954846 1.4409656265638768 -0.01311875019548461
v -0.2368812498045154 1.4409656265638768 -0.01311875019548461
v -0.2631187501954846 1.5590343734361232 0.01311875019548461
v -0.2368812498045154 1.5590343734361232 0.01311875019548461
v -0.2631187501954846 1.4409656265638768 0.01311875019548461
v -0.2368812498045154 1.4409656265638768 0.01311875019548461
v -0.2368812498045154 1.5590343734361232 -0.01311875019548461
v -0.2631187501954846 1.5590343734361232 -0.01311875019548461
v -0.2368812498045154 1.4409656265638768 -0.01311875019548461
v -0.2631187501954846 1.4409656265638768 -0.01311875019548461
vt 0.125 0.75
vt 0.1875 0.75
vt 0.125 0.625
vt 0.1875 0.625
vt 0.125 0.75
vt 0.1875 0.75
vt 0.125 0.625
vt 0.1875 0.625
vt 0.125 0.6875
vt 0.1875 0.6875
vt 0.125 0.625
vt 0.1875 0.625
vt 0.125 0.6875
vt 0.1875 0.6875
vt 0.125 0.625
vt 0.1875 0.625
vt 0.125 0.75
vt 0.1875 0.75
vt 0.125 0.625
vt 0.1875 0.625
vt 0.125 0.75
vt 0.1875 0.75
vt 0.125 0.625
vt 0.1875 0.625
vn 1 0 0
vn 1 0 0
vn 1 0 0
vn 1 0 0
vn -1 0 0
vn -1 0 0
vn -1 0 0
vn -1 0 0
vn 0 1 0
vn 0 1 0
vn 0 1 0
vn 0 1 0
vn 0 -1 0
vn 0 -1 0
vn 0 -1 0
vn 0 -1 0
vn 0 0 1
vn 0 0 1
vn 0 0 1
vn 0 0 1
vn 0 0 -1
vn 0 0 -1
vn 0 0 -1
vn 0 0 -1
f 673/673/673 675/675/675 674/674/674
f 675/675/675 676/676/676 674/674/674
f 677/677/677 679/679/679 678/678/678
f 679/679/679 680/680/680 678/678/678
f 681/681/681 683/683/683 682/682/682
f 683/683/683 684/684/684 682/682/682
f 685/685/685 687/687/687 686/686/686
f 687/687/687 688/688/688 686/686/686
f 689/689/689 691/691/691 690/690/690
f 691/691/691 692/692/692 690/690/690
f 693/693/693 695/695/695 694/694/694
f 695/695/695 696/696/696 694/694/694
o lantern_link_0_140
usemtl grave_iron
v -0.18665624847635628 1.5565312501904554 0.012781250190455467
v -0.18665624847635628 1.5565312501904554 -0.012781250190455467
v -0.18665624847635628 1.5309687498095446 0.012781250190455467
v -0.18665624847635628 1.5309687498095446 -0.012781250190455467
v -0.26334375152364375 1.5565312501904554 -0.012781250190455467
v -0.26334375152364375 1.5565312501904554 0.012781250190455467
v -0.26334375152364375 1.5309687498095446 -0.012781250190455467
v -0.26334375152364375 1.5309687498095446 0.012781250190455467
v -0.26334375152364375 1.5565312501904554 -0.012781250190455467
v -0.18665624847635628 1.5565312501904554 -0.012781250190455467
v -0.26334375152364375 1.5565312501904554 0.012781250190455467
v -0.18665624847635628 1.5565312501904554 0.012781250190455467
v -0.26334375152364375 1.5309687498095446 0.012781250190455467
v -0.18665624847635628 1.5309687498095446 0.012781250190455467
v -0.26334375152364375 1.5309687498095446 -0.012781250190455467
v -0.18665624847635628 1.5309687498095446 -0.012781250190455467
v -0.26334375152364375 1.5565312501904554 0.012781250190455467
v -0.18665624847635628 1.5565312501904554 0.012781250190455467
v -0.26334375152364375 1.5309687498095446 0.012781250190455467
v -0.18665624847635628 1.5309687498095446 0.012781250190455467
v -0.18665624847635628 1.5565312501904554 -0.012781250190455467
v -0.26334375152364375 1.5565312501904554 -0.012781250190455467
v -0.18665624847635628 1.5309687498095446 -0.012781250190455467
v -0.26334375152364375 1.5309687498095446 -0.012781250190455467
vt 0.75 1
vt 0.8125 1
vt 0.75 0.9375
vt 0.8125 0.9375
vt 0.75 1
vt 0.8125 1
vt 0.75 0.9375
vt 0.8125 0.9375
vt 0.75 1
vt 0.8125 1
vt 0.75 0.9375
vt 0.8125 0.9375
vt 0.75 1
vt 0.8125 1
vt 0.75 0.9375
vt 0.8125 0.9375
vt 0.75 1
vt 0.8125 1
vt 0.75 0.9375
vt 0.8125 0.9375
vt 0.75 1
vt 0.8125 1
vt 0.75 0.9375
vt 0.8125 0.9375
vn 1 0 0
vn 1 0 0
vn 1 0 0
vn 1 0 0
vn -1 0 0
vn -1 0 0
vn -1 0 0
vn -1 0 0
vn 0 1 0
vn 0 1 0
vn 0 1 0
vn 0 1 0
vn 0 -1 0
vn 0 -1 0
vn 0 -1 0
vn 0 -1 0
vn 0 0 1
vn 0 0 1
vn 0 0 1
vn 0 0 1
vn 0 0 -1
vn 0 0 -1
vn 0 0 -1
vn 0 0 -1
f 697/697/697 699/699/699 698/698/698
f 699/699/699 700/700/700 698/698/698
f 701/701/701 703/703/703 702/702/702
f 703/703/703 704/704/704 702/702/702
f 705/705/705 707/707/707 706/706/706
f 707/707/707 708/708/708 706/706/706
f 709/709/709 711/711/711 710/710/710
f 711/711/711 712/712/712 710/710/710
f 713/713/713 715/715/715 714/714/714
f 715/715/715 716/716/716 714/714/714
f 717/717/717 719/719/719 718/718/718
f 719/719/719 720/720/720 718/718/718
o lantern_link_0_141
usemtl grave_iron
v -0.18547499842941761 1.469425000196323 0.0131750001963228
v -0.18547499842941761 1.469425000196323 -0.0131750001963228
v -0.18547499842941761 1.4430749998036771 0.0131750001963228
v -0.18547499842941761 1.4430749998036771 -0.0131750001963228
v -0.2645250015705824 1.469425000196323 -0.0131750001963228
v -0.2645250015705824 1.469425000196323 0.0131750001963228
v -0.2645250015705824 1.4430749998036771 -0.0131750001963228
v -0.2645250015705824 1.4430749998036771 0.0131750001963228
v -0.2645250015705824 1.469425000196323 -0.0131750001963228
v -0.18547499842941761 1.469425000196323 -0.0131750001963228
v -0.2645250015705824 1.469425000196323 0.0131750001963228
v -0.18547499842941761 1.469425000196323 0.0131750001963228
v -0.2645250015705824 1.4430749998036771 0.0131750001963228
v -0.18547499842941761 1.4430749998036771 0.0131750001963228
v -0.2645250015705824 1.4430749998036771 -0.0131750001963228
v -0.18547499842941761 1.4430749998036771 -0.0131750001963228
v -0.2645250015705824 1.469425000196323 0.0131750001963228
v -0.18547499842941761 1.469425000196323 0.0131750001963228
v -0.2645250015705824 1.4430749998036771 0.0131750001963228
v -0.18547499842941761 1.4430749998036771 0.0131750001963228
v -0.18547499842941761 1.469425000196323 -0.0131750001963228
v -0.2645250015705824 1.469425000196323 -0.0131750001963228
v -0.18547499842941761 1.4430749998036771 -0.0131750001963228
v -0.2645250015705824 1.4430749998036771 -0.0131750001963228
vt 0.75 1
vt 0.8125 1
vt 0.75 0.9375
vt 0.8125 0.9375
vt 0.75 1
vt 0.8125 1
vt 0.75 0.9375
vt 0.8125 0.9375
vt 0.75 1
vt 0.8125 1
vt 0.75 0.9375
vt 0.8125 0.9375
vt 0.75 1
vt 0.8125 1
vt 0.75 0.9375
vt 0.8125 0.9375
vt 0.75 1
vt 0.8125 1
vt 0.75 0.9375
vt 0.8125 0.9375
vt 0.75 1
vt 0.8125 1
vt 0.75 0.9375
vt 0.8125 0.9375
vn 1 0 0
vn 1 0 0
vn 1 0 0
vn 1 0 0
vn -1 0 0
vn -1 0 0
vn -1 0 0
vn -1 0 0
vn 0 1 0
vn 0 1 0
vn 0 1 0
vn 0 1 0
vn 0 -1 0
vn 0 -1 0
vn 0 -1 0
vn 0 -1 0
vn 0 0 1
vn 0 0 1
vn 0 0 1
vn 0 0 1
vn 0 0 -1
vn 0 0 -1
vn 0 0 -1
vn 0 0 -1
f 721/721/721 723/723/723 722/722/722
f 723/723/723 724/724/724 722/722/722
f 725/725/725 727/727/727 726/726/726
f 727/727/727 728/728/728 726/726/726
f 729/729/729 731/731/731 730/730/730
f 731/731/731 732/732/732 730/730/730
f 733/733/733 735/735/735 734/734/734
f 735/735/735 736/736/736 734/734/734
f 737/737/737 739/739/739 738/738/738
f 739/739/739 740/740/740 738/738/738
f 741/741/741 743/743/743 742/742/742
f 743/743/743 744/744/744 742/742/742
o lantern_link_1_142
usemtl grave_iron
v -0.21216249980870636 1.4640187484696507 0.03783750019129366
v -0.21216249980870636 1.4640187484696507 0.012162499808706342
v -0.21216249980870636 1.3484812515303493 0.03783750019129366
v -0.21216249980870636 1.3484812515303493 0.012162499808706342
v -0.23783750019129365 1.4640187484696507 0.012162499808706342
v -0.23783750019129365 1.4640187484696507 0.03783750019129366
v -0.23783750019129365 1.3484812515303493 0.012162499808706342
v -0.23783750019129365 1.3484812515303493 0.03783750019129366
v -0.23783750019129365 1.4640187484696507 0.012162499808706342
v -0.21216249980870636 1.4640187484696507 0.012162499808706342
v -0.23783750019129365 1.4640187484696507 0.03783750019129366
v -0.21216249980870636 1.4640187484696507 0.03783750019129366
v -0.23783750019129365 1.3484812515303493 0.03783750019129366
v -0.21216249980870636 1.3484812515303493 0.03783750019129366
v -0.23783750019129365 1.3484812515303493 0.012162499808706342
v -0.21216249980870636 1.3484812515303493 0.012162499808706342
v -0.23783750019129365 1.4640187484696507 0.03783750019129366
v -0.21216249980870636 1.4640187484696507 0.03783750019129366
v -0.23783750019129365 1.3484812515303493 0.03783750019129366
v -0.21216249980870636 1.3484812515303493 0.03783750019129366
v -0.21216249980870636 1.4640187484696507 0.012162499808706342
v -0.23783750019129365 1.4640187484696507 0.012162499808706342
v -0.21216249980870636 1.3484812515303493 0.012162499808706342
v -0.23783750019129365 1.3484812515303493 0.012162499808706342
vt 0.125 0.75
vt 0.1875 0.75
vt 0.125 0.625
vt 0.1875 0.625
vt 0.125 0.75
vt 0.1875 0.75
vt 0.125 0.625
vt 0.1875 0.625
vt 0.125 0.6875
vt 0.1875 0.6875
vt 0.125 0.625
vt 0.1875 0.625
vt 0.125 0.6875
vt 0.1875 0.6875
vt 0.125 0.625
vt 0.1875 0.625
vt 0.125 0.75
vt 0.1875 0.75
vt 0.125 0.625
vt 0.1875 0.625
vt 0.125 0.75
vt 0.1875 0.75
vt 0.125 0.625
vt 0.1875 0.625
vn 1 0 0
vn 1 0 0
vn 1 0 0
vn 1 0 0
vn -1 0 0
vn -1 0 0
vn -1 0 0
vn -1 0 0
vn 0 1 0
vn 0 1 0
vn 0 1 0
vn 0 1 0
vn 0 -1 0
vn 0 -1 0
vn 0 -1 0
vn 0 -1 0
vn 0 0 1
vn 0 0 1
vn 0 0 1
vn 0 0 1
vn 0 0 -1
vn 0 0 -1
vn 0 0 -1
vn 0 0 -1
f 745/745/745 747/747/747 746/746/746
f 747/747/747 748/748/748 746/746/746
f 749/749/749 751/751/751 750/750/750
f 751/751/751 752/752/752 750/750/750
f 753/753/753 755/755/755 754/754/754
f 755/755/755 756/756/756 754/754/754
f 757/757/757 759/759/759 758/758/758
f 759/759/759 760/760/760 758/758/758
f 761/761/761 763/763/763 762/762/762
f 763/763/763 764/764/764 762/762/762
f 765/765/765 767/767/767 766/766/766
f 767/767/767 768/768/768 766/766/766
o lantern_link_1_142_back
usemtl grave_iron
v -0.21216249980870636 1.4640187484696507 -0.012162499808706342
v -0.21216249980870636 1.4640187484696507 -0.03783750019129366
v -0.21216249980870636 1.3484812515303493 -0.012162499808706342
v -0.21216249980870636 1.3484812515303493 -0.03783750019129366
v -0.23783750019129365 1.4640187484696507 -0.03783750019129366
v -0.23783750019129365 1.4640187484696507 -0.012162499808706342
v -0.23783750019129365 1.3484812515303493 -0.03783750019129366
v -0.23783750019129365 1.3484812515303493 -0.012162499808706342
v -0.23783750019129365 1.4640187484696507 -0.03783750019129366
v -0.21216249980870636 1.4640187484696507 -0.03783750019129366
v -0.23783750019129365 1.4640187484696507 -0.012162499808706342
v -0.21216249980870636 1.4640187484696507 -0.012162499808706342
v -0.23783750019129365 1.3484812515303493 -0.012162499808706342
v -0.21216249980870636 1.3484812515303493 -0.012162499808706342
v -0.23783750019129365 1.3484812515303493 -0.03783750019129366
v -0.21216249980870636 1.3484812515303493 -0.03783750019129366
v -0.23783750019129365 1.4640187484696507 -0.012162499808706342
v -0.21216249980870636 1.4640187484696507 -0.012162499808706342
v -0.23783750019129365 1.3484812515303493 -0.012162499808706342
v -0.21216249980870636 1.3484812515303493 -0.012162499808706342
v -0.21216249980870636 1.4640187484696507 -0.03783750019129366
v -0.23783750019129365 1.4640187484696507 -0.03783750019129366
v -0.21216249980870636 1.3484812515303493 -0.03783750019129366
v -0.23783750019129365 1.3484812515303493 -0.03783750019129366
vt 0.125 0.75
vt 0.1875 0.75
vt 0.125 0.625
vt 0.1875 0.625
vt 0.125 0.75
vt 0.1875 0.75
vt 0.125 0.625
vt 0.1875 0.625
vt 0.125 0.6875
vt 0.1875 0.6875
vt 0.125 0.625
vt 0.1875 0.625
vt 0.125 0.6875
vt 0.1875 0.6875
vt 0.125 0.625
vt 0.1875 0.625
vt 0.125 0.75
vt 0.1875 0.75
vt 0.125 0.625
vt 0.1875 0.625
vt 0.125 0.75
vt 0.1875 0.75
vt 0.125 0.625
vt 0.1875 0.625
vn 1 0 0
vn 1 0 0
vn 1 0 0
vn 1 0 0
vn -1 0 0
vn -1 0 0
vn -1 0 0
vn -1 0 0
vn 0 1 0
vn 0 1 0
vn 0 1 0
vn 0 1 0
vn 0 -1 0
vn 0 -1 0
vn 0 -1 0
vn 0 -1 0
vn 0 0 1
vn 0 0 1
vn 0 0 1
vn 0 0 1
vn 0 0 -1
vn 0 0 -1
vn 0 0 -1
vn 0 0 -1
f 769/769/769 771/771/771 770/770/770
f 771/771/771 772/772/772 770/770/770
f 773/773/773 775/775/775 774/774/774
f 775/775/775 776/776/776 774/774/774
f 777/777/777 779/779/779 778/778/778
f 779/779/779 780/780/780 778/778/778
f 781/781/781 783/783/783 782/782/782
f 783/783/783 784/784/784 782/782/782
f 785/785/785 787/787/787 786/786/786
f 787/787/787 788/788/788 786/786/786
f 789/789/789 791/791/791 790/790/790
f 791/791/791 792/792/792 790/790/790
o lantern_link_1_143
usemtl grave_iron
v -0.2124999998137355 1.4624999985098839 -0.012499999813735483
v -0.2124999998137355 1.4624999985098839 -0.03750000018626451
v -0.2124999998137355 1.3500000014901161 -0.012499999813735483
v -0.2124999998137355 1.3500000014901161 -0.03750000018626451
v -0.23750000018626452 1.4624999985098839 -0.03750000018626451
v -0.23750000018626452 1.4624999985098839 -0.012499999813735483
v -0.23750000018626452 1.3500000014901161 -0.03750000018626451
v -0.23750000018626452 1.3500000014901161 -0.012499999813735483
v -0.23750000018626452 1.4624999985098839 -0.03750000018626451
v -0.2124999998137355 1.4624999985098839 -0.03750000018626451
v -0.23750000018626452 1.4624999985098839 -0.012499999813735483
v -0.2124999998137355 1.4624999985098839 -0.012499999813735483
v -0.23750000018626452 1.3500000014901161 -0.012499999813735483
v -0.2124999998137355 1.3500000014901161 -0.012499999813735483
v -0.23750000018626452 1.3500000014901161 -0.03750000018626451
v -0.2124999998137355 1.3500000014901161 -0.03750000018626451
v -0.23750000018626452 1.4624999985098839 -0.012499999813735483
v -0.2124999998137355 1.4624999985098839 -0.012499999813735483
v -0.23750000018626452 1.3500000014901161 -0.012499999813735483
v -0.2124999998137355 1.3500000014901161 -0.012499999813735483
v -0.2124999998137355 1.4624999985098839 -0.03750000018626451
v -0.23750000018626452 1.4624999985098839 -0.03750000018626451
v -0.2124999998137355 1.3500000014901161 -0.03750000018626451
v -0.23750000018626452 1.3500000014901161 -0.03750000018626451
vt 0.125 0.75
vt 0.1875 0.75
vt 0.125 0.625
vt 0.1875 0.625
vt 0.125 0.75
vt 0.1875 0.75
vt 0.125 0.625
vt 0.1875 0.625
vt 0.125 0.6875
vt 0.1875 0.6875
vt 0.125 0.625
vt 0.1875 0.625
vt 0.125 0.6875
vt 0.1875 0.6875
vt 0.125 0.625
vt 0.1875 0.625
vt 0.125 0.75
vt 0.1875 0.75
vt 0.125 0.625
vt 0.1875 0.625
vt 0.125 0.75
vt 0.1875 0.75
vt 0.125 0.625
vt 0.1875 0.625
vn 1 0 0
vn 1 0 0
vn 1 0 0
vn 1 0 0
vn -1 0 0
vn -1 0 0
vn -1 0 0
vn -1 0 0
vn 0 1 0
vn 0 1 0
vn 0 1 0
vn 0 1 0
vn 0 -1 0
vn 0 -1 0
vn 0 -1 0
vn 0 -1 0
vn 0 0 1
vn 0 0 1
vn 0 0 1
vn 0 0 1
vn 0 0 -1
vn 0 0 -1
vn 0 0 -1
vn 0 0 -1
f 793/793/793 795/795/795 794/794/794
f 795/795/795 796/796/796 794/794/794
f 797/797/797 799/799/799 798/798/798
f 799/799/799 800/800/800 798/798/798
f 801/801/801 803/803/803 802/802/802
f 803/803/803 804/804/804 802/802/802
f 805/805/805 807/807/807 806/806/806
f 807/807/807 808/808/808 806/806/806
f 809/809/809 811/811/811 810/810/810
f 811/811/811 812/812/812 810/810/810
f 813/813/813 815/815/815 814/814/814
f 815/815/815 816/816/816 814/814/814
o lantern_link_1_143_back
usemtl grave_iron
v -0.2124999998137355 1.4624999985098839 0.03750000018626451
v -0.2124999998137355 1.4624999985098839 0.012499999813735483
v -0.2124999998137355 1.3500000014901161 0.03750000018626451
v -0.2124999998137355 1.3500000014901161 0.012499999813735483
v -0.23750000018626452 1.4624999985098839 0.012499999813735483
v -0.23750000018626452 1.4624999985098839 0.03750000018626451
v -0.23750000018626452 1.3500000014901161 0.012499999813735483
v -0.23750000018626452 1.3500000014901161 0.03750000018626451
v -0.23750000018626452 1.4624999985098839 0.012499999813735483
v -0.2124999998137355 1.4624999985098839 0.012499999813735483
v -0.23750000018626452 1.4624999985098839 0.03750000018626451
v -0.2124999998137355 1.4624999985098839 0.03750000018626451
v -0.23750000018626452 1.3500000014901161 0.03750000018626451
v -0.2124999998137355 1.3500000014901161 0.03750000018626451
v -0.23750000018626452 1.3500000014901161 0.012499999813735483
v -0.2124999998137355 1.3500000014901161 0.012499999813735483
v -0.23750000018626452 1.4624999985098839 0.03750000018626451
v -0.2124999998137355 1.4624999985098839 0.03750000018626451
v -0.23750000018626452 1.3500000014901161 0.03750000018626451
v -0.2124999998137355 1.3500000014901161 0.03750000018626451
v -0.2124999998137355 1.4624999985098839 0.012499999813735483
v -0.23750000018626452 1.4624999985098839 0.012499999813735483
v -0.2124999998137355 1.3500000014901161 0.012499999813735483
v -0.23750000018626452 1.3500000014901161 0.012499999813735483
vt 0.125 0.75
vt 0.1875 0.75
vt 0.125 0.625
vt 0.1875 0.625
vt 0.125 0.75
vt 0.1875 0.75
vt 0.125 0.625
vt 0.1875 0.625
vt 0.125 0.6875
vt 0.1875 0.6875
vt 0.125 0.625
vt 0.1875 0.625
vt 0.125 0.6875
vt 0.1875 0.6875
vt 0.125 0.625
vt 0.1875 0.625
vt 0.125 0.75
vt 0.1875 0.75
vt 0.125 0.625
vt 0.1875 0.625
vt 0.125 0.75
vt 0.1875 0.75
vt 0.125 0.625
vt 0.1875 0.625
vn 1 0 0
vn 1 0 0
vn 1 0 0
vn 1 0 0
vn -1 0 0
vn -1 0 0
vn -1 0 0
vn -1 0 0
vn 0 1 0
vn 0 1 0
vn 0 1 0
vn 0 1 0
vn 0 -1 0
vn 0 -1 0
vn 0 -1 0
vn 0 -1 0
vn 0 0 1
vn 0 0 1
vn 0 0 1
vn 0 0 1
vn 0 0 -1
vn 0 0 -1
vn 0 0 -1
vn 0 0 -1
f 817/817/817 819/819/819 818/818/818
f 819/819/819 820/820/820 818/818/818
f 821/821/821 823/823/823 822/822/822
f 823/823/823 824/824/824 822/822/822
f 825/825/825 827/827/827 826/826/826
f 827/827/827 828/828/828 826/826/826
f 829/829/829 831/831/831 830/830/830
f 831/831/831 832/832/832 830/830/830
f 833/833/833 835/835/835 834/834/834
f 835/835/835 836/836/836 834/834/834
f 837/837/837 839/839/839 838/838/838
f 839/839/839 840/840/840 838/838/838
o lantern_link_1_144
usemtl grave_iron
v -0.21210624980786816 1.4628937501921317 0.03868125153705478
v -0.21210624980786816 1.4628937501921317 -0.03868125153705478
v -0.21210624980786816 1.4371062498078682 0.03868125153705478
v -0.21210624980786816 1.4371062498078682 -0.03868125153705478
v -0.23789375019213185 1.4628937501921317 -0.03868125153705478
v -0.23789375019213185 1.4628937501921317 0.03868125153705478
v -0.23789375019213185 1.4371062498078682 -0.03868125153705478
v -0.23789375019213185 1.4371062498078682 0.03868125153705478
v -0.23789375019213185 1.4628937501921317 -0.03868125153705478
v -0.21210624980786816 1.4628937501921317 -0.03868125153705478
v -0.23789375019213185 1.4628937501921317 0.03868125153705478
v -0.21210624980786816 1.4628937501921317 0.03868125153705478
v -0.23789375019213185 1.4371062498078682 0.03868125153705478
v -0.21210624980786816 1.4371062498078682 0.03868125153705478
v -0.23789375019213185 1.4371062498078682 -0.03868125153705478
v -0.21210624980786816 1.4371062498078682 -0.03868125153705478
v -0.23789375019213185 1.4628937501921317 0.03868125153705478
v -0.21210624980786816 1.4628937501921317 0.03868125153705478
v -0.23789375019213185 1.4371062498078682 0.03868125153705478
v -0.21210624980786816 1.4371062498078682 0.03868125153705478
v -0.21210624980786816 1.4628937501921317 -0.03868125153705478
v -0.23789375019213185 1.4628937501921317 -0.03868125153705478
v -0.21210624980786816 1.4371062498078682 -0.03868125153705478
v -0.23789375019213185 1.4371062498078682 -0.03868125153705478
vt 0.3125 1
vt 0.375 1
vt 0.3125 0.9375
vt 0.375 0.9375
vt 0.3125 1
vt 0.375 1
vt 0.3125 0.9375
vt 0.375 0.9375
vt 0.3125 1
vt 0.375 1
vt 0.3125 0.9375
vt 0.375 0.9375
vt 0.3125 1
vt 0.375 1
vt 0.3125 0.9375
vt 0.375 0.9375
vt 0.3125 1
vt 0.375 1
vt 0.3125 0.9375
vt 0.375 0.9375
vt 0.3125 1
vt 0.375 1
vt 0.3125 0.9375
vt 0.375 0.9375
vn 1 0 0
vn 1 0 0
vn 1 0 0
vn 1 0 0
vn -1 0 0
vn -1 0 0
vn -1 0 0
vn -1 0 0
vn 0 1 0
vn 0 1 0
vn 0 1 0
vn 0 1 0
vn 0 -1 0
vn 0 -1 0
vn 0 -1 0
vn 0 -1 0
vn 0 0 1
vn 0 0 1
vn 0 0 1
vn 0 0 1
vn 0 0 -1
vn 0 0 -1
vn 0 0 -1
vn 0 0 -1
f 841/841/841 843/843/843 842/842/842
f 843/843/843 844/844/844 842/842/842
f 845/845/845 847/847/847 846/846/846
f 847/847/847 848/848/848 846/846/846
f 849/849/849 851/851/851 850/850/850
f 851/851/851 852/852/852 850/850/850
f 853/853/853 855/855/855 854/854/854
f 855/855/855 856/856/856 854/854/854
f 857/857/857 859/859/859 858/858/858
f 859/859/859 860/860/860 858/858/858
f 861/861/861 863/863/863 862/862/862
f 863/863/863 864/864/864 862/862/862
o lantern_link_1_145
usemtl grave_iron
v -0.2124437498128973 1.3750562501871026 0.03766875149682164
v -0.2124437498128973 1.3750562501871026 -0.03766875149682164
v -0.2124437498128973 1.3499437498128974 0.03766875149682164
v -0.2124437498128973 1.3499437498128974 -0.03766875149682164
v -0.23755625018710272 1.3750562501871026 -0.03766875149682164
v -0.23755625018710272 1.3750562501871026 0.03766875149682164
v -0.23755625018710272 1.3499437498128974 -0.03766875149682164
v -0.23755625018710272 1.3499437498128974 0.03766875149682164
v -0.23755625018710272 1.3750562501871026 -0.03766875149682164
v -0.2124437498128973 1.3750562501871026 -0.03766875149682164
v -0.23755625018710272 1.3750562501871026 0.03766875149682164
v -0.2124437498128973 1.3750562501871026 0.03766875149682164
v -0.23755625018710272 1.3499437498128974 0.03766875149682164
v -0.2124437498128973 1.3499437498128974 0.03766875149682164
v -0.23755625018710272 1.3499437498128974 -0.03766875149682164
v -0.2124437498128973 1.3499437498128974 -0.03766875149682164
v -0.23755625018710272 1.3750562501871026 0.03766875149682164
v -0.2124437498128973 1.3750562501871026 0.03766875149682164
v -0.23755625018710272 1.3499437498128974 0.03766875149682164
v -0.2124437498128973 1.3499437498128974 0.03766875149682164
v -0.2124437498128973 1.3750562501871026 -0.03766875149682164
v -0.23755625018710272 1.3750562501871026 -0.03766875149682164
v -0.2124437498128973 1.3499437498128974 -0.03766875149682164
v -0.23755625018710272 1.3499437498128974 -0.03766875149682164
vt 0.3125 1
vt 0.375 1
vt 0.3125 0.9375
vt 0.375 0.9375
vt 0.3125 1
vt 0.375 1
vt 0.3125 0.9375
vt 0.375 0.9375
vt 0.3125 1
vt 0.375 1
vt 0.3125 0.9375
vt 0.375 0.9375
vt 0.3125 1
vt 0.375 1
vt 0.3125 0.9375
vt 0.375 0.9375
vt 0.3125 1
vt 0.375 1
vt 0.3125 0.9375
vt 0.375 0.9375
vt 0.3125 1
vt 0.375 1
vt 0.3125 0.9375
vt 0.375 0.9375
vn 1 0 0
vn 1 0 0
vn 1 0 0
vn 1 0 0
vn -1 0 0
vn -1 0 0
vn -1 0 0
vn -1 0 0
vn 0 1 0
vn 0 1 0
vn 0 1 0
vn 0 1 0
vn 0 -1 0
vn 0 -1 0
vn 0 -1 0
vn 0 -1 0
vn 0 0 1
vn 0 0 1
vn 0 0 1
vn 0 0 1
vn 0 0 -1
vn 0 0 -1
vn 0 0 -1
vn 0 0 -1
f 865/865/865 867/867/867 866/866/866
f 867/867/867 868/868/868 866/866/866
f 869/869/869 871/871/871 870/870/870
f 871/871/871 872/872/872 870/870/870
f 873/873/873 875/875/875 874/874/874
f 875/875/875 876/876/876 874/874/874
f 877/877/877 879/879/879 878/878/878
f 879/879/879 880/880/880 878/878/878
f 881/881/881 883/883/883 882/882/882
f 883/883/883 884/884/884 882/882/882
f 885/885/885 887/887/887 886/886/886
f 887/887/887 888/888/888 886/886/886
o lantern_link_2_146
usemtl grave_iron
v -0.18704999980702997 1.3707749984562396 0.012950000192970037
v -0.18704999980702997 1.3707749984562396 -0.012950000192970037
v -0.18704999980702997 1.2542250015437604 0.012950000192970037
v -0.18704999980702997 1.2542250015437604 -0.012950000192970037
v -0.21295000019297006 1.3707749984562396 -0.012950000192970037
v -0.21295000019297006 1.3707749984562396 0.012950000192970037
v -0.21295000019297006 1.2542250015437604 -0.012950000192970037
v -0.21295000019297006 1.2542250015437604 0.012950000192970037
v -0.21295000019297006 1.3707749984562396 -0.012950000192970037
v -0.18704999980702997 1.3707749984562396 -0.012950000192970037
v -0.21295000019297006 1.3707749984562396 0.012950000192970037
v -0.18704999980702997 1.3707749984562396 0.012950000192970037
v -0.21295000019297006 1.2542250015437604 0.012950000192970037
v -0.18704999980702997 1.2542250015437604 0.012950000192970037
v -0.21295000019297006 1.2542250015437604 -0.012950000192970037
v -0.18704999980702997 1.2542250015437604 -0.012950000192970037
v -0.21295000019297006 1.3707749984562396 0.012950000192970037
v -0.18704999980702997 1.3707749984562396 0.012950000192970037
v -0.21295000019297006 1.2542250015437604 0.012950000192970037
v -0.18704999980702997 1.2542250015437604 0.012950000192970037
v -0.18704999980702997 1.3707749984562396 -0.012950000192970037
v -0.21295000019297006 1.3707749984562396 -0.012950000192970037
v -0.18704999980702997 1.2542250015437604 -0.012950000192970037
v -0.21295000019297006 1.2542250015437604 -0.012950000192970037
vt 0.125 0.75
vt 0.1875 0.75
vt 0.125 0.625
vt 0.1875 0.625
vt 0.125 0.75
vt 0.1875 0.75
vt 0.125 0.625
vt 0.1875 0.625
vt 0.125 0.6875
vt 0.1875 0.6875
vt 0.125 0.625
vt 0.1875 0.625
vt 0.125 0.6875
vt 0.1875 0.6875
vt 0.125 0.625
vt 0.1875 0.625
vt 0.125 0.75
vt 0.1875 0.75
vt 0.125 0.625
vt 0.1875 0.625
vt 0.125 0.75
vt 0.1875 0.75
vt 0.125 0.625
vt 0.1875 0.625
vn 1 0 0
vn 1 0 0
vn 1 0 0
vn 1 0 0
vn -1 0 0
vn -1 0 0
vn -1 0 0
vn -1 0 0
vn 0 1 0
vn 0 1 0
vn 0 1 0
vn 0 1 0
vn 0 -1 0
vn 0 -1 0
vn 0 -1 0
vn 0 -1 0
vn 0 0 1
vn 0 0 1
vn 0 0 1
vn 0 0 1
vn 0 0 -1
vn 0 0 -1
vn 0 0 -1
vn 0 0 -1
f 889/889/889 891/891/891 890/890/890
f 891/891/891 892/892/892 890/890/890
f 893/893/893 895/895/895 894/894/894
f 895/895/895 896/896/896 894/894/894
f 897/897/897 899/899/899 898/898/898
f 899/899/899 900/900/900 898/898/898
f 901/901/901 903/903/903 902/902/902
f 903/903/903 904/904/904 902/902/902
f 905/905/905 907/907/907 906/906/906
f 907/907/907 908/908/908 906/906/906
f 909/909/909 911/911/911 910/910/910
f 911/911/911 912/912/912 910/910/910
o lantern_link_2_147
usemtl grave_iron
v -0.23738749981205912 1.3692562484964728 0.012612500187940894
v -0.23738749981205912 1.3692562484964728 -0.012612500187940894
v -0.23738749981205912 1.2557437515035272 0.012612500187940894
v -0.23738749981205912 1.2557437515035272 -0.012612500187940894
v -0.2626125001879409 1.3692562484964728 -0.012612500187940894
v -0.2626125001879409 1.3692562484964728 0.012612500187940894
v -0.2626125001879409 1.2557437515035272 -0.012612500187940894
v -0.2626125001879409 1.2557437515035272 0.012612500187940894
v -0.2626125001879409 1.3692562484964728 -0.012612500187940894
v -0.23738749981205912 1.3692562484964728 -0.012612500187940894
v -0.2626125001879409 1.3692562484964728 0.012612500187940894
v -0.23738749981205912 1.3692562484964728 0.012612500187940894
v -0.2626125001879409 1.2557437515035272 0.012612500187940894
v -0.23738749981205912 1.2557437515035272 0.012612500187940894
v -0.2626125001879409 1.2557437515035272 -0.012612500187940894
v -0.23738749981205912 1.2557437515035272 -0.012612500187940894
v -0.2626125001879409 1.3692562484964728 0.012612500187940894
v -0.23738749981205912 1.3692562484964728 0.012612500187940894
v -0.2626125001879409 1.2557437515035272 0.012612500187940894
v -0.23738749981205912 1.2557437515035272 0.012612500187940894
v -0.23738749981205912 1.3692562484964728 -0.012612500187940894
v -0.2626125001879409 1.3692562484964728 -0.012612500187940894
v -0.23738749981205912 1.2557437515035272 -0.012612500187940894
v -0.2626125001879409 1.2557437515035272 -0.012612500187940894
vt 0.125 0.75
vt 0.1875 0.75
vt 0.125 0.625
vt 0.1875 0.625
vt 0.125 0.75
vt 0.1875 0.75
vt 0.125 0.625
vt 0.1875 0.625
vt 0.125 0.6875
vt 0.1875 0.6875
vt 0.125 0.625
vt 0.1875 0.625
vt 0.125 0.6875
vt 0.1875 0.6875
vt 0.125 0.625
vt 0.1875 0.625
vt 0.125 0.75
vt 0.1875 0.75
vt 0.125 0.625
vt 0.1875 0.625
vt 0.125 0.75
vt 0.1875 0.75
vt 0.125 0.625
vt 0.1875 0.625
vn 0.9999999999999999 0 0
vn 0.9999999999999999 0 0
vn 0.9999999999999999 0 0
vn 0.9999999999999999 0 0
vn -0.9999999999999999 0 0
vn -0.9999999999999999 0 0
vn -0.9999999999999999 0 0
vn -0.9999999999999999 0 0
vn 0 0.9999999999999999 0
vn 0 0.9999999999999999 0
vn 0 0.9999999999999999 0
vn 0 0.9999999999999999 0
vn 0 -0.9999999999999999 0
vn 0 -0.9999999999999999 0
vn 0 -0.9999999999999999 0
vn 0 -0.9999999999999999 0
vn 0 0 0.9999999999999999
vn 0 0 0.9999999999999999
vn 0 0 0.9999999999999999
vn 0 0 0.9999999999999999
vn 0 0 -0.9999999999999999
vn 0 0 -0.9999999999999999
vn 0 0 -0.9999999999999999
vn 0 0 -0.9999999999999999
f 913/913/913 915/915/915 914/914/914
f 915/915/915 916/916/916 914/914/914
f 917/917/917 919/919/919 918/918/918
f 919/919/919 920/920/920 918/918/918
f 921/921/921 923/923/923 922/922/922
f 923/923/923 924/924/924 922/922/922
f 925/925/925 927/927/927 926/926/926
f 927/927/927 928/928/928 926/926/926
f 929/929/929 931/931/931 930/930/930
f 931/931/931 932/932/932 930/930/930
f 933/933/933 935/935/935 934/934/934
f 935/935/935 936/936/936 934/934/934
o lantern_link_2_148
usemtl grave_iron
v -0.18598124844953418 1.3692562501938081 0.013006250193808227
v -0.18598124844953418 1.3692562501938081 -0.013006250193808227
v -0.18598124844953418 1.3432437498061918 0.013006250193808227
v -0.18598124844953418 1.3432437498061918 -0.013006250193808227
v -0.26401875155046584 1.3692562501938081 -0.013006250193808227
v -0.26401875155046584 1.3692562501938081 0.013006250193808227
v -0.26401875155046584 1.3432437498061918 -0.013006250193808227
v -0.26401875155046584 1.3432437498061918 0.013006250193808227
v -0.26401875155046584 1.3692562501938081 -0.013006250193808227
v -0.18598124844953418 1.3692562501938081 -0.013006250193808227
v -0.26401875155046584 1.3692562501938081 0.013006250193808227
v -0.18598124844953418 1.3692562501938081 0.013006250193808227
v -0.26401875155046584 1.3432437498061918 0.013006250193808227
v -0.18598124844953418 1.3432437498061918 0.013006250193808227
v -0.26401875155046584 1.3432437498061918 -0.013006250193808227
v -0.18598124844953418 1.3432437498061918 -0.013006250193808227
v -0.26401875155046584 1.3692562501938081 0.013006250193808227
v -0.18598124844953418 1.3692562501938081 0.013006250193808227
v -0.26401875155046584 1.3432437498061918 0.013006250193808227
v -0.18598124844953418 1.3432437498061918 0.013006250193808227
v -0.18598124844953418 1.3692562501938081 -0.013006250193808227
v -0.26401875155046584 1.3692562501938081 -0.013006250193808227
v -0.18598124844953418 1.3432437498061918 -0.013006250193808227
v -0.26401875155046584 1.3432437498061918 -0.013006250193808227
vt 0.75 1
vt 0.8125 1
vt 0.75 0.9375
vt 0.8125 0.9375
vt 0.75 1
vt 0.8125 1
vt 0.75 0.9375
vt 0.8125 0.9375
vt 0.75 1
vt 0.8125 1
vt 0.75 0.9375
vt 0.8125 0.9375
vt 0.75 1
vt 0.8125 1
vt 0.75 0.9375
vt 0.8125 0.9375
vt 0.75 1
vt 0.8125 1
vt 0.75 0.9375
vt 0.8125 0.9375
vt 0.75 1
vt 0.8125 1
vt 0.75 0.9375
vt 0.8125 0.9375
vn 1 0 0
vn 1 0 0
vn 1 0 0
vn 1 0 0
vn -1 0 0
vn -1 0 0
vn -1 0 0
vn -1 0 0
vn 0 1 0
vn 0 1 0
vn 0 1 0
vn 0 1 0
vn 0 -1 0
vn 0 -1 0
vn 0 -1 0
vn 0 -1 0
vn 0 0 1
vn 0 0 1
vn 0 0 1
vn 0 0 1
vn 0 0 -1
vn 0 0 -1
vn 0 0 -1
vn 0 0 -1
f 937/937/937 939/939/939 938/938/938
f 939/939/939 940/940/940 938/938/938
f 941/941/941 943/943/943 942/942/942
f 943/943/943 944/944/944 942/942/942
f 945/945/945 947/947/947 946/946/946
f 947/947/947 948/948/948 946/946/946
f 949/949/949 951/951/951 950/950/950
f 951/951/951 952/952/952 950/950/950
f 953/953/953 955/955/955 954/954/954
f 955/955/955 956/956/956 954/954/954
f 957/957/957 959/959/959 958/958/958
f 959/959/959 960/960/960 958/958/958
o lantern_link_2_149
usemtl grave_iron
v -0.18699374848976733 1.281418750188779 0.012668750188779087
v -0.18699374848976733 1.281418750188779 -0.012668750188779087
v -0.18699374848976733 1.256081249811221 0.012668750188779087
v -0.18699374848976733 1.256081249811221 -0.012668750188779087
v -0.2630062515102327 1.281418750188779 -0.012668750188779087
v -0.2630062515102327 1.281418750188779 0.012668750188779087
v -0.2630062515102327 1.256081249811221 -0.012668750188779087
v -0.2630062515102327 1.256081249811221 0.012668750188779087
v -0.2630062515102327 1.281418750188779 -0.012668750188779087
v -0.18699374848976733 1.281418750188779 -0.012668750188779087
v -0.2630062515102327 1.281418750188779 0.012668750188779087
v -0.18699374848976733 1.281418750188779 0.012668750188779087
v -0.2630062515102327 1.256081249811221 0.012668750188779087
v -0.18699374848976733 1.256081249811221 0.012668750188779087
v -0.2630062515102327 1.256081249811221 -0.012668750188779087
v -0.18699374848976733 1.256081249811221 -0.012668750188779087
v -0.2630062515102327 1.281418750188779 0.012668750188779087
v -0.18699374848976733 1.281418750188779 0.012668750188779087
v -0.2630062515102327 1.256081249811221 0.012668750188779087
v -0.18699374848976733 1.256081249811221 0.012668750188779087
v -0.18699374848976733 1.281418750188779 -0.012668750188779087
v -0.2630062515102327 1.281418750188779 -0.012668750188779087
v -0.18699374848976733 1.256081249811221 -0.012668750188779087
v -0.2630062515102327 1.256081249811221 -0.012668750188779087
vt 0.75 1
vt 0.8125 1
vt 0.75 0.9375
vt 0.8125 0.9375
vt 0.75 1
vt 0.8125 1
vt 0.75 0.9375
vt 0.8125 0.9375
vt 0.75 1
vt 0.8125 1
vt 0.75 0.9375
vt 0.8125 0.9375
vt 0.75 1
vt 0.8125 1
vt 0.75 0.9375
vt 0.8125 0.9375
vt 0.75 1
vt 0.8125 1
vt 0.75 0.9375
vt 0.8125 0.9375
vt 0.75 1
vt 0.8125 1
vt 0.75 0.9375
vt 0.8125 0.9375
vn 1 0 0
vn 1 0 0
vn 1 0 0
vn 1 0 0
vn -1 0 0
vn -1 0 0
vn -1 0 0
vn -1 0 0
vn 0 1 0
vn 0 1 0
vn 0 1 0
vn 0 1 0
vn 0 -1 0
vn 0 -1 0
vn 0 -1 0
vn 0 -1 0
vn 0 0 1
vn 0 0 1
vn 0 0 1
vn 0 0 1
vn 0 0 -1
vn 0 0 -1
vn 0 0 -1
vn 0 0 -1
f 961/961/961 963/963/963 962/962/962
f 963/963/963 964/964/964 962/962/962
f 965/965/965 967/967/967 966/966/966
f 967/967/967 968/968/968 966/966/966
f 969/969/969 971/971/971 970/970/970
f 971/971/971 972/972/972 970/970/970
f 973/973/973 975/975/975 974/974/974
f 975/975/975 976/976/976 974/974/974
f 977/977/977 979/979/979 978/978/978
f 979/979/979 980/980/980 978/978/978
f 981/981/981 983/983/983 982/982/982
f 983/983/983 984/984/984 982/982/982
o lantern_cage_150
usemtl grave_iron
v -0.1074375031143427 1.3011250003892927 0.1175624968856573
v -0.1074375031143427 1.3011250003892927 -0.1175624968856573
v -0.1074375031143427 1.2488749996107071 0.1175624968856573
v -0.1074375031143427 1.2488749996107071 -0.1175624968856573
v -0.3425624968856573 1.3011250003892927 -0.1175624968856573
v -0.3425624968856573 1.3011250003892927 0.1175624968856573
v -0.3425624968856573 1.2488749996107071 -0.1175624968856573
v -0.3425624968856573 1.2488749996107071 0.1175624968856573
v -0.3425624968856573 1.3011250003892927 -0.1175624968856573
v -0.1074375031143427 1.3011250003892927 -0.1175624968856573
v -0.3425624968856573 1.3011250003892927 0.1175624968856573
v -0.1074375031143427 1.3011250003892927 0.1175624968856573
v -0.3425624968856573 1.2488749996107071 0.1175624968856573
v -0.1074375031143427 1.2488749996107071 0.1175624968856573
v -0.3425624968856573 1.2488749996107071 -0.1175624968856573
v -0.1074375031143427 1.2488749996107071 -0.1175624968856573
v -0.3425624968856573 1.3011250003892927 0.1175624968856573
v -0.1074375031143427 1.3011250003892927 0.1175624968856573
v -0.3425624968856573 1.2488749996107071 0.1175624968856573
v -0.1074375031143427 1.2488749996107071 0.1175624968856573
v -0.1074375031143427 1.3011250003892927 -0.1175624968856573
v -0.3425624968856573 1.3011250003892927 -0.1175624968856573
v -0.1074375031143427 1.2488749996107071 -0.1175624968856573
v -0.3425624968856573 1.2488749996107071 -0.1175624968856573
vt 0.3125 0.0625
vt 0.5625 0.0625
vt 0.3125 0
vt 0.5625 0
vt 0.3125 0.0625
vt 0.5625 0.0625
vt 0.3125 0
vt 0.5625 0
vt 0.3125 0.25
vt 0.5625 0.25
vt 0.3125 0
vt 0.5625 0
vt 0.3125 0.25
vt 0.5625 0.25
vt 0.3125 0
vt 0.5625 0
vt 0.3125 0.0625
vt 0.5625 0.0625
vt 0.3125 0
vt 0.5625 0
vt 0.3125 0.0625
vt 0.5625 0.0625
vt 0.3125 0
vt 0.5625 0
vn 1 0 0
vn 1 0 0
vn 1 0 0
vn 1 0 0
vn -1 0 0
vn -1 0 0
vn -1 0 0
vn -1 0 0
vn 0 1 0
vn 0 1 0
vn 0 1 0
vn 0 1 0
vn 0 -1 0
vn 0 -1 0
vn 0 -1 0
vn 0 -1 0
vn 0 0 1
vn 0 0 1
vn 0 0 1
vn 0 0 1
vn 0 0 -1
vn 0 0 -1
vn 0 0 -1
vn 0 0 -1
f 985/985/985 987/987/987 986/986/986
f 987/987/987 988/988/988 986/986/986
f 989/989/989 991/991/991 990/990/990
f 991/991/991 992/992/992 990/990/990
f 993/993/993 995/995/995 994/994/994
f 995/995/995 996/996/996 994/994/994
f 997/997/997 999/999/999 998/998/998
f 999/999/999 1000/1000/1000 998/998/998
f 1001/1001/1001 1003/1003/1003 1002/1002/1002
f 1003/1003/1003 1004/1004/1004 1002/1002/1002
f 1005/1005/1005 1007/1007/1007 1006/1006/1006
f 1007/1007/1007 1008/1008/1008 1006/1006/1006
o lantern_cage_151
usemtl grave_iron
v -0.11047500303387642 1.0254500003792346 0.11452499696612359
v -0.11047500303387642 1.0254500003792346 -0.11452499696612359
v -0.11047500303387642 0.9745499996207655 0.11452499696612359
v -0.11047500303387642 0.9745499996207655 -0.11452499696612359
v -0.3395249969661236 1.0254500003792346 -0.11452499696612359
v -0.3395249969661236 1.0254500003792346 0.11452499696612359
v -0.3395249969661236 0.9745499996207655 -0.11452499696612359
v -0.3395249969661236 0.9745499996207655 0.11452499696612359
v -0.3395249969661236 1.0254500003792346 -0.11452499696612359
v -0.11047500303387642 1.0254500003792346 -0.11452499696612359
v -0.3395249969661236 1.0254500003792346 0.11452499696612359
v -0.11047500303387642 1.0254500003792346 0.11452499696612359
v -0.3395249969661236 0.9745499996207655 0.11452499696612359
v -0.11047500303387642 0.9745499996207655 0.11452499696612359
v -0.3395249969661236 0.9745499996207655 -0.11452499696612359
v -0.11047500303387642 0.9745499996207655 -0.11452499696612359
v -0.3395249969661236 1.0254500003792346 0.11452499696612359
v -0.11047500303387642 1.0254500003792346 0.11452499696612359
v -0.3395249969661236 0.9745499996207655 0.11452499696612359
v -0.11047500303387642 0.9745499996207655 0.11452499696612359
v -0.11047500303387642 1.0254500003792346 -0.11452499696612359
v -0.3395249969661236 1.0254500003792346 -0.11452499696612359
v -0.11047500303387642 0.9745499996207655 -0.11452499696612359
v -0.3395249969661236 0.9745499996207655 -0.11452499696612359
vt 0.3125 0.0625
vt 0.5625 0.0625
vt 0.3125 0
vt 0.5625 0
vt 0.3125 0.0625
vt 0.5625 0.0625
vt 0.3125 0
vt 0.5625 0
vt 0.3125 0.25
vt 0.5625 0.25
vt 0.3125 0
vt 0.5625 0
vt 0.3125 0.25
vt 0.5625 0.25
vt 0.3125 0
vt 0.5625 0
vt 0.3125 0.0625
vt 0.5625 0.0625
vt 0.3125 0
vt 0.5625 0
vt 0.3125 0.0625
vt 0.5625 0.0625
vt 0.3125 0
vt 0.5625 0
vn 0.9999999999999999 0 0
vn 0.9999999999999999 0 0
vn 0.9999999999999999 0 0
vn 0.9999999999999999 0 0
vn -0.9999999999999999 0 0
vn -0.9999999999999999 0 0
vn -0.9999999999999999 0 0
vn -0.9999999999999999 0 0
vn 0 0.9999999999999999 0
vn 0 0.9999999999999999 0
vn 0 0.9999999999999999 0
vn 0 0.9999999999999999 0
vn 0 -0.9999999999999999 0
vn 0 -0.9999999999999999 0
vn 0 -0.9999999999999999 0
vn 0 -0.9999999999999999 0
vn 0 0 0.9999999999999999
vn 0 0 0.9999999999999999
vn 0 0 0.9999999999999999
vn 0 0 0.9999999999999999
vn 0 0 -0.9999999999999999
vn 0 0 -0.9999999999999999
vn 0 0 -0.9999999999999999
vn 0 0 -0.9999999999999999
f 1009/1009/1009 1011/1011/1011 1010/1010/1010
f 1011/1011/1011 1012/1012/1012 1010/1010/1010
f 1013/1013/1013 1015/1015/1015 1014/1014/1014
f 1015/1015/1015 1016/1016/1016 1014/1014/1014
f 1017/1017/1017 1019/1019/1019 1018/1018/1018
f 1019/1019/1019 1020/1020/1020 1018/1018/1018
f 1021/1021/1021 1023/1023/1023 1022/1022/1022
f 1023/1023/1023 1024/1024/1024 1022/1022/1022
f 1025/1025/1025 1027/1027/1027 1026/1026/1026
f 1027/1027/1027 1028/1028/1028 1026/1026/1026
f 1029/1029/1029 1031/1031/1031 1030/1030/1030
f 1031/1031/1031 1032/1032/1032 1030/1030/1030
o lantern_cage_152
usemtl grave_iron
v -0.17908437578193842 1.357796875 0.04591562421806157
v -0.17908437578193842 1.357796875 -0.04591562421806157
v -0.17908437578193842 1.292203125 0.04591562421806157
v -0.17908437578193842 1.292203125 -0.04591562421806157
v -0.2709156242180616 1.357796875 -0.04591562421806157
v -0.2709156242180616 1.357796875 0.04591562421806157
v -0.2709156242180616 1.292203125 -0.04591562421806157
v -0.2709156242180616 1.292203125 0.04591562421806157
v -0.2709156242180616 1.357796875 -0.04591562421806157
v -0.17908437578193842 1.357796875 -0.04591562421806157
v -0.2709156242180616 1.357796875 0.04591562421806157
v -0.17908437578193842 1.357796875 0.04591562421806157
v -0.2709156242180616 1.292203125 0.04591562421806157
v -0.17908437578193842 1.292203125 0.04591562421806157
v -0.2709156242180616 1.292203125 -0.04591562421806157
v -0.17908437578193842 1.292203125 -0.04591562421806157
v -0.2709156242180616 1.357796875 0.04591562421806157
v -0.17908437578193842 1.357796875 0.04591562421806157
v -0.2709156242180616 1.292203125 0.04591562421806157
v -0.17908437578193842 1.292203125 0.04591562421806157
v -0.17908437578193842 1.357796875 -0.04591562421806157
v -0.2709156242180616 1.357796875 -0.04591562421806157
v -0.17908437578193842 1.292203125 -0.04591562421806157
v -0.2709156242180616 1.292203125 -0.04591562421806157
vt 0.8125 0.6875
vt 0.875 0.6875
vt 0.8125 0.625
vt 0.875 0.625
vt 0.8125 0.6875
vt 0.875 0.6875
vt 0.8125 0.625
vt 0.875 0.625
vt 0.8125 0.6875
vt 0.875 0.6875
vt 0.8125 0.625
vt 0.875 0.625
vt 0.8125 0.6875
vt 0.875 0.6875
vt 0.8125 0.625
vt 0.875 0.625
vt 0.8125 0.6875
vt 0.875 0.6875
vt 0.8125 0.625
vt 0.875 0.625
vt 0.8125 0.6875
vt 0.875 0.6875
vt 0.8125 0.625
vt 0.875 0.625
vn 1 0 0
vn 1 0 0
vn 1 0 0
vn 1 0 0
vn -1 0 0
vn -1 0 0
vn -1 0 0
vn -1 0 0
vn 0 1 0
vn 0 1 0
vn 0 1 0
vn 0 1 0
vn 0 -1 0
vn 0 -1 0
vn 0 -1 0
vn 0 -1 0
vn 0 0 1
vn 0 0 1
vn 0 0 1
vn 0 0 1
vn 0 0 -1
vn 0 0 -1
vn 0 0 -1
vn 0 0 -1
f 1033/1033/1033 1035/1035/1035 1034/1034/1034
f 1035/1035/1035 1036/1036/1036 1034/1034/1034
f 1037/1037/1037 1039/1039/1039 1038/1038/1038
f 1039/1039/1039 1040/1040/1040 1038/1038/1038
f 1041/1041/1041 1043/1043/1043 1042/1042/1042
f 1043/1043/1043 1044/1044/1044 1042/1042/1042
f 1045/1045/1045 1047/1047/1047 1046/1046/1046
f 1047/1047/1047 1048/1048/1048 1046/1046/1046
f 1049/1049/1049 1051/1051/1051 1050/1050/1050
f 1051/1051/1051 1052/1052/1052 1050/1050/1050
f 1053/1053/1053 1055/1055/1055 1054/1054/1054
f 1055/1055/1055 1056/1056/1056 1054/1054/1054
o lantern_cage_153
usemtl grave_iron
v -0.1152734375 1.2653124999999998 0.1097265625
v -0.1152734375 1.2653124999999998 0.0777734375
v -0.1152734375 1.0096875 0.1097265625
v -0.1152734375 1.0096875 0.0777734375
v -0.1472265625 1.2653124999999998 0.0777734375
v -0.1472265625 1.2653124999999998 0.1097265625
v -0.1472265625 1.0096875 0.0777734375
v -0.1472265625 1.0096875 0.1097265625
v -0.1472265625 1.2653124999999998 0.0777734375
v -0.1152734375 1.2653124999999998 0.0777734375
v -0.1472265625 1.2653124999999998 0.1097265625
v -0.1152734375 1.2653124999999998 0.1097265625
v -0.1472265625 1.0096875 0.1097265625
v -0.1152734375 1.0096875 0.1097265625
v -0.1472265625 1.0096875 0.0777734375
v -0.1152734375 1.0096875 0.0777734375
v -0.1472265625 1.2653124999999998 0.1097265625
v -0.1152734375 1.2653124999999998 0.1097265625
v -0.1472265625 1.0096875 0.1097265625
v -0.1152734375 1.0096875 0.1097265625
v -0.1152734375 1.2653124999999998 0.0777734375
v -0.1472265625 1.2653124999999998 0.0777734375
v -0.1152734375 1.0096875 0.0777734375
v -0.1472265625 1.0096875 0.0777734375
vt 0.3125 1.0625
vt 0.375 1.0625
vt 0.3125 0.8125
vt 0.375 0.8125
vt 0.3125 1.0625
vt 0.375 1.0625
vt 0.3125 0.8125
vt 0.375 0.8125
vt 0.3125 0.875
vt 0.375 0.875
vt 0.3125 0.8125
vt 0.375 0.8125
vt 0.3125 0.875
vt 0.375 0.875
vt 0.3125 0.8125
vt 0.375 0.8125
vt 0.3125 1.0625
vt 0.375 1.0625
vt 0.3125 0.8125
vt 0.375 0.8125
vt 0.3125 1.0625
vt 0.375 1.0625
vt 0.3125 0.8125
vt 0.375 0.8125
vn 1 0 0
vn 1 0 0
vn 1 0 0
vn 1 0 0
vn -1 0 0
vn -1 0 0
vn -1 0 0
vn -1 0 0
vn 0 1 0
vn 0 1 0
vn 0 1 0
vn 0 1 0
vn 0 -1 0
vn 0 -1 0
vn 0 -1 0
vn 0 -1 0
vn 0 0 1
vn 0 0 1
vn 0 0 1
vn 0 0 1
vn 0 0 -1
vn 0 0 -1
vn 0 0 -1
vn 0 0 -1
f 1057/1057/1057 1059/1059/1059 1058/1058/1058
f 1059/1059/1059 1060/1060/1060 1058/1058/1058
f 1061/1061/1061 1063/1063/1063 1062/1062/1062
f 1063/1063/1063 1064/1064/1064 1062/1062/1062
f 1065/1065/1065 1067/1067/1067 1066/1066/1066
f 1067/1067/1067 1068/1068/1068 1066/1066/1066
f 1069/1069/1069 1071/1071/1071 1070/1070/1070
f 1071/1071/1071 1072/1072/1072 1070/1070/1070
f 1073/1073/1073 1075/1075/1075 1074/1074/1074
f 1075/1075/1075 1076/1076/1076 1074/1074/1074
f 1077/1077/1077 1079/1079/1079 1078/1078/1078
f 1079/1079/1079 1080/1080/1080 1078/1078/1078
o lantern_cage_153_back
usemtl grave_iron
v -0.1152734375 1.2653124999999998 -0.0777734375
v -0.1152734375 1.2653124999999998 -0.1097265625
v -0.1152734375 1.0096875 -0.0777734375
v -0.1152734375 1.0096875 -0.1097265625
v -0.1472265625 1.2653124999999998 -0.1097265625
v -0.1472265625 1.2653124999999998 -0.0777734375
v -0.1472265625 1.0096875 -0.1097265625
v -0.1472265625 1.0096875 -0.0777734375
v -0.1472265625 1.2653124999999998 -0.1097265625
v -0.1152734375 1.2653124999999998 -0.1097265625
v -0.1472265625 1.2653124999999998 -0.0777734375
v -0.1152734375 1.2653124999999998 -0.0777734375
v -0.1472265625 1.0096875 -0.0777734375
v -0.1152734375 1.0096875 -0.0777734375
v -0.1472265625 1.0096875 -0.1097265625
v -0.1152734375 1.0096875 -0.1097265625
v -0.1472265625 1.2653124999999998 -0.0777734375
v -0.1152734375 1.2653124999999998 -0.0777734375
v -0.1472265625 1.0096875 -0.0777734375
v -0.1152734375 1.0096875 -0.0777734375
v -0.1152734375 1.2653124999999998 -0.1097265625
v -0.1472265625 1.2653124999999998 -0.1097265625
v -0.1152734375 1.0096875 -0.1097265625
v -0.1472265625 1.0096875 -0.1097265625
vt 0.3125 1.0625
vt 0.375 1.0625
vt 0.3125 0.8125
vt 0.375 0.8125
vt 0.3125 1.0625
vt 0.375 1.0625
vt 0.3125 0.8125
vt 0.375 0.8125
vt 0.3125 0.875
vt 0.375 0.875
vt 0.3125 0.8125
vt 0.375 0.8125
vt 0.3125 0.875
vt 0.375 0.875
vt 0.3125 0.8125
vt 0.375 0.8125
vt 0.3125 1.0625
vt 0.375 1.0625
vt 0.3125 0.8125
vt 0.375 0.8125
vt 0.3125 1.0625
vt 0.375 1.0625
vt 0.3125 0.8125
vt 0.375 0.8125
vn 1 0 0
vn 1 0 0
vn 1 0 0
vn 1 0 0
vn -1 0 0
vn -1 0 0
vn -1 0 0
vn -1 0 0
vn 0 1 0
vn 0 1 0
vn 0 1 0
vn 0 1 0
vn 0 -1 0
vn 0 -1 0
vn 0 -1 0
vn 0 -1 0
vn 0 0 1
vn 0 0 1
vn 0 0 1
vn 0 0 1
vn 0 0 -1
vn 0 0 -1
vn 0 0 -1
vn 0 0 -1
f 1081/1081/1081 1083/1083/1083 1082/1082/1082
f 1083/1083/1083 1084/1084/1084 1082/1082/1082
f 1085/1085/1085 1087/1087/1087 1086/1086/1086
f 1087/1087/1087 1088/1088/1088 1086/1086/1086
f 1089/1089/1089 1091/1091/1091 1090/1090/1090
f 1091/1091/1091 1092/1092/1092 1090/1090/1090
f 1093/1093/1093 1095/1095/1095 1094/1094/1094
f 1095/1095/1095 1096/1096/1096 1094/1094/1094
f 1097/1097/1097 1099/1099/1099 1098/1098/1098
f 1099/1099/1099 1100/1100/1100 1098/1098/1098
f 1101/1101/1101 1103/1103/1103 1102/1102/1102
f 1103/1103/1103 1104/1104/1104 1102/1102/1102
o lantern_cage_154
usemtl grave_iron
v -0.30228125 1.26925 0.11021875
v -0.30228125 1.26925 0.07728125
v -0.30228125 1.00575 0.11021875
v -0.30228125 1.00575 0.07728125
v -0.33521874999999995 1.26925 0.07728125
v -0.33521874999999995 1.26925 0.11021875
v -0.33521874999999995 1.00575 0.07728125
v -0.33521874999999995 1.00575 0.11021875
v -0.33521874999999995 1.26925 0.07728125
v -0.30228125 1.26925 0.07728125
v -0.33521874999999995 1.26925 0.11021875
v -0.30228125 1.26925 0.11021875
v -0.33521874999999995 1.00575 0.11021875
v -0.30228125 1.00575 0.11021875
v -0.33521874999999995 1.00575 0.07728125
v -0.30228125 1.00575 0.07728125
v -0.33521874999999995 1.26925 0.11021875
v -0.30228125 1.26925 0.11021875
v -0.33521874999999995 1.00575 0.11021875
v -0.30228125 1.00575 0.11021875
v -0.30228125 1.26925 0.07728125
v -0.33521874999999995 1.26925 0.07728125
v -0.30228125 1.00575 0.07728125
v -0.33521874999999995 1.00575 0.07728125
vt 0.3125 1.0625
vt 0.375 1.0625
vt 0.3125 0.8125
vt 0.375 0.8125
vt 0.3125 1.0625
vt 0.375 1.0625
vt 0.3125 0.8125
vt 0.375 0.8125
vt 0.3125 0.875
vt 0.375 0.875
vt 0.3125 0.8125
vt 0.375 0.8125
vt 0.3125 0.875
vt 0.375 0.875
vt 0.3125 0.8125
vt 0.375 0.8125
vt 0.3125 1.0625
vt 0.375 1.0625
vt 0.3125 0.8125
vt 0.375 0.8125
vt 0.3125 1.0625
vt 0.375 1.0625
vt 0.3125 0.8125
vt 0.375 0.8125
vn 1 0 0
vn 1 0 0
vn 1 0 0
vn 1 0 0
vn -1 0 0
vn -1 0 0
vn -1 0 0
vn -1 0 0
vn 0 1 0
vn 0 1 0
vn 0 1 0
vn 0 1 0
vn 0 -1 0
vn 0 -1 0
vn 0 -1 0
vn 0 -1 0
vn 0 0 1
vn 0 0 1
vn 0 0 1
vn 0 0 1
vn 0 0 -1
vn 0 0 -1
vn 0 0 -1
vn 0 0 -1
f 1105/1105/1105 1107/1107/1107 1106/1106/1106
f 1107/1107/1107 1108/1108/1108 1106/1106/1106
f 1109/1109/1109 1111/1111/1111 1110/1110/1110
f 1111/1111/1111 1112/1112/1112 1110/1110/1110
f 1113/1113/1113 1115/1115/1115 1114/1114/1114
f 1115/1115/1115 1116/1116/1116 1114/1114/1114
f 1117/1117/1117 1119/1119/1119 1118/1118/1118
f 1119/1119/1119 1120/1120/1120 1118/1118/1118
f 1121/1121/1121 1123/1123/1123 1122/1122/1122
f 1123/1123/1123 1124/1124/1124 1122/1122/1122
f 1125/1125/1125 1127/1127/1127 1126/1126/1126
f 1127/1127/1127 1128/1128/1128 1126/1126/1126
o lantern_cage_154_back
usemtl grave_iron
v -0.30228125 1.26925 -0.07728125
v -0.30228125 1.26925 -0.11021875
v -0.30228125 1.00575 -0.07728125
v -0.30228125 1.00575 -0.11021875
v -0.33521874999999995 1.26925 -0.11021875
v -0.33521874999999995 1.26925 -0.07728125
v -0.33521874999999995 1.00575 -0.11021875
v -0.33521874999999995 1.00575 -0.07728125
v -0.33521874999999995 1.26925 -0.11021875
v -0.30228125 1.26925 -0.11021875
v -0.33521874999999995 1.26925 -0.07728125
v -0.30228125 1.26925 -0.07728125
v -0.33521874999999995 1.00575 -0.07728125
v -0.30228125 1.00575 -0.07728125
v -0.33521874999999995 1.00575 -0.11021875
v -0.30228125 1.00575 -0.11021875
v -0.33521874999999995 1.26925 -0.07728125
v -0.30228125 1.26925 -0.07728125
v -0.33521874999999995 1.00575 -0.07728125
v -0.30228125 1.00575 -0.07728125
v -0.30228125 1.26925 -0.11021875
v -0.33521874999999995 1.26925 -0.11021875
v -0.30228125 1.00575 -0.11021875
v -0.33521874999999995 1.00575 -0.11021875
vt 0.3125 1.0625
vt 0.375 1.0625
vt 0.3125 0.8125
vt 0.375 0.8125
vt 0.3125 1.0625
vt 0.375 1.0625
vt 0.3125 0.8125
vt 0.375 0.8125
vt 0.3125 0.875
vt 0.375 0.875
vt 0.3125 0.8125
vt 0.375 0.8125
vt 0.3125 0.875
vt 0.375 0.875
vt 0.3125 0.8125
vt 0.375 0.8125
vt 0.3125 1.0625
vt 0.375 1.0625
vt 0.3125 0.8125
vt 0.375 0.8125
vt 0.3125 1.0625
vt 0.375 1.0625
vt 0.3125 0.8125
vt 0.375 0.8125
vn 1 0 0
vn 1 0 0
vn 1 0 0
vn 1 0 0
vn -1 0 0
vn -1 0 0
vn -1 0 0
vn -1 0 0
vn 0 1 0
vn 0 1 0
vn 0 1 0
vn 0 1 0
vn 0 -1 0
vn 0 -1 0
vn 0 -1 0
vn 0 -1 0
vn 0 0 1
vn 0 0 1
vn 0 0 1
vn 0 0 1
vn 0 0 -1
vn 0 0 -1
vn 0 0 -1
vn 0 0 -1
f 1129/1129/1129 1131/1131/1131 1130/1130/1130
f 1131/1131/1131 1132/1132/1132 1130/1130/1130
f 1133/1133/1133 1135/1135/1135 1134/1134/1134
f 1135/1135/1135 1136/1136/1136 1134/1134/1134
f 1137/1137/1137 1139/1139/1139 1138/1138/1138
f 1139/1139/1139 1140/1140/1140 1138/1138/1138
f 1141/1141/1141 1143/1143/1143 1142/1142/1142
f 1143/1143/1143 1144/1144/1144 1142/1142/1142
f 1145/1145/1145 1147/1147/1147 1146/1146/1146
f 1147/1147/1147 1148/1148/1148 1146/1146/1146
f 1149/1149/1149 1151/1151/1151 1150/1150/1150
f 1151/1151/1151 1152/1152/1152 1150/1150/1150
o lantern_cage_155
usemtl grave_iron
v -0.115203125 1.2658749999999999 -0.077703125
v -0.115203125 1.2658749999999999 -0.109796875
v -0.115203125 1.009125 -0.077703125
v -0.115203125 1.009125 -0.109796875
v -0.147296875 1.2658749999999999 -0.109796875
v -0.147296875 1.2658749999999999 -0.077703125
v -0.147296875 1.009125 -0.109796875
v -0.147296875 1.009125 -0.077703125
v -0.147296875 1.2658749999999999 -0.109796875
v -0.115203125 1.2658749999999999 -0.109796875
v -0.147296875 1.2658749999999999 -0.077703125
v -0.115203125 1.2658749999999999 -0.077703125
v -0.147296875 1.009125 -0.077703125
v -0.115203125 1.009125 -0.077703125
v -0.147296875 1.009125 -0.109796875
v -0.115203125 1.009125 -0.109796875
v -0.147296875 1.2658749999999999 -0.077703125
v -0.115203125 1.2658749999999999 -0.077703125
v -0.147296875 1.009125 -0.077703125
v -0.115203125 1.009125 -0.077703125
v -0.115203125 1.2658749999999999 -0.109796875
v -0.147296875 1.2658749999999999 -0.109796875
v -0.115203125 1.009125 -0.109796875
v -0.147296875 1.009125 -0.109796875
vt 0.3125 1.0625
vt 0.375 1.0625
vt 0.3125 0.8125
vt 0.375 0.8125
vt 0.3125 1.0625
vt 0.375 1.0625
vt 0.3125 0.8125
vt 0.375 0.8125
vt 0.3125 0.875
vt 0.375 0.875
vt 0.3125 0.8125
vt 0.375 0.8125
vt 0.3125 0.875
vt 0.375 0.875
vt 0.3125 0.8125
vt 0.375 0.8125
vt 0.3125 1.0625
vt 0.375 1.0625
vt 0.3125 0.8125
vt 0.375 0.8125
vt 0.3125 1.0625
vt 0.375 1.0625
vt 0.3125 0.8125
vt 0.375 0.8125
vn 1 0 0
vn 1 0 0
vn 1 0 0
vn 1 0 0
vn -1 0 0
vn -1 0 0
vn -1 0 0
vn -1 0 0
vn 0 1 0
vn 0 1 0
vn 0 1 0
vn 0 1 0
vn 0 -1 0
vn 0 -1 0
vn 0 -1 0
vn 0 -1 0
vn 0 0 1
vn 0 0 1
vn 0 0 1
vn 0 0 1
vn 0 0 -1
vn 0 0 -1
vn 0 0 -1
vn 0 0 -1
f 1153/1153/1153 1155/1155/1155 1154/1154/1154
f 1155/1155/1155 1156/1156/1156 1154/1154/1154
f 1157/1157/1157 1159/1159/1159 1158/1158/1158
f 1159/1159/1159 1160/1160/1160 1158/1158/1158
f 1161/1161/1161 1163/1163/1163 1162/1162/1162
f 1163/1163/1163 1164/1164/1164 1162/1162/1162
f 1165/1165/1165 1167/1167/1167 1166/1166/1166
f 1167/1167/1167 1168/1168/1168 1166/1166/1166
f 1169/1169/1169 1171/1171/1171 1170/1170/1170
f 1171/1171/1171 1172/1172/1172 1170/1170/1170
f 1173/1173/1173 1175/1175/1175 1174/1174/1174
f 1175/1175/1175 1176/1176/1176 1174/1174/1174
o lantern_cage_155_back
usemtl grave_iron
v -0.115203125 1.2658749999999999 0.109796875
v -0.115203125 1.2658749999999999 0.077703125
v -0.115203125 1.009125 0.109796875
v -0.115203125 1.009125 0.077703125
v -0.147296875 1.2658749999999999 0.077703125
v -0.147296875 1.2658749999999999 0.109796875
v -0.147296875 1.009125 0.077703125
v -0.147296875 1.009125 0.109796875
v -0.147296875 1.2658749999999999 0.077703125
v -0.115203125 1.2658749999999999 0.077703125
v -0.147296875 1.2658749999999999 0.109796875
v -0.115203125 1.2658749999999999 0.109796875
v -0.147296875 1.009125 0.109796875
v -0.115203125 1.009125 0.109796875
v -0.147296875 1.009125 0.077703125
v -0.115203125 1.009125 0.077703125
v -0.147296875 1.2658749999999999 0.109796875
v -0.115203125 1.2658749999999999 0.109796875
v -0.147296875 1.009125 0.109796875
v -0.115203125 1.009125 0.109796875
v -0.115203125 1.2658749999999999 0.077703125
v -0.147296875 1.2658749999999999 0.077703125
v -0.115203125 1.009125 0.077703125
v -0.147296875 1.009125 0.077703125
vt 0.3125 1.0625
vt 0.375 1.0625
vt 0.3125 0.8125
vt 0.375 0.8125
vt 0.3125 1.0625
vt 0.375 1.0625
vt 0.3125 0.8125
vt 0.375 0.8125
vt 0.3125 0.875
vt 0.375 0.875
vt 0.3125 0.8125
vt 0.375 0.8125
vt 0.3125 0.875
vt 0.375 0.875
vt 0.3125 0.8125
vt 0.375 0.8125
vt 0.3125 1.0625
vt 0.375 1.0625
vt 0.3125 0.8125
vt 0.375 0.8125
vt 0.3125 1.0625
vt 0.375 1.0625
vt 0.3125 0.8125
vt 0.375 0.8125
vn 1 0 0
vn 1 0 0
vn 1 0 0
vn 1 0 0
vn -1 0 0
vn -1 0 0
vn -1 0 0
vn -1 0 0
vn 0 1 0
vn 0 1 0
vn 0 1 0
vn 0 1 0
vn 0 -1 0
vn 0 -1 0
vn 0 -1 0
vn 0 -1 0
vn 0 0 1
vn 0 0 1
vn 0 0 1
vn 0 0 1
vn 0 0 -1
vn 0 0 -1
vn 0 0 -1
vn 0 0 -1
f 1177/1177/1177 1179/1179/1179 1178/1178/1178
f 1179/1179/1179 1180/1180/1180 1178/1178/1178
f 1181/1181/1181 1183/1183/1183 1182/1182/1182
f 1183/1183/1183 1184/1184/1184 1182/1182/1182
f 1185/1185/1185 1187/1187/1187 1186/1186/1186
f 1187/1187/1187 1188/1188/1188 1186/1186/1186
f 1189/1189/1189 1191/1191/1191 1190/1190/1190
f 1191/1191/1191 1192/1192/1192 1190/1190/1190
f 1193/1193/1193 1195/1195/1195 1194/1194/1194
f 1195/1195/1195 1196/1196/1196 1194/1194/1194
f 1197/1197/1197 1199/1199/1199 1198/1198/1198
f 1199/1199/1199 1200/1200/1200 1198/1198/1198
o lantern_cage_156
usemtl grave_iron
v -0.303125 1.2625 -0.078125
v -0.303125 1.2625 -0.109375
v -0.303125 1.0125 -0.078125
v -0.303125 1.0125 -0.109375
v -0.334375 1.2625 -0.109375
v -0.334375 1.2625 -0.078125
v -0.334375 1.0125 -0.109375
v -0.334375 1.0125 -0.078125
v -0.334375 1.2625 -0.109375
v -0.303125 1.2625 -0.109375
v -0.334375 1.2625 -0.078125
v -0.303125 1.2625 -0.078125
v -0.334375 1.0125 -0.078125
v -0.303125 1.0125 -0.078125
v -0.334375 1.0125 -0.109375
v -0.303125 1.0125 -0.109375
v -0.334375 1.2625 -0.078125
v -0.303125 1.2625 -0.078125
v -0.334375 1.0125 -0.078125
v -0.303125 1.0125 -0.078125
v -0.303125 1.2625 -0.109375
v -0.334375 1.2625 -0.109375
v -0.303125 1.0125 -0.109375
v -0.334375 1.0125 -0.109375
vt 0.3125 1.0625
vt 0.375 1.0625
vt 0.3125 0.8125
vt 0.375 0.8125
vt 0.3125 1.0625
vt 0.375 1.0625
vt 0.3125 0.8125
vt 0.375 0.8125
vt 0.3125 0.875
vt 0.375 0.875
vt 0.3125 0.8125
vt 0.375 0.8125
vt 0.3125 0.875
vt 0.375 0.875
vt 0.3125 0.8125
vt 0.375 0.8125
vt 0.3125 1.0625
vt 0.375 1.0625
vt 0.3125 0.8125
vt 0.375 0.8125
vt 0.3125 1.0625
vt 0.375 1.0625
vt 0.3125 0.8125
vt 0.375 0.8125
vn 1 0 0
vn 1 0 0
vn 1 0 0
vn 1 0 0
vn -1 0 0
vn -1 0 0
vn -1 0 0
vn -1 0 0
vn 0 1 0
vn 0 1 0
vn 0 1 0
vn 0 1 0
vn 0 -1 0
vn 0 -1 0
vn 0 -1 0
vn 0 -1 0
vn 0 0 1
vn 0 0 1
vn 0 0 1
vn 0 0 1
vn 0 0 -1
vn 0 0 -1
vn 0 0 -1
vn 0 0 -1
f 1201/1201/1201 1203/1203/1203 1202/1202/1202
f 1203/1203/1203 1204/1204/1204 1202/1202/1202
f 1205/1205/1205 1207/1207/1207 1206/1206/1206
f 1207/1207/1207 1208/1208/1208 1206/1206/1206
f 1209/1209/1209 1211/1211/1211 1210/1210/1210
f 1211/1211/1211 1212/1212/1212 1210/1210/1210
f 1213/1213/1213 1215/1215/1215 1214/1214/1214
f 1215/1215/1215 1216/1216/1216 1214/1214/1214
f 1217/1217/1217 1219/1219/1219 1218/1218/1218
f 1219/1219/1219 1220/1220/1220 1218/1218/1218
f 1221/1221/1221 1223/1223/1223 1222/1222/1222
f 1223/1223/1223 1224/1224/1224 1222/1222/1222
o lantern_cage_156_back
usemtl grave_iron
v -0.303125 1.2625 0.109375
v -0.303125 1.2625 0.078125
v -0.303125 1.0125 0.109375
v -0.303125 1.0125 0.078125
v -0.334375 1.2625 0.078125
v -0.334375 1.2625 0.109375
v -0.334375 1.0125 0.078125
v -0.334375 1.0125 0.109375
v -0.334375 1.2625 0.078125
v -0.303125 1.2625 0.078125
v -0.334375 1.2625 0.109375
v -0.303125 1.2625 0.109375
v -0.334375 1.0125 0.109375
v -0.303125 1.0125 0.109375
v -0.334375 1.0125 0.078125
v -0.303125 1.0125 0.078125
v -0.334375 1.2625 0.109375
v -0.303125 1.2625 0.109375
v -0.334375 1.0125 0.109375
v -0.303125 1.0125 0.109375
v -0.303125 1.2625 0.078125
v -0.334375 1.2625 0.078125
v -0.303125 1.0125 0.078125
v -0.334375 1.0125 0.078125
vt 0.3125 1.0625
vt 0.375 1.0625
vt 0.3125 0.8125
vt 0.375 0.8125
vt 0.3125 1.0625
vt 0.375 1.0625
vt 0.3125 0.8125
vt 0.375 0.8125
vt 0.3125 0.875
vt 0.375 0.875
vt 0.3125 0.8125
vt 0.375 0.8125
vt 0.3125 0.875
vt 0.375 0.875
vt 0.3125 0.8125
vt 0.375 0.8125
vt 0.3125 1.0625
vt 0.375 1.0625
vt 0.3125 0.8125
vt 0.375 0.8125
vt 0.3125 1.0625
vt 0.375 1.0625
vt 0.3125 0.8125
vt 0.375 0.8125
vn 1 0 0
vn 1 0 0
vn 1 0 0
vn 1 0 0
vn -1 0 0
vn -1 0 0
vn -1 0 0
vn -1 0 0
vn 0 1 0
vn 0 1 0
vn 0 1 0
vn 0 1 0
vn 0 -1 0
vn 0 -1 0
vn 0 -1 0
vn 0 -1 0
vn 0 0 1
vn 0 0 1
vn 0 0 1
vn 0 0 1
vn 0 0 -1
vn 0 0 -1
vn 0 0 -1
vn 0 0 -1
f 1225/1225/1225 1227/1227/1227 1226/1226/1226
f 1227/1227/1227 1228/1228/1228 1226/1226/1226
f 1229/1229/1229 1231/1231/1231 1230/1230/1230
f 1231/1231/1231 1232/1232/1232 1230/1230/1230
f 1233/1233/1233 1235/1235/1235 1234/1234/1234
f 1235/1235/1235 1236/1236/1236 1234/1234/1234
f 1237/1237/1237 1239/1239/1239 1238/1238/1238
f 1239/1239/1239 1240/1240/1240 1238/1238/1238
f 1241/1241/1241 1243/1243/1243 1242/1242/1242
f 1243/1243/1243 1244/1244/1244 1242/1242/1242
f 1245/1245/1245 1247/1247/1247 1246/1246/1246
f 1247/1247/1247 1248/1248/1248 1246/1246/1246
o lantern_soul_157
usemtl soul_wisp
v -0.17342499923147262 1.1890750007685273 0.05157500076852739
v -0.17342499923147262 1.1890750007685273 -0.05157500076852739
v -0.17342499923147262 1.0859249992314726 0.05157500076852739
v -0.17342499923147262 1.0859249992314726 -0.05157500076852739
v -0.27657500076852737 1.1890750007685273 -0.05157500076852739
v -0.27657500076852737 1.1890750007685273 0.05157500076852739
v -0.27657500076852737 1.0859249992314726 -0.05157500076852739
v -0.27657500076852737 1.0859249992314726 0.05157500076852739
v -0.27657500076852737 1.1890750007685273 -0.05157500076852739
v -0.17342499923147262 1.1890750007685273 -0.05157500076852739
v -0.27657500076852737 1.1890750007685273 0.05157500076852739
v -0.17342499923147262 1.1890750007685273 0.05157500076852739
v -0.27657500076852737 1.0859249992314726 0.05157500076852739
v -0.17342499923147262 1.0859249992314726 0.05157500076852739
v -0.27657500076852737 1.0859249992314726 -0.05157500076852739
v -0.17342499923147262 1.0859249992314726 -0.05157500076852739
v -0.27657500076852737 1.1890750007685273 0.05157500076852739
v -0.17342499923147262 1.1890750007685273 0.05157500076852739
v -0.27657500076852737 1.0859249992314726 0.05157500076852739
v -0.17342499923147262 1.0859249992314726 0.05157500076852739
v -0.17342499923147262 1.1890750007685273 -0.05157500076852739
v -0.27657500076852737 1.1890750007685273 -0.05157500076852739
v -0.17342499923147262 1.0859249992314726 -0.05157500076852739
v -0.27657500076852737 1.0859249992314726 -0.05157500076852739
vt 0.4375 0.75
vt 0.5625 0.75
vt 0.4375 0.625
vt 0.5625 0.625
vt 0.4375 0.75
vt 0.5625 0.75
vt 0.4375 0.625
vt 0.5625 0.625
vt 0.4375 0.75
vt 0.5625 0.75
vt 0.4375 0.625
vt 0.5625 0.625
vt 0.4375 0.75
vt 0.5625 0.75
vt 0.4375 0.625
vt 0.5625 0.625
vt 0.4375 0.75
vt 0.5625 0.75
vt 0.4375 0.625
vt 0.5625 0.625
vt 0.4375 0.75
vt 0.5625 0.75
vt 0.4375 0.625
vt 0.5625 0.625
vn 1 0 0
vn 1 0 0
vn 1 0 0
vn 1 0 0
vn -1 0 0
vn -1 0 0
vn -1 0 0
vn -1 0 0
vn 0 1 0
vn 0 1 0
vn 0 1 0
vn 0 1 0
vn 0 -1 0
vn 0 -1 0
vn 0 -1 0
vn 0 -1 0
vn 0 0 1
vn 0 0 1
vn 0 0 1
vn 0 0 1
vn 0 0 -1
vn 0 0 -1
vn 0 0 -1
vn 0 0 -1
f 1249/1249/1249 1251/1251/1251 1250/1250/1250
f 1251/1251/1251 1252/1252/1252 1250/1250/1250
f 1253/1253/1253 1255/1255/1255 1254/1254/1254
f 1255/1255/1255 1256/1256/1256 1254/1254/1254
f 1257/1257/1257 1259/1259/1259 1258/1258/1258
f 1259/1259/1259 1260/1260/1260 1258/1258/1258
f 1261/1261/1261 1263/1263/1263 1262/1262/1262
f 1263/1263/1263 1264/1264/1264 1262/1262/1262
f 1265/1265/1265 1267/1267/1267 1266/1266/1266
f 1267/1267/1267 1268/1268/1268 1266/1266/1266
f 1269/1269/1269 1271/1271/1271 1270/1270/1270
f 1271/1271/1271 1272/1272/1272 1270/1270/1270
o lantern_soul_158
usemtl soul_wisp
v -0.1998874996257946 1.2564187514968217 0.02511250037420541
v -0.1998874996257946 1.2564187514968217 -0.02511250037420541
v -0.1998874996257946 1.1810812485031783 0.02511250037420541
v -0.1998874996257946 1.1810812485031783 -0.02511250037420541
v -0.2501125003742054 1.2564187514968217 -0.02511250037420541
v -0.2501125003742054 1.2564187514968217 0.02511250037420541
v -0.2501125003742054 1.1810812485031783 -0.02511250037420541
v -0.2501125003742054 1.1810812485031783 0.02511250037420541
v -0.2501125003742054 1.2564187514968217 -0.02511250037420541
v -0.1998874996257946 1.2564187514968217 -0.02511250037420541
v -0.2501125003742054 1.2564187514968217 0.02511250037420541
v -0.1998874996257946 1.2564187514968217 0.02511250037420541
v -0.2501125003742054 1.1810812485031783 0.02511250037420541
v -0.1998874996257946 1.1810812485031783 0.02511250037420541
v -0.2501125003742054 1.1810812485031783 -0.02511250037420541
v -0.1998874996257946 1.1810812485031783 -0.02511250037420541
v -0.2501125003742054 1.2564187514968217 0.02511250037420541
v -0.1998874996257946 1.2564187514968217 0.02511250037420541
v -0.2501125003742054 1.1810812485031783 0.02511250037420541
v -0.1998874996257946 1.1810812485031783 0.02511250037420541
v -0.1998874996257946 1.2564187514968217 -0.02511250037420541
v -0.2501125003742054 1.2564187514968217 -0.02511250037420541
v -0.1998874996257946 1.1810812485031783 -0.02511250037420541
v -0.2501125003742054 1.1810812485031783 -0.02511250037420541
vt 0.3125 0.9375
vt 0.375 0.9375
vt 0.3125 0.875
vt 0.375 0.875
vt 0.3125 0.9375
vt 0.375 0.9375
vt 0.3125 0.875
vt 0.375 0.875
vt 0.3125 0.9375
vt 0.375 0.9375
vt 0.3125 0.875
vt 0.375 0.875
vt 0.3125 0.9375
vt 0.375 0.9375
vt 0.3125 0.875
vt 0.375 0.875
vt 0.3125 0.9375
vt 0.375 0.9375
vt 0.3125 0.875
vt 0.375 0.875
vt 0.3125 0.9375
vt 0.375 0.9375
vt 0.3125 0.875
vt 0.375 0.875
vn 1 0 0
vn 1 0 0
vn 1 0 0
vn 1 0 0
vn -1 0 0
vn -1 0 0
vn -1 0 0
vn -1 0 0
vn 0 1 0
vn 0 1 0
vn 0 1 0
vn 0 1 0
vn 0 -1 0
vn 0 -1 0
vn 0 -1 0
vn 0 -1 0
vn 0 0 1
vn 0 0 1
vn 0 0 1
vn 0 0 1
vn 0 0 -1
vn 0 0 -1
vn 0 0 -1
vn 0 0 -1
f 1273/1273/1273 1275/1275/1275 1274/1274/1274
f 1275/1275/1275 1276/1276/1276 1274/1274/1274
f 1277/1277/1277 1279/1279/1279 1278/1278/1278
f 1279/1279/1279 1280/1280/1280 1278/1278/1278
f 1281/1281/1281 1283/1283/1283 1282/1282/1282
f 1283/1283/1283 1284/1284/1284 1282/1282/1282
f 1285/1285/1285 1287/1287/1287 1286/1286/1286
f 1287/1287/1287 1288/1288/1288 1286/1286/1286
f 1289/1289/1289 1291/1291/1291 1290/1290/1290
f 1291/1291/1291 1292/1292/1292 1290/1290/1290
f 1293/1293/1293 1295/1295/1295 1294/1294/1294
f 1295/1295/1295 1296/1296/1296 1294/1294/1294
o rag_0_18_back
usemtl grave_rag
v -0.055242062684601335 0.19794094086861824 -0.10700937577523291
v -0.055242062684601335 0.19794094086861824 -0.06799062422476708
v -0.025677576655261027 -0.12586845998299911 -0.10700937577523291
v -0.025677576655261027 -0.12586845998299911 -0.06799062422476708
v -0.14590869337901066 0.1896628849213774 -0.06799062422476708
v -0.14590869337901066 0.1896628849213774 -0.10700937577523291
v -0.11634420734967035 -0.13414651593023996 -0.06799062422476708
v -0.11634420734967035 -0.13414651593023996 -0.10700937577523291
v -0.14590869337901066 0.1896628849213774 -0.06799062422476708
v -0.055242062684601335 0.19794094086861824 -0.06799062422476708
v -0.14590869337901066 0.1896628849213774 -0.10700937577523291
v -0.055242062684601335 0.19794094086861824 -0.10700937577523291
v -0.11634420734967035 -0.13414651593023996 -0.10700937577523291
v -0.025677576655261027 -0.12586845998299911 -0.10700937577523291
v -0.11634420734967035 -0.13414651593023996 -0.06799062422476708
v -0.025677576655261027 -0.12586845998299911 -0.06799062422476708
v -0.14590869337901066 0.1896628849213774 -0.10700937577523291
v -0.055242062684601335 0.19794094086861824 -0.10700937577523291
v -0.11634420734967035 -0.13414651593023996 -0.10700937577523291
v -0.025677576655261027 -0.12586845998299911 -0.10700937577523291
v -0.055242062684601335 0.19794094086861824 -0.06799062422476708
v -0.14590869337901066 0.1896628849213774 -0.06799062422476708
v -0.025677576655261027 -0.12586845998299911 -0.06799062422476708
v -0.11634420734967035 -0.13414651593023996 -0.06799062422476708
vt 0.25 0.3125
vt 0.3125 0.3125
vt 0.25 0
vt 0.3125 0
vt 0.25 0.3125
vt 0.3125 0.3125
vt 0.25 0
vt 0.3125 0
vt 0.25 0.0625
vt 0.3125 0.0625
vt 0.25 0
vt 0.3125 0
vt 0.25 0.0625
vt 0.3125 0.0625
vt 0.25 0
vt 0.3125 0
vt 0.25 0.3125
vt 0.3125 0.3125
vt 0.25 0
vt 0.3125 0
vt 0.25 0.3125
vt 0.3125 0.3125
vt 0.25 0
vt 0.3125 0
vn 0.9958578401971896 0.09092393589033063 0
vn 0.9958578401971896 0.09092393589033063 0
vn 0.9958578401971896 0.09092393589033063 0
vn 0.9958578401971896 0.09092393589033063 0
vn -0.9958578401971896 -0.09092393589033063 0
vn -0.9958578401971896 -0.09092393589033063 0
vn -0.9958578401971896 -0.09092393589033063 0
vn -0.9958578401971896 -0.09092393589033063 0
vn -0.09092393589033063 0.9958578401971896 0
vn -0.09092393589033063 0.9958578401971896 0
vn -0.09092393589033063 0.9958578401971896 0
vn -0.09092393589033063 0.9958578401971896 0
vn 0.09092393589033063 -0.9958578401971896 0
vn 0.09092393589033063 -0.9958578401971896 0
vn 0.09092393589033063 -0.9958578401971896 0
vn 0.09092393589033063 -0.9958578401971896 0
vn 0 0 -1
vn 0 0 -1
vn 0 0 -1
vn 0 0 -1
vn 0 0 1
vn 0 0 1
vn 0 0 1
vn 0 0 1
f 1297/1297/1297 1299/1299/1299 1298/1298/1298
f 1299/1299/1299 1300/1300/1300 1298/1298/1298
f 1301/1301/1301 1303/1303/1303 1302/1302/1302
f 1303/1303/1303 1304/1304/1304 1302/1302/1302
f 1305/1305/1305 1307/1307/1307 1306/1306/1306
f 1307/1307/1307 1308/1308/1308 1306/1306/1306
f 1309/1309/1309 1311/1311/1311 1310/1310/1310
f 1311/1311/1311 1312/1312/1312 1310/1310/1310
f 1313/1313/1313 1315/1315/1315 1314/1314/1314
f 1315/1315/1315 1316/1316/1316 1314/1314/1314
f 1317/1317/1317 1319/1319/1319 1318/1318/1318
f 1319/1319/1319 1320/1320/1320 1318/1318/1318
o rag_0_tip_19_back
usemtl grave_rag
v -0.03726813588060351 -0.11751424329109954 -0.1033359375
v -0.03726813588060351 -0.11751424329109954 -0.07166406249999999
v -0.006593598359777207 -0.34347922154882865 -0.1033359375
v -0.006593598359777207 -0.34347922154882865 -0.07166406249999999
v -0.10631299367381397 -0.12688701909612854 -0.07166406249999999
v -0.10631299367381397 -0.12688701909612854 -0.1033359375
v -0.07563845615298767 -0.35285199735385764 -0.07166406249999999
v -0.07563845615298767 -0.35285199735385764 -0.1033359375
v -0.10631299367381397 -0.12688701909612854 -0.07166406249999999
v -0.03726813588060351 -0.11751424329109954 -0.07166406249999999
v -0.10631299367381397 -0.12688701909612854 -0.1033359375
v -0.03726813588060351 -0.11751424329109954 -0.1033359375
v -0.07563845615298767 -0.35285199735385764 -0.1033359375
v -0.006593598359777207 -0.34347922154882865 -0.1033359375
v -0.07563845615298767 -0.35285199735385764 -0.07166406249999999
v -0.006593598359777207 -0.34347922154882865 -0.07166406249999999
v -0.10631299367381397 -0.12688701909612854 -0.1033359375
v -0.03726813588060351 -0.11751424329109954 -0.1033359375
v -0.07563845615298767 -0.35285199735385764 -0.1033359375
v -0.006593598359777207 -0.34347922154882865 -0.1033359375
v -0.03726813588060351 -0.11751424329109954 -0.07166406249999999
v -0.10631299367381397 -0.12688701909612854 -0.07166406249999999
v -0.006593598359777207 -0.34347922154882865 -0.07166406249999999
v -0.07563845615298767 -0.35285199735385764 -0.07166406249999999
vt 0.75 0.875
vt 0.8125 0.875
vt 0.75 0.625
vt 0.8125 0.625
vt 0.75 0.875
vt 0.8125 0.875
vt 0.75 0.625
vt 0.8125 0.625
vt 0.75 0.6875
vt 0.8125 0.6875
vt 0.75 0.625
vt 0.8125 0.625
vt 0.75 0.6875
vt 0.8125 0.6875
vt 0.75 0.625
vt 0.8125 0.625
vt 0.75 0.875
vt 0.8125 0.875
vt 0.75 0.625
vt 0.8125 0.625
vt 0.75 0.875
vt 0.8125 0.875
vt 0.75 0.625
vt 0.8125 0.625
vn 0.9909115134298387 0.13451532459978757 0
vn 0.9909115134298387 0.13451532459978757 0
vn 0.9909115134298387 0.13451532459978757 0
vn 0.9909115134298387 0.13451532459978757 0
vn -0.9909115134298387 -0.13451532459978757 0
vn -0.9909115134298387 -0.13451532459978757 0
vn -0.9909115134298387 -0.13451532459978757 0
vn -0.9909115134298387 -0.13451532459978757 0
vn -0.13451532459978757 0.9909115134298387 0
vn -0.13451532459978757 0.9909115134298387 0
vn -0.13451532459978757 0.9909115134298387 0
vn -0.13451532459978757 0.9909115134298387 0
vn 0.13451532459978757 -0.9909115134298387 0
vn 0.13451532459978757 -0.9909115134298387 0
vn 0.13451532459978757 -0.9909115134298387 0
vn 0.13451532459978757 -0.9909115134298387 0
vn 0 0 -1
vn 0 0 -1
vn 0 0 -1
vn 0 0 -1
vn 0 0 1
vn 0 0 1
vn 0 0 1
vn 0 0 1
f 1321/1321/1321 1323/1323/1323 1322/1322/1322
f 1323/1323/1323 1324/1324/1324 1322/1322/1322
f 1325/1325/1325 1327/1327/1327 1326/1326/1326
f 1327/1327/1327 1328/1328/1328 1326/1326/1326
f 1329/1329/1329 1331/1331/1331 1330/1330/1330
f 1331/1331/1331 1332/1332/1332 1330/1330/1330
f 1333/1333/1333 1335/1335/1335 1334/1334/1334
f 1335/1335/1335 1336/1336/1336 1334/1334/1334
f 1337/1337/1337 1339/1339/1339 1338/1338/1338
f 1339/1339/1339 1340/1340/1340 1338/1338/1338
f 1341/1341/1341 1343/1343/1343 1342/1342/1342
f 1343/1343/1343 1344/1344/1344 1342/1342/1342
o rag_0_tip_20_back
usemtl grave_rag
v 0.0010866396294198655 -0.3518156286298011 -0.103828125
v 0.0010866396294198655 -0.3518156286298011 -0.071171875
v 0.011629278613855036 -0.4294783215809027 -0.103828125
v 0.011629278613855036 -0.4294783215809027 -0.071171875
v -0.03127281448102331 -0.35620839469876286 -0.071171875
v -0.03127281448102331 -0.35620839469876286 -0.103828125
v -0.020730175496588135 -0.4338710876498645 -0.071171875
v -0.020730175496588135 -0.4338710876498645 -0.103828125
v -0.03127281448102331 -0.35620839469876286 -0.071171875
v 0.0010866396294198655 -0.3518156286298011 -0.071171875
v -0.03127281448102331 -0.35620839469876286 -0.103828125
v 0.0010866396294198655 -0.3518156286298011 -0.103828125
v -0.020730175496588135 -0.4338710876498645 -0.103828125
v 0.011629278613855036 -0.4294783215809027 -0.103828125
v -0.020730175496588135 -0.4338710876498645 -0.071171875
v 0.011629278613855036 -0.4294783215809027 -0.071171875
v -0.03127281448102331 -0.35620839469876286 -0.103828125
v 0.0010866396294198655 -0.3518156286298011 -0.103828125
v -0.020730175496588135 -0.4338710876498645 -0.103828125
v 0.011629278613855036 -0.4294783215809027 -0.103828125
v 0.0010866396294198655 -0.3518156286298011 -0.071171875
v -0.03127281448102331 -0.35620839469876286 -0.071171875
v 0.011629278613855036 -0.4294783215809027 -0.071171875
v -0.020730175496588135 -0.4338710876498645 -0.071171875
vt 0.75 0.6875
vt 0.8125 0.6875
vt 0.75 0.625
vt 0.8125 0.625
vt 0.75 0.6875
vt 0.8125 0.6875
vt 0.75 0.625
vt 0.8125 0.625
vt 0.75 0.6875
vt 0.8125 0.6875
vt 0.75 0.625
vt 0.8125 0.625
vt 0.75 0.6875
vt 0.8125 0.6875
vt 0.75 0.625
vt 0.8125 0.625
vt 0.75 0.6875
vt 0.8125 0.6875
vt 0.75 0.625
vt 0.8125 0.625
vt 0.75 0.6875
vt 0.8125 0.6875
vt 0.75 0.625
vt 0.8125 0.625
vn 0.990911513429839 0.1345153245997876 0
vn 0.990911513429839 0.1345153245997876 0
vn 0.990911513429839 0.1345153245997876 0
vn 0.990911513429839 0.1345153245997876 0
vn -0.990911513429839 -0.1345153245997876 0
vn -0.990911513429839 -0.1345153245997876 0
vn -0.990911513429839 -0.1345153245997876 0
vn -0.990911513429839 -0.1345153245997876 0
vn -0.1345153245997876 0.990911513429839 0
vn -0.1345153245997876 0.990911513429839 0
vn -0.1345153245997876 0.990911513429839 0
vn -0.1345153245997876 0.990911513429839 0
vn 0.1345153245997876 -0.990911513429839 0
vn 0.1345153245997876 -0.990911513429839 0
vn 0.1345153245997876 -0.990911513429839 0
vn 0.1345153245997876 -0.990911513429839 0
vn 0 0 -1
vn 0 0 -1
vn 0 0 -1
vn 0 0 -1
vn 0 0 1
vn 0 0 1
vn 0 0 1
vn 0 0 1
f 1345/1345/1345 1347/1347/1347 1346/1346/1346
f 1347/1347/1347 1348/1348/1348 1346/1346/1346
f 1349/1349/1349 1351/1351/1351 1350/1350/1350
f 1351/1351/1351 1352/1352/1352 1350/1350/1350
f 1353/1353/1353 1355/1355/1355 1354/1354/1354
f 1355/1355/1355 1356/1356/1356 1354/1354/1354
f 1357/1357/1357 1359/1359/1359 1358/1358/1358
f 1359/1359/1359 1360/1360/1360 1358/1358/1358
f 1361/1361/1361 1363/1363/1363 1362/1362/1362
f 1363/1363/1363 1364/1364/1364 1362/1362/1362
f 1365/1365/1365 1367/1367/1367 1366/1366/1366
f 1367/1367/1367 1368/1368/1368 1366/1366/1366
o rag_1_21_back
usemtl grave_rag
v 0.11908575452370136 0.19442425035764238 -0.13158750075846912
v 0.11908575452370136 0.19442425035764238 -0.0934124992415309
v 0.14854170201585043 -0.12233411619695989 -0.13158750075846912
v 0.14854170201585043 -0.12233411619695989 -0.0934124992415309
v 0.03039341339883432 0.18617658520029756 -0.0934124992415309
v 0.03039341339883432 0.18617658520029756 -0.13158750075846912
v 0.0598493608909834 -0.1305817813543047 -0.0934124992415309
v 0.0598493608909834 -0.1305817813543047 -0.13158750075846912
v 0.03039341339883432 0.18617658520029756 -0.0934124992415309
v 0.11908575452370136 0.19442425035764238 -0.0934124992415309
v 0.03039341339883432 0.18617658520029756 -0.13158750075846912
v 0.11908575452370136 0.19442425035764238 -0.13158750075846912
v 0.0598493608909834 -0.1305817813543047 -0.13158750075846912
v 0.14854170201585043 -0.12233411619695989 -0.13158750075846912
v 0.0598493608909834 -0.1305817813543047 -0.0934124992415309
v 0.14854170201585043 -0.12233411619695989 -0.0934124992415309
v 0.03039341339883432 0.18617658520029756 -0.13158750075846912
v 0.11908575452370136 0.19442425035764238 -0.13158750075846912
v 0.0598493608909834 -0.1305817813543047 -0.13158750075846912
v 0.14854170201585043 -0.12233411619695989 -0.13158750075846912
v 0.11908575452370136 0.19442425035764238 -0.0934124992415309
v 0.03039341339883432 0.18617658520029756 -0.0934124992415309
v 0.14854170201585043 -0.12233411619695989 -0.0934124992415309
v 0.0598493608909834 -0.1305817813543047 -0.0934124992415309
vt 0.25 0.3125
vt 0.3125 0.3125
vt 0.25 0
vt 0.3125 0
vt 0.25 0.3125
vt 0.3125 0.3125
vt 0.25 0
vt 0.3125 0
vt 0.25 0.0625
vt 0.3125 0.0625
vt 0.25 0
vt 0.3125 0
vt 0.25 0.0625
vt 0.3125 0.0625
vt 0.25 0
vt 0.3125 0
vt 0.25 0.3125
vt 0.3125 0.3125
vt 0.25 0
vt 0.3125 0
vt 0.25 0.3125
vt 0.3125 0.3125
vt 0.25 0
vt 0.3125 0
vn 0.9957040991893193 0.0925923693269912 0
vn 0.9957040991893193 0.0925923693269912 0
vn 0.9957040991893193 0.0925923693269912 0
vn 0.9957040991893193 0.0925923693269912 0
vn -0.9957040991893193 -0.0925923693269912 0
vn -0.9957040991893193 -0.0925923693269912 0
vn -0.9957040991893193 -0.0925923693269912 0
vn -0.9957040991893193 -0.0925923693269912 0
vn -0.0925923693269912 0.9957040991893193 0
vn -0.0925923693269912 0.9957040991893193 0
vn -0.0925923693269912 0.9957040991893193 0
vn -0.0925923693269912 0.9957040991893193 0
vn 0.0925923693269912 -0.9957040991893193 0
vn 0.0925923693269912 -0.9957040991893193 0
vn 0.0925923693269912 -0.9957040991893193 0
vn 0.0925923693269912 -0.9957040991893193 0
vn 0 0 -0.9999999999999999
vn 0 0 -0.9999999999999999
vn 0 0 -0.9999999999999999
vn 0 0 -0.9999999999999999
vn 0 0 0.9999999999999999
vn 0 0 0.9999999999999999
vn 0 0 0.9999999999999999
vn 0 0 0.9999999999999999
f 1369/1369/1369 1371/1371/1371 1370/1370/1370
f 1371/1371/1371 1372/1372/1372 1370/1370/1370
f 1373/1373/1373 1375/1375/1375 1374/1374/1374
f 1375/1375/1375 1376/1376/1376 1374/1374/1374
f 1377/1377/1377 1379/1379/1379 1378/1378/1378
f 1379/1379/1379 1380/1380/1380 1378/1378/1378
f 1381/1381/1381 1383/1383/1383 1382/1382/1382
f 1383/1383/1383 1384/1384/1384 1382/1382/1382
f 1385/1385/1385 1387/1387/1387 1386/1386/1386
f 1387/1387/1387 1388/1388/1388 1386/1386/1386
f 1389/1389/1389 1391/1391/1391 1390/1390/1390
f 1391/1391/1391 1392/1392/1392 1390/1390/1390
o rag_1_tip_22_back
usemtl grave_rag
v 0.1369927740945565 -0.10755344159460056 -0.12889843750000002
v 0.1369927740945565 -0.10755344159460056 -0.0961015625
v 0.214147577553177 -0.39925342403350994 -0.12889843750000002
v 0.214147577553177 -0.39925342403350994 -0.0961015625
v 0.06723842750982548 -0.12600350407362915 -0.0961015625
v 0.06723842750982548 -0.12600350407362915 -0.12889843750000002
v 0.14439323096844597 -0.4177034865125385 -0.0961015625
v 0.14439323096844597 -0.4177034865125385 -0.12889843750000002
v 0.06723842750982548 -0.12600350407362915 -0.0961015625
v 0.1369927740945565 -0.10755344159460056 -0.0961015625
v 0.06723842750982548 -0.12600350407362915 -0.12889843750000002
v 0.1369927740945565 -0.10755344159460056 -0.12889843750000002
v 0.14439323096844597 -0.4177034865125385 -0.12889843750000002
v 0.214147577553177 -0.39925342403350994 -0.12889843750000002
v 0.14439323096844597 -0.4177034865125385 -0.0961015625
v 0.214147577553177 -0.39925342403350994 -0.0961015625
v 0.06723842750982548 -0.12600350407362915 -0.12889843750000002
v 0.1369927740945565 -0.10755344159460056 -0.12889843750000002
v 0.14439323096844597 -0.4177034865125385 -0.12889843750000002
v 0.214147577553177 -0.39925342403350994 -0.12889843750000002
v 0.1369927740945565 -0.10755344159460056 -0.0961015625
v 0.06723842750982548 -0.12600350407362915 -0.0961015625
v 0.214147577553177 -0.39925342403350994 -0.0961015625
v 0.14439323096844597 -0.4177034865125385 -0.0961015625
vt 0 0.375
vt 0.0625 0.375
vt 0 0.0625
vt 0.0625 0.0625
vt 0 0.375
vt 0.0625 0.375
vt 0 0.0625
vt 0.0625 0.0625
vt 0 0.125
vt 0.0625 0.125
vt 0 0.0625
vt 0.0625 0.0625
vt 0 0.125
vt 0.0625 0.125
vt 0 0.0625
vt 0.0625 0.0625
vt 0 0.375
vt 0.0625 0.375
vt 0 0.0625
vt 0.0625 0.0625
vt 0 0.375
vt 0.0625 0.375
vt 0 0.0625
vt 0.0625 0.0625
vn 0.9667543169176152 0.2557070408126364 0
vn 0.9667543169176152 0.2557070408126364 0
vn 0.9667543169176152 0.2557070408126364 0
vn 0.9667543169176152 0.2557070408126364 0
vn -0.9667543169176152 -0.2557070408126364 0
vn -0.9667543169176152 -0.2557070408126364 0
vn -0.9667543169176152 -0.2557070408126364 0
vn -0.9667543169176152 -0.2557070408126364 0
vn -0.2557070408126364 0.9667543169176152 0
vn -0.2557070408126364 0.9667543169176152 0
vn -0.2557070408126364 0.9667543169176152 0
vn -0.2557070408126364 0.9667543169176152 0
vn 0.2557070408126364 -0.9667543169176152 0
vn 0.2557070408126364 -0.9667543169176152 0
vn 0.2557070408126364 -0.9667543169176152 0
vn 0.2557070408126364 -0.9667543169176152 0
vn 0 0 -0.9999999999999999
vn 0 0 -0.9999999999999999
vn 0 0 -0.9999999999999999
vn 0 0 -0.9999999999999999
vn 0 0 0.9999999999999999
vn 0 0 0.9999999999999999
vn 0 0 0.9999999999999999
vn 0 0 0.9999999999999999
f 1393/1393/1393 1395/1395/1395 1394/1394/1394
f 1395/1395/1395 1396/1396/1396 1394/1394/1394
f 1397/1397/1397 1399/1399/1399 1398/1398/1398
f 1399/1399/1399 1400/1400/1400 1398/1398/1398
f 1401/1401/1401 1403/1403/1403 1402/1402/1402
f 1403/1403/1403 1404/1404/1404 1402/1402/1402
f 1405/1405/1405 1407/1407/1407 1406/1406/1406
f 1407/1407/1407 1408/1408/1408 1406/1406/1406
f 1409/1409/1409 1411/1411/1411 1410/1410/1410
f 1411/1411/1411 1412/1412/1412 1410/1410/1410
f 1413/1413/1413 1415/1415/1415 1414/1414/1414
f 1415/1415/1415 1416/1416/1416 1414/1414/1414
o rag_1_tip_23_back
usemtl grave_rag
v 0.22004574314250308 -0.4023901301045095 -0.1284765625
v 0.22004574314250308 -0.4023901301045095 -0.0965234375
v 0.239655277614035 -0.47652810472910745 -0.1284765625
v 0.239655277614035 -0.47652810472910745 -0.0965234375
v 0.1891549216097449 -0.4105607691429758 -0.0965234375
v 0.1891549216097449 -0.4105607691429758 -0.1284765625
v 0.2087644560812768 -0.4846987437675737 -0.0965234375
v 0.2087644560812768 -0.4846987437675737 -0.1284765625
v 0.1891549216097449 -0.4105607691429758 -0.0965234375
v 0.22004574314250308 -0.4023901301045095 -0.0965234375
v 0.1891549216097449 -0.4105607691429758 -0.1284765625
v 0.22004574314250308 -0.4023901301045095 -0.1284765625
v 0.2087644560812768 -0.4846987437675737 -0.1284765625
v 0.239655277614035 -0.47652810472910745 -0.1284765625
v 0.2087644560812768 -0.4846987437675737 -0.0965234375
v 0.239655277614035 -0.47652810472910745 -0.0965234375
v 0.1891549216097449 -0.4105607691429758 -0.1284765625
v 0.22004574314250308 -0.4023901301045095 -0.1284765625
v 0.2087644560812768 -0.4846987437675737 -0.1284765625
v 0.239655277614035 -0.47652810472910745 -0.1284765625
v 0.22004574314250308 -0.4023901301045095 -0.0965234375
v 0.1891549216097449 -0.4105607691429758 -0.0965234375
v 0.239655277614035 -0.47652810472910745 -0.0965234375
v 0.2087644560812768 -0.4846987437675737 -0.0965234375
vt 0.75 0.6875
vt 0.8125 0.6875
vt 0.75 0.625
vt 0.8125 0.625
vt 0.75 0.6875
vt 0.8125 0.6875
vt 0.75 0.625
vt 0.8125 0.625
vt 0.75 0.6875
vt 0.8125 0.6875
vt 0.75 0.625
vt 0.8125 0.625
vt 0.75 0.6875
vt 0.8125 0.6875
vt 0.75 0.625
vt 0.8125 0.625
vt 0.75 0.6875
vt 0.8125 0.6875
vt 0.75 0.625
vt 0.8125 0.625
vt 0.75 0.6875
vt 0.8125 0.6875
vt 0.75 0.625
vt 0.8125 0.625
vn 0.966754316917615 0.25570704081263645 0
vn 0.966754316917615 0.25570704081263645 0
vn 0.966754316917615 0.25570704081263645 0
vn 0.966754316917615 0.25570704081263645 0
vn -0.966754316917615 -0.25570704081263645 0
vn -0.966754316917615 -0.25570704081263645 0
vn -0.966754316917615 -0.25570704081263645 0
vn -0.966754316917615 -0.25570704081263645 0
vn -0.25570704081263645 0.966754316917615 0
vn -0.25570704081263645 0.966754316917615 0
vn -0.25570704081263645 0.966754316917615 0
vn -0.25570704081263645 0.966754316917615 0
vn 0.25570704081263645 -0.966754316917615 0
vn 0.25570704081263645 -0.966754316917615 0
vn 0.25570704081263645 -0.966754316917615 0
vn 0.25570704081263645 -0.966754316917615 0
vn 0 0 -0.9999999999999999
vn 0 0 -0.9999999999999999
vn 0 0 -0.9999999999999999
vn 0 0 -0.9999999999999999
vn 0 0 0.9999999999999999
vn 0 0 0.9999999999999999
vn 0 0 0.9999999999999999
vn 0 0 0.9999999999999999
f 1417/1417/1417 1419/1419/1419 1418/1418/1418
f 1419/1419/1419 1420/1420/1420 1418/1418/1418
f 1421/1421/1421 1423/1423/1423 1422/1422/1422
f 1423/1423/1423 1424/1424/1424 1422/1422/1422
f 1425/1425/1425 1427/1427/1427 1426/1426/1426
f 1427/1427/1427 1428/1428/1428 1426/1426/1426
f 1429/1429/1429 1431/1431/1431 1430/1430/1430
f 1431/1431/1431 1432/1432/1432 1430/1430/1430
f 1433/1433/1433 1435/1435/1435 1434/1434/1434
f 1435/1435/1435 1436/1436/1436 1434/1434/1434
f 1437/1437/1437 1439/1439/1439 1438/1438/1438
f 1439/1439/1439 1440/1440/1440 1438/1438/1438
o pommel_hand_27
usemtl grave_bone
v 0.14827812192589046 -0.903296875 0.14827812192589046
v 0.14827812192589046 -0.903296875 -0.14827812192589046
v 0.14827812192589046 -1.096703125 0.14827812192589046
v 0.14827812192589046 -1.096703125 -0.14827812192589046
v -0.14827812192589046 -0.903296875 -0.14827812192589046
v -0.14827812192589046 -0.903296875 0.14827812192589046
v -0.14827812192589046 -1.096703125 -0.14827812192589046
v -0.14827812192589046 -1.096703125 0.14827812192589046
v -0.14827812192589046 -0.903296875 -0.14827812192589046
v 0.14827812192589046 -0.903296875 -0.14827812192589046
v -0.14827812192589046 -0.903296875 0.14827812192589046
v 0.14827812192589046 -0.903296875 0.14827812192589046
v -0.14827812192589046 -1.096703125 0.14827812192589046
v 0.14827812192589046 -1.096703125 0.14827812192589046
v -0.14827812192589046 -1.096703125 -0.14827812192589046
v 0.14827812192589046 -1.096703125 -0.14827812192589046
v -0.14827812192589046 -0.903296875 0.14827812192589046
v 0.14827812192589046 -0.903296875 0.14827812192589046
v -0.14827812192589046 -1.096703125 0.14827812192589046
v 0.14827812192589046 -1.096703125 0.14827812192589046
v 0.14827812192589046 -0.903296875 -0.14827812192589046
v -0.14827812192589046 -0.903296875 -0.14827812192589046
v 0.14827812192589046 -1.096703125 -0.14827812192589046
v -0.14827812192589046 -1.096703125 -0.14827812192589046
vt 0.9375 0.5625
vt 1.25 0.5625
vt 0.9375 0.375
vt 1.25 0.375
vt 0.9375 0.5625
vt 1.25 0.5625
vt 0.9375 0.375
vt 1.25 0.375
vt 0.9375 0.6875
vt 1.25 0.6875
vt 0.9375 0.375
vt 1.25 0.375
vt 0.9375 0.6875
vt 1.25 0.6875
vt 0.9375 0.375
vt 1.25 0.375
vt 0.9375 0.5625
vt 1.25 0.5625
vt 0.9375 0.375
vt 1.25 0.375
vt 0.9375 0.5625
vt 1.25 0.5625
vt 0.9375 0.375
vt 1.25 0.375
vn 1 0 0
vn 1 0 0
vn 1 0 0
vn 1 0 0
vn -1 0 0
vn -1 0 0
vn -1 0 0
vn -1 0 0
vn 0 1 0
vn 0 1 0
vn 0 1 0
vn 0 1 0
vn 0 -1 0
vn 0 -1 0
vn 0 -1 0
vn 0 -1 0
vn 0 0 1
vn 0 0 1
vn 0 0 1
vn 0 0 1
vn 0 0 -1
vn 0 0 -1
vn 0 0 -1
vn 0 0 -1
f 1441/1441/1441 1443/1443/1443 1442/1442/1442
f 1443/1443/1443 1444/1444/1444 1442/1442/1442
f 1445/1445/1445 1447/1447/1447 1446/1446/1446
f 1447/1447/1447 1448/1448/1448 1446/1446/1446
f 1449/1449/1449 1451/1451/1451 1450/1450/1450
f 1451/1451/1451 1452/1452/1452 1450/1450/1450
f 1453/1453/1453 1455/1455/1455 1454/1454/1454
f 1455/1455/1455 1456/1456/1456 1454/1454/1454
f 1457/1457/1457 1459/1459/1459 1458/1458/1458
f 1459/1459/1459 1460/1460/1460 1458/1458/1458
f 1461/1461/1461 1463/1463/1463 1462/1462/1462
f 1463/1463/1463 1464/1464/1464 1462/1462/1462
o pommel_hand_28
usemtl soul_gem
v 0.03766875149682164 -1.2992596877245233 0.05273624835349619
v 0.03766875149682164 -1.2992596877245233 -0.05273624835349619
v 0.03766875149682164 -1.3507403122754766 0.05273624835349619
v 0.03766875149682164 -1.3507403122754766 -0.05273624835349619
v -0.03766875149682164 -1.2992596877245233 -0.05273624835349619
v -0.03766875149682164 -1.2992596877245233 0.05273624835349619
v -0.03766875149682164 -1.3507403122754766 -0.05273624835349619
v -0.03766875149682164 -1.3507403122754766 0.05273624835349619
v -0.03766875149682164 -1.2992596877245233 -0.05273624835349619
v 0.03766875149682164 -1.2992596877245233 -0.05273624835349619
v -0.03766875149682164 -1.2992596877245233 0.05273624835349619
v 0.03766875149682164 -1.2992596877245233 0.05273624835349619
v -0.03766875149682164 -1.3507403122754766 0.05273624835349619
v 0.03766875149682164 -1.3507403122754766 0.05273624835349619
v -0.03766875149682164 -1.3507403122754766 -0.05273624835349619
v 0.03766875149682164 -1.3507403122754766 -0.05273624835349619
v -0.03766875149682164 -1.2992596877245233 0.05273624835349619
v 0.03766875149682164 -1.2992596877245233 0.05273624835349619
v -0.03766875149682164 -1.3507403122754766 0.05273624835349619
v 0.03766875149682164 -1.3507403122754766 0.05273624835349619
v 0.03766875149682164 -1.2992596877245233 -0.05273624835349619
v -0.03766875149682164 -1.2992596877245233 -0.05273624835349619
v 0.03766875149682164 -1.3507403122754766 -0.05273624835349619
v -0.03766875149682164 -1.3507403122754766 -0.05273624835349619
vt 0.25 0.125
vt 0.375 0.125
vt 0.25 0.0625
vt 0.375 0.0625
vt 0.25 0.125
vt 0.375 0.125
vt 0.25 0.0625
vt 0.375 0.0625
vt 0.25 0.1875
vt 0.3125 0.1875
vt 0.25 0.0625
vt 0.3125 0.0625
vt 0.25 0.1875
vt 0.3125 0.1875
vt 0.25 0.0625
vt 0.3125 0.0625
vt 0.25 0.125
vt 0.3125 0.125
vt 0.25 0.0625
vt 0.3125 0.0625
vt 0.25 0.125
vt 0.3125 0.125
vt 0.25 0.0625
vt 0.3125 0.0625
vn 1 0 0
vn 1 0 0
vn 1 0 0
vn 1 0 0
vn -1 0 0
vn -1 0 0
vn -1 0 0
vn -1 0 0
vn 0 1 0
vn 0 1 0
vn 0 1 0
vn 0 1 0
vn 0 -1 0
vn 0 -1 0
vn 0 -1 0
vn 0 -1 0
vn 0 0 1
vn 0 0 1
vn 0 0 1
vn 0 0 1
vn 0 0 -1
vn 0 0 -1
vn 0 0 -1
vn 0 0 -1
f 1465/1465/1465 1467/1467/1467 1466/1466/1466
f 1467/1467/1467 1468/1468/1468 1466/1466/1466
f 1469/1469/1469 1471/1471/1471 1470/1470/1470
f 1471/1471/1471 1472/1472/1472 1470/1470/1470
f 1473/1473/1473 1475/1475/1475 1474/1474/1474
f 1475/1475/1475 1476/1476/1476 1474/1474/1474
f 1477/1477/1477 1479/1479/1479 1478/1478/1478
f 1479/1479/1479 1480/1480/1480 1478/1478/1478
f 1481/1481/1481 1483/1483/1483 1482/1482/1482
f 1483/1483/1483 1484/1484/1484 1482/1482/1482
f 1485/1485/1485 1487/1487/1487 1486/1486/1486
f 1487/1487/1487 1488/1488/1488 1486/1486/1486
o pommel_hand_29
usemtl soul_gem
v 0.0679874969124794 -1.248452500231564 0.07575749722123146
v 0.0679874969124794 -1.248452500231564 -0.07575749722123146
v 0.0679874969124794 -1.3015474997684358 0.07575749722123146
v 0.0679874969124794 -1.3015474997684358 -0.07575749722123146
v -0.0679874969124794 -1.248452500231564 -0.07575749722123146
v -0.0679874969124794 -1.248452500231564 0.07575749722123146
v -0.0679874969124794 -1.3015474997684358 -0.07575749722123146
v -0.0679874969124794 -1.3015474997684358 0.07575749722123146
v -0.0679874969124794 -1.248452500231564 -0.07575749722123146
v 0.0679874969124794 -1.248452500231564 -0.07575749722123146
v -0.0679874969124794 -1.248452500231564 0.07575749722123146
v 0.0679874969124794 -1.248452500231564 0.07575749722123146
v -0.0679874969124794 -1.3015474997684358 0.07575749722123146
v 0.0679874969124794 -1.3015474997684358 0.07575749722123146
v -0.0679874969124794 -1.3015474997684358 -0.07575749722123146
v 0.0679874969124794 -1.3015474997684358 -0.07575749722123146
v -0.0679874969124794 -1.248452500231564 0.07575749722123146
v 0.0679874969124794 -1.248452500231564 0.07575749722123146
v -0.0679874969124794 -1.3015474997684358 0.07575749722123146
v 0.0679874969124794 -1.3015474997684358 0.07575749722123146
v 0.0679874969124794 -1.248452500231564 -0.07575749722123146
v -0.0679874969124794 -1.248452500231564 -0.07575749722123146
v 0.0679874969124794 -1.3015474997684358 -0.07575749722123146
v -0.0679874969124794 -1.3015474997684358 -0.07575749722123146
vt 0.0625 0.4375
vt 0.1875 0.4375
vt 0.0625 0.375
vt 0.1875 0.375
vt 0.0625 0.4375
vt 0.1875 0.4375
vt 0.0625 0.375
vt 0.1875 0.375
vt 0.0625 0.5
vt 0.1875 0.5
vt 0.0625 0.375
vt 0.1875 0.375
vt 0.0625 0.5
vt 0.1875 0.5
vt 0.0625 0.375
vt 0.1875 0.375
vt 0.0625 0.4375
vt 0.1875 0.4375
vt 0.0625 0.375
vt 0.1875 0.375
vt 0.0625 0.4375
vt 0.1875 0.4375
vt 0.0625 0.375
vt 0.1875 0.375
vn 1 0 0
vn 1 0 0
vn 1 0 0
vn 1 0 0
vn -1 0 0
vn -1 0 0
vn -1 0 0
vn -1 0 0
vn 0 1 0
vn 0 1 0
vn 0 1 0
vn 0 1 0
vn 0 -1 0
vn 0 -1 0
vn 0 -1 0
vn 0 -1 0
vn 0 0 1
vn 0 0 1
vn 0 0 1
vn 0 0 1
vn 0 0 -1
vn 0 0 -1
vn 0 0 -1
vn 0 0 -1
f 1489/1489/1489 1491/1491/1491 1490/1490/1490
f 1491/1491/1491 1492/1492/1492 1490/1490/1490
f 1493/1493/1493 1495/1495/1495 1494/1494/1494
f 1495/1495/1495 1496/1496/1496 1494/1494/1494
f 1497/1497/1497 1499/1499/1499 1498/1498/1498
f 1499/1499/1499 1500/1500/1500 1498/1498/1498
f 1501/1501/1501 1503/1503/1503 1502/1502/1502
f 1503/1503/1503 1504/1504/1504 1502/1502/1502
f 1505/1505/1505 1507/1507/1507 1506/1506/1506
f 1507/1507/1507 1508/1508/1508 1506/1506/1506
f 1509/1509/1509 1511/1511/1511 1510/1510/1510
f 1511/1511/1511 1512/1512/1512 1510/1510/1510
o pommel_hand_30
usemtl soul_gem
v 0.09459374999999999 -1.199144375225529 0.09459374999999999
v 0.09459374999999999 -1.199144375225529 -0.09459374999999999
v 0.09459374999999999 -1.250855624774471 0.09459374999999999
v 0.09459374999999999 -1.250855624774471 -0.09459374999999999
v -0.09459374999999999 -1.199144375225529 -0.09459374999999999
v -0.09459374999999999 -1.199144375225529 0.09459374999999999
v -0.09459374999999999 -1.250855624774471 -0.09459374999999999
v -0.09459374999999999 -1.250855624774471 0.09459374999999999
v -0.09459374999999999 -1.199144375225529 -0.09459374999999999
v 0.09459374999999999 -1.199144375225529 -0.09459374999999999
v -0.09459374999999999 -1.199144375225529 0.09459374999999999
v 0.09459374999999999 -1.199144375225529 0.09459374999999999
v -0.09459374999999999 -1.250855624774471 0.09459374999999999
v 0.09459374999999999 -1.250855624774471 0.09459374999999999
v -0.09459374999999999 -1.250855624774471 -0.09459374999999999
v 0.09459374999999999 -1.250855624774471 -0.09459374999999999
v -0.09459374999999999 -1.199144375225529 0.09459374999999999
v 0.09459374999999999 -1.199144375225529 0.09459374999999999
v -0.09459374999999999 -1.250855624774471 0.09459374999999999
v 0.09459374999999999 -1.250855624774471 0.09459374999999999
v 0.09459374999999999 -1.199144375225529 -0.09459374999999999
v -0.09459374999999999 -1.199144375225529 -0.09459374999999999
v 0.09459374999999999 -1.250855624774471 -0.09459374999999999
v -0.09459374999999999 -1.250855624774471 -0.09459374999999999
vt 0 0.5625
vt 0.1875 0.5625
vt 0 0.5
vt 0.1875 0.5
vt 0 0.5625
vt 0.1875 0.5625
vt 0 0.5
vt 0.1875 0.5
vt 0 0.6875
vt 0.1875 0.6875
vt 0 0.5
vt 0.1875 0.5
vt 0 0.6875
vt 0.1875 0.6875
vt 0 0.5
vt 0.1875 0.5
vt 0 0.5625
vt 0.1875 0.5625
vt 0 0.5
vt 0.1875 0.5
vt 0 0.5625
vt 0.1875 0.5625
vt 0 0.5
vt 0.1875 0.5
vn 0.9999999999999999 0 0
vn 0.9999999999999999 0 0
vn 0.9999999999999999 0 0
vn 0.9999999999999999 0 0
vn -0.9999999999999999 0 0
vn -0.9999999999999999 0 0
vn -0.9999999999999999 0 0
vn -0.9999999999999999 0 0
vn 0 0.9999999999999999 0
vn 0 0.9999999999999999 0
vn 0 0.9999999999999999 0
vn 0 0.9999999999999999 0
vn 0 -0.9999999999999999 0
vn 0 -0.9999999999999999 0
vn 0 -0.9999999999999999 0
vn 0 -0.9999999999999999 0
vn 0 0 0.9999999999999999
vn 0 0 0.9999999999999999
vn 0 0 0.9999999999999999
vn 0 0 0.9999999999999999
vn 0 0 -0.9999999999999999
vn 0 0 -0.9999999999999999
vn 0 0 -0.9999999999999999
vn 0 0 -0.9999999999999999
f 1513/1513/1513 1515/1515/1515 1514/1514/1514
f 1515/1515/1515 1516/1516/1516 1514/1514/1514
f 1517/1517/1517 1519/1519/1519 1518/1518/1518
f 1519/1519/1519 1520/1520/1520 1518/1518/1518
f 1521/1521/1521 1523/1523/1523 1522/1522/1522
f 1523/1523/1523 1524/1524/1524 1522/1522/1522
f 1525/1525/1525 1527/1527/1527 1526/1526/1526
f 1527/1527/1527 1528/1528/1528 1526/1526/1526
f 1529/1529/1529 1531/1531/1531 1530/1530/1530
f 1531/1531/1531 1532/1532/1532 1530/1530/1530
f 1533/1533/1533 1535/1535/1535 1534/1534/1534
f 1535/1535/1535 1536/1536/1536 1534/1534/1534
o pommel_hand_31
usemtl soul_gem
v 0.06828280939906835 -1.1483371877325699 0.07608655970916152
v 0.06828280939906835 -1.1483371877325699 -0.07608655970916152
v 0.06828280939906835 -1.2016628122674302 0.07608655970916152
v 0.06828280939906835 -1.2016628122674302 -0.07608655970916152
v -0.06828280939906835 -1.1483371877325699 -0.07608655970916152
v -0.06828280939906835 -1.1483371877325699 0.07608655970916152
v -0.06828280939906835 -1.2016628122674302 -0.07608655970916152
v -0.06828280939906835 -1.2016628122674302 0.07608655970916152
v -0.06828280939906835 -1.1483371877325699 -0.07608655970916152
v 0.06828280939906835 -1.1483371877325699 -0.07608655970916152
v -0.06828280939906835 -1.1483371877325699 0.07608655970916152
v 0.06828280939906835 -1.1483371877325699 0.07608655970916152
v -0.06828280939906835 -1.2016628122674302 0.07608655970916152
v 0.06828280939906835 -1.2016628122674302 0.07608655970916152
v -0.06828280939906835 -1.2016628122674302 -0.07608655970916152
v 0.06828280939906835 -1.2016628122674302 -0.07608655970916152
v -0.06828280939906835 -1.1483371877325699 0.07608655970916152
v 0.06828280939906835 -1.1483371877325699 0.07608655970916152
v -0.06828280939906835 -1.2016628122674302 0.07608655970916152
v 0.06828280939906835 -1.2016628122674302 0.07608655970916152
v 0.06828280939906835 -1.1483371877325699 -0.07608655970916152
v -0.06828280939906835 -1.1483371877325699 -0.07608655970916152
v 0.06828280939906835 -1.2016628122674302 -0.07608655970916152
v -0.06828280939906835 -1.2016628122674302 -0.07608655970916152
vt 0.0625 0.4375
vt 0.1875 0.4375
vt 0.0625 0.375
vt 0.1875 0.375
vt 0.0625 0.4375
vt 0.1875 0.4375
vt 0.0625 0.375
vt 0.1875 0.375
vt 0.0625 0.5
vt 0.1875 0.5
vt 0.0625 0.375
vt 0.1875 0.375
vt 0.0625 0.5
vt 0.1875 0.5
vt 0.0625 0.375
vt 0.1875 0.375
vt 0.0625 0.4375
vt 0.1875 0.4375
vt 0.0625 0.375
vt 0.1875 0.375
vt 0.0625 0.4375
vt 0.1875 0.4375
vt 0.0625 0.375
vt 0.1875 0.375
vn 1 0 0
vn 1 0 0
vn 1 0 0
vn 1 0 0
vn -1 0 0
vn -1 0 0
vn -1 0 0
vn -1 0 0
vn 0 1 0
vn 0 1 0
vn 0 1 0
vn 0 1 0
vn 0 -1 0
vn 0 -1 0
vn 0 -1 0
vn 0 -1 0
vn 0 0 1
vn 0 0 1
vn 0 0 1
vn 0 0 1
vn 0 0 -1
vn 0 0 -1
vn 0 0 -1
vn 0 0 -1
f 1537/1537/1537 1539/1539/1539 1538/1538/1538
f 1539/1539/1539 1540/1540/1540 1538/1538/1538
f 1541/1541/1541 1543/1543/1543 1542/1542/1542
f 1543/1543/1543 1544/1544/1544 1542/1542/1542
f 1545/1545/1545 1547/1547/1547 1546/1546/1546
f 1547/1547/1547 1548/1548/1548 1546/1546/1546
f 1549/1549/1549 1551/1551/1551 1550/1550/1550
f 1551/1551/1551 1552/1552/1552 1550/1550/1550
f 1553/1553/1553 1555/1555/1555 1554/1554/1554
f 1555/1555/1555 1556/1556/1556 1554/1554/1554
f 1557/1557/1557 1559/1559/1559 1558/1558/1558
f 1559/1559/1559 1560/1560/1560 1558/1558/1558
o pommel_hand_32
usemtl soul_gem
v 0.03800625151023269 -1.0990290627265349 0.05320874833874405
v 0.03800625151023269 -1.0990290627265349 -0.05320874833874405
v 0.03800625151023269 -1.1509709372734651 0.05320874833874405
v 0.03800625151023269 -1.1509709372734651 -0.05320874833874405
v -0.03800625151023269 -1.0990290627265349 -0.05320874833874405
v -0.03800625151023269 -1.0990290627265349 0.05320874833874405
v -0.03800625151023269 -1.1509709372734651 -0.05320874833874405
v -0.03800625151023269 -1.1509709372734651 0.05320874833874405
v -0.03800625151023269 -1.0990290627265349 -0.05320874833874405
v 0.03800625151023269 -1.0990290627265349 -0.05320874833874405
v -0.03800625151023269 -1.0990290627265349 0.05320874833874405
v 0.03800625151023269 -1.0990290627265349 0.05320874833874405
v -0.03800625151023269 -1.1509709372734651 0.05320874833874405
v 0.03800625151023269 -1.1509709372734651 0.05320874833874405
v -0.03800625151023269 -1.1509709372734651 -0.05320874833874405
v 0.03800625151023269 -1.1509709372734651 -0.05320874833874405
v -0.03800625151023269 -1.0990290627265349 0.05320874833874405
v 0.03800625151023269 -1.0990290627265349 0.05320874833874405
v -0.03800625151023269 -1.1509709372734651 0.05320874833874405
v 0.03800625151023269 -1.1509709372734651 0.05320874833874405
v 0.03800625151023269 -1.0990290627265349 -0.05320874833874405
v -0.03800625151023269 -1.0990290627265349 -0.05320874833874405
v 0.03800625151023269 -1.1509709372734651 -0.05320874833874405
v -0.03800625151023269 -1.1509709372734651 -0.05320874833874405
vt 0.25 0.125
vt 0.375 0.125
vt 0.25 0.0625
vt 0.375 0.0625
vt 0.25 0.125
vt 0.375 0.125
vt 0.25 0.0625
vt 0.375 0.0625
vt 0.25 0.1875
vt 0.3125 0.1875
vt 0.25 0.0625
vt 0.3125 0.0625
vt 0.25 0.1875
vt 0.3125 0.1875
vt 0.25 0.0625
vt 0.3125 0.0625
vt 0.25 0.125
vt 0.3125 0.125
vt 0.25 0.0625
vt 0.3125 0.0625
vt 0.25 0.125
vt 0.3125 0.125
vt 0.25 0.0625
vt 0.3125 0.0625
vn 1 0 0
vn 1 0 0
vn 1 0 0
vn 1 0 0
vn -1 0 0
vn -1 0 0
vn -1 0 0
vn -1 0 0
vn 0 1 0
vn 0 1 0
vn 0 1 0
vn 0 1 0
vn 0 -1 0
vn 0 -1 0
vn 0 -1 0
vn 0 -1 0
vn 0 0 1
vn 0 0 1
vn 0 0 1
vn 0 0 1
vn 0 0 -1
vn 0 0 -1
vn 0 0 -1
vn 0 0 -1
f 1561/1561/1561 1563/1563/1563 1562/1562/1562
f 1563/1563/1563 1564/1564/1564 1562/1562/1562
f 1565/1565/1565 1567/1567/1567 1566/1566/1566
f 1567/1567/1567 1568/1568/1568 1566/1566/1566
f 1569/1569/1569 1571/1571/1571 1570/1570/1570
f 1571/1571/1571 1572/1572/1572 1570/1570/1570
f 1573/1573/1573 1575/1575/1575 1574/1574/1574
f 1575/1575/1575 1576/1576/1576 1574/1574/1574
f 1577/1577/1577 1579/1579/1579 1578/1578/1578
f 1579/1579/1579 1580/1580/1580 1578/1578/1578
f 1581/1581/1581 1583/1583/1583 1582/1582/1582
f 1583/1583/1583 1584/1584/1584 1582/1582/1582
o pommel_hand_33
usemtl grave_bone
v -0.06734375000000001 -1.066917518141766 0.16633194802793425
v -0.06734375000000001 -1.046734845696652 0.10421606930740704
v -0.06734375000000001 -1.2532651543033477 0.10578393069259298
v -0.06734375000000001 -1.2330824818582338 0.043668051972065774
v -0.13265625 -1.046734845696652 0.10421606930740704
v -0.13265625 -1.066917518141766 0.16633194802793425
v -0.13265625 -1.2330824818582338 0.043668051972065774
v -0.13265625 -1.2532651543033477 0.10578393069259298
v -0.13265625 -1.046734845696652 0.10421606930740704
v -0.06734375000000001 -1.046734845696652 0.10421606930740704
v -0.13265625 -1.066917518141766 0.16633194802793425
v -0.06734375000000001 -1.066917518141766 0.16633194802793425
v -0.13265625 -1.2532651543033477 0.10578393069259298
v -0.06734375000000001 -1.2532651543033477 0.10578393069259298
v -0.13265625 -1.2330824818582338 0.043668051972065774
v -0.06734375000000001 -1.2330824818582338 0.043668051972065774
v -0.13265625 -1.066917518141766 0.16633194802793425
v -0.06734375000000001 -1.066917518141766 0.16633194802793425
v -0.13265625 -1.2532651543033477 0.10578393069259298
v -0.06734375000000001 -1.2532651543033477 0.10578393069259298
v -0.06734375000000001 -1.046734845696652 0.10421606930740704
v -0.13265625 -1.046734845696652 0.10421606930740704
v -0.06734375000000001 -1.2330824818582338 0.043668051972065774
v -0.13265625 -1.2330824818582338 0.043668051972065774
vt 0.9375 0.25
vt 1 0.25
vt 0.9375 0.0625
vt 1 0.0625
vt 0.9375 0.25
vt 1 0.25
vt 0.9375 0.0625
vt 1 0.0625
vt 0.9375 0.125
vt 1 0.125
vt 0.9375 0.0625
vt 1 0.0625
vt 0.9375 0.125
vt 1 0.125
vt 0.9375 0.0625
vt 1 0.0625
vt 0.9375 0.25
vt 1 0.25
vt 0.9375 0.0625
vt 1 0.0625
vt 0.9375 0.25
vt 1 0.25
vt 0.9375 0.0625
vt 1 0.0625
vn 0.9999999999999999 0 0
vn 0.9999999999999999 0 0
vn 0.9999999999999999 0 0
vn 0.9999999999999999 0 0
vn -0.9999999999999999 0 0
vn -0.9999999999999999 0 0
vn -0.9999999999999999 0 0
vn -0.9999999999999999 0 0
vn 0 0.9510565162951536 0.30901699437494745
vn 0 0.9510565162951536 0.30901699437494745
vn 0 0.9510565162951536 0.30901699437494745
vn 0 0.9510565162951536 0.30901699437494745
vn 0 -0.9510565162951536 -0.30901699437494745
vn 0 -0.9510565162951536 -0.30901699437494745
vn 0 -0.9510565162951536 -0.30901699437494745
vn 0 -0.9510565162951536 -0.30901699437494745
vn 0 -0.30901699437494745 0.9510565162951536
vn 0 -0.30901699437494745 0.9510565162951536
vn 0 -0.30901699437494745 0.9510565162951536
vn 0 -0.30901699437494745 0.9510565162951536
vn 0 0.30901699437494745 -0.9510565162951536
vn 0 0.30901699437494745 -0.9510565162951536
vn 0 0.30901699437494745 -0.9510565162951536
vn 0 0.30901699437494745 -0.9510565162951536
f 1585/1585/1585 1587/1587/1587 1586/1586/1586
f 1587/1587/1587 1588/1588/1588 1586/1586/1586
f 1589/1589/1589 1591/1591/1591 1590/1590/1590
f 1591/1591/1591 1592/1592/1592 1590/1590/1590
f 1593/1593/1593 1595/1595/1595 1594/1594/1594
f 1595/1595/1595 1596/1596/1596 1594/1594/1594
f 1597/1597/1597 1599/1599/1599 1598/1598/1598
f 1599/1599/1599 1600/1600/1600 1598/1598/1598
f 1601/1601/1601 1603/1603/1603 1602/1602/1602
f 1603/1603/1603 1604/1604/1604 1602/1602/1602
f 1605/1605/1605 1607/1607/1607 1606/1606/1606
f 1607/1607/1607 1608/1608/1608 1606/1606/1606
o pommel_hand_34
usemtl old_bone
v -0.0713687507584691 -1.2683046567021494 0.12252151606669362
v -0.0713687507584691 -1.224439037940091 0.08571389154208725
v -0.0713687507584691 -1.325560962059909 0.054286108457912735
v -0.0713687507584691 -1.2816953432978504 0.017478483933306366
v -0.1286312492415309 -1.224439037940091 0.08571389154208725
v -0.1286312492415309 -1.2683046567021494 0.12252151606669362
v -0.1286312492415309 -1.2816953432978504 0.017478483933306366
v -0.1286312492415309 -1.325560962059909 0.054286108457912735
v -0.1286312492415309 -1.224439037940091 0.08571389154208725
v -0.0713687507584691 -1.224439037940091 0.08571389154208725
v -0.1286312492415309 -1.2683046567021494 0.12252151606669362
v -0.0713687507584691 -1.2683046567021494 0.12252151606669362
v -0.1286312492415309 -1.325560962059909 0.054286108457912735
v -0.0713687507584691 -1.325560962059909 0.054286108457912735
v -0.1286312492415309 -1.2816953432978504 0.017478483933306366
v -0.0713687507584691 -1.2816953432978504 0.017478483933306366
v -0.1286312492415309 -1.2683046567021494 0.12252151606669362
v -0.0713687507584691 -1.2683046567021494 0.12252151606669362
v -0.1286312492415309 -1.325560962059909 0.054286108457912735
v -0.0713687507584691 -1.325560962059909 0.054286108457912735
v -0.0713687507584691 -1.224439037940091 0.08571389154208725
v -0.1286312492415309 -1.224439037940091 0.08571389154208725
v -0.0713687507584691 -1.2816953432978504 0.017478483933306366
v -0.1286312492415309 -1.2816953432978504 0.017478483933306366
vt 0.3125 0.1875
vt 0.375 0.1875
vt 0.3125 0.125
vt 0.375 0.125
vt 0.3125 0.1875
vt 0.375 0.1875
vt 0.3125 0.125
vt 0.375 0.125
vt 0.3125 0.1875
vt 0.375 0.1875
vt 0.3125 0.125
vt 0.375 0.125
vt 0.3125 0.1875
vt 0.375 0.1875
vt 0.3125 0.125
vt 0.375 0.125
vt 0.3125 0.1875
vt 0.375 0.1875
vt 0.3125 0.125
vt 0.375 0.125
vt 0.3125 0.1875
vt 0.375 0.1875
vt 0.3125 0.125
vt 0.375 0.125
vn 0.9999999999999999 0 0
vn 0.9999999999999999 0 0
vn 0.9999999999999999 0 0
vn 0.9999999999999999 0 0
vn -0.9999999999999999 0 0
vn -0.9999999999999999 0 0
vn -0.9999999999999999 0 0
vn -0.9999999999999999 0 0
vn 0 0.6427876096865394 0.766044443118978
vn 0 0.6427876096865394 0.766044443118978
vn 0 0.6427876096865394 0.766044443118978
vn 0 0.6427876096865394 0.766044443118978
vn 0 -0.6427876096865394 -0.766044443118978
vn 0 -0.6427876096865394 -0.766044443118978
vn 0 -0.6427876096865394 -0.766044443118978
vn 0 -0.6427876096865394 -0.766044443118978
vn 0 -0.766044443118978 0.6427876096865394
vn 0 -0.766044443118978 0.6427876096865394
vn 0 -0.766044443118978 0.6427876096865394
vn 0 -0.766044443118978 0.6427876096865394
vn 0 0.766044443118978 -0.6427876096865394
vn 0 0.766044443118978 -0.6427876096865394
vn 0 0.766044443118978 -0.6427876096865394
vn 0 0.766044443118978 -0.6427876096865394
f 1609/1609/1609 1611/1611/1611 1610/1610/1610
f 1611/1611/1611 1612/1612/1612 1610/1610/1610
f 1613/1613/1613 1615/1615/1615 1614/1614/1614
f 1615/1615/1615 1616/1616/1616 1614/1614/1614
f 1617/1617/1617 1619/1619/1619 1618/1618/1618
f 1619/1619/1619 1620/1620/1620 1618/1618/1618
f 1621/1621/1621 1623/1623/1623 1622/1622/1622
f 1623/1623/1623 1624/1624/1624 1622/1622/1622
f 1625/1625/1625 1627/1627/1627 1626/1626/1626
f 1627/1627/1627 1628/1628/1628 1626/1626/1626
f 1629/1629/1629 1631/1631/1631 1630/1630/1630
f 1631/1631/1631 1632/1632/1632 1630/1630/1630
o pommel_hand_35
usemtl grave_bone
v 0.064046875 -1.066559746688788 0.1797210568950402
v 0.064046875 -1.0462901632140063 0.11733769352930495
v 0.064046875 -1.2537098367859936 0.11891230647069506
v 0.064046875 -1.2334402533112119 0.056528943104959824
v -0.0015468750000000031 -1.0462901632140063 0.11733769352930495
v -0.0015468750000000031 -1.066559746688788 0.1797210568950402
v -0.0015468750000000031 -1.2334402533112119 0.056528943104959824
v -0.0015468750000000031 -1.2537098367859936 0.11891230647069506
v -0.0015468750000000031 -1.0462901632140063 0.11733769352930495
v 0.064046875 -1.0462901632140063 0.11733769352930495
v -0.0015468750000000031 -1.066559746688788 0.1797210568950402
v 0.064046875 -1.066559746688788 0.1797210568950402
v -0.0015468750000000031 -1.2537098367859936 0.11891230647069506
v 0.064046875 -1.2537098367859936 0.11891230647069506
v -0.0015468750000000031 -1.2334402533112119 0.056528943104959824
v 0.064046875 -1.2334402533112119 0.056528943104959824
v -0.0015468750000000031 -1.066559746688788 0.1797210568950402
v 0.064046875 -1.066559746688788 0.1797210568950402
v -0.0015468750000000031 -1.2537098367859936 0.11891230647069506
v 0.064046875 -1.2537098367859936 0.11891230647069506
v 0.064046875 -1.0462901632140063 0.11733769352930495
v -0.0015468750000000031 -1.0462901632140063 0.11733769352930495
v 0.064046875 -1.2334402533112119 0.056528943104959824
v -0.0015468750000000031 -1.2334402533112119 0.056528943104959824
vt 0.9375 0.25
vt 1 0.25
vt 0.9375 0.0625
vt 1 0.0625
vt 0.9375 0.25
vt 1 0.25
vt 0.9375 0.0625
vt 1 0.0625
vt 0.9375 0.125
vt 1 0.125
vt 0.9375 0.0625
vt 1 0.0625
vt 0.9375 0.125
vt 1 0.125
vt 0.9375 0.0625
vt 1 0.0625
vt 0.9375 0.25
vt 1 0.25
vt 0.9375 0.0625
vt 1 0.0625
vt 0.9375 0.25
vt 1 0.25
vt 0.9375 0.0625
vt 1 0.0625
vn 0.9999999999999999 0 0
vn 0.9999999999999999 0 0
vn 0.9999999999999999 0 0
vn 0.9999999999999999 0 0
vn -0.9999999999999999 0 0
vn -0.9999999999999999 0 0
vn -0.9999999999999999 0 0
vn -0.9999999999999999 0 0
vn 0 0.9510565162951535 0.30901699437494745
vn 0 0.9510565162951535 0.30901699437494745
vn 0 0.9510565162951535 0.30901699437494745
vn 0 0.9510565162951535 0.30901699437494745
vn 0 -0.9510565162951535 -0.30901699437494745
vn 0 -0.9510565162951535 -0.30901699437494745
vn 0 -0.9510565162951535 -0.30901699437494745
vn 0 -0.9510565162951535 -0.30901699437494745
vn 0 -0.30901699437494745 0.9510565162951535
vn 0 -0.30901699437494745 0.9510565162951535
vn 0 -0.30901699437494745 0.9510565162951535
vn 0 -0.30901699437494745 0.9510565162951535
vn 0 0.30901699437494745 -0.9510565162951535
vn 0 0.30901699437494745 -0.9510565162951535
vn 0 0.30901699437494745 -0.9510565162951535
vn 0 0.30901699437494745 -0.9510565162951535
f 1633/1633/1633 1635/1635/1635 1634/1634/1634
f 1635/1635/1635 1636/1636/1636 1634/1634/1634
f 1637/1637/1637 1639/1639/1639 1638/1638/1638
f 1639/1639/1639 1640/1640/1640 1638/1638/1638
f 1641/1641/1641 1643/1643/1643 1642/1642/1642
f 1643/1643/1643 1644/1644/1644 1642/1642/1642
f 1645/1645/1645 1647/1647/1647 1646/1646/1646
f 1647/1647/1647 1648/1648/1648 1646/1646/1646
f 1649/1649/1649 1651/1651/1651 1650/1650/1650
f 1651/1651/1651 1652/1652/1652 1650/1650/1650
f 1653/1653/1653 1655/1655/1655 1654/1654/1654
f 1655/1655/1655 1656/1656/1656 1654/1654/1654
o pommel_hand_36
usemtl old_bone
v 0.06000781173817814 -1.2682750603909114 0.13150368386856015
v 0.06000781173817814 -1.2242155366343253 0.0945333537345621
v 0.06000781173817814 -1.3257844633656746 0.0629666462654379
v 0.06000781173817814 -1.2817249396090884 0.02599631613143985
v 0.0024921882618218656 -1.2242155366343253 0.0945333537345621
v 0.0024921882618218656 -1.2682750603909114 0.13150368386856015
v 0.0024921882618218656 -1.2817249396090884 0.02599631613143985
v 0.0024921882618218656 -1.3257844633656746 0.0629666462654379
v 0.0024921882618218656 -1.2242155366343253 0.0945333537345621
v 0.06000781173817814 -1.2242155366343253 0.0945333537345621
v 0.0024921882618218656 -1.2682750603909114 0.13150368386856015
v 0.06000781173817814 -1.2682750603909114 0.13150368386856015
v 0.0024921882618218656 -1.3257844633656746 0.0629666462654379
v 0.06000781173817814 -1.3257844633656746 0.0629666462654379
v 0.0024921882618218656 -1.2817249396090884 0.02599631613143985
v 0.06000781173817814 -1.2817249396090884 0.02599631613143985
v 0.0024921882618218656 -1.2682750603909114 0.13150368386856015
v 0.06000781173817814 -1.2682750603909114 0.13150368386856015
v 0.0024921882618218656 -1.3257844633656746 0.0629666462654379
v 0.06000781173817814 -1.3257844633656746 0.0629666462654379
v 0.06000781173817814 -1.2242155366343253 0.0945333537345621
v 0.0024921882618218656 -1.2242155366343253 0.0945333537345621
v 0.06000781173817814 -1.2817249396090884 0.02599631613143985
v 0.0024921882618218656 -1.2817249396090884 0.02599631613143985
vt 0.3125 0.1875
vt 0.375 0.1875
vt 0.3125 0.125
vt 0.375 0.125
vt 0.3125 0.1875
vt 0.375 0.1875
vt 0.3125 0.125
vt 0.375 0.125
vt 0.3125 0.1875
vt 0.375 0.1875
vt 0.3125 0.125
vt 0.375 0.125
vt 0.3125 0.1875
vt 0.375 0.1875
vt 0.3125 0.125
vt 0.375 0.125
vt 0.3125 0.1875
vt 0.375 0.1875
vt 0.3125 0.125
vt 0.375 0.125
vt 0.3125 0.1875
vt 0.375 0.1875
vt 0.3125 0.125
vt 0.375 0.125
vn 1 0 0
vn 1 0 0
vn 1 0 0
vn 1 0 0
vn -1 0 0
vn -1 0 0
vn -1 0 0
vn -1 0 0
vn 0 0.6427876096865393 0.7660444431189781
vn 0 0.6427876096865393 0.7660444431189781
vn 0 0.6427876096865393 0.7660444431189781
vn 0 0.6427876096865393 0.7660444431189781
vn 0 -0.6427876096865393 -0.7660444431189781
vn 0 -0.6427876096865393 -0.7660444431189781
vn 0 -0.6427876096865393 -0.7660444431189781
vn 0 -0.6427876096865393 -0.7660444431189781
vn 0 -0.7660444431189781 0.6427876096865393
vn 0 -0.7660444431189781 0.6427876096865393
vn 0 -0.7660444431189781 0.6427876096865393
vn 0 -0.7660444431189781 0.6427876096865393
vn 0 0.7660444431189781 -0.6427876096865393
vn 0 0.7660444431189781 -0.6427876096865393
vn 0 0.7660444431189781 -0.6427876096865393
vn 0 0.7660444431189781 -0.6427876096865393
f 1657/1657/1657 1659/1659/1659 1658/1658/1658
f 1659/1659/1659 1660/1660/1660 1658/1658/1658
f 1661/1661/1661 1663/1663/1663 1662/1662/1662
f 1663/1663/1663 1664/1664/1664 1662/1662/1662
f 1665/1665/1665 1667/1667/1667 1666/1666/1666
f 1667/1667/1667 1668/1668/1668 1666/1666/1666
f 1669/1669/1669 1671/1671/1671 1670/1670/1670
f 1671/1671/1671 1672/1672/1672 1670/1670/1670
f 1673/1673/1673 1675/1675/1675 1674/1674/1674
f 1675/1675/1675 1676/1676/1676 1674/1674/1674
f 1677/1677/1677 1679/1679/1679 1678/1678/1678
f 1679/1679/1679 1680/1680/1680 1678/1678/1678
o pommel_hand_37
usemtl grave_bone
v 0.1516875 -1.0662019752358098 0.14061016576214613
v 0.1516875 -1.0458454807313602 0.07795931775120288
v 0.1516875 -1.2541545192686396 0.07954068224879712
v 0.1516875 -1.23379802476419 0.016889834237853882
v 0.08581249999999999 -1.0458454807313602 0.07795931775120288
v 0.08581249999999999 -1.0662019752358098 0.14061016576214613
v 0.08581249999999999 -1.23379802476419 0.016889834237853882
v 0.08581249999999999 -1.2541545192686396 0.07954068224879712
v 0.08581249999999999 -1.0458454807313602 0.07795931775120288
v 0.1516875 -1.0458454807313602 0.07795931775120288
v 0.08581249999999999 -1.0662019752358098 0.14061016576214613
v 0.1516875 -1.0662019752358098 0.14061016576214613
v 0.08581249999999999 -1.2541545192686396 0.07954068224879712
v 0.1516875 -1.2541545192686396 0.07954068224879712
v 0.08581249999999999 -1.23379802476419 0.016889834237853882
v 0.1516875 -1.23379802476419 0.016889834237853882
v 0.08581249999999999 -1.0662019752358098 0.14061016576214613
v 0.1516875 -1.0662019752358098 0.14061016576214613
v 0.08581249999999999 -1.2541545192686396 0.07954068224879712
v 0.1516875 -1.2541545192686396 0.07954068224879712
v 0.1516875 -1.0458454807313602 0.07795931775120288
v 0.08581249999999999 -1.0458454807313602 0.07795931775120288
v 0.1516875 -1.23379802476419 0.016889834237853882
v 0.08581249999999999 -1.23379802476419 0.016889834237853882
vt 0.9375 0.25
vt 1 0.25
vt 0.9375 0.0625
vt 1 0.0625
vt 0.9375 0.25
vt 1 0.25
vt 0.9375 0.0625
vt 1 0.0625
vt 0.9375 0.125
vt 1 0.125
vt 0.9375 0.0625
vt 1 0.0625
vt 0.9375 0.125
vt 1 0.125
vt 0.9375 0.0625
vt 1 0.0625
vt 0.9375 0.25
vt 1 0.25
vt 0.9375 0.0625
vt 1 0.0625
vt 0.9375 0.25
vt 1 0.25
vt 0.9375 0.0625
vt 1 0.0625
vn 1 0 0
vn 1 0 0
vn 1 0 0
vn 1 0 0
vn -1 0 0
vn -1 0 0
vn -1 0 0
vn -1 0 0
vn 0 0.9510565162951536 0.30901699437494745
vn 0 0.9510565162951536 0.30901699437494745
vn 0 0.9510565162951536 0.30901699437494745
vn 0 0.9510565162951536 0.30901699437494745
vn 0 -0.9510565162951536 -0.30901699437494745
vn 0 -0.9510565162951536 -0.30901699437494745
vn 0 -0.9510565162951536 -0.30901699437494745
vn 0 -0.9510565162951536 -0.30901699437494745
vn 0 -0.30901699437494745 0.9510565162951536
vn 0 -0.30901699437494745 0.9510565162951536
vn 0 -0.30901699437494745 0.9510565162951536
vn 0 -0.30901699437494745 0.9510565162951536
vn 0 0.30901699437494745 -0.9510565162951536
vn 0 0.30901699437494745 -0.9510565162951536
vn 0 0.30901699437494745 -0.9510565162951536
vn 0 0.30901699437494745 -0.9510565162951536
f 1681/1681/1681 1683/1683/1683 1682/1682/1682
f 1683/1683/1683 1684/1684/1684 1682/1682/1682
f 1685/1685/1685 1687/1687/1687 1686/1686/1686
f 1687/1687/1687 1688/1688/1688 1686/1686/1686
f 1689/1689/1689 1691/1691/1691 1690/1690/1690
f 1691/1691/1691 1692/1692/1692 1690/1690/1690
f 1693/1693/1693 1695/1695/1695 1694/1694/1694
f 1695/1695/1695 1696/1696/1696 1694/1694/1694
f 1697/1697/1697 1699/1699/1699 1698/1698/1698
f 1699/1699/1699 1700/1700/1700 1698/1698/1698
f 1701/1701/1701 1703/1703/1703 1702/1702/1702
f 1703/1703/1703 1704/1704/1704 1702/1702/1702
o pommel_hand_38
usemtl old_bone
v 0.14763437423482537 -1.2682454640796734 0.10548585167042668
v 0.14763437423482537 -1.2239920353285594 0.06835281592703694
v 0.14763437423482537 -1.3260079646714404 0.03664718407296305
v 0.14763437423482537 -1.2817545359203264 -0.00048585167042667493
v 0.08986562576517462 -1.2239920353285594 0.06835281592703694
v 0.08986562576517462 -1.2682454640796734 0.10548585167042668
v 0.08986562576517462 -1.2817545359203264 -0.00048585167042667493
v 0.08986562576517462 -1.3260079646714404 0.03664718407296305
v 0.08986562576517462 -1.2239920353285594 0.06835281592703694
v 0.14763437423482537 -1.2239920353285594 0.06835281592703694
v 0.08986562576517462 -1.2682454640796734 0.10548585167042668
v 0.14763437423482537 -1.2682454640796734 0.10548585167042668
v 0.08986562576517462 -1.3260079646714404 0.03664718407296305
v 0.14763437423482537 -1.3260079646714404 0.03664718407296305
v 0.08986562576517462 -1.2817545359203264 -0.00048585167042667493
v 0.14763437423482537 -1.2817545359203264 -0.00048585167042667493
v 0.08986562576517462 -1.2682454640796734 0.10548585167042668
v 0.14763437423482537 -1.2682454640796734 0.10548585167042668
v 0.08986562576517462 -1.3260079646714404 0.03664718407296305
v 0.14763437423482537 -1.3260079646714404 0.03664718407296305
v 0.14763437423482537 -1.2239920353285594 0.06835281592703694
v 0.08986562576517462 -1.2239920353285594 0.06835281592703694
v 0.14763437423482537 -1.2817545359203264 -0.00048585167042667493
v 0.08986562576517462 -1.2817545359203264 -0.00048585167042667493
vt 0.3125 0.1875
vt 0.375 0.1875
vt 0.3125 0.125
vt 0.375 0.125
vt 0.3125 0.1875
vt 0.375 0.1875
vt 0.3125 0.125
vt 0.375 0.125
vt 0.3125 0.1875
vt 0.375 0.1875
vt 0.3125 0.125
vt 0.375 0.125
vt 0.3125 0.1875
vt 0.375 0.1875
vt 0.3125 0.125
vt 0.375 0.125
vt 0.3125 0.1875
vt 0.375 0.1875
vt 0.3125 0.125
vt 0.375 0.125
vt 0.3125 0.1875
vt 0.375 0.1875
vt 0.3125 0.125
vt 0.375 0.125
vn 0.9999999999999999 0 0
vn 0.9999999999999999 0 0
vn 0.9999999999999999 0 0
vn 0.9999999999999999 0 0
vn -0.9999999999999999 0 0
vn -0.9999999999999999 0 0
vn -0.9999999999999999 0 0
vn -0.9999999999999999 0 0
vn 0 0.6427876096865394 0.766044443118978
vn 0 0.6427876096865394 0.766044443118978
vn 0 0.6427876096865394 0.766044443118978
vn 0 0.6427876096865394 0.766044443118978
vn 0 -0.6427876096865394 -0.766044443118978
vn 0 -0.6427876096865394 -0.766044443118978
vn 0 -0.6427876096865394 -0.766044443118978
vn 0 -0.6427876096865394 -0.766044443118978
vn 0 -0.766044443118978 0.6427876096865394
vn 0 -0.766044443118978 0.6427876096865394
vn 0 -0.766044443118978 0.6427876096865394
vn 0 -0.766044443118978 0.6427876096865394
vn 0 0.766044443118978 -0.6427876096865394
vn 0 0.766044443118978 -0.6427876096865394
vn 0 0.766044443118978 -0.6427876096865394
vn 0 0.766044443118978 -0.6427876096865394
f 1705/1705/1705 1707/1707/1707 1706/1706/1706
f 1707/1707/1707 1708/1708/1708 1706/1706/1706
f 1709/1709/1709 1711/1711/1711 1710/1710/1710
f 1711/1711/1711 1712/1712/1712 1710/1710/1710
f 1713/1713/1713 1715/1715/1715 1714/1714/1714
f 1715/1715/1715 1716/1716/1716 1714/1714/1714
f 1717/1717/1717 1719/1719/1719 1718/1718/1718
f 1719/1719/1719 1720/1720/1720 1718/1718/1718
f 1721/1721/1721 1723/1723/1723 1722/1722/1722
f 1723/1723/1723 1724/1724/1724 1722/1722/1722
f 1725/1725/1725 1727/1727/1727 1726/1726/1726
f 1727/1727/1727 1728/1728/1728 1726/1726/1726
o pommel_hand_39
usemtl grave_bone
v -0.04375 -1.051181670523112 -0.11737482708842778
v -0.04375 -1.0704952326715464 -0.17681585935687488
v -0.04375 -1.2295047673284534 -0.05943414064312513
v -0.04375 -1.2488183294768878 -0.11887517291157224
v -0.10625 -1.0704952326715464 -0.17681585935687488
v -0.10625 -1.051181670523112 -0.11737482708842778
v -0.10625 -1.2488183294768878 -0.11887517291157224
v -0.10625 -1.2295047673284534 -0.05943414064312513
v -0.10625 -1.0704952326715464 -0.17681585935687488
v -0.04375 -1.0704952326715464 -0.17681585935687488
v -0.10625 -1.051181670523112 -0.11737482708842778
v -0.04375 -1.051181670523112 -0.11737482708842778
v -0.10625 -1.2295047673284534 -0.05943414064312513
v -0.04375 -1.2295047673284534 -0.05943414064312513
v -0.10625 -1.2488183294768878 -0.11887517291157224
v -0.04375 -1.2488183294768878 -0.11887517291157224
v -0.10625 -1.051181670523112 -0.11737482708842778
v -0.04375 -1.051181670523112 -0.11737482708842778
v -0.10625 -1.2295047673284534 -0.05943414064312513
v -0.04375 -1.2295047673284534 -0.05943414064312513
v -0.04375 -1.0704952326715464 -0.17681585935687488
v -0.10625 -1.0704952326715464 -0.17681585935687488
v -0.04375 -1.2488183294768878 -0.11887517291157224
v -0.10625 -1.2488183294768878 -0.11887517291157224
vt 0.9375 0.25
vt 1 0.25
vt 0.9375 0.0625
vt 1 0.0625
vt 0.9375 0.25
vt 1 0.25
vt 0.9375 0.0625
vt 1 0.0625
vt 0.9375 0.125
vt 1 0.125
vt 0.9375 0.0625
vt 1 0.0625
vt 0.9375 0.125
vt 1 0.125
vt 0.9375 0.0625
vt 1 0.0625
vt 0.9375 0.25
vt 1 0.25
vt 0.9375 0.0625
vt 1 0.0625
vt 0.9375 0.25
vt 1 0.25
vt 0.9375 0.0625
vt 1 0.0625
vn 1 0 0
vn 1 0 0
vn 1 0 0
vn 1 0 0
vn -1 0 0
vn -1 0 0
vn -1 0 0
vn -1 0 0
vn 0 0.9510565162951535 -0.30901699437494745
vn 0 0.9510565162951535 -0.30901699437494745
vn 0 0.9510565162951535 -0.30901699437494745
vn 0 0.9510565162951535 -0.30901699437494745
vn 0 -0.9510565162951535 0.30901699437494745
vn 0 -0.9510565162951535 0.30901699437494745
vn 0 -0.9510565162951535 0.30901699437494745
vn 0 -0.9510565162951535 0.30901699437494745
vn 0 0.30901699437494745 0.9510565162951535
vn 0 0.30901699437494745 0.9510565162951535
vn 0 0.30901699437494745 0.9510565162951535
vn 0 0.30901699437494745 0.9510565162951535
vn 0 -0.30901699437494745 -0.9510565162951535
vn 0 -0.30901699437494745 -0.9510565162951535
vn 0 -0.30901699437494745 -0.9510565162951535
vn 0 -0.30901699437494745 -0.9510565162951535
f 1729/1729/1729 1731/1731/1731 1730/1730/1730
f 1731/1731/1731 1732/1732/1732 1730/1730/1730
f 1733/1733/1733 1735/1735/1735 1734/1734/1734
f 1735/1735/1735 1736/1736/1736 1734/1734/1734
f 1737/1737/1737 1739/1739/1739 1738/1738/1738
f 1739/1739/1739 1740/1740/1740 1738/1738/1738
f 1741/1741/1741 1743/1743/1743 1742/1742/1742
f 1743/1743/1743 1744/1744/1744 1742/1742/1742
f 1745/1745/1745 1747/1747/1747 1746/1746/1746
f 1747/1747/1747 1748/1748/1748 1746/1746/1746
f 1749/1749/1749 1751/1751/1751 1750/1750/1750
f 1751/1751/1751 1752/1752/1752 1750/1750/1750
o pommel_hand_40
usemtl old_bone
v -0.045989063268527385 -1.2237685340227935 -0.09467227811951179
v -0.045989063268527385 -1.2682158677684352 -0.1319680194722932
v -0.045989063268527385 -1.2817841322315646 -0.025531980527706798
v -0.045989063268527385 -1.3262314659772063 -0.06282772188048821
v -0.1040109367314726 -1.2682158677684352 -0.1319680194722932
v -0.1040109367314726 -1.2237685340227935 -0.09467227811951179
v -0.1040109367314726 -1.3262314659772063 -0.06282772188048821
v -0.1040109367314726 -1.2817841322315646 -0.025531980527706798
v -0.1040109367314726 -1.2682158677684352 -0.1319680194722932
v -0.045989063268527385 -1.2682158677684352 -0.1319680194722932
v -0.1040109367314726 -1.2237685340227935 -0.09467227811951179
v -0.045989063268527385 -1.2237685340227935 -0.09467227811951179
v -0.1040109367314726 -1.2817841322315646 -0.025531980527706798
v -0.045989063268527385 -1.2817841322315646 -0.025531980527706798
v -0.1040109367314726 -1.3262314659772063 -0.06282772188048821
v -0.045989063268527385 -1.3262314659772063 -0.06282772188048821
v -0.1040109367314726 -1.2237685340227935 -0.09467227811951179
v -0.045989063268527385 -1.2237685340227935 -0.09467227811951179
v -0.1040109367314726 -1.2817841322315646 -0.025531980527706798
v -0.045989063268527385 -1.2817841322315646 -0.025531980527706798
v -0.045989063268527385 -1.2682158677684352 -0.1319680194722932
v -0.1040109367314726 -1.2682158677684352 -0.1319680194722932
v -0.045989063268527385 -1.3262314659772063 -0.06282772188048821
v -0.1040109367314726 -1.3262314659772063 -0.06282772188048821
vt 0.3125 0.1875
vt 0.375 0.1875
vt 0.3125 0.125
vt 0.375 0.125
vt 0.3125 0.1875
vt 0.375 0.1875
vt 0.3125 0.125
vt 0.375 0.125
vt 0.3125 0.1875
vt 0.375 0.1875
vt 0.3125 0.125
vt 0.375 0.125
vt 0.3125 0.1875
vt 0.375 0.1875
vt 0.3125 0.125
vt 0.375 0.125
vt 0.3125 0.1875
vt 0.375 0.1875
vt 0.3125 0.125
vt 0.375 0.125
vt 0.3125 0.1875
vt 0.375 0.1875
vt 0.3125 0.125
vt 0.375 0.125
vn 1 0 0
vn 1 0 0
vn 1 0 0
vn 1 0 0
vn -1 0 0
vn -1 0 0
vn -1 0 0
vn -1 0 0
vn 0 0.6427876096865393 -0.7660444431189781
vn 0 0.6427876096865393 -0.7660444431189781
vn 0 0.6427876096865393 -0.7660444431189781
vn 0 0.6427876096865393 -0.7660444431189781
vn 0 -0.6427876096865393 0.7660444431189781
vn 0 -0.6427876096865393 0.7660444431189781
vn 0 -0.6427876096865393 0.7660444431189781
vn 0 -0.6427876096865393 0.7660444431189781
vn 0 0.7660444431189781 0.6427876096865393
vn 0 0.7660444431189781 0.6427876096865393
vn 0 0.7660444431189781 0.6427876096865393
vn 0 0.7660444431189781 0.6427876096865393
vn 0 -0.7660444431189781 -0.6427876096865393
vn 0 -0.7660444431189781 -0.6427876096865393
vn 0 -0.7660444431189781 -0.6427876096865393
vn 0 -0.7660444431189781 -0.6427876096865393
f 1753/1753/1753 1755/1755/1755 1754/1754/1754
f 1755/1755/1755 1756/1756/1756 1754/1754/1754
f 1757/1757/1757 1759/1759/1759 1758/1758/1758
f 1759/1759/1759 1760/1760/1760 1758/1758/1758
f 1761/1761/1761 1763/1763/1763 1762/1762/1762
f 1763/1763/1763 1764/1764/1764 1762/1762/1762
f 1765/1765/1765 1767/1767/1767 1766/1766/1766
f 1767/1767/1767 1768/1768/1768 1766/1766/1766
f 1769/1769/1769 1771/1771/1771 1770/1770/1770
f 1771/1771/1771 1772/1772/1772 1770/1770/1770
f 1773/1773/1773 1775/1775/1775 1774/1774/1774
f 1775/1775/1775 1776/1776/1776 1774/1774/1774
o pommel_hand_41
usemtl grave_bone
v 0.118890625 -1.0507369880404662 -0.11737145131032571
v 0.118890625 -1.0701374612185683 -0.1770799682239808
v 0.118890625 -1.2298625387814315 -0.059170031776019205
v 0.118890625 -1.2492630119595336 -0.1188785486896743
v 0.056109374999999996 -1.0701374612185683 -0.1770799682239808
v 0.056109374999999996 -1.0507369880404662 -0.11737145131032571
v 0.056109374999999996 -1.2492630119595336 -0.1188785486896743
v 0.056109374999999996 -1.2298625387814315 -0.059170031776019205
v 0.056109374999999996 -1.0701374612185683 -0.1770799682239808
v 0.118890625 -1.0701374612185683 -0.1770799682239808
v 0.056109374999999996 -1.0507369880404662 -0.11737145131032571
v 0.118890625 -1.0507369880404662 -0.11737145131032571
v 0.056109374999999996 -1.2298625387814315 -0.059170031776019205
v 0.118890625 -1.2298625387814315 -0.059170031776019205
v 0.056109374999999996 -1.2492630119595336 -0.1188785486896743
v 0.118890625 -1.2492630119595336 -0.1188785486896743
v 0.056109374999999996 -1.0507369880404662 -0.11737145131032571
v 0.118890625 -1.0507369880404662 -0.11737145131032571
v 0.056109374999999996 -1.2298625387814315 -0.059170031776019205
v 0.118890625 -1.2298625387814315 -0.059170031776019205
v 0.118890625 -1.0701374612185683 -0.1770799682239808
v 0.056109374999999996 -1.0701374612185683 -0.1770799682239808
v 0.118890625 -1.2492630119595336 -0.1188785486896743
v 0.056109374999999996 -1.2492630119595336 -0.1188785486896743
vt 0.9375 0.25
vt 1 0.25
vt 0.9375 0.0625
vt 1 0.0625
vt 0.9375 0.25
vt 1 0.25
vt 0.9375 0.0625
vt 1 0.0625
vt 0.9375 0.125
vt 1 0.125
vt 0.9375 0.0625
vt 1 0.0625
vt 0.9375 0.125
vt 1 0.125
vt 0.9375 0.0625
vt 1 0.0625
vt 0.9375 0.25
vt 1 0.25
vt 0.9375 0.0625
vt 1 0.0625
vt 0.9375 0.25
vt 1 0.25
vt 0.9375 0.0625
vt 1 0.0625
vn 1 0 0
vn 1 0 0
vn 1 0 0
vn 1 0 0
vn -1 0 0
vn -1 0 0
vn -1 0 0
vn -1 0 0
vn 0 0.9510565162951534 -0.30901699437494745
vn 0 0.9510565162951534 -0.30901699437494745
vn 0 0.9510565162951534 -0.30901699437494745
vn 0 0.9510565162951534 -0.30901699437494745
vn 0 -0.9510565162951534 0.30901699437494745
vn 0 -0.9510565162951534 0.30901699437494745
vn 0 -0.9510565162951534 0.30901699437494745
vn 0 -0.9510565162951534 0.30901699437494745
vn 0 0.30901699437494745 0.9510565162951534
vn 0 0.30901699437494745 0.9510565162951534
vn 0 0.30901699437494745 0.9510565162951534
vn 0 0.30901699437494745 0.9510565162951534
vn 0 -0.30901699437494745 -0.9510565162951534
vn 0 -0.30901699437494745 -0.9510565162951534
vn 0 -0.30901699437494745 -0.9510565162951534
vn 0 -0.30901699437494745 -0.9510565162951534
f 1777/1777/1777 1779/1779/1779 1778/1778/1778
f 1779/1779/1779 1780/1780/1780 1778/1778/1778
f 1781/1781/1781 1783/1783/1783 1782/1782/1782
f 1783/1783/1783 1784/1784/1784 1782/1782/1782
f 1785/1785/1785 1787/1787/1787 1786/1786/1786
f 1787/1787/1787 1788/1788/1788 1786/1786/1786
f 1789/1789/1789 1791/1791/1791 1790/1790/1790
f 1791/1791/1791 1792/1792/1792 1790/1790/1790
f 1793/1793/1793 1795/1795/1795 1794/1794/1794
f 1795/1795/1795 1796/1796/1796 1794/1794/1794
f 1797/1797/1797 1799/1799/1799 1798/1798/1798
f 1799/1799/1799 1800/1800/1800 1798/1798/1798
o pommel_hand_42
usemtl old_bone
v 0.11663749922811985 -1.2235450327170279 -0.09474174031198665
v 0.11663749922811985 -1.2681862714571972 -0.13220018727415972
v 0.11663749922811985 -1.2818137285428026 -0.025299812725840275
v 0.11663749922811985 -1.326454967282972 -0.06275825968801335
v 0.05836250077188014 -1.2681862714571972 -0.13220018727415972
v 0.05836250077188014 -1.2235450327170279 -0.09474174031198665
v 0.05836250077188014 -1.326454967282972 -0.06275825968801335
v 0.05836250077188014 -1.2818137285428026 -0.025299812725840275
v 0.05836250077188014 -1.2681862714571972 -0.13220018727415972
v 0.11663749922811985 -1.2681862714571972 -0.13220018727415972
v 0.05836250077188014 -1.2235450327170279 -0.09474174031198665
v 0.11663749922811985 -1.2235450327170279 -0.09474174031198665
v 0.05836250077188014 -1.2818137285428026 -0.025299812725840275
v 0.11663749922811985 -1.2818137285428026 -0.025299812725840275
v 0.05836250077188014 -1.326454967282972 -0.06275825968801335
v 0.11663749922811985 -1.326454967282972 -0.06275825968801335
v 0.05836250077188014 -1.2235450327170279 -0.09474174031198665
v 0.11663749922811985 -1.2235450327170279 -0.09474174031198665
v 0.05836250077188014 -1.2818137285428026 -0.025299812725840275
v 0.11663749922811985 -1.2818137285428026 -0.025299812725840275
v 0.11663749922811985 -1.2681862714571972 -0.13220018727415972
v 0.05836250077188014 -1.2681862714571972 -0.13220018727415972
v 0.11663749922811985 -1.326454967282972 -0.06275825968801335
v 0.05836250077188014 -1.326454967282972 -0.06275825968801335
vt 0.3125 0.1875
vt 0.375 0.1875
vt 0.3125 0.125
vt 0.375 0.125
vt 0.3125 0.1875
vt 0.375 0.1875
vt 0.3125 0.125
vt 0.375 0.125
vt 0.3125 0.1875
vt 0.375 0.1875
vt 0.3125 0.125
vt 0.375 0.125
vt 0.3125 0.1875
vt 0.375 0.1875
vt 0.3125 0.125
vt 0.375 0.125
vt 0.3125 0.1875
vt 0.375 0.1875
vt 0.3125 0.125
vt 0.375 0.125
vt 0.3125 0.1875
vt 0.375 0.1875
vt 0.3125 0.125
vt 0.375 0.125
vn 1 0 0
vn 1 0 0
vn 1 0 0
vn 1 0 0
vn -1 0 0
vn -1 0 0
vn -1 0 0
vn -1 0 0
vn 0 0.6427876096865393 -0.7660444431189781
vn 0 0.6427876096865393 -0.7660444431189781
vn 0 0.6427876096865393 -0.7660444431189781
vn 0 0.6427876096865393 -0.7660444431189781
vn 0 -0.6427876096865393 0.7660444431189781
vn 0 -0.6427876096865393 0.7660444431189781
vn 0 -0.6427876096865393 0.7660444431189781
vn 0 -0.6427876096865393 0.7660444431189781
vn 0 0.7660444431189781 0.6427876096865393
vn 0 0.7660444431189781 0.6427876096865393
vn 0 0.7660444431189781 0.6427876096865393
vn 0 0.7660444431189781 0.6427876096865393
vn 0 -0.7660444431189781 -0.6427876096865393
vn 0 -0.7660444431189781 -0.6427876096865393
vn 0 -0.7660444431189781 -0.6427876096865393
vn 0 -0.7660444431189781 -0.6427876096865393
f 1801/1801/1801 1803/1803/1803 1802/1802/1802
f 1803/1803/1803 1804/1804/1804 1802/1802/1802
f 1805/1805/1805 1807/1807/1807 1806/1806/1806
f 1807/1807/1807 1808/1808/1808 1806/1806/1806
f 1809/1809/1809 1811/1811/1811 1810/1810/1810
f 1811/1811/1811 1812/1812/1812 1810/1810/1810
f 1813/1813/1813 1815/1815/1815 1814/1814/1814
f 1815/1815/1815 1816/1816/1816 1814/1814/1814
f 1817/1817/1817 1819/1819/1819 1818/1818/1818
f 1819/1819/1819 1820/1820/1820 1818/1818/1818
f 1821/1821/1821 1823/1823/1823 1822/1822/1822
f 1823/1823/1823 1824/1824/1824 1822/1822/1822
o head_43
usemtl grave_iron
v 0.17657499699294565 1.96959375 0.17657499699294565
v 0.17657499699294565 1.96959375 -0.17657499699294565
v 0.17657499699294565 1.78040625 0.17657499699294565
v 0.17657499699294565 1.78040625 -0.17657499699294565
v -0.17657499699294565 1.96959375 -0.17657499699294565
v -0.17657499699294565 1.96959375 0.17657499699294565
v -0.17657499699294565 1.78040625 -0.17657499699294565
v -0.17657499699294565 1.78040625 0.17657499699294565
v -0.17657499699294565 1.96959375 -0.17657499699294565
v 0.17657499699294565 1.96959375 -0.17657499699294565
v -0.17657499699294565 1.96959375 0.17657499699294565
v 0.17657499699294565 1.96959375 0.17657499699294565
v -0.17657499699294565 1.78040625 0.17657499699294565
v 0.17657499699294565 1.78040625 0.17657499699294565
v -0.17657499699294565 1.78040625 -0.17657499699294565
v 0.17657499699294565 1.78040625 -0.17657499699294565
v -0.17657499699294565 1.96959375 0.17657499699294565
v 0.17657499699294565 1.96959375 0.17657499699294565
v -0.17657499699294565 1.78040625 0.17657499699294565
v 0.17657499699294565 1.78040625 0.17657499699294565
v 0.17657499699294565 1.96959375 -0.17657499699294565
v -0.17657499699294565 1.96959375 -0.17657499699294565
v 0.17657499699294565 1.78040625 -0.17657499699294565
v -0.17657499699294565 1.78040625 -0.17657499699294565
vt 0.8125 1.0625
vt 1.1875 1.0625
vt 0.8125 0.875
vt 1.1875 0.875
vt 0.8125 1.0625
vt 1.1875 1.0625
vt 0.8125 0.875
vt 1.1875 0.875
vt 0.8125 1.25
vt 1.1875 1.25
vt 0.8125 0.875
vt 1.1875 0.875
vt 0.8125 1.25
vt 1.1875 1.25
vt 0.8125 0.875
vt 1.1875 0.875
vt 0.8125 1.0625
vt 1.1875 1.0625
vt 0.8125 0.875
vt 1.1875 0.875
vt 0.8125 1.0625
vt 1.1875 1.0625
vt 0.8125 0.875
vt 1.1875 0.875
vn 0.9999999999999999 0 0
vn 0.9999999999999999 0 0
vn 0.9999999999999999 0 0
vn 0.9999999999999999 0 0
vn -0.9999999999999999 0 0
vn -0.9999999999999999 0 0
vn -0.9999999999999999 0 0
vn -0.9999999999999999 0 0
vn 0 0.9999999999999999 0
vn 0 0.9999999999999999 0
vn 0 0.9999999999999999 0
vn 0 0.9999999999999999 0
vn 0 -0.9999999999999999 0
vn 0 -0.9999999999999999 0
vn 0 -0.9999999999999999 0
vn 0 -0.9999999999999999 0
vn 0 0 0.9999999999999999
vn 0 0 0.9999999999999999
vn 0 0 0.9999999999999999
vn 0 0 0.9999999999999999
vn 0 0 -0.9999999999999999
vn 0 0 -0.9999999999999999
vn 0 0 -0.9999999999999999
vn 0 0 -0.9999999999999999
f 1825/1825/1825 1827/1827/1827 1826/1826/1826
f 1827/1827/1827 1828/1828/1828 1826/1826/1826
f 1829/1829/1829 1831/1831/1831 1830/1830/1830
f 1831/1831/1831 1832/1832/1832 1830/1830/1830
f 1833/1833/1833 1835/1835/1835 1834/1834/1834
f 1835/1835/1835 1836/1836/1836 1834/1834/1834
f 1837/1837/1837 1839/1839/1839 1838/1838/1838
f 1839/1839/1839 1840/1840/1840 1838/1838/1838
f 1841/1841/1841 1843/1843/1843 1842/1842/1842
f 1843/1843/1843 1844/1844/1844 1842/1842/1842
f 1845/1845/1845 1847/1847/1847 1846/1846/1846
f 1847/1847/1847 1848/1848/1848 1846/1846/1846
o head_44
usemtl grave_bone
v 0.19509375 2.020015625 0.19509375
v 0.19509375 2.020015625 -0.19509375
v 0.19509375 1.954984375 0.19509375
v 0.19509375 1.954984375 -0.19509375
v -0.19509375 2.020015625 -0.19509375
v -0.19509375 2.020015625 0.19509375
v -0.19509375 1.954984375 -0.19509375
v -0.19509375 1.954984375 0.19509375
v -0.19509375 2.020015625 -0.19509375
v 0.19509375 2.020015625 -0.19509375
v -0.19509375 2.020015625 0.19509375
v 0.19509375 2.020015625 0.19509375
v -0.19509375 1.954984375 0.19509375
v 0.19509375 1.954984375 0.19509375
v -0.19509375 1.954984375 -0.19509375
v 0.19509375 1.954984375 -0.19509375
v -0.19509375 2.020015625 0.19509375
v 0.19509375 2.020015625 0.19509375
v -0.19509375 1.954984375 0.19509375
v 0.19509375 1.954984375 0.19509375
v 0.19509375 2.020015625 -0.19509375
v -0.19509375 2.020015625 -0.19509375
v 0.19509375 1.954984375 -0.19509375
v -0.19509375 1.954984375 -0.19509375
vt 0.9375 0.4375
vt 1.3125 0.4375
vt 0.9375 0.375
vt 1.3125 0.375
vt 0.9375 0.4375
vt 1.3125 0.4375
vt 0.9375 0.375
vt 1.3125 0.375
vt 0.9375 0.75
vt 1.3125 0.75
vt 0.9375 0.375
vt 1.3125 0.375
vt 0.9375 0.75
vt 1.3125 0.75
vt 0.9375 0.375
vt 1.3125 0.375
vt 0.9375 0.4375
vt 1.3125 0.4375
vt 0.9375 0.375
vt 1.3125 0.375
vt 0.9375 0.4375
vt 1.3125 0.4375
vt 0.9375 0.375
vt 1.3125 0.375
vn 1 0 0
vn 1 0 0
vn 1 0 0
vn 1 0 0
vn -1 0 0
vn -1 0 0
vn -1 0 0
vn -1 0 0
vn 0 1 0
vn 0 1 0
vn 0 1 0
vn 0 1 0
vn 0 -1 0
vn 0 -1 0
vn 0 -1 0
vn 0 -1 0
vn 0 0 1
vn 0 0 1
vn 0 0 1
vn 0 0 1
vn 0 0 -1
vn 0 0 -1
vn 0 0 -1
vn 0 0 -1
f 1849/1849/1849 1851/1851/1851 1850/1850/1850
f 1851/1851/1851 1852/1852/1852 1850/1850/1850
f 1853/1853/1853 1855/1855/1855 1854/1854/1854
f 1855/1855/1855 1856/1856/1856 1854/1854/1854
f 1857/1857/1857 1859/1859/1859 1858/1858/1858
f 1859/1859/1859 1860/1860/1860 1858/1858/1858
f 1861/1861/1861 1863/1863/1863 1862/1862/1862
f 1863/1863/1863 1864/1864/1864 1862/1862/1862
f 1865/1865/1865 1867/1867/1867 1866/1866/1866
f 1867/1867/1867 1868/1868/1868 1866/1866/1866
f 1869/1869/1869 1871/1871/1871 1870/1870/1870
f 1871/1871/1871 1872/1872/1872 1870/1870/1870
o skull_45
usemtl grave_bone
v 0.34754687500000003 2.496703125 0.221703125
v 0.34754687500000003 2.496703125 -0.221703125
v 0.34754687500000003 2.053296875 0.221703125
v 0.34754687500000003 2.053296875 -0.221703125
v -0.22254687500000003 2.496703125 -0.221703125
v -0.22254687500000003 2.496703125 0.221703125
v -0.22254687500000003 2.053296875 -0.221703125
v -0.22254687500000003 2.053296875 0.221703125
v -0.22254687500000003 2.496703125 -0.221703125
v 0.34754687500000003 2.496703125 -0.221703125
v -0.22254687500000003 2.496703125 0.221703125
v 0.34754687500000003 2.496703125 0.221703125
v -0.22254687500000003 2.053296875 0.221703125
v 0.34754687500000003 2.053296875 0.221703125
v -0.22254687500000003 2.053296875 -0.221703125
v 0.34754687500000003 2.053296875 -0.221703125
v -0.22254687500000003 2.496703125 0.221703125
v 0.34754687500000003 2.496703125 0.221703125
v -0.22254687500000003 2.053296875 0.221703125
v 0.34754687500000003 2.053296875 0.221703125
v 0.34754687500000003 2.496703125 -0.221703125
v -0.22254687500000003 2.496703125 -0.221703125
v 0.34754687500000003 2.053296875 -0.221703125
v -0.22254687500000003 2.053296875 -0.221703125
vt 0.9375 1.25
vt 1.375 1.25
vt 0.9375 0.8125
vt 1.375 0.8125
vt 0.9375 1.25
vt 1.375 1.25
vt 0.9375 0.8125
vt 1.375 0.8125
vt 0.9375 1.25
vt 1.5 1.25
vt 0.9375 0.8125
vt 1.5 0.8125
vt 0.9375 1.25
vt 1.5 1.25
vt 0.9375 0.8125
vt 1.5 0.8125
vt 0.9375 1.25
vt 1.5 1.25
vt 0.9375 0.8125
vt 1.5 0.8125
vt 0.9375 1.25
vt 1.5 1.25
vt 0.9375 0.8125
vt 1.5 0.8125
vn 1 0 0
vn 1 0 0
vn 1 0 0
vn 1 0 0
vn -1 0 0
vn -1 0 0
vn -1 0 0
vn -1 0 0
vn 0 1 0
vn 0 1 0
vn 0 1 0
vn 0 1 0
vn 0 -1 0
vn 0 -1 0
vn 0 -1 0
vn 0 -1 0
vn 0 0 1
vn 0 0 1
vn 0 0 1
vn 0 0 1
vn 0 0 -1
vn 0 0 -1
vn 0 0 -1
vn 0 0 -1
f 1873/1873/1873 1875/1875/1875 1874/1874/1874
f 1875/1875/1875 1876/1876/1876 1874/1874/1874
f 1877/1877/1877 1879/1879/1879 1878/1878/1878
f 1879/1879/1879 1880/1880/1880 1878/1878/1878
f 1881/1881/1881 1883/1883/1883 1882/1882/1882
f 1883/1883/1883 1884/1884/1884 1882/1882/1882
f 1885/1885/1885 1887/1887/1887 1886/1886/1886
f 1887/1887/1887 1888/1888/1888 1886/1886/1886
f 1889/1889/1889 1891/1891/1891 1890/1890/1890
f 1891/1891/1891 1892/1892/1892 1890/1890/1890
f 1893/1893/1893 1895/1895/1895 1894/1894/1894
f 1895/1895/1895 1896/1896/1896 1894/1894/1894
o skull_46
usemtl grave_bone
v 0.7041562531143427 2.2925624968856573 0.17634375311434267
v 0.7041562531143427 2.2925624968856573 -0.17634375311434267
v 0.7041562531143427 2.0574375031143424 0.17634375311434267
v 0.7041562531143427 2.0574375031143424 -0.17634375311434267
v 0.22084374688565736 2.2925624968856573 -0.17634375311434267
v 0.22084374688565736 2.2925624968856573 0.17634375311434267
v 0.22084374688565736 2.0574375031143424 -0.17634375311434267
v 0.22084374688565736 2.0574375031143424 0.17634375311434267
v 0.22084374688565736 2.2925624968856573 -0.17634375311434267
v 0.7041562531143427 2.2925624968856573 -0.17634375311434267
v 0.22084374688565736 2.2925624968856573 0.17634375311434267
v 0.7041562531143427 2.2925624968856573 0.17634375311434267
v 0.22084374688565736 2.0574375031143424 0.17634375311434267
v 0.7041562531143427 2.0574375031143424 0.17634375311434267
v 0.22084374688565736 2.0574375031143424 -0.17634375311434267
v 0.7041562531143427 2.0574375031143424 -0.17634375311434267
v 0.22084374688565736 2.2925624968856573 0.17634375311434267
v 0.7041562531143427 2.2925624968856573 0.17634375311434267
v 0.22084374688565736 2.0574375031143424 0.17634375311434267
v 0.7041562531143427 2.0574375031143424 0.17634375311434267
v 0.7041562531143427 2.2925624968856573 -0.17634375311434267
v 0.22084374688565736 2.2925624968856573 -0.17634375311434267
v 0.7041562531143427 2.0574375031143424 -0.17634375311434267
v 0.22084374688565736 2.0574375031143424 -0.17634375311434267
vt 0.5 1.1875
vt 0.8125 1.1875
vt 0.5 0.9375
vt 0.8125 0.9375
vt 0.5 1.1875
vt 0.8125 1.1875
vt 0.5 0.9375
vt 0.8125 0.9375
vt 0.5 1.25
vt 0.9375 1.25
vt 0.5 0.9375
vt 0.9375 0.9375
vt 0.5 1.25
vt 0.9375 1.25
vt 0.5 0.9375
vt 0.9375 0.9375
vt 0.5 1.1875
vt 0.9375 1.1875
vt 0.5 0.9375
vt 0.9375 0.9375
vt 0.5 1.1875
vt 0.9375 1.1875
vt 0.5 0.9375
vt 0.9375 0.9375
vn 1 0 0
vn 1 0 0
vn 1 0 0
vn 1 0 0
vn -1 0 0
vn -1 0 0
vn -1 0 0
vn -1 0 0
vn 0 1 0
vn 0 1 0
vn 0 1 0
vn 0 1 0
vn 0 -1 0
vn 0 -1 0
vn 0 -1 0
vn 0 -1 0
vn 0 0 1
vn 0 0 1
vn 0 0 1
vn 0 0 1
vn 0 0 -1
vn 0 0 -1
vn 0 0 -1
vn 0 0 -1
f 1897/1897/1897 1899/1899/1899 1898/1898/1898
f 1899/1899/1899 1900/1900/1900 1898/1898/1898
f 1901/1901/1901 1903/1903/1903 1902/1902/1902
f 1903/1903/1903 1904/1904/1904 1902/1902/1902
f 1905/1905/1905 1907/1907/1907 1906/1906/1906
f 1907/1907/1907 1908/1908/1908 1906/1906/1906
f 1909/1909/1909 1911/1911/1911 1910/1910/1910
f 1911/1911/1911 1912/1912/1912 1910/1910/1910
f 1913/1913/1913 1915/1915/1915 1914/1914/1914
f 1915/1915/1915 1916/1916/1916 1914/1914/1914
f 1917/1917/1917 1919/1919/1919 1918/1918/1918
f 1919/1919/1919 1920/1920/1920 1918/1918/1918
o skull_47
usemtl old_bone
v 0.8204374999999999 2.213737501516938 0.13361249393224717
v 0.8204374999999999 2.213737501516938 -0.13361249393224717
v 0.8204374999999999 2.073762498483062 0.13361249393224717
v 0.8204374999999999 2.073762498483062 -0.13361249393224717
v 0.6295625 2.213737501516938 -0.13361249393224717
v 0.6295625 2.213737501516938 0.13361249393224717
v 0.6295625 2.073762498483062 -0.13361249393224717
v 0.6295625 2.073762498483062 0.13361249393224717
v 0.6295625 2.213737501516938 -0.13361249393224717
v 0.8204374999999999 2.213737501516938 -0.13361249393224717
v 0.6295625 2.213737501516938 0.13361249393224717
v 0.8204374999999999 2.213737501516938 0.13361249393224717
v 0.6295625 2.073762498483062 0.13361249393224717
v 0.8204374999999999 2.073762498483062 0.13361249393224717
v 0.6295625 2.073762498483062 -0.13361249393224717
v 0.8204374999999999 2.073762498483062 -0.13361249393224717
v 0.6295625 2.213737501516938 0.13361249393224717
v 0.8204374999999999 2.213737501516938 0.13361249393224717
v 0.6295625 2.073762498483062 0.13361249393224717
v 0.8204374999999999 2.073762498483062 0.13361249393224717
v 0.8204374999999999 2.213737501516938 -0.13361249393224717
v 0.6295625 2.213737501516938 -0.13361249393224717
v 0.8204374999999999 2.073762498483062 -0.13361249393224717
v 0.6295625 2.073762498483062 -0.13361249393224717
vt 0.3125 0.8125
vt 0.5625 0.8125
vt 0.3125 0.6875
vt 0.5625 0.6875
vt 0.3125 0.8125
vt 0.5625 0.8125
vt 0.3125 0.6875
vt 0.5625 0.6875
vt 0.3125 0.9375
vt 0.5 0.9375
vt 0.3125 0.6875
vt 0.5 0.6875
vt 0.3125 0.9375
vt 0.5 0.9375
vt 0.3125 0.6875
vt 0.5 0.6875
vt 0.3125 0.8125
vt 0.5 0.8125
vt 0.3125 0.6875
vt 0.5 0.6875
vt 0.3125 0.8125
vt 0.5 0.8125
vt 0.3125 0.6875
vt 0.5 0.6875
vn 0.9999999999999999 0 0
vn 0.9999999999999999 0 0
vn 0.9999999999999999 0 0
vn 0.9999999999999999 0 0
vn -0.9999999999999999 0 0
vn -0.9999999999999999 0 0
vn -0.9999999999999999 0 0
vn -0.9999999999999999 0 0
vn 0 0.9999999999999999 0
vn 0 0.9999999999999999 0
vn 0 0.9999999999999999 0
vn 0 0.9999999999999999 0
vn 0 -0.9999999999999999 0
vn 0 -0.9999999999999999 0
vn 0 -0.9999999999999999 0
vn 0 -0.9999999999999999 0
vn 0 0 0.9999999999999999
vn 0 0 0.9999999999999999
vn 0 0 0.9999999999999999
vn 0 0 0.9999999999999999
vn 0 0 -0.9999999999999999
vn 0 0 -0.9999999999999999
vn 0 0 -0.9999999999999999
vn 0 0 -0.9999999999999999
f 1921/1921/1921 1923/1923/1923 1922/1922/1922
f 1923/1923/1923 1924/1924/1924 1922/1922/1922
f 1925/1925/1925 1927/1927/1927 1926/1926/1926
f 1927/1927/1927 1928/1928/1928 1926/1926/1926
f 1929/1929/1929 1931/1931/1931 1930/1930/1930
f 1931/1931/1931 1932/1932/1932 1930/1930/1930
f 1933/1933/1933 1935/1935/1935 1934/1934/1934
f 1935/1935/1935 1936/1936/1936 1934/1934/1934
f 1937/1937/1937 1939/1939/1939 1938/1938/1938
f 1939/1939/1939 1940/1940/1940 1938/1938/1938
f 1941/1941/1941 1943/1943/1943 1942/1942/1942
f 1943/1943/1943 1944/1944/1944 1942/1942/1942
o skull_48
usemtl grave_bone
v 0.292078125 2.5709156242180615 0.20990000312775375
v 0.292078125 2.5709156242180615 -0.20990000312775375
v 0.292078125 2.4790843757819383 0.20990000312775375
v 0.292078125 2.4790843757819383 -0.20990000312775375
v -0.16707812500000002 2.5709156242180615 -0.20990000312775375
v -0.16707812500000002 2.5709156242180615 0.20990000312775375
v -0.16707812500000002 2.4790843757819383 -0.20990000312775375
v -0.16707812500000002 2.4790843757819383 0.20990000312775375
v -0.16707812500000002 2.5709156242180615 -0.20990000312775375
v 0.292078125 2.5709156242180615 -0.20990000312775375
v -0.16707812500000002 2.5709156242180615 0.20990000312775375
v 0.292078125 2.5709156242180615 0.20990000312775375
v -0.16707812500000002 2.4790843757819383 0.20990000312775375
v 0.292078125 2.4790843757819383 0.20990000312775375
v -0.16707812500000002 2.4790843757819383 -0.20990000312775375
v 0.292078125 2.4790843757819383 -0.20990000312775375
v -0.16707812500000002 2.5709156242180615 0.20990000312775375
v 0.292078125 2.5709156242180615 0.20990000312775375
v -0.16707812500000002 2.4790843757819383 0.20990000312775375
v 0.292078125 2.4790843757819383 0.20990000312775375
v 0.292078125 2.5709156242180615 -0.20990000312775375
v -0.16707812500000002 2.5709156242180615 -0.20990000312775375
v 0.292078125 2.4790843757819383 -0.20990000312775375
v -0.16707812500000002 2.4790843757819383 -0.20990000312775375
vt 0.375 0.25
vt 0.75 0.25
vt 0.375 0.1875
vt 0.75 0.1875
vt 0.375 0.25
vt 0.75 0.25
vt 0.375 0.1875
vt 0.75 0.1875
vt 0.375 0.5625
vt 0.8125 0.5625
vt 0.375 0.1875
vt 0.8125 0.1875
vt 0.375 0.5625
vt 0.8125 0.5625
vt 0.375 0.1875
vt 0.8125 0.1875
vt 0.375 0.25
vt 0.8125 0.25
vt 0.375 0.1875
vt 0.8125 0.1875
vt 0.375 0.25
vt 0.8125 0.25
vt 0.375 0.1875
vt 0.8125 0.1875
vn 1 0 0
vn 1 0 0
vn 1 0 0
vn 1 0 0
vn -1 0 0
vn -1 0 0
vn -1 0 0
vn -1 0 0
vn 0 1 0
vn 0 1 0
vn 0 1 0
vn 0 1 0
vn 0 -1 0
vn 0 -1 0
vn 0 -1 0
vn 0 -1 0
vn 0 0 1
vn 0 0 1
vn 0 0 1
vn 0 0 1
vn 0 0 -1
vn 0 0 -1
vn 0 0 -1
vn 0 0 -1
f 1945/1945/1945 1947/1947/1947 1946/1946/1946
f 1947/1947/1947 1948/1948/1948 1946/1946/1946
f 1949/1949/1949 1951/1951/1951 1950/1950/1950
f 1951/1951/1951 1952/1952/1952 1950/1950/1950
f 1953/1953/1953 1955/1955/1955 1954/1954/1954
f 1955/1955/1955 1956/1956/1956 1954/1954/1954
f 1957/1957/1957 1959/1959/1959 1958/1958/1958
f 1959/1959/1959 1960/1960/1960 1958/1958/1958
f 1961/1961/1961 1963/1963/1963 1962/1962/1962
f 1963/1963/1963 1964/1964/1964 1962/1962/1962
f 1965/1965/1965 1967/1967/1967 1966/1966/1966
f 1967/1967/1967 1968/1968/1968 1966/1966/1966
o skull_49
usemtl old_bone
v 0.31390625 2.406953125 0.23645312804728746
v 0.31390625 2.406953125 -0.23645312804728746
v 0.31390625 2.343046875 0.23645312804728746
v 0.31390625 2.343046875 -0.23645312804728746
v 0.18609375 2.406953125 -0.23645312804728746
v 0.18609375 2.406953125 0.23645312804728746
v 0.18609375 2.343046875 -0.23645312804728746
v 0.18609375 2.343046875 0.23645312804728746
v 0.18609375 2.406953125 -0.23645312804728746
v 0.31390625 2.406953125 -0.23645312804728746
v 0.18609375 2.406953125 0.23645312804728746
v 0.31390625 2.406953125 0.23645312804728746
v 0.18609375 2.343046875 0.23645312804728746
v 0.31390625 2.343046875 0.23645312804728746
v 0.18609375 2.343046875 -0.23645312804728746
v 0.31390625 2.343046875 -0.23645312804728746
v 0.18609375 2.406953125 0.23645312804728746
v 0.31390625 2.406953125 0.23645312804728746
v 0.18609375 2.343046875 0.23645312804728746
v 0.31390625 2.343046875 0.23645312804728746
v 0.31390625 2.406953125 -0.23645312804728746
v 0.18609375 2.406953125 -0.23645312804728746
v 0.31390625 2.343046875 -0.23645312804728746
v 0.18609375 2.343046875 -0.23645312804728746
vt 0.3125 0.9375
vt 0.75 0.9375
vt 0.3125 0.875
vt 0.75 0.875
vt 0.3125 0.9375
vt 0.75 0.9375
vt 0.3125 0.875
vt 0.75 0.875
vt 0.3125 1.3125
vt 0.4375 1.3125
vt 0.3125 0.875
vt 0.4375 0.875
vt 0.3125 1.3125
vt 0.4375 1.3125
vt 0.3125 0.875
vt 0.4375 0.875
vt 0.3125 0.9375
vt 0.4375 0.9375
vt 0.3125 0.875
vt 0.4375 0.875
vt 0.3125 0.9375
vt 0.4375 0.9375
vt 0.3125 0.875
vt 0.4375 0.875
vn 1 0 0
vn 1 0 0
vn 1 0 0
vn 1 0 0
vn -1 0 0
vn -1 0 0
vn -1 0 0
vn -1 0 0
vn 0 1 0
vn 0 1 0
vn 0 1 0
vn 0 1 0
vn 0 -1 0
vn 0 -1 0
vn 0 -1 0
vn 0 -1 0
vn 0 0 1
vn 0 0 1
vn 0 0 1
vn 0 0 1
vn 0 0 -1
vn 0 0 -1
vn 0 0 -1
vn 0 0 -1
f 1969/1969/1969 1971/1971/1971 1970/1970/1970
f 1971/1971/1971 1972/1972/1972 1970/1970/1970
f 1973/1973/1973 1975/1975/1975 1974/1974/1974
f 1975/1975/1975 1976/1976/1976 1974/1974/1974
f 1977/1977/1977 1979/1979/1979 1978/1978/1978
f 1979/1979/1979 1980/1980/1980 1978/1978/1978
f 1981/1981/1981 1983/1983/1983 1982/1982/1982
f 1983/1983/1983 1984/1984/1984 1982/1982/1982
f 1985/1985/1985 1987/1987/1987 1986/1986/1986
f 1987/1987/1987 1988/1988/1988 1986/1986/1986
f 1989/1989/1989 1991/1991/1991 1990/1990/1990
f 1991/1991/1991 1992/1992/1992 1990/1990/1990
o skull_50
usemtl socket_dark
v 0.3238125 2.423137496858835 0.22601250078529117
v 0.3238125 2.423137496858835 0.1864874992147088
v 0.3238125 2.2518625031411648 0.22601250078529117
v 0.3238125 2.2518625031411648 0.1864874992147088
v 0.1261875 2.423137496858835 0.1864874992147088
v 0.1261875 2.423137496858835 0.22601250078529117
v 0.1261875 2.2518625031411648 0.1864874992147088
v 0.1261875 2.2518625031411648 0.22601250078529117
v 0.1261875 2.423137496858835 0.1864874992147088
v 0.3238125 2.423137496858835 0.1864874992147088
v 0.1261875 2.423137496858835 0.22601250078529117
v 0.3238125 2.423137496858835 0.22601250078529117
v 0.1261875 2.2518625031411648 0.22601250078529117
v 0.3238125 2.2518625031411648 0.22601250078529117
v 0.1261875 2.2518625031411648 0.1864874992147088
v 0.3238125 2.2518625031411648 0.1864874992147088
v 0.1261875 2.423137496858835 0.22601250078529117
v 0.3238125 2.423137496858835 0.22601250078529117
v 0.1261875 2.2518625031411648 0.22601250078529117
v 0.3238125 2.2518625031411648 0.22601250078529117
v 0.3238125 2.423137496858835 0.1864874992147088
v 0.1261875 2.423137496858835 0.1864874992147088
v 0.3238125 2.2518625031411648 0.1864874992147088
v 0.1261875 2.2518625031411648 0.1864874992147088
vt 0.75 0.8125
vt 0.8125 0.8125
vt 0.75 0.625
vt 0.8125 0.625
vt 0.75 0.8125
vt 0.8125 0.8125
vt 0.75 0.625
vt 0.8125 0.625
vt 0.75 0.6875
vt 0.9375 0.6875
vt 0.75 0.625
vt 0.9375 0.625
vt 0.75 0.6875
vt 0.9375 0.6875
vt 0.75 0.625
vt 0.9375 0.625
vt 0.75 0.8125
vt 0.9375 0.8125
vt 0.75 0.625
vt 0.9375 0.625
vt 0.75 0.8125
vt 0.9375 0.8125
vt 0.75 0.625
vt 0.9375 0.625
vn 1 0 0
vn 1 0 0
vn 1 0 0
vn 1 0 0
vn -1 0 0
vn -1 0 0
vn -1 0 0
vn -1 0 0
vn 0 1 0
vn 0 1 0
vn 0 1 0
vn 0 1 0
vn 0 -1 0
vn 0 -1 0
vn 0 -1 0
vn 0 -1 0
vn 0 0 1
vn 0 0 1
vn 0 0 1
vn 0 0 1
vn 0 0 -1
vn 0 0 -1
vn 0 0 -1
vn 0 0 -1
f 1993/1993/1993 1995/1995/1995 1994/1994/1994
f 1995/1995/1995 1996/1996/1996 1994/1994/1994
f 1997/1997/1997 1999/1999/1999 1998/1998/1998
f 1999/1999/1999 2000/2000/2000 1998/1998/1998
f 2001/2001/2001 2003/2003/2003 2002/2002/2002
f 2003/2003/2003 2004/2004/2004 2002/2002/2002
f 2005/2005/2005 2007/2007/2007 2006/2006/2006
f 2007/2007/2007 2008/2008/2008 2006/2006/2006
f 2009/2009/2009 2011/2011/2011 2010/2010/2010
f 2011/2011/2011 2012/2012/2012 2010/2010/2010
f 2013/2013/2013 2015/2015/2015 2014/2014/2014
f 2015/2015/2015 2016/2016/2016 2014/2014/2014
o skull_50_back
usemtl socket_dark
v 0.3238125 2.423137496858835 -0.1864874992147088
v 0.3238125 2.423137496858835 -0.22601250078529117
v 0.3238125 2.2518625031411648 -0.1864874992147088
v 0.3238125 2.2518625031411648 -0.22601250078529117
v 0.1261875 2.423137496858835 -0.22601250078529117
v 0.1261875 2.423137496858835 -0.1864874992147088
v 0.1261875 2.2518625031411648 -0.22601250078529117
v 0.1261875 2.2518625031411648 -0.1864874992147088
v 0.1261875 2.423137496858835 -0.22601250078529117
v 0.3238125 2.423137496858835 -0.22601250078529117
v 0.1261875 2.423137496858835 -0.1864874992147088
v 0.3238125 2.423137496858835 -0.1864874992147088
v 0.1261875 2.2518625031411648 -0.1864874992147088
v 0.3238125 2.2518625031411648 -0.1864874992147088
v 0.1261875 2.2518625031411648 -0.22601250078529117
v 0.3238125 2.2518625031411648 -0.22601250078529117
v 0.1261875 2.423137496858835 -0.1864874992147088
v 0.3238125 2.423137496858835 -0.1864874992147088
v 0.1261875 2.2518625031411648 -0.1864874992147088
v 0.3238125 2.2518625031411648 -0.1864874992147088
v 0.3238125 2.423137496858835 -0.22601250078529117
v 0.1261875 2.423137496858835 -0.22601250078529117
v 0.3238125 2.2518625031411648 -0.22601250078529117
v 0.1261875 2.2518625031411648 -0.22601250078529117
vt 0.75 0.8125
vt 0.8125 0.8125
vt 0.75 0.625
vt 0.8125 0.625
vt 0.75 0.8125
vt 0.8125 0.8125
vt 0.75 0.625
vt 0.8125 0.625
vt 0.75 0.6875
vt 0.9375 0.6875
vt 0.75 0.625
vt 0.9375 0.625
vt 0.75 0.6875
vt 0.9375 0.6875
vt 0.75 0.625
vt 0.9375 0.625
vt 0.75 0.8125
vt 0.9375 0.8125
vt 0.75 0.625
vt 0.9375 0.625
vt 0.75 0.8125
vt 0.9375 0.8125
vt 0.75 0.625
vt 0.9375 0.625
vn 1 0 0
vn 1 0 0
vn 1 0 0
vn 1 0 0
vn -1 0 0
vn -1 0 0
vn -1 0 0
vn -1 0 0
vn 0 1 0
vn 0 1 0
vn 0 1 0
vn 0 1 0
vn 0 -1 0
vn 0 -1 0
vn 0 -1 0
vn 0 -1 0
vn 0 0 1
vn 0 0 1
vn 0 0 1
vn 0 0 1
vn 0 0 -1
vn 0 0 -1
vn 0 0 -1
vn 0 0 -1
f 2017/2017/2017 2019/2019/2019 2018/2018/2018
f 2019/2019/2019 2020/2020/2020 2018/2018/2018
f 2021/2021/2021 2023/2023/2023 2022/2022/2022
f 2023/2023/2023 2024/2024/2024 2022/2022/2022
f 2025/2025/2025 2027/2027/2027 2026/2026/2026
f 2027/2027/2027 2028/2028/2028 2026/2026/2026
f 2029/2029/2029 2031/2031/2031 2030/2030/2030
f 2031/2031/2031 2032/2032/2032 2030/2030/2030
f 2033/2033/2033 2035/2035/2035 2034/2034/2034
f 2035/2035/2035 2036/2036/2036 2034/2034/2034
f 2037/2037/2037 2039/2039/2039 2038/2038/2038
f 2039/2039/2039 2040/2040/2040 2038/2038/2038
o skull_51
usemtl socket_dark
v 0.6324312492348254 2.25709375 0.178546875
v 0.6324312492348254 2.25709375 0.14645312500000002
v 0.6324312492348254 2.19290625 0.178546875
v 0.6324312492348254 2.19290625 0.14645312500000002
v 0.5425687507651746 2.25709375 0.14645312500000002
v 0.5425687507651746 2.25709375 0.178546875
v 0.5425687507651746 2.19290625 0.14645312500000002
v 0.5425687507651746 2.19290625 0.178546875
v 0.5425687507651746 2.25709375 0.14645312500000002
v 0.6324312492348254 2.25709375 0.14645312500000002
v 0.5425687507651746 2.25709375 0.178546875
v 0.6324312492348254 2.25709375 0.178546875
v 0.5425687507651746 2.19290625 0.178546875
v 0.6324312492348254 2.19290625 0.178546875
v 0.5425687507651746 2.19290625 0.14645312500000002
v 0.6324312492348254 2.19290625 0.14645312500000002
v 0.5425687507651746 2.25709375 0.178546875
v 0.6324312492348254 2.25709375 0.178546875
v 0.5425687507651746 2.19290625 0.178546875
v 0.6324312492348254 2.19290625 0.178546875
v 0.6324312492348254 2.25709375 0.14645312500000002
v 0.5425687507651746 2.25709375 0.14645312500000002
v 0.6324312492348254 2.19290625 0.14645312500000002
v 0.5425687507651746 2.19290625 0.14645312500000002
vt 0.1875 0.125
vt 0.25 0.125
vt 0.1875 0.0625
vt 0.25 0.0625
vt 0.1875 0.125
vt 0.25 0.125
vt 0.1875 0.0625
vt 0.25 0.0625
vt 0.1875 0.125
vt 0.25 0.125
vt 0.1875 0.0625
vt 0.25 0.0625
vt 0.1875 0.125
vt 0.25 0.125
vt 0.1875 0.0625
vt 0.25 0.0625
vt 0.1875 0.125
vt 0.25 0.125
vt 0.1875 0.0625
vt 0.25 0.0625
vt 0.1875 0.125
vt 0.25 0.125
vt 0.1875 0.0625
vt 0.25 0.0625
vn 1 0 0
vn 1 0 0
vn 1 0 0
vn 1 0 0
vn -1 0 0
vn -1 0 0
vn -1 0 0
vn -1 0 0
vn 0 1 0
vn 0 1 0
vn 0 1 0
vn 0 1 0
vn 0 -1 0
vn 0 -1 0
vn 0 -1 0
vn 0 -1 0
vn 0 0 1
vn 0 0 1
vn 0 0 1
vn 0 0 1
vn 0 0 -1
vn 0 0 -1
vn 0 0 -1
vn 0 0 -1
f 2041/2041/2041 2043/2043/2043 2042/2042/2042
f 2043/2043/2043 2044/2044/2044 2042/2042/2042
f 2045/2045/2045 2047/2047/2047 2046/2046/2046
f 2047/2047/2047 2048/2048/2048 2046/2046/2046
f 2049/2049/2049 2051/2051/2051 2050/2050/2050
f 2051/2051/2051 2052/2052/2052 2050/2050/2050
f 2053/2053/2053 2055/2055/2055 2054/2054/2054
f 2055/2055/2055 2056/2056/2056 2054/2054/2054
f 2057/2057/2057 2059/2059/2059 2058/2058/2058
f 2059/2059/2059 2060/2060/2060 2058/2058/2058
f 2061/2061/2061 2063/2063/2063 2062/2062/2062
f 2063/2063/2063 2064/2064/2064 2062/2062/2062
o skull_51_back
usemtl socket_dark
v 0.6324312492348254 2.25709375 -0.14645312500000002
v 0.6324312492348254 2.25709375 -0.178546875
v 0.6324312492348254 2.19290625 -0.14645312500000002
v 0.6324312492348254 2.19290625 -0.178546875
v 0.5425687507651746 2.25709375 -0.178546875
v 0.5425687507651746 2.25709375 -0.14645312500000002
v 0.5425687507651746 2.19290625 -0.178546875
v 0.5425687507651746 2.19290625 -0.14645312500000002
v 0.5425687507651746 2.25709375 -0.178546875
v 0.6324312492348254 2.25709375 -0.178546875
v 0.5425687507651746 2.25709375 -0.14645312500000002
v 0.6324312492348254 2.25709375 -0.14645312500000002
v 0.5425687507651746 2.19290625 -0.14645312500000002
v 0.6324312492348254 2.19290625 -0.14645312500000002
v 0.5425687507651746 2.19290625 -0.178546875
v 0.6324312492348254 2.19290625 -0.178546875
v 0.5425687507651746 2.25709375 -0.14645312500000002
v 0.6324312492348254 2.25709375 -0.14645312500000002
v 0.5425687507651746 2.19290625 -0.14645312500000002
v 0.6324312492348254 2.19290625 -0.14645312500000002
v 0.6324312492348254 2.25709375 -0.178546875
v 0.5425687507651746 2.25709375 -0.178546875
v 0.6324312492348254 2.19290625 -0.178546875
v 0.5425687507651746 2.19290625 -0.178546875
vt 0.1875 0.125
vt 0.25 0.125
vt 0.1875 0.0625
vt 0.25 0.0625
vt 0.1875 0.125
vt 0.25 0.125
vt 0.1875 0.0625
vt 0.25 0.0625
vt 0.1875 0.125
vt 0.25 0.125
vt 0.1875 0.0625
vt 0.25 0.0625
vt 0.1875 0.125
vt 0.25 0.125
vt 0.1875 0.0625
vt 0.25 0.0625
vt 0.1875 0.125
vt 0.25 0.125
vt 0.1875 0.0625
vt 0.25 0.0625
vt 0.1875 0.125
vt 0.25 0.125
vt 0.1875 0.0625
vt 0.25 0.0625
vn 1 0 0
vn 1 0 0
vn 1 0 0
vn 1 0 0
vn -1 0 0
vn -1 0 0
vn -1 0 0
vn -1 0 0
vn 0 1 0
vn 0 1 0
vn 0 1 0
vn 0 1 0
vn 0 -1 0
vn 0 -1 0
vn 0 -1 0
vn 0 -1 0
vn 0 0 1
vn 0 0 1
vn 0 0 1
vn 0 0 1
vn 0 0 -1
vn 0 0 -1
vn 0 0 -1
vn 0 0 -1
f 2065/2065/2065 2067/2067/2067 2066/2066/2066
f 2067/2067/2067 2068/2068/2068 2066/2066/2066
f 2069/2069/2069 2071/2071/2071 2070/2070/2070
f 2071/2071/2071 2072/2072/2072 2070/2070/2070
f 2073/2073/2073 2075/2075/2075 2074/2074/2074
f 2075/2075/2075 2076/2076/2076 2074/2074/2074
f 2077/2077/2077 2079/2079/2079 2078/2078/2078
f 2079/2079/2079 2080/2080/2080 2078/2078/2078
f 2081/2081/2081 2083/2083/2083 2082/2082/2082
f 2083/2083/2083 2084/2084/2084 2082/2082/2082
f 2085/2085/2085 2087/2087/2087 2086/2086/2086
f 2087/2087/2087 2088/2088/2088 2086/2086/2086
o skull_52
usemtl socket_dark
v 0.31875 2.4187499970197677 -0.18749999925494193
v 0.31875 2.4187499970197677 -0.22500000074505805
v 0.31875 2.256250002980232 -0.18749999925494193
v 0.31875 2.256250002980232 -0.22500000074505805
v 0.13125 2.4187499970197677 -0.22500000074505805
v 0.13125 2.4187499970197677 -0.18749999925494193
v 0.13125 2.256250002980232 -0.22500000074505805
v 0.13125 2.256250002980232 -0.18749999925494193
v 0.13125 2.4187499970197677 -0.22500000074505805
v 0.31875 2.4187499970197677 -0.22500000074505805
v 0.13125 2.4187499970197677 -0.18749999925494193
v 0.31875 2.4187499970197677 -0.18749999925494193
v 0.13125 2.256250002980232 -0.18749999925494193
v 0.31875 2.256250002980232 -0.18749999925494193
v 0.13125 2.256250002980232 -0.22500000074505805
v 0.31875 2.256250002980232 -0.22500000074505805
v 0.13125 2.4187499970197677 -0.18749999925494193
v 0.31875 2.4187499970197677 -0.18749999925494193
v 0.13125 2.256250002980232 -0.18749999925494193
v 0.31875 2.256250002980232 -0.18749999925494193
v 0.31875 2.4187499970197677 -0.22500000074505805
v 0.13125 2.4187499970197677 -0.22500000074505805
v 0.31875 2.256250002980232 -0.22500000074505805
v 0.13125 2.256250002980232 -0.22500000074505805
vt 0.75 0.8125
vt 0.8125 0.8125
vt 0.75 0.625
vt 0.8125 0.625
vt 0.75 0.8125
vt 0.8125 0.8125
vt 0.75 0.625
vt 0.8125 0.625
vt 0.75 0.6875
vt 0.9375 0.6875
vt 0.75 0.625
vt 0.9375 0.625
vt 0.75 0.6875
vt 0.9375 0.6875
vt 0.75 0.625
vt 0.9375 0.625
vt 0.75 0.8125
vt 0.9375 0.8125
vt 0.75 0.625
vt 0.9375 0.625
vt 0.75 0.8125
vt 0.9375 0.8125
vt 0.75 0.625
vt 0.9375 0.625
vn 1 0 0
vn 1 0 0
vn 1 0 0
vn 1 0 0
vn -1 0 0
vn -1 0 0
vn -1 0 0
vn -1 0 0
vn 0 1 0
vn 0 1 0
vn 0 1 0
vn 0 1 0
vn 0 -1 0
vn 0 -1 0
vn 0 -1 0
vn 0 -1 0
vn 0 0 1
vn 0 0 1
vn 0 0 1
vn 0 0 1
vn 0 0 -1
vn 0 0 -1
vn 0 0 -1
vn 0 0 -1
f 2089/2089/2089 2091/2091/2091 2090/2090/2090
f 2091/2091/2091 2092/2092/2092 2090/2090/2090
f 2093/2093/2093 2095/2095/2095 2094/2094/2094
f 2095/2095/2095 2096/2096/2096 2094/2094/2094
f 2097/2097/2097 2099/2099/2099 2098/2098/2098
f 2099/2099/2099 2100/2100/2100 2098/2098/2098
f 2101/2101/2101 2103/2103/2103 2102/2102/2102
f 2103/2103/2103 2104/2104/2104 2102/2102/2102
f 2105/2105/2105 2107/2107/2107 2106/2106/2106
f 2107/2107/2107 2108/2108/2108 2106/2106/2106
f 2109/2109/2109 2111/2111/2111 2110/2110/2110
f 2111/2111/2111 2112/2112/2112 2110/2110/2110
o skull_52_back
usemtl socket_dark
v 0.31875 2.4187499970197677 0.22500000074505805
v 0.31875 2.4187499970197677 0.18749999925494193
v 0.31875 2.256250002980232 0.22500000074505805
v 0.31875 2.256250002980232 0.18749999925494193
v 0.13125 2.4187499970197677 0.18749999925494193
v 0.13125 2.4187499970197677 0.22500000074505805
v 0.13125 2.256250002980232 0.18749999925494193
v 0.13125 2.256250002980232 0.22500000074505805
v 0.13125 2.4187499970197677 0.18749999925494193
v 0.31875 2.4187499970197677 0.18749999925494193
v 0.13125 2.4187499970197677 0.22500000074505805
v 0.31875 2.4187499970197677 0.22500000074505805
v 0.13125 2.256250002980232 0.22500000074505805
v 0.31875 2.256250002980232 0.22500000074505805
v 0.13125 2.256250002980232 0.18749999925494193
v 0.31875 2.256250002980232 0.18749999925494193
v 0.13125 2.4187499970197677 0.22500000074505805
v 0.31875 2.4187499970197677 0.22500000074505805
v 0.13125 2.256250002980232 0.22500000074505805
v 0.31875 2.256250002980232 0.22500000074505805
v 0.31875 2.4187499970197677 0.18749999925494193
v 0.13125 2.4187499970197677 0.18749999925494193
v 0.31875 2.256250002980232 0.18749999925494193
v 0.13125 2.256250002980232 0.18749999925494193
vt 0.75 0.8125
vt 0.8125 0.8125
vt 0.75 0.625
vt 0.8125 0.625
vt 0.75 0.8125
vt 0.8125 0.8125
vt 0.75 0.625
vt 0.8125 0.625
vt 0.75 0.6875
vt 0.9375 0.6875
vt 0.75 0.625
vt 0.9375 0.625
vt 0.75 0.6875
vt 0.9375 0.6875
vt 0.75 0.625
vt 0.9375 0.625
vt 0.75 0.8125
vt 0.9375 0.8125
vt 0.75 0.625
vt 0.9375 0.625
vt 0.75 0.8125
vt 0.9375 0.8125
vt 0.75 0.625
vt 0.9375 0.625
vn 1 0 0
vn 1 0 0
vn 1 0 0
vn 1 0 0
vn -1 0 0
vn -1 0 0
vn -1 0 0
vn -1 0 0
vn 0 1 0
vn 0 1 0
vn 0 1 0
vn 0 1 0
vn 0 -1 0
vn 0 -1 0
vn 0 -1 0
vn 0 -1 0
vn 0 0 1
vn 0 0 1
vn 0 0 1
vn 0 0 1
vn 0 0 -1
vn 0 0 -1
vn 0 0 -1
vn 0 0 -1
f 2113/2113/2113 2115/2115/2115 2114/2114/2114
f 2115/2115/2115 2116/2116/2116 2114/2114/2114
f 2117/2117/2117 2119/2119/2119 2118/2118/2118
f 2119/2119/2119 2120/2120/2120 2118/2118/2118
f 2121/2121/2121 2123/2123/2123 2122/2122/2122
f 2123/2123/2123 2124/2124/2124 2122/2122/2122
f 2125/2125/2125 2127/2127/2127 2126/2126/2126
f 2127/2127/2127 2128/2128/2128 2126/2126/2126
f 2129/2129/2129 2131/2131/2131 2130/2130/2130
f 2131/2131/2131 2132/2132/2132 2130/2130/2130
f 2133/2133/2133 2135/2135/2135 2134/2134/2134
f 2135/2135/2135 2136/2136/2136 2134/2134/2134
o skull_53
usemtl socket_dark
v 0.6326281242314726 2.257234375 -0.14638281250000001
v 0.6326281242314726 2.257234375 -0.1786171875
v 0.6326281242314726 2.1927656250000003 -0.14638281250000001
v 0.6326281242314726 2.1927656250000003 -0.1786171875
v 0.5423718757685274 2.257234375 -0.1786171875
v 0.5423718757685274 2.257234375 -0.14638281250000001
v 0.5423718757685274 2.1927656250000003 -0.1786171875
v 0.5423718757685274 2.1927656250000003 -0.14638281250000001
v 0.5423718757685274 2.257234375 -0.1786171875
v 0.6326281242314726 2.257234375 -0.1786171875
v 0.5423718757685274 2.257234375 -0.14638281250000001
v 0.6326281242314726 2.257234375 -0.14638281250000001
v 0.5423718757685274 2.1927656250000003 -0.14638281250000001
v 0.6326281242314726 2.1927656250000003 -0.14638281250000001
v 0.5423718757685274 2.1927656250000003 -0.1786171875
v 0.6326281242314726 2.1927656250000003 -0.1786171875
v 0.5423718757685274 2.257234375 -0.14638281250000001
v 0.6326281242314726 2.257234375 -0.14638281250000001
v 0.5423718757685274 2.1927656250000003 -0.14638281250000001
v 0.6326281242314726 2.1927656250000003 -0.14638281250000001
v 0.6326281242314726 2.257234375 -0.1786171875
v 0.5423718757685274 2.257234375 -0.1786171875
v 0.6326281242314726 2.1927656250000003 -0.1786171875
v 0.5423718757685274 2.1927656250000003 -0.1786171875
vt 0.1875 0.125
vt 0.25 0.125
vt 0.1875 0.0625
vt 0.25 0.0625
vt 0.1875 0.125
vt 0.25 0.125
vt 0.1875 0.0625
vt 0.25 0.0625
vt 0.1875 0.125
vt 0.25 0.125
vt 0.1875 0.0625
vt 0.25 0.0625
vt 0.1875 0.125
vt 0.25 0.125
vt 0.1875 0.0625
vt 0.25 0.0625
vt 0.1875 0.125
vt 0.25 0.125
vt 0.1875 0.0625
vt 0.25 0.0625
vt 0.1875 0.125
vt 0.25 0.125
vt 0.1875 0.0625
vt 0.25 0.0625
vn 1 0 0
vn 1 0 0
vn 1 0 0
vn 1 0 0
vn -1 0 0
vn -1 0 0
vn -1 0 0
vn -1 0 0
vn 0 1 0
vn 0 1 0
vn 0 1 0
vn 0 1 0
vn 0 -1 0
vn 0 -1 0
vn 0 -1 0
vn 0 -1 0
vn 0 0 1
vn 0 0 1
vn 0 0 1
vn 0 0 1
vn 0 0 -1
vn 0 0 -1
vn 0 0 -1
vn 0 0 -1
f 2137/2137/2137 2139/2139/2139 2138/2138/2138
f 2139/2139/2139 2140/2140/2140 2138/2138/2138
f 2141/2141/2141 2143/2143/2143 2142/2142/2142
f 2143/2143/2143 2144/2144/2144 2142/2142/2142
f 2145/2145/2145 2147/2147/2147 2146/2146/2146
f 2147/2147/2147 2148/2148/2148 2146/2146/2146
f 2149/2149/2149 2151/2151/2151 2150/2150/2150
f 2151/2151/2151 2152/2152/2152 2150/2150/2150
f 2153/2153/2153 2155/2155/2155 2154/2154/2154
f 2155/2155/2155 2156/2156/2156 2154/2154/2154
f 2157/2157/2157 2159/2159/2159 2158/2158/2158
f 2159/2159/2159 2160/2160/2160 2158/2158/2158
o skull_53_back
usemtl socket_dark
v 0.6326281242314726 2.257234375 0.1786171875
v 0.6326281242314726 2.257234375 0.14638281250000001
v 0.6326281242314726 2.1927656250000003 0.1786171875
v 0.6326281242314726 2.1927656250000003 0.14638281250000001
v 0.5423718757685274 2.257234375 0.14638281250000001
v 0.5423718757685274 2.257234375 0.1786171875
v 0.5423718757685274 2.1927656250000003 0.14638281250000001
v 0.5423718757685274 2.1927656250000003 0.1786171875
v 0.5423718757685274 2.257234375 0.14638281250000001
v 0.6326281242314726 2.257234375 0.14638281250000001
v 0.5423718757685274 2.257234375 0.1786171875
v 0.6326281242314726 2.257234375 0.1786171875
v 0.5423718757685274 2.1927656250000003 0.1786171875
v 0.6326281242314726 2.1927656250000003 0.1786171875
v 0.5423718757685274 2.1927656250000003 0.14638281250000001
v 0.6326281242314726 2.1927656250000003 0.14638281250000001
v 0.5423718757685274 2.257234375 0.1786171875
v 0.6326281242314726 2.257234375 0.1786171875
v 0.5423718757685274 2.1927656250000003 0.1786171875
v 0.6326281242314726 2.1927656250000003 0.1786171875
v 0.6326281242314726 2.257234375 0.14638281250000001
v 0.5423718757685274 2.257234375 0.14638281250000001
v 0.6326281242314726 2.1927656250000003 0.14638281250000001
v 0.5423718757685274 2.1927656250000003 0.14638281250000001
vt 0.1875 0.125
vt 0.25 0.125
vt 0.1875 0.0625
vt 0.25 0.0625
vt 0.1875 0.125
vt 0.25 0.125
vt 0.1875 0.0625
vt 0.25 0.0625
vt 0.1875 0.125
vt 0.25 0.125
vt 0.1875 0.0625
vt 0.25 0.0625
vt 0.1875 0.125
vt 0.25 0.125
vt 0.1875 0.0625
vt 0.25 0.0625
vt 0.1875 0.125
vt 0.25 0.125
vt 0.1875 0.0625
vt 0.25 0.0625
vt 0.1875 0.125
vt 0.25 0.125
vt 0.1875 0.0625
vt 0.25 0.0625
vn 1 0 0
vn 1 0 0
vn 1 0 0
vn 1 0 0
vn -1 0 0
vn -1 0 0
vn -1 0 0
vn -1 0 0
vn 0 1 0
vn 0 1 0
vn 0 1 0
vn 0 1 0
vn 0 -1 0
vn 0 -1 0
vn 0 -1 0
vn 0 -1 0
vn 0 0 1
vn 0 0 1
vn 0 0 1
vn 0 0 1
vn 0 0 -1
vn 0 0 -1
vn 0 0 -1
vn 0 0 -1
f 2161/2161/2161 2163/2163/2163 2162/2162/2162
f 2163/2163/2163 2164/2164/2164 2162/2162/2162
f 2165/2165/2165 2167/2167/2167 2166/2166/2166
f 2167/2167/2167 2168/2168/2168 2166/2166/2166
f 2169/2169/2169 2171/2171/2171 2170/2170/2170
f 2171/2171/2171 2172/2172/2172 2170/2170/2170
f 2173/2173/2173 2175/2175/2175 2174/2174/2174
f 2175/2175/2175 2176/2176/2176 2174/2174/2174
f 2177/2177/2177 2179/2179/2179 2178/2178/2178
f 2179/2179/2179 2180/2180/2180 2178/2178/2178
f 2181/2181/2181 2183/2183/2183 2182/2182/2182
f 2183/2183/2183 2184/2184/2184 2182/2182/2182
o eye_flame_L_54
usemtl eye_flame
v 0.27522500074841083 2.3877250007484108 0.24383437574841083
v 0.27522500074841083 2.3877250007484108 0.20616562425158919
v 0.27522500074841083 2.287274999251589 0.24383437574841083
v 0.27522500074841083 2.287274999251589 0.20616562425158919
v 0.17477499925158918 2.3877250007484108 0.20616562425158919
v 0.17477499925158918 2.3877250007484108 0.24383437574841083
v 0.17477499925158918 2.287274999251589 0.20616562425158919
v 0.17477499925158918 2.287274999251589 0.24383437574841083
v 0.17477499925158918 2.3877250007484108 0.20616562425158919
v 0.27522500074841083 2.3877250007484108 0.20616562425158919
v 0.17477499925158918 2.3877250007484108 0.24383437574841083
v 0.27522500074841083 2.3877250007484108 0.24383437574841083
v 0.17477499925158918 2.287274999251589 0.24383437574841083
v 0.27522500074841083 2.287274999251589 0.24383437574841083
v 0.17477499925158918 2.287274999251589 0.20616562425158919
v 0.27522500074841083 2.287274999251589 0.20616562425158919
v 0.17477499925158918 2.3877250007484108 0.24383437574841083
v 0.27522500074841083 2.3877250007484108 0.24383437574841083
v 0.17477499925158918 2.287274999251589 0.24383437574841083
v 0.27522500074841083 2.287274999251589 0.24383437574841083
v 0.27522500074841083 2.3877250007484108 0.20616562425158919
v 0.17477499925158918 2.3877250007484108 0.20616562425158919
v 0.27522500074841083 2.287274999251589 0.20616562425158919
v 0.17477499925158918 2.287274999251589 0.20616562425158919
vt 0 1.0625
vt 0.0625 1.0625
vt 0 0.9375
vt 0.0625 0.9375
vt 0 1.0625
vt 0.0625 1.0625
vt 0 0.9375
vt 0.0625 0.9375
vt 0 1
vt 0.125 1
vt 0 0.9375
vt 0.125 0.9375
vt 0 1
vt 0.125 1
vt 0 0.9375
vt 0.125 0.9375
vt 0 1.0625
vt 0.125 1.0625
vt 0 0.9375
vt 0.125 0.9375
vt 0 1.0625
vt 0.125 1.0625
vt 0 0.9375
vt 0.125 0.9375
vn 1 0 0
vn 1 0 0
vn 1 0 0
vn 1 0 0
vn -1 0 0
vn -1 0 0
vn -1 0 0
vn -1 0 0
vn 0 1 0
vn 0 1 0
vn 0 1 0
vn 0 1 0
vn 0 -1 0
vn 0 -1 0
vn 0 -1 0
vn 0 -1 0
vn 0 0 1
vn 0 0 1
vn 0 0 1
vn 0 0 1
vn 0 0 -1
vn 0 0 -1
vn 0 0 -1
vn 0 0 -1
f 2185/2185/2185 2187/2187/2187 2186/2186/2186
f 2187/2187/2187 2188/2188/2188 2186/2186/2186
f 2189/2189/2189 2191/2191/2191 2190/2190/2190
f 2191/2191/2191 2192/2192/2192 2190/2190/2190
f 2193/2193/2193 2195/2195/2195 2194/2194/2194
f 2195/2195/2195 2196/2196/2196 2194/2194/2194
f 2197/2197/2197 2199/2199/2199 2198/2198/2198
f 2199/2199/2199 2200/2200/2200 2198/2198/2198
f 2201/2201/2201 2203/2203/2203 2202/2202/2202
f 2203/2203/2203 2204/2204/2204 2202/2202/2202
f 2205/2205/2205 2207/2207/2207 2206/2206/2206
f 2207/2207/2207 2208/2208/2208 2206/2206/2206
o eye_flame_L_55
usemtl eye_flame
v 0.26663749922811986 2.47680000077188 0.2411875
v 0.26663749922811986 2.47680000077188 0.2088125
v 0.26663749922811986 2.37319999922812 0.2411875
v 0.26663749922811986 2.37319999922812 0.2088125
v 0.20836250077188018 2.47680000077188 0.2088125
v 0.20836250077188018 2.47680000077188 0.2411875
v 0.20836250077188018 2.37319999922812 0.2088125
v 0.20836250077188018 2.37319999922812 0.2411875
v 0.20836250077188018 2.47680000077188 0.2088125
v 0.26663749922811986 2.47680000077188 0.2088125
v 0.20836250077188018 2.47680000077188 0.2411875
v 0.26663749922811986 2.47680000077188 0.2411875
v 0.20836250077188018 2.37319999922812 0.2411875
v 0.26663749922811986 2.37319999922812 0.2411875
v 0.20836250077188018 2.37319999922812 0.2088125
v 0.26663749922811986 2.37319999922812 0.2088125
v 0.20836250077188018 2.47680000077188 0.2411875
v 0.26663749922811986 2.47680000077188 0.2411875
v 0.20836250077188018 2.37319999922812 0.2411875
v 0.26663749922811986 2.37319999922812 0.2411875
v 0.26663749922811986 2.47680000077188 0.2088125
v 0.20836250077188018 2.47680000077188 0.2088125
v 0.26663749922811986 2.37319999922812 0.2088125
v 0.20836250077188018 2.37319999922812 0.2088125
vt 0.8125 0.1875
vt 0.875 0.1875
vt 0.8125 0.0625
vt 0.875 0.0625
vt 0.8125 0.1875
vt 0.875 0.1875
vt 0.8125 0.0625
vt 0.875 0.0625
vt 0.8125 0.125
vt 0.875 0.125
vt 0.8125 0.0625
vt 0.875 0.0625
vt 0.8125 0.125
vt 0.875 0.125
vt 0.8125 0.0625
vt 0.875 0.0625
vt 0.8125 0.1875
vt 0.875 0.1875
vt 0.8125 0.0625
vt 0.875 0.0625
vt 0.8125 0.1875
vt 0.875 0.1875
vt 0.8125 0.0625
vt 0.875 0.0625
vn 1 0 0
vn 1 0 0
vn 1 0 0
vn 1 0 0
vn -1 0 0
vn -1 0 0
vn -1 0 0
vn -1 0 0
vn 0 1 0
vn 0 1 0
vn 0 1 0
vn 0 1 0
vn 0 -1 0
vn 0 -1 0
vn 0 -1 0
vn 0 -1 0
vn 0 0 1
vn 0 0 1
vn 0 0 1
vn 0 0 1
vn 0 0 -1
vn 0 0 -1
vn 0 0 -1
vn 0 0 -1
f 2209/2209/2209 2211/2211/2211 2210/2210/2210
f 2211/2211/2211 2212/2212/2212 2210/2210/2210
f 2213/2213/2213 2215/2215/2215 2214/2214/2214
f 2215/2215/2215 2216/2216/2216 2214/2214/2214
f 2217/2217/2217 2219/2219/2219 2218/2218/2218
f 2219/2219/2219 2220/2220/2220 2218/2218/2218
f 2221/2221/2221 2223/2223/2223 2222/2222/2222
f 2223/2223/2223 2224/2224/2224 2222/2222/2222
f 2225/2225/2225 2227/2227/2227 2226/2226/2226
f 2227/2227/2227 2228/2228/2228 2226/2226/2226
f 2229/2229/2229 2231/2231/2231 2230/2230/2230
f 2231/2231/2231 2232/2232/2232 2230/2230/2230
o eye_flame_L_56
usemtl eye_flame
v 0.22201562500000002 2.53153125 0.2376125001879409
v 0.22201562500000002 2.53153125 0.21238749981205912
v 0.22201562500000002 2.46846875 0.2376125001879409
v 0.22201562500000002 2.46846875 0.21238749981205912
v 0.190484375 2.53153125 0.21238749981205912
v 0.190484375 2.53153125 0.2376125001879409
v 0.190484375 2.46846875 0.21238749981205912
v 0.190484375 2.46846875 0.2376125001879409
v 0.190484375 2.53153125 0.21238749981205912
v 0.22201562500000002 2.53153125 0.21238749981205912
v 0.190484375 2.53153125 0.2376125001879409
v 0.22201562500000002 2.53153125 0.2376125001879409
v 0.190484375 2.46846875 0.2376125001879409
v 0.22201562500000002 2.46846875 0.2376125001879409
v 0.190484375 2.46846875 0.21238749981205912
v 0.22201562500000002 2.46846875 0.21238749981205912
v 0.190484375 2.53153125 0.2376125001879409
v 0.22201562500000002 2.53153125 0.2376125001879409
v 0.190484375 2.46846875 0.2376125001879409
v 0.22201562500000002 2.46846875 0.2376125001879409
v 0.22201562500000002 2.53153125 0.21238749981205912
v 0.190484375 2.53153125 0.21238749981205912
v 0.22201562500000002 2.46846875 0.21238749981205912
v 0.190484375 2.46846875 0.21238749981205912
vt 0.4375 0.625
vt 0.5 0.625
vt 0.4375 0.5625
vt 0.5 0.5625
vt 0.4375 0.625
vt 0.5 0.625
vt 0.4375 0.5625
vt 0.5 0.5625
vt 0.4375 0.625
vt 0.5 0.625
vt 0.4375 0.5625
vt 0.5 0.5625
vt 0.4375 0.625
vt 0.5 0.625
vt 0.4375 0.5625
vt 0.5 0.5625
vt 0.4375 0.625
vt 0.5 0.625
vt 0.4375 0.5625
vt 0.5 0.5625
vt 0.4375 0.625
vt 0.5 0.625
vt 0.4375 0.5625
vt 0.5 0.5625
vn 0.9999999999999999 0 0
vn 0.9999999999999999 0 0
vn 0.9999999999999999 0 0
vn 0.9999999999999999 0 0
vn -0.9999999999999999 0 0
vn -0.9999999999999999 0 0
vn -0.9999999999999999 0 0
vn -0.9999999999999999 0 0
vn 0 0.9999999999999999 0
vn 0 0.9999999999999999 0
vn 0 0.9999999999999999 0
vn 0 0.9999999999999999 0
vn 0 -0.9999999999999999 0
vn 0 -0.9999999999999999 0
vn 0 -0.9999999999999999 0
vn 0 -0.9999999999999999 0
vn 0 0 0.9999999999999999
vn 0 0 0.9999999999999999
vn 0 0 0.9999999999999999
vn 0 0 0.9999999999999999
vn 0 0 -0.9999999999999999
vn 0 0 -0.9999999999999999
vn 0 0 -0.9999999999999999
vn 0 0 -0.9999999999999999
f 2233/2233/2233 2235/2235/2235 2234/2234/2234
f 2235/2235/2235 2236/2236/2236 2234/2234/2234
f 2237/2237/2237 2239/2239/2239 2238/2238/2238
f 2239/2239/2239 2240/2240/2240 2238/2238/2238
f 2241/2241/2241 2243/2243/2243 2242/2242/2242
f 2243/2243/2243 2244/2244/2244 2242/2242/2242
f 2245/2245/2245 2247/2247/2247 2246/2246/2246
f 2247/2247/2247 2248/2248/2248 2246/2246/2246
f 2249/2249/2249 2251/2251/2251 2250/2250/2250
f 2251/2251/2251 2252/2252/2252 2250/2250/2250
f 2253/2253/2253 2255/2255/2255 2254/2254/2254
f 2255/2255/2255 2256/2256/2256 2254/2254/2254
o eye_flame_R_57
usemtl eye_flame
v 0.2770250007752329 2.3895250007752327 -0.2054906242247671
v 0.2770250007752329 2.3895250007752327 -0.2445093757752329
v 0.2770250007752329 2.285474999224767 -0.2054906242247671
v 0.2770250007752329 2.285474999224767 -0.2445093757752329
v 0.1729749992247671 2.3895250007752327 -0.2445093757752329
v 0.1729749992247671 2.3895250007752327 -0.2054906242247671
v 0.1729749992247671 2.285474999224767 -0.2445093757752329
v 0.1729749992247671 2.285474999224767 -0.2054906242247671
v 0.1729749992247671 2.3895250007752327 -0.2445093757752329
v 0.2770250007752329 2.3895250007752327 -0.2445093757752329
v 0.1729749992247671 2.3895250007752327 -0.2054906242247671
v 0.2770250007752329 2.3895250007752327 -0.2054906242247671
v 0.1729749992247671 2.285474999224767 -0.2054906242247671
v 0.2770250007752329 2.285474999224767 -0.2054906242247671
v 0.1729749992247671 2.285474999224767 -0.2445093757752329
v 0.2770250007752329 2.285474999224767 -0.2445093757752329
v 0.1729749992247671 2.3895250007752327 -0.2054906242247671
v 0.2770250007752329 2.3895250007752327 -0.2054906242247671
v 0.1729749992247671 2.285474999224767 -0.2054906242247671
v 0.2770250007752329 2.285474999224767 -0.2054906242247671
v 0.2770250007752329 2.3895250007752327 -0.2445093757752329
v 0.1729749992247671 2.3895250007752327 -0.2445093757752329
v 0.2770250007752329 2.285474999224767 -0.2445093757752329
v 0.1729749992247671 2.285474999224767 -0.2445093757752329
vt 0 1.0625
vt 0.0625 1.0625
vt 0 0.9375
vt 0.0625 0.9375
vt 0 1.0625
vt 0.0625 1.0625
vt 0 0.9375
vt 0.0625 0.9375
vt 0 1
vt 0.125 1
vt 0 0.9375
vt 0.125 0.9375
vt 0 1
vt 0.125 1
vt 0 0.9375
vt 0.125 0.9375
vt 0 1.0625
vt 0.125 1.0625
vt 0 0.9375
vt 0.125 0.9375
vt 0 1.0625
vt 0.125 1.0625
vt 0 0.9375
vt 0.125 0.9375
vn 1 0 0
vn 1 0 0
vn 1 0 0
vn 1 0 0
vn -1 0 0
vn -1 0 0
vn -1 0 0
vn -1 0 0
vn 0 1 0
vn 0 1 0
vn 0 1 0
vn 0 1 0
vn 0 -1 0
vn 0 -1 0
vn 0 -1 0
vn 0 -1 0
vn 0 0 1
vn 0 0 1
vn 0 0 1
vn 0 0 1
vn 0 0 -1
vn 0 0 -1
vn 0 0 -1
vn 0 0 -1
f 2257/2257/2257 2259/2259/2259 2258/2258/2258
f 2259/2259/2259 2260/2260/2260 2258/2258/2258
f 2261/2261/2261 2263/2263/2263 2262/2262/2262
f 2263/2263/2263 2264/2264/2264 2262/2262/2262
f 2265/2265/2265 2267/2267/2267 2266/2266/2266
f 2267/2267/2267 2268/2268/2268 2266/2266/2266
f 2269/2269/2269 2271/2271/2271 2270/2270/2270
f 2271/2271/2271 2272/2272/2272 2270/2270/2270
f 2273/2273/2273 2275/2275/2275 2274/2274/2274
f 2275/2275/2275 2276/2276/2276 2274/2274/2274
f 2277/2277/2277 2279/2279/2279 2278/2278/2278
f 2279/2279/2279 2280/2280/2280 2278/2278/2278
o eye_flame_R_58
usemtl eye_flame
v 0.2660046867448837 2.4756750007551163 -0.2091640625
v 0.2660046867448837 2.4756750007551163 -0.2408359375
v 0.2660046867448837 2.3743249992448834 -0.2091640625
v 0.2660046867448837 2.3743249992448834 -0.2408359375
v 0.20899531325511636 2.4756750007551163 -0.2408359375
v 0.20899531325511636 2.4756750007551163 -0.2091640625
v 0.20899531325511636 2.3743249992448834 -0.2408359375
v 0.20899531325511636 2.3743249992448834 -0.2091640625
v 0.20899531325511636 2.4756750007551163 -0.2408359375
v 0.2660046867448837 2.4756750007551163 -0.2408359375
v 0.20899531325511636 2.4756750007551163 -0.2091640625
v 0.2660046867448837 2.4756750007551163 -0.2091640625
v 0.20899531325511636 2.3743249992448834 -0.2091640625
v 0.2660046867448837 2.3743249992448834 -0.2091640625
v 0.20899531325511636 2.3743249992448834 -0.2408359375
v 0.2660046867448837 2.3743249992448834 -0.2408359375
v 0.20899531325511636 2.4756750007551163 -0.2091640625
v 0.2660046867448837 2.4756750007551163 -0.2091640625
v 0.20899531325511636 2.3743249992448834 -0.2091640625
v 0.2660046867448837 2.3743249992448834 -0.2091640625
v 0.2660046867448837 2.4756750007551163 -0.2408359375
v 0.20899531325511636 2.4756750007551163 -0.2408359375
v 0.2660046867448837 2.3743249992448834 -0.2408359375
v 0.20899531325511636 2.3743249992448834 -0.2408359375
vt 0.8125 0.1875
vt 0.875 0.1875
vt 0.8125 0.0625
vt 0.875 0.0625
vt 0.8125 0.1875
vt 0.875 0.1875
vt 0.8125 0.0625
vt 0.875 0.0625
vt 0.8125 0.125
vt 0.875 0.125
vt 0.8125 0.0625
vt 0.875 0.0625
vt 0.8125 0.125
vt 0.875 0.125
vt 0.8125 0.0625
vt 0.875 0.0625
vt 0.8125 0.1875
vt 0.875 0.1875
vt 0.8125 0.0625
vt 0.875 0.0625
vt 0.8125 0.1875
vt 0.875 0.1875
vt 0.8125 0.0625
vt 0.875 0.0625
vn 1 0 0
vn 1 0 0
vn 1 0 0
vn 1 0 0
vn -1 0 0
vn -1 0 0
vn -1 0 0
vn -1 0 0
vn 0 1 0
vn 0 1 0
vn 0 1 0
vn 0 1 0
vn 0 -1 0
vn 0 -1 0
vn 0 -1 0
vn 0 -1 0
vn 0 0 1
vn 0 0 1
vn 0 0 1
vn 0 0 1
vn 0 0 -1
vn 0 0 -1
vn 0 0 -1
vn 0 0 -1
f 2281/2281/2281 2283/2283/2283 2282/2282/2282
f 2283/2283/2283 2284/2284/2284 2282/2282/2282
f 2285/2285/2285 2287/2287/2287 2286/2286/2286
f 2287/2287/2287 2288/2288/2288 2286/2286/2286
f 2289/2289/2289 2291/2291/2291 2290/2290/2290
f 2291/2291/2291 2292/2292/2292 2290/2290/2290
f 2293/2293/2293 2295/2295/2295 2294/2294/2294
f 2295/2295/2295 2296/2296/2296 2294/2294/2294
f 2297/2297/2297 2299/2299/2299 2298/2298/2298
f 2299/2299/2299 2300/2300/2300 2298/2298/2298
f 2301/2301/2301 2303/2303/2303 2302/2302/2302
f 2303/2303/2303 2304/2304/2304 2302/2302/2302
o eye_flame_R_59
usemtl eye_flame
v 0.22257812500000002 2.53265625 -0.2119374998053536
v 0.22257812500000002 2.53265625 -0.23806250019464642
v 0.22257812500000002 2.46734375 -0.2119374998053536
v 0.22257812500000002 2.46734375 -0.23806250019464642
v 0.18992187500000002 2.53265625 -0.23806250019464642
v 0.18992187500000002 2.53265625 -0.2119374998053536
v 0.18992187500000002 2.46734375 -0.23806250019464642
v 0.18992187500000002 2.46734375 -0.2119374998053536
v 0.18992187500000002 2.53265625 -0.23806250019464642
v 0.22257812500000002 2.53265625 -0.23806250019464642
v 0.18992187500000002 2.53265625 -0.2119374998053536
v 0.22257812500000002 2.53265625 -0.2119374998053536
v 0.18992187500000002 2.46734375 -0.2119374998053536
v 0.22257812500000002 2.46734375 -0.2119374998053536
v 0.18992187500000002 2.46734375 -0.23806250019464642
v 0.22257812500000002 2.46734375 -0.23806250019464642
v 0.18992187500000002 2.53265625 -0.2119374998053536
v 0.22257812500000002 2.53265625 -0.2119374998053536
v 0.18992187500000002 2.46734375 -0.2119374998053536
v 0.22257812500000002 2.46734375 -0.2119374998053536
v 0.22257812500000002 2.53265625 -0.23806250019464642
v 0.18992187500000002 2.53265625 -0.23806250019464642
v 0.22257812500000002 2.46734375 -0.23806250019464642
v 0.18992187500000002 2.46734375 -0.23806250019464642
vt 0.4375 0.625
vt 0.5 0.625
vt 0.4375 0.5625
vt 0.5 0.5625
vt 0.4375 0.625
vt 0.5 0.625
vt 0.4375 0.5625
vt 0.5 0.5625
vt 0.4375 0.625
vt 0.5 0.625
vt 0.4375 0.5625
vt 0.5 0.5625
vt 0.4375 0.625
vt 0.5 0.625
vt 0.4375 0.5625
vt 0.5 0.5625
vt 0.4375 0.625
vt 0.5 0.625
vt 0.4375 0.5625
vt 0.5 0.5625
vt 0.4375 0.625
vt 0.5 0.625
vt 0.4375 0.5625
vt 0.5 0.5625
vn 1 0 0
vn 1 0 0
vn 1 0 0
vn 1 0 0
vn -1 0 0
vn -1 0 0
vn -1 0 0
vn -1 0 0
vn 0 1 0
vn 0 1 0
vn 0 1 0
vn 0 1 0
vn 0 -1 0
vn 0 -1 0
vn 0 -1 0
vn 0 -1 0
vn 0 0 1
vn 0 0 1
vn 0 0 1
vn 0 0 1
vn 0 0 -1
vn 0 0 -1
vn 0 0 -1
vn 0 0 -1
f 2305/2305/2305 2307/2307/2307 2306/2306/2306
f 2307/2307/2307 2308/2308/2308 2306/2306/2306
f 2309/2309/2309 2311/2311/2311 2310/2310/2310
f 2311/2311/2311 2312/2312/2312 2310/2310/2310
f 2313/2313/2313 2315/2315/2315 2314/2314/2314
f 2315/2315/2315 2316/2316/2316 2314/2314/2314
f 2317/2317/2317 2319/2319/2319 2318/2318/2318
f 2319/2319/2319 2320/2320/2320 2318/2318/2318
f 2321/2321/2321 2323/2323/2323 2322/2322/2322
f 2323/2323/2323 2324/2324/2324 2322/2322/2322
f 2325/2325/2325 2327/2327/2327 2326/2326/2326
f 2327/2327/2327 2328/2328/2328 2326/2326/2326
o skull_60
usemtl soul_gem
v 0.3953599995449185 2.29340625 0.01781500007584691
v 0.3953599995449185 2.29340625 -0.01781500007584691
v 0.3953599995449185 2.26159375 0.01781500007584691
v 0.3953599995449185 2.26159375 -0.01781500007584691
v 0.3546400004550815 2.29340625 -0.01781500007584691
v 0.3546400004550815 2.29340625 0.01781500007584691
v 0.3546400004550815 2.26159375 -0.01781500007584691
v 0.3546400004550815 2.26159375 0.01781500007584691
v 0.3546400004550815 2.29340625 -0.01781500007584691
v 0.3953599995449185 2.29340625 -0.01781500007584691
v 0.3546400004550815 2.29340625 0.01781500007584691
v 0.3953599995449185 2.29340625 0.01781500007584691
v 0.3546400004550815 2.26159375 0.01781500007584691
v 0.3953599995449185 2.26159375 0.01781500007584691
v 0.3546400004550815 2.26159375 -0.01781500007584691
v 0.3953599995449185 2.26159375 -0.01781500007584691
v 0.3546400004550815 2.29340625 0.01781500007584691
v 0.3953599995449185 2.29340625 0.01781500007584691
v 0.3546400004550815 2.26159375 0.01781500007584691
v 0.3953599995449185 2.26159375 0.01781500007584691
v 0.3953599995449185 2.29340625 -0.01781500007584691
v 0.3546400004550815 2.29340625 -0.01781500007584691
v 0.3953599995449185 2.26159375 -0.01781500007584691
v 0.3546400004550815 2.26159375 -0.01781500007584691
vt 0.6875 0.875
vt 0.75 0.875
vt 0.6875 0.8125
vt 0.75 0.8125
vt 0.6875 0.875
vt 0.75 0.875
vt 0.6875 0.8125
vt 0.75 0.8125
vt 0.6875 0.875
vt 0.75 0.875
vt 0.6875 0.8125
vt 0.75 0.8125
vt 0.6875 0.875
vt 0.75 0.875
vt 0.6875 0.8125
vt 0.75 0.8125
vt 0.6875 0.875
vt 0.75 0.875
vt 0.6875 0.8125
vt 0.75 0.8125
vt 0.6875 0.875
vt 0.75 0.875
vt 0.6875 0.8125
vt 0.75 0.8125
vn 0.9999999999999999 0 0
vn 0.9999999999999999 0 0
vn 0.9999999999999999 0 0
vn 0.9999999999999999 0 0
vn -0.9999999999999999 0 0
vn -0.9999999999999999 0 0
vn -0.9999999999999999 0 0
vn -0.9999999999999999 0 0
vn 0 0.9999999999999999 0
vn 0 0.9999999999999999 0
vn 0 0.9999999999999999 0
vn 0 0.9999999999999999 0
vn 0 -0.9999999999999999 0
vn 0 -0.9999999999999999 0
vn 0 -0.9999999999999999 0
vn 0 -0.9999999999999999 0
vn 0 0 0.9999999999999999
vn 0 0 0.9999999999999999
vn 0 0 0.9999999999999999
vn 0 0 0.9999999999999999
vn 0 0 -0.9999999999999999
vn 0 0 -0.9999999999999999
vn 0 0 -0.9999999999999999
vn 0 0 -0.9999999999999999
f 2329/2329/2329 2331/2331/2331 2330/2330/2330
f 2331/2331/2331 2332/2332/2332 2330/2330/2330
f 2333/2333/2333 2335/2335/2335 2334/2334/2334
f 2335/2335/2335 2336/2336/2336 2334/2334/2334
f 2337/2337/2337 2339/2339/2339 2338/2338/2338
f 2339/2339/2339 2340/2340/2340 2338/2338/2338
f 2341/2341/2341 2343/2343/2343 2342/2342/2342
f 2343/2343/2343 2344/2344/2344 2342/2342/2342
f 2345/2345/2345 2347/2347/2347 2346/2346/2346
f 2347/2347/2347 2348/2348/2348 2346/2346/2346
f 2349/2349/2349 2351/2351/2351 2350/2350/2350
f 2351/2351/2351 2352/2352/2352 2350/2350/2350
o skull_61
usemtl soul_gem
v 0.4117325001563877 2.3238984375 0.025581561561673884
v 0.4117325001563877 2.3238984375 -0.025581561561673884
v 0.4117325001563877 2.2911015625 0.025581561561673884
v 0.4117325001563877 2.2911015625 -0.025581561561673884
v 0.3382674998436123 2.3238984375 -0.025581561561673884
v 0.3382674998436123 2.3238984375 0.025581561561673884
v 0.3382674998436123 2.2911015625 -0.025581561561673884
v 0.3382674998436123 2.2911015625 0.025581561561673884
v 0.3382674998436123 2.3238984375 -0.025581561561673884
v 0.4117325001563877 2.3238984375 -0.025581561561673884
v 0.3382674998436123 2.3238984375 0.025581561561673884
v 0.4117325001563877 2.3238984375 0.025581561561673884
v 0.3382674998436123 2.2911015625 0.025581561561673884
v 0.4117325001563877 2.2911015625 0.025581561561673884
v 0.3382674998436123 2.2911015625 -0.025581561561673884
v 0.4117325001563877 2.2911015625 -0.025581561561673884
v 0.3382674998436123 2.3238984375 0.025581561561673884
v 0.4117325001563877 2.3238984375 0.025581561561673884
v 0.3382674998436123 2.2911015625 0.025581561561673884
v 0.4117325001563877 2.2911015625 0.025581561561673884
v 0.4117325001563877 2.3238984375 -0.025581561561673884
v 0.3382674998436123 2.3238984375 -0.025581561561673884
v 0.4117325001563877 2.2911015625 -0.025581561561673884
v 0.3382674998436123 2.2911015625 -0.025581561561673884
vt 0.25 0.4375
vt 0.3125 0.4375
vt 0.25 0.375
vt 0.3125 0.375
vt 0.25 0.4375
vt 0.3125 0.4375
vt 0.25 0.375
vt 0.3125 0.375
vt 0.25 0.4375
vt 0.3125 0.4375
vt 0.25 0.375
vt 0.3125 0.375
vt 0.25 0.4375
vt 0.3125 0.4375
vt 0.25 0.375
vt 0.3125 0.375
vt 0.25 0.4375
vt 0.3125 0.4375
vt 0.25 0.375
vt 0.3125 0.375
vt 0.25 0.4375
vt 0.3125 0.4375
vt 0.25 0.375
vt 0.3125 0.375
vn 1 0 0
vn 1 0 0
vn 1 0 0
vn 1 0 0
vn -1 0 0
vn -1 0 0
vn -1 0 0
vn -1 0 0
vn 0 1 0
vn 0 1 0
vn 0 1 0
vn 0 1 0
vn 0 -1 0
vn 0 -1 0
vn 0 -1 0
vn 0 -1 0
vn 0 0 1
vn 0 0 1
vn 0 0 1
vn 0 0 1
vn 0 0 -1
vn 0 0 -1
vn 0 0 -1
vn 0 0 -1
f 2353/2353/2353 2355/2355/2355 2354/2354/2354
f 2355/2355/2355 2356/2356/2356 2354/2354/2354
f 2357/2357/2357 2359/2359/2359 2358/2358/2358
f 2359/2359/2359 2360/2360/2360 2358/2358/2358
f 2361/2361/2361 2363/2363/2363 2362/2362/2362
f 2363/2363/2363 2364/2364/2364 2362/2362/2362
f 2365/2365/2365 2367/2367/2367 2366/2366/2366
f 2367/2367/2367 2368/2368/2368 2366/2366/2366
f 2369/2369/2369 2371/2371/2371 2370/2370/2370
f 2371/2371/2371 2372/2372/2372 2370/2370/2370
f 2373/2373/2373 2375/2375/2375 2374/2374/2374
f 2375/2375/2375 2376/2376/2376 2374/2374/2374
o skull_62
usemtl soul_gem
v 0.42612500076182186 2.3534765625 0.031953125
v 0.42612500076182186 2.3534765625 -0.031953125
v 0.42612500076182186 2.3215234375 0.031953125
v 0.42612500076182186 2.3215234375 -0.031953125
v 0.32387499923817814 2.3534765625 -0.031953125
v 0.32387499923817814 2.3534765625 0.031953125
v 0.32387499923817814 2.3215234375 -0.031953125
v 0.32387499923817814 2.3215234375 0.031953125
v 0.32387499923817814 2.3534765625 -0.031953125
v 0.42612500076182186 2.3534765625 -0.031953125
v 0.32387499923817814 2.3534765625 0.031953125
v 0.42612500076182186 2.3534765625 0.031953125
v 0.32387499923817814 2.3215234375 0.031953125
v 0.42612500076182186 2.3215234375 0.031953125
v 0.32387499923817814 2.3215234375 -0.031953125
v 0.42612500076182186 2.3215234375 -0.031953125
v 0.32387499923817814 2.3534765625 0.031953125
v 0.42612500076182186 2.3534765625 0.031953125
v 0.32387499923817814 2.3215234375 0.031953125
v 0.42612500076182186 2.3215234375 0.031953125
v 0.42612500076182186 2.3534765625 -0.031953125
v 0.32387499923817814 2.3534765625 -0.031953125
v 0.42612500076182186 2.3215234375 -0.031953125
v 0.32387499923817814 2.3215234375 -0.031953125
vt 0.3125 0.5625
vt 0.375 0.5625
vt 0.3125 0.5
vt 0.375 0.5
vt 0.3125 0.5625
vt 0.375 0.5625
vt 0.3125 0.5
vt 0.375 0.5
vt 0.3125 0.5625
vt 0.4375 0.5625
vt 0.3125 0.5
vt 0.4375 0.5
vt 0.3125 0.5625
vt 0.4375 0.5625
vt 0.3125 0.5
vt 0.4375 0.5
vt 0.3125 0.5625
vt 0.4375 0.5625
vt 0.3125 0.5
vt 0.4375 0.5
vt 0.3125 0.5625
vt 0.4375 0.5625
vt 0.3125 0.5
vt 0.4375 0.5
vn 1 0 0
vn 1 0 0
vn 1 0 0
vn 1 0 0
vn -1 0 0
vn -1 0 0
vn -1 0 0
vn -1 0 0
vn 0 1 0
vn 0 1 0
vn 0 1 0
vn 0 1 0
vn 0 -1 0
vn 0 -1 0
vn 0 -1 0
vn 0 -1 0
vn 0 0 1
vn 0 0 1
vn 0 0 1
vn 0 0 1
vn 0 0 -1
vn 0 0 -1
vn 0 0 -1
vn 0 0 -1
f 2377/2377/2377 2379/2379/2379 2378/2378/2378
f 2379/2379/2379 2380/2380/2380 2378/2378/2378
f 2381/2381/2381 2383/2383/2383 2382/2382/2382
f 2383/2383/2383 2384/2384/2384 2382/2382/2382
f 2385/2385/2385 2387/2387/2387 2386/2386/2386
f 2387/2387/2387 2388/2388/2388 2386/2386/2386
f 2389/2389/2389 2391/2391/2391 2390/2390/2390
f 2391/2391/2391 2392/2392/2392 2390/2390/2390
f 2393/2393/2393 2395/2395/2395 2394/2394/2394
f 2395/2395/2395 2396/2396/2396 2394/2394/2394
f 2397/2397/2397 2399/2399/2399 2398/2398/2398
f 2399/2399/2399 2400/2400/2400 2398/2398/2398
o skull_63
usemtl soul_gem
v 0.41189000015705823 2.38396875 0.025691249057650568
v 0.41189000015705823 2.38396875 -0.025691249057650568
v 0.41189000015705823 2.35103125 0.025691249057650568
v 0.41189000015705823 2.35103125 -0.025691249057650568
v 0.33810999984294177 2.38396875 -0.025691249057650568
v 0.33810999984294177 2.38396875 0.025691249057650568
v 0.33810999984294177 2.35103125 -0.025691249057650568
v 0.33810999984294177 2.35103125 0.025691249057650568
v 0.33810999984294177 2.38396875 -0.025691249057650568
v 0.41189000015705823 2.38396875 -0.025691249057650568
v 0.33810999984294177 2.38396875 0.025691249057650568
v 0.41189000015705823 2.38396875 0.025691249057650568
v 0.33810999984294177 2.35103125 0.025691249057650568
v 0.41189000015705823 2.35103125 0.025691249057650568
v 0.33810999984294177 2.35103125 -0.025691249057650568
v 0.41189000015705823 2.35103125 -0.025691249057650568
v 0.33810999984294177 2.38396875 0.025691249057650568
v 0.41189000015705823 2.38396875 0.025691249057650568
v 0.33810999984294177 2.35103125 0.025691249057650568
v 0.41189000015705823 2.35103125 0.025691249057650568
v 0.41189000015705823 2.38396875 -0.025691249057650568
v 0.33810999984294177 2.38396875 -0.025691249057650568
v 0.41189000015705823 2.35103125 -0.025691249057650568
v 0.33810999984294177 2.35103125 -0.025691249057650568
vt 0.25 0.4375
vt 0.3125 0.4375
vt 0.25 0.375
vt 0.3125 0.375
vt 0.25 0.4375
vt 0.3125 0.4375
vt 0.25 0.375
vt 0.3125 0.375
vt 0.25 0.4375
vt 0.3125 0.4375
vt 0.25 0.375
vt 0.3125 0.375
vt 0.25 0.4375
vt 0.3125 0.4375
vt 0.25 0.375
vt 0.3125 0.375
vt 0.25 0.4375
vt 0.3125 0.4375
vt 0.25 0.375
vt 0.3125 0.375
vt 0.25 0.4375
vt 0.3125 0.4375
vt 0.25 0.375
vt 0.3125 0.375
vn 1 0 0
vn 1 0 0
vn 1 0 0
vn 1 0 0
vn -1 0 0
vn -1 0 0
vn -1 0 0
vn -1 0 0
vn 0 1 0
vn 0 1 0
vn 0 1 0
vn 0 1 0
vn 0 -1 0
vn 0 -1 0
vn 0 -1 0
vn 0 -1 0
vn 0 0 1
vn 0 0 1
vn 0 0 1
vn 0 0 1
vn 0 0 -1
vn 0 0 -1
vn 0 0 -1
vn 0 0 -1
f 2401/2401/2401 2403/2403/2403 2402/2402/2402
f 2403/2403/2403 2404/2404/2404 2402/2402/2402
f 2405/2405/2405 2407/2407/2407 2406/2406/2406
f 2407/2407/2407 2408/2408/2408 2406/2406/2406
f 2409/2409/2409 2411/2411/2411 2410/2410/2410
f 2411/2411/2411 2412/2412/2412 2410/2410/2410
f 2413/2413/2413 2415/2415/2415 2414/2414/2414
f 2415/2415/2415 2416/2416/2416 2414/2414/2414
f 2417/2417/2417 2419/2419/2419 2418/2418/2418
f 2419/2419/2419 2420/2420/2420 2418/2418/2418
f 2421/2421/2421 2423/2423/2423 2422/2422/2422
f 2423/2423/2423 2424/2424/2424 2422/2422/2422
o skull_64
usemtl soul_gem
v 0.39553999954089525 2.4135468749999998 0.01797250007651746
v 0.39553999954089525 2.4135468749999998 -0.01797250007651746
v 0.39553999954089525 2.381453125 0.01797250007651746
v 0.39553999954089525 2.381453125 -0.01797250007651746
v 0.35446000045910475 2.4135468749999998 -0.01797250007651746
v 0.35446000045910475 2.4135468749999998 0.01797250007651746
v 0.35446000045910475 2.381453125 -0.01797250007651746
v 0.35446000045910475 2.381453125 0.01797250007651746
v 0.35446000045910475 2.4135468749999998 -0.01797250007651746
v 0.39553999954089525 2.4135468749999998 -0.01797250007651746
v 0.35446000045910475 2.4135468749999998 0.01797250007651746
v 0.39553999954089525 2.4135468749999998 0.01797250007651746
v 0.35446000045910475 2.381453125 0.01797250007651746
v 0.39553999954089525 2.381453125 0.01797250007651746
v 0.35446000045910475 2.381453125 -0.01797250007651746
v 0.39553999954089525 2.381453125 -0.01797250007651746
v 0.35446000045910475 2.4135468749999998 0.01797250007651746
v 0.39553999954089525 2.4135468749999998 0.01797250007651746
v 0.35446000045910475 2.381453125 0.01797250007651746
v 0.39553999954089525 2.381453125 0.01797250007651746
v 0.39553999954089525 2.4135468749999998 -0.01797250007651746
v 0.35446000045910475 2.4135468749999998 -0.01797250007651746
v 0.39553999954089525 2.381453125 -0.01797250007651746
v 0.35446000045910475 2.381453125 -0.01797250007651746
vt 0.6875 0.875
vt 0.75 0.875
vt 0.6875 0.8125
vt 0.75 0.8125
vt 0.6875 0.875
vt 0.75 0.875
vt 0.6875 0.8125
vt 0.75 0.8125
vt 0.6875 0.875
vt 0.75 0.875
vt 0.6875 0.8125
vt 0.75 0.8125
vt 0.6875 0.875
vt 0.75 0.875
vt 0.6875 0.8125
vt 0.75 0.8125
vt 0.6875 0.875
vt 0.75 0.875
vt 0.6875 0.8125
vt 0.75 0.8125
vt 0.6875 0.875
vt 0.75 0.875
vt 0.6875 0.8125
vt 0.75 0.8125
vn 1 0 0
vn 1 0 0
vn 1 0 0
vn 1 0 0
vn -1 0 0
vn -1 0 0
vn -1 0 0
vn -1 0 0
vn 0 1 0
vn 0 1 0
vn 0 1 0
vn 0 1 0
vn 0 -1 0
vn 0 -1 0
vn 0 -1 0
vn 0 -1 0
vn 0 0 1
vn 0 0 1
vn 0 0 1
vn 0 0 1
vn 0 0 -1
vn 0 0 -1
vn 0 0 -1
vn 0 0 -1
f 2425/2425/2425 2427/2427/2427 2426/2426/2426
f 2427/2427/2427 2428/2428/2428 2426/2426/2426
f 2429/2429/2429 2431/2431/2431 2430/2430/2430
f 2431/2431/2431 2432/2432/2432 2430/2430/2430
f 2433/2433/2433 2435/2435/2435 2434/2434/2434
f 2435/2435/2435 2436/2436/2436 2434/2434/2434
f 2437/2437/2437 2439/2439/2439 2438/2438/2438
f 2439/2439/2439 2440/2440/2440 2438/2438/2438
f 2441/2441/2441 2443/2443/2443 2442/2442/2442
f 2443/2443/2443 2444/2444/2444 2442/2442/2442
f 2445/2445/2445 2447/2447/2447 2446/2446/2446
f 2447/2447/2447 2448/2448/2448 2446/2446/2446
o skull_65
usemtl soul_gem
v 0.39375000074505806 2.424999998509884 0.03750000149011612
v 0.39375000074505806 2.424999998509884 -0.03750000149011612
v 0.39375000074505806 2.250000001490116 0.03750000149011612
v 0.39375000074505806 2.250000001490116 -0.03750000149011612
v 0.35624999925494194 2.424999998509884 -0.03750000149011612
v 0.35624999925494194 2.424999998509884 0.03750000149011612
v 0.35624999925494194 2.250000001490116 -0.03750000149011612
v 0.35624999925494194 2.250000001490116 0.03750000149011612
v 0.35624999925494194 2.424999998509884 -0.03750000149011612
v 0.39375000074505806 2.424999998509884 -0.03750000149011612
v 0.35624999925494194 2.424999998509884 0.03750000149011612
v 0.39375000074505806 2.424999998509884 0.03750000149011612
v 0.35624999925494194 2.250000001490116 0.03750000149011612
v 0.39375000074505806 2.250000001490116 0.03750000149011612
v 0.35624999925494194 2.250000001490116 -0.03750000149011612
v 0.39375000074505806 2.250000001490116 -0.03750000149011612
v 0.35624999925494194 2.424999998509884 0.03750000149011612
v 0.39375000074505806 2.424999998509884 0.03750000149011612
v 0.35624999925494194 2.250000001490116 0.03750000149011612
v 0.39375000074505806 2.250000001490116 0.03750000149011612
v 0.39375000074505806 2.424999998509884 -0.03750000149011612
v 0.35624999925494194 2.424999998509884 -0.03750000149011612
v 0.39375000074505806 2.250000001490116 -0.03750000149011612
v 0.35624999925494194 2.250000001490116 -0.03750000149011612
vt 0.0625 1.125
vt 0.125 1.125
vt 0.0625 0.9375
vt 0.125 0.9375
vt 0.0625 1.125
vt 0.125 1.125
vt 0.0625 0.9375
vt 0.125 0.9375
vt 0.0625 1
vt 0.125 1
vt 0.0625 0.9375
vt 0.125 0.9375
vt 0.0625 1
vt 0.125 1
vt 0.0625 0.9375
vt 0.125 0.9375
vt 0.0625 1.125
vt 0.125 1.125
vt 0.0625 0.9375
vt 0.125 0.9375
vt 0.0625 1.125
vt 0.125 1.125
vt 0.0625 0.9375
vt 0.125 0.9375
vn 1 0 0
vn 1 0 0
vn 1 0 0
vn 1 0 0
vn -1 0 0
vn -1 0 0
vn -1 0 0
vn -1 0 0
vn 0 1 0
vn 0 1 0
vn 0 1 0
vn 0 1 0
vn 0 -1 0
vn 0 -1 0
vn 0 -1 0
vn 0 -1 0
vn 0 0 1
vn 0 0 1
vn 0 0 1
vn 0 0 1
vn 0 0 -1
vn 0 0 -1
vn 0 0 -1
vn 0 0 -1
f 2449/2449/2449 2451/2451/2451 2450/2450/2450
f 2451/2451/2451 2452/2452/2452 2450/2450/2450
f 2453/2453/2453 2455/2455/2455 2454/2454/2454
f 2455/2455/2455 2456/2456/2456 2454/2454/2454
f 2457/2457/2457 2459/2459/2459 2458/2458/2458
f 2459/2459/2459 2460/2460/2460 2458/2458/2458
f 2461/2461/2461 2463/2463/2463 2462/2462/2462
f 2463/2463/2463 2464/2464/2464 2462/2462/2462
f 2465/2465/2465 2467/2467/2467 2466/2466/2466
f 2467/2467/2467 2468/2468/2468 2466/2466/2466
f 2469/2469/2469 2471/2471/2471 2470/2470/2470
f 2471/2471/2471 2472/2472/2472 2470/2470/2470
o skull_66
usemtl grave_bone
v 0.41045781326852737 2.083415626537055 0.1354578132685274
v 0.41045781326852737 2.083415626537055 0.0645421867314726
v 0.41045781326852737 1.9415843734629454 0.1354578132685274
v 0.41045781326852737 1.9415843734629454 0.0645421867314726
v 0.33954218673147263 2.083415626537055 0.0645421867314726
v 0.33954218673147263 2.083415626537055 0.1354578132685274
v 0.33954218673147263 1.9415843734629454 0.0645421867314726
v 0.33954218673147263 1.9415843734629454 0.1354578132685274
v 0.33954218673147263 2.083415626537055 0.0645421867314726
v 0.41045781326852737 2.083415626537055 0.0645421867314726
v 0.33954218673147263 2.083415626537055 0.1354578132685274
v 0.41045781326852737 2.083415626537055 0.1354578132685274
v 0.33954218673147263 1.9415843734629454 0.1354578132685274
v 0.41045781326852737 1.9415843734629454 0.1354578132685274
v 0.33954218673147263 1.9415843734629454 0.0645421867314726
v 0.41045781326852737 1.9415843734629454 0.0645421867314726
v 0.33954218673147263 2.083415626537055 0.1354578132685274
v 0.41045781326852737 2.083415626537055 0.1354578132685274
v 0.33954218673147263 1.9415843734629454 0.1354578132685274
v 0.41045781326852737 1.9415843734629454 0.1354578132685274
v 0.41045781326852737 2.083415626537055 0.0645421867314726
v 0.33954218673147263 2.083415626537055 0.0645421867314726
v 0.41045781326852737 1.9415843734629454 0.0645421867314726
v 0.33954218673147263 1.9415843734629454 0.0645421867314726
vt 0.8125 0.8125
vt 0.875 0.8125
vt 0.8125 0.6875
vt 0.875 0.6875
vt 0.8125 0.8125
vt 0.875 0.8125
vt 0.8125 0.6875
vt 0.875 0.6875
vt 0.8125 0.75
vt 0.875 0.75
vt 0.8125 0.6875
vt 0.875 0.6875
vt 0.8125 0.75
vt 0.875 0.75
vt 0.8125 0.6875
vt 0.875 0.6875
vt 0.8125 0.8125
vt 0.875 0.8125
vt 0.8125 0.6875
vt 0.875 0.6875
vt 0.8125 0.8125
vt 0.875 0.8125
vt 0.8125 0.6875
vt 0.875 0.6875
vn 1 0 0
vn 1 0 0
vn 1 0 0
vn 1 0 0
vn -1 0 0
vn -1 0 0
vn -1 0 0
vn -1 0 0
vn 0 1 0
vn 0 1 0
vn 0 1 0
vn 0 1 0
vn 0 -1 0
vn 0 -1 0
vn 0 -1 0
vn 0 -1 0
vn 0 0 1
vn 0 0 1
vn 0 0 1
vn 0 0 1
vn 0 0 -1
vn 0 0 -1
vn 0 0 -1
vn 0 0 -1
f 2473/2473/2473 2475/2475/2475 2474/2474/2474
f 2475/2475/2475 2476/2476/2476 2474/2474/2474
f 2477/2477/2477 2479/2479/2479 2478/2478/2478
f 2479/2479/2479 2480/2480/2480 2478/2478/2478
f 2481/2481/2481 2483/2483/2483 2482/2482/2482
f 2483/2483/2483 2484/2484/2484 2482/2482/2482
f 2485/2485/2485 2487/2487/2487 2486/2486/2486
f 2487/2487/2487 2488/2488/2488 2486/2486/2486
f 2489/2489/2489 2491/2491/2491 2490/2490/2490
f 2491/2491/2491 2492/2492/2492 2490/2490/2490
f 2493/2493/2493 2495/2495/2495 2494/2494/2494
f 2495/2495/2495 2496/2496/2496 2494/2494/2494
o skull_66_back
usemtl grave_bone
v 0.41045781326852737 2.083415626537055 -0.0645421867314726
v 0.41045781326852737 2.083415626537055 -0.1354578132685274
v 0.41045781326852737 1.9415843734629454 -0.0645421867314726
v 0.41045781326852737 1.9415843734629454 -0.1354578132685274
v 0.33954218673147263 2.083415626537055 -0.1354578132685274
v 0.33954218673147263 2.083415626537055 -0.0645421867314726
v 0.33954218673147263 1.9415843734629454 -0.1354578132685274
v 0.33954218673147263 1.9415843734629454 -0.0645421867314726
v 0.33954218673147263 2.083415626537055 -0.1354578132685274
v 0.41045781326852737 2.083415626537055 -0.1354578132685274
v 0.33954218673147263 2.083415626537055 -0.0645421867314726
v 0.41045781326852737 2.083415626537055 -0.0645421867314726
v 0.33954218673147263 1.9415843734629454 -0.0645421867314726
v 0.41045781326852737 1.9415843734629454 -0.0645421867314726
v 0.33954218673147263 1.9415843734629454 -0.1354578132685274
v 0.41045781326852737 1.9415843734629454 -0.1354578132685274
v 0.33954218673147263 2.083415626537055 -0.0645421867314726
v 0.41045781326852737 2.083415626537055 -0.0645421867314726
v 0.33954218673147263 1.9415843734629454 -0.0645421867314726
v 0.41045781326852737 1.9415843734629454 -0.0645421867314726
v 0.41045781326852737 2.083415626537055 -0.1354578132685274
v 0.33954218673147263 2.083415626537055 -0.1354578132685274
v 0.41045781326852737 1.9415843734629454 -0.1354578132685274
v 0.33954218673147263 1.9415843734629454 -0.1354578132685274
vt 0.8125 0.8125
vt 0.875 0.8125
vt 0.8125 0.6875
vt 0.875 0.6875
vt 0.8125 0.8125
vt 0.875 0.8125
vt 0.8125 0.6875
vt 0.875 0.6875
vt 0.8125 0.75
vt 0.875 0.75
vt 0.8125 0.6875
vt 0.875 0.6875
vt 0.8125 0.75
vt 0.875 0.75
vt 0.8125 0.6875
vt 0.875 0.6875
vt 0.8125 0.8125
vt 0.875 0.8125
vt 0.8125 0.6875
vt 0.875 0.6875
vt 0.8125 0.8125
vt 0.875 0.8125
vt 0.8125 0.6875
vt 0.875 0.6875
vn 1 0 0
vn 1 0 0
vn 1 0 0
vn 1 0 0
vn -1 0 0
vn -1 0 0
vn -1 0 0
vn -1 0 0
vn 0 1 0
vn 0 1 0
vn 0 1 0
vn 0 1 0
vn 0 -1 0
vn 0 -1 0
vn 0 -1 0
vn 0 -1 0
vn 0 0 1
vn 0 0 1
vn 0 0 1
vn 0 0 1
vn 0 0 -1
vn 0 0 -1
vn 0 0 -1
vn 0 0 -1
f 2497/2497/2497 2499/2499/2499 2498/2498/2498
f 2499/2499/2499 2500/2500/2500 2498/2498/2498
f 2501/2501/2501 2503/2503/2503 2502/2502/2502
f 2503/2503/2503 2504/2504/2504 2502/2502/2502
f 2505/2505/2505 2507/2507/2507 2506/2506/2506
f 2507/2507/2507 2508/2508/2508 2506/2506/2506
f 2509/2509/2509 2511/2511/2511 2510/2510/2510
f 2511/2511/2511 2512/2512/2512 2510/2510/2510
f 2513/2513/2513 2515/2515/2515 2514/2514/2514
f 2515/2515/2515 2516/2516/2516 2514/2514/2514
f 2517/2517/2517 2519/2519/2519 2518/2518/2518
f 2519/2519/2519 2520/2520/2520 2518/2518/2518
o skull_67
usemtl grave_bone
v 0.40952968824841085 2.0815593764968217 -0.06547031175158918
v 0.40952968824841085 2.0815593764968217 -0.13452968824841083
v 0.40952968824841085 1.9434406235031785 -0.06547031175158918
v 0.40952968824841085 1.9434406235031785 -0.13452968824841083
v 0.34047031175158915 2.0815593764968217 -0.13452968824841083
v 0.34047031175158915 2.0815593764968217 -0.06547031175158918
v 0.34047031175158915 1.9434406235031785 -0.13452968824841083
v 0.34047031175158915 1.9434406235031785 -0.06547031175158918
v 0.34047031175158915 2.0815593764968217 -0.13452968824841083
v 0.40952968824841085 2.0815593764968217 -0.13452968824841083
v 0.34047031175158915 2.0815593764968217 -0.06547031175158918
v 0.40952968824841085 2.0815593764968217 -0.06547031175158918
v 0.34047031175158915 1.9434406235031785 -0.06547031175158918
v 0.40952968824841085 1.9434406235031785 -0.06547031175158918
v 0.34047031175158915 1.9434406235031785 -0.13452968824841083
v 0.40952968824841085 1.9434406235031785 -0.13452968824841083
v 0.34047031175158915 2.0815593764968217 -0.06547031175158918
v 0.40952968824841085 2.0815593764968217 -0.06547031175158918
v 0.34047031175158915 1.9434406235031785 -0.06547031175158918
v 0.40952968824841085 1.9434406235031785 -0.06547031175158918
v 0.40952968824841085 2.0815593764968217 -0.13452968824841083
v 0.34047031175158915 2.0815593764968217 -0.13452968824841083
v 0.40952968824841085 1.9434406235031785 -0.13452968824841083
v 0.34047031175158915 1.9434406235031785 -0.13452968824841083
vt 0.8125 0.8125
vt 0.875 0.8125
vt 0.8125 0.6875
vt 0.875 0.6875
vt 0.8125 0.8125
vt 0.875 0.8125
vt 0.8125 0.6875
vt 0.875 0.6875
vt 0.8125 0.75
vt 0.875 0.75
vt 0.8125 0.6875
vt 0.875 0.6875
vt 0.8125 0.75
vt 0.875 0.75
vt 0.8125 0.6875
vt 0.875 0.6875
vt 0.8125 0.8125
vt 0.875 0.8125
vt 0.8125 0.6875
vt 0.875 0.6875
vt 0.8125 0.8125
vt 0.875 0.8125
vt 0.8125 0.6875
vt 0.875 0.6875
vn 1 0 0
vn 1 0 0
vn 1 0 0
vn 1 0 0
vn -1 0 0
vn -1 0 0
vn -1 0 0
vn -1 0 0
vn 0 1 0
vn 0 1 0
vn 0 1 0
vn 0 1 0
vn 0 -1 0
vn 0 -1 0
vn 0 -1 0
vn 0 -1 0
vn 0 0 1
vn 0 0 1
vn 0 0 1
vn 0 0 1
vn 0 0 -1
vn 0 0 -1
vn 0 0 -1
vn 0 0 -1
f 2521/2521/2521 2523/2523/2523 2522/2522/2522
f 2523/2523/2523 2524/2524/2524 2522/2522/2522
f 2525/2525/2525 2527/2527/2527 2526/2526/2526
f 2527/2527/2527 2528/2528/2528 2526/2526/2526
f 2529/2529/2529 2531/2531/2531 2530/2530/2530
f 2531/2531/2531 2532/2532/2532 2530/2530/2530
f 2533/2533/2533 2535/2535/2535 2534/2534/2534
f 2535/2535/2535 2536/2536/2536 2534/2534/2534
f 2537/2537/2537 2539/2539/2539 2538/2538/2538
f 2539/2539/2539 2540/2540/2540 2538/2538/2538
f 2541/2541/2541 2543/2543/2543 2542/2542/2542
f 2543/2543/2543 2544/2544/2544 2542/2542/2542
o skull_67_back
usemtl grave_bone
v 0.40952968824841085 2.0815593764968217 0.13452968824841083
v 0.40952968824841085 2.0815593764968217 0.06547031175158918
v 0.40952968824841085 1.9434406235031785 0.13452968824841083
v 0.40952968824841085 1.9434406235031785 0.06547031175158918
v 0.34047031175158915 2.0815593764968217 0.06547031175158918
v 0.34047031175158915 2.0815593764968217 0.13452968824841083
v 0.34047031175158915 1.9434406235031785 0.06547031175158918
v 0.34047031175158915 1.9434406235031785 0.13452968824841083
v 0.34047031175158915 2.0815593764968217 0.06547031175158918
v 0.40952968824841085 2.0815593764968217 0.06547031175158918
v 0.34047031175158915 2.0815593764968217 0.13452968824841083
v 0.40952968824841085 2.0815593764968217 0.13452968824841083
v 0.34047031175158915 1.9434406235031785 0.13452968824841083
v 0.40952968824841085 1.9434406235031785 0.13452968824841083
v 0.34047031175158915 1.9434406235031785 0.06547031175158918
v 0.40952968824841085 1.9434406235031785 0.06547031175158918
v 0.34047031175158915 2.0815593764968217 0.13452968824841083
v 0.40952968824841085 2.0815593764968217 0.13452968824841083
v 0.34047031175158915 1.9434406235031785 0.13452968824841083
v 0.40952968824841085 1.9434406235031785 0.13452968824841083
v 0.40952968824841085 2.0815593764968217 0.06547031175158918
v 0.34047031175158915 2.0815593764968217 0.06547031175158918
v 0.40952968824841085 1.9434406235031785 0.06547031175158918
v 0.34047031175158915 1.9434406235031785 0.06547031175158918
vt 0.8125 0.8125
vt 0.875 0.8125
vt 0.8125 0.6875
vt 0.875 0.6875
vt 0.8125 0.8125
vt 0.875 0.8125
vt 0.8125 0.6875
vt 0.875 0.6875
vt 0.8125 0.75
vt 0.875 0.75
vt 0.8125 0.6875
vt 0.875 0.6875
vt 0.8125 0.75
vt 0.875 0.75
vt 0.8125 0.6875
vt 0.875 0.6875
vt 0.8125 0.8125
vt 0.875 0.8125
vt 0.8125 0.6875
vt 0.875 0.6875
vt 0.8125 0.8125
vt 0.875 0.8125
vt 0.8125 0.6875
vt 0.875 0.6875
vn 1 0 0
vn 1 0 0
vn 1 0 0
vn 1 0 0
vn -1 0 0
vn -1 0 0
vn -1 0 0
vn -1 0 0
vn 0 1 0
vn 0 1 0
vn 0 1 0
vn 0 1 0
vn 0 -1 0
vn 0 -1 0
vn 0 -1 0
vn 0 -1 0
vn 0 0 1
vn 0 0 1
vn 0 0 1
vn 0 0 1
vn 0 0 -1
vn 0 0 -1
vn 0 0 -1
vn 0 0 -1
f 2545/2545/2545 2547/2547/2547 2546/2546/2546
f 2547/2547/2547 2548/2548/2548 2546/2546/2546
f 2549/2549/2549 2551/2551/2551 2550/2550/2550
f 2551/2551/2551 2552/2552/2552 2550/2550/2550
f 2553/2553/2553 2555/2555/2555 2554/2554/2554
f 2555/2555/2555 2556/2556/2556 2554/2554/2554
f 2557/2557/2557 2559/2559/2559 2558/2558/2558
f 2559/2559/2559 2560/2560/2560 2558/2558/2558
f 2561/2561/2561 2563/2563/2563 2562/2562/2562
f 2563/2563/2563 2564/2564/2564 2562/2562/2562
f 2565/2565/2565 2567/2567/2567 2566/2566/2566
f 2567/2567/2567 2568/2568/2568 2566/2566/2566
o skull_68
usemtl grave_bone
v 0.5606125007718802 2.0837250015437605 0.13561250077188014
v 0.5606125007718802 2.0837250015437605 0.06438749922811986
v 0.5606125007718802 1.9412749984562399 0.13561250077188014
v 0.5606125007718802 1.9412749984562399 0.06438749922811986
v 0.48938749922811986 2.0837250015437605 0.06438749922811986
v 0.48938749922811986 2.0837250015437605 0.13561250077188014
v 0.48938749922811986 1.9412749984562399 0.06438749922811986
v 0.48938749922811986 1.9412749984562399 0.13561250077188014
v 0.48938749922811986 2.0837250015437605 0.06438749922811986
v 0.5606125007718802 2.0837250015437605 0.06438749922811986
v 0.48938749922811986 2.0837250015437605 0.13561250077188014
v 0.5606125007718802 2.0837250015437605 0.13561250077188014
v 0.48938749922811986 1.9412749984562399 0.13561250077188014
v 0.5606125007718802 1.9412749984562399 0.13561250077188014
v 0.48938749922811986 1.9412749984562399 0.06438749922811986
v 0.5606125007718802 1.9412749984562399 0.06438749922811986
v 0.48938749922811986 2.0837250015437605 0.13561250077188014
v 0.5606125007718802 2.0837250015437605 0.13561250077188014
v 0.48938749922811986 1.9412749984562399 0.13561250077188014
v 0.5606125007718802 1.9412749984562399 0.13561250077188014
v 0.5606125007718802 2.0837250015437605 0.06438749922811986
v 0.48938749922811986 2.0837250015437605 0.06438749922811986
v 0.5606125007718802 1.9412749984562399 0.06438749922811986
v 0.48938749922811986 1.9412749984562399 0.06438749922811986
vt 0.8125 0.8125
vt 0.875 0.8125
vt 0.8125 0.6875
vt 0.875 0.6875
vt 0.8125 0.8125
vt 0.875 0.8125
vt 0.8125 0.6875
vt 0.875 0.6875
vt 0.8125 0.75
vt 0.875 0.75
vt 0.8125 0.6875
vt 0.875 0.6875
vt 0.8125 0.75
vt 0.875 0.75
vt 0.8125 0.6875
vt 0.875 0.6875
vt 0.8125 0.8125
vt 0.875 0.8125
vt 0.8125 0.6875
vt 0.875 0.6875
vt 0.8125 0.8125
vt 0.875 0.8125
vt 0.8125 0.6875
vt 0.875 0.6875
vn 1 0 0
vn 1 0 0
vn 1 0 0
vn 1 0 0
vn -1 0 0
vn -1 0 0
vn -1 0 0
vn -1 0 0
vn 0 1 0
vn 0 1 0
vn 0 1 0
vn 0 1 0
vn 0 -1 0
vn 0 -1 0
vn 0 -1 0
vn 0 -1 0
vn 0 0 1
vn 0 0 1
vn 0 0 1
vn 0 0 1
vn 0 0 -1
vn 0 0 -1
vn 0 0 -1
vn 0 0 -1
f 2569/2569/2569 2571/2571/2571 2570/2570/2570
f 2571/2571/2571 2572/2572/2572 2570/2570/2570
f 2573/2573/2573 2575/2575/2575 2574/2574/2574
f 2575/2575/2575 2576/2576/2576 2574/2574/2574
f 2577/2577/2577 2579/2579/2579 2578/2578/2578
f 2579/2579/2579 2580/2580/2580 2578/2578/2578
f 2581/2581/2581 2583/2583/2583 2582/2582/2582
f 2583/2583/2583 2584/2584/2584 2582/2582/2582
f 2585/2585/2585 2587/2587/2587 2586/2586/2586
f 2587/2587/2587 2588/2588/2588 2586/2586/2586
f 2589/2589/2589 2591/2591/2591 2590/2590/2590
f 2591/2591/2591 2592/2592/2592 2590/2590/2590
o skull_68_back
usemtl grave_bone
v 0.5606125007718802 2.0837250015437605 -0.06438749922811986
v 0.5606125007718802 2.0837250015437605 -0.13561250077188014
v 0.5606125007718802 1.9412749984562399 -0.06438749922811986
v 0.5606125007718802 1.9412749984562399 -0.13561250077188014
v 0.48938749922811986 2.0837250015437605 -0.13561250077188014
v 0.48938749922811986 2.0837250015437605 -0.06438749922811986
v 0.48938749922811986 1.9412749984562399 -0.13561250077188014
v 0.48938749922811986 1.9412749984562399 -0.06438749922811986
v 0.48938749922811986 2.0837250015437605 -0.13561250077188014
v 0.5606125007718802 2.0837250015437605 -0.13561250077188014
v 0.48938749922811986 2.0837250015437605 -0.06438749922811986
v 0.5606125007718802 2.0837250015437605 -0.06438749922811986
v 0.48938749922811986 1.9412749984562399 -0.06438749922811986
v 0.5606125007718802 1.9412749984562399 -0.06438749922811986
v 0.48938749922811986 1.9412749984562399 -0.13561250077188014
v 0.5606125007718802 1.9412749984562399 -0.13561250077188014
v 0.48938749922811986 2.0837250015437605 -0.06438749922811986
v 0.5606125007718802 2.0837250015437605 -0.06438749922811986
v 0.48938749922811986 1.9412749984562399 -0.06438749922811986
v 0.5606125007718802 1.9412749984562399 -0.06438749922811986
v 0.5606125007718802 2.0837250015437605 -0.13561250077188014
v 0.48938749922811986 2.0837250015437605 -0.13561250077188014
v 0.5606125007718802 1.9412749984562399 -0.13561250077188014
v 0.48938749922811986 1.9412749984562399 -0.13561250077188014
vt 0.8125 0.8125
vt 0.875 0.8125
vt 0.8125 0.6875
vt 0.875 0.6875
vt 0.8125 0.8125
vt 0.875 0.8125
vt 0.8125 0.6875
vt 0.875 0.6875
vt 0.8125 0.75
vt 0.875 0.75
vt 0.8125 0.6875
vt 0.875 0.6875
vt 0.8125 0.75
vt 0.875 0.75
vt 0.8125 0.6875
vt 0.875 0.6875
vt 0.8125 0.8125
vt 0.875 0.8125
vt 0.8125 0.6875
vt 0.875 0.6875
vt 0.8125 0.8125
vt 0.875 0.8125
vt 0.8125 0.6875
vt 0.875 0.6875
vn 1 0 0
vn 1 0 0
vn 1 0 0
vn 1 0 0
vn -1 0 0
vn -1 0 0
vn -1 0 0
vn -1 0 0
vn 0 1 0
vn 0 1 0
vn 0 1 0
vn 0 1 0
vn 0 -1 0
vn 0 -1 0
vn 0 -1 0
vn 0 -1 0
vn 0 0 1
vn 0 0 1
vn 0 0 1
vn 0 0 1
vn 0 0 -1
vn 0 0 -1
vn 0 0 -1
vn 0 0 -1
f 2593/2593/2593 2595/2595/2595 2594/2594/2594
f 2595/2595/2595 2596/2596/2596 2594/2594/2594
f 2597/2597/2597 2599/2599/2599 2598/2598/2598
f 2599/2599/2599 2600/2600/2600 2598/2598/2598
f 2601/2601/2601 2603/2603/2603 2602/2602/2602
f 2603/2603/2603 2604/2604/2604 2602/2602/2602
f 2605/2605/2605 2607/2607/2607 2606/2606/2606
f 2607/2607/2607 2608/2608/2608 2606/2606/2606
f 2609/2609/2609 2611/2611/2611 2610/2610/2610
f 2611/2611/2611 2612/2612/2612 2610/2610/2610
f 2613/2613/2613 2615/2615/2615 2614/2614/2614
f 2615/2615/2615 2616/2616/2616 2614/2614/2614
o skull_69
usemtl grave_bone
v 0.5596843757517636 2.0818687515035275 -0.06531562424823642
v 0.5596843757517636 2.0818687515035275 -0.1346843757517636
v 0.5596843757517636 1.9431312484964731 -0.06531562424823642
v 0.5596843757517636 1.9431312484964731 -0.1346843757517636
v 0.49031562424823644 2.0818687515035275 -0.1346843757517636
v 0.49031562424823644 2.0818687515035275 -0.06531562424823642
v 0.49031562424823644 1.9431312484964731 -0.1346843757517636
v 0.49031562424823644 1.9431312484964731 -0.06531562424823642
v 0.49031562424823644 2.0818687515035275 -0.1346843757517636
v 0.5596843757517636 2.0818687515035275 -0.1346843757517636
v 0.49031562424823644 2.0818687515035275 -0.06531562424823642
v 0.5596843757517636 2.0818687515035275 -0.06531562424823642
v 0.49031562424823644 1.9431312484964731 -0.06531562424823642
v 0.5596843757517636 1.9431312484964731 -0.06531562424823642
v 0.49031562424823644 1.9431312484964731 -0.1346843757517636
v 0.5596843757517636 1.9431312484964731 -0.1346843757517636
v 0.49031562424823644 2.0818687515035275 -0.06531562424823642
v 0.5596843757517636 2.0818687515035275 -0.06531562424823642
v 0.49031562424823644 1.9431312484964731 -0.06531562424823642
v 0.5596843757517636 1.9431312484964731 -0.06531562424823642
v 0.5596843757517636 2.0818687515035275 -0.1346843757517636
v 0.49031562424823644 2.0818687515035275 -0.1346843757517636
v 0.5596843757517636 1.9431312484964731 -0.1346843757517636
v 0.49031562424823644 1.9431312484964731 -0.1346843757517636
vt 0.8125 0.8125
vt 0.875 0.8125
vt 0.8125 0.6875
vt 0.875 0.6875
vt 0.8125 0.8125
vt 0.875 0.8125
vt 0.8125 0.6875
vt 0.875 0.6875
vt 0.8125 0.75
vt 0.875 0.75
vt 0.8125 0.6875
vt 0.875 0.6875
vt 0.8125 0.75
vt 0.875 0.75
vt 0.8125 0.6875
vt 0.875 0.6875
vt 0.8125 0.8125
vt 0.875 0.8125
vt 0.8125 0.6875
vt 0.875 0.6875
vt 0.8125 0.8125
vt 0.875 0.8125
vt 0.8125 0.6875
vt 0.875 0.6875
vn 0.9999999999999999 0 0
vn 0.9999999999999999 0 0
vn 0.9999999999999999 0 0
vn 0.9999999999999999 0 0
vn -0.9999999999999999 0 0
vn -0.9999999999999999 0 0
vn -0.9999999999999999 0 0
vn -0.9999999999999999 0 0
vn 0 0.9999999999999999 0
vn 0 0.9999999999999999 0
vn 0 0.9999999999999999 0
vn 0 0.9999999999999999 0
vn 0 -0.9999999999999999 0
vn 0 -0.9999999999999999 0
vn 0 -0.9999999999999999 0
vn 0 -0.9999999999999999 0
vn 0 0 0.9999999999999999
vn 0 0 0.9999999999999999
vn 0 0 0.9999999999999999
vn 0 0 0.9999999999999999
vn 0 0 -0.9999999999999999
vn 0 0 -0.9999999999999999
vn 0 0 -0.9999999999999999
vn 0 0 -0.9999999999999999
f 2617/2617/2617 2619/2619/2619 2618/2618/2618
f 2619/2619/2619 2620/2620/2620 2618/2618/2618
f 2621/2621/2621 2623/2623/2623 2622/2622/2622
f 2623/2623/2623 2624/2624/2624 2622/2622/2622
f 2625/2625/2625 2627/2627/2627 2626/2626/2626
f 2627/2627/2627 2628/2628/2628 2626/2626/2626
f 2629/2629/2629 2631/2631/2631 2630/2630/2630
f 2631/2631/2631 2632/2632/2632 2630/2630/2630
f 2633/2633/2633 2635/2635/2635 2634/2634/2634
f 2635/2635/2635 2636/2636/2636 2634/2634/2634
f 2637/2637/2637 2639/2639/2639 2638/2638/2638
f 2639/2639/2639 2640/2640/2640 2638/2638/2638
o skull_69_back
usemtl grave_bone
v 0.5596843757517636 2.0818687515035275 0.1346843757517636
v 0.5596843757517636 2.0818687515035275 0.06531562424823642
v 0.5596843757517636 1.9431312484964731 0.1346843757517636
v 0.5596843757517636 1.9431312484964731 0.06531562424823642
v 0.49031562424823644 2.0818687515035275 0.06531562424823642
v 0.49031562424823644 2.0818687515035275 0.1346843757517636
v 0.49031562424823644 1.9431312484964731 0.06531562424823642
v 0.49031562424823644 1.9431312484964731 0.1346843757517636
v 0.49031562424823644 2.0818687515035275 0.06531562424823642
v 0.5596843757517636 2.0818687515035275 0.06531562424823642
v 0.49031562424823644 2.0818687515035275 0.1346843757517636
v 0.5596843757517636 2.0818687515035275 0.1346843757517636
v 0.49031562424823644 1.9431312484964731 0.1346843757517636
v 0.5596843757517636 1.9431312484964731 0.1346843757517636
v 0.49031562424823644 1.9431312484964731 0.06531562424823642
v 0.5596843757517636 1.9431312484964731 0.06531562424823642
v 0.49031562424823644 2.0818687515035275 0.1346843757517636
v 0.5596843757517636 2.0818687515035275 0.1346843757517636
v 0.49031562424823644 1.9431312484964731 0.1346843757517636
v 0.5596843757517636 1.9431312484964731 0.1346843757517636
v 0.5596843757517636 2.0818687515035275 0.06531562424823642
v 0.49031562424823644 2.0818687515035275 0.06531562424823642
v 0.5596843757517636 1.9431312484964731 0.06531562424823642
v 0.49031562424823644 1.9431312484964731 0.06531562424823642
vt 0.8125 0.8125
vt 0.875 0.8125
vt 0.8125 0.6875
vt 0.875 0.6875
vt 0.8125 0.8125
vt 0.875 0.8125
vt 0.8125 0.6875
vt 0.875 0.6875
vt 0.8125 0.75
vt 0.875 0.75
vt 0.8125 0.6875
vt 0.875 0.6875
vt 0.8125 0.75
vt 0.875 0.75
vt 0.8125 0.6875
vt 0.875 0.6875
vt 0.8125 0.8125
vt 0.875 0.8125
vt 0.8125 0.6875
vt 0.875 0.6875
vt 0.8125 0.8125
vt 0.875 0.8125
vt 0.8125 0.6875
vt 0.875 0.6875
vn 0.9999999999999999 0 0
vn 0.9999999999999999 0 0
vn 0.9999999999999999 0 0
vn 0.9999999999999999 0 0
vn -0.9999999999999999 0 0
vn -0.9999999999999999 0 0
vn -0.9999999999999999 0 0
vn -0.9999999999999999 0 0
vn 0 0.9999999999999999 0
vn 0 0.9999999999999999 0
vn 0 0.9999999999999999 0
vn 0 0.9999999999999999 0
vn 0 -0.9999999999999999 0
vn 0 -0.9999999999999999 0
vn 0 -0.9999999999999999 0
vn 0 -0.9999999999999999 0
vn 0 0 0.9999999999999999
vn 0 0 0.9999999999999999
vn 0 0 0.9999999999999999
vn 0 0 0.9999999999999999
vn 0 0 -0.9999999999999999
vn 0 0 -0.9999999999999999
vn 0 0 -0.9999999999999999
vn 0 0 -0.9999999999999999
f 2641/2641/2641 2643/2643/2643 2642/2642/2642
f 2643/2643/2643 2644/2644/2644 2642/2642/2642
f 2645/2645/2645 2647/2647/2647 2646/2646/2646
f 2647/2647/2647 2648/2648/2648 2646/2646/2646
f 2649/2649/2649 2651/2651/2651 2650/2650/2650
f 2651/2651/2651 2652/2652/2652 2650/2650/2650
f 2653/2653/2653 2655/2655/2655 2654/2654/2654
f 2655/2655/2655 2656/2656/2656 2654/2654/2654
f 2657/2657/2657 2659/2659/2659 2658/2658/2658
f 2659/2659/2659 2660/2660/2660 2658/2658/2658
f 2661/2661/2661 2663/2663/2663 2662/2662/2662
f 2663/2663/2663 2664/2664/2664 2662/2662/2662
o skull_70
usemtl grave_bone
v 0.710767188275233 2.084034376550466 0.13576718827523293
v 0.710767188275233 2.084034376550466 0.0642328117247671
v 0.710767188275233 1.9409656234495343 0.13576718827523293
v 0.710767188275233 1.9409656234495343 0.0642328117247671
v 0.6392328117247671 2.084034376550466 0.0642328117247671
v 0.6392328117247671 2.084034376550466 0.13576718827523293
v 0.6392328117247671 1.9409656234495343 0.0642328117247671
v 0.6392328117247671 1.9409656234495343 0.13576718827523293
v 0.6392328117247671 2.084034376550466 0.0642328117247671
v 0.710767188275233 2.084034376550466 0.0642328117247671
v 0.6392328117247671 2.084034376550466 0.13576718827523293
v 0.710767188275233 2.084034376550466 0.13576718827523293
v 0.6392328117247671 1.9409656234495343 0.13576718827523293
v 0.710767188275233 1.9409656234495343 0.13576718827523293
v 0.6392328117247671 1.9409656234495343 0.0642328117247671
v 0.710767188275233 1.9409656234495343 0.0642328117247671
v 0.6392328117247671 2.084034376550466 0.13576718827523293
v 0.710767188275233 2.084034376550466 0.13576718827523293
v 0.6392328117247671 1.9409656234495343 0.13576718827523293
v 0.710767188275233 1.9409656234495343 0.13576718827523293
v 0.710767188275233 2.084034376550466 0.0642328117247671
v 0.6392328117247671 2.084034376550466 0.0642328117247671
v 0.710767188275233 1.9409656234495343 0.0642328117247671
v 0.6392328117247671 1.9409656234495343 0.0642328117247671
vt 0.8125 0.8125
vt 0.875 0.8125
vt 0.8125 0.6875
vt 0.875 0.6875
vt 0.8125 0.8125
vt 0.875 0.8125
vt 0.8125 0.6875
vt 0.875 0.6875
vt 0.8125 0.75
vt 0.875 0.75
vt 0.8125 0.6875
vt 0.875 0.6875
vt 0.8125 0.75
vt 0.875 0.75
vt 0.8125 0.6875
vt 0.875 0.6875
vt 0.8125 0.8125
vt 0.875 0.8125
vt 0.8125 0.6875
vt 0.875 0.6875
vt 0.8125 0.8125
vt 0.875 0.8125
vt 0.8125 0.6875
vt 0.875 0.6875
vn 1 0 0
vn 1 0 0
vn 1 0 0
vn 1 0 0
vn -1 0 0
vn -1 0 0
vn -1 0 0
vn -1 0 0
vn 0 1 0
vn 0 1 0
vn 0 1 0
vn 0 1 0
vn 0 -1 0
vn 0 -1 0
vn 0 -1 0
vn 0 -1 0
vn 0 0 1
vn 0 0 1
vn 0 0 1
vn 0 0 1
vn 0 0 -1
vn 0 0 -1
vn 0 0 -1
vn 0 0 -1
f 2665/2665/2665 2667/2667/2667 2666/2666/2666
f 2667/2667/2667 2668/2668/2668 2666/2666/2666
f 2669/2669/2669 2671/2671/2671 2670/2670/2670
f 2671/2671/2671 2672/2672/2672 2670/2670/2670
f 2673/2673/2673 2675/2675/2675 2674/2674/2674
f 2675/2675/2675 2676/2676/2676 2674/2674/2674
f 2677/2677/2677 2679/2679/2679 2678/2678/2678
f 2679/2679/2679 2680/2680/2680 2678/2678/2678
f 2681/2681/2681 2683/2683/2683 2682/2682/2682
f 2683/2683/2683 2684/2684/2684 2682/2682/2682
f 2685/2685/2685 2687/2687/2687 2686/2686/2686
f 2687/2687/2687 2688/2688/2688 2686/2686/2686
o skull_70_back
usemtl grave_bone
v 0.710767188275233 2.084034376550466 -0.0642328117247671
v 0.710767188275233 2.084034376550466 -0.13576718827523293
v 0.710767188275233 1.9409656234495343 -0.0642328117247671
v 0.710767188275233 1.9409656234495343 -0.13576718827523293
v 0.6392328117247671 2.084034376550466 -0.13576718827523293
v 0.6392328117247671 2.084034376550466 -0.0642328117247671
v 0.6392328117247671 1.9409656234495343 -0.13576718827523293
v 0.6392328117247671 1.9409656234495343 -0.0642328117247671
v 0.6392328117247671 2.084034376550466 -0.13576718827523293
v 0.710767188275233 2.084034376550466 -0.13576718827523293
v 0.6392328117247671 2.084034376550466 -0.0642328117247671
v 0.710767188275233 2.084034376550466 -0.0642328117247671
v 0.6392328117247671 1.9409656234495343 -0.0642328117247671
v 0.710767188275233 1.9409656234495343 -0.0642328117247671
v 0.6392328117247671 1.9409656234495343 -0.13576718827523293
v 0.710767188275233 1.9409656234495343 -0.13576718827523293
v 0.6392328117247671 2.084034376550466 -0.0642328117247671
v 0.710767188275233 2.084034376550466 -0.0642328117247671
v 0.6392328117247671 1.9409656234495343 -0.0642328117247671
v 0.710767188275233 1.9409656234495343 -0.0642328117247671
v 0.710767188275233 2.084034376550466 -0.13576718827523293
v 0.6392328117247671 2.084034376550466 -0.13576718827523293
v 0.710767188275233 1.9409656234495343 -0.13576718827523293
v 0.6392328117247671 1.9409656234495343 -0.13576718827523293
vt 0.8125 0.8125
vt 0.875 0.8125
vt 0.8125 0.6875
vt 0.875 0.6875
vt 0.8125 0.8125
vt 0.875 0.8125
vt 0.8125 0.6875
vt 0.875 0.6875
vt 0.8125 0.75
vt 0.875 0.75
vt 0.8125 0.6875
vt 0.875 0.6875
vt 0.8125 0.75
vt 0.875 0.75
vt 0.8125 0.6875
vt 0.875 0.6875
vt 0.8125 0.8125
vt 0.875 0.8125
vt 0.8125 0.6875
vt 0.875 0.6875
vt 0.8125 0.8125
vt 0.875 0.8125
vt 0.8125 0.6875
vt 0.875 0.6875
vn 1 0 0
vn 1 0 0
vn 1 0 0
vn 1 0 0
vn -1 0 0
vn -1 0 0
vn -1 0 0
vn -1 0 0
vn 0 1 0
vn 0 1 0
vn 0 1 0
vn 0 1 0
vn 0 -1 0
vn 0 -1 0
vn 0 -1 0
vn 0 -1 0
vn 0 0 1
vn 0 0 1
vn 0 0 1
vn 0 0 1
vn 0 0 -1
vn 0 0 -1
vn 0 0 -1
vn 0 0 -1
f 2689/2689/2689 2691/2691/2691 2690/2690/2690
f 2691/2691/2691 2692/2692/2692 2690/2690/2690
f 2693/2693/2693 2695/2695/2695 2694/2694/2694
f 2695/2695/2695 2696/2696/2696 2694/2694/2694
f 2697/2697/2697 2699/2699/2699 2698/2698/2698
f 2699/2699/2699 2700/2700/2700 2698/2698/2698
f 2701/2701/2701 2703/2703/2703 2702/2702/2702
f 2703/2703/2703 2704/2704/2704 2702/2702/2702
f 2705/2705/2705 2707/2707/2707 2706/2706/2706
f 2707/2707/2707 2708/2708/2708 2706/2706/2706
f 2709/2709/2709 2711/2711/2711 2710/2710/2710
f 2711/2711/2711 2712/2712/2712 2710/2710/2710
o skull_71
usemtl grave_bone
v 0.7098390632551164 2.082178126510233 -0.06516093674488366
v 0.7098390632551164 2.082178126510233 -0.13483906325511635
v 0.7098390632551164 1.9428218734897675 -0.06516093674488366
v 0.7098390632551164 1.9428218734897675 -0.13483906325511635
v 0.6401609367448837 2.082178126510233 -0.13483906325511635
v 0.6401609367448837 2.082178126510233 -0.06516093674488366
v 0.6401609367448837 1.9428218734897675 -0.13483906325511635
v 0.6401609367448837 1.9428218734897675 -0.06516093674488366
v 0.6401609367448837 2.082178126510233 -0.13483906325511635
v 0.7098390632551164 2.082178126510233 -0.13483906325511635
v 0.6401609367448837 2.082178126510233 -0.06516093674488366
v 0.7098390632551164 2.082178126510233 -0.06516093674488366
v 0.6401609367448837 1.9428218734897675 -0.06516093674488366
v 0.7098390632551164 1.9428218734897675 -0.06516093674488366
v 0.6401609367448837 1.9428218734897675 -0.13483906325511635
v 0.7098390632551164 1.9428218734897675 -0.13483906325511635
v 0.6401609367448837 2.082178126510233 -0.06516093674488366
v 0.7098390632551164 2.082178126510233 -0.06516093674488366
v 0.6401609367448837 1.9428218734897675 -0.06516093674488366
v 0.7098390632551164 1.9428218734897675 -0.06516093674488366
v 0.7098390632551164 2.082178126510233 -0.13483906325511635
v 0.6401609367448837 2.082178126510233 -0.13483906325511635
v 0.7098390632551164 1.9428218734897675 -0.13483906325511635
v 0.6401609367448837 1.9428218734897675 -0.13483906325511635
vt 0.8125 0.8125
vt 0.875 0.8125
vt 0.8125 0.6875
vt 0.875 0.6875
vt 0.8125 0.8125
vt 0.875 0.8125
vt 0.8125 0.6875
vt 0.875 0.6875
vt 0.8125 0.75
vt 0.875 0.75
vt 0.8125 0.6875
vt 0.875 0.6875
vt 0.8125 0.75
vt 0.875 0.75
vt 0.8125 0.6875
vt 0.875 0.6875
vt 0.8125 0.8125
vt 0.875 0.8125
vt 0.8125 0.6875
vt 0.875 0.6875
vt 0.8125 0.8125
vt 0.875 0.8125
vt 0.8125 0.6875
vt 0.875 0.6875
vn 1 0 0
vn 1 0 0
vn 1 0 0
vn 1 0 0
vn -1 0 0
vn -1 0 0
vn -1 0 0
vn -1 0 0
vn 0 1 0
vn 0 1 0
vn 0 1 0
vn 0 1 0
vn 0 -1 0
vn 0 -1 0
vn 0 -1 0
vn 0 -1 0
vn 0 0 1
vn 0 0 1
vn 0 0 1
vn 0 0 1
vn 0 0 -1
vn 0 0 -1
vn 0 0 -1
vn 0 0 -1
f 2713/2713/2713 2715/2715/2715 2714/2714/2714
f 2715/2715/2715 2716/2716/2716 2714/2714/2714
f 2717/2717/2717 2719/2719/2719 2718/2718/2718
f 2719/2719/2719 2720/2720/2720 2718/2718/2718
f 2721/2721/2721 2723/2723/2723 2722/2722/2722
f 2723/2723/2723 2724/2724/2724 2722/2722/2722
f 2725/2725/2725 2727/2727/2727 2726/2726/2726
f 2727/2727/2727 2728/2728/2728 2726/2726/2726
f 2729/2729/2729 2731/2731/2731 2730/2730/2730
f 2731/2731/2731 2732/2732/2732 2730/2730/2730
f 2733/2733/2733 2735/2735/2735 2734/2734/2734
f 2735/2735/2735 2736/2736/2736 2734/2734/2734
o skull_71_back
usemtl grave_bone
v 0.7098390632551164 2.082178126510233 0.13483906325511635
v 0.7098390632551164 2.082178126510233 0.06516093674488366
v 0.7098390632551164 1.9428218734897675 0.13483906325511635
v 0.7098390632551164 1.9428218734897675 0.06516093674488366
v 0.6401609367448837 2.082178126510233 0.06516093674488366
v 0.6401609367448837 2.082178126510233 0.13483906325511635
v 0.6401609367448837 1.9428218734897675 0.06516093674488366
v 0.6401609367448837 1.9428218734897675 0.13483906325511635
v 0.6401609367448837 2.082178126510233 0.06516093674488366
v 0.7098390632551164 2.082178126510233 0.06516093674488366
v 0.6401609367448837 2.082178126510233 0.13483906325511635
v 0.7098390632551164 2.082178126510233 0.13483906325511635
v 0.6401609367448837 1.9428218734897675 0.13483906325511635
v 0.7098390632551164 1.9428218734897675 0.13483906325511635
v 0.6401609367448837 1.9428218734897675 0.06516093674488366
v 0.7098390632551164 1.9428218734897675 0.06516093674488366
v 0.6401609367448837 2.082178126510233 0.13483906325511635
v 0.7098390632551164 2.082178126510233 0.13483906325511635
v 0.6401609367448837 1.9428218734897675 0.13483906325511635
v 0.7098390632551164 1.9428218734897675 0.13483906325511635
v 0.7098390632551164 2.082178126510233 0.06516093674488366
v 0.6401609367448837 2.082178126510233 0.06516093674488366
v 0.7098390632551164 1.9428218734897675 0.06516093674488366
v 0.6401609367448837 1.9428218734897675 0.06516093674488366
vt 0.8125 0.8125
vt 0.875 0.8125
vt 0.8125 0.6875
vt 0.875 0.6875
vt 0.8125 0.8125
vt 0.875 0.8125
vt 0.8125 0.6875
vt 0.875 0.6875
vt 0.8125 0.75
vt 0.875 0.75
vt 0.8125 0.6875
vt 0.875 0.6875
vt 0.8125 0.75
vt 0.875 0.75
vt 0.8125 0.6875
vt 0.875 0.6875
vt 0.8125 0.8125
vt 0.875 0.8125
vt 0.8125 0.6875
vt 0.875 0.6875
vt 0.8125 0.8125
vt 0.875 0.8125
vt 0.8125 0.6875
vt 0.875 0.6875
vn 1 0 0
vn 1 0 0
vn 1 0 0
vn 1 0 0
vn -1 0 0
vn -1 0 0
vn -1 0 0
vn -1 0 0
vn 0 1 0
vn 0 1 0
vn 0 1 0
vn 0 1 0
vn 0 -1 0
vn 0 -1 0
vn 0 -1 0
vn 0 -1 0
vn 0 0 1
vn 0 0 1
vn 0 0 1
vn 0 0 1
vn 0 0 -1
vn 0 0 -1
vn 0 0 -1
vn 0 0 -1
f 2737/2737/2737 2739/2739/2739 2738/2738/2738
f 2739/2739/2739 2740/2740/2740 2738/2738/2738
f 2741/2741/2741 2743/2743/2743 2742/2742/2742
f 2743/2743/2743 2744/2744/2744 2742/2742/2742
f 2745/2745/2745 2747/2747/2747 2746/2746/2746
f 2747/2747/2747 2748/2748/2748 2746/2746/2746
f 2749/2749/2749 2751/2751/2751 2750/2750/2750
f 2751/2751/2751 2752/2752/2752 2750/2750/2750
f 2753/2753/2753 2755/2755/2755 2754/2754/2754
f 2755/2755/2755 2756/2756/2756 2754/2754/2754
f 2757/2757/2757 2759/2759/2759 2758/2758/2758
f 2759/2759/2759 2760/2760/2760 2758/2758/2758
o horn_L_72
usemtl grave_bone
v -0.24785033898922706 2.6501379434575862 0.2724062468856573
v -0.24785033898922706 2.6501379434575862 0.1025937531143427
v -0.08827879167506969 2.7082172369157402 0.2724062468856573
v -0.08827879167506969 2.7082172369157402 0.1025937531143427
v -0.17190048878163489 2.441467445001266 0.1025937531143427
v -0.17190048878163489 2.441467445001266 0.2724062468856573
v -0.012328941467477511 2.49954673845942 0.1025937531143427
v -0.012328941467477511 2.49954673845942 0.2724062468856573
v -0.17190048878163489 2.441467445001266 0.1025937531143427
v -0.24785033898922706 2.6501379434575862 0.1025937531143427
v -0.17190048878163489 2.441467445001266 0.2724062468856573
v -0.24785033898922706 2.6501379434575862 0.2724062468856573
v -0.012328941467477511 2.49954673845942 0.2724062468856573
v -0.08827879167506969 2.7082172369157402 0.2724062468856573
v -0.012328941467477511 2.49954673845942 0.1025937531143427
v -0.08827879167506969 2.7082172369157402 0.1025937531143427
v -0.17190048878163489 2.441467445001266 0.2724062468856573
v -0.24785033898922706 2.6501379434575862 0.2724062468856573
v -0.012328941467477511 2.49954673845942 0.2724062468856573
v -0.08827879167506969 2.7082172369157402 0.2724062468856573
v -0.24785033898922706 2.6501379434575862 0.1025937531143427
v -0.17190048878163489 2.441467445001266 0.1025937531143427
v -0.08827879167506969 2.7082172369157402 0.1025937531143427
v -0.012328941467477511 2.49954673845942 0.1025937531143427
vt 0.875 0.375
vt 1.0625 0.375
vt 0.875 0.1875
vt 1.0625 0.1875
vt 0.875 0.375
vt 1.0625 0.375
vt 0.875 0.1875
vt 1.0625 0.1875
vt 0.875 0.375
vt 1.0625 0.375
vt 0.875 0.1875
vt 1.0625 0.1875
vt 0.875 0.375
vt 1.0625 0.375
vt 0.875 0.1875
vt 1.0625 0.1875
vt 0.875 0.375
vt 1.0625 0.375
vt 0.875 0.1875
vt 1.0625 0.1875
vt 0.875 0.375
vt 1.0625 0.375
vt 0.875 0.1875
vt 1.0625 0.1875
vn -0.34202014332566866 0.9396926207859082 0
vn -0.34202014332566866 0.9396926207859082 0
vn -0.34202014332566866 0.9396926207859082 0
vn -0.34202014332566866 0.9396926207859082 0
vn 0.34202014332566866 -0.9396926207859082 0
vn 0.34202014332566866 -0.9396926207859082 0
vn 0.34202014332566866 -0.9396926207859082 0
vn 0.34202014332566866 -0.9396926207859082 0
vn -0.9396926207859082 -0.34202014332566866 0
vn -0.9396926207859082 -0.34202014332566866 0
vn -0.9396926207859082 -0.34202014332566866 0
vn -0.9396926207859082 -0.34202014332566866 0
vn 0.9396926207859082 0.34202014332566866 0
vn 0.9396926207859082 0.34202014332566866 0
vn 0.9396926207859082 0.34202014332566866 0
vn 0.9396926207859082 0.34202014332566866 0
vn 0 0 1
vn 0 0 1
vn 0 0 1
vn 0 0 1
vn 0 0 -1
vn 0 0 -1
vn 0 0 -1
vn 0 0 -1
f 2761/2761/2761 2763/2763/2763 2762/2762/2762
f 2763/2763/2763 2764/2764/2764 2762/2762/2762
f 2765/2765/2765 2767/2767/2767 2766/2766/2766
f 2767/2767/2767 2768/2768/2768 2766/2766/2766
f 2769/2769/2769 2771/2771/2771 2770/2770/2770
f 2771/2771/2771 2772/2772/2772 2770/2770/2770
f 2773/2773/2773 2775/2775/2775 2774/2774/2774
f 2775/2775/2775 2776/2776/2776 2774/2774/2774
f 2777/2777/2777 2779/2779/2779 2778/2778/2778
f 2779/2779/2779 2780/2780/2780 2778/2778/2778
f 2781/2781/2781 2783/2783/2783 2782/2782/2782
f 2783/2783/2783 2784/2784/2784 2782/2782/2782
o horn_L_73
usemtl old_bone
v -0.35510225697965647 2.720832983614436 0.2887375015169382
v -0.35510225697965647 2.720832983614436 0.14876249848306178
v -0.265128059363645 2.828060056864099 0.2887375015169382
v -0.265128059363645 2.828060056864099 0.14876249848306178
v -0.19913560603654845 2.5899614243321185 0.14876249848306178
v -0.19913560603654845 2.5899614243321185 0.2887375015169382
v -0.10916140842053694 2.6971884975817817 0.14876249848306178
v -0.10916140842053694 2.6971884975817817 0.2887375015169382
v -0.19913560603654845 2.5899614243321185 0.14876249848306178
v -0.35510225697965647 2.720832983614436 0.14876249848306178
v -0.19913560603654845 2.5899614243321185 0.2887375015169382
v -0.35510225697965647 2.720832983614436 0.2887375015169382
v -0.10916140842053694 2.6971884975817817 0.2887375015169382
v -0.265128059363645 2.828060056864099 0.2887375015169382
v -0.10916140842053694 2.6971884975817817 0.14876249848306178
v -0.265128059363645 2.828060056864099 0.14876249848306178
v -0.19913560603654845 2.5899614243321185 0.2887375015169382
v -0.35510225697965647 2.720832983614436 0.2887375015169382
v -0.10916140842053694 2.6971884975817817 0.2887375015169382
v -0.265128059363645 2.828060056864099 0.2887375015169382
v -0.35510225697965647 2.720832983614436 0.14876249848306178
v -0.19913560603654845 2.5899614243321185 0.14876249848306178
v -0.265128059363645 2.828060056864099 0.14876249848306178
v -0.10916140842053694 2.6971884975817817 0.14876249848306178
vt 0.25 0.625
vt 0.375 0.625
vt 0.25 0.5
vt 0.375 0.5
vt 0.25 0.625
vt 0.375 0.625
vt 0.25 0.5
vt 0.375 0.5
vt 0.25 0.625
vt 0.4375 0.625
vt 0.25 0.5
vt 0.4375 0.5
vt 0.25 0.625
vt 0.4375 0.625
vt 0.25 0.5
vt 0.4375 0.5
vt 0.25 0.625
vt 0.4375 0.625
vt 0.25 0.5
vt 0.4375 0.5
vt 0.25 0.625
vt 0.4375 0.625
vt 0.25 0.5
vt 0.4375 0.5
vn -0.7660444431189778 0.6427876096865395 0
vn -0.7660444431189778 0.6427876096865395 0
vn -0.7660444431189778 0.6427876096865395 0
vn -0.7660444431189778 0.6427876096865395 0
vn 0.7660444431189778 -0.6427876096865395 0
vn 0.7660444431189778 -0.6427876096865395 0
vn 0.7660444431189778 -0.6427876096865395 0
vn 0.7660444431189778 -0.6427876096865395 0
vn -0.6427876096865395 -0.7660444431189778 0
vn -0.6427876096865395 -0.7660444431189778 0
vn -0.6427876096865395 -0.7660444431189778 0
vn -0.6427876096865395 -0.7660444431189778 0
vn 0.6427876096865395 0.7660444431189778 0
vn 0.6427876096865395 0.7660444431189778 0
vn 0.6427876096865395 0.7660444431189778 0
vn 0.6427876096865395 0.7660444431189778 0
vn 0 0 1
vn 0 0 1
vn 0 0 1
vn 0 0 1
vn 0 0 -1
vn 0 0 -1
vn 0 0 -1
vn 0 0 -1
f 2785/2785/2785 2787/2787/2787 2786/2786/2786
f 2787/2787/2787 2788/2788/2788 2786/2786/2786
f 2789/2789/2789 2791/2791/2791 2790/2790/2790
f 2791/2791/2791 2792/2792/2792 2790/2790/2790
f 2793/2793/2793 2795/2795/2795 2794/2794/2794
f 2795/2795/2795 2796/2796/2796 2794/2794/2794
f 2797/2797/2797 2799/2799/2799 2798/2798/2798
f 2799/2799/2799 2800/2800/2800 2798/2798/2798
f 2801/2801/2801 2803/2803/2803 2802/2802/2802
f 2803/2803/2803 2804/2804/2804 2802/2802/2802
f 2805/2805/2805 2807/2807/2807 2806/2806/2806
f 2807/2807/2807 2808/2808/2808 2806/2806/2806
o horn_L_74
usemtl grave_bone
v -0.4857972441474025 2.7260033715615735 0.3123140617180616
v -0.4857972441474025 2.7260033715615735 0.1876859382819384
v -0.4641557976266705 2.84873811376483 0.3123140617180616
v -0.4641557976266705 2.84873811376483 0.1876859382819384
v -0.2920055434999689 2.6918326661000527 0.1876859382819384
v -0.2920055434999689 2.6918326661000527 0.3123140617180616
v -0.27036409697923686 2.814567408303309 0.1876859382819384
v -0.27036409697923686 2.814567408303309 0.3123140617180616
v -0.2920055434999689 2.6918326661000527 0.1876859382819384
v -0.4857972441474025 2.7260033715615735 0.1876859382819384
v -0.2920055434999689 2.6918326661000527 0.3123140617180616
v -0.4857972441474025 2.7260033715615735 0.3123140617180616
v -0.27036409697923686 2.814567408303309 0.3123140617180616
v -0.4641557976266705 2.84873811376483 0.3123140617180616
v -0.27036409697923686 2.814567408303309 0.1876859382819384
v -0.4641557976266705 2.84873811376483 0.1876859382819384
v -0.2920055434999689 2.6918326661000527 0.3123140617180616
v -0.4857972441474025 2.7260033715615735 0.3123140617180616
v -0.27036409697923686 2.814567408303309 0.3123140617180616
v -0.4641557976266705 2.84873811376483 0.3123140617180616
v -0.4857972441474025 2.7260033715615735 0.1876859382819384
v -0.2920055434999689 2.6918326661000527 0.1876859382819384
v -0.4641557976266705 2.84873811376483 0.1876859382819384
v -0.27036409697923686 2.814567408303309 0.1876859382819384
vt 0 0.9375
vt 0.125 0.9375
vt 0 0.8125
vt 0.125 0.8125
vt 0 0.9375
vt 0.125 0.9375
vt 0 0.8125
vt 0.125 0.8125
vt 0 0.9375
vt 0.1875 0.9375
vt 0 0.8125
vt 0.1875 0.8125
vt 0 0.9375
vt 0.1875 0.9375
vt 0 0.8125
vt 0.1875 0.8125
vt 0 0.9375
vt 0.1875 0.9375
vt 0 0.8125
vt 0.1875 0.8125
vt 0 0.9375
vt 0.1875 0.9375
vt 0 0.8125
vt 0.1875 0.8125
vn -0.9848077530122081 0.17364817766693022 0
vn -0.9848077530122081 0.17364817766693022 0
vn -0.9848077530122081 0.17364817766693022 0
vn -0.9848077530122081 0.17364817766693022 0
vn 0.9848077530122081 -0.17364817766693022 0
vn 0.9848077530122081 -0.17364817766693022 0
vn 0.9848077530122081 -0.17364817766693022 0
vn 0.9848077530122081 -0.17364817766693022 0
vn -0.17364817766693022 -0.9848077530122081 0
vn -0.17364817766693022 -0.9848077530122081 0
vn -0.17364817766693022 -0.9848077530122081 0
vn -0.17364817766693022 -0.9848077530122081 0
vn 0.17364817766693022 0.9848077530122081 0
vn 0.17364817766693022 0.9848077530122081 0
vn 0.17364817766693022 0.9848077530122081 0
vn 0.17364817766693022 0.9848077530122081 0
vn 0 0 1
vn 0 0 1
vn 0 0 1
vn 0 0 1
vn 0 0 -1
vn 0 0 -1
vn 0 0 -1
vn 0 0 -1
f 2809/2809/2809 2811/2811/2811 2810/2810/2810
f 2811/2811/2811 2812/2812/2812 2810/2810/2810
f 2813/2813/2813 2815/2815/2815 2814/2814/2814
f 2815/2815/2815 2816/2816/2816 2814/2814/2814
f 2817/2817/2817 2819/2819/2819 2818/2818/2818
f 2819/2819/2819 2820/2820/2820 2818/2818/2818
f 2821/2821/2821 2823/2823/2823 2822/2822/2822
f 2823/2823/2823 2824/2824/2824 2822/2822/2822
f 2825/2825/2825 2827/2827/2827 2826/2826/2826
f 2827/2827/2827 2828/2828/2828 2826/2826/2826
f 2829/2829/2829 2831/2831/2831 2830/2830/2830
f 2831/2831/2831 2832/2832/2832 2830/2830/2830
o horn_L_75
usemtl old_bone
v -0.5700341769561443 2.665898000034371 0.33237500076182186
v -0.5700341769561443 2.665898000034371 0.23012499923817814
v -0.6132468948630505 2.7585679726397583 0.33237500076182186
v -0.6132468948630505 2.7585679726397583 0.23012499923817814
v -0.4194454792398967 2.7361186630110454 0.23012499923817814
v -0.4194454792398967 2.7361186630110454 0.33237500076182186
v -0.4626581971468029 2.8287886356164327 0.23012499923817814
v -0.4626581971468029 2.8287886356164327 0.33237500076182186
v -0.4194454792398967 2.7361186630110454 0.23012499923817814
v -0.5700341769561443 2.665898000034371 0.23012499923817814
v -0.4194454792398967 2.7361186630110454 0.33237500076182186
v -0.5700341769561443 2.665898000034371 0.33237500076182186
v -0.4626581971468029 2.8287886356164327 0.33237500076182186
v -0.6132468948630505 2.7585679726397583 0.33237500076182186
v -0.4626581971468029 2.8287886356164327 0.23012499923817814
v -0.6132468948630505 2.7585679726397583 0.23012499923817814
v -0.4194454792398967 2.7361186630110454 0.33237500076182186
v -0.5700341769561443 2.665898000034371 0.33237500076182186
v -0.4626581971468029 2.8287886356164327 0.33237500076182186
v -0.6132468948630505 2.7585679726397583 0.33237500076182186
v -0.5700341769561443 2.665898000034371 0.23012499923817814
v -0.4194454792398967 2.7361186630110454 0.23012499923817814
v -0.6132468948630505 2.7585679726397583 0.23012499923817814
v -0.4626581971468029 2.8287886356164327 0.23012499923817814
vt 0.375 0.8125
vt 0.5 0.8125
vt 0.375 0.6875
vt 0.5 0.6875
vt 0.375 0.8125
vt 0.5 0.8125
vt 0.375 0.6875
vt 0.5 0.6875
vt 0.375 0.8125
vt 0.5625 0.8125
vt 0.375 0.6875
vt 0.5625 0.6875
vt 0.375 0.8125
vt 0.5625 0.8125
vt 0.375 0.6875
vt 0.5625 0.6875
vt 0.375 0.8125
vt 0.5625 0.8125
vt 0.375 0.6875
vt 0.5625 0.6875
vt 0.375 0.8125
vt 0.5625 0.8125
vt 0.375 0.6875
vt 0.5625 0.6875
vn -0.90630778703665 -0.42261826174069933 0
vn -0.90630778703665 -0.42261826174069933 0
vn -0.90630778703665 -0.42261826174069933 0
vn -0.90630778703665 -0.42261826174069933 0
vn 0.90630778703665 0.42261826174069933 0
vn 0.90630778703665 0.42261826174069933 0
vn 0.90630778703665 0.42261826174069933 0
vn 0.90630778703665 0.42261826174069933 0
vn 0.42261826174069933 -0.90630778703665 0
vn 0.42261826174069933 -0.90630778703665 0
vn 0.42261826174069933 -0.90630778703665 0
vn 0.42261826174069933 -0.90630778703665 0
vn -0.42261826174069933 0.90630778703665 0
vn -0.42261826174069933 0.90630778703665 0
vn -0.42261826174069933 0.90630778703665 0
vn -0.42261826174069933 0.90630778703665 0
vn 0 0 1
vn 0 0 1
vn 0 0 1
vn 0 0 1
vn 0 0 -1
vn 0 0 -1
vn 0 0 -1
vn 0 0 -1
f 2833/2833/2833 2835/2835/2835 2834/2834/2834
f 2835/2835/2835 2836/2836/2836 2834/2834/2834
f 2837/2837/2837 2839/2839/2839 2838/2838/2838
f 2839/2839/2839 2840/2840/2840 2838/2838/2838
f 2841/2841/2841 2843/2843/2843 2842/2842/2842
f 2843/2843/2843 2844/2844/2844 2842/2842/2842
f 2845/2845/2845 2847/2847/2847 2846/2846/2846
f 2847/2847/2847 2848/2848/2848 2846/2846/2846
f 2849/2849/2849 2851/2851/2851 2850/2850/2850
f 2851/2851/2851 2852/2852/2852 2850/2850/2850
f 2853/2853/2853 2855/2855/2855 2854/2854/2854
f 2855/2855/2855 2856/2856/2856 2854/2854/2854
o horn_L_75_back
usemtl old_bone
v -0.5700341769561443 2.665898000034371 0.14487500076182186
v -0.5700341769561443 2.665898000034371 0.042624999238178134
v -0.6132468948630505 2.7585679726397583 0.14487500076182186
v -0.6132468948630505 2.7585679726397583 0.042624999238178134
v -0.4194454792398967 2.7361186630110454 0.042624999238178134
v -0.4194454792398967 2.7361186630110454 0.14487500076182186
v -0.4626581971468029 2.8287886356164327 0.042624999238178134
v -0.4626581971468029 2.8287886356164327 0.14487500076182186
v -0.4194454792398967 2.7361186630110454 0.042624999238178134
v -0.5700341769561443 2.665898000034371 0.042624999238178134
v -0.4194454792398967 2.7361186630110454 0.14487500076182186
v -0.5700341769561443 2.665898000034371 0.14487500076182186
v -0.4626581971468029 2.8287886356164327 0.14487500076182186
v -0.6132468948630505 2.7585679726397583 0.14487500076182186
v -0.4626581971468029 2.8287886356164327 0.042624999238178134
v -0.6132468948630505 2.7585679726397583 0.042624999238178134
v -0.4194454792398967 2.7361186630110454 0.14487500076182186
v -0.5700341769561443 2.665898000034371 0.14487500076182186
v -0.4626581971468029 2.8287886356164327 0.14487500076182186
v -0.6132468948630505 2.7585679726397583 0.14487500076182186
v -0.5700341769561443 2.665898000034371 0.042624999238178134
v -0.4194454792398967 2.7361186630110454 0.042624999238178134
v -0.6132468948630505 2.7585679726397583 0.042624999238178134
v -0.4626581971468029 2.8287886356164327 0.042624999238178134
vt 0.375 0.8125
vt 0.5 0.8125
vt 0.375 0.6875
vt 0.5 0.6875
vt 0.375 0.8125
vt 0.5 0.8125
vt 0.375 0.6875
vt 0.5 0.6875
vt 0.375 0.8125
vt 0.5625 0.8125
vt 0.375 0.6875
vt 0.5625 0.6875
vt 0.375 0.8125
vt 0.5625 0.8125
vt 0.375 0.6875
vt 0.5625 0.6875
vt 0.375 0.8125
vt 0.5625 0.8125
vt 0.375 0.6875
vt 0.5625 0.6875
vt 0.375 0.8125
vt 0.5625 0.8125
vt 0.375 0.6875
vt 0.5625 0.6875
vn -0.90630778703665 -0.42261826174069933 0
vn -0.90630778703665 -0.42261826174069933 0
vn -0.90630778703665 -0.42261826174069933 0
vn -0.90630778703665 -0.42261826174069933 0
vn 0.90630778703665 0.42261826174069933 0
vn 0.90630778703665 0.42261826174069933 0
vn 0.90630778703665 0.42261826174069933 0
vn 0.90630778703665 0.42261826174069933 0
vn 0.42261826174069933 -0.90630778703665 0
vn 0.42261826174069933 -0.90630778703665 0
vn 0.42261826174069933 -0.90630778703665 0
vn 0.42261826174069933 -0.90630778703665 0
vn -0.42261826174069933 0.90630778703665 0
vn -0.42261826174069933 0.90630778703665 0
vn -0.42261826174069933 0.90630778703665 0
vn -0.42261826174069933 0.90630778703665 0
vn 0 0 1
vn 0 0 1
vn 0 0 1
vn 0 0 1
vn 0 0 -1
vn 0 0 -1
vn 0 0 -1
vn 0 0 -1
f 2857/2857/2857 2859/2859/2859 2858/2858/2858
f 2859/2859/2859 2860/2860/2860 2858/2858/2858
f 2861/2861/2861 2863/2863/2863 2862/2862/2862
f 2863/2863/2863 2864/2864/2864 2862/2862/2862
f 2865/2865/2865 2867/2867/2867 2866/2866/2866
f 2867/2867/2867 2868/2868/2868 2866/2866/2866
f 2869/2869/2869 2871/2871/2871 2870/2870/2870
f 2871/2871/2871 2872/2872/2872 2870/2870/2870
f 2873/2873/2873 2875/2875/2875 2874/2874/2874
f 2875/2875/2875 2876/2876/2876 2874/2874/2874
f 2877/2877/2877 2879/2879/2879 2878/2878/2878
f 2879/2879/2879 2880/2880/2880 2878/2878/2878
o horn_L_76
usemtl grave_bone
v -0.6014165693263436 2.5796039162821165 0.35531874842941763
v -0.6014165693263436 2.5796039162821165 0.26968125157058237
v -0.675580817122605 2.622422664711534 0.35531874842941763
v -0.675580817122605 2.622422664711534 0.26968125157058237
v -0.5289540677557611 2.705112650645905 0.26968125157058237
v -0.5289540677557611 2.705112650645905 0.35531874842941763
v -0.6031183155520226 2.7479313990753225 0.26968125157058237
v -0.6031183155520226 2.7479313990753225 0.35531874842941763
v -0.5289540677557611 2.705112650645905 0.26968125157058237
v -0.6014165693263436 2.5796039162821165 0.26968125157058237
v -0.5289540677557611 2.705112650645905 0.35531874842941763
v -0.6014165693263436 2.5796039162821165 0.35531874842941763
v -0.6031183155520226 2.7479313990753225 0.35531874842941763
v -0.675580817122605 2.622422664711534 0.35531874842941763
v -0.6031183155520226 2.7479313990753225 0.26968125157058237
v -0.675580817122605 2.622422664711534 0.26968125157058237
v -0.5289540677557611 2.705112650645905 0.35531874842941763
v -0.6014165693263436 2.5796039162821165 0.35531874842941763
v -0.6031183155520226 2.7479313990753225 0.35531874842941763
v -0.675580817122605 2.622422664711534 0.35531874842941763
v -0.6014165693263436 2.5796039162821165 0.26968125157058237
v -0.5289540677557611 2.705112650645905 0.26968125157058237
v -0.675580817122605 2.622422664711534 0.26968125157058237
v -0.6031183155520226 2.7479313990753225 0.26968125157058237
vt 0 0.0625
vt 0.0625 0.0625
vt 0 0
vt 0.0625 0
vt 0 0.0625
vt 0.0625 0.0625
vt 0 0
vt 0.0625 0
vt 0 0.0625
vt 0.125 0.0625
vt 0 0
vt 0.125 0
vt 0 0.0625
vt 0.125 0.0625
vt 0 0
vt 0.125 0
vt 0 0.0625
vt 0.125 0.0625
vt 0 0
vt 0.125 0
vt 0 0.0625
vt 0.125 0.0625
vt 0 0
vt 0.125 0
vn -0.5000000000000002 -0.8660254037844385 0
vn -0.5000000000000002 -0.8660254037844385 0
vn -0.5000000000000002 -0.8660254037844385 0
vn -0.5000000000000002 -0.8660254037844385 0
vn 0.5000000000000002 0.8660254037844385 0
vn 0.5000000000000002 0.8660254037844385 0
vn 0.5000000000000002 0.8660254037844385 0
vn 0.5000000000000002 0.8660254037844385 0
vn 0.8660254037844385 -0.5000000000000002 0
vn 0.8660254037844385 -0.5000000000000002 0
vn 0.8660254037844385 -0.5000000000000002 0
vn 0.8660254037844385 -0.5000000000000002 0
vn -0.8660254037844385 0.5000000000000002 0
vn -0.8660254037844385 0.5000000000000002 0
vn -0.8660254037844385 0.5000000000000002 0
vn -0.8660254037844385 0.5000000000000002 0
vn 0 0 1
vn 0 0 1
vn 0 0 1
vn 0 0 1
vn 0 0 -1
vn 0 0 -1
vn 0 0 -1
vn 0 0 -1
f 2881/2881/2881 2883/2883/2883 2882/2882/2882
f 2883/2883/2883 2884/2884/2884 2882/2882/2882
f 2885/2885/2885 2887/2887/2887 2886/2886/2886
f 2887/2887/2887 2888/2888/2888 2886/2886/2886
f 2889/2889/2889 2891/2891/2891 2890/2890/2890
f 2891/2891/2891 2892/2892/2892 2890/2890/2890
f 2893/2893/2893 2895/2895/2895 2894/2894/2894
f 2895/2895/2895 2896/2896/2896 2894/2894/2894
f 2897/2897/2897 2899/2899/2899 2898/2898/2898
f 2899/2899/2899 2900/2900/2900 2898/2898/2898
f 2901/2901/2901 2903/2903/2903 2902/2902/2902
f 2903/2903/2903 2904/2904/2904 2902/2902/2902
o horn_L_76_back
usemtl grave_bone
v -0.6014165693263436 2.5796039162821165 0.1053187484294176
v -0.6014165693263436 2.5796039162821165 0.01968125157058239
v -0.675580817122605 2.622422664711534 0.1053187484294176
v -0.675580817122605 2.622422664711534 0.01968125157058239
v -0.5289540677557611 2.705112650645905 0.01968125157058239
v -0.5289540677557611 2.705112650645905 0.1053187484294176
v -0.6031183155520226 2.7479313990753225 0.01968125157058239
v -0.6031183155520226 2.7479313990753225 0.1053187484294176
v -0.5289540677557611 2.705112650645905 0.01968125157058239
v -0.6014165693263436 2.5796039162821165 0.01968125157058239
v -0.5289540677557611 2.705112650645905 0.1053187484294176
v -0.6014165693263436 2.5796039162821165 0.1053187484294176
v -0.6031183155520226 2.7479313990753225 0.1053187484294176
v -0.675580817122605 2.622422664711534 0.1053187484294176
v -0.6031183155520226 2.7479313990753225 0.01968125157058239
v -0.675580817122605 2.622422664711534 0.01968125157058239
v -0.5289540677557611 2.705112650645905 0.1053187484294176
v -0.6014165693263436 2.5796039162821165 0.1053187484294176
v -0.6031183155520226 2.7479313990753225 0.1053187484294176
v -0.675580817122605 2.622422664711534 0.1053187484294176
v -0.6014165693263436 2.5796039162821165 0.01968125157058239
v -0.5289540677557611 2.705112650645905 0.01968125157058239
v -0.675580817122605 2.622422664711534 0.01968125157058239
v -0.6031183155520226 2.7479313990753225 0.01968125157058239
vt 0 0.0625
vt 0.0625 0.0625
vt 0 0
vt 0.0625 0
vt 0 0.0625
vt 0.0625 0.0625
vt 0 0
vt 0.0625 0
vt 0 0.0625
vt 0.125 0.0625
vt 0 0
vt 0.125 0
vt 0 0.0625
vt 0.125 0.0625
vt 0 0
vt 0.125 0
vt 0 0.0625
vt 0.125 0.0625
vt 0 0
vt 0.125 0
vt 0 0.0625
vt 0.125 0.0625
vt 0 0
vt 0.125 0
vn -0.5000000000000002 -0.8660254037844385 0
vn -0.5000000000000002 -0.8660254037844385 0
vn -0.5000000000000002 -0.8660254037844385 0
vn -0.5000000000000002 -0.8660254037844385 0
vn 0.5000000000000002 0.8660254037844385 0
vn 0.5000000000000002 0.8660254037844385 0
vn 0.5000000000000002 0.8660254037844385 0
vn 0.5000000000000002 0.8660254037844385 0
vn 0.8660254037844385 -0.5000000000000002 0
vn 0.8660254037844385 -0.5000000000000002 0
vn 0.8660254037844385 -0.5000000000000002 0
vn 0.8660254037844385 -0.5000000000000002 0
vn -0.8660254037844385 0.5000000000000002 0
vn -0.8660254037844385 0.5000000000000002 0
vn -0.8660254037844385 0.5000000000000002 0
vn -0.8660254037844385 0.5000000000000002 0
vn 0 0 1
vn 0 0 1
vn 0 0 1
vn 0 0 1
vn 0 0 -1
vn 0 0 -1
vn 0 0 -1
vn 0 0 -1
f 2905/2905/2905 2907/2907/2907 2906/2906/2906
f 2907/2907/2907 2908/2908/2908 2906/2906/2906
f 2909/2909/2909 2911/2911/2911 2910/2910/2910
f 2911/2911/2911 2912/2912/2912 2910/2910/2910
f 2913/2913/2913 2915/2915/2915 2914/2914/2914
f 2915/2915/2915 2916/2916/2916 2914/2914/2914
f 2917/2917/2917 2919/2919/2919 2918/2918/2918
f 2919/2919/2919 2920/2920/2920 2918/2918/2918
f 2921/2921/2921 2923/2923/2923 2922/2922/2922
f 2923/2923/2923 2924/2924/2924 2922/2922/2922
f 2925/2925/2925 2927/2927/2927 2926/2926/2926
f 2927/2927/2927 2928/2928/2928 2926/2926/2926
o horn_L_77
usemtl old_bone
v -0.5942361924391831 2.5207401843564186 0.37584375
v -0.5942361924391831 2.5207401843564186 0.31165625
v -0.6584236924391832 2.5207401843564186 0.37584375
v -0.6584236924391832 2.5207401843564186 0.31165625
v -0.5942361924391831 2.623440185886768 0.31165625
v -0.5942361924391831 2.623440185886768 0.37584375
v -0.6584236924391832 2.623440185886768 0.31165625
v -0.6584236924391832 2.623440185886768 0.37584375
v -0.5942361924391831 2.623440185886768 0.31165625
v -0.5942361924391831 2.5207401843564186 0.31165625
v -0.5942361924391831 2.623440185886768 0.37584375
v -0.5942361924391831 2.5207401843564186 0.37584375
v -0.6584236924391832 2.623440185886768 0.37584375
v -0.6584236924391832 2.5207401843564186 0.37584375
v -0.6584236924391832 2.623440185886768 0.31165625
v -0.6584236924391832 2.5207401843564186 0.31165625
v -0.5942361924391831 2.623440185886768 0.37584375
v -0.5942361924391831 2.5207401843564186 0.37584375
v -0.6584236924391832 2.623440185886768 0.37584375
v -0.6584236924391832 2.5207401843564186 0.37584375
v -0.5942361924391831 2.5207401843564186 0.31165625
v -0.5942361924391831 2.623440185886768 0.31165625
v -0.6584236924391832 2.5207401843564186 0.31165625
v -0.6584236924391832 2.623440185886768 0.31165625
vt 0.3125 0.625
vt 0.375 0.625
vt 0.3125 0.5625
vt 0.375 0.5625
vt 0.3125 0.625
vt 0.375 0.625
vt 0.3125 0.5625
vt 0.375 0.5625
vt 0.3125 0.625
vt 0.4375 0.625
vt 0.3125 0.5625
vt 0.4375 0.5625
vt 0.3125 0.625
vt 0.4375 0.625
vt 0.3125 0.5625
vt 0.4375 0.5625
vt 0.3125 0.625
vt 0.4375 0.625
vt 0.3125 0.5625
vt 0.4375 0.5625
vt 0.3125 0.625
vt 0.4375 0.625
vt 0.3125 0.5625
vt 0.4375 0.5625
vn -2.220446049250313e-16 -1 0
vn -2.220446049250313e-16 -1 0
vn -2.220446049250313e-16 -1 0
vn -2.220446049250313e-16 -1 0
vn 2.220446049250313e-16 1 0
vn 2.220446049250313e-16 1 0
vn 2.220446049250313e-16 1 0
vn 2.220446049250313e-16 1 0
vn 1 -2.220446049250313e-16 0
vn 1 -2.220446049250313e-16 0
vn 1 -2.220446049250313e-16 0
vn 1 -2.220446049250313e-16 0
vn -1 2.220446049250313e-16 0
vn -1 2.220446049250313e-16 0
vn -1 2.220446049250313e-16 0
vn -1 2.220446049250313e-16 0
vn 0 0 1
vn 0 0 1
vn 0 0 1
vn 0 0 1
vn 0 0 -1
vn 0 0 -1
vn 0 0 -1
vn 0 0 -1
f 2929/2929/2929 2931/2931/2931 2930/2930/2930
f 2931/2931/2931 2932/2932/2932 2930/2930/2930
f 2933/2933/2933 2935/2935/2935 2934/2934/2934
f 2935/2935/2935 2936/2936/2936 2934/2934/2934
f 2937/2937/2937 2939/2939/2939 2938/2938/2938
f 2939/2939/2939 2940/2940/2940 2938/2938/2938
f 2941/2941/2941 2943/2943/2943 2942/2942/2942
f 2943/2943/2943 2944/2944/2944 2942/2942/2942
f 2945/2945/2945 2947/2947/2947 2946/2946/2946
f 2947/2947/2947 2948/2948/2948 2946/2946/2946
f 2949/2949/2949 2951/2951/2951 2950/2950/2950
f 2951/2951/2951 2952/2952/2952 2950/2950/2950
o horn_L_77_back
usemtl old_bone
v -0.5942361924391831 2.5207401843564186 0.06334375
v -0.5942361924391831 2.5207401843564186 -0.0008437499999999973
v -0.6584236924391832 2.5207401843564186 0.06334375
v -0.6584236924391832 2.5207401843564186 -0.0008437499999999973
v -0.5942361924391831 2.623440185886768 -0.0008437499999999973
v -0.5942361924391831 2.623440185886768 0.06334375
v -0.6584236924391832 2.623440185886768 -0.0008437499999999973
v -0.6584236924391832 2.623440185886768 0.06334375
v -0.5942361924391831 2.623440185886768 -0.0008437499999999973
v -0.5942361924391831 2.5207401843564186 -0.0008437499999999973
v -0.5942361924391831 2.623440185886768 0.06334375
v -0.5942361924391831 2.5207401843564186 0.06334375
v -0.6584236924391832 2.623440185886768 0.06334375
v -0.6584236924391832 2.5207401843564186 0.06334375
v -0.6584236924391832 2.623440185886768 -0.0008437499999999973
v -0.6584236924391832 2.5207401843564186 -0.0008437499999999973
v -0.5942361924391831 2.623440185886768 0.06334375
v -0.5942361924391831 2.5207401843564186 0.06334375
v -0.6584236924391832 2.623440185886768 0.06334375
v -0.6584236924391832 2.5207401843564186 0.06334375
v -0.5942361924391831 2.5207401843564186 -0.0008437499999999973
v -0.5942361924391831 2.623440185886768 -0.0008437499999999973
v -0.6584236924391832 2.5207401843564186 -0.0008437499999999973
v -0.6584236924391832 2.623440185886768 -0.0008437499999999973
vt 0.3125 0.625
vt 0.375 0.625
vt 0.3125 0.5625
vt 0.375 0.5625
vt 0.3125 0.625
vt 0.375 0.625
vt 0.3125 0.5625
vt 0.375 0.5625
vt 0.3125 0.625
vt 0.4375 0.625
vt 0.3125 0.5625
vt 0.4375 0.5625
vt 0.3125 0.625
vt 0.4375 0.625
vt 0.3125 0.5625
vt 0.4375 0.5625
vt 0.3125 0.625
vt 0.4375 0.625
vt 0.3125 0.5625
vt 0.4375 0.5625
vt 0.3125 0.625
vt 0.4375 0.625
vt 0.3125 0.5625
vt 0.4375 0.5625
vn -2.220446049250313e-16 -1 0
vn -2.220446049250313e-16 -1 0
vn -2.220446049250313e-16 -1 0
vn -2.220446049250313e-16 -1 0
vn 2.220446049250313e-16 1 0
vn 2.220446049250313e-16 1 0
vn 2.220446049250313e-16 1 0
vn 2.220446049250313e-16 1 0
vn 1 -2.220446049250313e-16 0
vn 1 -2.220446049250313e-16 0
vn 1 -2.220446049250313e-16 0
vn 1 -2.220446049250313e-16 0
vn -1 2.220446049250313e-16 0
vn -1 2.220446049250313e-16 0
vn -1 2.220446049250313e-16 0
vn -1 2.220446049250313e-16 0
vn 0 0 1
vn 0 0 1
vn 0 0 1
vn 0 0 1
vn 0 0 -1
vn 0 0 -1
vn 0 0 -1
vn 0 0 -1
f 2953/2953/2953 2955/2955/2955 2954/2954/2954
f 2955/2955/2955 2956/2956/2956 2954/2954/2954
f 2957/2957/2957 2959/2959/2959 2958/2958/2958
f 2959/2959/2959 2960/2960/2960 2958/2958/2958
f 2961/2961/2961 2963/2963/2963 2962/2962/2962
f 2963/2963/2963 2964/2964/2964 2962/2962/2962
f 2965/2965/2965 2967/2967/2967 2966/2966/2966
f 2967/2967/2967 2968/2968/2968 2966/2966/2966
f 2969/2969/2969 2971/2971/2971 2970/2970/2970
f 2971/2971/2971 2972/2972/2972 2970/2970/2970
f 2973/2973/2973 2975/2975/2975 2974/2974/2974
f 2975/2975/2975 2976/2976/2976 2974/2974/2974
o horn_R_78
usemtl grave_bone
v -0.2427793041143569 2.646895549091597 -0.10625000298023224
v -0.2427793041143569 2.646895549091597 -0.26874999701976776
v -0.09007925883765121 2.7024738203434193 -0.10625000298023224
v -0.09007925883765121 2.7024738203434193 -0.26874999701976776
v -0.17010002161905335 2.447210861573587 -0.26874999701976776
v -0.17010002161905335 2.447210861573587 -0.10625000298023224
v -0.017399976342347703 2.5027891328254093 -0.26874999701976776
v -0.017399976342347703 2.5027891328254093 -0.10625000298023224
v -0.17010002161905335 2.447210861573587 -0.26874999701976776
v -0.2427793041143569 2.646895549091597 -0.26874999701976776
v -0.17010002161905335 2.447210861573587 -0.10625000298023224
v -0.2427793041143569 2.646895549091597 -0.10625000298023224
v -0.017399976342347703 2.5027891328254093 -0.10625000298023224
v -0.09007925883765121 2.7024738203434193 -0.10625000298023224
v -0.017399976342347703 2.5027891328254093 -0.26874999701976776
v -0.09007925883765121 2.7024738203434193 -0.26874999701976776
v -0.17010002161905335 2.447210861573587 -0.10625000298023224
v -0.2427793041143569 2.646895549091597 -0.10625000298023224
v -0.017399976342347703 2.5027891328254093 -0.10625000298023224
v -0.09007925883765121 2.7024738203434193 -0.10625000298023224
v -0.2427793041143569 2.646895549091597 -0.26874999701976776
v -0.17010002161905335 2.447210861573587 -0.26874999701976776
v -0.09007925883765121 2.7024738203434193 -0.26874999701976776
v -0.017399976342347703 2.5027891328254093 -0.26874999701976776
vt 0.875 0.375
vt 1.0625 0.375
vt 0.875 0.1875
vt 1.0625 0.1875
vt 0.875 0.375
vt 1.0625 0.375
vt 0.875 0.1875
vt 1.0625 0.1875
vt 0.875 0.375
vt 1.0625 0.375
vt 0.875 0.1875
vt 1.0625 0.1875
vt 0.875 0.375
vt 1.0625 0.375
vt 0.875 0.1875
vt 1.0625 0.1875
vt 0.875 0.375
vt 1.0625 0.375
vt 0.875 0.1875
vt 1.0625 0.1875
vt 0.875 0.375
vt 1.0625 0.375
vt 0.875 0.1875
vt 1.0625 0.1875
vn -0.34202014332566866 0.9396926207859085 0
vn -0.34202014332566866 0.9396926207859085 0
vn -0.34202014332566866 0.9396926207859085 0
vn -0.34202014332566866 0.9396926207859085 0
vn 0.34202014332566866 -0.9396926207859085 0
vn 0.34202014332566866 -0.9396926207859085 0
vn 0.34202014332566866 -0.9396926207859085 0
vn 0.34202014332566866 -0.9396926207859085 0
vn -0.9396926207859085 -0.34202014332566866 0
vn -0.9396926207859085 -0.34202014332566866 0
vn -0.9396926207859085 -0.34202014332566866 0
vn -0.9396926207859085 -0.34202014332566866 0
vn 0.9396926207859085 0.34202014332566866 0
vn 0.9396926207859085 0.34202014332566866 0
vn 0.9396926207859085 0.34202014332566866 0
vn 0.9396926207859085 0.34202014332566866 0
vn 0 0 1
vn 0 0 1
vn 0 0 1
vn 0 0 1
vn 0 0 -1
vn 0 0 -1
vn 0 0 -1
vn 0 0 -1
f 2977/2977/2977 2979/2979/2979 2978/2978/2978
f 2979/2979/2979 2980/2980/2980 2978/2978/2978
f 2981/2981/2981 2983/2983/2983 2982/2982/2982
f 2983/2983/2983 2984/2984/2984 2982/2982/2982
f 2985/2985/2985 2987/2987/2987 2986/2986/2986
f 2987/2987/2987 2988/2988/2988 2986/2986/2986
f 2989/2989/2989 2991/2991/2991 2990/2990/2990
f 2991/2991/2991 2992/2992/2992 2990/2990/2990
f 2993/2993/2993 2995/2995/2995 2994/2994/2994
f 2995/2995/2995 2996/2996/2996 2994/2994/2994
f 2997/2997/2997 2999/2999/2999 2998/2998/2998
f 2999/2999/2999 3000/3000/3000 2998/2998/2998
o horn_R_79
usemtl old_bone
v -0.3567330042564483 2.7209897618862637 -0.1478343734629452
v -0.3567330042564483 2.7209897618862637 -0.2896656265370548
v -0.2655656321140948 2.8296388051642865 -0.1478343734629452
v -0.2655656321140948 2.8296388051642865 -0.2896656265370548
v -0.19869803328609864 2.588382676031931 -0.2896656265370548
v -0.19869803328609864 2.588382676031931 -0.1478343734629452
v -0.10753066114374511 2.697031719309954 -0.2896656265370548
v -0.10753066114374511 2.697031719309954 -0.1478343734629452
v -0.19869803328609864 2.588382676031931 -0.2896656265370548
v -0.3567330042564483 2.7209897618862637 -0.2896656265370548
v -0.19869803328609864 2.588382676031931 -0.1478343734629452
v -0.3567330042564483 2.7209897618862637 -0.1478343734629452
v -0.10753066114374511 2.697031719309954 -0.1478343734629452
v -0.2655656321140948 2.8296388051642865 -0.1478343734629452
v -0.10753066114374511 2.697031719309954 -0.2896656265370548
v -0.2655656321140948 2.8296388051642865 -0.2896656265370548
v -0.19869803328609864 2.588382676031931 -0.1478343734629452
v -0.3567330042564483 2.7209897618862637 -0.1478343734629452
v -0.10753066114374511 2.697031719309954 -0.1478343734629452
v -0.2655656321140948 2.8296388051642865 -0.1478343734629452
v -0.3567330042564483 2.7209897618862637 -0.2896656265370548
v -0.19869803328609864 2.588382676031931 -0.2896656265370548
v -0.2655656321140948 2.8296388051642865 -0.2896656265370548
v -0.10753066114374511 2.697031719309954 -0.2896656265370548
vt 0.25 0.625
vt 0.375 0.625
vt 0.25 0.5
vt 0.375 0.5
vt 0.25 0.625
vt 0.375 0.625
vt 0.25 0.5
vt 0.375 0.5
vt 0.25 0.625
vt 0.4375 0.625
vt 0.25 0.5
vt 0.4375 0.5
vt 0.25 0.625
vt 0.4375 0.625
vt 0.25 0.5
vt 0.4375 0.5
vt 0.25 0.625
vt 0.4375 0.625
vt 0.25 0.5
vt 0.4375 0.5
vt 0.25 0.625
vt 0.4375 0.625
vt 0.25 0.5
vt 0.4375 0.5
vn -0.7660444431189778 0.6427876096865396 0
vn -0.7660444431189778 0.6427876096865396 0
vn -0.7660444431189778 0.6427876096865396 0
vn -0.7660444431189778 0.6427876096865396 0
vn 0.7660444431189778 -0.6427876096865396 0
vn 0.7660444431189778 -0.6427876096865396 0
vn 0.7660444431189778 -0.6427876096865396 0
vn 0.7660444431189778 -0.6427876096865396 0
vn -0.6427876096865396 -0.7660444431189778 0
vn -0.6427876096865396 -0.7660444431189778 0
vn -0.6427876096865396 -0.7660444431189778 0
vn -0.6427876096865396 -0.7660444431189778 0
vn 0.6427876096865396 0.7660444431189778 0
vn 0.6427876096865396 0.7660444431189778 0
vn 0.6427876096865396 0.7660444431189778 0
vn 0.6427876096865396 0.7660444431189778 0
vn 0 0 0.9999999999999999
vn 0 0 0.9999999999999999
vn 0 0 0.9999999999999999
vn 0 0 0.9999999999999999
vn 0 0 -0.9999999999999999
vn 0 0 -0.9999999999999999
vn 0 0 -0.9999999999999999
vn 0 0 -0.9999999999999999
f 3001/3001/3001 3003/3003/3003 3002/3002/3002
f 3003/3003/3003 3004/3004/3004 3002/3002/3002
f 3005/3005/3005 3007/3007/3007 3006/3006/3006
f 3007/3007/3007 3008/3008/3008 3006/3006/3006
f 3009/3009/3009 3011/3011/3011 3010/3010/3010
f 3011/3011/3011 3012/3012/3012 3010/3010/3010
f 3013/3013/3013 3015/3015/3015 3014/3014/3014
f 3015/3015/3015 3016/3016/3016 3014/3014/3014
f 3017/3017/3017 3019/3019/3019 3018/3018/3018
f 3019/3019/3019 3020/3020/3020 3018/3018/3018
f 3021/3021/3021 3023/3023/3023 3022/3022/3022
f 3023/3023/3023 3024/3024/3024 3022/3022/3022
o horn_R_80
usemtl grave_bone
v -0.4811786202205004 2.7279020764941024 -0.19035781324841083
v -0.4811786202205004 2.7279020764941024 -0.30964218675158917
v -0.460465106137532 2.845374252333236 -0.19035781324841083
v -0.460465106137532 2.845374252333236 -0.30964218675158917
v -0.29569623498910735 2.6951965275316465 -0.30964218675158917
v -0.29569623498910735 2.6951965275316465 -0.19035781324841083
v -0.27498272090613896 2.8126687033707802 -0.30964218675158917
v -0.27498272090613896 2.8126687033707802 -0.19035781324841083
v -0.29569623498910735 2.6951965275316465 -0.30964218675158917
v -0.4811786202205004 2.7279020764941024 -0.30964218675158917
v -0.29569623498910735 2.6951965275316465 -0.19035781324841083
v -0.4811786202205004 2.7279020764941024 -0.19035781324841083
v -0.27498272090613896 2.8126687033707802 -0.19035781324841083
v -0.460465106137532 2.845374252333236 -0.19035781324841083
v -0.27498272090613896 2.8126687033707802 -0.30964218675158917
v -0.460465106137532 2.845374252333236 -0.30964218675158917
v -0.29569623498910735 2.6951965275316465 -0.19035781324841083
v -0.4811786202205004 2.7279020764941024 -0.19035781324841083
v -0.27498272090613896 2.8126687033707802 -0.19035781324841083
v -0.460465106137532 2.845374252333236 -0.19035781324841083
v -0.4811786202205004 2.7279020764941024 -0.30964218675158917
v -0.29569623498910735 2.6951965275316465 -0.30964218675158917
v -0.460465106137532 2.845374252333236 -0.30964218675158917
v -0.27498272090613896 2.8126687033707802 -0.30964218675158917
vt 0 0.9375
vt 0.125 0.9375
vt 0 0.8125
vt 0.125 0.8125
vt 0 0.9375
vt 0.125 0.9375
vt 0 0.8125
vt 0.125 0.8125
vt 0 0.9375
vt 0.1875 0.9375
vt 0 0.8125
vt 0.1875 0.8125
vt 0 0.9375
vt 0.1875 0.9375
vt 0 0.8125
vt 0.1875 0.8125
vt 0 0.9375
vt 0.1875 0.9375
vt 0 0.8125
vt 0.1875 0.8125
vt 0 0.9375
vt 0.1875 0.9375
vt 0 0.8125
vt 0.1875 0.8125
vn -0.984807753012208 0.17364817766693025 0
vn -0.984807753012208 0.17364817766693025 0
vn -0.984807753012208 0.17364817766693025 0
vn -0.984807753012208 0.17364817766693025 0
vn 0.984807753012208 -0.17364817766693025 0
vn 0.984807753012208 -0.17364817766693025 0
vn 0.984807753012208 -0.17364817766693025 0
vn 0.984807753012208 -0.17364817766693025 0
vn -0.17364817766693025 -0.984807753012208 0
vn -0.17364817766693025 -0.984807753012208 0
vn -0.17364817766693025 -0.984807753012208 0
vn -0.17364817766693025 -0.984807753012208 0
vn 0.17364817766693025 0.984807753012208 0
vn 0.17364817766693025 0.984807753012208 0
vn 0.17364817766693025 0.984807753012208 0
vn 0.17364817766693025 0.984807753012208 0
vn 0 0 1
vn 0 0 1
vn 0 0 1
vn 0 0 1
vn 0 0 -1
vn 0 0 -1
vn 0 0 -1
vn 0 0 -1
f 3025/3025/3025 3027/3027/3027 3026/3026/3026
f 3027/3027/3027 3028/3028/3028 3026/3026/3026
f 3029/3029/3029 3031/3031/3031 3030/3030/3030
f 3031/3031/3031 3032/3032/3032 3030/3030/3030
f 3033/3033/3033 3035/3035/3035 3034/3034/3034
f 3035/3035/3035 3036/3036/3036 3034/3034/3034
f 3037/3037/3037 3039/3039/3039 3038/3038/3038
f 3039/3039/3039 3040/3040/3040 3038/3038/3038
f 3041/3041/3041 3043/3043/3043 3042/3042/3042
f 3043/3043/3043 3044/3044/3044 3042/3042/3042
f 3045/3045/3045 3047/3047/3047 3046/3046/3046
f 3047/3047/3047 3048/3048/3048 3046/3046/3046
o horn_R_81
usemtl old_bone
v -0.5707430159426607 2.6648226828801618 -0.22944999922811984
v -0.5707430159426607 2.6648226828801618 -0.33305000077188013
v -0.6145262685114186 2.7587161710162804 -0.22944999922811984
v -0.6145262685114186 2.7587161710162804 -0.33305000077188013
v -0.41816610559152867 2.7359704646345233 -0.33305000077188013
v -0.41816610559152867 2.7359704646345233 -0.22944999922811984
v -0.4619493581602864 2.829863952770642 -0.33305000077188013
v -0.4619493581602864 2.829863952770642 -0.22944999922811984
v -0.41816610559152867 2.7359704646345233 -0.33305000077188013
v -0.5707430159426607 2.6648226828801618 -0.33305000077188013
v -0.41816610559152867 2.7359704646345233 -0.22944999922811984
v -0.5707430159426607 2.6648226828801618 -0.22944999922811984
v -0.4619493581602864 2.829863952770642 -0.22944999922811984
v -0.6145262685114186 2.7587161710162804 -0.22944999922811984
v -0.4619493581602864 2.829863952770642 -0.33305000077188013
v -0.6145262685114186 2.7587161710162804 -0.33305000077188013
v -0.41816610559152867 2.7359704646345233 -0.22944999922811984
v -0.5707430159426607 2.6648226828801618 -0.22944999922811984
v -0.4619493581602864 2.829863952770642 -0.22944999922811984
v -0.6145262685114186 2.7587161710162804 -0.22944999922811984
v -0.5707430159426607 2.6648226828801618 -0.33305000077188013
v -0.41816610559152867 2.7359704646345233 -0.33305000077188013
v -0.6145262685114186 2.7587161710162804 -0.33305000077188013
v -0.4619493581602864 2.829863952770642 -0.33305000077188013
vt 0.375 0.8125
vt 0.5 0.8125
vt 0.375 0.6875
vt 0.5 0.6875
vt 0.375 0.8125
vt 0.5 0.8125
vt 0.375 0.6875
vt 0.5 0.6875
vt 0.375 0.8125
vt 0.5625 0.8125
vt 0.375 0.6875
vt 0.5625 0.6875
vt 0.375 0.8125
vt 0.5625 0.8125
vt 0.375 0.6875
vt 0.5625 0.6875
vt 0.375 0.8125
vt 0.5625 0.8125
vt 0.375 0.6875
vt 0.5625 0.6875
vt 0.375 0.8125
vt 0.5625 0.8125
vt 0.375 0.6875
vt 0.5625 0.6875
vn -0.9063077870366502 -0.4226182617406993 0
vn -0.9063077870366502 -0.4226182617406993 0
vn -0.9063077870366502 -0.4226182617406993 0
vn -0.9063077870366502 -0.4226182617406993 0
vn 0.9063077870366502 0.4226182617406993 0
vn 0.9063077870366502 0.4226182617406993 0
vn 0.9063077870366502 0.4226182617406993 0
vn 0.9063077870366502 0.4226182617406993 0
vn 0.4226182617406993 -0.9063077870366502 0
vn 0.4226182617406993 -0.9063077870366502 0
vn 0.4226182617406993 -0.9063077870366502 0
vn 0.4226182617406993 -0.9063077870366502 0
vn -0.4226182617406993 0.9063077870366502 0
vn -0.4226182617406993 0.9063077870366502 0
vn -0.4226182617406993 0.9063077870366502 0
vn -0.4226182617406993 0.9063077870366502 0
vn 0 0 1
vn 0 0 1
vn 0 0 1
vn 0 0 1
vn 0 0 -1
vn 0 0 -1
vn 0 0 -1
vn 0 0 -1
f 3049/3049/3049 3051/3051/3051 3050/3050/3050
f 3051/3051/3051 3052/3052/3052 3050/3050/3050
f 3053/3053/3053 3055/3055/3055 3054/3054/3054
f 3055/3055/3055 3056/3056/3056 3054/3054/3054
f 3057/3057/3057 3059/3059/3059 3058/3058/3058
f 3059/3059/3059 3060/3060/3060 3058/3058/3058
f 3061/3061/3061 3063/3063/3063 3062/3062/3062
f 3063/3063/3063 3064/3064/3064 3062/3062/3062
f 3065/3065/3065 3067/3067/3067 3066/3066/3066
f 3067/3067/3067 3068/3068/3068 3066/3066/3066
f 3069/3069/3069 3071/3071/3071 3070/3070/3070
f 3071/3071/3071 3072/3072/3072 3070/3070/3070
o horn_R_81_back
usemtl old_bone
v -0.5707430159426607 2.6648226828801618 -0.04194999922811985
v -0.5707430159426607 2.6648226828801618 -0.14555000077188016
v -0.6145262685114186 2.7587161710162804 -0.04194999922811985
v -0.6145262685114186 2.7587161710162804 -0.14555000077188016
v -0.41816610559152867 2.7359704646345233 -0.14555000077188016
v -0.41816610559152867 2.7359704646345233 -0.04194999922811985
v -0.4619493581602864 2.829863952770642 -0.14555000077188016
v -0.4619493581602864 2.829863952770642 -0.04194999922811985
v -0.41816610559152867 2.7359704646345233 -0.14555000077188016
v -0.5707430159426607 2.6648226828801618 -0.14555000077188016
v -0.41816610559152867 2.7359704646345233 -0.04194999922811985
v -0.5707430159426607 2.6648226828801618 -0.04194999922811985
v -0.4619493581602864 2.829863952770642 -0.04194999922811985
v -0.6145262685114186 2.7587161710162804 -0.04194999922811985
v -0.4619493581602864 2.829863952770642 -0.14555000077188016
v -0.6145262685114186 2.7587161710162804 -0.14555000077188016
v -0.41816610559152867 2.7359704646345233 -0.04194999922811985
v -0.5707430159426607 2.6648226828801618 -0.04194999922811985
v -0.4619493581602864 2.829863952770642 -0.04194999922811985
v -0.6145262685114186 2.7587161710162804 -0.04194999922811985
v -0.5707430159426607 2.6648226828801618 -0.14555000077188016
v -0.41816610559152867 2.7359704646345233 -0.14555000077188016
v -0.6145262685114186 2.7587161710162804 -0.14555000077188016
v -0.4619493581602864 2.829863952770642 -0.14555000077188016
vt 0.375 0.8125
vt 0.5 0.8125
vt 0.375 0.6875
vt 0.5 0.6875
vt 0.375 0.8125
vt 0.5 0.8125
vt 0.375 0.6875
vt 0.5 0.6875
vt 0.375 0.8125
vt 0.5625 0.8125
vt 0.375 0.6875
vt 0.5625 0.6875
vt 0.375 0.8125
vt 0.5625 0.8125
vt 0.375 0.6875
vt 0.5625 0.6875
vt 0.375 0.8125
vt 0.5625 0.8125
vt 0.375 0.6875
vt 0.5625 0.6875
vt 0.375 0.8125
vt 0.5625 0.8125
vt 0.375 0.6875
vt 0.5625 0.6875
vn -0.9063077870366502 -0.4226182617406993 0
vn -0.9063077870366502 -0.4226182617406993 0
vn -0.9063077870366502 -0.4226182617406993 0
vn -0.9063077870366502 -0.4226182617406993 0
vn 0.9063077870366502 0.4226182617406993 0
vn 0.9063077870366502 0.4226182617406993 0
vn 0.9063077870366502 0.4226182617406993 0
vn 0.9063077870366502 0.4226182617406993 0
vn 0.4226182617406993 -0.9063077870366502 0
vn 0.4226182617406993 -0.9063077870366502 0
vn 0.4226182617406993 -0.9063077870366502 0
vn 0.4226182617406993 -0.9063077870366502 0
vn -0.4226182617406993 0.9063077870366502 0
vn -0.4226182617406993 0.9063077870366502 0
vn -0.4226182617406993 0.9063077870366502 0
vn -0.4226182617406993 0.9063077870366502 0
vn 0 0 1
vn 0 0 1
vn 0 0 1
vn 0 0 1
vn 0 0 -1
vn 0 0 -1
vn 0 0 -1
vn 0 0 -1
f 3073/3073/3073 3075/3075/3075 3074/3074/3074
f 3075/3075/3075 3076/3076/3076 3074/3074/3074
f 3077/3077/3077 3079/3079/3079 3078/3078/3078
f 3079/3079/3079 3080/3080/3080 3078/3078/3078
f 3081/3081/3081 3083/3083/3083 3082/3082/3082
f 3083/3083/3083 3084/3084/3084 3082/3082/3082
f 3085/3085/3085 3087/3087/3087 3086/3086/3086
f 3087/3087/3087 3088/3088/3088 3086/3086/3086
f 3089/3089/3089 3091/3091/3091 3090/3090/3090
f 3091/3091/3091 3092/3092/3092 3090/3090/3090
f 3093/3093/3093 3095/3095/3095 3094/3094/3094
f 3095/3095/3095 3096/3096/3096 3094/3094/3094
o horn_R_82
usemtl grave_bone
v -0.6014528969260379 2.5831972448996185 -0.2715093765035272
v -0.6014528969260379 2.5831972448996185 -0.3534906234964728
v -0.6724507394558554 2.6241878683960915 -0.2715093765035272
v -0.6724507394558554 2.6241878683960915 -0.3534906234964728
v -0.5320841454225107 2.7033474469613474 -0.3534906234964728
v -0.5320841454225107 2.7033474469613474 -0.2715093765035272
v -0.6030819879523283 2.7443380704578204 -0.3534906234964728
v -0.6030819879523283 2.7443380704578204 -0.2715093765035272
v -0.5320841454225107 2.7033474469613474 -0.3534906234964728
v -0.6014528969260379 2.5831972448996185 -0.3534906234964728
v -0.5320841454225107 2.7033474469613474 -0.2715093765035272
v -0.6014528969260379 2.5831972448996185 -0.2715093765035272
v -0.6030819879523283 2.7443380704578204 -0.2715093765035272
v -0.6724507394558554 2.6241878683960915 -0.2715093765035272
v -0.6030819879523283 2.7443380704578204 -0.3534906234964728
v -0.6724507394558554 2.6241878683960915 -0.3534906234964728
v -0.5320841454225107 2.7033474469613474 -0.2715093765035272
v -0.6014528969260379 2.5831972448996185 -0.2715093765035272
v -0.6030819879523283 2.7443380704578204 -0.2715093765035272
v -0.6724507394558554 2.6241878683960915 -0.2715093765035272
v -0.6014528969260379 2.5831972448996185 -0.3534906234964728
v -0.5320841454225107 2.7033474469613474 -0.3534906234964728
v -0.6724507394558554 2.6241878683960915 -0.3534906234964728
v -0.6030819879523283 2.7443380704578204 -0.3534906234964728
vt 0 0.0625
vt 0.0625 0.0625
vt 0 0
vt 0.0625 0
vt 0 0.0625
vt 0.0625 0.0625
vt 0 0
vt 0.0625 0
vt 0 0.0625
vt 0.125 0.0625
vt 0 0
vt 0.125 0
vt 0 0.0625
vt 0.125 0.0625
vt 0 0
vt 0.125 0
vt 0 0.0625
vt 0.125 0.0625
vt 0 0
vt 0.125 0
vt 0 0.0625
vt 0.125 0.0625
vt 0 0
vt 0.125 0
vn -0.5000000000000003 -0.8660254037844385 0
vn -0.5000000000000003 -0.8660254037844385 0
vn -0.5000000000000003 -0.8660254037844385 0
vn -0.5000000000000003 -0.8660254037844385 0
vn 0.5000000000000003 0.8660254037844385 0
vn 0.5000000000000003 0.8660254037844385 0
vn 0.5000000000000003 0.8660254037844385 0
vn 0.5000000000000003 0.8660254037844385 0
vn 0.8660254037844385 -0.5000000000000003 0
vn 0.8660254037844385 -0.5000000000000003 0
vn 0.8660254037844385 -0.5000000000000003 0
vn 0.8660254037844385 -0.5000000000000003 0
vn -0.8660254037844385 0.5000000000000003 0
vn -0.8660254037844385 0.5000000000000003 0
vn -0.8660254037844385 0.5000000000000003 0
vn -0.8660254037844385 0.5000000000000003 0
vn 0 0 0.9999999999999999
vn 0 0 0.9999999999999999
vn 0 0 0.9999999999999999
vn 0 0 0.9999999999999999
vn 0 0 -0.9999999999999999
vn 0 0 -0.9999999999999999
vn 0 0 -0.9999999999999999
vn 0 0 -0.9999999999999999
f 3097/3097/3097 3099/3099/3099 3098/3098/3098
f 3099/3099/3099 3100/3100/3100 3098/3098/3098
f 3101/3101/3101 3103/3103/3103 3102/3102/3102
f 3103/3103/3103 3104/3104/3104 3102/3102/3102
f 3105/3105/3105 3107/3107/3107 3106/3106/3106
f 3107/3107/3107 3108/3108/3108 3106/3106/3106
f 3109/3109/3109 3111/3111/3111 3110/3110/3110
f 3111/3111/3111 3112/3112/3112 3110/3110/3110
f 3113/3113/3113 3115/3115/3115 3114/3114/3114
f 3115/3115/3115 3116/3116/3116 3114/3114/3114
f 3117/3117/3117 3119/3119/3119 3118/3118/3118
f 3119/3119/3119 3120/3120/3120 3118/3118/3118
o horn_R_82_back
usemtl grave_bone
v -0.6014528969260379 2.5831972448996185 -0.021509376503527168
v -0.6014528969260379 2.5831972448996185 -0.10349062349647284
v -0.6724507394558554 2.6241878683960915 -0.021509376503527168
v -0.6724507394558554 2.6241878683960915 -0.10349062349647284
v -0.5320841454225107 2.7033474469613474 -0.10349062349647284
v -0.5320841454225107 2.7033474469613474 -0.021509376503527168
v -0.6030819879523283 2.7443380704578204 -0.10349062349647284
v -0.6030819879523283 2.7443380704578204 -0.021509376503527168
v -0.5320841454225107 2.7033474469613474 -0.10349062349647284
v -0.6014528969260379 2.5831972448996185 -0.10349062349647284
v -0.5320841454225107 2.7033474469613474 -0.021509376503527168
v -0.6014528969260379 2.5831972448996185 -0.021509376503527168
v -0.6030819879523283 2.7443380704578204 -0.021509376503527168
v -0.6724507394558554 2.6241878683960915 -0.021509376503527168
v -0.6030819879523283 2.7443380704578204 -0.10349062349647284
v -0.6724507394558554 2.6241878683960915 -0.10349062349647284
v -0.5320841454225107 2.7033474469613474 -0.021509376503527168
v -0.6014528969260379 2.5831972448996185 -0.021509376503527168
v -0.6030819879523283 2.7443380704578204 -0.021509376503527168
v -0.6724507394558554 2.6241878683960915 -0.021509376503527168
v -0.6014528969260379 2.5831972448996185 -0.10349062349647284
v -0.5320841454225107 2.7033474469613474 -0.10349062349647284
v -0.6724507394558554 2.6241878683960915 -0.10349062349647284
v -0.6030819879523283 2.7443380704578204 -0.10349062349647284
vt 0 0.0625
vt 0.0625 0.0625
vt 0 0
vt 0.0625 0
vt 0 0.0625
vt 0.0625 0.0625
vt 0 0
vt 0.0625 0
vt 0 0.0625
vt 0.125 0.0625
vt 0 0
vt 0.125 0
vt 0 0.0625
vt 0.125 0.0625
vt 0 0
vt 0.125 0
vt 0 0.0625
vt 0.125 0.0625
vt 0 0
vt 0.125 0
vt 0 0.0625
vt 0.125 0.0625
vt 0 0
vt 0.125 0
vn -0.5000000000000003 -0.8660254037844385 0
vn -0.5000000000000003 -0.8660254037844385 0
vn -0.5000000000000003 -0.8660254037844385 0
vn -0.5000000000000003 -0.8660254037844385 0
vn 0.5000000000000003 0.8660254037844385 0
vn 0.5000000000000003 0.8660254037844385 0
vn 0.5000000000000003 0.8660254037844385 0
vn 0.5000000000000003 0.8660254037844385 0
vn 0.8660254037844385 -0.5000000000000003 0
vn 0.8660254037844385 -0.5000000000000003 0
vn 0.8660254037844385 -0.5000000000000003 0
vn 0.8660254037844385 -0.5000000000000003 0
vn -0.8660254037844385 0.5000000000000003 0
vn -0.8660254037844385 0.5000000000000003 0
vn -0.8660254037844385 0.5000000000000003 0
vn -0.8660254037844385 0.5000000000000003 0
vn 0 0 0.9999999999999999
vn 0 0 0.9999999999999999
vn 0 0 0.9999999999999999
vn 0 0 0.9999999999999999
vn 0 0 -0.9999999999999999
vn 0 0 -0.9999999999999999
vn 0 0 -0.9999999999999999
vn 0 0 -0.9999999999999999
f 3121/3121/3121 3123/3123/3123 3122/3122/3122
f 3123/3123/3123 3124/3124/3124 3122/3122/3122
f 3125/3125/3125 3127/3127/3127 3126/3126/3126
f 3127/3127/3127 3128/3128/3128 3126/3126/3126
f 3129/3129/3129 3131/3131/3131 3130/3130/3130
f 3131/3131/3131 3132/3132/3132 3130/3130/3130
f 3133/3133/3133 3135/3135/3135 3134/3134/3134
f 3135/3135/3135 3136/3136/3136 3134/3134/3134
f 3137/3137/3137 3139/3139/3139 3138/3138/3138
f 3139/3139/3139 3140/3140/3140 3138/3138/3138
f 3141/3141/3141 3143/3143/3143 3142/3142/3142
f 3143/3143/3143 3144/3144/3144 3142/3142/3142
o horn_R_83
usemtl old_bone
v -0.5938143174391832 2.5200651843463606 -0.311234375
v -0.5938143174391832 2.5200651843463606 -0.376265625
v -0.6588455674391832 2.5200651843463606 -0.311234375
v -0.6588455674391832 2.5200651843463606 -0.376265625
v -0.5938143174391831 2.624115185896826 -0.376265625
v -0.5938143174391831 2.624115185896826 -0.311234375
v -0.6588455674391831 2.624115185896826 -0.376265625
v -0.6588455674391831 2.624115185896826 -0.311234375
v -0.5938143174391831 2.624115185896826 -0.376265625
v -0.5938143174391832 2.5200651843463606 -0.376265625
v -0.5938143174391831 2.624115185896826 -0.311234375
v -0.5938143174391832 2.5200651843463606 -0.311234375
v -0.6588455674391831 2.624115185896826 -0.311234375
v -0.6588455674391832 2.5200651843463606 -0.311234375
v -0.6588455674391831 2.624115185896826 -0.376265625
v -0.6588455674391832 2.5200651843463606 -0.376265625
v -0.5938143174391831 2.624115185896826 -0.311234375
v -0.5938143174391832 2.5200651843463606 -0.311234375
v -0.6588455674391831 2.624115185896826 -0.311234375
v -0.6588455674391832 2.5200651843463606 -0.311234375
v -0.5938143174391832 2.5200651843463606 -0.376265625
v -0.5938143174391831 2.624115185896826 -0.376265625
v -0.6588455674391832 2.5200651843463606 -0.376265625
v -0.6588455674391831 2.624115185896826 -0.376265625
vt 0.3125 0.625
vt 0.375 0.625
vt 0.3125 0.5625
vt 0.375 0.5625
vt 0.3125 0.625
vt 0.375 0.625
vt 0.3125 0.5625
vt 0.375 0.5625
vt 0.3125 0.625
vt 0.4375 0.625
vt 0.3125 0.5625
vt 0.4375 0.5625
vt 0.3125 0.625
vt 0.4375 0.625
vt 0.3125 0.5625
vt 0.4375 0.5625
vt 0.3125 0.625
vt 0.4375 0.625
vt 0.3125 0.5625
vt 0.4375 0.5625
vt 0.3125 0.625
vt 0.4375 0.625
vt 0.3125 0.5625
vt 0.4375 0.5625
vn -2.220446049250313e-16 -1 0
vn -2.220446049250313e-16 -1 0
vn -2.220446049250313e-16 -1 0
vn -2.220446049250313e-16 -1 0
vn 2.220446049250313e-16 1 0
vn 2.220446049250313e-16 1 0
vn 2.220446049250313e-16 1 0
vn 2.220446049250313e-16 1 0
vn 1 -2.220446049250313e-16 0
vn 1 -2.220446049250313e-16 0
vn 1 -2.220446049250313e-16 0
vn 1 -2.220446049250313e-16 0
vn -1 2.220446049250313e-16 0
vn -1 2.220446049250313e-16 0
vn -1 2.220446049250313e-16 0
vn -1 2.220446049250313e-16 0
vn 0 0 1
vn 0 0 1
vn 0 0 1
vn 0 0 1
vn 0 0 -1
vn 0 0 -1
vn 0 0 -1
vn 0 0 -1
f 3145/3145/3145 3147/3147/3147 3146/3146/3146
f 3147/3147/3147 3148/3148/3148 3146/3146/3146
f 3149/3149/3149 3151/3151/3151 3150/3150/3150
f 3151/3151/3151 3152/3152/3152 3150/3150/3150
f 3153/3153/3153 3155/3155/3155 3154/3154/3154
f 3155/3155/3155 3156/3156/3156 3154/3154/3154
f 3157/3157/3157 3159/3159/3159 3158/3158/3158
f 3159/3159/3159 3160/3160/3160 3158/3158/3158
f 3161/3161/3161 3163/3163/3163 3162/3162/3162
f 3163/3163/3163 3164/3164/3164 3162/3162/3162
f 3165/3165/3165 3167/3167/3167 3166/3166/3166
f 3167/3167/3167 3168/3168/3168 3166/3166/3166
o horn_R_83_back
usemtl old_bone
v -0.5938143174391832 2.5200651843463606 0.0012656249999999994
v -0.5938143174391832 2.5200651843463606 -0.06376562499999999
v -0.6588455674391832 2.5200651843463606 0.0012656249999999994
v -0.6588455674391832 2.5200651843463606 -0.06376562499999999
v -0.5938143174391831 2.624115185896826 -0.06376562499999999
v -0.5938143174391831 2.624115185896826 0.0012656249999999994
v -0.6588455674391831 2.624115185896826 -0.06376562499999999
v -0.6588455674391831 2.624115185896826 0.0012656249999999994
v -0.5938143174391831 2.624115185896826 -0.06376562499999999
v -0.5938143174391832 2.5200651843463606 -0.06376562499999999
v -0.5938143174391831 2.624115185896826 0.0012656249999999994
v -0.5938143174391832 2.5200651843463606 0.0012656249999999994
v -0.6588455674391831 2.624115185896826 0.0012656249999999994
v -0.6588455674391832 2.5200651843463606 0.0012656249999999994
v -0.6588455674391831 2.624115185896826 -0.06376562499999999
v -0.6588455674391832 2.5200651843463606 -0.06376562499999999
v -0.5938143174391831 2.624115185896826 0.0012656249999999994
v -0.5938143174391832 2.5200651843463606 0.0012656249999999994
v -0.6588455674391831 2.624115185896826 0.0012656249999999994
v -0.6588455674391832 2.5200651843463606 0.0012656249999999994
v -0.5938143174391832 2.5200651843463606 -0.06376562499999999
v -0.5938143174391831 2.624115185896826 -0.06376562499999999
v -0.6588455674391832 2.5200651843463606 -0.06376562499999999
v -0.6588455674391831 2.624115185896826 -0.06376562499999999
vt 0.3125 0.625
vt 0.375 0.625
vt 0.3125 0.5625
vt 0.375 0.5625
vt 0.3125 0.625
vt 0.375 0.625
vt 0.3125 0.5625
vt 0.375 0.5625
vt 0.3125 0.625
vt 0.4375 0.625
vt 0.3125 0.5625
vt 0.4375 0.5625
vt 0.3125 0.625
vt 0.4375 0.625
vt 0.3125 0.5625
vt 0.4375 0.5625
vt 0.3125 0.625
vt 0.4375 0.625
vt 0.3125 0.5625
vt 0.4375 0.5625
vt 0.3125 0.625
vt 0.4375 0.625
vt 0.3125 0.5625
vt 0.4375 0.5625
vn -2.220446049250313e-16 -1 0
vn -2.220446049250313e-16 -1 0
vn -2.220446049250313e-16 -1 0
vn -2.220446049250313e-16 -1 0
vn 2.220446049250313e-16 1 0
vn 2.220446049250313e-16 1 0
vn 2.220446049250313e-16 1 0
vn 2.220446049250313e-16 1 0
vn 1 -2.220446049250313e-16 0
vn 1 -2.220446049250313e-16 0
vn 1 -2.220446049250313e-16 0
vn 1 -2.220446049250313e-16 0
vn -1 2.220446049250313e-16 0
vn -1 2.220446049250313e-16 0
vn -1 2.220446049250313e-16 0
vn -1 2.220446049250313e-16 0
vn 0 0 1
vn 0 0 1
vn 0 0 1
vn 0 0 1
vn 0 0 -1
vn 0 0 -1
vn 0 0 -1
vn 0 0 -1
f 3169/3169/3169 3171/3171/3171 3170/3170/3170
f 3171/3171/3171 3172/3172/3172 3170/3170/3170
f 3173/3173/3173 3175/3175/3175 3174/3174/3174
f 3175/3175/3175 3176/3176/3176 3174/3174/3174
f 3177/3177/3177 3179/3179/3179 3178/3178/3178
f 3179/3179/3179 3180/3180/3180 3178/3178/3178
f 3181/3181/3181 3183/3183/3183 3182/3182/3182
f 3183/3183/3183 3184/3184/3184 3182/3182/3182
f 3185/3185/3185 3187/3187/3187 3186/3186/3186
f 3187/3187/3187 3188/3188/3188 3186/3186/3186
f 3189/3189/3189 3191/3191/3191 3190/3190/3190
f 3191/3191/3191 3192/3192/3192 3190/3190/3190
o maw_fire_123
usemtl eye_flame
v 0.628375 2.119340624244884 0.05700937348976732
v 0.628375 2.119340624244884 -0.05700937348976732
v 0.628375 2.0306593757551163 0.05700937348976732
v 0.628375 2.0306593757551163 -0.05700937348976732
v 0.12162499999999998 2.119340624244884 -0.05700937348976732
v 0.12162499999999998 2.119340624244884 0.05700937348976732
v 0.12162499999999998 2.0306593757551163 -0.05700937348976732
v 0.12162499999999998 2.0306593757551163 0.05700937348976732
v 0.12162499999999998 2.119340624244884 -0.05700937348976732
v 0.628375 2.119340624244884 -0.05700937348976732
v 0.12162499999999998 2.119340624244884 0.05700937348976732
v 0.628375 2.119340624244884 0.05700937348976732
v 0.12162499999999998 2.0306593757551163 0.05700937348976732
v 0.628375 2.0306593757551163 0.05700937348976732
v 0.12162499999999998 2.0306593757551163 -0.05700937348976732
v 0.628375 2.0306593757551163 -0.05700937348976732
v 0.12162499999999998 2.119340624244884 0.05700937348976732
v 0.628375 2.119340624244884 0.05700937348976732
v 0.12162499999999998 2.0306593757551163 0.05700937348976732
v 0.628375 2.0306593757551163 0.05700937348976732
v 0.628375 2.119340624244884 -0.05700937348976732
v 0.12162499999999998 2.119340624244884 -0.05700937348976732
v 0.628375 2.0306593757551163 -0.05700937348976732
v 0.12162499999999998 2.0306593757551163 -0.05700937348976732
vt 0.4375 0.1875
vt 0.5625 0.1875
vt 0.4375 0.125
vt 0.5625 0.125
vt 0.4375 0.1875
vt 0.5625 0.1875
vt 0.4375 0.125
vt 0.5625 0.125
vt 0.4375 0.25
vt 0.9375 0.25
vt 0.4375 0.125
vt 0.9375 0.125
vt 0.4375 0.25
vt 0.9375 0.25
vt 0.4375 0.125
vt 0.9375 0.125
vt 0.4375 0.1875
vt 0.9375 0.1875
vt 0.4375 0.125
vt 0.9375 0.125
vt 0.4375 0.1875
vt 0.9375 0.1875
vt 0.4375 0.125
vt 0.9375 0.125
vn 1 0 0
vn 1 0 0
vn 1 0 0
vn 1 0 0
vn -1 0 0
vn -1 0 0
vn -1 0 0
vn -1 0 0
vn 0 1 0
vn 0 1 0
vn 0 1 0
vn 0 1 0
vn 0 -1 0
vn 0 -1 0
vn 0 -1 0
vn 0 -1 0
vn 0 0 1
vn 0 0 1
vn 0 0 1
vn 0 0 1
vn 0 0 -1
vn 0 0 -1
vn 0 0 -1
vn 0 0 -1
f 3193/3193/3193 3195/3195/3195 3194/3194/3194
f 3195/3195/3195 3196/3196/3196 3194/3194/3194
f 3197/3197/3197 3199/3199/3199 3198/3198/3198
f 3199/3199/3199 3200/3200/3200 3198/3198/3198
f 3201/3201/3201 3203/3203/3203 3202/3202/3202
f 3203/3203/3203 3204/3204/3204 3202/3202/3202
f 3205/3205/3205 3207/3207/3207 3206/3206/3206
f 3207/3207/3207 3208/3208/3208 3206/3206/3206
f 3209/3209/3209 3211/3211/3211 3210/3210/3210
f 3211/3211/3211 3212/3212/3212 3210/3210/3210
f 3213/3213/3213 3215/3215/3215 3214/3214/3214
f 3215/3215/3215 3216/3216/3216 3214/3214/3214
o maw_fire_124
usemtl eye_flame
v 0.56953125 2.16390625 0.052250000778585666
v 0.56953125 2.16390625 -0.052250000778585666
v 0.56953125 2.09859375 0.052250000778585666
v 0.56953125 2.09859375 -0.052250000778585666
v 0.24296875 2.16390625 -0.052250000778585666
v 0.24296875 2.16390625 0.052250000778585666
v 0.24296875 2.09859375 -0.052250000778585666
v 0.24296875 2.09859375 0.052250000778585666
v 0.24296875 2.16390625 -0.052250000778585666
v 0.56953125 2.16390625 -0.052250000778585666
v 0.24296875 2.16390625 0.052250000778585666
v 0.56953125 2.16390625 0.052250000778585666
v 0.24296875 2.09859375 0.052250000778585666
v 0.56953125 2.09859375 0.052250000778585666
v 0.24296875 2.09859375 -0.052250000778585666
v 0.56953125 2.09859375 -0.052250000778585666
v 0.24296875 2.16390625 0.052250000778585666
v 0.56953125 2.16390625 0.052250000778585666
v 0.24296875 2.09859375 0.052250000778585666
v 0.56953125 2.09859375 0.052250000778585666
v 0.56953125 2.16390625 -0.052250000778585666
v 0.24296875 2.16390625 -0.052250000778585666
v 0.56953125 2.09859375 -0.052250000778585666
v 0.24296875 2.09859375 -0.052250000778585666
vt 0.1875 0.375
vt 0.3125 0.375
vt 0.1875 0.3125
vt 0.3125 0.3125
vt 0.1875 0.375
vt 0.3125 0.375
vt 0.1875 0.3125
vt 0.3125 0.3125
vt 0.1875 0.4375
vt 0.5 0.4375
vt 0.1875 0.3125
vt 0.5 0.3125
vt 0.1875 0.4375
vt 0.5 0.4375
vt 0.1875 0.3125
vt 0.5 0.3125
vt 0.1875 0.375
vt 0.5 0.375
vt 0.1875 0.3125
vt 0.5 0.3125
vt 0.1875 0.375
vt 0.5 0.375
vt 0.1875 0.3125
vt 0.5 0.3125
vn 1 0 0
vn 1 0 0
vn 1 0 0
vn 1 0 0
vn -1 0 0
vn -1 0 0
vn -1 0 0
vn -1 0 0
vn 0 1 0
vn 0 1 0
vn 0 1 0
vn 0 1 0
vn 0 -1 0
vn 0 -1 0
vn 0 -1 0
vn 0 -1 0
vn 0 0 1
vn 0 0 1
vn 0 0 1
vn 0 0 1
vn 0 0 -1
vn 0 0 -1
vn 0 0 -1
vn 0 0 -1
f 3217/3217/3217 3219/3219/3219 3218/3218/3218
f 3219/3219/3219 3220/3220/3220 3218/3218/3218
f 3221/3221/3221 3223/3223/3223 3222/3222/3222
f 3223/3223/3223 3224/3224/3224 3222/3222/3222
f 3225/3225/3225 3227/3227/3227 3226/3226/3226
f 3227/3227/3227 3228/3228/3228 3226/3226/3226
f 3229/3229/3229 3231/3231/3231 3230/3230/3230
f 3231/3231/3231 3232/3232/3232 3230/3230/3230
f 3233/3233/3233 3235/3235/3235 3234/3234/3234
f 3235/3235/3235 3236/3236/3236 3234/3234/3234
f 3237/3237/3237 3239/3239/3239 3238/3238/3238
f 3239/3239/3239 3240/3240/3240 3238/3238/3238
o eye_flame_L_54_back
usemtl eye_flame
v 0.2820458412104201 2.3809172810268135 -0.24383437574841083
v 0.2820458412104201 2.3809172810268135 -0.20616562425158919
v 0.2820458412104201 2.2940827189731863 -0.24383437574841083
v 0.2820458412104201 2.2940827189731863 -0.20616562425158919
v 0.16795415878957992 2.3809172810268135 -0.20616562425158919
v 0.16795415878957992 2.3809172810268135 -0.24383437574841083
v 0.16795415878957992 2.2940827189731863 -0.20616562425158919
v 0.16795415878957992 2.2940827189731863 -0.24383437574841083
v 0.16795415878957992 2.3809172810268135 -0.20616562425158919
v 0.2820458412104201 2.3809172810268135 -0.20616562425158919
v 0.16795415878957992 2.3809172810268135 -0.24383437574841083
v 0.2820458412104201 2.3809172810268135 -0.24383437574841083
v 0.16795415878957992 2.2940827189731863 -0.24383437574841083
v 0.2820458412104201 2.2940827189731863 -0.24383437574841083
v 0.16795415878957992 2.2940827189731863 -0.20616562425158919
v 0.2820458412104201 2.2940827189731863 -0.20616562425158919
v 0.16795415878957992 2.3809172810268135 -0.24383437574841083
v 0.2820458412104201 2.3809172810268135 -0.24383437574841083
v 0.16795415878957992 2.2940827189731863 -0.24383437574841083
v 0.2820458412104201 2.2940827189731863 -0.24383437574841083
v 0.2820458412104201 2.3809172810268135 -0.20616562425158919
v 0.16795415878957992 2.3809172810268135 -0.20616562425158919
v 0.2820458412104201 2.2940827189731863 -0.20616562425158919
v 0.16795415878957992 2.2940827189731863 -0.20616562425158919
vt 0 1.0625
vt 0.0625 1.0625
vt 0 0.9375
vt 0.0625 0.9375
vt 0 1.0625
vt 0.0625 1.0625
vt 0 0.9375
vt 0.0625 0.9375
vt 0 1
vt 0.125 1
vt 0 0.9375
vt 0.125 0.9375
vt 0 1
vt 0.125 1
vt 0 0.9375
vt 0.125 0.9375
vt 0 1.0625
vt 0.125 1.0625
vt 0 0.9375
vt 0.125 0.9375
vt 0 1.0625
vt 0.125 1.0625
vt 0 0.9375
vt 0.125 0.9375
vn 1 0 0
vn 1 0 0
vn 1 0 0
vn 1 0 0
vn -1 0 0
vn -1 0 0
vn -1 0 0
vn -1 0 0
vn 0 1 0
vn 0 1 0
vn 0 1 0
vn 0 1 0
vn 0 -1 0
vn 0 -1 0
vn 0 -1 0
vn 0 -1 0
vn 0 0 -0.9999999999999999
vn 0 0 -0.9999999999999999
vn 0 0 -0.9999999999999999
vn 0 0 -0.9999999999999999
vn 0 0 0.9999999999999999
vn 0 0 0.9999999999999999
vn 0 0 0.9999999999999999
vn 0 0 0.9999999999999999
f 3241/3241/3241 3243/3243/3243 3242/3242/3242
f 3243/3243/3243 3244/3244/3244 3242/3242/3242
f 3245/3245/3245 3247/3247/3247 3246/3246/3246
f 3247/3247/3247 3248/3248/3248 3246/3246/3246
f 3249/3249/3249 3251/3251/3251 3250/3250/3250
f 3251/3251/3251 3252/3252/3252 3250/3250/3250
f 3253/3253/3253 3255/3255/3255 3254/3254/3254
f 3255/3255/3255 3256/3256/3256 3254/3254/3254
f 3257/3257/3257 3259/3259/3259 3258/3258/3258
f 3259/3259/3259 3260/3260/3260 3258/3258/3258
f 3261/3261/3261 3263/3263/3263 3262/3262/3262
f 3263/3263/3263 3264/3264/3264 3262/3262/3262
o eye_flame_L_55_back
usemtl eye_flame
v 0.27229210819258115 2.457918659839232 -0.2411875
v 0.27229210819258115 2.457918659839232 -0.2088125
v 0.27229210819258115 2.3683610627386273 -0.2411875
v 0.27229210819258115 2.3683610627386273 -0.2088125
v 0.20610303384841977 2.457918659839232 -0.2088125
v 0.20610303384841977 2.457918659839232 -0.2411875
v 0.20610303384841977 2.3683610627386273 -0.2088125
v 0.20610303384841977 2.3683610627386273 -0.2411875
v 0.20610303384841977 2.457918659839232 -0.2088125
v 0.27229210819258115 2.457918659839232 -0.2088125
v 0.20610303384841977 2.457918659839232 -0.2411875
v 0.27229210819258115 2.457918659839232 -0.2411875
v 0.20610303384841977 2.3683610627386273 -0.2411875
v 0.27229210819258115 2.3683610627386273 -0.2411875
v 0.20610303384841977 2.3683610627386273 -0.2088125
v 0.27229210819258115 2.3683610627386273 -0.2088125
v 0.20610303384841977 2.457918659839232 -0.2411875
v 0.27229210819258115 2.457918659839232 -0.2411875
v 0.20610303384841977 2.3683610627386273 -0.2411875
v 0.27229210819258115 2.3683610627386273 -0.2411875
v 0.27229210819258115 2.457918659839232 -0.2088125
v 0.20610303384841977 2.457918659839232 -0.2088125
v 0.27229210819258115 2.3683610627386273 -0.2088125
v 0.20610303384841977 2.3683610627386273 -0.2088125
vt 0.8125 0.1875
vt 0.875 0.1875
vt 0.8125 0.0625
vt 0.875 0.0625
vt 0.8125 0.1875
vt 0.875 0.1875
vt 0.8125 0.0625
vt 0.875 0.0625
vt 0.8125 0.125
vt 0.875 0.125
vt 0.8125 0.0625
vt 0.875 0.0625
vt 0.8125 0.125
vt 0.875 0.125
vt 0.8125 0.0625
vt 0.875 0.0625
vt 0.8125 0.1875
vt 0.875 0.1875
vt 0.8125 0.0625
vt 0.875 0.0625
vt 0.8125 0.1875
vt 0.875 0.1875
vt 0.8125 0.0625
vt 0.875 0.0625
vn 1 0 0
vn 1 0 0
vn 1 0 0
vn 1 0 0
vn -1 0 0
vn -1 0 0
vn -1 0 0
vn -1 0 0
vn 0 0.9999999999999999 0
vn 0 0.9999999999999999 0
vn 0 0.9999999999999999 0
vn 0 0.9999999999999999 0
vn 0 -0.9999999999999999 0
vn 0 -0.9999999999999999 0
vn 0 -0.9999999999999999 0
vn 0 -0.9999999999999999 0
vn 0 0 -1
vn 0 0 -1
vn 0 0 -1
vn 0 0 -1
vn 0 0 1
vn 0 0 1
vn 0 0 1
vn 0 0 1
f 3265/3265/3265 3267/3267/3267 3266/3266/3266
f 3267/3267/3267 3268/3268/3268 3266/3266/3266
f 3269/3269/3269 3271/3271/3271 3270/3270/3270
f 3271/3271/3271 3272/3272/3272 3270/3270/3270
f 3273/3273/3273 3275/3275/3275 3274/3274/3274
f 3275/3275/3275 3276/3276/3276 3274/3274/3274
f 3277/3277/3277 3279/3279/3279 3278/3278/3278
f 3279/3279/3279 3280/3280/3280 3278/3278/3278
f 3281/3281/3281 3283/3283/3283 3282/3282/3282
f 3283/3283/3283 3284/3284/3284 3282/3282/3282
f 3285/3285/3285 3287/3287/3287 3286/3286/3286
f 3287/3287/3287 3288/3288/3288 3286/3286/3286
o eye_flame_L_56_back
usemtl eye_flame
v 0.22161032991885551 2.5052313924082017 -0.2376125001879409
v 0.22161032991885551 2.5052313924082017 -0.21238749981205912
v 0.22161032991885551 2.4507166638078233 -0.2376125001879409
v 0.22161032991885551 2.4507166638078233 -0.21238749981205912
v 0.18579695701964313 2.5052313924082017 -0.21238749981205912
v 0.18579695701964313 2.5052313924082017 -0.2376125001879409
v 0.18579695701964313 2.4507166638078233 -0.21238749981205912
v 0.18579695701964313 2.4507166638078233 -0.2376125001879409
v 0.18579695701964313 2.5052313924082017 -0.21238749981205912
v 0.22161032991885551 2.5052313924082017 -0.21238749981205912
v 0.18579695701964313 2.5052313924082017 -0.2376125001879409
v 0.22161032991885551 2.5052313924082017 -0.2376125001879409
v 0.18579695701964313 2.4507166638078233 -0.2376125001879409
v 0.22161032991885551 2.4507166638078233 -0.2376125001879409
v 0.18579695701964313 2.4507166638078233 -0.21238749981205912
v 0.22161032991885551 2.4507166638078233 -0.21238749981205912
v 0.18579695701964313 2.5052313924082017 -0.2376125001879409
v 0.22161032991885551 2.5052313924082017 -0.2376125001879409
v 0.18579695701964313 2.4507166638078233 -0.2376125001879409
v 0.22161032991885551 2.4507166638078233 -0.2376125001879409
v 0.22161032991885551 2.5052313924082017 -0.21238749981205912
v 0.18579695701964313 2.5052313924082017 -0.21238749981205912
v 0.22161032991885551 2.4507166638078233 -0.21238749981205912
v 0.18579695701964313 2.4507166638078233 -0.21238749981205912
vt 0.4375 0.625
vt 0.5 0.625
vt 0.4375 0.5625
vt 0.5 0.5625
vt 0.4375 0.625
vt 0.5 0.625
vt 0.4375 0.5625
vt 0.5 0.5625
vt 0.4375 0.625
vt 0.5 0.625
vt 0.4375 0.5625
vt 0.5 0.5625
vt 0.4375 0.625
vt 0.5 0.625
vt 0.4375 0.5625
vt 0.5 0.5625
vt 0.4375 0.625
vt 0.5 0.625
vt 0.4375 0.5625
vt 0.5 0.5625
vt 0.4375 0.625
vt 0.5 0.625
vt 0.4375 0.5625
vt 0.5 0.5625
vn 0.9999999999999999 0 0
vn 0.9999999999999999 0 0
vn 0.9999999999999999 0 0
vn 0.9999999999999999 0 0
vn -0.9999999999999999 0 0
vn -0.9999999999999999 0 0
vn -0.9999999999999999 0 0
vn -0.9999999999999999 0 0
vn 0 1 0
vn 0 1 0
vn 0 1 0
vn 0 1 0
vn 0 -1 0
vn 0 -1 0
vn 0 -1 0
vn 0 -1 0
vn 0 0 -1
vn 0 0 -1
vn 0 0 -1
vn 0 0 -1
vn 0 0 1
vn 0 0 1
vn 0 0 1
vn 0 0 1
f 3289/3289/3289 3291/3291/3291 3290/3290/3290
f 3291/3291/3291 3292/3292/3292 3290/3290/3290
f 3293/3293/3293 3295/3295/3295 3294/3294/3294
f 3295/3295/3295 3296/3296/3296 3294/3294/3294
f 3297/3297/3297 3299/3299/3299 3298/3298/3298
f 3299/3299/3299 3300/3300/3300 3298/3298/3298
f 3301/3301/3301 3303/3303/3303 3302/3302/3302
f 3303/3303/3303 3304/3304/3304 3302/3302/3302
f 3305/3305/3305 3307/3307/3307 3306/3306/3306
f 3307/3307/3307 3308/3308/3308 3306/3306/3306
f 3309/3309/3309 3311/3311/3311 3310/3310/3310
f 3311/3311/3311 3312/3312/3312 3310/3310/3310
o horn_L_72_back
usemtl grave_bone
v -0.24785033898922706 2.6501379434575862 -0.2724062468856573
v -0.24785033898922706 2.6501379434575862 -0.1025937531143427
v -0.08827879167506969 2.7082172369157402 -0.2724062468856573
v -0.08827879167506969 2.7082172369157402 -0.1025937531143427
v -0.17190048878163489 2.441467445001266 -0.1025937531143427
v -0.17190048878163489 2.441467445001266 -0.2724062468856573
v -0.012328941467477511 2.49954673845942 -0.1025937531143427
v -0.012328941467477511 2.49954673845942 -0.2724062468856573
v -0.17190048878163489 2.441467445001266 -0.1025937531143427
v -0.24785033898922706 2.6501379434575862 -0.1025937531143427
v -0.17190048878163489 2.441467445001266 -0.2724062468856573
v -0.24785033898922706 2.6501379434575862 -0.2724062468856573
v -0.012328941467477511 2.49954673845942 -0.2724062468856573
v -0.08827879167506969 2.7082172369157402 -0.2724062468856573
v -0.012328941467477511 2.49954673845942 -0.1025937531143427
v -0.08827879167506969 2.7082172369157402 -0.1025937531143427
v -0.17190048878163489 2.441467445001266 -0.2724062468856573
v -0.24785033898922706 2.6501379434575862 -0.2724062468856573
v -0.012328941467477511 2.49954673845942 -0.2724062468856573
v -0.08827879167506969 2.7082172369157402 -0.2724062468856573
v -0.24785033898922706 2.6501379434575862 -0.1025937531143427
v -0.17190048878163489 2.441467445001266 -0.1025937531143427
v -0.08827879167506969 2.7082172369157402 -0.1025937531143427
v -0.012328941467477511 2.49954673845942 -0.1025937531143427
vt 0.875 0.375
vt 1.0625 0.375
vt 0.875 0.1875
vt 1.0625 0.1875
vt 0.875 0.375
vt 1.0625 0.375
vt 0.875 0.1875
vt 1.0625 0.1875
vt 0.875 0.375
vt 1.0625 0.375
vt 0.875 0.1875
vt 1.0625 0.1875
vt 0.875 0.375
vt 1.0625 0.375
vt 0.875 0.1875
vt 1.0625 0.1875
vt 0.875 0.375
vt 1.0625 0.375
vt 0.875 0.1875
vt 1.0625 0.1875
vt 0.875 0.375
vt 1.0625 0.375
vt 0.875 0.1875
vt 1.0625 0.1875
vn -0.34202014332566866 0.9396926207859082 0
vn -0.34202014332566866 0.9396926207859082 0
vn -0.34202014332566866 0.9396926207859082 0
vn -0.34202014332566866 0.9396926207859082 0
vn 0.34202014332566866 -0.9396926207859082 0
vn 0.34202014332566866 -0.9396926207859082 0
vn 0.34202014332566866 -0.9396926207859082 0
vn 0.34202014332566866 -0.9396926207859082 0
vn -0.9396926207859082 -0.34202014332566866 0
vn -0.9396926207859082 -0.34202014332566866 0
vn -0.9396926207859082 -0.34202014332566866 0
vn -0.9396926207859082 -0.34202014332566866 0
vn 0.9396926207859082 0.34202014332566866 0
vn 0.9396926207859082 0.34202014332566866 0
vn 0.9396926207859082 0.34202014332566866 0
vn 0.9396926207859082 0.34202014332566866 0
vn 0 0 -1
vn 0 0 -1
vn 0 0 -1
vn 0 0 -1
vn 0 0 1
vn 0 0 1
vn 0 0 1
vn 0 0 1
f 3313/3313/3313 3315/3315/3315 3314/3314/3314
f 3315/3315/3315 3316/3316/3316 3314/3314/3314
f 3317/3317/3317 3319/3319/3319 3318/3318/3318
f 3319/3319/3319 3320/3320/3320 3318/3318/3318
f 3321/3321/3321 3323/3323/3323 3322/3322/3322
f 3323/3323/3323 3324/3324/3324 3322/3322/3322
f 3325/3325/3325 3327/3327/3327 3326/3326/3326
f 3327/3327/3327 3328/3328/3328 3326/3326/3326
f 3329/3329/3329 3331/3331/3331 3330/3330/3330
f 3331/3331/3331 3332/3332/3332 3330/3330/3330
f 3333/3333/3333 3335/3335/3335 3334/3334/3334
f 3335/3335/3335 3336/3336/3336 3334/3334/3334
o horn_L_73_back
usemtl old_bone
v -0.35510225697965647 2.720832983614436 -0.2887375015169382
v -0.35510225697965647 2.720832983614436 -0.14876249848306178
v -0.265128059363645 2.828060056864099 -0.2887375015169382
v -0.265128059363645 2.828060056864099 -0.14876249848306178
v -0.19913560603654845 2.5899614243321185 -0.14876249848306178
v -0.19913560603654845 2.5899614243321185 -0.2887375015169382
v -0.10916140842053694 2.6971884975817817 -0.14876249848306178
v -0.10916140842053694 2.6971884975817817 -0.2887375015169382
v -0.19913560603654845 2.5899614243321185 -0.14876249848306178
v -0.35510225697965647 2.720832983614436 -0.14876249848306178
v -0.19913560603654845 2.5899614243321185 -0.2887375015169382
v -0.35510225697965647 2.720832983614436 -0.2887375015169382
v -0.10916140842053694 2.6971884975817817 -0.2887375015169382
v -0.265128059363645 2.828060056864099 -0.2887375015169382
v -0.10916140842053694 2.6971884975817817 -0.14876249848306178
v -0.265128059363645 2.828060056864099 -0.14876249848306178
v -0.19913560603654845 2.5899614243321185 -0.2887375015169382
v -0.35510225697965647 2.720832983614436 -0.2887375015169382
v -0.10916140842053694 2.6971884975817817 -0.2887375015169382
v -0.265128059363645 2.828060056864099 -0.2887375015169382
v -0.35510225697965647 2.720832983614436 -0.14876249848306178
v -0.19913560603654845 2.5899614243321185 -0.14876249848306178
v -0.265128059363645 2.828060056864099 -0.14876249848306178
v -0.10916140842053694 2.6971884975817817 -0.14876249848306178
vt 0.25 0.625
vt 0.375 0.625
vt 0.25 0.5
vt 0.375 0.5
vt 0.25 0.625
vt 0.375 0.625
vt 0.25 0.5
vt 0.375 0.5
vt 0.25 0.625
vt 0.4375 0.625
vt 0.25 0.5
vt 0.4375 0.5
vt 0.25 0.625
vt 0.4375 0.625
vt 0.25 0.5
vt 0.4375 0.5
vt 0.25 0.625
vt 0.4375 0.625
vt 0.25 0.5
vt 0.4375 0.5
vt 0.25 0.625
vt 0.4375 0.625
vt 0.25 0.5
vt 0.4375 0.5
vn -0.7660444431189778 0.6427876096865395 0
vn -0.7660444431189778 0.6427876096865395 0
vn -0.7660444431189778 0.6427876096865395 0
vn -0.7660444431189778 0.6427876096865395 0
vn 0.7660444431189778 -0.6427876096865395 0
vn 0.7660444431189778 -0.6427876096865395 0
vn 0.7660444431189778 -0.6427876096865395 0
vn 0.7660444431189778 -0.6427876096865395 0
vn -0.6427876096865395 -0.7660444431189778 0
vn -0.6427876096865395 -0.7660444431189778 0
vn -0.6427876096865395 -0.7660444431189778 0
vn -0.6427876096865395 -0.7660444431189778 0
vn 0.6427876096865395 0.7660444431189778 0
vn 0.6427876096865395 0.7660444431189778 0
vn 0.6427876096865395 0.7660444431189778 0
vn 0.6427876096865395 0.7660444431189778 0
vn 0 0 -1
vn 0 0 -1
vn 0 0 -1
vn 0 0 -1
vn 0 0 1
vn 0 0 1
vn 0 0 1
vn 0 0 1
f 3337/3337/3337 3339/3339/3339 3338/3338/3338
f 3339/3339/3339 3340/3340/3340 3338/3338/3338
f 3341/3341/3341 3343/3343/3343 3342/3342/3342
f 3343/3343/3343 3344/3344/3344 3342/3342/3342
f 3345/3345/3345 3347/3347/3347 3346/3346/3346
f 3347/3347/3347 3348/3348/3348 3346/3346/3346
f 3349/3349/3349 3351/3351/3351 3350/3350/3350
f 3351/3351/3351 3352/3352/3352 3350/3350/3350
f 3353/3353/3353 3355/3355/3355 3354/3354/3354
f 3355/3355/3355 3356/3356/3356 3354/3354/3354
f 3357/3357/3357 3359/3359/3359 3358/3358/3358
f 3359/3359/3359 3360/3360/3360 3358/3358/3358
o horn_L_74_back
usemtl grave_bone
v -0.4857972441474025 2.7260033715615735 -0.3123140617180616
v -0.4857972441474025 2.7260033715615735 -0.1876859382819384
v -0.4641557976266705 2.84873811376483 -0.3123140617180616
v -0.4641557976266705 2.84873811376483 -0.1876859382819384
v -0.2920055434999689 2.6918326661000527 -0.1876859382819384
v -0.2920055434999689 2.6918326661000527 -0.3123140617180616
v -0.27036409697923686 2.814567408303309 -0.1876859382819384
v -0.27036409697923686 2.814567408303309 -0.3123140617180616
v -0.2920055434999689 2.6918326661000527 -0.1876859382819384
v -0.4857972441474025 2.7260033715615735 -0.1876859382819384
v -0.2920055434999689 2.6918326661000527 -0.3123140617180616
v -0.4857972441474025 2.7260033715615735 -0.3123140617180616
v -0.27036409697923686 2.814567408303309 -0.3123140617180616
v -0.4641557976266705 2.84873811376483 -0.3123140617180616
v -0.27036409697923686 2.814567408303309 -0.1876859382819384
v -0.4641557976266705 2.84873811376483 -0.1876859382819384
v -0.2920055434999689 2.6918326661000527 -0.3123140617180616
v -0.4857972441474025 2.7260033715615735 -0.3123140617180616
v -0.27036409697923686 2.814567408303309 -0.3123140617180616
v -0.4641557976266705 2.84873811376483 -0.3123140617180616
v -0.4857972441474025 2.7260033715615735 -0.1876859382819384
v -0.2920055434999689 2.6918326661000527 -0.1876859382819384
v -0.4641557976266705 2.84873811376483 -0.1876859382819384
v -0.27036409697923686 2.814567408303309 -0.1876859382819384
vt 0 0.9375
vt 0.125 0.9375
vt 0 0.8125
vt 0.125 0.8125
vt 0 0.9375
vt 0.125 0.9375
vt 0 0.8125
vt 0.125 0.8125
vt 0 0.9375
vt 0.1875 0.9375
vt 0 0.8125
vt 0.1875 0.8125
vt 0 0.9375
vt 0.1875 0.9375
vt 0 0.8125
vt 0.1875 0.8125
vt 0 0.9375
vt 0.1875 0.9375
vt 0 0.8125
vt 0.1875 0.8125
vt 0 0.9375
vt 0.1875 0.9375
vt 0 0.8125
vt 0.1875 0.8125
vn -0.9848077530122081 0.17364817766693022 0
vn -0.9848077530122081 0.17364817766693022 0
vn -0.9848077530122081 0.17364817766693022 0
vn -0.9848077530122081 0.17364817766693022 0
vn 0.9848077530122081 -0.17364817766693022 0
vn 0.9848077530122081 -0.17364817766693022 0
vn 0.9848077530122081 -0.17364817766693022 0
vn 0.9848077530122081 -0.17364817766693022 0
vn -0.17364817766693022 -0.9848077530122081 0
vn -0.17364817766693022 -0.9848077530122081 0
vn -0.17364817766693022 -0.9848077530122081 0
vn -0.17364817766693022 -0.9848077530122081 0
vn 0.17364817766693022 0.9848077530122081 0
vn 0.17364817766693022 0.9848077530122081 0
vn 0.17364817766693022 0.9848077530122081 0
vn 0.17364817766693022 0.9848077530122081 0
vn 0 0 -1
vn 0 0 -1
vn 0 0 -1
vn 0 0 -1
vn 0 0 1
vn 0 0 1
vn 0 0 1
vn 0 0 1
f 3361/3361/3361 3363/3363/3363 3362/3362/3362
f 3363/3363/3363 3364/3364/3364 3362/3362/3362
f 3365/3365/3365 3367/3367/3367 3366/3366/3366
f 3367/3367/3367 3368/3368/3368 3366/3366/3366
f 3369/3369/3369 3371/3371/3371 3370/3370/3370
f 3371/3371/3371 3372/3372/3372 3370/3370/3370
f 3373/3373/3373 3375/3375/3375 3374/3374/3374
f 3375/3375/3375 3376/3376/3376 3374/3374/3374
f 3377/3377/3377 3379/3379/3379 3378/3378/3378
f 3379/3379/3379 3380/3380/3380 3378/3378/3378
f 3381/3381/3381 3383/3383/3383 3382/3382/3382
f 3383/3383/3383 3384/3384/3384 3382/3382/3382
o horn_L_75_back
usemtl old_bone
v -0.5700341769561443 2.665898000034371 -0.33237500076182186
v -0.5700341769561443 2.665898000034371 -0.23012499923817814
v -0.6132468948630505 2.7585679726397583 -0.33237500076182186
v -0.6132468948630505 2.7585679726397583 -0.23012499923817814
v -0.4194454792398967 2.7361186630110454 -0.23012499923817814
v -0.4194454792398967 2.7361186630110454 -0.33237500076182186
v -0.4626581971468029 2.8287886356164327 -0.23012499923817814
v -0.4626581971468029 2.8287886356164327 -0.33237500076182186
v -0.4194454792398967 2.7361186630110454 -0.23012499923817814
v -0.5700341769561443 2.665898000034371 -0.23012499923817814
v -0.4194454792398967 2.7361186630110454 -0.33237500076182186
v -0.5700341769561443 2.665898000034371 -0.33237500076182186
v -0.4626581971468029 2.8287886356164327 -0.33237500076182186
v -0.6132468948630505 2.7585679726397583 -0.33237500076182186
v -0.4626581971468029 2.8287886356164327 -0.23012499923817814
v -0.6132468948630505 2.7585679726397583 -0.23012499923817814
v -0.4194454792398967 2.7361186630110454 -0.33237500076182186
v -0.5700341769561443 2.665898000034371 -0.33237500076182186
v -0.4626581971468029 2.8287886356164327 -0.33237500076182186
v -0.6132468948630505 2.7585679726397583 -0.33237500076182186
v -0.5700341769561443 2.665898000034371 -0.23012499923817814
v -0.4194454792398967 2.7361186630110454 -0.23012499923817814
v -0.6132468948630505 2.7585679726397583 -0.23012499923817814
v -0.4626581971468029 2.8287886356164327 -0.23012499923817814
vt 0.375 0.8125
vt 0.5 0.8125
vt 0.375 0.6875
vt 0.5 0.6875
vt 0.375 0.8125
vt 0.5 0.8125
vt 0.375 0.6875
vt 0.5 0.6875
vt 0.375 0.8125
vt 0.5625 0.8125
vt 0.375 0.6875
vt 0.5625 0.6875
vt 0.375 0.8125
vt 0.5625 0.8125
vt 0.375 0.6875
vt 0.5625 0.6875
vt 0.375 0.8125
vt 0.5625 0.8125
vt 0.375 0.6875
vt 0.5625 0.6875
vt 0.375 0.8125
vt 0.5625 0.8125
vt 0.375 0.6875
vt 0.5625 0.6875
vn -0.90630778703665 -0.42261826174069933 0
vn -0.90630778703665 -0.42261826174069933 0
vn -0.90630778703665 -0.42261826174069933 0
vn -0.90630778703665 -0.42261826174069933 0
vn 0.90630778703665 0.42261826174069933 0
vn 0.90630778703665 0.42261826174069933 0
vn 0.90630778703665 0.42261826174069933 0
vn 0.90630778703665 0.42261826174069933 0
vn 0.42261826174069933 -0.90630778703665 0
vn 0.42261826174069933 -0.90630778703665 0
vn 0.42261826174069933 -0.90630778703665 0
vn 0.42261826174069933 -0.90630778703665 0
vn -0.42261826174069933 0.90630778703665 0
vn -0.42261826174069933 0.90630778703665 0
vn -0.42261826174069933 0.90630778703665 0
vn -0.42261826174069933 0.90630778703665 0
vn 0 0 -1
vn 0 0 -1
vn 0 0 -1
vn 0 0 -1
vn 0 0 1
vn 0 0 1
vn 0 0 1
vn 0 0 1
f 3385/3385/3385 3387/3387/3387 3386/3386/3386
f 3387/3387/3387 3388/3388/3388 3386/3386/3386
f 3389/3389/3389 3391/3391/3391 3390/3390/3390
f 3391/3391/3391 3392/3392/3392 3390/3390/3390
f 3393/3393/3393 3395/3395/3395 3394/3394/3394
f 3395/3395/3395 3396/3396/3396 3394/3394/3394
f 3397/3397/3397 3399/3399/3399 3398/3398/3398
f 3399/3399/3399 3400/3400/3400 3398/3398/3398
f 3401/3401/3401 3403/3403/3403 3402/3402/3402
f 3403/3403/3403 3404/3404/3404 3402/3402/3402
f 3405/3405/3405 3407/3407/3407 3406/3406/3406
f 3407/3407/3407 3408/3408/3408 3406/3406/3406
o horn_L_75_back_back
usemtl old_bone
v -0.5700341769561443 2.665898000034371 -0.14487500076182186
v -0.5700341769561443 2.665898000034371 -0.042624999238178134
v -0.6132468948630505 2.7585679726397583 -0.14487500076182186
v -0.6132468948630505 2.7585679726397583 -0.042624999238178134
v -0.4194454792398967 2.7361186630110454 -0.042624999238178134
v -0.4194454792398967 2.7361186630110454 -0.14487500076182186
v -0.4626581971468029 2.8287886356164327 -0.042624999238178134
v -0.4626581971468029 2.8287886356164327 -0.14487500076182186
v -0.4194454792398967 2.7361186630110454 -0.042624999238178134
v -0.5700341769561443 2.665898000034371 -0.042624999238178134
v -0.4194454792398967 2.7361186630110454 -0.14487500076182186
v -0.5700341769561443 2.665898000034371 -0.14487500076182186
v -0.4626581971468029 2.8287886356164327 -0.14487500076182186
v -0.6132468948630505 2.7585679726397583 -0.14487500076182186
v -0.4626581971468029 2.8287886356164327 -0.042624999238178134
v -0.6132468948630505 2.7585679726397583 -0.042624999238178134
v -0.4194454792398967 2.7361186630110454 -0.14487500076182186
v -0.5700341769561443 2.665898000034371 -0.14487500076182186
v -0.4626581971468029 2.8287886356164327 -0.14487500076182186
v -0.6132468948630505 2.7585679726397583 -0.14487500076182186
v -0.5700341769561443 2.665898000034371 -0.042624999238178134
v -0.4194454792398967 2.7361186630110454 -0.042624999238178134
v -0.6132468948630505 2.7585679726397583 -0.042624999238178134
v -0.4626581971468029 2.8287886356164327 -0.042624999238178134
vt 0.375 0.8125
vt 0.5 0.8125
vt 0.375 0.6875
vt 0.5 0.6875
vt 0.375 0.8125
vt 0.5 0.8125
vt 0.375 0.6875
vt 0.5 0.6875
vt 0.375 0.8125
vt 0.5625 0.8125
vt 0.375 0.6875
vt 0.5625 0.6875
vt 0.375 0.8125
vt 0.5625 0.8125
vt 0.375 0.6875
vt 0.5625 0.6875
vt 0.375 0.8125
vt 0.5625 0.8125
vt 0.375 0.6875
vt 0.5625 0.6875
vt 0.375 0.8125
vt 0.5625 0.8125
vt 0.375 0.6875
vt 0.5625 0.6875
vn -0.90630778703665 -0.42261826174069933 0
vn -0.90630778703665 -0.42261826174069933 0
vn -0.90630778703665 -0.42261826174069933 0
vn -0.90630778703665 -0.42261826174069933 0
vn 0.90630778703665 0.42261826174069933 0
vn 0.90630778703665 0.42261826174069933 0
vn 0.90630778703665 0.42261826174069933 0
vn 0.90630778703665 0.42261826174069933 0
vn 0.42261826174069933 -0.90630778703665 0
vn 0.42261826174069933 -0.90630778703665 0
vn 0.42261826174069933 -0.90630778703665 0
vn 0.42261826174069933 -0.90630778703665 0
vn -0.42261826174069933 0.90630778703665 0
vn -0.42261826174069933 0.90630778703665 0
vn -0.42261826174069933 0.90630778703665 0
vn -0.42261826174069933 0.90630778703665 0
vn 0 0 -1
vn 0 0 -1
vn 0 0 -1
vn 0 0 -1
vn 0 0 1
vn 0 0 1
vn 0 0 1
vn 0 0 1
f 3409/3409/3409 3411/3411/3411 3410/3410/3410
f 3411/3411/3411 3412/3412/3412 3410/3410/3410
f 3413/3413/3413 3415/3415/3415 3414/3414/3414
f 3415/3415/3415 3416/3416/3416 3414/3414/3414
f 3417/3417/3417 3419/3419/3419 3418/3418/3418
f 3419/3419/3419 3420/3420/3420 3418/3418/3418
f 3421/3421/3421 3423/3423/3423 3422/3422/3422
f 3423/3423/3423 3424/3424/3424 3422/3422/3422
f 3425/3425/3425 3427/3427/3427 3426/3426/3426
f 3427/3427/3427 3428/3428/3428 3426/3426/3426
f 3429/3429/3429 3431/3431/3431 3430/3430/3430
f 3431/3431/3431 3432/3432/3432 3430/3430/3430
o horn_L_76_back
usemtl grave_bone
v -0.6014165693263436 2.5796039162821165 -0.35531874842941763
v -0.6014165693263436 2.5796039162821165 -0.26968125157058237
v -0.675580817122605 2.622422664711534 -0.35531874842941763
v -0.675580817122605 2.622422664711534 -0.26968125157058237
v -0.5289540677557611 2.705112650645905 -0.26968125157058237
v -0.5289540677557611 2.705112650645905 -0.35531874842941763
v -0.6031183155520226 2.7479313990753225 -0.26968125157058237
v -0.6031183155520226 2.7479313990753225 -0.35531874842941763
v -0.5289540677557611 2.705112650645905 -0.26968125157058237
v -0.6014165693263436 2.5796039162821165 -0.26968125157058237
v -0.5289540677557611 2.705112650645905 -0.35531874842941763
v -0.6014165693263436 2.5796039162821165 -0.35531874842941763
v -0.6031183155520226 2.7479313990753225 -0.35531874842941763
v -0.675580817122605 2.622422664711534 -0.35531874842941763
v -0.6031183155520226 2.7479313990753225 -0.26968125157058237
v -0.675580817122605 2.622422664711534 -0.26968125157058237
v -0.5289540677557611 2.705112650645905 -0.35531874842941763
v -0.6014165693263436 2.5796039162821165 -0.35531874842941763
v -0.6031183155520226 2.7479313990753225 -0.35531874842941763
v -0.675580817122605 2.622422664711534 -0.35531874842941763
v -0.6014165693263436 2.5796039162821165 -0.26968125157058237
v -0.5289540677557611 2.705112650645905 -0.26968125157058237
v -0.675580817122605 2.622422664711534 -0.26968125157058237
v -0.6031183155520226 2.7479313990753225 -0.26968125157058237
vt 0 0.0625
vt 0.0625 0.0625
vt 0 0
vt 0.0625 0
vt 0 0.0625
vt 0.0625 0.0625
vt 0 0
vt 0.0625 0
vt 0 0.0625
vt 0.125 0.0625
vt 0 0
vt 0.125 0
vt 0 0.0625
vt 0.125 0.0625
vt 0 0
vt 0.125 0
vt 0 0.0625
vt 0.125 0.0625
vt 0 0
vt 0.125 0
vt 0 0.0625
vt 0.125 0.0625
vt 0 0
vt 0.125 0
vn -0.5000000000000002 -0.8660254037844385 0
vn -0.5000000000000002 -0.8660254037844385 0
vn -0.5000000000000002 -0.8660254037844385 0
vn -0.5000000000000002 -0.8660254037844385 0
vn 0.5000000000000002 0.8660254037844385 0
vn 0.5000000000000002 0.8660254037844385 0
vn 0.5000000000000002 0.8660254037844385 0
vn 0.5000000000000002 0.8660254037844385 0
vn 0.8660254037844385 -0.5000000000000002 0
vn 0.8660254037844385 -0.5000000000000002 0
vn 0.8660254037844385 -0.5000000000000002 0
vn 0.8660254037844385 -0.5000000000000002 0
vn -0.8660254037844385 0.5000000000000002 0
vn -0.8660254037844385 0.5000000000000002 0
vn -0.8660254037844385 0.5000000000000002 0
vn -0.8660254037844385 0.5000000000000002 0
vn 0 0 -1
vn 0 0 -1
vn 0 0 -1
vn 0 0 -1
vn 0 0 1
vn 0 0 1
vn 0 0 1
vn 0 0 1
f 3433/3433/3433 3435/3435/3435 3434/3434/3434
f 3435/3435/3435 3436/3436/3436 3434/3434/3434
f 3437/3437/3437 3439/3439/3439 3438/3438/3438
f 3439/3439/3439 3440/3440/3440 3438/3438/3438
f 3441/3441/3441 3443/3443/3443 3442/3442/3442
f 3443/3443/3443 3444/3444/3444 3442/3442/3442
f 3445/3445/3445 3447/3447/3447 3446/3446/3446
f 3447/3447/3447 3448/3448/3448 3446/3446/3446
f 3449/3449/3449 3451/3451/3451 3450/3450/3450
f 3451/3451/3451 3452/3452/3452 3450/3450/3450
f 3453/3453/3453 3455/3455/3455 3454/3454/3454
f 3455/3455/3455 3456/3456/3456 3454/3454/3454
o horn_L_76_back_back
usemtl grave_bone
v -0.6014165693263436 2.5796039162821165 -0.1053187484294176
v -0.6014165693263436 2.5796039162821165 -0.01968125157058239
v -0.675580817122605 2.622422664711534 -0.1053187484294176
v -0.675580817122605 2.622422664711534 -0.01968125157058239
v -0.5289540677557611 2.705112650645905 -0.01968125157058239
v -0.5289540677557611 2.705112650645905 -0.1053187484294176
v -0.6031183155520226 2.7479313990753225 -0.01968125157058239
v -0.6031183155520226 2.7479313990753225 -0.1053187484294176
v -0.5289540677557611 2.705112650645905 -0.01968125157058239
v -0.6014165693263436 2.5796039162821165 -0.01968125157058239
v -0.5289540677557611 2.705112650645905 -0.1053187484294176
v -0.6014165693263436 2.5796039162821165 -0.1053187484294176
v -0.6031183155520226 2.7479313990753225 -0.1053187484294176
v -0.675580817122605 2.622422664711534 -0.1053187484294176
v -0.6031183155520226 2.7479313990753225 -0.01968125157058239
v -0.675580817122605 2.622422664711534 -0.01968125157058239
v -0.5289540677557611 2.705112650645905 -0.1053187484294176
v -0.6014165693263436 2.5796039162821165 -0.1053187484294176
v -0.6031183155520226 2.7479313990753225 -0.1053187484294176
v -0.675580817122605 2.622422664711534 -0.1053187484294176
v -0.6014165693263436 2.5796039162821165 -0.01968125157058239
v -0.5289540677557611 2.705112650645905 -0.01968125157058239
v -0.675580817122605 2.622422664711534 -0.01968125157058239
v -0.6031183155520226 2.7479313990753225 -0.01968125157058239
vt 0 0.0625
vt 0.0625 0.0625
vt 0 0
vt 0.0625 0
vt 0 0.0625
vt 0.0625 0.0625
vt 0 0
vt 0.0625 0
vt 0 0.0625
vt 0.125 0.0625
vt 0 0
vt 0.125 0
vt 0 0.0625
vt 0.125 0.0625
vt 0 0
vt 0.125 0
vt 0 0.0625
vt 0.125 0.0625
vt 0 0
vt 0.125 0
vt 0 0.0625
vt 0.125 0.0625
vt 0 0
vt 0.125 0
vn -0.5000000000000002 -0.8660254037844385 0
vn -0.5000000000000002 -0.8660254037844385 0
vn -0.5000000000000002 -0.8660254037844385 0
vn -0.5000000000000002 -0.8660254037844385 0
vn 0.5000000000000002 0.8660254037844385 0
vn 0.5000000000000002 0.8660254037844385 0
vn 0.5000000000000002 0.8660254037844385 0
vn 0.5000000000000002 0.8660254037844385 0
vn 0.8660254037844385 -0.5000000000000002 0
vn 0.8660254037844385 -0.5000000000000002 0
vn 0.8660254037844385 -0.5000000000000002 0
vn 0.8660254037844385 -0.5000000000000002 0
vn -0.8660254037844385 0.5000000000000002 0
vn -0.8660254037844385 0.5000000000000002 0
vn -0.8660254037844385 0.5000000000000002 0
vn -0.8660254037844385 0.5000000000000002 0
vn 0 0 -1
vn 0 0 -1
vn 0 0 -1
vn 0 0 -1
vn 0 0 1
vn 0 0 1
vn 0 0 1
vn 0 0 1
f 3457/3457/3457 3459/3459/3459 3458/3458/3458
f 3459/3459/3459 3460/3460/3460 3458/3458/3458
f 3461/3461/3461 3463/3463/3463 3462/3462/3462
f 3463/3463/3463 3464/3464/3464 3462/3462/3462
f 3465/3465/3465 3467/3467/3467 3466/3466/3466
f 3467/3467/3467 3468/3468/3468 3466/3466/3466
f 3469/3469/3469 3471/3471/3471 3470/3470/3470
f 3471/3471/3471 3472/3472/3472 3470/3470/3470
f 3473/3473/3473 3475/3475/3475 3474/3474/3474
f 3475/3475/3475 3476/3476/3476 3474/3474/3474
f 3477/3477/3477 3479/3479/3479 3478/3478/3478
f 3479/3479/3479 3480/3480/3480 3478/3478/3478
o horn_L_77_back
usemtl old_bone
v -0.5942361924391831 2.5207401843564186 -0.37584375
v -0.5942361924391831 2.5207401843564186 -0.31165625
v -0.6584236924391832 2.5207401843564186 -0.37584375
v -0.6584236924391832 2.5207401843564186 -0.31165625
v -0.5942361924391831 2.623440185886768 -0.31165625
v -0.5942361924391831 2.623440185886768 -0.37584375
v -0.6584236924391832 2.623440185886768 -0.31165625
v -0.6584236924391832 2.623440185886768 -0.37584375
v -0.5942361924391831 2.623440185886768 -0.31165625
v -0.5942361924391831 2.5207401843564186 -0.31165625
v -0.5942361924391831 2.623440185886768 -0.37584375
v -0.5942361924391831 2.5207401843564186 -0.37584375
v -0.6584236924391832 2.623440185886768 -0.37584375
v -0.6584236924391832 2.5207401843564186 -0.37584375
v -0.6584236924391832 2.623440185886768 -0.31165625
v -0.6584236924391832 2.5207401843564186 -0.31165625
v -0.5942361924391831 2.623440185886768 -0.37584375
v -0.5942361924391831 2.5207401843564186 -0.37584375
v -0.6584236924391832 2.623440185886768 -0.37584375
v -0.6584236924391832 2.5207401843564186 -0.37584375
v -0.5942361924391831 2.5207401843564186 -0.31165625
v -0.5942361924391831 2.623440185886768 -0.31165625
v -0.6584236924391832 2.5207401843564186 -0.31165625
v -0.6584236924391832 2.623440185886768 -0.31165625
vt 0.3125 0.625
vt 0.375 0.625
vt 0.3125 0.5625
vt 0.375 0.5625
vt 0.3125 0.625
vt 0.375 0.625
vt 0.3125 0.5625
vt 0.375 0.5625
vt 0.3125 0.625
vt 0.4375 0.625
vt 0.3125 0.5625
vt 0.4375 0.5625
vt 0.3125 0.625
vt 0.4375 0.625
vt 0.3125 0.5625
vt 0.4375 0.5625
vt 0.3125 0.625
vt 0.4375 0.625
vt 0.3125 0.5625
vt 0.4375 0.5625
vt 0.3125 0.625
vt 0.4375 0.625
vt 0.3125 0.5625
vt 0.4375 0.5625
vn -2.220446049250313e-16 -1 0
vn -2.220446049250313e-16 -1 0
vn -2.220446049250313e-16 -1 0
vn -2.220446049250313e-16 -1 0
vn 2.220446049250313e-16 1 0
vn 2.220446049250313e-16 1 0
vn 2.220446049250313e-16 1 0
vn 2.220446049250313e-16 1 0
vn 1 -2.220446049250313e-16 0
vn 1 -2.220446049250313e-16 0
vn 1 -2.220446049250313e-16 0
vn 1 -2.220446049250313e-16 0
vn -1 2.220446049250313e-16 0
vn -1 2.220446049250313e-16 0
vn -1 2.220446049250313e-16 0
vn -1 2.220446049250313e-16 0
vn 0 0 -1
vn 0 0 -1
vn 0 0 -1
vn 0 0 -1
vn 0 0 1
vn 0 0 1
vn 0 0 1
vn 0 0 1
f 3481/3481/3481 3483/3483/3483 3482/3482/3482
f 3483/3483/3483 3484/3484/3484 3482/3482/3482
f 3485/3485/3485 3487/3487/3487 3486/3486/3486
f 3487/3487/3487 3488/3488/3488 3486/3486/3486
f 3489/3489/3489 3491/3491/3491 3490/3490/3490
f 3491/3491/3491 3492/3492/3492 3490/3490/3490
f 3493/3493/3493 3495/3495/3495 3494/3494/3494
f 3495/3495/3495 3496/3496/3496 3494/3494/3494
f 3497/3497/3497 3499/3499/3499 3498/3498/3498
f 3499/3499/3499 3500/3500/3500 3498/3498/3498
f 3501/3501/3501 3503/3503/3503 3502/3502/3502
f 3503/3503/3503 3504/3504/3504 3502/3502/3502
o horn_L_77_back_back
usemtl old_bone
v -0.5942361924391831 2.5207401843564186 -0.06334375
v -0.5942361924391831 2.5207401843564186 0.0008437499999999973
v -0.6584236924391832 2.5207401843564186 -0.06334375
v -0.6584236924391832 2.5207401843564186 0.0008437499999999973
v -0.5942361924391831 2.623440185886768 0.0008437499999999973
v -0.5942361924391831 2.623440185886768 -0.06334375
v -0.6584236924391832 2.623440185886768 0.0008437499999999973
v -0.6584236924391832 2.623440185886768 -0.06334375
v -0.5942361924391831 2.623440185886768 0.0008437499999999973
v -0.5942361924391831 2.5207401843564186 0.0008437499999999973
v -0.5942361924391831 2.623440185886768 -0.06334375
v -0.5942361924391831 2.5207401843564186 -0.06334375
v -0.6584236924391832 2.623440185886768 -0.06334375
v -0.6584236924391832 2.5207401843564186 -0.06334375
v -0.6584236924391832 2.623440185886768 0.0008437499999999973
v -0.6584236924391832 2.5207401843564186 0.0008437499999999973
v -0.5942361924391831 2.623440185886768 -0.06334375
v -0.5942361924391831 2.5207401843564186 -0.06334375
v -0.6584236924391832 2.623440185886768 -0.06334375
v -0.6584236924391832 2.5207401843564186 -0.06334375
v -0.5942361924391831 2.5207401843564186 0.0008437499999999973
v -0.5942361924391831 2.623440185886768 0.0008437499999999973
v -0.6584236924391832 2.5207401843564186 0.0008437499999999973
v -0.6584236924391832 2.623440185886768 0.0008437499999999973
vt 0.3125 0.625
vt 0.375 0.625
vt 0.3125 0.5625
vt 0.375 0.5625
vt 0.3125 0.625
vt 0.375 0.625
vt 0.3125 0.5625
vt 0.375 0.5625
vt 0.3125 0.625
vt 0.4375 0.625
vt 0.3125 0.5625
vt 0.4375 0.5625
vt 0.3125 0.625
vt 0.4375 0.625
vt 0.3125 0.5625
vt 0.4375 0.5625
vt 0.3125 0.625
vt 0.4375 0.625
vt 0.3125 0.5625
vt 0.4375 0.5625
vt 0.3125 0.625
vt 0.4375 0.625
vt 0.3125 0.5625
vt 0.4375 0.5625
vn -2.220446049250313e-16 -1 0
vn -2.220446049250313e-16 -1 0
vn -2.220446049250313e-16 -1 0
vn -2.220446049250313e-16 -1 0
vn 2.220446049250313e-16 1 0
vn 2.220446049250313e-16 1 0
vn 2.220446049250313e-16 1 0
vn 2.220446049250313e-16 1 0
vn 1 -2.220446049250313e-16 0
vn 1 -2.220446049250313e-16 0
vn 1 -2.220446049250313e-16 0
vn 1 -2.220446049250313e-16 0
vn -1 2.220446049250313e-16 0
vn -1 2.220446049250313e-16 0
vn -1 2.220446049250313e-16 0
vn -1 2.220446049250313e-16 0
vn 0 0 -1
vn 0 0 -1
vn 0 0 -1
vn 0 0 -1
vn 0 0 1
vn 0 0 1
vn 0 0 1
vn 0 0 1
f 3505/3505/3505 3507/3507/3507 3506/3506/3506
f 3507/3507/3507 3508/3508/3508 3506/3506/3506
f 3509/3509/3509 3511/3511/3511 3510/3510/3510
f 3511/3511/3511 3512/3512/3512 3510/3510/3510
f 3513/3513/3513 3515/3515/3515 3514/3514/3514
f 3515/3515/3515 3516/3516/3516 3514/3514/3514
f 3517/3517/3517 3519/3519/3519 3518/3518/3518
f 3519/3519/3519 3520/3520/3520 3518/3518/3518
f 3521/3521/3521 3523/3523/3523 3522/3522/3522
f 3523/3523/3523 3524/3524/3524 3522/3522/3522
f 3525/3525/3525 3527/3527/3527 3526/3526/3526
f 3527/3527/3527 3528/3528/3528 3526/3526/3526
o jaw_blade_84
usemtl grave_bone
v 0.18961062379181387 2.0956484375 0.1013500015102327
v 0.18961062379181387 2.0956484375 -0.1013500015102327
v 0.18961062379181387 1.8106015625 0.1013500015102327
v 0.18961062379181387 1.8106015625 -0.1013500015102327
v 0.060389376208186143 2.0956484375 -0.1013500015102327
v 0.060389376208186143 2.0956484375 0.1013500015102327
v 0.060389376208186143 1.8106015625 -0.1013500015102327
v 0.060389376208186143 1.8106015625 0.1013500015102327
v 0.060389376208186143 2.0956484375 -0.1013500015102327
v 0.18961062379181387 2.0956484375 -0.1013500015102327
v 0.060389376208186143 2.0956484375 0.1013500015102327
v 0.18961062379181387 2.0956484375 0.1013500015102327
v 0.060389376208186143 1.8106015625 0.1013500015102327
v 0.18961062379181387 1.8106015625 0.1013500015102327
v 0.060389376208186143 1.8106015625 -0.1013500015102327
v 0.18961062379181387 1.8106015625 -0.1013500015102327
v 0.060389376208186143 2.0956484375 0.1013500015102327
v 0.18961062379181387 2.0956484375 0.1013500015102327
v 0.060389376208186143 1.8106015625 0.1013500015102327
v 0.18961062379181387 1.8106015625 0.1013500015102327
v 0.18961062379181387 2.0956484375 -0.1013500015102327
v 0.060389376208186143 2.0956484375 -0.1013500015102327
v 0.18961062379181387 1.8106015625 -0.1013500015102327
v 0.060389376208186143 1.8106015625 -0.1013500015102327
vt 0.625 0.4375
vt 0.8125 0.4375
vt 0.625 0.125
vt 0.8125 0.125
vt 0.625 0.4375
vt 0.8125 0.4375
vt 0.625 0.125
vt 0.8125 0.125
vt 0.625 0.3125
vt 0.75 0.3125
vt 0.625 0.125
vt 0.75 0.125
vt 0.625 0.3125
vt 0.75 0.3125
vt 0.625 0.125
vt 0.75 0.125
vt 0.625 0.4375
vt 0.75 0.4375
vt 0.625 0.125
vt 0.75 0.125
vt 0.625 0.4375
vt 0.75 0.4375
vt 0.625 0.125
vt 0.75 0.125
vn 1 0 0
vn 1 0 0
vn 1 0 0
vn 1 0 0
vn -1 0 0
vn -1 0 0
vn -1 0 0
vn -1 0 0
vn 0 1 0
vn 0 1 0
vn 0 1 0
vn 0 1 0
vn 0 -1 0
vn 0 -1 0
vn 0 -1 0
vn 0 -1 0
vn 0 0 1
vn 0 0 1
vn 0 0 1
vn 0 0 1
vn 0 0 -1
vn 0 0 -1
vn 0 0 -1
vn 0 0 -1
f 3529/3529/3529 3531/3531/3531 3530/3530/3530
f 3531/3531/3531 3532/3532/3532 3530/3530/3530
f 3533/3533/3533 3535/3535/3535 3534/3534/3534
f 3535/3535/3535 3536/3536/3536 3534/3534/3534
f 3537/3537/3537 3539/3539/3539 3538/3538/3538
f 3539/3539/3539 3540/3540/3540 3538/3538/3538
f 3541/3541/3541 3543/3543/3543 3542/3542/3542
f 3543/3543/3543 3544/3544/3544 3542/3542/3542
f 3545/3545/3545 3547/3547/3547 3546/3546/3546
f 3547/3547/3547 3548/3548/3548 3546/3546/3546
f 3549/3549/3549 3551/3551/3551 3550/3550/3550
f 3551/3551/3551 3552/3552/3552 3550/3550/3550
o jaw_blade_85
usemtl old_bone
v 0.31661874875426294 2.102890625 0.10450000155717133
v 0.31661874875426294 2.102890625 -0.10450000155717133
v 0.31661874875426294 1.678359375 0.10450000155717133
v 0.31661874875426294 1.678359375 -0.10450000155717133
v 0.18338125124573706 2.102890625 -0.10450000155717133
v 0.18338125124573706 2.102890625 0.10450000155717133
v 0.18338125124573706 1.678359375 -0.10450000155717133
v 0.18338125124573706 1.678359375 0.10450000155717133
v 0.18338125124573706 2.102890625 -0.10450000155717133
v 0.31661874875426294 2.102890625 -0.10450000155717133
v 0.18338125124573706 2.102890625 0.10450000155717133
v 0.31661874875426294 2.102890625 0.10450000155717133
v 0.18338125124573706 1.678359375 0.10450000155717133
v 0.31661874875426294 1.678359375 0.10450000155717133
v 0.18338125124573706 1.678359375 -0.10450000155717133
v 0.31661874875426294 1.678359375 -0.10450000155717133
v 0.18338125124573706 2.102890625 0.10450000155717133
v 0.31661874875426294 2.102890625 0.10450000155717133
v 0.18338125124573706 1.678359375 0.10450000155717133
v 0.31661874875426294 1.678359375 0.10450000155717133
v 0.31661874875426294 2.102890625 -0.10450000155717133
v 0.18338125124573706 2.102890625 -0.10450000155717133
v 0.31661874875426294 1.678359375 -0.10450000155717133
v 0.18338125124573706 1.678359375 -0.10450000155717133
vt 0.5 0.4375
vt 0.6875 0.4375
vt 0.5 0
vt 0.6875 0
vt 0.5 0.4375
vt 0.6875 0.4375
vt 0.5 0
vt 0.6875 0
vt 0.5 0.1875
vt 0.625 0.1875
vt 0.5 0
vt 0.625 0
vt 0.5 0.1875
vt 0.625 0.1875
vt 0.5 0
vt 0.625 0
vt 0.5 0.4375
vt 0.625 0.4375
vt 0.5 0
vt 0.625 0
vt 0.5 0.4375
vt 0.625 0.4375
vt 0.5 0
vt 0.625 0
vn 1 0 0
vn 1 0 0
vn 1 0 0
vn 1 0 0
vn -1 0 0
vn -1 0 0
vn -1 0 0
vn -1 0 0
vn 0 1 0
vn 0 1 0
vn 0 1 0
vn 0 1 0
vn 0 -1 0
vn 0 -1 0
vn 0 -1 0
vn 0 -1 0
vn 0 0 1
vn 0 0 1
vn 0 0 1
vn 0 0 1
vn 0 0 -1
vn 0 0 -1
vn 0 0 -1
vn 0 0 -1
f 3553/3553/3553 3555/3555/3555 3554/3554/3554
f 3555/3555/3555 3556/3556/3556 3554/3554/3554
f 3557/3557/3557 3559/3559/3559 3558/3558/3558
f 3559/3559/3559 3560/3560/3560 3558/3558/3558
f 3561/3561/3561 3563/3563/3563 3562/3562/3562
f 3563/3563/3563 3564/3564/3564 3562/3562/3562
f 3565/3565/3565 3567/3567/3567 3566/3566/3566
f 3567/3567/3567 3568/3568/3568 3566/3566/3566
f 3569/3569/3569 3571/3571/3571 3570/3570/3570
f 3571/3571/3571 3572/3572/3572 3570/3570/3570
f 3573/3573/3573 3575/3575/3575 3574/3574/3574
f 3575/3575/3575 3576/3576/3576 3574/3574/3574
o jaw_blade_86
usemtl grave_bone
v 0.43989749878644946 2.09853125 0.10180000151693822
v 0.43989749878644946 2.09853125 -0.10180000151693822
v 0.43989749878644946 1.55771875 0.10180000151693822
v 0.43989749878644946 1.55771875 -0.10180000151693822
v 0.31010250121355054 2.09853125 -0.10180000151693822
v 0.31010250121355054 2.09853125 0.10180000151693822
v 0.31010250121355054 1.55771875 -0.10180000151693822
v 0.31010250121355054 1.55771875 0.10180000151693822
v 0.31010250121355054 2.09853125 -0.10180000151693822
v 0.43989749878644946 2.09853125 -0.10180000151693822
v 0.31010250121355054 2.09853125 0.10180000151693822
v 0.43989749878644946 2.09853125 0.10180000151693822
v 0.31010250121355054 1.55771875 0.10180000151693822
v 0.43989749878644946 1.55771875 0.10180000151693822
v 0.31010250121355054 1.55771875 -0.10180000151693822
v 0.43989749878644946 1.55771875 -0.10180000151693822
v 0.31010250121355054 2.09853125 0.10180000151693822
v 0.43989749878644946 2.09853125 0.10180000151693822
v 0.31010250121355054 1.55771875 0.10180000151693822
v 0.43989749878644946 1.55771875 0.10180000151693822
v 0.43989749878644946 2.09853125 -0.10180000151693822
v 0.31010250121355054 2.09853125 -0.10180000151693822
v 0.43989749878644946 1.55771875 -0.10180000151693822
v 0.31010250121355054 1.55771875 -0.10180000151693822
vt 0.75 0.625
vt 0.9375 0.625
vt 0.75 0.0625
vt 0.9375 0.0625
vt 0.75 0.625
vt 0.9375 0.625
vt 0.75 0.0625
vt 0.9375 0.0625
vt 0.75 0.25
vt 0.875 0.25
vt 0.75 0.0625
vt 0.875 0.0625
vt 0.75 0.25
vt 0.875 0.25
vt 0.75 0.0625
vt 0.875 0.0625
vt 0.75 0.625
vt 0.875 0.625
vt 0.75 0.0625
vt 0.875 0.0625
vt 0.75 0.625
vt 0.875 0.625
vt 0.75 0.0625
vt 0.875 0.0625
vn 0.9999999999999999 0 0
vn 0.9999999999999999 0 0
vn 0.9999999999999999 0 0
vn 0.9999999999999999 0 0
vn -0.9999999999999999 0 0
vn -0.9999999999999999 0 0
vn -0.9999999999999999 0 0
vn -0.9999999999999999 0 0
vn 0 0.9999999999999999 0
vn 0 0.9999999999999999 0
vn 0 0.9999999999999999 0
vn 0 0.9999999999999999 0
vn 0 -0.9999999999999999 0
vn 0 -0.9999999999999999 0
vn 0 -0.9999999999999999 0
vn 0 -0.9999999999999999 0
vn 0 0 0.9999999999999999
vn 0 0 0.9999999999999999
vn 0 0 0.9999999999999999
vn 0 0 0.9999999999999999
vn 0 0 -0.9999999999999999
vn 0 0 -0.9999999999999999
vn 0 0 -0.9999999999999999
vn 0 0 -0.9999999999999999
f 3577/3577/3577 3579/3579/3579 3578/3578/3578
f 3579/3579/3579 3580/3580/3580 3578/3578/3578
f 3581/3581/3581 3583/3583/3583 3582/3582/3582
f 3583/3583/3583 3584/3584/3584 3582/3582/3582
f 3585/3585/3585 3587/3587/3587 3586/3586/3586
f 3587/3587/3587 3588/3588/3588 3586/3586/3586
f 3589/3589/3589 3591/3591/3591 3590/3590/3590
f 3591/3591/3591 3592/3592/3592 3590/3590/3590
f 3593/3593/3593 3595/3595/3595 3594/3594/3594
f 3595/3595/3595 3596/3596/3596 3594/3594/3594
f 3597/3597/3597 3599/3599/3599 3598/3598/3598
f 3599/3599/3599 3600/3600/3600 3598/3598/3598
o jaw_blade_87
usemtl socket_dark
v 0.407796875 1.8227875007819383 0.10822968593612314
v 0.407796875 1.8227875007819383 -0.10822968593612314
v 0.407796875 1.7178374992180616 0.10822968593612314
v 0.407796875 1.7178374992180616 -0.10822968593612314
v 0.342203125 1.8227875007819383 -0.10822968593612314
v 0.342203125 1.8227875007819383 0.10822968593612314
v 0.342203125 1.7178374992180616 -0.10822968593612314
v 0.342203125 1.7178374992180616 0.10822968593612314
v 0.342203125 1.8227875007819383 -0.10822968593612314
v 0.407796875 1.8227875007819383 -0.10822968593612314
v 0.342203125 1.8227875007819383 0.10822968593612314
v 0.407796875 1.8227875007819383 0.10822968593612314
v 0.342203125 1.7178374992180616 0.10822968593612314
v 0.407796875 1.7178374992180616 0.10822968593612314
v 0.342203125 1.7178374992180616 -0.10822968593612314
v 0.407796875 1.7178374992180616 -0.10822968593612314
v 0.342203125 1.8227875007819383 0.10822968593612314
v 0.407796875 1.8227875007819383 0.10822968593612314
v 0.342203125 1.7178374992180616 0.10822968593612314
v 0.407796875 1.7178374992180616 0.10822968593612314
v 0.407796875 1.8227875007819383 -0.10822968593612314
v 0.342203125 1.8227875007819383 -0.10822968593612314
v 0.407796875 1.7178374992180616 -0.10822968593612314
v 0.342203125 1.7178374992180616 -0.10822968593612314
vt 0.3125 0.6875
vt 0.5 0.6875
vt 0.3125 0.5625
vt 0.5 0.5625
vt 0.3125 0.6875
vt 0.5 0.6875
vt 0.3125 0.5625
vt 0.5 0.5625
vt 0.3125 0.75
vt 0.375 0.75
vt 0.3125 0.5625
vt 0.375 0.5625
vt 0.3125 0.75
vt 0.375 0.75
vt 0.3125 0.5625
vt 0.375 0.5625
vt 0.3125 0.6875
vt 0.375 0.6875
vt 0.3125 0.5625
vt 0.375 0.5625
vt 0.3125 0.6875
vt 0.375 0.6875
vt 0.3125 0.5625
vt 0.375 0.5625
vn 1 0 0
vn 1 0 0
vn 1 0 0
vn 1 0 0
vn -1 0 0
vn -1 0 0
vn -1 0 0
vn -1 0 0
vn 0 1 0
vn 0 1 0
vn 0 1 0
vn 0 1 0
vn 0 -1 0
vn 0 -1 0
vn 0 -1 0
vn 0 -1 0
vn 0 0 1
vn 0 0 1
vn 0 0 1
vn 0 0 1
vn 0 0 -1
vn 0 0 -1
vn 0 0 -1
vn 0 0 -1
f 3601/3601/3601 3603/3603/3603 3602/3602/3602
f 3603/3603/3603 3604/3604/3604 3602/3602/3602
f 3605/3605/3605 3607/3607/3607 3606/3606/3606
f 3607/3607/3607 3608/3608/3608 3606/3606/3606
f 3609/3609/3609 3611/3611/3611 3610/3610/3610
f 3611/3611/3611 3612/3612/3612 3610/3610/3610
f 3613/3613/3613 3615/3615/3615 3614/3614/3614
f 3615/3615/3615 3616/3616/3616 3614/3614/3614
f 3617/3617/3617 3619/3619/3619 3618/3618/3618
f 3619/3619/3619 3620/3620/3620 3618/3618/3618
f 3621/3621/3621 3623/3623/3623 3622/3622/3622
f 3623/3623/3623 3624/3624/3624 3622/3622/3622
o jaw_blade_88
usemtl grave_bone
v 0.565184373781085 2.1011328125 0.10225000152364373
v 0.565184373781085 2.1011328125 -0.10225000152364373
v 0.565184373781085 1.4301171875 0.10225000152364373
v 0.565184373781085 1.4301171875 -0.10225000152364373
v 0.434815626218915 2.1011328125 -0.10225000152364373
v 0.434815626218915 2.1011328125 0.10225000152364373
v 0.434815626218915 1.4301171875 -0.10225000152364373
v 0.434815626218915 1.4301171875 0.10225000152364373
v 0.434815626218915 2.1011328125 -0.10225000152364373
v 0.565184373781085 2.1011328125 -0.10225000152364373
v 0.434815626218915 2.1011328125 0.10225000152364373
v 0.565184373781085 2.1011328125 0.10225000152364373
v 0.434815626218915 1.4301171875 0.10225000152364373
v 0.565184373781085 1.4301171875 0.10225000152364373
v 0.434815626218915 1.4301171875 -0.10225000152364373
v 0.565184373781085 1.4301171875 -0.10225000152364373
v 0.434815626218915 2.1011328125 0.10225000152364373
v 0.565184373781085 2.1011328125 0.10225000152364373
v 0.434815626218915 1.4301171875 0.10225000152364373
v 0.565184373781085 1.4301171875 0.10225000152364373
v 0.565184373781085 2.1011328125 -0.10225000152364373
v 0.434815626218915 2.1011328125 -0.10225000152364373
v 0.565184373781085 1.4301171875 -0.10225000152364373
v 0.434815626218915 1.4301171875 -0.10225000152364373
vt 0.75 0.875
vt 0.9375 0.875
vt 0.75 0.1875
vt 0.9375 0.1875
vt 0.75 0.875
vt 0.9375 0.875
vt 0.75 0.1875
vt 0.9375 0.1875
vt 0.75 0.375
vt 0.875 0.375
vt 0.75 0.1875
vt 0.875 0.1875
vt 0.75 0.375
vt 0.875 0.375
vt 0.75 0.1875
vt 0.875 0.1875
vt 0.75 0.875
vt 0.875 0.875
vt 0.75 0.1875
vt 0.875 0.1875
vt 0.75 0.875
vt 0.875 0.875
vt 0.75 0.1875
vt 0.875 0.1875
vn 1 0 0
vn 1 0 0
vn 1 0 0
vn 1 0 0
vn -1 0 0
vn -1 0 0
vn -1 0 0
vn -1 0 0
vn 0 1 0
vn 0 1 0
vn 0 1 0
vn 0 1 0
vn 0 -1 0
vn 0 -1 0
vn 0 -1 0
vn 0 -1 0
vn 0 0 1
vn 0 0 1
vn 0 0 1
vn 0 0 1
vn 0 0 -1
vn 0 0 -1
vn 0 0 -1
vn 0 0 -1
f 3625/3625/3625 3627/3627/3627 3626/3626/3626
f 3627/3627/3627 3628/3628/3628 3626/3626/3626
f 3629/3629/3629 3631/3631/3631 3630/3630/3630
f 3631/3631/3631 3632/3632/3632 3630/3630/3630
f 3633/3633/3633 3635/3635/3635 3634/3634/3634
f 3635/3635/3635 3636/3636/3636 3634/3634/3634
f 3637/3637/3637 3639/3639/3639 3638/3638/3638
f 3639/3639/3639 3640/3640/3640 3638/3638/3638
f 3641/3641/3641 3643/3643/3643 3642/3642/3642
f 3643/3643/3643 3644/3644/3644 3642/3642/3642
f 3645/3645/3645 3647/3647/3647 3646/3646/3646
f 3647/3647/3647 3648/3648/3648 3646/3646/3646
o jaw_blade_89
usemtl old_bone
v 0.6921924987435341 2.11484375 0.1054000015705824
v 0.6921924987435341 2.11484375 -0.1054000015705824
v 0.6921924987435341 1.29140625 0.1054000015705824
v 0.6921924987435341 1.29140625 -0.1054000015705824
v 0.5578075012564659 2.11484375 -0.1054000015705824
v 0.5578075012564659 2.11484375 0.1054000015705824
v 0.5578075012564659 1.29140625 -0.1054000015705824
v 0.5578075012564659 1.29140625 0.1054000015705824
v 0.5578075012564659 2.11484375 -0.1054000015705824
v 0.6921924987435341 2.11484375 -0.1054000015705824
v 0.5578075012564659 2.11484375 0.1054000015705824
v 0.6921924987435341 2.11484375 0.1054000015705824
v 0.5578075012564659 1.29140625 0.1054000015705824
v 0.6921924987435341 1.29140625 0.1054000015705824
v 0.5578075012564659 1.29140625 -0.1054000015705824
v 0.6921924987435341 1.29140625 -0.1054000015705824
v 0.5578075012564659 2.11484375 0.1054000015705824
v 0.6921924987435341 2.11484375 0.1054000015705824
v 0.5578075012564659 1.29140625 0.1054000015705824
v 0.6921924987435341 1.29140625 0.1054000015705824
v 0.6921924987435341 2.11484375 -0.1054000015705824
v 0.5578075012564659 2.11484375 -0.1054000015705824
v 0.6921924987435341 1.29140625 -0.1054000015705824
v 0.5578075012564659 1.29140625 -0.1054000015705824
vt 0.8125 1.25
vt 1 1.25
vt 0.8125 0.4375
vt 1 0.4375
vt 0.8125 1.25
vt 1 1.25
vt 0.8125 0.4375
vt 1 0.4375
vt 0.8125 0.625
vt 0.9375 0.625
vt 0.8125 0.4375
vt 0.9375 0.4375
vt 0.8125 0.625
vt 0.9375 0.625
vt 0.8125 0.4375
vt 0.9375 0.4375
vt 0.8125 1.25
vt 0.9375 1.25
vt 0.8125 0.4375
vt 0.9375 0.4375
vt 0.8125 1.25
vt 0.9375 1.25
vt 0.8125 0.4375
vt 0.9375 0.4375
vn 1 0 0
vn 1 0 0
vn 1 0 0
vn 1 0 0
vn -1 0 0
vn -1 0 0
vn -1 0 0
vn -1 0 0
vn 0 1 0
vn 0 1 0
vn 0 1 0
vn 0 1 0
vn 0 -1 0
vn 0 -1 0
vn 0 -1 0
vn 0 -1 0
vn 0 0 1
vn 0 0 1
vn 0 0 1
vn 0 0 1
vn 0 0 -1
vn 0 0 -1
vn 0 0 -1
vn 0 0 -1
f 3649/3649/3649 3651/3651/3651 3650/3650/3650
f 3651/3651/3651 3652/3652/3652 3650/3650/3650
f 3653/3653/3653 3655/3655/3655 3654/3654/3654
f 3655/3655/3655 3656/3656/3656 3654/3654/3654
f 3657/3657/3657 3659/3659/3659 3658/3658/3658
f 3659/3659/3659 3660/3660/3660 3658/3658/3658
f 3661/3661/3661 3663/3663/3663 3662/3662/3662
f 3663/3663/3663 3664/3664/3664 3662/3662/3662
f 3665/3665/3665 3667/3667/3667 3666/3666/3666
f 3667/3667/3667 3668/3668/3668 3666/3666/3666
f 3669/3669/3669 3671/3671/3671 3670/3670/3670
f 3671/3671/3671 3672/3672/3672 3670/3670/3670
o jaw_blade_90
usemtl socket_dark
v 0.65709375 1.6841625007651746 0.10590937346965074
v 0.65709375 1.6841625007651746 -0.10590937346965074
v 0.65709375 1.5814624992348254 0.10590937346965074
v 0.65709375 1.5814624992348254 -0.10590937346965074
v 0.59290625 1.6841625007651746 -0.10590937346965074
v 0.59290625 1.6841625007651746 0.10590937346965074
v 0.59290625 1.5814624992348254 -0.10590937346965074
v 0.59290625 1.5814624992348254 0.10590937346965074
v 0.59290625 1.6841625007651746 -0.10590937346965074
v 0.65709375 1.6841625007651746 -0.10590937346965074
v 0.59290625 1.6841625007651746 0.10590937346965074
v 0.65709375 1.6841625007651746 0.10590937346965074
v 0.59290625 1.5814624992348254 0.10590937346965074
v 0.65709375 1.5814624992348254 0.10590937346965074
v 0.59290625 1.5814624992348254 -0.10590937346965074
v 0.65709375 1.5814624992348254 -0.10590937346965074
v 0.59290625 1.6841625007651746 0.10590937346965074
v 0.65709375 1.6841625007651746 0.10590937346965074
v 0.59290625 1.5814624992348254 0.10590937346965074
v 0.65709375 1.5814624992348254 0.10590937346965074
v 0.65709375 1.6841625007651746 -0.10590937346965074
v 0.59290625 1.6841625007651746 -0.10590937346965074
v 0.65709375 1.5814624992348254 -0.10590937346965074
v 0.59290625 1.5814624992348254 -0.10590937346965074
vt 0.3125 0.6875
vt 0.5 0.6875
vt 0.3125 0.5625
vt 0.5 0.5625
vt 0.3125 0.6875
vt 0.5 0.6875
vt 0.3125 0.5625
vt 0.5 0.5625
vt 0.3125 0.75
vt 0.375 0.75
vt 0.3125 0.5625
vt 0.375 0.5625
vt 0.3125 0.75
vt 0.375 0.75
vt 0.3125 0.5625
vt 0.375 0.5625
vt 0.3125 0.6875
vt 0.375 0.6875
vt 0.3125 0.5625
vt 0.375 0.5625
vt 0.3125 0.6875
vt 0.375 0.6875
vt 0.3125 0.5625
vt 0.375 0.5625
vn 1 0 0
vn 1 0 0
vn 1 0 0
vn 1 0 0
vn -1 0 0
vn -1 0 0
vn -1 0 0
vn -1 0 0
vn 0 1 0
vn 0 1 0
vn 0 1 0
vn 0 1 0
vn 0 -1 0
vn 0 -1 0
vn 0 -1 0
vn 0 -1 0
vn 0 0 1
vn 0 0 1
vn 0 0 1
vn 0 0 1
vn 0 0 -1
vn 0 0 -1
vn 0 0 -1
vn 0 0 -1
f 3673/3673/3673 3675/3675/3675 3674/3674/3674
f 3675/3675/3675 3676/3676/3676 3674/3674/3674
f 3677/3677/3677 3679/3679/3679 3678/3678/3678
f 3679/3679/3679 3680/3680/3680 3678/3678/3678
f 3681/3681/3681 3683/3683/3683 3682/3682/3682
f 3683/3683/3683 3684/3684/3684 3682/3682/3682
f 3685/3685/3685 3687/3687/3687 3686/3686/3686
f 3687/3687/3687 3688/3688/3688 3686/3686/3686
f 3689/3689/3689 3691/3691/3691 3690/3690/3690
f 3691/3691/3691 3692/3692/3692 3690/3690/3690
f 3693/3693/3693 3695/3695/3695 3694/3694/3694
f 3695/3695/3695 3696/3696/3696 3694/3694/3694
o jaw_blade_91
usemtl grave_bone
v 0.8137499988079071 2.09375 0.10000000149011612
v 0.8137499988079071 2.09375 -0.10000000149011612
v 0.8137499988079071 1.1875 0.10000000149011612
v 0.8137499988079071 1.1875 -0.10000000149011612
v 0.6862500011920929 2.09375 -0.10000000149011612
v 0.6862500011920929 2.09375 0.10000000149011612
v 0.6862500011920929 1.1875 -0.10000000149011612
v 0.6862500011920929 1.1875 0.10000000149011612
v 0.6862500011920929 2.09375 -0.10000000149011612
v 0.8137499988079071 2.09375 -0.10000000149011612
v 0.6862500011920929 2.09375 0.10000000149011612
v 0.8137499988079071 2.09375 0.10000000149011612
v 0.6862500011920929 1.1875 0.10000000149011612
v 0.8137499988079071 1.1875 0.10000000149011612
v 0.6862500011920929 1.1875 -0.10000000149011612
v 0.8137499988079071 1.1875 -0.10000000149011612
v 0.6862500011920929 2.09375 0.10000000149011612
v 0.8137499988079071 2.09375 0.10000000149011612
v 0.6862500011920929 1.1875 0.10000000149011612
v 0.8137499988079071 1.1875 0.10000000149011612
v 0.8137499988079071 2.09375 -0.10000000149011612
v 0.6862500011920929 2.09375 -0.10000000149011612
v 0.8137499988079071 1.1875 -0.10000000149011612
v 0.6862500011920929 1.1875 -0.10000000149011612
vt 0.5625 1.3125
vt 0.75 1.3125
vt 0.5625 0.375
vt 0.75 0.375
vt 0.5625 1.3125
vt 0.75 1.3125
vt 0.5625 0.375
vt 0.75 0.375
vt 0.5625 0.5625
vt 0.6875 0.5625
vt 0.5625 0.375
vt 0.6875 0.375
vt 0.5625 0.5625
vt 0.6875 0.5625
vt 0.5625 0.375
vt 0.6875 0.375
vt 0.5625 1.3125
vt 0.6875 1.3125
vt 0.5625 0.375
vt 0.6875 0.375
vt 0.5625 1.3125
vt 0.6875 1.3125
vt 0.5625 0.375
vt 0.6875 0.375
vn 1 0 0
vn 1 0 0
vn 1 0 0
vn 1 0 0
vn -1 0 0
vn -1 0 0
vn -1 0 0
vn -1 0 0
vn 0 1 0
vn 0 1 0
vn 0 1 0
vn 0 1 0
vn 0 -1 0
vn 0 -1 0
vn 0 -1 0
vn 0 -1 0
vn 0 0 1
vn 0 0 1
vn 0 0 1
vn 0 0 1
vn 0 0 -1
vn 0 0 -1
vn 0 0 -1
vn 0 0 -1
f 3697/3697/3697 3699/3699/3699 3698/3698/3698
f 3699/3699/3699 3700/3700/3700 3698/3698/3698
f 3701/3701/3701 3703/3703/3703 3702/3702/3702
f 3703/3703/3703 3704/3704/3704 3702/3702/3702
f 3705/3705/3705 3707/3707/3707 3706/3706/3706
f 3707/3707/3707 3708/3708/3708 3706/3706/3706
f 3709/3709/3709 3711/3711/3711 3710/3710/3710
f 3711/3711/3711 3712/3712/3712 3710/3710/3710
f 3713/3713/3713 3715/3715/3715 3714/3714/3714
f 3715/3715/3715 3716/3716/3716 3714/3714/3714
f 3717/3717/3717 3719/3719/3719 3718/3718/3718
f 3719/3719/3719 3720/3720/3720 3718/3718/3718
o jaw_blade_92
usemtl grave_bone
v 0.9407581237703562 2.1099921875 0.10315000153705478
v 0.9407581237703562 2.1099921875 -0.10315000153705478
v 0.9407581237703562 1.0462578125 0.10315000153705478
v 0.9407581237703562 1.0462578125 -0.10315000153705478
v 0.8092418762296438 2.1099921875 -0.10315000153705478
v 0.8092418762296438 2.1099921875 0.10315000153705478
v 0.8092418762296438 1.0462578125 -0.10315000153705478
v 0.8092418762296438 1.0462578125 0.10315000153705478
v 0.8092418762296438 2.1099921875 -0.10315000153705478
v 0.9407581237703562 2.1099921875 -0.10315000153705478
v 0.8092418762296438 2.1099921875 0.10315000153705478
v 0.9407581237703562 2.1099921875 0.10315000153705478
v 0.8092418762296438 1.0462578125 0.10315000153705478
v 0.9407581237703562 1.0462578125 0.10315000153705478
v 0.8092418762296438 1.0462578125 -0.10315000153705478
v 0.9407581237703562 1.0462578125 -0.10315000153705478
v 0.8092418762296438 2.1099921875 0.10315000153705478
v 0.9407581237703562 2.1099921875 0.10315000153705478
v 0.8092418762296438 1.0462578125 0.10315000153705478
v 0.9407581237703562 1.0462578125 0.10315000153705478
v 0.9407581237703562 2.1099921875 -0.10315000153705478
v 0.8092418762296438 2.1099921875 -0.10315000153705478
v 0.9407581237703562 1.0462578125 -0.10315000153705478
v 0.8092418762296438 1.0462578125 -0.10315000153705478
vt 0.125 1.375
vt 0.3125 1.375
vt 0.125 0.3125
vt 0.3125 0.3125
vt 0.125 1.375
vt 0.3125 1.375
vt 0.125 0.3125
vt 0.3125 0.3125
vt 0.125 0.5
vt 0.25 0.5
vt 0.125 0.3125
vt 0.25 0.3125
vt 0.125 0.5
vt 0.25 0.5
vt 0.125 0.3125
vt 0.25 0.3125
vt 0.125 1.375
vt 0.25 1.375
vt 0.125 0.3125
vt 0.25 0.3125
vt 0.125 1.375
vt 0.25 1.375
vt 0.125 0.3125
vt 0.25 0.3125
vn 1 0 0
vn 1 0 0
vn 1 0 0
vn 1 0 0
vn -1 0 0
vn -1 0 0
vn -1 0 0
vn -1 0 0
vn 0 1 0
vn 0 1 0
vn 0 1 0
vn 0 1 0
vn 0 -1 0
vn 0 -1 0
vn 0 -1 0
vn 0 -1 0
vn 0 0 1
vn 0 0 1
vn 0 0 1
vn 0 0 1
vn 0 0 -1
vn 0 0 -1
vn 0 0 -1
vn 0 0 -1
f 3721/3721/3721 3723/3723/3723 3722/3722/3722
f 3723/3723/3723 3724/3724/3724 3722/3722/3722
f 3725/3725/3725 3727/3727/3727 3726/3726/3726
f 3727/3727/3727 3728/3728/3728 3726/3726/3726
f 3729/3729/3729 3731/3731/3731 3730/3730/3730
f 3731/3731/3731 3732/3732/3732 3730/3730/3730
f 3733/3733/3733 3735/3735/3735 3734/3734/3734
f 3735/3735/3735 3736/3736/3736 3734/3734/3734
f 3737/3737/3737 3739/3739/3739 3738/3738/3738
f 3739/3739/3739 3740/3740/3740 3738/3738/3738
f 3741/3741/3741 3743/3743/3743 3742/3742/3742
f 3743/3743/3743 3744/3744/3744 3742/3742/3742
o jaw_blade_93
usemtl socket_dark
v 0.906390625 1.5455375007484107 0.10358906100317836
v 0.906390625 1.5455375007484107 -0.10358906100317836
v 0.906390625 1.445087499251589 0.10358906100317836
v 0.906390625 1.445087499251589 -0.10358906100317836
v 0.843609375 1.5455375007484107 -0.10358906100317836
v 0.843609375 1.5455375007484107 0.10358906100317836
v 0.843609375 1.445087499251589 -0.10358906100317836
v 0.843609375 1.445087499251589 0.10358906100317836
v 0.843609375 1.5455375007484107 -0.10358906100317836
v 0.906390625 1.5455375007484107 -0.10358906100317836
v 0.843609375 1.5455375007484107 0.10358906100317836
v 0.906390625 1.5455375007484107 0.10358906100317836
v 0.843609375 1.445087499251589 0.10358906100317836
v 0.906390625 1.445087499251589 0.10358906100317836
v 0.843609375 1.445087499251589 -0.10358906100317836
v 0.906390625 1.445087499251589 -0.10358906100317836
v 0.843609375 1.5455375007484107 0.10358906100317836
v 0.906390625 1.5455375007484107 0.10358906100317836
v 0.843609375 1.445087499251589 0.10358906100317836
v 0.906390625 1.445087499251589 0.10358906100317836
v 0.906390625 1.5455375007484107 -0.10358906100317836
v 0.843609375 1.5455375007484107 -0.10358906100317836
v 0.906390625 1.445087499251589 -0.10358906100317836
v 0.843609375 1.445087499251589 -0.10358906100317836
vt 0.3125 0.6875
vt 0.5 0.6875
vt 0.3125 0.5625
vt 0.5 0.5625
vt 0.3125 0.6875
vt 0.5 0.6875
vt 0.3125 0.5625
vt 0.5 0.5625
vt 0.3125 0.75
vt 0.375 0.75
vt 0.3125 0.5625
vt 0.375 0.5625
vt 0.3125 0.75
vt 0.375 0.75
vt 0.3125 0.5625
vt 0.375 0.5625
vt 0.3125 0.6875
vt 0.375 0.6875
vt 0.3125 0.5625
vt 0.375 0.5625
vt 0.3125 0.6875
vt 0.375 0.6875
vt 0.3125 0.5625
vt 0.375 0.5625
vn 1 0 0
vn 1 0 0
vn 1 0 0
vn 1 0 0
vn -1 0 0
vn -1 0 0
vn -1 0 0
vn -1 0 0
vn 0 1 0
vn 0 1 0
vn 0 1 0
vn 0 1 0
vn 0 -1 0
vn 0 -1 0
vn 0 -1 0
vn 0 -1 0
vn 0 0 1
vn 0 0 1
vn 0 0 1
vn 0 0 1
vn 0 0 -1
vn 0 0 -1
vn 0 0 -1
vn 0 0 -1
f 3745/3745/3745 3747/3747/3747 3746/3746/3746
f 3747/3747/3747 3748/3748/3748 3746/3746/3746
f 3749/3749/3749 3751/3751/3751 3750/3750/3750
f 3751/3751/3751 3752/3752/3752 3750/3750/3750
f 3753/3753/3753 3755/3755/3755 3754/3754/3754
f 3755/3755/3755 3756/3756/3756 3754/3754/3754
f 3757/3757/3757 3759/3759/3759 3758/3758/3758
f 3759/3759/3759 3760/3760/3760 3758/3758/3758
f 3761/3761/3761 3763/3763/3763 3762/3762/3762
f 3763/3763/3763 3764/3764/3764 3762/3762/3762
f 3765/3765/3765 3767/3767/3767 3766/3766/3766
f 3767/3767/3767 3768/3768/3768 3766/3766/3766
o jaw_blade_94
usemtl old_bone
v 1.0660449987649918 2.1145625 0.1036000015437603
v 1.0660449987649918 2.1145625 -0.1036000015437603
v 1.0660449987649918 0.9166875 0.1036000015437603
v 1.0660449987649918 0.9166875 -0.1036000015437603
v 0.9339550012350082 2.1145625 -0.1036000015437603
v 0.9339550012350082 2.1145625 0.1036000015437603
v 0.9339550012350082 0.9166875 -0.1036000015437603
v 0.9339550012350082 0.9166875 0.1036000015437603
v 0.9339550012350082 2.1145625 -0.1036000015437603
v 1.0660449987649918 2.1145625 -0.1036000015437603
v 0.9339550012350082 2.1145625 0.1036000015437603
v 1.0660449987649918 2.1145625 0.1036000015437603
v 0.9339550012350082 0.9166875 0.1036000015437603
v 1.0660449987649918 0.9166875 0.1036000015437603
v 0.9339550012350082 0.9166875 -0.1036000015437603
v 1.0660449987649918 0.9166875 -0.1036000015437603
v 0.9339550012350082 2.1145625 0.1036000015437603
v 1.0660449987649918 2.1145625 0.1036000015437603
v 0.9339550012350082 0.9166875 0.1036000015437603
v 1.0660449987649918 0.9166875 0.1036000015437603
v 1.0660449987649918 2.1145625 -0.1036000015437603
v 0.9339550012350082 2.1145625 -0.1036000015437603
v 1.0660449987649918 0.9166875 -0.1036000015437603
v 0.9339550012350082 0.9166875 -0.1036000015437603
vt 0.9375 1.375
vt 1.125 1.375
vt 0.9375 0.1875
vt 1.125 0.1875
vt 0.9375 1.375
vt 1.125 1.375
vt 0.9375 0.1875
vt 1.125 0.1875
vt 0.9375 0.375
vt 1.0625 0.375
vt 0.9375 0.1875
vt 1.0625 0.1875
vt 0.9375 0.375
vt 1.0625 0.375
vt 0.9375 0.1875
vt 1.0625 0.1875
vt 0.9375 1.375
vt 1.0625 1.375
vt 0.9375 0.1875
vt 1.0625 0.1875
vt 0.9375 1.375
vt 1.0625 1.375
vt 0.9375 0.1875
vt 1.0625 0.1875
vn 1 0 0
vn 1 0 0
vn 1 0 0
vn 1 0 0
vn -1 0 0
vn -1 0 0
vn -1 0 0
vn -1 0 0
vn 0 1 0
vn 0 1 0
vn 0 1 0
vn 0 1 0
vn 0 -1 0
vn 0 -1 0
vn 0 -1 0
vn 0 -1 0
vn 0 0 1
vn 0 0 1
vn 0 0 1
vn 0 0 1
vn 0 0 -1
vn 0 0 -1
vn 0 0 -1
vn 0 0 -1
f 3769/3769/3769 3771/3771/3771 3770/3770/3770
f 3771/3771/3771 3772/3772/3772 3770/3770/3770
f 3773/3773/3773 3775/3775/3775 3774/3774/3774
f 3775/3775/3775 3776/3776/3776 3774/3774/3774
f 3777/3777/3777 3779/3779/3779 3778/3778/3778
f 3779/3779/3779 3780/3780/3780 3778/3778/3778
f 3781/3781/3781 3783/3783/3783 3782/3782/3782
f 3783/3783/3783 3784/3784/3784 3782/3782/3782
f 3785/3785/3785 3787/3787/3787 3786/3786/3786
f 3787/3787/3787 3788/3788/3788 3786/3786/3786
f 3789/3789/3789 3791/3791/3791 3790/3790/3790
f 3791/3791/3791 3792/3792/3792 3790/3790/3790
o jaw_blade_95
usemtl grave_bone
v 0.08209375 2.113625 0.11351249699294566
v 0.08209375 2.113625 -0.11351249699294566
v 0.08209375 1.861375 0.11351249699294566
v 0.08209375 1.861375 -0.11351249699294566
v -0.10709374999999999 2.113625 -0.11351249699294566
v -0.10709374999999999 2.113625 0.11351249699294566
v -0.10709374999999999 1.861375 -0.11351249699294566
v -0.10709374999999999 1.861375 0.11351249699294566
v -0.10709374999999999 2.113625 -0.11351249699294566
v 0.08209375 2.113625 -0.11351249699294566
v -0.10709374999999999 2.113625 0.11351249699294566
v 0.08209375 2.113625 0.11351249699294566
v -0.10709374999999999 1.861375 0.11351249699294566
v 0.08209375 1.861375 0.11351249699294566
v -0.10709374999999999 1.861375 -0.11351249699294566
v 0.08209375 1.861375 -0.11351249699294566
v -0.10709374999999999 2.113625 0.11351249699294566
v 0.08209375 2.113625 0.11351249699294566
v -0.10709374999999999 1.861375 0.11351249699294566
v 0.08209375 1.861375 0.11351249699294566
v 0.08209375 2.113625 -0.11351249699294566
v -0.10709374999999999 2.113625 -0.11351249699294566
v 0.08209375 1.861375 -0.11351249699294566
v -0.10709374999999999 1.861375 -0.11351249699294566
vt 0 0.9375
vt 0.25 0.9375
vt 0 0.6875
vt 0.25 0.6875
vt 0 0.9375
vt 0.25 0.9375
vt 0 0.6875
vt 0.25 0.6875
vt 0 0.9375
vt 0.1875 0.9375
vt 0 0.6875
vt 0.1875 0.6875
vt 0 0.9375
vt 0.1875 0.9375
vt 0 0.6875
vt 0.1875 0.6875
vt 0 0.9375
vt 0.1875 0.9375
vt 0 0.6875
vt 0.1875 0.6875
vt 0 0.9375
vt 0.1875 0.9375
vt 0 0.6875
vt 0.1875 0.6875
vn 0.9999999999999999 0 0
vn 0.9999999999999999 0 0
vn 0.9999999999999999 0 0
vn 0.9999999999999999 0 0
vn -0.9999999999999999 0 0
vn -0.9999999999999999 0 0
vn -0.9999999999999999 0 0
vn -0.9999999999999999 0 0
vn 0 0.9999999999999999 0
vn 0 0.9999999999999999 0
vn 0 0.9999999999999999 0
vn 0 0.9999999999999999 0
vn 0 -0.9999999999999999 0
vn 0 -0.9999999999999999 0
vn 0 -0.9999999999999999 0
vn 0 -0.9999999999999999 0
vn 0 0 0.9999999999999999
vn 0 0 0.9999999999999999
vn 0 0 0.9999999999999999
vn 0 0 0.9999999999999999
vn 0 0 -0.9999999999999999
vn 0 0 -0.9999999999999999
vn 0 0 -0.9999999999999999
vn 0 0 -0.9999999999999999
f 3793/3793/3793 3795/3795/3795 3794/3794/3794
f 3795/3795/3795 3796/3796/3796 3794/3794/3794
f 3797/3797/3797 3799/3799/3799 3798/3798/3798
f 3799/3799/3799 3800/3800/3800 3798/3798/3798
f 3801/3801/3801 3803/3803/3803 3802/3802/3802
f 3803/3803/3803 3804/3804/3804 3802/3802/3802
f 3805/3805/3805 3807/3807/3807 3806/3806/3806
f 3807/3807/3807 3808/3808/3808 3806/3806/3806
f 3809/3809/3809 3811/3811/3811 3810/3810/3810
f 3811/3811/3811 3812/3812/3812 3810/3810/3810
f 3813/3813/3813 3815/3815/3815 3814/3814/3814
f 3815/3815/3815 3816/3816/3816 3814/3814/3814
o jaw_blade_96
usemtl old_bone
v 1.1152656250000001 2.107515625 0.1138046875
v 1.1152656250000001 2.107515625 -0.1138046875
v 1.1152656250000001 2.0424843750000004 0.1138046875
v 1.1152656250000001 2.0424843750000004 -0.1138046875
v 0.009734374999999962 2.107515625 -0.1138046875
v 0.009734374999999962 2.107515625 0.1138046875
v 0.009734374999999962 2.0424843750000004 -0.1138046875
v 0.009734374999999962 2.0424843750000004 0.1138046875
v 0.009734374999999962 2.107515625 -0.1138046875
v 1.1152656250000001 2.107515625 -0.1138046875
v 0.009734374999999962 2.107515625 0.1138046875
v 1.1152656250000001 2.107515625 0.1138046875
v 0.009734374999999962 2.0424843750000004 0.1138046875
v 1.1152656250000001 2.0424843750000004 0.1138046875
v 0.009734374999999962 2.0424843750000004 -0.1138046875
v 1.1152656250000001 2.0424843750000004 -0.1138046875
v 0.009734374999999962 2.107515625 0.1138046875
v 1.1152656250000001 2.107515625 0.1138046875
v 0.009734374999999962 2.0424843750000004 0.1138046875
v 1.1152656250000001 2.0424843750000004 0.1138046875
v 1.1152656250000001 2.107515625 -0.1138046875
v 0.009734374999999962 2.107515625 -0.1138046875
v 1.1152656250000001 2.0424843750000004 -0.1138046875
v 0.009734374999999962 2.0424843750000004 -0.1138046875
vt 0.9375 0.1875
vt 1.1875 0.1875
vt 0.9375 0.125
vt 1.1875 0.125
vt 0.9375 0.1875
vt 1.1875 0.1875
vt 0.9375 0.125
vt 1.1875 0.125
vt 0.9375 0.375
vt 2 0.375
vt 0.9375 0.125
vt 2 0.125
vt 0.9375 0.375
vt 2 0.375
vt 0.9375 0.125
vt 2 0.125
vt 0.9375 0.1875
vt 2 0.1875
vt 0.9375 0.125
vt 2 0.125
vt 0.9375 0.1875
vt 2 0.1875
vt 0.9375 0.125
vt 2 0.125
vn 1 0 0
vn 1 0 0
vn 1 0 0
vn 1 0 0
vn -1 0 0
vn -1 0 0
vn -1 0 0
vn -1 0 0
vn 0 1 0
vn 0 1 0
vn 0 1 0
vn 0 1 0
vn 0 -1 0
vn 0 -1 0
vn 0 -1 0
vn 0 -1 0
vn 0 0 1
vn 0 0 1
vn 0 0 1
vn 0 0 1
vn 0 0 -1
vn 0 0 -1
vn 0 0 -1
vn 0 0 -1
f 3817/3817/3817 3819/3819/3819 3818/3818/3818
f 3819/3819/3819 3820/3820/3820 3818/3818/3818
f 3821/3821/3821 3823/3823/3823 3822/3822/3822
f 3823/3823/3823 3824/3824/3824 3822/3822/3822
f 3825/3825/3825 3827/3827/3827 3826/3826/3826
f 3827/3827/3827 3828/3828/3828 3826/3826/3826
f 3829/3829/3829 3831/3831/3831 3830/3830/3830
f 3831/3831/3831 3832/3832/3832 3830/3830/3830
f 3833/3833/3833 3835/3835/3835 3834/3834/3834
f 3835/3835/3835 3836/3836/3836 3834/3834/3834
f 3837/3837/3837 3839/3839/3839 3838/3838/3838
f 3839/3839/3839 3840/3840/3840 3838/3838/3838
o fang_0_97
usemtl grave_bone
v 1.273726538575746 2.0243746789237074 0.07601250302046537
v 1.273726538575746 2.0243746789237074 -0.07601250302046537
v 1.260484088885525 1.8983811863042395 0.07601250302046537
v 1.260484088885525 1.8983811863042395 -0.07601250302046537
v 1.142063344195456 2.0382130382816843 -0.07601250302046537
v 1.142063344195456 2.0382130382816843 0.07601250302046537
v 1.1288208945052352 1.912219545662216 -0.07601250302046537
v 1.1288208945052352 1.912219545662216 0.07601250302046537
v 1.142063344195456 2.0382130382816843 -0.07601250302046537
v 1.273726538575746 2.0243746789237074 -0.07601250302046537
v 1.142063344195456 2.0382130382816843 0.07601250302046537
v 1.273726538575746 2.0243746789237074 0.07601250302046537
v 1.1288208945052352 1.912219545662216 0.07601250302046537
v 1.260484088885525 1.8983811863042395 0.07601250302046537
v 1.1288208945052352 1.912219545662216 -0.07601250302046537
v 1.260484088885525 1.8983811863042395 -0.07601250302046537
v 1.142063344195456 2.0382130382816843 0.07601250302046537
v 1.273726538575746 2.0243746789237074 0.07601250302046537
v 1.1288208945052352 1.912219545662216 0.07601250302046537
v 1.260484088885525 1.8983811863042395 0.07601250302046537
v 1.273726538575746 2.0243746789237074 -0.07601250302046537
v 1.142063344195456 2.0382130382816843 -0.07601250302046537
v 1.260484088885525 1.8983811863042395 -0.07601250302046537
v 1.1288208945052352 1.912219545662216 -0.07601250302046537
vt 0.125 0.6875
vt 0.25 0.6875
vt 0.125 0.5625
vt 0.25 0.5625
vt 0.125 0.6875
vt 0.25 0.6875
vt 0.125 0.5625
vt 0.25 0.5625
vt 0.125 0.6875
vt 0.25 0.6875
vt 0.125 0.5625
vt 0.25 0.5625
vt 0.125 0.6875
vt 0.25 0.6875
vt 0.125 0.5625
vt 0.25 0.5625
vt 0.125 0.6875
vt 0.25 0.6875
vt 0.125 0.5625
vt 0.25 0.5625
vt 0.125 0.6875
vt 0.25 0.6875
vt 0.125 0.5625
vt 0.25 0.5625
vn 0.9945218953682734 -0.10452846326765347 0
vn 0.9945218953682734 -0.10452846326765347 0
vn 0.9945218953682734 -0.10452846326765347 0
vn 0.9945218953682734 -0.10452846326765347 0
vn -0.9945218953682734 0.10452846326765347 0
vn -0.9945218953682734 0.10452846326765347 0
vn -0.9945218953682734 0.10452846326765347 0
vn -0.9945218953682734 0.10452846326765347 0
vn 0.10452846326765347 0.9945218953682734 0
vn 0.10452846326765347 0.9945218953682734 0
vn 0.10452846326765347 0.9945218953682734 0
vn 0.10452846326765347 0.9945218953682734 0
vn -0.10452846326765347 -0.9945218953682734 0
vn -0.10452846326765347 -0.9945218953682734 0
vn -0.10452846326765347 -0.9945218953682734 0
vn -0.10452846326765347 -0.9945218953682734 0
vn 0 0 1
vn 0 0 1
vn 0 0 1
vn 0 0 1
vn 0 0 -1
vn 0 0 -1
vn 0 0 -1
vn 0 0 -1
f 3841/3841/3841 3843/3843/3843 3842/3842/3842
f 3843/3843/3843 3844/3844/3844 3842/3842/3842
f 3845/3845/3845 3847/3847/3847 3846/3846/3846
f 3847/3847/3847 3848/3848/3848 3846/3846/3846
f 3849/3849/3849 3851/3851/3851 3850/3850/3850
f 3851/3851/3851 3852/3852/3852 3850/3850/3850
f 3853/3853/3853 3855/3855/3855 3854/3854/3854
f 3855/3855/3855 3856/3856/3856 3854/3854/3854
f 3857/3857/3857 3859/3859/3859 3858/3858/3858
f 3859/3859/3859 3860/3860/3860 3858/3858/3858
f 3861/3861/3861 3863/3863/3863 3862/3862/3862
f 3863/3863/3863 3864/3864/3864 3862/3862/3862
o fang_0_98
usemtl grave_bone
v 1.3491651034709722 1.9828712147878056 0.052250000778585666
v 1.3491651034709722 1.9828712147878056 -0.052250000778585666
v 1.3402899839621905 1.898430093206475 0.052250000778585666
v 1.3402899839621905 1.898430093206475 -0.052250000778585666
v 1.2627753346660688 1.9919511453728236 -0.052250000778585666
v 1.2627753346660688 1.9919511453728236 0.052250000778585666
v 1.2539002151572871 1.907510023791493 -0.052250000778585666
v 1.2539002151572871 1.907510023791493 0.052250000778585666
v 1.2627753346660688 1.9919511453728236 -0.052250000778585666
v 1.3491651034709722 1.9828712147878056 -0.052250000778585666
v 1.2627753346660688 1.9919511453728236 0.052250000778585666
v 1.3491651034709722 1.9828712147878056 0.052250000778585666
v 1.2539002151572871 1.907510023791493 0.052250000778585666
v 1.3402899839621905 1.898430093206475 0.052250000778585666
v 1.2539002151572871 1.907510023791493 -0.052250000778585666
v 1.3402899839621905 1.898430093206475 -0.052250000778585666
v 1.2627753346660688 1.9919511453728236 0.052250000778585666
v 1.3491651034709722 1.9828712147878056 0.052250000778585666
v 1.2539002151572871 1.907510023791493 0.052250000778585666
v 1.3402899839621905 1.898430093206475 0.052250000778585666
v 1.3491651034709722 1.9828712147878056 -0.052250000778585666
v 1.2627753346660688 1.9919511453728236 -0.052250000778585666
v 1.3402899839621905 1.898430093206475 -0.052250000778585666
v 1.2539002151572871 1.907510023791493 -0.052250000778585666
vt 0.3125 0.0625
vt 0.4375 0.0625
vt 0.3125 0
vt 0.4375 0
vt 0.3125 0.0625
vt 0.4375 0.0625
vt 0.3125 0
vt 0.4375 0
vt 0.3125 0.125
vt 0.375 0.125
vt 0.3125 0
vt 0.375 0
vt 0.3125 0.125
vt 0.375 0.125
vt 0.3125 0
vt 0.375 0
vt 0.3125 0.0625
vt 0.375 0.0625
vt 0.3125 0
vt 0.375 0
vt 0.3125 0.0625
vt 0.375 0.0625
vt 0.3125 0
vt 0.375 0
vn 0.9945218953682732 -0.10452846326765346 0
vn 0.9945218953682732 -0.10452846326765346 0
vn 0.9945218953682732 -0.10452846326765346 0
vn 0.9945218953682732 -0.10452846326765346 0
vn -0.9945218953682732 0.10452846326765346 0
vn -0.9945218953682732 0.10452846326765346 0
vn -0.9945218953682732 0.10452846326765346 0
vn -0.9945218953682732 0.10452846326765346 0
vn 0.10452846326765346 0.9945218953682732 0
vn 0.10452846326765346 0.9945218953682732 0
vn 0.10452846326765346 0.9945218953682732 0
vn 0.10452846326765346 0.9945218953682732 0
vn -0.10452846326765346 -0.9945218953682732 0
vn -0.10452846326765346 -0.9945218953682732 0
vn -0.10452846326765346 -0.9945218953682732 0
vn -0.10452846326765346 -0.9945218953682732 0
vn 0 0 1
vn 0 0 1
vn 0 0 1
vn 0 0 1
vn 0 0 -1
vn 0 0 -1
vn 0 0 -1
vn 0 0 -1
f 3865/3865/3865 3867/3867/3867 3866/3866/3866
f 3867/3867/3867 3868/3868/3868 3866/3866/3866
f 3869/3869/3869 3871/3871/3871 3870/3870/3870
f 3871/3871/3871 3872/3872/3872 3870/3870/3870
f 3873/3873/3873 3875/3875/3875 3874/3874/3874
f 3875/3875/3875 3876/3876/3876 3874/3874/3874
f 3877/3877/3877 3879/3879/3879 3878/3878/3878
f 3879/3879/3879 3880/3880/3880 3878/3878/3878
f 3881/3881/3881 3883/3883/3883 3882/3882/3882
f 3883/3883/3883 3884/3884/3884 3882/3882/3882
f 3885/3885/3885 3887/3887/3887 3886/3886/3886
f 3887/3887/3887 3888/3888/3888 3886/3886/3886
o fang_0_99
usemtl old_bone
v 1.3927345305655656 1.9454274749816312 0.028631249241530897
v 1.3927345305655656 1.9454274749816312 -0.028631249241530897
v 1.3880790942120642 1.9011339568209809 0.028631249241530897
v 1.3880790942120642 1.9011339568209809 -0.028631249241530897
v 1.3446444249184841 1.950481948759513 -0.028631249241530897
v 1.3446444249184841 1.950481948759513 0.028631249241530897
v 1.3399889885649827 1.9061884305988628 -0.028631249241530897
v 1.3399889885649827 1.9061884305988628 0.028631249241530897
v 1.3446444249184841 1.950481948759513 -0.028631249241530897
v 1.3927345305655656 1.9454274749816312 -0.028631249241530897
v 1.3446444249184841 1.950481948759513 0.028631249241530897
v 1.3927345305655656 1.9454274749816312 0.028631249241530897
v 1.3399889885649827 1.9061884305988628 0.028631249241530897
v 1.3880790942120642 1.9011339568209809 0.028631249241530897
v 1.3399889885649827 1.9061884305988628 -0.028631249241530897
v 1.3880790942120642 1.9011339568209809 -0.028631249241530897
v 1.3446444249184841 1.950481948759513 0.028631249241530897
v 1.3927345305655656 1.9454274749816312 0.028631249241530897
v 1.3399889885649827 1.9061884305988628 0.028631249241530897
v 1.3880790942120642 1.9011339568209809 0.028631249241530897
v 1.3927345305655656 1.9454274749816312 -0.028631249241530897
v 1.3446444249184841 1.950481948759513 -0.028631249241530897
v 1.3880790942120642 1.9011339568209809 -0.028631249241530897
v 1.3399889885649827 1.9061884305988628 -0.028631249241530897
vt 0.0625 0.625
vt 0.125 0.625
vt 0.0625 0.5625
vt 0.125 0.5625
vt 0.0625 0.625
vt 0.125 0.625
vt 0.0625 0.5625
vt 0.125 0.5625
vt 0.0625 0.625
vt 0.125 0.625
vt 0.0625 0.5625
vt 0.125 0.5625
vt 0.0625 0.625
vt 0.125 0.625
vt 0.0625 0.5625
vt 0.125 0.5625
vt 0.0625 0.625
vt 0.125 0.625
vt 0.0625 0.5625
vt 0.125 0.5625
vt 0.0625 0.625
vt 0.125 0.625
vt 0.0625 0.5625
vt 0.125 0.5625
vn 0.9945218953682732 -0.10452846326765347 0
vn 0.9945218953682732 -0.10452846326765347 0
vn 0.9945218953682732 -0.10452846326765347 0
vn 0.9945218953682732 -0.10452846326765347 0
vn -0.9945218953682732 0.10452846326765347 0
vn -0.9945218953682732 0.10452846326765347 0
vn -0.9945218953682732 0.10452846326765347 0
vn -0.9945218953682732 0.10452846326765347 0
vn 0.10452846326765347 0.9945218953682732 0
vn 0.10452846326765347 0.9945218953682732 0
vn 0.10452846326765347 0.9945218953682732 0
vn 0.10452846326765347 0.9945218953682732 0
vn -0.10452846326765347 -0.9945218953682732 0
vn -0.10452846326765347 -0.9945218953682732 0
vn -0.10452846326765347 -0.9945218953682732 0
vn -0.10452846326765347 -0.9945218953682732 0
vn 0 0 1
vn 0 0 1
vn 0 0 1
vn 0 0 1
vn 0 0 -1
vn 0 0 -1
vn 0 0 -1
vn 0 0 -1
f 3889/3889/3889 3891/3891/3891 3890/3890/3890
f 3891/3891/3891 3892/3892/3892 3890/3890/3890
f 3893/3893/3893 3895/3895/3895 3894/3894/3894
f 3895/3895/3895 3896/3896/3896 3894/3894/3894
f 3897/3897/3897 3899/3899/3899 3898/3898/3898
f 3899/3899/3899 3900/3900/3900 3898/3898/3898
f 3901/3901/3901 3903/3903/3903 3902/3902/3902
f 3903/3903/3903 3904/3904/3904 3902/3902/3902
f 3905/3905/3905 3907/3907/3907 3906/3906/3906
f 3907/3907/3907 3908/3908/3908 3906/3906/3906
f 3909/3909/3909 3911/3911/3911 3910/3910/3910
f 3911/3911/3911 3912/3912/3912 3910/3910/3910
o fang_1_100
usemtl grave_bone
v 1.2374180676307613 1.8537109171246495 0.07871250312775374
v 1.2374180676307613 1.8537109171246495 -0.07871250312775374
v 1.216895821248296 1.724138552942825 0.07871250312775374
v 1.216895821248296 1.724138552942825 -0.07871250312775374
v 1.1447738306389272 1.8683843227498949 -0.07871250312775374
v 1.1447738306389272 1.8683843227498949 0.07871250312775374
v 1.124251584256462 1.7388119585680704 -0.07871250312775374
v 1.124251584256462 1.7388119585680704 0.07871250312775374
v 1.1447738306389272 1.8683843227498949 -0.07871250312775374
v 1.2374180676307613 1.8537109171246495 -0.07871250312775374
v 1.1447738306389272 1.8683843227498949 0.07871250312775374
v 1.2374180676307613 1.8537109171246495 0.07871250312775374
v 1.124251584256462 1.7388119585680704 0.07871250312775374
v 1.216895821248296 1.724138552942825 0.07871250312775374
v 1.124251584256462 1.7388119585680704 -0.07871250312775374
v 1.216895821248296 1.724138552942825 -0.07871250312775374
v 1.1447738306389272 1.8683843227498949 0.07871250312775374
v 1.2374180676307613 1.8537109171246495 0.07871250312775374
v 1.124251584256462 1.7388119585680704 0.07871250312775374
v 1.216895821248296 1.724138552942825 0.07871250312775374
v 1.2374180676307613 1.8537109171246495 -0.07871250312775374
v 1.1447738306389272 1.8683843227498949 -0.07871250312775374
v 1.216895821248296 1.724138552942825 -0.07871250312775374
v 1.124251584256462 1.7388119585680704 -0.07871250312775374
vt 0.875 0.9375
vt 1 0.9375
vt 0.875 0.8125
vt 1 0.8125
vt 0.875 0.9375
vt 1 0.9375
vt 0.875 0.8125
vt 1 0.8125
vt 0.875 0.9375
vt 0.9375 0.9375
vt 0.875 0.8125
vt 0.9375 0.8125
vt 0.875 0.9375
vt 0.9375 0.9375
vt 0.875 0.8125
vt 0.9375 0.8125
vt 0.875 0.9375
vt 0.9375 0.9375
vt 0.875 0.8125
vt 0.9375 0.8125
vt 0.875 0.9375
vt 0.9375 0.9375
vt 0.875 0.8125
vt 0.9375 0.8125
vn 0.9876883405951378 -0.15643446504023084 0
vn 0.9876883405951378 -0.15643446504023084 0
vn 0.9876883405951378 -0.15643446504023084 0
vn 0.9876883405951378 -0.15643446504023084 0
vn -0.9876883405951378 0.15643446504023084 0
vn -0.9876883405951378 0.15643446504023084 0
vn -0.9876883405951378 0.15643446504023084 0
vn -0.9876883405951378 0.15643446504023084 0
vn 0.15643446504023084 0.9876883405951378 0
vn 0.15643446504023084 0.9876883405951378 0
vn 0.15643446504023084 0.9876883405951378 0
vn 0.15643446504023084 0.9876883405951378 0
vn -0.15643446504023084 -0.9876883405951378 0
vn -0.15643446504023084 -0.9876883405951378 0
vn -0.15643446504023084 -0.9876883405951378 0
vn -0.15643446504023084 -0.9876883405951378 0
vn 0 0 0.9999999999999999
vn 0 0 0.9999999999999999
vn 0 0 0.9999999999999999
vn 0 0 0.9999999999999999
vn 0 0 -0.9999999999999999
vn 0 0 -0.9999999999999999
vn 0 0 -0.9999999999999999
vn 0 0 -0.9999999999999999
f 3913/3913/3913 3915/3915/3915 3914/3914/3914
f 3915/3915/3915 3916/3916/3916 3914/3914/3914
f 3917/3917/3917 3919/3919/3919 3918/3918/3918
f 3919/3919/3919 3920/3920/3920 3918/3918/3918
f 3921/3921/3921 3923/3923/3923 3922/3922/3922
f 3923/3923/3923 3924/3924/3924 3922/3922/3922
f 3925/3925/3925 3927/3927/3927 3926/3926/3926
f 3927/3927/3927 3928/3928/3928 3926/3926/3926
f 3929/3929/3929 3931/3931/3931 3930/3930/3930
f 3931/3931/3931 3932/3932/3932 3930/3930/3930
f 3933/3933/3933 3935/3935/3935 3934/3934/3934
f 3935/3935/3935 3936/3936/3936 3934/3934/3934
o fang_1_101
usemtl grave_bone
v 1.2831116129368427 1.8094634227044373 0.051125000761821866
v 1.2831116129368427 1.8094634227044373 -0.051125000761821866
v 1.270115331372623 1.727408130293202 0.051125000761821866
v 1.270115331372623 1.727408130293202 -0.051125000761821866
v 1.2256729044867651 1.818560820395267 -0.051125000761821866
v 1.2256729044867651 1.818560820395267 0.051125000761821866
v 1.2126766229225454 1.7365055279840318 -0.051125000761821866
v 1.2126766229225454 1.7365055279840318 0.051125000761821866
v 1.2256729044867651 1.818560820395267 -0.051125000761821866
v 1.2831116129368427 1.8094634227044373 -0.051125000761821866
v 1.2256729044867651 1.818560820395267 0.051125000761821866
v 1.2831116129368427 1.8094634227044373 0.051125000761821866
v 1.2126766229225454 1.7365055279840318 0.051125000761821866
v 1.270115331372623 1.727408130293202 0.051125000761821866
v 1.2126766229225454 1.7365055279840318 -0.051125000761821866
v 1.270115331372623 1.727408130293202 -0.051125000761821866
v 1.2256729044867651 1.818560820395267 0.051125000761821866
v 1.2831116129368427 1.8094634227044373 0.051125000761821866
v 1.2126766229225454 1.7365055279840318 0.051125000761821866
v 1.270115331372623 1.727408130293202 0.051125000761821866
v 1.2831116129368427 1.8094634227044373 -0.051125000761821866
v 1.2256729044867651 1.818560820395267 -0.051125000761821866
v 1.270115331372623 1.727408130293202 -0.051125000761821866
v 1.2126766229225454 1.7365055279840318 -0.051125000761821866
vt 0.875 0.8125
vt 1 0.8125
vt 0.875 0.75
vt 1 0.75
vt 0.875 0.8125
vt 1 0.8125
vt 0.875 0.75
vt 1 0.75
vt 0.875 0.875
vt 0.9375 0.875
vt 0.875 0.75
vt 0.9375 0.75
vt 0.875 0.875
vt 0.9375 0.875
vt 0.875 0.75
vt 0.9375 0.75
vt 0.875 0.8125
vt 0.9375 0.8125
vt 0.875 0.75
vt 0.9375 0.75
vt 0.875 0.8125
vt 0.9375 0.8125
vt 0.875 0.75
vt 0.9375 0.75
vn 0.9876883405951377 -0.15643446504023084 0
vn 0.9876883405951377 -0.15643446504023084 0
vn 0.9876883405951377 -0.15643446504023084 0
vn 0.9876883405951377 -0.15643446504023084 0
vn -0.9876883405951377 0.15643446504023084 0
vn -0.9876883405951377 0.15643446504023084 0
vn -0.9876883405951377 0.15643446504023084 0
vn -0.9876883405951377 0.15643446504023084 0
vn 0.15643446504023084 0.9876883405951377 0
vn 0.15643446504023084 0.9876883405951377 0
vn 0.15643446504023084 0.9876883405951377 0
vn 0.15643446504023084 0.9876883405951377 0
vn -0.15643446504023084 -0.9876883405951377 0
vn -0.15643446504023084 -0.9876883405951377 0
vn -0.15643446504023084 -0.9876883405951377 0
vn -0.15643446504023084 -0.9876883405951377 0
vn 0 0 0.9999999999999999
vn 0 0 0.9999999999999999
vn 0 0 0.9999999999999999
vn 0 0 0.9999999999999999
vn 0 0 -0.9999999999999999
vn 0 0 -0.9999999999999999
vn 0 0 -0.9999999999999999
vn 0 0 -0.9999999999999999
f 3937/3937/3937 3939/3939/3939 3938/3938/3938
f 3939/3939/3939 3940/3940/3940 3938/3938/3938
f 3941/3941/3941 3943/3943/3943 3942/3942/3942
f 3943/3943/3943 3944/3944/3944 3942/3942/3942
f 3945/3945/3945 3947/3947/3947 3946/3946/3946
f 3947/3947/3947 3948/3948/3948 3946/3946/3946
f 3949/3949/3949 3951/3951/3951 3950/3950/3950
f 3951/3951/3951 3952/3952/3952 3950/3950/3950
f 3953/3953/3953 3955/3955/3955 3954/3954/3954
f 3955/3955/3955 3956/3956/3956 3954/3954/3954
f 3957/3957/3957 3959/3959/3959 3958/3958/3958
f 3959/3959/3959 3960/3960/3960 3958/3958/3958
o fang_1_102
usemtl old_bone
v 1.311401930119975 1.7736136606408006 0.029643749214708807
v 1.311401930119975 1.7736136606408006 -0.029643749214708807
v 1.304188345973654 1.7280688828107305 0.029643749214708807
v 1.304188345973654 1.7280688828107305 -0.029643749214708807
v 1.2775686672538855 1.7789723230441992 -0.029643749214708807
v 1.2775686672538855 1.7789723230441992 0.029643749214708807
v 1.2703550831075645 1.733427545214129 -0.029643749214708807
v 1.2703550831075645 1.733427545214129 0.029643749214708807
v 1.2775686672538855 1.7789723230441992 -0.029643749214708807
v 1.311401930119975 1.7736136606408006 -0.029643749214708807
v 1.2775686672538855 1.7789723230441992 0.029643749214708807
v 1.311401930119975 1.7736136606408006 0.029643749214708807
v 1.2703550831075645 1.733427545214129 0.029643749214708807
v 1.304188345973654 1.7280688828107305 0.029643749214708807
v 1.2703550831075645 1.733427545214129 -0.029643749214708807
v 1.304188345973654 1.7280688828107305 -0.029643749214708807
v 1.2775686672538855 1.7789723230441992 0.029643749214708807
v 1.311401930119975 1.7736136606408006 0.029643749214708807
v 1.2703550831075645 1.733427545214129 0.029643749214708807
v 1.304188345973654 1.7280688828107305 0.029643749214708807
v 1.311401930119975 1.7736136606408006 -0.029643749214708807
v 1.2775686672538855 1.7789723230441992 -0.029643749214708807
v 1.304188345973654 1.7280688828107305 -0.029643749214708807
v 1.2703550831075645 1.733427545214129 -0.029643749214708807
vt 0.125 0.625
vt 0.1875 0.625
vt 0.125 0.5625
vt 0.1875 0.5625
vt 0.125 0.625
vt 0.1875 0.625
vt 0.125 0.5625
vt 0.1875 0.5625
vt 0.125 0.625
vt 0.1875 0.625
vt 0.125 0.5625
vt 0.1875 0.5625
vt 0.125 0.625
vt 0.1875 0.625
vt 0.125 0.5625
vt 0.1875 0.5625
vt 0.125 0.625
vt 0.1875 0.625
vt 0.125 0.5625
vt 0.1875 0.5625
vt 0.125 0.625
vt 0.1875 0.625
vt 0.125 0.5625
vt 0.1875 0.5625
vn 0.9876883405951379 -0.1564344650402309 0
vn 0.9876883405951379 -0.1564344650402309 0
vn 0.9876883405951379 -0.1564344650402309 0
vn 0.9876883405951379 -0.1564344650402309 0
vn -0.9876883405951379 0.1564344650402309 0
vn -0.9876883405951379 0.1564344650402309 0
vn -0.9876883405951379 0.1564344650402309 0
vn -0.9876883405951379 0.1564344650402309 0
vn 0.1564344650402309 0.9876883405951379 0
vn 0.1564344650402309 0.9876883405951379 0
vn 0.1564344650402309 0.9876883405951379 0
vn 0.1564344650402309 0.9876883405951379 0
vn -0.1564344650402309 -0.9876883405951379 0
vn -0.1564344650402309 -0.9876883405951379 0
vn -0.1564344650402309 -0.9876883405951379 0
vn -0.1564344650402309 -0.9876883405951379 0
vn 0 0 1
vn 0 0 1
vn 0 0 1
vn 0 0 1
vn 0 0 -1
vn 0 0 -1
vn 0 0 -1
vn 0 0 -1
f 3961/3961/3961 3963/3963/3963 3962/3962/3962
f 3963/3963/3963 3964/3964/3964 3962/3962/3962
f 3965/3965/3965 3967/3967/3967 3966/3966/3966
f 3967/3967/3967 3968/3968/3968 3966/3966/3966
f 3969/3969/3969 3971/3971/3971 3970/3970/3970
f 3971/3971/3971 3972/3972/3972 3970/3970/3970
f 3973/3973/3973 3975/3975/3975 3974/3974/3974
f 3975/3975/3975 3976/3976/3976 3974/3974/3974
f 3977/3977/3977 3979/3979/3979 3978/3978/3978
f 3979/3979/3979 3980/3980/3980 3978/3978/3978
f 3981/3981/3981 3983/3983/3983 3982/3982/3982
f 3983/3983/3983 3984/3984/3984 3982/3982/3982
o fang_2_103
usemtl grave_bone
v 1.2791792111895823 1.6667566409423205 0.0770250030606985
v 1.2791792111895823 1.6667566409423205 -0.0770250030606985
v 1.2524885478808525 1.5411869426981182 0.0770250030606985
v 1.2524885478808525 1.5411869426981182 -0.0770250030606985
v 1.1479588819132578 1.6946483829545043 -0.0770250030606985
v 1.1479588819132578 1.6946483829545043 0.0770250030606985
v 1.121268218604528 1.569078684710302 -0.0770250030606985
v 1.121268218604528 1.569078684710302 0.0770250030606985
v 1.1479588819132578 1.6946483829545043 -0.0770250030606985
v 1.2791792111895823 1.6667566409423205 -0.0770250030606985
v 1.1479588819132578 1.6946483829545043 0.0770250030606985
v 1.2791792111895823 1.6667566409423205 0.0770250030606985
v 1.121268218604528 1.569078684710302 0.0770250030606985
v 1.2524885478808525 1.5411869426981182 0.0770250030606985
v 1.121268218604528 1.569078684710302 -0.0770250030606985
v 1.2524885478808525 1.5411869426981182 -0.0770250030606985
v 1.1479588819132578 1.6946483829545043 0.0770250030606985
v 1.2791792111895823 1.6667566409423205 0.0770250030606985
v 1.121268218604528 1.569078684710302 0.0770250030606985
v 1.2524885478808525 1.5411869426981182 0.0770250030606985
v 1.2791792111895823 1.6667566409423205 -0.0770250030606985
v 1.1479588819132578 1.6946483829545043 -0.0770250030606985
v 1.2524885478808525 1.5411869426981182 -0.0770250030606985
v 1.121268218604528 1.569078684710302 -0.0770250030606985
vt 0.125 0.6875
vt 0.25 0.6875
vt 0.125 0.5625
vt 0.25 0.5625
vt 0.125 0.6875
vt 0.25 0.6875
vt 0.125 0.5625
vt 0.25 0.5625
vt 0.125 0.6875
vt 0.25 0.6875
vt 0.125 0.5625
vt 0.25 0.5625
vt 0.125 0.6875
vt 0.25 0.6875
vt 0.125 0.5625
vt 0.25 0.5625
vt 0.125 0.6875
vt 0.25 0.6875
vt 0.125 0.5625
vt 0.25 0.5625
vt 0.125 0.6875
vt 0.25 0.6875
vt 0.125 0.5625
vt 0.25 0.5625
vn 0.9781476007338055 -0.2079116908177593 0
vn 0.9781476007338055 -0.2079116908177593 0
vn 0.9781476007338055 -0.2079116908177593 0
vn 0.9781476007338055 -0.2079116908177593 0
vn -0.9781476007338055 0.2079116908177593 0
vn -0.9781476007338055 0.2079116908177593 0
vn -0.9781476007338055 0.2079116908177593 0
vn -0.9781476007338055 0.2079116908177593 0
vn 0.2079116908177593 0.9781476007338055 0
vn 0.2079116908177593 0.9781476007338055 0
vn 0.2079116908177593 0.9781476007338055 0
vn 0.2079116908177593 0.9781476007338055 0
vn -0.2079116908177593 -0.9781476007338055 0
vn -0.2079116908177593 -0.9781476007338055 0
vn -0.2079116908177593 -0.9781476007338055 0
vn -0.2079116908177593 -0.9781476007338055 0
vn 0 0 0.9999999999999999
vn 0 0 0.9999999999999999
vn 0 0 0.9999999999999999
vn 0 0 0.9999999999999999
vn 0 0 -0.9999999999999999
vn 0 0 -0.9999999999999999
vn 0 0 -0.9999999999999999
vn 0 0 -0.9999999999999999
f 3985/3985/3985 3987/3987/3987 3986/3986/3986
f 3987/3987/3987 3988/3988/3988 3986/3986/3986
f 3989/3989/3989 3991/3991/3991 3990/3990/3990
f 3991/3991/3991 3992/3992/3992 3990/3990/3990
f 3993/3993/3993 3995/3995/3995 3994/3994/3994
f 3995/3995/3995 3996/3996/3996 3994/3994/3994
f 3997/3997/3997 3999/3999/3999 3998/3998/3998
f 3999/3999/3999 4000/4000/4000 3998/3998/3998
f 4001/4001/4001 4003/4003/4003 4002/4002/4002
f 4003/4003/4003 4004/4004/4004 4002/4002/4002
f 4005/4005/4005 4007/4007/4007 4006/4006/4006
f 4007/4007/4007 4008/4008/4008 4006/4006/4006
o fang_2_104
usemtl grave_bone
v 1.346618815583729 1.6155537512861882 0.05000000074505806
v 1.346618815583729 1.6155537512861882 -0.05000000074505806
v 1.3297259913244113 1.5360792616416734 0.05000000074505806
v 1.3297259913244113 1.5360792616416734 -0.05000000074505806
v 1.2653102936491352 1.6328364111430769 -0.05000000074505806
v 1.2653102936491352 1.6328364111430769 0.05000000074505806
v 1.2484174693898173 1.5533619214985621 -0.05000000074505806
v 1.2484174693898173 1.5533619214985621 0.05000000074505806
v 1.2653102936491352 1.6328364111430769 -0.05000000074505806
v 1.346618815583729 1.6155537512861882 -0.05000000074505806
v 1.2653102936491352 1.6328364111430769 0.05000000074505806
v 1.346618815583729 1.6155537512861882 0.05000000074505806
v 1.2484174693898173 1.5533619214985621 0.05000000074505806
v 1.3297259913244113 1.5360792616416734 0.05000000074505806
v 1.2484174693898173 1.5533619214985621 -0.05000000074505806
v 1.3297259913244113 1.5360792616416734 -0.05000000074505806
v 1.2653102936491352 1.6328364111430769 0.05000000074505806
v 1.346618815583729 1.6155537512861882 0.05000000074505806
v 1.2484174693898173 1.5533619214985621 0.05000000074505806
v 1.3297259913244113 1.5360792616416734 0.05000000074505806
v 1.346618815583729 1.6155537512861882 -0.05000000074505806
v 1.2653102936491352 1.6328364111430769 -0.05000000074505806
v 1.3297259913244113 1.5360792616416734 -0.05000000074505806
v 1.2484174693898173 1.5533619214985621 -0.05000000074505806
vt 0.3125 0.0625
vt 0.4375 0.0625
vt 0.3125 0
vt 0.4375 0
vt 0.3125 0.0625
vt 0.4375 0.0625
vt 0.3125 0
vt 0.4375 0
vt 0.3125 0.125
vt 0.375 0.125
vt 0.3125 0
vt 0.375 0
vt 0.3125 0.125
vt 0.375 0.125
vt 0.3125 0
vt 0.375 0
vt 0.3125 0.0625
vt 0.375 0.0625
vt 0.3125 0
vt 0.375 0
vt 0.3125 0.0625
vt 0.375 0.0625
vt 0.3125 0
vt 0.375 0
vn 0.9781476007338057 -0.20791169081775931 0
vn 0.9781476007338057 -0.20791169081775931 0
vn 0.9781476007338057 -0.20791169081775931 0
vn 0.9781476007338057 -0.20791169081775931 0
vn -0.9781476007338057 0.20791169081775931 0
vn -0.9781476007338057 0.20791169081775931 0
vn -0.9781476007338057 0.20791169081775931 0
vn -0.9781476007338057 0.20791169081775931 0
vn 0.20791169081775931 0.9781476007338057 0
vn 0.20791169081775931 0.9781476007338057 0
vn 0.20791169081775931 0.9781476007338057 0
vn 0.20791169081775931 0.9781476007338057 0
vn -0.20791169081775931 -0.9781476007338057 0
vn -0.20791169081775931 -0.9781476007338057 0
vn -0.20791169081775931 -0.9781476007338057 0
vn -0.20791169081775931 -0.9781476007338057 0
vn 0 0 1
vn 0 0 1
vn 0 0 1
vn 0 0 1
vn 0 0 -1
vn 0 0 -1
vn 0 0 -1
vn 0 0 -1
f 4009/4009/4009 4011/4011/4011 4010/4010/4010
f 4011/4011/4011 4012/4012/4012 4010/4010/4010
f 4013/4013/4013 4015/4015/4015 4014/4014/4014
f 4015/4015/4015 4016/4016/4016 4014/4014/4014
f 4017/4017/4017 4019/4019/4019 4018/4018/4018
f 4019/4019/4019 4020/4020/4020 4018/4018/4018
f 4021/4021/4021 4023/4023/4023 4022/4022/4022
f 4023/4023/4023 4024/4024/4024 4022/4022/4022
f 4025/4025/4025 4027/4027/4027 4026/4026/4026
f 4027/4027/4027 4028/4028/4028 4026/4026/4026
f 4029/4029/4029 4031/4031/4031 4030/4030/4030
f 4031/4031/4031 4032/4032/4032 4030/4030/4030
o fang_2_105
usemtl old_bone
v 1.3886201759970827 1.575382400638437 0.029010936731472613
v 1.3886201759970827 1.575382400638437 -0.029010936731472613
v 1.379237511384683 1.531240434195805 0.029010936731472613
v 1.379237511384683 1.531240434195805 -0.029010936731472613
v 1.3406946122160155 1.585569293691838 -0.029010936731472613
v 1.3406946122160155 1.585569293691838 0.029010936731472613
v 1.331311947603616 1.541427327249206 -0.029010936731472613
v 1.331311947603616 1.541427327249206 0.029010936731472613
v 1.3406946122160155 1.585569293691838 -0.029010936731472613
v 1.3886201759970827 1.575382400638437 -0.029010936731472613
v 1.3406946122160155 1.585569293691838 0.029010936731472613
v 1.3886201759970827 1.575382400638437 0.029010936731472613
v 1.331311947603616 1.541427327249206 0.029010936731472613
v 1.379237511384683 1.531240434195805 0.029010936731472613
v 1.331311947603616 1.541427327249206 -0.029010936731472613
v 1.379237511384683 1.531240434195805 -0.029010936731472613
v 1.3406946122160155 1.585569293691838 0.029010936731472613
v 1.3886201759970827 1.575382400638437 0.029010936731472613
v 1.331311947603616 1.541427327249206 0.029010936731472613
v 1.379237511384683 1.531240434195805 0.029010936731472613
v 1.3886201759970827 1.575382400638437 -0.029010936731472613
v 1.3406946122160155 1.585569293691838 -0.029010936731472613
v 1.379237511384683 1.531240434195805 -0.029010936731472613
v 1.331311947603616 1.541427327249206 -0.029010936731472613
vt 0.0625 0.625
vt 0.125 0.625
vt 0.0625 0.5625
vt 0.125 0.5625
vt 0.0625 0.625
vt 0.125 0.625
vt 0.0625 0.5625
vt 0.125 0.5625
vt 0.0625 0.625
vt 0.125 0.625
vt 0.0625 0.5625
vt 0.125 0.5625
vt 0.0625 0.625
vt 0.125 0.625
vt 0.0625 0.5625
vt 0.125 0.5625
vt 0.0625 0.625
vt 0.125 0.625
vt 0.0625 0.5625
vt 0.125 0.5625
vt 0.0625 0.625
vt 0.125 0.625
vt 0.0625 0.5625
vt 0.125 0.5625
vn 0.9781476007338057 -0.20791169081775931 0
vn 0.9781476007338057 -0.20791169081775931 0
vn 0.9781476007338057 -0.20791169081775931 0
vn 0.9781476007338057 -0.20791169081775931 0
vn -0.9781476007338057 0.20791169081775931 0
vn -0.9781476007338057 0.20791169081775931 0
vn -0.9781476007338057 0.20791169081775931 0
vn -0.9781476007338057 0.20791169081775931 0
vn 0.20791169081775931 0.9781476007338057 0
vn 0.20791169081775931 0.9781476007338057 0
vn 0.20791169081775931 0.9781476007338057 0
vn 0.20791169081775931 0.9781476007338057 0
vn -0.20791169081775931 -0.9781476007338057 0
vn -0.20791169081775931 -0.9781476007338057 0
vn -0.20791169081775931 -0.9781476007338057 0
vn -0.20791169081775931 -0.9781476007338057 0
vn 0 0 1
vn 0 0 1
vn 0 0 1
vn 0 0 1
vn 0 0 -1
vn 0 0 -1
vn 0 0 -1
vn 0 0 -1
f 4033/4033/4033 4035/4035/4035 4034/4034/4034
f 4035/4035/4035 4036/4036/4036 4034/4034/4034
f 4037/4037/4037 4039/4039/4039 4038/4038/4038
f 4039/4039/4039 4040/4040/4040 4038/4038/4038
f 4041/4041/4041 4043/4043/4043 4042/4042/4042
f 4043/4043/4043 4044/4044/4044 4042/4042/4042
f 4045/4045/4045 4047/4047/4047 4046/4046/4046
f 4047/4047/4047 4048/4048/4048 4046/4046/4046
f 4049/4049/4049 4051/4051/4051 4050/4050/4050
f 4051/4051/4051 4052/4052/4052 4050/4050/4050
f 4053/4053/4053 4055/4055/4055 4054/4054/4054
f 4055/4055/4055 4056/4056/4056 4054/4054/4054
o fang_3_106
usemtl grave_bone
v 1.239488029222298 1.4970433226336142 0.07533750299364328
v 1.239488029222298 1.4970433226336142 -0.07533750299364328
v 1.2069900628716128 1.375759261070193 0.07533750299364328
v 1.2069900628716128 1.375759261070193 -0.07533750299364328
v 1.152769928385253 1.5202793677220612 -0.07533750299364328
v 1.152769928385253 1.5202793677220612 0.07533750299364328
v 1.1202719620345678 1.39899530615864 -0.07533750299364328
v 1.1202719620345678 1.39899530615864 0.07533750299364328
v 1.152769928385253 1.5202793677220612 -0.07533750299364328
v 1.239488029222298 1.4970433226336142 -0.07533750299364328
v 1.152769928385253 1.5202793677220612 0.07533750299364328
v 1.239488029222298 1.4970433226336142 0.07533750299364328
v 1.1202719620345678 1.39899530615864 0.07533750299364328
v 1.2069900628716128 1.375759261070193 0.07533750299364328
v 1.1202719620345678 1.39899530615864 -0.07533750299364328
v 1.2069900628716128 1.375759261070193 -0.07533750299364328
v 1.152769928385253 1.5202793677220612 0.07533750299364328
v 1.239488029222298 1.4970433226336142 0.07533750299364328
v 1.1202719620345678 1.39899530615864 0.07533750299364328
v 1.2069900628716128 1.375759261070193 0.07533750299364328
v 1.239488029222298 1.4970433226336142 -0.07533750299364328
v 1.152769928385253 1.5202793677220612 -0.07533750299364328
v 1.2069900628716128 1.375759261070193 -0.07533750299364328
v 1.1202719620345678 1.39899530615864 -0.07533750299364328
vt 0.875 0.9375
vt 1 0.9375
vt 0.875 0.8125
vt 1 0.8125
vt 0.875 0.9375
vt 1 0.9375
vt 0.875 0.8125
vt 1 0.8125
vt 0.875 0.9375
vt 0.9375 0.9375
vt 0.875 0.8125
vt 0.9375 0.8125
vt 0.875 0.9375
vt 0.9375 0.9375
vt 0.875 0.8125
vt 0.9375 0.8125
vt 0.875 0.9375
vt 0.9375 0.9375
vt 0.875 0.8125
vt 0.9375 0.8125
vt 0.875 0.9375
vt 0.9375 0.9375
vt 0.875 0.8125
vt 0.9375 0.8125
vn 0.9659258262890682 -0.25881904510252074 0
vn 0.9659258262890682 -0.25881904510252074 0
vn 0.9659258262890682 -0.25881904510252074 0
vn 0.9659258262890682 -0.25881904510252074 0
vn -0.9659258262890682 0.25881904510252074 0
vn -0.9659258262890682 0.25881904510252074 0
vn -0.9659258262890682 0.25881904510252074 0
vn -0.9659258262890682 0.25881904510252074 0
vn 0.25881904510252074 0.9659258262890682 0
vn 0.25881904510252074 0.9659258262890682 0
vn 0.25881904510252074 0.9659258262890682 0
vn 0.25881904510252074 0.9659258262890682 0
vn -0.25881904510252074 -0.9659258262890682 0
vn -0.25881904510252074 -0.9659258262890682 0
vn -0.25881904510252074 -0.9659258262890682 0
vn -0.25881904510252074 -0.9659258262890682 0
vn 0 0 1
vn 0 0 1
vn 0 0 1
vn 0 0 1
vn 0 0 -1
vn 0 0 -1
vn 0 0 -1
vn 0 0 -1
f 4057/4057/4057 4059/4059/4059 4058/4058/4058
f 4059/4059/4059 4060/4060/4060 4058/4058/4058
f 4061/4061/4061 4063/4063/4063 4062/4062/4062
f 4063/4063/4063 4064/4064/4064 4062/4062/4062
f 4065/4065/4065 4067/4067/4067 4066/4066/4066
f 4067/4067/4067 4068/4068/4068 4066/4066/4066
f 4069/4069/4069 4071/4071/4071 4070/4070/4070
f 4071/4071/4071 4072/4072/4072 4070/4070/4070
f 4073/4073/4073 4075/4075/4075 4074/4074/4074
f 4075/4075/4075 4076/4076/4076 4074/4074/4074
f 4077/4077/4077 4079/4079/4079 4078/4078/4078
f 4079/4079/4079 4080/4080/4080 4078/4078/4078
o fang_3_107
usemtl grave_bone
v 1.2834892539076934 1.4508885297014764 0.05180000077188015
v 1.2834892539076934 1.4508885297014764 -0.05180000077188015
v 1.2617031615852978 1.36958172625591 0.05180000077188015
v 1.2617031615852978 1.36958172625591 -0.05180000077188015
v 1.226574487767902 1.4661387953260399 -0.05180000077188015
v 1.226574487767902 1.4661387953260399 0.05180000077188015
v 1.2047883954455063 1.3848319918804735 -0.05180000077188015
v 1.2047883954455063 1.3848319918804735 0.05180000077188015
v 1.226574487767902 1.4661387953260399 -0.05180000077188015
v 1.2834892539076934 1.4508885297014764 -0.05180000077188015
v 1.226574487767902 1.4661387953260399 0.05180000077188015
v 1.2834892539076934 1.4508885297014764 0.05180000077188015
v 1.2047883954455063 1.3848319918804735 0.05180000077188015
v 1.2617031615852978 1.36958172625591 0.05180000077188015
v 1.2047883954455063 1.3848319918804735 -0.05180000077188015
v 1.2617031615852978 1.36958172625591 -0.05180000077188015
v 1.226574487767902 1.4661387953260399 0.05180000077188015
v 1.2834892539076934 1.4508885297014764 0.05180000077188015
v 1.2047883954455063 1.3848319918804735 0.05180000077188015
v 1.2617031615852978 1.36958172625591 0.05180000077188015
v 1.2834892539076934 1.4508885297014764 -0.05180000077188015
v 1.226574487767902 1.4661387953260399 -0.05180000077188015
v 1.2617031615852978 1.36958172625591 -0.05180000077188015
v 1.2047883954455063 1.3848319918804735 -0.05180000077188015
vt 0.875 0.8125
vt 1 0.8125
vt 0.875 0.75
vt 1 0.75
vt 0.875 0.8125
vt 1 0.8125
vt 0.875 0.75
vt 1 0.75
vt 0.875 0.875
vt 0.9375 0.875
vt 0.875 0.75
vt 0.9375 0.75
vt 0.875 0.875
vt 0.9375 0.875
vt 0.875 0.75
vt 0.9375 0.75
vt 0.875 0.8125
vt 0.9375 0.8125
vt 0.875 0.75
vt 0.9375 0.75
vt 0.875 0.8125
vt 0.9375 0.8125
vt 0.875 0.75
vt 0.9375 0.75
vn 0.9659258262890683 -0.2588190451025208 0
vn 0.9659258262890683 -0.2588190451025208 0
vn 0.9659258262890683 -0.2588190451025208 0
vn 0.9659258262890683 -0.2588190451025208 0
vn -0.9659258262890683 0.2588190451025208 0
vn -0.9659258262890683 0.2588190451025208 0
vn -0.9659258262890683 0.2588190451025208 0
vn -0.9659258262890683 0.2588190451025208 0
vn 0.2588190451025208 0.9659258262890683 0
vn 0.2588190451025208 0.9659258262890683 0
vn 0.2588190451025208 0.9659258262890683 0
vn 0.2588190451025208 0.9659258262890683 0
vn -0.2588190451025208 -0.9659258262890683 0
vn -0.2588190451025208 -0.9659258262890683 0
vn -0.2588190451025208 -0.9659258262890683 0
vn -0.2588190451025208 -0.9659258262890683 0
vn 0 0 1
vn 0 0 1
vn 0 0 1
vn 0 0 1
vn 0 0 -1
vn 0 0 -1
vn 0 0 -1
vn 0 0 -1
f 4081/4081/4081 4083/4083/4083 4082/4082/4082
f 4083/4083/4083 4084/4084/4084 4082/4082/4082
f 4085/4085/4085 4087/4087/4087 4086/4086/4086
f 4087/4087/4087 4088/4088/4088 4086/4086/4086
f 4089/4089/4089 4091/4091/4091 4090/4090/4090
f 4091/4091/4091 4092/4092/4092 4090/4090/4090
f 4093/4093/4093 4095/4095/4095 4094/4094/4094
f 4095/4095/4095 4096/4096/4096 4094/4094/4094
f 4097/4097/4097 4099/4099/4099 4098/4098/4098
f 4099/4099/4099 4100/4100/4100 4098/4098/4098
f 4101/4101/4101 4103/4103/4103 4102/4102/4102
f 4103/4103/4103 4104/4104/4104 4102/4102/4102
o fang_3_108
usemtl old_bone
v 1.3064033939711817 1.4110860535316414 0.028378124248236415
v 1.3064033939711817 1.4110860535316414 -0.028378124248236415
v 1.294978150943508 1.3684464660635411 0.028378124248236415
v 1.294978150943508 1.3684464660635411 -0.028378124248236415
v 1.274728272474434 1.4195733767568526 -0.028378124248236415
v 1.274728272474434 1.4195733767568526 0.028378124248236415
v 1.2633030294467604 1.3769337892887523 -0.028378124248236415
v 1.2633030294467604 1.3769337892887523 0.028378124248236415
v 1.274728272474434 1.4195733767568526 -0.028378124248236415
v 1.3064033939711817 1.4110860535316414 -0.028378124248236415
v 1.274728272474434 1.4195733767568526 0.028378124248236415
v 1.3064033939711817 1.4110860535316414 0.028378124248236415
v 1.2633030294467604 1.3769337892887523 0.028378124248236415
v 1.294978150943508 1.3684464660635411 0.028378124248236415
v 1.2633030294467604 1.3769337892887523 -0.028378124248236415
v 1.294978150943508 1.3684464660635411 -0.028378124248236415
v 1.274728272474434 1.4195733767568526 0.028378124248236415
v 1.3064033939711817 1.4110860535316414 0.028378124248236415
v 1.2633030294467604 1.3769337892887523 0.028378124248236415
v 1.294978150943508 1.3684464660635411 0.028378124248236415
v 1.3064033939711817 1.4110860535316414 -0.028378124248236415
v 1.274728272474434 1.4195733767568526 -0.028378124248236415
v 1.294978150943508 1.3684464660635411 -0.028378124248236415
v 1.2633030294467604 1.3769337892887523 -0.028378124248236415
vt 0.125 0.625
vt 0.1875 0.625
vt 0.125 0.5625
vt 0.1875 0.5625
vt 0.125 0.625
vt 0.1875 0.625
vt 0.125 0.5625
vt 0.1875 0.5625
vt 0.125 0.625
vt 0.1875 0.625
vt 0.125 0.5625
vt 0.1875 0.5625
vt 0.125 0.625
vt 0.1875 0.625
vt 0.125 0.5625
vt 0.1875 0.5625
vt 0.125 0.625
vt 0.1875 0.625
vt 0.125 0.5625
vt 0.1875 0.5625
vt 0.125 0.625
vt 0.1875 0.625
vt 0.125 0.5625
vt 0.1875 0.5625
vn 0.9659258262890682 -0.2588190451025207 0
vn 0.9659258262890682 -0.2588190451025207 0
vn 0.9659258262890682 -0.2588190451025207 0
vn 0.9659258262890682 -0.2588190451025207 0
vn -0.9659258262890682 0.2588190451025207 0
vn -0.9659258262890682 0.2588190451025207 0
vn -0.9659258262890682 0.2588190451025207 0
vn -0.9659258262890682 0.2588190451025207 0
vn 0.2588190451025207 0.9659258262890682 0
vn 0.2588190451025207 0.9659258262890682 0
vn 0.2588190451025207 0.9659258262890682 0
vn 0.2588190451025207 0.9659258262890682 0
vn -0.2588190451025207 -0.9659258262890682 0
vn -0.2588190451025207 -0.9659258262890682 0
vn -0.2588190451025207 -0.9659258262890682 0
vn -0.2588190451025207 -0.9659258262890682 0
vn 0 0 0.9999999999999999
vn 0 0 0.9999999999999999
vn 0 0 0.9999999999999999
vn 0 0 0.9999999999999999
vn 0 0 -0.9999999999999999
vn 0 0 -0.9999999999999999
vn 0 0 -0.9999999999999999
vn 0 0 -0.9999999999999999
f 4105/4105/4105 4107/4107/4107 4106/4106/4106
f 4107/4107/4107 4108/4108/4108 4106/4106/4106
f 4109/4109/4109 4111/4111/4111 4110/4110/4110
f 4111/4111/4111 4112/4112/4112 4110/4110/4110
f 4113/4113/4113 4115/4115/4115 4114/4114/4114
f 4115/4115/4115 4116/4116/4116 4114/4114/4114
f 4117/4117/4117 4119/4119/4119 4118/4118/4118
f 4119/4119/4119 4120/4120/4120 4118/4118/4118
f 4121/4121/4121 4123/4123/4123 4122/4122/4122
f 4123/4123/4123 4124/4124/4124 4122/4122/4122
f 4125/4125/4125 4127/4127/4127 4126/4126/4126
f 4127/4127/4127 4128/4128/4128 4126/4126/4126
o fang_4_109
usemtl grave_bone
v 1.2832138296773359 1.3085326094943015 0.07803750310093165
v 1.2832138296773359 1.3085326094943015 -0.07803750310093165
v 1.2430223068464443 1.1848358213436632 0.07803750310093165
v 1.2430223068464443 1.1848358213436632 -0.07803750310093165
v 1.153950691368409 1.3505327491277501 -0.07803750310093165
v 1.153950691368409 1.3505327491277501 0.07803750310093165
v 1.1137591685375174 1.2268359609771118 -0.07803750310093165
v 1.1137591685375174 1.2268359609771118 0.07803750310093165
v 1.153950691368409 1.3505327491277501 -0.07803750310093165
v 1.2832138296773359 1.3085326094943015 -0.07803750310093165
v 1.153950691368409 1.3505327491277501 0.07803750310093165
v 1.2832138296773359 1.3085326094943015 0.07803750310093165
v 1.1137591685375174 1.2268359609771118 0.07803750310093165
v 1.2430223068464443 1.1848358213436632 0.07803750310093165
v 1.1137591685375174 1.2268359609771118 -0.07803750310093165
v 1.2430223068464443 1.1848358213436632 -0.07803750310093165
v 1.153950691368409 1.3505327491277501 0.07803750310093165
v 1.2832138296773359 1.3085326094943015 0.07803750310093165
v 1.1137591685375174 1.2268359609771118 0.07803750310093165
v 1.2430223068464443 1.1848358213436632 0.07803750310093165
v 1.2832138296773359 1.3085326094943015 -0.07803750310093165
v 1.153950691368409 1.3505327491277501 -0.07803750310093165
v 1.2430223068464443 1.1848358213436632 -0.07803750310093165
v 1.1137591685375174 1.2268359609771118 -0.07803750310093165
vt 0.125 0.6875
vt 0.25 0.6875
vt 0.125 0.5625
vt 0.25 0.5625
vt 0.125 0.6875
vt 0.25 0.6875
vt 0.125 0.5625
vt 0.25 0.5625
vt 0.125 0.6875
vt 0.25 0.6875
vt 0.125 0.5625
vt 0.25 0.5625
vt 0.125 0.6875
vt 0.25 0.6875
vt 0.125 0.5625
vt 0.25 0.5625
vt 0.125 0.6875
vt 0.25 0.6875
vt 0.125 0.5625
vt 0.25 0.5625
vt 0.125 0.6875
vt 0.25 0.6875
vt 0.125 0.5625
vt 0.25 0.5625
vn 0.9510565162951536 -0.3090169943749474 0
vn 0.9510565162951536 -0.3090169943749474 0
vn 0.9510565162951536 -0.3090169943749474 0
vn 0.9510565162951536 -0.3090169943749474 0
vn -0.9510565162951536 0.3090169943749474 0
vn -0.9510565162951536 0.3090169943749474 0
vn -0.9510565162951536 0.3090169943749474 0
vn -0.9510565162951536 0.3090169943749474 0
vn 0.3090169943749474 0.9510565162951536 0
vn 0.3090169943749474 0.9510565162951536 0
vn 0.3090169943749474 0.9510565162951536 0
vn 0.3090169943749474 0.9510565162951536 0
vn -0.3090169943749474 -0.9510565162951536 0
vn -0.3090169943749474 -0.9510565162951536 0
vn -0.3090169943749474 -0.9510565162951536 0
vn -0.3090169943749474 -0.9510565162951536 0
vn 0 0 1
vn 0 0 1
vn 0 0 1
vn 0 0 1
vn 0 0 -1
vn 0 0 -1
vn 0 0 -1
vn 0 0 -1
f 4129/4129/4129 4131/4131/4131 4130/4130/4130
f 4131/4131/4131 4132/4132/4132 4130/4130/4130
f 4133/4133/4133 4135/4135/4135 4134/4134/4134
f 4135/4135/4135 4136/4136/4136 4134/4134/4134
f 4137/4137/4137 4139/4139/4139 4138/4138/4138
f 4139/4139/4139 4140/4140/4140 4138/4138/4138
f 4141/4141/4141 4143/4143/4143 4142/4142/4142
f 4143/4143/4143 4144/4144/4144 4142/4142/4142
f 4145/4145/4145 4147/4147/4147 4146/4146/4146
f 4147/4147/4147 4148/4148/4148 4146/4146/4146
f 4149/4149/4149 4151/4151/4151 4150/4150/4150
f 4151/4151/4151 4152/4152/4152 4150/4150/4150
o fang_4_110
usemtl grave_bone
v 1.3445356444604217 1.25037907607489 0.05067500075511635
v 1.3445356444604217 1.25037907607489 -0.05067500075511635
v 1.3190890615851274 1.172062546882231 0.05067500075511635
v 1.3190890615851274 1.172062546882231 -0.05067500075511635
v 1.2644118052236373 1.2764128895807203 -0.05067500075511635
v 1.2644118052236373 1.2764128895807203 0.05067500075511635
v 1.238965222348343 1.1980963603880612 -0.05067500075511635
v 1.238965222348343 1.1980963603880612 0.05067500075511635
v 1.2644118052236373 1.2764128895807203 -0.05067500075511635
v 1.3445356444604217 1.25037907607489 -0.05067500075511635
v 1.2644118052236373 1.2764128895807203 0.05067500075511635
v 1.3445356444604217 1.25037907607489 0.05067500075511635
v 1.238965222348343 1.1980963603880612 0.05067500075511635
v 1.3190890615851274 1.172062546882231 0.05067500075511635
v 1.238965222348343 1.1980963603880612 -0.05067500075511635
v 1.3190890615851274 1.172062546882231 -0.05067500075511635
v 1.2644118052236373 1.2764128895807203 0.05067500075511635
v 1.3445356444604217 1.25037907607489 0.05067500075511635
v 1.238965222348343 1.1980963603880612 0.05067500075511635
v 1.3190890615851274 1.172062546882231 0.05067500075511635
v 1.3445356444604217 1.25037907607489 -0.05067500075511635
v 1.2644118052236373 1.2764128895807203 -0.05067500075511635
v 1.3190890615851274 1.172062546882231 -0.05067500075511635
v 1.238965222348343 1.1980963603880612 -0.05067500075511635
vt 0.3125 0.0625
vt 0.4375 0.0625
vt 0.3125 0
vt 0.4375 0
vt 0.3125 0.0625
vt 0.4375 0.0625
vt 0.3125 0
vt 0.4375 0
vt 0.3125 0.125
vt 0.375 0.125
vt 0.3125 0
vt 0.375 0
vt 0.3125 0.125
vt 0.375 0.125
vt 0.3125 0
vt 0.375 0
vt 0.3125 0.0625
vt 0.375 0.0625
vt 0.3125 0
vt 0.375 0
vt 0.3125 0.0625
vt 0.375 0.0625
vt 0.3125 0
vt 0.375 0
vn 0.9510565162951536 -0.3090169943749475 0
vn 0.9510565162951536 -0.3090169943749475 0
vn 0.9510565162951536 -0.3090169943749475 0
vn 0.9510565162951536 -0.3090169943749475 0
vn -0.9510565162951536 0.3090169943749475 0
vn -0.9510565162951536 0.3090169943749475 0
vn -0.9510565162951536 0.3090169943749475 0
vn -0.9510565162951536 0.3090169943749475 0
vn 0.3090169943749475 0.9510565162951536 0
vn 0.3090169943749475 0.9510565162951536 0
vn 0.3090169943749475 0.9510565162951536 0
vn 0.3090169943749475 0.9510565162951536 0
vn -0.3090169943749475 -0.9510565162951536 0
vn -0.3090169943749475 -0.9510565162951536 0
vn -0.3090169943749475 -0.9510565162951536 0
vn -0.3090169943749475 -0.9510565162951536 0
vn 0 0 1
vn 0 0 1
vn 0 0 1
vn 0 0 1
vn 0 0 -1
vn 0 0 -1
vn 0 0 -1
vn 0 0 -1
f 4153/4153/4153 4155/4155/4155 4154/4154/4154
f 4155/4155/4155 4156/4156/4156 4154/4154/4154
f 4157/4157/4157 4159/4159/4159 4158/4158/4158
f 4159/4159/4159 4160/4160/4160 4158/4158/4158
f 4161/4161/4161 4163/4163/4163 4162/4162/4162
f 4163/4163/4163 4164/4164/4164 4162/4162/4162
f 4165/4165/4165 4167/4167/4167 4166/4166/4166
f 4167/4167/4167 4168/4168/4168 4166/4166/4166
f 4169/4169/4169 4171/4171/4171 4170/4170/4170
f 4171/4171/4171 4172/4172/4172 4170/4170/4170
f 4173/4173/4173 4175/4175/4175 4174/4174/4174
f 4175/4175/4175 4176/4176/4176 4174/4174/4174
o fang_4_111
usemtl old_bone
v 1.3818009481614237 1.2058710234008925 0.029390624221414325
v 1.3818009481614237 1.2058710234008925 -0.029390624221414325
v 1.3676730776904404 1.1623899090370025 0.029390624221414325
v 1.3676730776904404 1.1623899090370025 -0.029390624221414325
v 1.3345928809262062 1.221209854266702 -0.029390624221414325
v 1.3345928809262062 1.221209854266702 0.029390624221414325
v 1.320465010455223 1.177728739902812 -0.029390624221414325
v 1.320465010455223 1.177728739902812 0.029390624221414325
v 1.3345928809262062 1.221209854266702 -0.029390624221414325
v 1.3818009481614237 1.2058710234008925 -0.029390624221414325
v 1.3345928809262062 1.221209854266702 0.029390624221414325
v 1.3818009481614237 1.2058710234008925 0.029390624221414325
v 1.320465010455223 1.177728739902812 0.029390624221414325
v 1.3676730776904404 1.1623899090370025 0.029390624221414325
v 1.320465010455223 1.177728739902812 -0.029390624221414325
v 1.3676730776904404 1.1623899090370025 -0.029390624221414325
v 1.3345928809262062 1.221209854266702 0.029390624221414325
v 1.3818009481614237 1.2058710234008925 0.029390624221414325
v 1.320465010455223 1.177728739902812 0.029390624221414325
v 1.3676730776904404 1.1623899090370025 0.029390624221414325
v 1.3818009481614237 1.2058710234008925 -0.029390624221414325
v 1.3345928809262062 1.221209854266702 -0.029390624221414325
v 1.3676730776904404 1.1623899090370025 -0.029390624221414325
v 1.320465010455223 1.177728739902812 -0.029390624221414325
vt 0.0625 0.625
vt 0.125 0.625
vt 0.0625 0.5625
vt 0.125 0.5625
vt 0.0625 0.625
vt 0.125 0.625
vt 0.0625 0.5625
vt 0.125 0.5625
vt 0.0625 0.625
vt 0.125 0.625
vt 0.0625 0.5625
vt 0.125 0.5625
vt 0.0625 0.625
vt 0.125 0.625
vt 0.0625 0.5625
vt 0.125 0.5625
vt 0.0625 0.625
vt 0.125 0.625
vt 0.0625 0.5625
vt 0.125 0.5625
vt 0.0625 0.625
vt 0.125 0.625
vt 0.0625 0.5625
vt 0.125 0.5625
vn 0.9510565162951535 -0.30901699437494745 0
vn 0.9510565162951535 -0.30901699437494745 0
vn 0.9510565162951535 -0.30901699437494745 0
vn 0.9510565162951535 -0.30901699437494745 0
vn -0.9510565162951535 0.30901699437494745 0
vn -0.9510565162951535 0.30901699437494745 0
vn -0.9510565162951535 0.30901699437494745 0
vn -0.9510565162951535 0.30901699437494745 0
vn 0.30901699437494745 0.9510565162951535 0
vn 0.30901699437494745 0.9510565162951535 0
vn 0.30901699437494745 0.9510565162951535 0
vn 0.30901699437494745 0.9510565162951535 0
vn -0.30901699437494745 -0.9510565162951535 0
vn -0.30901699437494745 -0.9510565162951535 0
vn -0.30901699437494745 -0.9510565162951535 0
vn -0.30901699437494745 -0.9510565162951535 0
vn 0 0 1
vn 0 0 1
vn 0 0 1
vn 0 0 1
vn 0 0 -1
vn 0 0 -1
vn 0 0 -1
vn 0 0 -1
f 4177/4177/4177 4179/4179/4179 4178/4178/4178
f 4179/4179/4179 4180/4180/4180 4178/4178/4178
f 4181/4181/4181 4183/4183/4183 4182/4182/4182
f 4183/4183/4183 4184/4184/4184 4182/4182/4182
f 4185/4185/4185 4187/4187/4187 4186/4186/4186
f 4187/4187/4187 4188/4188/4188 4186/4186/4186
f 4189/4189/4189 4191/4191/4191 4190/4190/4190
f 4191/4191/4191 4192/4192/4192 4190/4190/4190
f 4193/4193/4193 4195/4195/4195 4194/4194/4194
f 4195/4195/4195 4196/4196/4196 4194/4194/4194
f 4197/4197/4197 4199/4199/4199 4198/4198/4198
f 4199/4199/4199 4200/4200/4200 4198/4198/4198
o fang_5_112
usemtl grave_bone
v 1.2437323245092398 1.1429978314828477 0.07635000303387642
v 1.2437323245092398 1.1429978314828477 -0.07635000303387642
v 1.1981300029296003 1.0241997222110788 0.07635000303387642
v 1.1981300029296003 1.0241997222110788 -0.07635000303387642
v 1.1587916794955293 1.1756034902163215 -0.07635000303387642
v 1.1587916794955293 1.1756034902163215 0.07635000303387642
v 1.1131893579158898 1.0568053809445526 -0.07635000303387642
v 1.1131893579158898 1.0568053809445526 0.07635000303387642
v 1.1587916794955293 1.1756034902163215 -0.07635000303387642
v 1.2437323245092398 1.1429978314828477 -0.07635000303387642
v 1.1587916794955293 1.1756034902163215 0.07635000303387642
v 1.2437323245092398 1.1429978314828477 0.07635000303387642
v 1.1131893579158898 1.0568053809445526 0.07635000303387642
v 1.1981300029296003 1.0241997222110788 0.07635000303387642
v 1.1131893579158898 1.0568053809445526 -0.07635000303387642
v 1.1981300029296003 1.0241997222110788 -0.07635000303387642
v 1.1587916794955293 1.1756034902163215 0.07635000303387642
v 1.2437323245092398 1.1429978314828477 0.07635000303387642
v 1.1131893579158898 1.0568053809445526 0.07635000303387642
v 1.1981300029296003 1.0241997222110788 0.07635000303387642
v 1.2437323245092398 1.1429978314828477 -0.07635000303387642
v 1.1587916794955293 1.1756034902163215 -0.07635000303387642
v 1.1981300029296003 1.0241997222110788 -0.07635000303387642
v 1.1131893579158898 1.0568053809445526 -0.07635000303387642
vt 0.875 0.9375
vt 1 0.9375
vt 0.875 0.8125
vt 1 0.8125
vt 0.875 0.9375
vt 1 0.9375
vt 0.875 0.8125
vt 1 0.8125
vt 0.875 0.9375
vt 0.9375 0.9375
vt 0.875 0.8125
vt 0.9375 0.8125
vt 0.875 0.9375
vt 0.9375 0.9375
vt 0.875 0.8125
vt 0.9375 0.8125
vt 0.875 0.9375
vt 0.9375 0.9375
vt 0.875 0.8125
vt 0.9375 0.8125
vt 0.875 0.9375
vt 0.9375 0.9375
vt 0.875 0.8125
vt 0.9375 0.8125
vn 0.9335804264972016 -0.35836794954530027 0
vn 0.9335804264972016 -0.35836794954530027 0
vn 0.9335804264972016 -0.35836794954530027 0
vn 0.9335804264972016 -0.35836794954530027 0
vn -0.9335804264972016 0.35836794954530027 0
vn -0.9335804264972016 0.35836794954530027 0
vn -0.9335804264972016 0.35836794954530027 0
vn -0.9335804264972016 0.35836794954530027 0
vn 0.35836794954530027 0.9335804264972016 0
vn 0.35836794954530027 0.9335804264972016 0
vn 0.35836794954530027 0.9335804264972016 0
vn 0.35836794954530027 0.9335804264972016 0
vn -0.35836794954530027 -0.9335804264972016 0
vn -0.35836794954530027 -0.9335804264972016 0
vn -0.35836794954530027 -0.9335804264972016 0
vn -0.35836794954530027 -0.9335804264972016 0
vn 0 0 1
vn 0 0 1
vn 0 0 1
vn 0 0 1
vn 0 0 -1
vn 0 0 -1
vn 0 0 -1
vn 0 0 -1
f 4201/4201/4201 4203/4203/4203 4202/4202/4202
f 4203/4203/4203 4204/4204/4204 4202/4202/4202
f 4205/4205/4205 4207/4207/4207 4206/4206/4206
f 4207/4207/4207 4208/4208/4208 4206/4206/4206
f 4209/4209/4209 4211/4211/4211 4210/4210/4210
f 4211/4211/4211 4212/4212/4212 4210/4210/4210
f 4213/4213/4213 4215/4215/4215 4214/4214/4214
f 4215/4215/4215 4216/4216/4216 4214/4214/4214
f 4217/4217/4217 4219/4219/4219 4218/4218/4218
f 4219/4219/4219 4220/4220/4220 4218/4218/4218
f 4221/4221/4221 4223/4223/4223 4222/4222/4222
f 4223/4223/4223 4224/4224/4224 4222/4222/4222
o fang_5_113
usemtl grave_bone
v 1.282357381586867 1.0922994179059449 0.05247500078193844
v 1.282357381586867 1.0922994179059449 -0.05247500078193844
v 1.2517986757101205 1.0126912673952386 0.05247500078193844
v 1.2517986757101205 1.0126912673952386 -0.05247500078193844
v 1.2266316725793602 1.1136905134207757 -0.05247500078193844
v 1.2266316725793602 1.1136905134207757 0.05247500078193844
v 1.1960729667026138 1.0340823629100695 -0.05247500078193844
v 1.1960729667026138 1.0340823629100695 0.05247500078193844
v 1.2266316725793602 1.1136905134207757 -0.05247500078193844
v 1.282357381586867 1.0922994179059449 -0.05247500078193844
v 1.2266316725793602 1.1136905134207757 0.05247500078193844
v 1.282357381586867 1.0922994179059449 0.05247500078193844
v 1.1960729667026138 1.0340823629100695 0.05247500078193844
v 1.2517986757101205 1.0126912673952386 0.05247500078193844
v 1.1960729667026138 1.0340823629100695 -0.05247500078193844
v 1.2517986757101205 1.0126912673952386 -0.05247500078193844
v 1.2266316725793602 1.1136905134207757 0.05247500078193844
v 1.282357381586867 1.0922994179059449 0.05247500078193844
v 1.1960729667026138 1.0340823629100695 0.05247500078193844
v 1.2517986757101205 1.0126912673952386 0.05247500078193844
v 1.282357381586867 1.0922994179059449 -0.05247500078193844
v 1.2266316725793602 1.1136905134207757 -0.05247500078193844
v 1.2517986757101205 1.0126912673952386 -0.05247500078193844
v 1.1960729667026138 1.0340823629100695 -0.05247500078193844
vt 0.875 0.8125
vt 1 0.8125
vt 0.875 0.75
vt 1 0.75
vt 0.875 0.8125
vt 1 0.8125
vt 0.875 0.75
vt 1 0.75
vt 0.875 0.875
vt 0.9375 0.875
vt 0.875 0.75
vt 0.9375 0.75
vt 0.875 0.875
vt 0.9375 0.875
vt 0.875 0.75
vt 0.9375 0.75
vt 0.875 0.8125
vt 0.9375 0.8125
vt 0.875 0.75
vt 0.9375 0.75
vt 0.875 0.8125
vt 0.9375 0.8125
vt 0.875 0.75
vt 0.9375 0.75
vn 0.9335804264972017 -0.3583679495453004 0
vn 0.9335804264972017 -0.3583679495453004 0
vn 0.9335804264972017 -0.3583679495453004 0
vn 0.9335804264972017 -0.3583679495453004 0
vn -0.9335804264972017 0.3583679495453004 0
vn -0.9335804264972017 0.3583679495453004 0
vn -0.9335804264972017 0.3583679495453004 0
vn -0.9335804264972017 0.3583679495453004 0
vn 0.3583679495453004 0.9335804264972017 0
vn 0.3583679495453004 0.9335804264972017 0
vn 0.3583679495453004 0.9335804264972017 0
vn 0.3583679495453004 0.9335804264972017 0
vn -0.3583679495453004 -0.9335804264972017 0
vn -0.3583679495453004 -0.9335804264972017 0
vn -0.3583679495453004 -0.9335804264972017 0
vn -0.3583679495453004 -0.9335804264972017 0
vn 0 0 0.9999999999999999
vn 0 0 0.9999999999999999
vn 0 0 0.9999999999999999
vn 0 0 0.9999999999999999
vn 0 0 -0.9999999999999999
vn 0 0 -0.9999999999999999
vn 0 0 -0.9999999999999999
vn 0 0 -0.9999999999999999
f 4225/4225/4225 4227/4227/4227 4226/4226/4226
f 4227/4227/4227 4228/4228/4228 4226/4226/4226
f 4229/4229/4229 4231/4231/4231 4230/4230/4230
f 4231/4231/4231 4232/4232/4232 4230/4230/4230
f 4233/4233/4233 4235/4235/4235 4234/4234/4234
f 4235/4235/4235 4236/4236/4236 4234/4234/4234
f 4237/4237/4237 4239/4239/4239 4238/4238/4238
f 4239/4239/4239 4240/4240/4240 4238/4238/4238
f 4241/4241/4241 4243/4243/4243 4242/4242/4242
f 4243/4243/4243 4244/4244/4244 4242/4242/4242
f 4245/4245/4245 4247/4247/4247 4246/4246/4246
f 4247/4247/4247 4248/4248/4248 4246/4246/4246
o fang_5_114
usemtl old_bone
v 1.3007411888710507 1.0501424542194093 0.028757811738178134
v 1.3007411888710507 1.0501424542194093 -0.028757811738178134
v 1.2847098229011227 1.0083793180390455 0.028757811738178134
v 1.2847098229011227 1.0083793180390455 -0.028757811738178134
v 1.2697171454609708 1.0620514687059166 -0.028757811738178134
v 1.2697171454609708 1.0620514687059166 0.028757811738178134
v 1.2536857794910428 1.0202883325255527 -0.028757811738178134
v 1.2536857794910428 1.0202883325255527 0.028757811738178134
v 1.2697171454609708 1.0620514687059166 -0.028757811738178134
v 1.3007411888710507 1.0501424542194093 -0.028757811738178134
v 1.2697171454609708 1.0620514687059166 0.028757811738178134
v 1.3007411888710507 1.0501424542194093 0.028757811738178134
v 1.2536857794910428 1.0202883325255527 0.028757811738178134
v 1.2847098229011227 1.0083793180390455 0.028757811738178134
v 1.2536857794910428 1.0202883325255527 -0.028757811738178134
v 1.2847098229011227 1.0083793180390455 -0.028757811738178134
v 1.2697171454609708 1.0620514687059166 0.028757811738178134
v 1.3007411888710507 1.0501424542194093 0.028757811738178134
v 1.2536857794910428 1.0202883325255527 0.028757811738178134
v 1.2847098229011227 1.0083793180390455 0.028757811738178134
v 1.3007411888710507 1.0501424542194093 -0.028757811738178134
v 1.2697171454609708 1.0620514687059166 -0.028757811738178134
v 1.2847098229011227 1.0083793180390455 -0.028757811738178134
v 1.2536857794910428 1.0202883325255527 -0.028757811738178134
vt 0.125 0.625
vt 0.1875 0.625
vt 0.125 0.5625
vt 0.1875 0.5625
vt 0.125 0.625
vt 0.1875 0.625
vt 0.125 0.5625
vt 0.1875 0.5625
vt 0.125 0.625
vt 0.1875 0.625
vt 0.125 0.5625
vt 0.1875 0.5625
vt 0.125 0.625
vt 0.1875 0.625
vt 0.125 0.5625
vt 0.1875 0.5625
vt 0.125 0.625
vt 0.1875 0.625
vt 0.125 0.5625
vt 0.1875 0.5625
vt 0.125 0.625
vt 0.1875 0.625
vt 0.125 0.5625
vt 0.1875 0.5625
vn 0.9335804264972017 -0.3583679495453004 0
vn 0.9335804264972017 -0.3583679495453004 0
vn 0.9335804264972017 -0.3583679495453004 0
vn 0.9335804264972017 -0.3583679495453004 0
vn -0.9335804264972017 0.3583679495453004 0
vn -0.9335804264972017 0.3583679495453004 0
vn -0.9335804264972017 0.3583679495453004 0
vn -0.9335804264972017 0.3583679495453004 0
vn 0.3583679495453004 0.9335804264972017 0
vn 0.3583679495453004 0.9335804264972017 0
vn 0.3583679495453004 0.9335804264972017 0
vn 0.3583679495453004 0.9335804264972017 0
vn -0.3583679495453004 -0.9335804264972017 0
vn -0.3583679495453004 -0.9335804264972017 0
vn -0.3583679495453004 -0.9335804264972017 0
vn -0.3583679495453004 -0.9335804264972017 0
vn 0 0 1
vn 0 0 1
vn 0 0 1
vn 0 0 1
vn 0 0 -1
vn 0 0 -1
vn 0 0 -1
vn 0 0 -1
f 4249/4249/4249 4251/4251/4251 4250/4250/4250
f 4251/4251/4251 4252/4252/4252 4250/4250/4250
f 4253/4253/4253 4255/4255/4255 4254/4254/4254
f 4255/4255/4255 4256/4256/4256 4254/4254/4254
f 4257/4257/4257 4259/4259/4259 4258/4258/4258
f 4259/4259/4259 4260/4260/4260 4258/4258/4258
f 4261/4261/4261 4263/4263/4263 4262/4262/4262
f 4263/4263/4263 4264/4264/4264 4262/4262/4262
f 4265/4265/4265 4267/4267/4267 4266/4266/4266
f 4267/4267/4267 4268/4268/4268 4266/4266/4266
f 4269/4269/4269 4271/4271/4271 4270/4270/4270
f 4271/4271/4271 4272/4272/4272 4270/4270/4270
o fang_6_115
usemtl grave_bone
v 1.3177283068575378 0.9356163527290209 0.07905000314116478
v 1.3177283068575378 0.9356163527290209 -0.07905000314116478
v 1.264140754132301 0.8152567386846082 0.07905000314116478
v 1.264140754132301 0.8152567386846082 -0.07905000314116478
v 1.1588536100058 1.0063519251371122 -0.07905000314116478
v 1.1588536100058 1.0063519251371122 0.07905000314116478
v 1.1052660572805633 0.8859923110926997 -0.07905000314116478
v 1.1052660572805633 0.8859923110926997 0.07905000314116478
v 1.1588536100058 1.0063519251371122 -0.07905000314116478
v 1.3177283068575378 0.9356163527290209 -0.07905000314116478
v 1.1588536100058 1.0063519251371122 0.07905000314116478
v 1.3177283068575378 0.9356163527290209 0.07905000314116478
v 1.1052660572805633 0.8859923110926997 0.07905000314116478
v 1.264140754132301 0.8152567386846082 0.07905000314116478
v 1.1052660572805633 0.8859923110926997 -0.07905000314116478
v 1.264140754132301 0.8152567386846082 -0.07905000314116478
v 1.1588536100058 1.0063519251371122 0.07905000314116478
v 1.3177283068575378 0.9356163527290209 0.07905000314116478
v 1.1052660572805633 0.8859923110926997 0.07905000314116478
v 1.264140754132301 0.8152567386846082 0.07905000314116478
v 1.3177283068575378 0.9356163527290209 -0.07905000314116478
v 1.1588536100058 1.0063519251371122 -0.07905000314116478
v 1.264140754132301 0.8152567386846082 -0.07905000314116478
v 1.1052660572805633 0.8859923110926997 -0.07905000314116478
vt 0.4375 0.1875
vt 0.5625 0.1875
vt 0.4375 0.0625
vt 0.5625 0.0625
vt 0.4375 0.1875
vt 0.5625 0.1875
vt 0.4375 0.0625
vt 0.5625 0.0625
vt 0.4375 0.1875
vt 0.625 0.1875
vt 0.4375 0.0625
vt 0.625 0.0625
vt 0.4375 0.1875
vt 0.625 0.1875
vt 0.4375 0.0625
vt 0.625 0.0625
vt 0.4375 0.1875
vt 0.625 0.1875
vt 0.4375 0.0625
vt 0.625 0.0625
vt 0.4375 0.1875
vt 0.625 0.1875
vt 0.4375 0.0625
vt 0.625 0.0625
vn 0.9135454576426009 -0.4067366430758002 0
vn 0.9135454576426009 -0.4067366430758002 0
vn 0.9135454576426009 -0.4067366430758002 0
vn 0.9135454576426009 -0.4067366430758002 0
vn -0.9135454576426009 0.4067366430758002 0
vn -0.9135454576426009 0.4067366430758002 0
vn -0.9135454576426009 0.4067366430758002 0
vn -0.9135454576426009 0.4067366430758002 0
vn 0.4067366430758002 0.9135454576426009 0
vn 0.4067366430758002 0.9135454576426009 0
vn 0.4067366430758002 0.9135454576426009 0
vn 0.4067366430758002 0.9135454576426009 0
vn -0.4067366430758002 -0.9135454576426009 0
vn -0.4067366430758002 -0.9135454576426009 0
vn -0.4067366430758002 -0.9135454576426009 0
vn -0.4067366430758002 -0.9135454576426009 0
vn 0 0 1
vn 0 0 1
vn 0 0 1
vn 0 0 1
vn 0 0 -1
vn 0 0 -1
vn 0 0 -1
vn 0 0 -1
f 4273/4273/4273 4275/4275/4275 4274/4274/4274
f 4275/4275/4275 4276/4276/4276 4274/4274/4274
f 4277/4277/4277 4279/4279/4279 4278/4278/4278
f 4279/4279/4279 4280/4280/4280 4278/4278/4278
f 4281/4281/4281 4283/4283/4283 4282/4282/4282
f 4283/4283/4283 4284/4284/4284 4282/4282/4282
f 4285/4285/4285 4287/4287/4287 4286/4286/4286
f 4287/4287/4287 4288/4288/4288 4286/4286/4286
f 4289/4289/4289 4291/4291/4291 4290/4290/4290
f 4291/4291/4291 4292/4292/4292 4290/4290/4290
f 4293/4293/4293 4295/4295/4295 4294/4294/4294
f 4295/4295/4295 4296/4296/4296 4294/4294/4294
o fang_6_116
usemtl grave_bone
v 1.3904862384989745 0.8631005924577428 0.051350000765174625
v 1.3904862384989745 0.8631005924577428 -0.051350000765174625
v 1.3565466089832166 0.7868709364726653 0.051350000765174625
v 1.3565466089832166 0.7868709364726653 -0.051350000765174625
v 1.2919740671497806 0.9069610369944338 -0.051350000765174625
v 1.2919740671497806 0.9069610369944338 0.051350000765174625
v 1.2580344376340227 0.8307313810093562 -0.051350000765174625
v 1.2580344376340227 0.8307313810093562 0.051350000765174625
v 1.2919740671497806 0.9069610369944338 -0.051350000765174625
v 1.3904862384989745 0.8631005924577428 -0.051350000765174625
v 1.2919740671497806 0.9069610369944338 0.051350000765174625
v 1.3904862384989745 0.8631005924577428 0.051350000765174625
v 1.2580344376340227 0.8307313810093562 0.051350000765174625
v 1.3565466089832166 0.7868709364726653 0.051350000765174625
v 1.2580344376340227 0.8307313810093562 -0.051350000765174625
v 1.3565466089832166 0.7868709364726653 -0.051350000765174625
v 1.2919740671497806 0.9069610369944338 0.051350000765174625
v 1.3904862384989745 0.8631005924577428 0.051350000765174625
v 1.2580344376340227 0.8307313810093562 0.051350000765174625
v 1.3565466089832166 0.7868709364726653 0.051350000765174625
v 1.3904862384989745 0.8631005924577428 -0.051350000765174625
v 1.2919740671497806 0.9069610369944338 -0.051350000765174625
v 1.3565466089832166 0.7868709364726653 -0.051350000765174625
v 1.2580344376340227 0.8307313810093562 -0.051350000765174625
vt 0.5625 0.375
vt 0.6875 0.375
vt 0.5625 0.3125
vt 0.6875 0.3125
vt 0.5625 0.375
vt 0.6875 0.375
vt 0.5625 0.3125
vt 0.6875 0.3125
vt 0.5625 0.4375
vt 0.6875 0.4375
vt 0.5625 0.3125
vt 0.6875 0.3125
vt 0.5625 0.4375
vt 0.6875 0.4375
vt 0.5625 0.3125
vt 0.6875 0.3125
vt 0.5625 0.375
vt 0.6875 0.375
vt 0.5625 0.3125
vt 0.6875 0.3125
vt 0.5625 0.375
vt 0.6875 0.375
vt 0.5625 0.3125
vt 0.6875 0.3125
vn 0.9135454576426009 -0.4067366430758002 0
vn 0.9135454576426009 -0.4067366430758002 0
vn 0.9135454576426009 -0.4067366430758002 0
vn 0.9135454576426009 -0.4067366430758002 0
vn -0.9135454576426009 0.4067366430758002 0
vn -0.9135454576426009 0.4067366430758002 0
vn -0.9135454576426009 0.4067366430758002 0
vn -0.9135454576426009 0.4067366430758002 0
vn 0.4067366430758002 0.9135454576426009 0
vn 0.4067366430758002 0.9135454576426009 0
vn 0.4067366430758002 0.9135454576426009 0
vn 0.4067366430758002 0.9135454576426009 0
vn -0.4067366430758002 -0.9135454576426009 0
vn -0.4067366430758002 -0.9135454576426009 0
vn -0.4067366430758002 -0.9135454576426009 0
vn -0.4067366430758002 -0.9135454576426009 0
vn 0 0 1
vn 0 0 1
vn 0 0 1
vn 0 0 1
vn 0 0 -1
vn 0 0 -1
vn 0 0 -1
vn 0 0 -1
f 4297/4297/4297 4299/4299/4299 4298/4298/4298
f 4299/4299/4299 4300/4300/4300 4298/4298/4298
f 4301/4301/4301 4303/4303/4303 4302/4302/4302
f 4303/4303/4303 4304/4304/4304 4302/4302/4302
f 4305/4305/4305 4307/4307/4307 4306/4306/4306
f 4307/4307/4307 4308/4308/4308 4306/4306/4306
f 4309/4309/4309 4311/4311/4311 4310/4310/4310
f 4311/4311/4311 4312/4312/4312 4310/4310/4310
f 4313/4313/4313 4315/4315/4315 4314/4314/4314
f 4315/4315/4315 4316/4316/4316 4314/4314/4314
f 4317/4317/4317 4319/4319/4319 4318/4318/4318
f 4319/4319/4319 4320/4320/4320 4318/4318/4318
o fang_6_117
usemtl old_bone
v 1.4322176755024896 0.8091124980207237 0.02812499925494194
v 1.4322176755024896 0.8091124980207237 -0.02812499925494194
v 1.4144229476709658 0.7691448849295043 0.02812499925494194
v 1.4144229476709658 0.7691448849295043 -0.02812499925494194
v 1.3774049492690934 0.8335166960597954 -0.02812499925494194
v 1.3774049492690934 0.8335166960597954 0.02812499925494194
v 1.3596102214375696 0.793549082968576 -0.02812499925494194
v 1.3596102214375696 0.793549082968576 0.02812499925494194
v 1.3774049492690934 0.8335166960597954 -0.02812499925494194
v 1.4322176755024896 0.8091124980207237 -0.02812499925494194
v 1.3774049492690934 0.8335166960597954 0.02812499925494194
v 1.4322176755024896 0.8091124980207237 0.02812499925494194
v 1.3596102214375696 0.793549082968576 0.02812499925494194
v 1.4144229476709658 0.7691448849295043 0.02812499925494194
v 1.3596102214375696 0.793549082968576 -0.02812499925494194
v 1.4144229476709658 0.7691448849295043 -0.02812499925494194
v 1.3774049492690934 0.8335166960597954 0.02812499925494194
v 1.4322176755024896 0.8091124980207237 0.02812499925494194
v 1.3596102214375696 0.793549082968576 0.02812499925494194
v 1.4144229476709658 0.7691448849295043 0.02812499925494194
v 1.4322176755024896 0.8091124980207237 -0.02812499925494194
v 1.3774049492690934 0.8335166960597954 -0.02812499925494194
v 1.4144229476709658 0.7691448849295043 -0.02812499925494194
v 1.3596102214375696 0.793549082968576 -0.02812499925494194
vt 0 0.5
vt 0.0625 0.5
vt 0 0.4375
vt 0.0625 0.4375
vt 0 0.5
vt 0.0625 0.5
vt 0 0.4375
vt 0.0625 0.4375
vt 0 0.5
vt 0.0625 0.5
vt 0 0.4375
vt 0.0625 0.4375
vt 0 0.5
vt 0.0625 0.5
vt 0 0.4375
vt 0.0625 0.4375
vt 0 0.5
vt 0.0625 0.5
vt 0 0.4375
vt 0.0625 0.4375
vt 0 0.5
vt 0.0625 0.5
vt 0 0.4375
vt 0.0625 0.4375
vn 0.9135454576426009 -0.40673664307580026 0
vn 0.9135454576426009 -0.40673664307580026 0
vn 0.9135454576426009 -0.40673664307580026 0
vn 0.9135454576426009 -0.40673664307580026 0
vn -0.9135454576426009 0.40673664307580026 0
vn -0.9135454576426009 0.40673664307580026 0
vn -0.9135454576426009 0.40673664307580026 0
vn -0.9135454576426009 0.40673664307580026 0
vn 0.40673664307580026 0.9135454576426009 0
vn 0.40673664307580026 0.9135454576426009 0
vn 0.40673664307580026 0.9135454576426009 0
vn 0.40673664307580026 0.9135454576426009 0
vn -0.40673664307580026 -0.9135454576426009 0
vn -0.40673664307580026 -0.9135454576426009 0
vn -0.40673664307580026 -0.9135454576426009 0
vn -0.40673664307580026 -0.9135454576426009 0
vn 0 0 1
vn 0 0 1
vn 0 0 1
vn 0 0 1
vn 0 0 -1
vn 0 0 -1
vn 0 0 -1
vn 0 0 -1
f 4321/4321/4321 4323/4323/4323 4322/4322/4322
f 4323/4323/4323 4324/4324/4324 4322/4322/4322
f 4325/4325/4325 4327/4327/4327 4326/4326/4326
f 4327/4327/4327 4328/4328/4328 4326/4326/4326
f 4329/4329/4329 4331/4331/4331 4330/4330/4330
f 4331/4331/4331 4332/4332/4332 4330/4330/4330
f 4333/4333/4333 4335/4335/4335 4334/4334/4334
f 4335/4335/4335 4336/4336/4336 4334/4334/4334
f 4337/4337/4337 4339/4339/4339 4338/4338/4338
f 4339/4339/4339 4340/4340/4340 4338/4338/4338
f 4341/4341/4341 4343/4343/4343 4342/4342/4342
f 4343/4343/4343 4344/4344/4344 4342/4342/4342
o jaw_blade_118
usemtl grave_crack
v 0.34339791074063264 1.8434176757596057 0.10637343596294523
v 0.34339791074063264 1.8434176757596057 -0.10637343596294523
v 0.44010103574063264 1.6759229500089217 0.10637343596294523
v 0.44010103574063264 1.6759229500089217 -0.10637343596294523
v 0.30989896425936736 1.8240770499910783 -0.10637343596294523
v 0.30989896425936736 1.8240770499910783 0.10637343596294523
v 0.40660208925936736 1.6565823242403943 -0.10637343596294523
v 0.40660208925936736 1.6565823242403943 0.10637343596294523
v 0.30989896425936736 1.8240770499910783 -0.10637343596294523
v 0.34339791074063264 1.8434176757596057 -0.10637343596294523
v 0.30989896425936736 1.8240770499910783 0.10637343596294523
v 0.34339791074063264 1.8434176757596057 0.10637343596294523
v 0.40660208925936736 1.6565823242403943 0.10637343596294523
v 0.44010103574063264 1.6759229500089217 0.10637343596294523
v 0.40660208925936736 1.6565823242403943 -0.10637343596294523
v 0.44010103574063264 1.6759229500089217 -0.10637343596294523
v 0.30989896425936736 1.8240770499910783 0.10637343596294523
v 0.34339791074063264 1.8434176757596057 0.10637343596294523
v 0.40660208925936736 1.6565823242403943 0.10637343596294523
v 0.44010103574063264 1.6759229500089217 0.10637343596294523
v 0.34339791074063264 1.8434176757596057 -0.10637343596294523
v 0.30989896425936736 1.8240770499910783 -0.10637343596294523
v 0.44010103574063264 1.6759229500089217 -0.10637343596294523
v 0.40660208925936736 1.6565823242403943 -0.10637343596294523
vt 0.0625 0.9375
vt 0.25 0.9375
vt 0.0625 0.75
vt 0.25 0.75
vt 0.0625 0.9375
vt 0.25 0.9375
vt 0.0625 0.75
vt 0.25 0.75
vt 0.0625 0.9375
vt 0.125 0.9375
vt 0.0625 0.75
vt 0.125 0.75
vt 0.0625 0.9375
vt 0.125 0.9375
vt 0.0625 0.75
vt 0.125 0.75
vt 0.0625 0.9375
vt 0.125 0.9375
vt 0.0625 0.75
vt 0.125 0.75
vt 0.0625 0.9375
vt 0.125 0.9375
vt 0.0625 0.75
vt 0.125 0.75
vn 0.8660254037844387 0.4999999999999999 0
vn 0.8660254037844387 0.4999999999999999 0
vn 0.8660254037844387 0.4999999999999999 0
vn 0.8660254037844387 0.4999999999999999 0
vn -0.8660254037844387 -0.4999999999999999 0
vn -0.8660254037844387 -0.4999999999999999 0
vn -0.8660254037844387 -0.4999999999999999 0
vn -0.8660254037844387 -0.4999999999999999 0
vn -0.4999999999999999 0.8660254037844387 0
vn -0.4999999999999999 0.8660254037844387 0
vn -0.4999999999999999 0.8660254037844387 0
vn -0.4999999999999999 0.8660254037844387 0
vn 0.4999999999999999 -0.8660254037844387 0
vn 0.4999999999999999 -0.8660254037844387 0
vn 0.4999999999999999 -0.8660254037844387 0
vn 0.4999999999999999 -0.8660254037844387 0
vn 0 0 1
vn 0 0 1
vn 0 0 1
vn 0 0 1
vn 0 0 -1
vn 0 0 -1
vn 0 0 -1
vn 0 0 -1
f 4345/4345/4345 4347/4347/4347 4346/4346/4346
f 4347/4347/4347 4348/4348/4348 4346/4346/4346
f 4349/4349/4349 4351/4351/4351 4350/4350/4350
f 4351/4351/4351 4352/4352/4352 4350/4350/4350
f 4353/4353/4353 4355/4355/4355 4354/4354/4354
f 4355/4355/4355 4356/4356/4356 4354/4354/4354
f 4357/4357/4357 4359/4359/4359 4358/4358/4358
f 4359/4359/4359 4360/4360/4360 4358/4358/4358
f 4361/4361/4361 4363/4363/4363 4362/4362/4362
f 4363/4363/4363 4364/4364/4364 4362/4362/4362
f 4365/4365/4365 4367/4367/4367 4366/4366/4366
f 4367/4367/4367 4368/4368/4368 4366/4366/4366
o jaw_blade_119
usemtl grave_crack
v 0.6818684955221214 1.5773889524925775 0.10358906100317836
v 0.6818684955221214 1.5773889524925775 -0.10358906100317836
v 0.6022709872873966 1.4066915452278934 0.10358906100317836
v 0.6022709872873966 1.4066915452278934 -0.10358906100317836
v 0.6477290127126034 1.5933084547721066 -0.10358906100317836
v 0.6477290127126034 1.5933084547721066 0.10358906100317836
v 0.5681315044778786 1.4226110475074225 -0.10358906100317836
v 0.5681315044778786 1.4226110475074225 0.10358906100317836
v 0.6477290127126034 1.5933084547721066 -0.10358906100317836
v 0.6818684955221214 1.5773889524925775 -0.10358906100317836
v 0.6477290127126034 1.5933084547721066 0.10358906100317836
v 0.6818684955221214 1.5773889524925775 0.10358906100317836
v 0.5681315044778786 1.4226110475074225 0.10358906100317836
v 0.6022709872873966 1.4066915452278934 0.10358906100317836
v 0.5681315044778786 1.4226110475074225 -0.10358906100317836
v 0.6022709872873966 1.4066915452278934 -0.10358906100317836
v 0.6477290127126034 1.5933084547721066 0.10358906100317836
v 0.6818684955221214 1.5773889524925775 0.10358906100317836
v 0.5681315044778786 1.4226110475074225 0.10358906100317836
v 0.6022709872873966 1.4066915452278934 0.10358906100317836
v 0.6818684955221214 1.5773889524925775 -0.10358906100317836
v 0.6477290127126034 1.5933084547721066 -0.10358906100317836
v 0.6022709872873966 1.4066915452278934 -0.10358906100317836
v 0.5681315044778786 1.4226110475074225 -0.10358906100317836
vt 0.0625 0.9375
vt 0.25 0.9375
vt 0.0625 0.75
vt 0.25 0.75
vt 0.0625 0.9375
vt 0.25 0.9375
vt 0.0625 0.75
vt 0.25 0.75
vt 0.0625 0.9375
vt 0.125 0.9375
vt 0.0625 0.75
vt 0.125 0.75
vt 0.0625 0.9375
vt 0.125 0.9375
vt 0.0625 0.75
vt 0.125 0.75
vt 0.0625 0.9375
vt 0.125 0.9375
vt 0.0625 0.75
vt 0.125 0.75
vt 0.0625 0.9375
vt 0.125 0.9375
vt 0.0625 0.75
vt 0.125 0.75
vn 0.9063077870366498 -0.4226182617406994 0
vn 0.9063077870366498 -0.4226182617406994 0
vn 0.9063077870366498 -0.4226182617406994 0
vn 0.9063077870366498 -0.4226182617406994 0
vn -0.9063077870366498 0.4226182617406994 0
vn -0.9063077870366498 0.4226182617406994 0
vn -0.9063077870366498 0.4226182617406994 0
vn -0.9063077870366498 0.4226182617406994 0
vn 0.4226182617406994 0.9063077870366498 0
vn 0.4226182617406994 0.9063077870366498 0
vn 0.4226182617406994 0.9063077870366498 0
vn 0.4226182617406994 0.9063077870366498 0
vn -0.4226182617406994 -0.9063077870366498 0
vn -0.4226182617406994 -0.9063077870366498 0
vn -0.4226182617406994 -0.9063077870366498 0
vn -0.4226182617406994 -0.9063077870366498 0
vn 0 0 1
vn 0 0 1
vn 0 0 1
vn 0 0 1
vn 0 0 -1
vn 0 0 -1
vn 0 0 -1
vn 0 0 -1
f 4369/4369/4369 4371/4371/4371 4370/4370/4370
f 4371/4371/4371 4372/4372/4372 4370/4370/4370
f 4373/4373/4373 4375/4375/4375 4374/4374/4374
f 4375/4375/4375 4376/4376/4376 4374/4374/4374
f 4377/4377/4377 4379/4379/4379 4378/4378/4378
f 4379/4379/4379 4380/4380/4380 4378/4378/4378
f 4381/4381/4381 4383/4383/4383 4382/4382/4382
f 4383/4383/4383 4384/4384/4384 4382/4382/4382
f 4385/4385/4385 4387/4387/4387 4386/4386/4386
f 4387/4387/4387 4388/4388/4388 4386/4386/4386
f 4389/4389/4389 4391/4391/4391 4390/4390/4390
f 4391/4391/4391 4392/4392/4392 4390/4390/4390
o jaw_blade_120
usemtl grave_crack
v 0.7818340832763853 1.7648111604896857 0.1068374984562397
v 0.7818340832763853 1.7648111604896857 -0.1068374984562397
v 0.9306382163522467 1.6399496673080756 0.1068374984562397
v 0.9306382163522467 1.6399496673080756 -0.1068374984562397
v 0.7568617836477533 1.7350503326919244 -0.1068374984562397
v 0.7568617836477533 1.7350503326919244 0.1068374984562397
v 0.9056659167236147 1.6101888395103143 -0.1068374984562397
v 0.9056659167236147 1.6101888395103143 0.1068374984562397
v 0.7568617836477533 1.7350503326919244 -0.1068374984562397
v 0.7818340832763853 1.7648111604896857 -0.1068374984562397
v 0.7568617836477533 1.7350503326919244 0.1068374984562397
v 0.7818340832763853 1.7648111604896857 0.1068374984562397
v 0.9056659167236147 1.6101888395103143 0.1068374984562397
v 0.9306382163522467 1.6399496673080756 0.1068374984562397
v 0.9056659167236147 1.6101888395103143 -0.1068374984562397
v 0.9306382163522467 1.6399496673080756 -0.1068374984562397
v 0.7568617836477533 1.7350503326919244 0.1068374984562397
v 0.7818340832763853 1.7648111604896857 0.1068374984562397
v 0.9056659167236147 1.6101888395103143 0.1068374984562397
v 0.9306382163522467 1.6399496673080756 0.1068374984562397
v 0.7818340832763853 1.7648111604896857 -0.1068374984562397
v 0.7568617836477533 1.7350503326919244 -0.1068374984562397
v 0.9306382163522467 1.6399496673080756 -0.1068374984562397
v 0.9056659167236147 1.6101888395103143 -0.1068374984562397
vt 0.0625 0.9375
vt 0.25 0.9375
vt 0.0625 0.75
vt 0.25 0.75
vt 0.0625 0.9375
vt 0.25 0.9375
vt 0.0625 0.75
vt 0.25 0.75
vt 0.0625 0.9375
vt 0.125 0.9375
vt 0.0625 0.75
vt 0.125 0.75
vt 0.0625 0.9375
vt 0.125 0.9375
vt 0.0625 0.75
vt 0.125 0.75
vt 0.0625 0.9375
vt 0.125 0.9375
vt 0.0625 0.75
vt 0.125 0.75
vt 0.0625 0.9375
vt 0.125 0.9375
vt 0.0625 0.75
vt 0.125 0.75
vn 0.6427876096865393 0.766044443118978 0
vn 0.6427876096865393 0.766044443118978 0
vn 0.6427876096865393 0.766044443118978 0
vn 0.6427876096865393 0.766044443118978 0
vn -0.6427876096865393 -0.766044443118978 0
vn -0.6427876096865393 -0.766044443118978 0
vn -0.6427876096865393 -0.766044443118978 0
vn -0.6427876096865393 -0.766044443118978 0
vn -0.766044443118978 0.6427876096865393 0
vn -0.766044443118978 0.6427876096865393 0
vn -0.766044443118978 0.6427876096865393 0
vn -0.766044443118978 0.6427876096865393 0
vn 0.766044443118978 -0.6427876096865393 0
vn 0.766044443118978 -0.6427876096865393 0
vn 0.766044443118978 -0.6427876096865393 0
vn 0.766044443118978 -0.6427876096865393 0
vn 0 0 1
vn 0 0 1
vn 0 0 1
vn 0 0 1
vn 0 0 -1
vn 0 0 -1
vn 0 0 -1
vn 0 0 -1
f 4393/4393/4393 4395/4395/4395 4394/4394/4394
f 4395/4395/4395 4396/4396/4396 4394/4394/4394
f 4397/4397/4397 4399/4399/4399 4398/4398/4398
f 4399/4399/4399 4400/4400/4400 4398/4398/4398
f 4401/4401/4401 4403/4403/4403 4402/4402/4402
f 4403/4403/4403 4404/4404/4404 4402/4402/4402
f 4405/4405/4405 4407/4407/4407 4406/4406/4406
f 4407/4407/4407 4408/4408/4408 4406/4406/4406
f 4409/4409/4409 4411/4411/4411 4410/4410/4410
f 4411/4411/4411 4412/4412/4412 4410/4410/4410
f 4413/4413/4413 4415/4415/4415 4414/4414/4414
f 4415/4415/4415 4416/4416/4416 4414/4414/4414
o jaw_blade_121
usemtl grave_crack
v 0.9699309937588931 1.3224612151633524 0.10405312349647282
v 0.9699309937588931 1.3224612151633524 -0.10405312349647282
v 0.8753372437588932 1.158620034084884 0.10405312349647282
v 0.8753372437588932 1.158620034084884 -0.10405312349647282
v 0.9371627562411068 1.341379965915116 -0.10405312349647282
v 0.9371627562411068 1.341379965915116 0.10405312349647282
v 0.8425690062411069 1.1775387848366476 -0.10405312349647282
v 0.8425690062411069 1.1775387848366476 0.10405312349647282
v 0.9371627562411068 1.341379965915116 -0.10405312349647282
v 0.9699309937588931 1.3224612151633524 -0.10405312349647282
v 0.9371627562411068 1.341379965915116 0.10405312349647282
v 0.9699309937588931 1.3224612151633524 0.10405312349647282
v 0.8425690062411069 1.1775387848366476 0.10405312349647282
v 0.8753372437588932 1.158620034084884 0.10405312349647282
v 0.8425690062411069 1.1775387848366476 -0.10405312349647282
v 0.8753372437588932 1.158620034084884 -0.10405312349647282
v 0.9371627562411068 1.341379965915116 0.10405312349647282
v 0.9699309937588931 1.3224612151633524 0.10405312349647282
v 0.8425690062411069 1.1775387848366476 0.10405312349647282
v 0.8753372437588932 1.158620034084884 0.10405312349647282
v 0.9699309937588931 1.3224612151633524 -0.10405312349647282
v 0.9371627562411068 1.341379965915116 -0.10405312349647282
v 0.8753372437588932 1.158620034084884 -0.10405312349647282
v 0.8425690062411069 1.1775387848366476 -0.10405312349647282
vt 0.0625 0.9375
vt 0.25 0.9375
vt 0.0625 0.75
vt 0.25 0.75
vt 0.0625 0.9375
vt 0.25 0.9375
vt 0.0625 0.75
vt 0.25 0.75
vt 0.0625 0.9375
vt 0.125 0.9375
vt 0.0625 0.75
vt 0.125 0.75
vt 0.0625 0.9375
vt 0.125 0.9375
vt 0.0625 0.75
vt 0.125 0.75
vt 0.0625 0.9375
vt 0.125 0.9375
vt 0.0625 0.75
vt 0.125 0.75
vt 0.0625 0.9375
vt 0.125 0.9375
vt 0.0625 0.75
vt 0.125 0.75
vn 0.8660254037844387 -0.49999999999999983 0
vn 0.8660254037844387 -0.49999999999999983 0
vn 0.8660254037844387 -0.49999999999999983 0
vn 0.8660254037844387 -0.49999999999999983 0
vn -0.8660254037844387 0.49999999999999983 0
vn -0.8660254037844387 0.49999999999999983 0
vn -0.8660254037844387 0.49999999999999983 0
vn -0.8660254037844387 0.49999999999999983 0
vn 0.49999999999999983 0.8660254037844387 0
vn 0.49999999999999983 0.8660254037844387 0
vn 0.49999999999999983 0.8660254037844387 0
vn 0.49999999999999983 0.8660254037844387 0
vn -0.49999999999999983 -0.8660254037844387 0
vn -0.49999999999999983 -0.8660254037844387 0
vn -0.49999999999999983 -0.8660254037844387 0
vn -0.49999999999999983 -0.8660254037844387 0
vn 0 0 0.9999999999999999
vn 0 0 0.9999999999999999
vn 0 0 0.9999999999999999
vn 0 0 0.9999999999999999
vn 0 0 -0.9999999999999999
vn 0 0 -0.9999999999999999
vn 0 0 -0.9999999999999999
vn 0 0 -0.9999999999999999
f 4417/4417/4417 4419/4419/4419 4418/4418/4418
f 4419/4419/4419 4420/4420/4420 4418/4418/4418
f 4421/4421/4421 4423/4423/4423 4422/4422/4422
f 4423/4423/4423 4424/4424/4424 4422/4422/4422
f 4425/4425/4425 4427/4427/4427 4426/4426/4426
f 4427/4427/4427 4428/4428/4428 4426/4426/4426
f 4429/4429/4429 4431/4431/4431 4430/4430/4430
f 4431/4431/4431 4432/4432/4432 4430/4430/4430
f 4433/4433/4433 4435/4435/4435 4434/4434/4434
f 4435/4435/4435 4436/4436/4436 4434/4434/4434
f 4437/4437/4437 4439/4439/4439 4438/4438/4438
f 4439/4439/4439 4440/4440/4440 4438/4438/4438
o jaw_blade_122
usemtl grave_crack
v 0.4935976208758408 1.4117724438449835 0.10730156094953418
v 0.4935976208758408 1.4117724438449835 -0.10730156094953418
v 0.5440915989563108 1.2233263521724005 0.10730156094953418
v 0.5440915989563108 1.2233263521724005 -0.10730156094953418
v 0.45590840104368924 1.4016736478275995 -0.10730156094953418
v 0.45590840104368924 1.4016736478275995 0.10730156094953418
v 0.5064023791241592 1.2132275561550165 -0.10730156094953418
v 0.5064023791241592 1.2132275561550165 0.10730156094953418
v 0.45590840104368924 1.4016736478275995 -0.10730156094953418
v 0.4935976208758408 1.4117724438449835 -0.10730156094953418
v 0.45590840104368924 1.4016736478275995 0.10730156094953418
v 0.4935976208758408 1.4117724438449835 0.10730156094953418
v 0.5064023791241592 1.2132275561550165 0.10730156094953418
v 0.5440915989563108 1.2233263521724005 0.10730156094953418
v 0.5064023791241592 1.2132275561550165 -0.10730156094953418
v 0.5440915989563108 1.2233263521724005 -0.10730156094953418
v 0.45590840104368924 1.4016736478275995 0.10730156094953418
v 0.4935976208758408 1.4117724438449835 0.10730156094953418
v 0.5064023791241592 1.2132275561550165 0.10730156094953418
v 0.5440915989563108 1.2233263521724005 0.10730156094953418
v 0.4935976208758408 1.4117724438449835 -0.10730156094953418
v 0.45590840104368924 1.4016736478275995 -0.10730156094953418
v 0.5440915989563108 1.2233263521724005 -0.10730156094953418
v 0.5064023791241592 1.2132275561550165 -0.10730156094953418
vt 0.0625 0.9375
vt 0.25 0.9375
vt 0.0625 0.75
vt 0.25 0.75
vt 0.0625 0.9375
vt 0.25 0.9375
vt 0.0625 0.75
vt 0.25 0.75
vt 0.0625 0.9375
vt 0.125 0.9375
vt 0.0625 0.75
vt 0.125 0.75
vt 0.0625 0.9375
vt 0.125 0.9375
vt 0.0625 0.75
vt 0.125 0.75
vt 0.0625 0.9375
vt 0.125 0.9375
vt 0.0625 0.75
vt 0.125 0.75
vt 0.0625 0.9375
vt 0.125 0.9375
vt 0.0625 0.75
vt 0.125 0.75
vn 0.9659258262890683 0.2588190451025208 0
vn 0.9659258262890683 0.2588190451025208 0
vn 0.9659258262890683 0.2588190451025208 0
vn 0.9659258262890683 0.2588190451025208 0
vn -0.9659258262890683 -0.2588190451025208 0
vn -0.9659258262890683 -0.2588190451025208 0
vn -0.9659258262890683 -0.2588190451025208 0
vn -0.9659258262890683 -0.2588190451025208 0
vn -0.2588190451025208 0.9659258262890683 0
vn -0.2588190451025208 0.9659258262890683 0
vn -0.2588190451025208 0.9659258262890683 0
vn -0.2588190451025208 0.9659258262890683 0
vn 0.2588190451025208 -0.9659258262890683 0
vn 0.2588190451025208 -0.9659258262890683 0
vn 0.2588190451025208 -0.9659258262890683 0
vn 0.2588190451025208 -0.9659258262890683 0
vn 0 0 1
vn 0 0 1
vn 0 0 1
vn 0 0 1
vn 0 0 -1
vn 0 0 -1
vn 0 0 -1
vn 0 0 -1
f 4441/4441/4441 4443/4443/4443 4442/4442/4442
f 4443/4443/4443 4444/4444/4444 4442/4442/4442
f 4445/4445/4445 4447/4447/4447 4446/4446/4446
f 4447/4447/4447 4448/4448/4448 4446/4446/4446
f 4449/4449/4449 4451/4451/4451 4450/4450/4450
f 4451/4451/4451 4452/4452/4452 4450/4450/4450
f 4453/4453/4453 4455/4455/4455 4454/4454/4454
f 4455/4455/4455 4456/4456/4456 4454/4454/4454
f 4457/4457/4457 4459/4459/4459 4458/4458/4458
f 4459/4459/4459 4460/4460/4460 4458/4458/4458
f 4461/4461/4461 4463/4463/4463 4462/4462/4462
f 4463/4463/4463 4464/4464/4464 4462/4462/4462
o rib_0_125
usemtl grave_bone
v -0.3618829544864637 1.9436419675460241 0.05344499833136797
v -0.3618829544864637 1.9436419675460241 -0.05344499833136797
v -0.3665447797094135 2.0325948918394285 0.05344499833136797
v -0.3665447797094135 2.0325948918394285 -0.05344499833136797
v -0.13314686561036565 1.955629518005909 -0.05344499833136797
v -0.13314686561036565 1.955629518005909 0.05344499833136797
v -0.13780869083331548 2.0445824422993133 -0.05344499833136797
v -0.13780869083331548 2.0445824422993133 0.05344499833136797
v -0.13314686561036565 1.955629518005909 -0.05344499833136797
v -0.3618829544864637 1.9436419675460241 -0.05344499833136797
v -0.13314686561036565 1.955629518005909 0.05344499833136797
v -0.3618829544864637 1.9436419675460241 0.05344499833136797
v -0.13780869083331548 2.0445824422993133 0.05344499833136797
v -0.3665447797094135 2.0325948918394285 0.05344499833136797
v -0.13780869083331548 2.0445824422993133 -0.05344499833136797
v -0.3665447797094135 2.0325948918394285 -0.05344499833136797
v -0.13314686561036565 1.955629518005909 0.05344499833136797
v -0.3618829544864637 1.9436419675460241 0.05344499833136797
v -0.13780869083331548 2.0445824422993133 0.05344499833136797
v -0.3665447797094135 2.0325948918394285 0.05344499833136797
v -0.3618829544864637 1.9436419675460241 -0.05344499833136797
v -0.13314686561036565 1.955629518005909 -0.05344499833136797
v -0.3665447797094135 2.0325948918394285 -0.05344499833136797
v -0.13780869083331548 2.0445824422993133 -0.05344499833136797
vt 0.9375 0.3125
vt 1.0625 0.3125
vt 0.9375 0.25
vt 1.0625 0.25
vt 0.9375 0.3125
vt 1.0625 0.3125
vt 0.9375 0.25
vt 1.0625 0.25
vt 0.9375 0.375
vt 1.1875 0.375
vt 0.9375 0.25
vt 1.1875 0.25
vt 0.9375 0.375
vt 1.1875 0.375
vt 0.9375 0.25
vt 1.1875 0.25
vt 0.9375 0.3125
vt 1.1875 0.3125
vt 0.9375 0.25
vt 1.1875 0.25
vt 0.9375 0.3125
vt 1.1875 0.3125
vt 0.9375 0.25
vt 1.1875 0.25
vn -0.9986295347545738 -0.05233595624294381 0
vn -0.9986295347545738 -0.05233595624294381 0
vn -0.9986295347545738 -0.05233595624294381 0
vn -0.9986295347545738 -0.05233595624294381 0
vn 0.9986295347545738 0.05233595624294381 0
vn 0.9986295347545738 0.05233595624294381 0
vn 0.9986295347545738 0.05233595624294381 0
vn 0.9986295347545738 0.05233595624294381 0
vn 0.05233595624294381 -0.9986295347545738 0
vn 0.05233595624294381 -0.9986295347545738 0
vn 0.05233595624294381 -0.9986295347545738 0
vn 0.05233595624294381 -0.9986295347545738 0
vn -0.05233595624294381 0.9986295347545738 0
vn -0.05233595624294381 0.9986295347545738 0
vn -0.05233595624294381 0.9986295347545738 0
vn -0.05233595624294381 0.9986295347545738 0
vn 0 0 1
vn 0 0 1
vn 0 0 1
vn 0 0 1
vn 0 0 -1
vn 0 0 -1
vn 0 0 -1
vn 0 0 -1
f 4465/4465/4465 4467/4467/4467 4466/4466/4466
f 4467/4467/4467 4468/4468/4468 4466/4466/4466
f 4469/4469/4469 4471/4471/4471 4470/4470/4470
f 4471/4471/4471 4472/4472/4472 4470/4470/4470
f 4473/4473/4473 4475/4475/4475 4474/4474/4474
f 4475/4475/4475 4476/4476/4476 4474/4474/4474
f 4477/4477/4477 4479/4479/4479 4478/4478/4478
f 4479/4479/4479 4480/4480/4480 4478/4478/4478
f 4481/4481/4481 4483/4483/4483 4482/4482/4482
f 4483/4483/4483 4484/4484/4484 4482/4482/4482
f 4485/4485/4485 4487/4487/4487 4486/4486/4486
f 4487/4487/4487 4488/4488/4488 4486/4486/4486
o rib_0_126
usemtl grave_bone
v -0.5022059503979717 1.8584342637513644 0.04722750187665224
v -0.5022059503979717 1.8584342637513644 -0.04722750187665224
v -0.5391592322521476 1.9279332789159151 0.04722750187665224
v -0.5391592322521476 1.9279332789159151 -0.04722750187665224
v -0.31687524789524024 1.9569763462485144 -0.04722750187665224
v -0.31687524789524024 1.9569763462485144 0.04722750187665224
v -0.35382852974941614 2.0264753614130653 -0.04722750187665224
v -0.35382852974941614 2.0264753614130653 0.04722750187665224
v -0.31687524789524024 1.9569763462485144 -0.04722750187665224
v -0.5022059503979717 1.8584342637513644 -0.04722750187665224
v -0.31687524789524024 1.9569763462485144 0.04722750187665224
v -0.5022059503979717 1.8584342637513644 0.04722750187665224
v -0.35382852974941614 2.0264753614130653 0.04722750187665224
v -0.5391592322521476 1.9279332789159151 0.04722750187665224
v -0.35382852974941614 2.0264753614130653 -0.04722750187665224
v -0.5391592322521476 1.9279332789159151 -0.04722750187665224
v -0.31687524789524024 1.9569763462485144 0.04722750187665224
v -0.5022059503979717 1.8584342637513644 0.04722750187665224
v -0.35382852974941614 2.0264753614130653 0.04722750187665224
v -0.5391592322521476 1.9279332789159151 0.04722750187665224
v -0.5022059503979717 1.8584342637513644 -0.04722750187665224
v -0.31687524789524024 1.9569763462485144 -0.04722750187665224
v -0.5391592322521476 1.9279332789159151 -0.04722750187665224
v -0.35382852974941614 2.0264753614130653 -0.04722750187665224
vt 0.25 1
vt 0.3125 1
vt 0.25 0.9375
vt 0.3125 0.9375
vt 0.25 1
vt 0.3125 1
vt 0.25 0.9375
vt 0.3125 0.9375
vt 0.25 1
vt 0.4375 1
vt 0.25 0.9375
vt 0.4375 0.9375
vt 0.25 1
vt 0.4375 1
vt 0.25 0.9375
vt 0.4375 0.9375
vt 0.25 1
vt 0.4375 1
vt 0.25 0.9375
vt 0.4375 0.9375
vt 0.25 1
vt 0.4375 1
vt 0.25 0.9375
vt 0.4375 0.9375
vn -0.882947592858927 -0.4694715627858908 0
vn -0.882947592858927 -0.4694715627858908 0
vn -0.882947592858927 -0.4694715627858908 0
vn -0.882947592858927 -0.4694715627858908 0
vn 0.882947592858927 0.4694715627858908 0
vn 0.882947592858927 0.4694715627858908 0
vn 0.882947592858927 0.4694715627858908 0
vn 0.882947592858927 0.4694715627858908 0
vn 0.4694715627858908 -0.882947592858927 0
vn 0.4694715627858908 -0.882947592858927 0
vn 0.4694715627858908 -0.882947592858927 0
vn 0.4694715627858908 -0.882947592858927 0
vn -0.4694715627858908 0.882947592858927 0
vn -0.4694715627858908 0.882947592858927 0
vn -0.4694715627858908 0.882947592858927 0
vn -0.4694715627858908 0.882947592858927 0
vn 0 0 1
vn 0 0 1
vn 0 0 1
vn 0 0 1
vn 0 0 -1
vn 0 0 -1
vn 0 0 -1
vn 0 0 -1
f 4489/4489/4489 4491/4491/4491 4490/4490/4490
f 4491/4491/4491 4492/4492/4492 4490/4490/4490
f 4493/4493/4493 4495/4495/4495 4494/4494/4494
f 4495/4495/4495 4496/4496/4496 4494/4494/4494
f 4497/4497/4497 4499/4499/4499 4498/4498/4498
f 4499/4499/4499 4500/4500/4500 4498/4498/4498
f 4501/4501/4501 4503/4503/4503 4502/4502/4502
f 4503/4503/4503 4504/4504/4504 4502/4502/4502
f 4505/4505/4505 4507/4507/4507 4506/4506/4506
f 4507/4507/4507 4508/4508/4508 4506/4506/4506
f 4509/4509/4509 4511/4511/4511 4510/4510/4510
f 4511/4511/4511 4512/4512/4512 4510/4510/4510
o rib_0_127
usemtl grave_bone
v -0.5447860108657749 1.7439732436048647 0.03834375152364373
v -0.5447860108657749 1.7439732436048647 -0.03834375152364373
v -0.6017268965521878 1.772986073978845 0.03834375152364373
v -0.6017268965521878 1.772986073978845 -0.03834375152364373
v -0.46935265466030485 1.8920195409592322 -0.03834375152364373
v -0.46935265466030485 1.8920195409592322 0.03834375152364373
v -0.5262935403467177 1.9210323713332125 -0.03834375152364373
v -0.5262935403467177 1.9210323713332125 0.03834375152364373
v -0.46935265466030485 1.8920195409592322 -0.03834375152364373
v -0.5447860108657749 1.7439732436048647 -0.03834375152364373
v -0.46935265466030485 1.8920195409592322 0.03834375152364373
v -0.5447860108657749 1.7439732436048647 0.03834375152364373
v -0.5262935403467177 1.9210323713332125 0.03834375152364373
v -0.6017268965521878 1.772986073978845 0.03834375152364373
v -0.5262935403467177 1.9210323713332125 -0.03834375152364373
v -0.6017268965521878 1.772986073978845 -0.03834375152364373
v -0.46935265466030485 1.8920195409592322 0.03834375152364373
v -0.5447860108657749 1.7439732436048647 0.03834375152364373
v -0.5262935403467177 1.9210323713332125 0.03834375152364373
v -0.6017268965521878 1.772986073978845 0.03834375152364373
v -0.5447860108657749 1.7439732436048647 -0.03834375152364373
v -0.46935265466030485 1.8920195409592322 -0.03834375152364373
v -0.6017268965521878 1.772986073978845 -0.03834375152364373
v -0.5262935403467177 1.9210323713332125 -0.03834375152364373
vt 0.875 0.25
vt 0.9375 0.25
vt 0.875 0.1875
vt 0.9375 0.1875
vt 0.875 0.25
vt 0.9375 0.25
vt 0.875 0.1875
vt 0.9375 0.1875
vt 0.875 0.25
vt 1.0625 0.25
vt 0.875 0.1875
vt 1.0625 0.1875
vt 0.875 0.25
vt 1.0625 0.25
vt 0.875 0.1875
vt 1.0625 0.1875
vt 0.875 0.25
vt 1.0625 0.25
vt 0.875 0.1875
vt 1.0625 0.1875
vt 0.875 0.25
vt 1.0625 0.25
vt 0.875 0.1875
vt 1.0625 0.1875
vn -0.4539904997395472 -0.8910065241883676 0
vn -0.4539904997395472 -0.8910065241883676 0
vn -0.4539904997395472 -0.8910065241883676 0
vn -0.4539904997395472 -0.8910065241883676 0
vn 0.4539904997395472 0.8910065241883676 0
vn 0.4539904997395472 0.8910065241883676 0
vn 0.4539904997395472 0.8910065241883676 0
vn 0.4539904997395472 0.8910065241883676 0
vn 0.8910065241883676 -0.4539904997395472 0
vn 0.8910065241883676 -0.4539904997395472 0
vn 0.8910065241883676 -0.4539904997395472 0
vn 0.8910065241883676 -0.4539904997395472 0
vn -0.8910065241883676 0.4539904997395472 0
vn -0.8910065241883676 0.4539904997395472 0
vn -0.8910065241883676 0.4539904997395472 0
vn -0.8910065241883676 0.4539904997395472 0
vn 0 0 0.9999999999999999
vn 0 0 0.9999999999999999
vn 0 0 0.9999999999999999
vn 0 0 0.9999999999999999
vn 0 0 -0.9999999999999999
vn 0 0 -0.9999999999999999
vn 0 0 -0.9999999999999999
vn 0 0 -0.9999999999999999
f 4513/4513/4513 4515/4515/4515 4514/4514/4514
f 4515/4515/4515 4516/4516/4516 4514/4514/4514
f 4517/4517/4517 4519/4519/4519 4518/4518/4518
f 4519/4519/4519 4520/4520/4520 4518/4518/4518
f 4521/4521/4521 4523/4523/4523 4522/4522/4522
f 4523/4523/4523 4524/4524/4524 4522/4522/4522
f 4525/4525/4525 4527/4527/4527 4526/4526/4526
f 4527/4527/4527 4528/4528/4528 4526/4526/4526
f 4529/4529/4529 4531/4531/4531 4530/4530/4530
f 4531/4531/4531 4532/4532/4532 4530/4530/4530
f 4533/4533/4533 4535/4535/4535 4534/4534/4534
f 4535/4535/4535 4536/4536/4536 4534/4534/4534
o rib_0_128
usemtl grave_bone
v -0.5246625165112621 1.6765540632243303 0.03161999929323792
v -0.5246625165112621 1.6765540632243303 -0.03161999929323792
v -0.5768496445115916 1.6692196406944433 0.03161999929323792
v -0.5768496445115916 1.6692196406944433 -0.03161999929323792
v -0.5393313615710358 1.7809283192249894 -0.03161999929323792
v -0.5393313615710358 1.7809283192249894 0.03161999929323792
v -0.5915184895713653 1.7735938966951024 -0.03161999929323792
v -0.5915184895713653 1.7735938966951024 0.03161999929323792
v -0.5393313615710358 1.7809283192249894 -0.03161999929323792
v -0.5246625165112621 1.6765540632243303 -0.03161999929323792
v -0.5393313615710358 1.7809283192249894 0.03161999929323792
v -0.5246625165112621 1.6765540632243303 0.03161999929323792
v -0.5915184895713653 1.7735938966951024 0.03161999929323792
v -0.5768496445115916 1.6692196406944433 0.03161999929323792
v -0.5915184895713653 1.7735938966951024 -0.03161999929323792
v -0.5768496445115916 1.6692196406944433 -0.03161999929323792
v -0.5393313615710358 1.7809283192249894 0.03161999929323792
v -0.5246625165112621 1.6765540632243303 0.03161999929323792
v -0.5915184895713653 1.7735938966951024 0.03161999929323792
v -0.5768496445115916 1.6692196406944433 0.03161999929323792
v -0.5246625165112621 1.6765540632243303 -0.03161999929323792
v -0.5393313615710358 1.7809283192249894 -0.03161999929323792
v -0.5768496445115916 1.6692196406944433 -0.03161999929323792
v -0.5915184895713653 1.7735938966951024 -0.03161999929323792
vt 0.3125 0.75
vt 0.375 0.75
vt 0.3125 0.6875
vt 0.375 0.6875
vt 0.3125 0.75
vt 0.375 0.75
vt 0.3125 0.6875
vt 0.375 0.6875
vt 0.3125 0.75
vt 0.4375 0.75
vt 0.3125 0.6875
vt 0.4375 0.6875
vt 0.3125 0.75
vt 0.4375 0.75
vt 0.3125 0.6875
vt 0.4375 0.6875
vt 0.3125 0.75
vt 0.4375 0.75
vt 0.3125 0.6875
vt 0.4375 0.6875
vt 0.3125 0.75
vt 0.4375 0.75
vt 0.3125 0.6875
vt 0.4375 0.6875
vn 0.13917310096006522 -0.9902680687415704 0
vn 0.13917310096006522 -0.9902680687415704 0
vn 0.13917310096006522 -0.9902680687415704 0
vn 0.13917310096006522 -0.9902680687415704 0
vn -0.13917310096006522 0.9902680687415704 0
vn -0.13917310096006522 0.9902680687415704 0
vn -0.13917310096006522 0.9902680687415704 0
vn -0.13917310096006522 0.9902680687415704 0
vn 0.9902680687415704 0.13917310096006522 0
vn 0.9902680687415704 0.13917310096006522 0
vn 0.9902680687415704 0.13917310096006522 0
vn 0.9902680687415704 0.13917310096006522 0
vn -0.9902680687415704 -0.13917310096006522 0
vn -0.9902680687415704 -0.13917310096006522 0
vn -0.9902680687415704 -0.13917310096006522 0
vn -0.9902680687415704 -0.13917310096006522 0
vn 0 0 1
vn 0 0 1
vn 0 0 1
vn 0 0 1
vn 0 0 -1
vn 0 0 -1
vn 0 0 -1
vn 0 0 -1
f 4537/4537/4537 4539/4539/4539 4538/4538/4538
f 4539/4539/4539 4540/4540/4540 4538/4538/4538
f 4541/4541/4541 4543/4543/4543 4542/4542/4542
f 4543/4543/4543 4544/4544/4544 4542/4542/4542
f 4545/4545/4545 4547/4547/4547 4546/4546/4546
f 4547/4547/4547 4548/4548/4548 4546/4546/4546
f 4549/4549/4549 4551/4551/4551 4550/4550/4550
f 4551/4551/4551 4552/4552/4552 4550/4550/4550
f 4553/4553/4553 4555/4555/4555 4554/4554/4554
f 4555/4555/4555 4556/4556/4556 4554/4554/4554
f 4557/4557/4557 4559/4559/4559 4558/4558/4558
f 4559/4559/4559 4560/4560/4560 4558/4558/4558
o rib_1_129
usemtl grave_bone
v -0.369921092368492 1.8369058700640033 0.05391749831661582
v -0.369921092368492 1.8369058700640033 -0.05391749831661582
v -0.35277451931347165 1.9251173413343365 0.05391749831661582
v -0.35277451931347165 1.9251173413343365 -0.05391749831661582
v -0.14309159696225277 1.792814682625386 -0.05391749831661582
v -0.14309159696225277 1.792814682625386 0.05391749831661582
v -0.1259450239072324 1.8810261538957191 -0.05391749831661582
v -0.1259450239072324 1.8810261538957191 0.05391749831661582
v -0.14309159696225277 1.792814682625386 -0.05391749831661582
v -0.369921092368492 1.8369058700640033 -0.05391749831661582
v -0.14309159696225277 1.792814682625386 0.05391749831661582
v -0.369921092368492 1.8369058700640033 0.05391749831661582
v -0.1259450239072324 1.8810261538957191 0.05391749831661582
v -0.35277451931347165 1.9251173413343365 0.05391749831661582
v -0.1259450239072324 1.8810261538957191 -0.05391749831661582
v -0.35277451931347165 1.9251173413343365 -0.05391749831661582
v -0.14309159696225277 1.792814682625386 0.05391749831661582
v -0.369921092368492 1.8369058700640033 0.05391749831661582
v -0.1259450239072324 1.8810261538957191 0.05391749831661582
v -0.35277451931347165 1.9251173413343365 0.05391749831661582
v -0.369921092368492 1.8369058700640033 -0.05391749831661582
v -0.14309159696225277 1.792814682625386 -0.05391749831661582
v -0.35277451931347165 1.9251173413343365 -0.05391749831661582
v -0.1259450239072324 1.8810261538957191 -0.05391749831661582
vt 0.9375 0.3125
vt 1.0625 0.3125
vt 0.9375 0.25
vt 1.0625 0.25
vt 0.9375 0.3125
vt 1.0625 0.3125
vt 0.9375 0.25
vt 1.0625 0.25
vt 0.9375 0.375
vt 1.1875 0.375
vt 0.9375 0.25
vt 1.1875 0.25
vt 0.9375 0.375
vt 1.1875 0.375
vt 0.9375 0.25
vt 1.1875 0.25
vt 0.9375 0.3125
vt 1.1875 0.3125
vt 0.9375 0.25
vt 1.1875 0.25
vt 0.9375 0.3125
vt 1.1875 0.3125
vt 0.9375 0.25
vt 1.1875 0.25
vn -0.9816271834476638 0.1908089953765448 0
vn -0.9816271834476638 0.1908089953765448 0
vn -0.9816271834476638 0.1908089953765448 0
vn -0.9816271834476638 0.1908089953765448 0
vn 0.9816271834476638 -0.1908089953765448 0
vn 0.9816271834476638 -0.1908089953765448 0
vn 0.9816271834476638 -0.1908089953765448 0
vn 0.9816271834476638 -0.1908089953765448 0
vn -0.1908089953765448 -0.9816271834476638 0
vn -0.1908089953765448 -0.9816271834476638 0
vn -0.1908089953765448 -0.9816271834476638 0
vn -0.1908089953765448 -0.9816271834476638 0
vn 0.1908089953765448 0.9816271834476638 0
vn 0.1908089953765448 0.9816271834476638 0
vn 0.1908089953765448 0.9816271834476638 0
vn 0.1908089953765448 0.9816271834476638 0
vn 0 0 0.9999999999999999
vn 0 0 0.9999999999999999
vn 0 0 0.9999999999999999
vn 0 0 0.9999999999999999
vn 0 0 -0.9999999999999999
vn 0 0 -0.9999999999999999
vn 0 0 -0.9999999999999999
vn 0 0 -0.9999999999999999
f 4561/4561/4561 4563/4563/4563 4562/4562/4562
f 4563/4563/4563 4564/4564/4564 4562/4562/4562
f 4565/4565/4565 4567/4567/4567 4566/4566/4566
f 4567/4567/4567 4568/4568/4568 4566/4566/4566
f 4569/4569/4569 4571/4571/4571 4570/4570/4570
f 4571/4571/4571 4572/4572/4572 4570/4570/4570
f 4573/4573/4573 4575/4575/4575 4574/4574/4574
f 4575/4575/4575 4576/4576/4576 4574/4574/4574
f 4577/4577/4577 4579/4579/4579 4578/4578/4578
f 4579/4579/4579 4580/4580/4580 4578/4578/4578
f 4581/4581/4581 4583/4583/4583 4582/4582/4582
f 4583/4583/4583 4584/4584/4584 4582/4582/4582
o rib_1_130
usemtl grave_bone
v -0.5212665799037253 1.7913683509021217 0.04500000178813934
v -0.5212665799037253 1.7913683509021217 -0.04500000178813934
v -0.5394107227946837 1.864140533264528 0.04500000178813934
v -0.5394107227946837 1.864140533264528 -0.04500000178813934
v -0.3272074317568194 1.8397527307430388 -0.04500000178813934
v -0.3272074317568194 1.8397527307430388 0.04500000178813934
v -0.3453515746477779 1.9125249131054451 -0.04500000178813934
v -0.3453515746477779 1.9125249131054451 0.04500000178813934
v -0.3272074317568194 1.8397527307430388 -0.04500000178813934
v -0.5212665799037253 1.7913683509021217 -0.04500000178813934
v -0.3272074317568194 1.8397527307430388 0.04500000178813934
v -0.5212665799037253 1.7913683509021217 0.04500000178813934
v -0.3453515746477779 1.9125249131054451 0.04500000178813934
v -0.5394107227946837 1.864140533264528 0.04500000178813934
v -0.3453515746477779 1.9125249131054451 -0.04500000178813934
v -0.5394107227946837 1.864140533264528 -0.04500000178813934
v -0.3272074317568194 1.8397527307430388 0.04500000178813934
v -0.5212665799037253 1.7913683509021217 0.04500000178813934
v -0.3453515746477779 1.9125249131054451 0.04500000178813934
v -0.5394107227946837 1.864140533264528 0.04500000178813934
v -0.5212665799037253 1.7913683509021217 -0.04500000178813934
v -0.3272074317568194 1.8397527307430388 -0.04500000178813934
v -0.5394107227946837 1.864140533264528 -0.04500000178813934
v -0.3453515746477779 1.9125249131054451 -0.04500000178813934
vt 0.25 1
vt 0.3125 1
vt 0.25 0.9375
vt 0.3125 0.9375
vt 0.25 1
vt 0.3125 1
vt 0.25 0.9375
vt 0.3125 0.9375
vt 0.25 1
vt 0.4375 1
vt 0.25 0.9375
vt 0.4375 0.9375
vt 0.25 1
vt 0.4375 1
vt 0.25 0.9375
vt 0.4375 0.9375
vt 0.25 1
vt 0.4375 1
vt 0.25 0.9375
vt 0.4375 0.9375
vt 0.25 1
vt 0.4375 1
vt 0.25 0.9375
vt 0.4375 0.9375
vn -0.9702957262759965 -0.24192189559966773 0
vn -0.9702957262759965 -0.24192189559966773 0
vn -0.9702957262759965 -0.24192189559966773 0
vn -0.9702957262759965 -0.24192189559966773 0
vn 0.9702957262759965 0.24192189559966773 0
vn 0.9702957262759965 0.24192189559966773 0
vn 0.9702957262759965 0.24192189559966773 0
vn 0.9702957262759965 0.24192189559966773 0
vn 0.24192189559966773 -0.9702957262759965 0
vn 0.24192189559966773 -0.9702957262759965 0
vn 0.24192189559966773 -0.9702957262759965 0
vn 0.24192189559966773 -0.9702957262759965 0
vn -0.24192189559966773 0.9702957262759965 0
vn -0.24192189559966773 0.9702957262759965 0
vn -0.24192189559966773 0.9702957262759965 0
vn -0.24192189559966773 0.9702957262759965 0
vn 0 0 1
vn 0 0 1
vn 0 0 1
vn 0 0 1
vn 0 0 -1
vn 0 0 -1
vn 0 0 -1
vn 0 0 -1
f 4585/4585/4585 4587/4587/4587 4586/4586/4586
f 4587/4587/4587 4588/4588/4588 4586/4586/4586
f 4589/4589/4589 4591/4591/4591 4590/4590/4590
f 4591/4591/4591 4592/4592/4592 4590/4590/4590
f 4593/4593/4593 4595/4595/4595 4594/4594/4594
f 4595/4595/4595 4596/4596/4596 4594/4594/4594
f 4597/4597/4597 4599/4599/4599 4598/4598/4598
f 4599/4599/4599 4600/4600/4600 4598/4598/4598
f 4601/4601/4601 4603/4603/4603 4602/4602/4602
f 4603/4603/4603 4604/4604/4604 4602/4602/4602
f 4605/4605/4605 4607/4607/4607 4606/4606/4606
f 4607/4607/4607 4608/4608/4608 4606/4606/4606
o rib_1_131
usemtl grave_bone
v -0.5948938350243207 1.6868733382951708 0.03868125153705478
v -0.5948938350243207 1.6868733382951708 -0.03868125153705478
v -0.6435490182743075 1.7291686438204028 0.03868125153705478
v -0.6435490182743075 1.7291686438204028 -0.03868125153705478
v -0.4849260446923127 1.8133768101050167 -0.03868125153705478
v -0.4849260446923127 1.8133768101050167 0.03868125153705478
v -0.5335812279422996 1.8556721156302487 -0.03868125153705478
v -0.5335812279422996 1.8556721156302487 0.03868125153705478
v -0.4849260446923127 1.8133768101050167 -0.03868125153705478
v -0.5948938350243207 1.6868733382951708 -0.03868125153705478
v -0.4849260446923127 1.8133768101050167 0.03868125153705478
v -0.5948938350243207 1.6868733382951708 0.03868125153705478
v -0.5335812279422996 1.8556721156302487 0.03868125153705478
v -0.6435490182743075 1.7291686438204028 0.03868125153705478
v -0.5335812279422996 1.8556721156302487 -0.03868125153705478
v -0.6435490182743075 1.7291686438204028 -0.03868125153705478
v -0.4849260446923127 1.8133768101050167 0.03868125153705478
v -0.5948938350243207 1.6868733382951708 0.03868125153705478
v -0.5335812279422996 1.8556721156302487 0.03868125153705478
v -0.6435490182743075 1.7291686438204028 0.03868125153705478
v -0.5948938350243207 1.6868733382951708 -0.03868125153705478
v -0.4849260446923127 1.8133768101050167 -0.03868125153705478
v -0.6435490182743075 1.7291686438204028 -0.03868125153705478
v -0.5335812279422996 1.8556721156302487 -0.03868125153705478
vt 0.875 0.25
vt 0.9375 0.25
vt 0.875 0.1875
vt 0.9375 0.1875
vt 0.875 0.25
vt 0.9375 0.25
vt 0.875 0.1875
vt 0.9375 0.1875
vt 0.875 0.25
vt 1.0625 0.25
vt 0.875 0.1875
vt 1.0625 0.1875
vt 0.875 0.25
vt 1.0625 0.25
vt 0.875 0.1875
vt 1.0625 0.1875
vt 0.875 0.25
vt 1.0625 0.25
vt 0.875 0.1875
vt 1.0625 0.1875
vt 0.875 0.25
vt 1.0625 0.25
vt 0.875 0.1875
vt 1.0625 0.1875
vn -0.6560590289905076 -0.7547095802227718 0
vn -0.6560590289905076 -0.7547095802227718 0
vn -0.6560590289905076 -0.7547095802227718 0
vn -0.6560590289905076 -0.7547095802227718 0
vn 0.6560590289905076 0.7547095802227718 0
vn 0.6560590289905076 0.7547095802227718 0
vn 0.6560590289905076 0.7547095802227718 0
vn 0.6560590289905076 0.7547095802227718 0
vn 0.7547095802227718 -0.6560590289905076 0
vn 0.7547095802227718 -0.6560590289905076 0
vn 0.7547095802227718 -0.6560590289905076 0
vn 0.7547095802227718 -0.6560590289905076 0
vn -0.7547095802227718 0.6560590289905076 0
vn -0.7547095802227718 0.6560590289905076 0
vn -0.7547095802227718 0.6560590289905076 0
vn -0.7547095802227718 0.6560590289905076 0
vn 0 0 1
vn 0 0 1
vn 0 0 1
vn 0 0 1
vn 0 0 -1
vn 0 0 -1
vn 0 0 -1
vn 0 0 -1
f 4609/4609/4609 4611/4611/4611 4610/4610/4610
f 4611/4611/4611 4612/4612/4612 4610/4610/4610
f 4613/4613/4613 4615/4615/4615 4614/4614/4614
f 4615/4615/4615 4616/4616/4616 4614/4614/4614
f 4617/4617/4617 4619/4619/4619 4618/4618/4618
f 4619/4619/4619 4620/4620/4620 4618/4618/4618
f 4621/4621/4621 4623/4623/4623 4622/4622/4622
f 4623/4623/4623 4624/4624/4624 4622/4622/4622
f 4625/4625/4625 4627/4627/4627 4626/4626/4626
f 4627/4627/4627 4628/4628/4628 4626/4626/4626
f 4629/4629/4629 4631/4631/4631 4630/4630/4630
f 4631/4631/4631 4632/4632/4632 4630/4630/4630
o rib_1_132
usemtl grave_bone
v -0.5923828022073326 1.6199156754677095 0.03013499932643026
v -0.5923828022073326 1.6199156754677095 -0.03013499932643026
v -0.6423326651465151 1.6251656176135578 0.03013499932643026
v -0.6423326651465151 1.6251656176135578 -0.03013499932643026
v -0.5818829179156364 1.7198154013460745 -0.03013499932643026
v -0.5818829179156364 1.7198154013460745 0.03013499932643026
v -0.6318327808548189 1.7250653434919228 -0.03013499932643026
v -0.6318327808548189 1.7250653434919228 0.03013499932643026
v -0.5818829179156364 1.7198154013460745 -0.03013499932643026
v -0.5923828022073326 1.6199156754677095 -0.03013499932643026
v -0.5818829179156364 1.7198154013460745 0.03013499932643026
v -0.5923828022073326 1.6199156754677095 0.03013499932643026
v -0.6318327808548189 1.7250653434919228 0.03013499932643026
v -0.6423326651465151 1.6251656176135578 0.03013499932643026
v -0.6318327808548189 1.7250653434919228 -0.03013499932643026
v -0.6423326651465151 1.6251656176135578 -0.03013499932643026
v -0.5818829179156364 1.7198154013460745 0.03013499932643026
v -0.5923828022073326 1.6199156754677095 0.03013499932643026
v -0.6318327808548189 1.7250653434919228 0.03013499932643026
v -0.6423326651465151 1.6251656176135578 0.03013499932643026
v -0.5923828022073326 1.6199156754677095 -0.03013499932643026
v -0.5818829179156364 1.7198154013460745 -0.03013499932643026
v -0.6423326651465151 1.6251656176135578 -0.03013499932643026
v -0.6318327808548189 1.7250653434919228 -0.03013499932643026
vt 0.3125 0.75
vt 0.375 0.75
vt 0.3125 0.6875
vt 0.375 0.6875
vt 0.3125 0.75
vt 0.375 0.75
vt 0.3125 0.6875
vt 0.375 0.6875
vt 0.3125 0.75
vt 0.4375 0.75
vt 0.3125 0.6875
vt 0.4375 0.6875
vt 0.3125 0.75
vt 0.4375 0.75
vt 0.3125 0.6875
vt 0.4375 0.6875
vt 0.3125 0.75
vt 0.4375 0.75
vt 0.3125 0.6875
vt 0.4375 0.6875
vt 0.3125 0.75
vt 0.4375 0.75
vt 0.3125 0.6875
vt 0.4375 0.6875
vn -0.10452846326765367 -0.9945218953682733 0
vn -0.10452846326765367 -0.9945218953682733 0
vn -0.10452846326765367 -0.9945218953682733 0
vn -0.10452846326765367 -0.9945218953682733 0
vn 0.10452846326765367 0.9945218953682733 0
vn 0.10452846326765367 0.9945218953682733 0
vn 0.10452846326765367 0.9945218953682733 0
vn 0.10452846326765367 0.9945218953682733 0
vn 0.9945218953682733 -0.10452846326765367 0
vn 0.9945218953682733 -0.10452846326765367 0
vn 0.9945218953682733 -0.10452846326765367 0
vn 0.9945218953682733 -0.10452846326765367 0
vn -0.9945218953682733 0.10452846326765367 0
vn -0.9945218953682733 0.10452846326765367 0
vn -0.9945218953682733 0.10452846326765367 0
vn -0.9945218953682733 0.10452846326765367 0
vn 0 0 1
vn 0 0 1
vn 0 0 1
vn 0 0 1
vn 0 0 -1
vn 0 0 -1
vn 0 0 -1
vn 0 0 -1
f 4633/4633/4633 4635/4635/4635 4634/4634/4634
f 4635/4635/4635 4636/4636/4636 4634/4634/4634
f 4637/4637/4637 4639/4639/4639 4638/4638/4638
f 4639/4639/4639 4640/4640/4640 4638/4638/4638
f 4641/4641/4641 4643/4643/4643 4642/4642/4642
f 4643/4643/4643 4644/4644/4644 4642/4642/4642
f 4645/4645/4645 4647/4647/4647 4646/4646/4646
f 4647/4647/4647 4648/4648/4648 4646/4646/4646
f 4649/4649/4649 4651/4651/4651 4650/4650/4650
f 4651/4651/4651 4652/4652/4652 4650/4650/4650
f 4653/4653/4653 4655/4655/4655 4654/4654/4654
f 4655/4655/4655 4656/4656/4656 4654/4654/4654
o rib_2_133
usemtl grave_bone
v -0.3642449682096873 1.7307223117989894 0.054389998301863675
v -0.3642449682096873 1.7307223117989894 -0.054389998301863675
v -0.3259346234353142 1.8128791112947398 0.054389998301863675
v -0.3259346234353142 1.8128791112947398 -0.054389998301863675
v -0.15298462864793208 1.6322099975969175 -0.054389998301863675
v -0.15298462864793208 1.6322099975969175 0.054389998301863675
v -0.11467428387355896 1.714366797092668 -0.054389998301863675
v -0.11467428387355896 1.714366797092668 0.054389998301863675
v -0.15298462864793208 1.6322099975969175 -0.054389998301863675
v -0.3642449682096873 1.7307223117989894 -0.054389998301863675
v -0.15298462864793208 1.6322099975969175 0.054389998301863675
v -0.3642449682096873 1.7307223117989894 0.054389998301863675
v -0.11467428387355896 1.714366797092668 0.054389998301863675
v -0.3259346234353142 1.8128791112947398 0.054389998301863675
v -0.11467428387355896 1.714366797092668 -0.054389998301863675
v -0.3259346234353142 1.8128791112947398 -0.054389998301863675
v -0.15298462864793208 1.6322099975969175 0.054389998301863675
v -0.3642449682096873 1.7307223117989894 0.054389998301863675
v -0.11467428387355896 1.714366797092668 0.054389998301863675
v -0.3259346234353142 1.8128791112947398 0.054389998301863675
v -0.3642449682096873 1.7307223117989894 -0.054389998301863675
v -0.15298462864793208 1.6322099975969175 -0.054389998301863675
v -0.3259346234353142 1.8128791112947398 -0.054389998301863675
v -0.11467428387355896 1.714366797092668 -0.054389998301863675
vt 0.9375 0.3125
vt 1.0625 0.3125
vt 0.9375 0.25
vt 1.0625 0.25
vt 0.9375 0.3125
vt 1.0625 0.3125
vt 0.9375 0.25
vt 1.0625 0.25
vt 0.9375 0.375
vt 1.1875 0.375
vt 0.9375 0.25
vt 1.1875 0.25
vt 0.9375 0.375
vt 1.1875 0.375
vt 0.9375 0.25
vt 1.1875 0.25
vt 0.9375 0.3125
vt 1.1875 0.3125
vt 0.9375 0.25
vt 1.1875 0.25
vt 0.9375 0.3125
vt 1.1875 0.3125
vt 0.9375 0.25
vt 1.1875 0.25
vn -0.9063077870366499 0.42261826174069933 0
vn -0.9063077870366499 0.42261826174069933 0
vn -0.9063077870366499 0.42261826174069933 0
vn -0.9063077870366499 0.42261826174069933 0
vn 0.9063077870366499 -0.42261826174069933 0
vn 0.9063077870366499 -0.42261826174069933 0
vn 0.9063077870366499 -0.42261826174069933 0
vn 0.9063077870366499 -0.42261826174069933 0
vn -0.42261826174069933 -0.9063077870366499 0
vn -0.42261826174069933 -0.9063077870366499 0
vn -0.42261826174069933 -0.9063077870366499 0
vn -0.42261826174069933 -0.9063077870366499 0
vn 0.42261826174069933 0.9063077870366499 0
vn 0.42261826174069933 0.9063077870366499 0
vn 0.42261826174069933 0.9063077870366499 0
vn 0.42261826174069933 0.9063077870366499 0
vn 0 0 1
vn 0 0 1
vn 0 0 1
vn 0 0 1
vn 0 0 -1
vn 0 0 -1
vn 0 0 -1
vn 0 0 -1
f 4657/4657/4657 4659/4659/4659 4658/4658/4658
f 4659/4659/4659 4660/4660/4660 4658/4658/4658
f 4661/4661/4661 4663/4663/4663 4662/4662/4662
f 4663/4663/4663 4664/4664/4664 4662/4662/4662
f 4665/4665/4665 4667/4667/4667 4666/4666/4666
f 4667/4667/4667 4668/4668/4668 4666/4666/4666
f 4669/4669/4669 4671/4671/4671 4670/4670/4670
f 4671/4671/4671 4672/4672/4672 4670/4670/4670
f 4673/4673/4673 4675/4675/4675 4674/4674/4674
f 4675/4675/4675 4676/4676/4676 4674/4674/4674
f 4677/4677/4677 4679/4679/4679 4678/4678/4678
f 4679/4679/4679 4680/4680/4680 4678/4678/4678
o rib_2_134
usemtl grave_bone
v -0.5219273283784487 1.7227426964989645 0.04540500180423259
v -0.5219273283784487 1.7227426964989645 -0.04540500180423259
v -0.5219273283784487 1.7984176995060188 0.04540500180423259
v -0.5219273283784487 1.7984176995060188 -0.04540500180423259
v -0.3201273253713945 1.7227426964989647 -0.04540500180423259
v -0.3201273253713945 1.7227426964989647 0.04540500180423259
v -0.3201273253713945 1.798417699506019 -0.04540500180423259
v -0.3201273253713945 1.798417699506019 0.04540500180423259
v -0.3201273253713945 1.7227426964989647 -0.04540500180423259
v -0.5219273283784487 1.7227426964989645 -0.04540500180423259
v -0.3201273253713945 1.7227426964989647 0.04540500180423259
v -0.5219273283784487 1.7227426964989645 0.04540500180423259
v -0.3201273253713945 1.798417699506019 0.04540500180423259
v -0.5219273283784487 1.7984176995060188 0.04540500180423259
v -0.3201273253713945 1.798417699506019 -0.04540500180423259
v -0.5219273283784487 1.7984176995060188 -0.04540500180423259
v -0.3201273253713945 1.7227426964989647 0.04540500180423259
v -0.5219273283784487 1.7227426964989645 0.04540500180423259
v -0.3201273253713945 1.798417699506019 0.04540500180423259
v -0.5219273283784487 1.7984176995060188 0.04540500180423259
v -0.5219273283784487 1.7227426964989645 -0.04540500180423259
v -0.3201273253713945 1.7227426964989647 -0.04540500180423259
v -0.5219273283784487 1.7984176995060188 -0.04540500180423259
v -0.3201273253713945 1.798417699506019 -0.04540500180423259
vt 0.25 1
vt 0.3125 1
vt 0.25 0.9375
vt 0.3125 0.9375
vt 0.25 1
vt 0.3125 1
vt 0.25 0.9375
vt 0.3125 0.9375
vt 0.25 1
vt 0.4375 1
vt 0.25 0.9375
vt 0.4375 0.9375
vt 0.25 1
vt 0.4375 1
vt 0.25 0.9375
vt 0.4375 0.9375
vt 0.25 1
vt 0.4375 1
vt 0.25 0.9375
vt 0.4375 0.9375
vt 0.25 1
vt 0.4375 1
vt 0.25 0.9375
vt 0.4375 0.9375
vn -1 -5.5016007166757034e-17 0
vn -1 -5.5016007166757034e-17 0
vn -1 -5.5016007166757034e-17 0
vn -1 -5.5016007166757034e-17 0
vn 1 5.5016007166757034e-17 0
vn 1 5.5016007166757034e-17 0
vn 1 5.5016007166757034e-17 0
vn 1 5.5016007166757034e-17 0
vn 5.5016007166757034e-17 -1 0
vn 5.5016007166757034e-17 -1 0
vn 5.5016007166757034e-17 -1 0
vn 5.5016007166757034e-17 -1 0
vn -5.5016007166757034e-17 1 0
vn -5.5016007166757034e-17 1 0
vn -5.5016007166757034e-17 1 0
vn -5.5016007166757034e-17 1 0
vn 0 0 1
vn 0 0 1
vn 0 0 1
vn 0 0 1
vn 0 0 -1
vn 0 0 -1
vn 0 0 -1
vn 0 0 -1
f 4681/4681/4681 4683/4683/4683 4682/4682/4682
f 4683/4683/4683 4684/4684/4684 4682/4682/4682
f 4685/4685/4685 4687/4687/4687 4686/4686/4686
f 4687/4687/4687 4688/4688/4688 4686/4686/4686
f 4689/4689/4689 4691/4691/4691 4690/4690/4690
f 4691/4691/4691 4692/4692/4692 4690/4690/4690
f 4693/4693/4693 4695/4695/4695 4694/4694/4694
f 4695/4695/4695 4696/4696/4696 4694/4694/4694
f 4697/4697/4697 4699/4699/4699 4698/4698/4698
f 4699/4699/4699 4700/4700/4700 4698/4698/4698
f 4701/4701/4701 4703/4703/4703 4702/4702/4702
f 4703/4703/4703 4704/4704/4704 4702/4702/4702
o rib_2_135
usemtl grave_bone
v -0.6181848574142599 1.638851363223116 0.03901875155046582
v -0.6181848574142599 1.638851363223116 -0.03901875155046582
v -0.6554852500407139 1.6921218446032846 0.03901875155046582
v -0.6554852500407139 1.6921218446032846 -0.03901875155046582
v -0.47968161090609074 1.7358323804946536 -0.03901875155046582
v -0.47968161090609074 1.7358323804946536 0.03901875155046582
v -0.5169820035325448 1.7891028618748221 -0.03901875155046582
v -0.5169820035325448 1.7891028618748221 0.03901875155046582
v -0.47968161090609074 1.7358323804946536 -0.03901875155046582
v -0.6181848574142599 1.638851363223116 -0.03901875155046582
v -0.47968161090609074 1.7358323804946536 0.03901875155046582
v -0.6181848574142599 1.638851363223116 0.03901875155046582
v -0.5169820035325448 1.7891028618748221 0.03901875155046582
v -0.6554852500407139 1.6921218446032846 0.03901875155046582
v -0.5169820035325448 1.7891028618748221 -0.03901875155046582
v -0.6554852500407139 1.6921218446032846 -0.03901875155046582
v -0.47968161090609074 1.7358323804946536 0.03901875155046582
v -0.6181848574142599 1.638851363223116 0.03901875155046582
v -0.5169820035325448 1.7891028618748221 0.03901875155046582
v -0.6554852500407139 1.6921218446032846 0.03901875155046582
v -0.6181848574142599 1.638851363223116 -0.03901875155046582
v -0.47968161090609074 1.7358323804946536 -0.03901875155046582
v -0.6554852500407139 1.6921218446032846 -0.03901875155046582
v -0.5169820035325448 1.7891028618748221 -0.03901875155046582
vt 0.875 0.25
vt 0.9375 0.25
vt 0.875 0.1875
vt 0.9375 0.1875
vt 0.875 0.25
vt 0.9375 0.25
vt 0.875 0.1875
vt 0.9375 0.1875
vt 0.875 0.25
vt 1.0625 0.25
vt 0.875 0.1875
vt 1.0625 0.1875
vt 0.875 0.25
vt 1.0625 0.25
vt 0.875 0.1875
vt 1.0625 0.1875
vt 0.875 0.25
vt 1.0625 0.25
vt 0.875 0.1875
vt 1.0625 0.1875
vt 0.875 0.25
vt 1.0625 0.25
vt 0.875 0.1875
vt 1.0625 0.1875
vn -0.8191520442889921 -0.5735764363510457 0
vn -0.8191520442889921 -0.5735764363510457 0
vn -0.8191520442889921 -0.5735764363510457 0
vn -0.8191520442889921 -0.5735764363510457 0
vn 0.8191520442889921 0.5735764363510457 0
vn 0.8191520442889921 0.5735764363510457 0
vn 0.8191520442889921 0.5735764363510457 0
vn 0.8191520442889921 0.5735764363510457 0
vn 0.5735764363510457 -0.8191520442889921 0
vn 0.5735764363510457 -0.8191520442889921 0
vn 0.5735764363510457 -0.8191520442889921 0
vn 0.5735764363510457 -0.8191520442889921 0
vn -0.5735764363510457 0.8191520442889921 0
vn -0.5735764363510457 0.8191520442889921 0
vn -0.5735764363510457 0.8191520442889921 0
vn -0.5735764363510457 0.8191520442889921 0
vn 0 0 1
vn 0 0 1
vn 0 0 1
vn 0 0 1
vn 0 0 -1
vn 0 0 -1
vn 0 0 -1
vn 0 0 -1
f 4705/4705/4705 4707/4707/4707 4706/4706/4706
f 4707/4707/4707 4708/4708/4708 4706/4706/4706
f 4709/4709/4709 4711/4711/4711 4710/4710/4710
f 4711/4711/4711 4712/4712/4712 4710/4710/4710
f 4713/4713/4713 4715/4715/4715 4714/4714/4714
f 4715/4715/4715 4716/4716/4716 4714/4714/4714
f 4717/4717/4717 4719/4719/4719 4718/4718/4718
f 4719/4719/4719 4720/4720/4720 4718/4718/4718
f 4721/4721/4721 4723/4723/4723 4722/4722/4722
f 4723/4723/4723 4724/4724/4724 4722/4722/4722
f 4725/4725/4725 4727/4727/4727 4726/4726/4726
f 4727/4727/4727 4728/4728/4728 4726/4726/4726
o rib_2_136
usemtl grave_bone
v -0.6314517294058118 1.573425153368306 0.030404999320395292
v -0.6314517294058118 1.573425153368306 -0.030404999320395292
v -0.679070653673715 1.5907570243895992 0.030404999320395292
v -0.679070653673715 1.5907570243895992 -0.030404999320395292
v -0.5967879873632254 1.6686630019041124 -0.030404999320395292
v -0.5967879873632254 1.6686630019041124 0.030404999320395292
v -0.6444069116311285 1.6859948729254057 -0.030404999320395292
v -0.6444069116311285 1.6859948729254057 0.030404999320395292
v -0.5967879873632254 1.6686630019041124 -0.030404999320395292
v -0.6314517294058118 1.573425153368306 -0.030404999320395292
v -0.5967879873632254 1.6686630019041124 0.030404999320395292
v -0.6314517294058118 1.573425153368306 0.030404999320395292
v -0.6444069116311285 1.6859948729254057 0.030404999320395292
v -0.679070653673715 1.5907570243895992 0.030404999320395292
v -0.6444069116311285 1.6859948729254057 -0.030404999320395292
v -0.679070653673715 1.5907570243895992 -0.030404999320395292
v -0.5967879873632254 1.6686630019041124 0.030404999320395292
v -0.6314517294058118 1.573425153368306 0.030404999320395292
v -0.6444069116311285 1.6859948729254057 0.030404999320395292
v -0.679070653673715 1.5907570243895992 0.030404999320395292
v -0.6314517294058118 1.573425153368306 -0.030404999320395292
v -0.5967879873632254 1.6686630019041124 -0.030404999320395292
v -0.679070653673715 1.5907570243895992 -0.030404999320395292
v -0.6444069116311285 1.6859948729254057 -0.030404999320395292
vt 0.3125 0.75
vt 0.375 0.75
vt 0.3125 0.6875
vt 0.375 0.6875
vt 0.3125 0.75
vt 0.375 0.75
vt 0.3125 0.6875
vt 0.375 0.6875
vt 0.3125 0.75
vt 0.4375 0.75
vt 0.3125 0.6875
vt 0.4375 0.6875
vt 0.3125 0.75
vt 0.4375 0.75
vt 0.3125 0.6875
vt 0.4375 0.6875
vt 0.3125 0.75
vt 0.4375 0.75
vt 0.3125 0.6875
vt 0.4375 0.6875
vt 0.3125 0.75
vt 0.4375 0.75
vt 0.3125 0.6875
vt 0.4375 0.6875
vn -0.3420201433256688 -0.9396926207859083 0
vn -0.3420201433256688 -0.9396926207859083 0
vn -0.3420201433256688 -0.9396926207859083 0
vn -0.3420201433256688 -0.9396926207859083 0
vn 0.3420201433256688 0.9396926207859083 0
vn 0.3420201433256688 0.9396926207859083 0
vn 0.3420201433256688 0.9396926207859083 0
vn 0.3420201433256688 0.9396926207859083 0
vn 0.9396926207859083 -0.3420201433256688 0
vn 0.9396926207859083 -0.3420201433256688 0
vn 0.9396926207859083 -0.3420201433256688 0
vn 0.9396926207859083 -0.3420201433256688 0
vn -0.9396926207859083 0.3420201433256688 0
vn -0.9396926207859083 0.3420201433256688 0
vn -0.9396926207859083 0.3420201433256688 0
vn -0.9396926207859083 0.3420201433256688 0
vn 0 0 1
vn 0 0 1
vn 0 0 1
vn 0 0 1
vn 0 0 -1
vn 0 0 -1
vn 0 0 -1
vn 0 0 -1
f 4729/4729/4729 4731/4731/4731 4730/4730/4730
f 4731/4731/4731 4732/4732/4732 4730/4730/4730
f 4733/4733/4733 4735/4735/4735 4734/4734/4734
f 4735/4735/4735 4736/4736/4736 4734/4734/4734
f 4737/4737/4737 4739/4739/4739 4738/4738/4738
f 4739/4739/4739 4740/4740/4740 4738/4738/4738
f 4741/4741/4741 4743/4743/4743 4742/4742/4742
f 4743/4743/4743 4744/4744/4744 4742/4742/4742
f 4745/4745/4745 4747/4747/4747 4746/4746/4746
f 4747/4747/4747 4748/4748/4748 4746/4746/4746
f 4749/4749/4749 4751/4751/4751 4750/4750/4750
f 4751/4751/4751 4752/4752/4752 4750/4750/4750
o spectral_chain0_0_159
usemtl ghost_chain
v 0.04738124961405993 2.0087250015437603 0.014568749614059925
v 0.04738124961405993 2.0087250015437603 -0.014568749614059925
v 0.04738124961405993 1.8662749984562397 0.014568749614059925
v 0.04738124961405993 1.8662749984562397 -0.014568749614059925
v 0.018243750385940075 2.0087250015437603 -0.014568749614059925
v 0.018243750385940075 2.0087250015437603 0.014568749614059925
v 0.018243750385940075 1.8662749984562397 -0.014568749614059925
v 0.018243750385940075 1.8662749984562397 0.014568749614059925
v 0.018243750385940075 2.0087250015437603 -0.014568749614059925
v 0.04738124961405993 2.0087250015437603 -0.014568749614059925
v 0.018243750385940075 2.0087250015437603 0.014568749614059925
v 0.04738124961405993 2.0087250015437603 0.014568749614059925
v 0.018243750385940075 1.8662749984562397 0.014568749614059925
v 0.04738124961405993 1.8662749984562397 0.014568749614059925
v 0.018243750385940075 1.8662749984562397 -0.014568749614059925
v 0.04738124961405993 1.8662749984562397 -0.014568749614059925
v 0.018243750385940075 2.0087250015437603 0.014568749614059925
v 0.04738124961405993 2.0087250015437603 0.014568749614059925
v 0.018243750385940075 1.8662749984562397 0.014568749614059925
v 0.04738124961405993 1.8662749984562397 0.014568749614059925
v 0.04738124961405993 2.0087250015437603 -0.014568749614059925
v 0.018243750385940075 2.0087250015437603 -0.014568749614059925
v 0.04738124961405993 1.8662749984562397 -0.014568749614059925
v 0.018243750385940075 1.8662749984562397 -0.014568749614059925
vt 0.625 0.3125
vt 0.6875 0.3125
vt 0.625 0.1875
vt 0.6875 0.1875
vt 0.625 0.3125
vt 0.6875 0.3125
vt 0.625 0.1875
vt 0.6875 0.1875
vt 0.625 0.25
vt 0.6875 0.25
vt 0.625 0.1875
vt 0.6875 0.1875
vt 0.625 0.25
vt 0.6875 0.25
vt 0.625 0.1875
vt 0.6875 0.1875
vt 0.625 0.3125
vt 0.6875 0.3125
vt 0.625 0.1875
vt 0.6875 0.1875
vt 0.625 0.3125
vt 0.6875 0.3125
vt 0.625 0.1875
vt 0.6875 0.1875
vn 1 0 0
vn 1 0 0
vn 1 0 0
vn 1 0 0
vn -1 0 0
vn -1 0 0
vn -1 0 0
vn -1 0 0
vn 0 1 0
vn 0 1 0
vn 0 1 0
vn 0 1 0
vn 0 -1 0
vn 0 -1 0
vn 0 -1 0
vn 0 -1 0
vn 0 0 1
vn 0 0 1
vn 0 0 1
vn 0 0 1
vn 0 0 -1
vn 0 0 -1
vn 0 0 -1
vn 0 0 -1
f 4753/4753/4753 4755/4755/4755 4754/4754/4754
f 4755/4755/4755 4756/4756/4756 4754/4754/4754
f 4757/4757/4757 4759/4759/4759 4758/4758/4758
f 4759/4759/4759 4760/4760/4760 4758/4758/4758
f 4761/4761/4761 4763/4763/4763 4762/4762/4762
f 4763/4763/4763 4764/4764/4764 4762/4762/4762
f 4765/4765/4765 4767/4767/4767 4766/4766/4766
f 4767/4767/4767 4768/4768/4768 4766/4766/4766
f 4769/4769/4769 4771/4771/4771 4770/4770/4770
f 4771/4771/4771 4772/4772/4772 4770/4770/4770
f 4773/4773/4773 4775/4775/4775 4774/4774/4774
f 4775/4775/4775 4776/4776/4776 4774/4774/4774
o spectral_chain0_0_160
usemtl ghost_chain
v -0.018623437875881794 2.0068687515035273 0.014189062124118208
v -0.018623437875881794 2.0068687515035273 -0.014189062124118208
v -0.018623437875881794 1.868131248496473 0.014189062124118208
v -0.018623437875881794 1.868131248496473 -0.014189062124118208
v -0.04700156212411821 2.0068687515035273 -0.014189062124118208
v -0.04700156212411821 2.0068687515035273 0.014189062124118208
v -0.04700156212411821 1.868131248496473 -0.014189062124118208
v -0.04700156212411821 1.868131248496473 0.014189062124118208
v -0.04700156212411821 2.0068687515035273 -0.014189062124118208
v -0.018623437875881794 2.0068687515035273 -0.014189062124118208
v -0.04700156212411821 2.0068687515035273 0.014189062124118208
v -0.018623437875881794 2.0068687515035273 0.014189062124118208
v -0.04700156212411821 1.868131248496473 0.014189062124118208
v -0.018623437875881794 1.868131248496473 0.014189062124118208
v -0.04700156212411821 1.868131248496473 -0.014189062124118208
v -0.018623437875881794 1.868131248496473 -0.014189062124118208
v -0.04700156212411821 2.0068687515035273 0.014189062124118208
v -0.018623437875881794 2.0068687515035273 0.014189062124118208
v -0.04700156212411821 1.868131248496473 0.014189062124118208
v -0.018623437875881794 1.868131248496473 0.014189062124118208
v -0.018623437875881794 2.0068687515035273 -0.014189062124118208
v -0.04700156212411821 2.0068687515035273 -0.014189062124118208
v -0.018623437875881794 1.868131248496473 -0.014189062124118208
v -0.04700156212411821 1.868131248496473 -0.014189062124118208
vt 0.625 0.3125
vt 0.6875 0.3125
vt 0.625 0.1875
vt 0.6875 0.1875
vt 0.625 0.3125
vt 0.6875 0.3125
vt 0.625 0.1875
vt 0.6875 0.1875
vt 0.625 0.25
vt 0.6875 0.25
vt 0.625 0.1875
vt 0.6875 0.1875
vt 0.625 0.25
vt 0.6875 0.25
vt 0.625 0.1875
vt 0.6875 0.1875
vt 0.625 0.3125
vt 0.6875 0.3125
vt 0.625 0.1875
vt 0.6875 0.1875
vt 0.625 0.3125
vt 0.6875 0.3125
vt 0.625 0.1875
vt 0.6875 0.1875
vn 0.9999999999999999 0 0
vn 0.9999999999999999 0 0
vn 0.9999999999999999 0 0
vn 0.9999999999999999 0 0
vn -0.9999999999999999 0 0
vn -0.9999999999999999 0 0
vn -0.9999999999999999 0 0
vn -0.9999999999999999 0 0
vn 0 0.9999999999999999 0
vn 0 0.9999999999999999 0
vn 0 0.9999999999999999 0
vn 0 0.9999999999999999 0
vn 0 -0.9999999999999999 0
vn 0 -0.9999999999999999 0
vn 0 -0.9999999999999999 0
vn 0 -0.9999999999999999 0
vn 0 0 0.9999999999999999
vn 0 0 0.9999999999999999
vn 0 0 0.9999999999999999
vn 0 0 0.9999999999999999
vn 0 0 -0.9999999999999999
vn 0 0 -0.9999999999999999
vn 0 0 -0.9999999999999999
vn 0 0 -0.9999999999999999
f 4777/4777/4777 4779/4779/4779 4778/4778/4778
f 4779/4779/4779 4780/4780/4780 4778/4778/4778
f 4781/4781/4781 4783/4783/4783 4782/4782/4782
f 4783/4783/4783 4784/4784/4784 4782/4782/4782
f 4785/4785/4785 4787/4787/4787 4786/4786/4786
f 4787/4787/4787 4788/4788/4788 4786/4786/4786
f 4789/4789/4789 4791/4791/4791 4790/4790/4790
f 4791/4791/4791 4792/4792/4792 4790/4790/4790
f 4793/4793/4793 4795/4795/4795 4794/4794/4794
f 4795/4795/4795 4796/4796/4796 4794/4794/4794
f 4797/4797/4797 4799/4799/4799 4798/4798/4798
f 4799/4799/4799 4800/4800/4800 4798/4798/4798
o spectral_chain0_0_161
usemtl ghost_chain
v 0.0487734375 2.0068195308623835 0.014632030862383544
v 0.0487734375 2.0068195308623835 -0.014632030862383544
v 0.0487734375 1.9775554691376165 0.014632030862383544
v 0.0487734375 1.9775554691376165 -0.014632030862383544
v -0.0487734375 2.0068195308623835 -0.014632030862383544
v -0.0487734375 2.0068195308623835 0.014632030862383544
v -0.0487734375 1.9775554691376165 -0.014632030862383544
v -0.0487734375 1.9775554691376165 0.014632030862383544
v -0.0487734375 2.0068195308623835 -0.014632030862383544
v 0.0487734375 2.0068195308623835 -0.014632030862383544
v -0.0487734375 2.0068195308623835 0.014632030862383544
v 0.0487734375 2.0068195308623835 0.014632030862383544
v -0.0487734375 1.9775554691376165 0.014632030862383544
v 0.0487734375 1.9775554691376165 0.014632030862383544
v -0.0487734375 1.9775554691376165 -0.014632030862383544
v 0.0487734375 1.9775554691376165 -0.014632030862383544
v -0.0487734375 2.0068195308623835 0.014632030862383544
v 0.0487734375 2.0068195308623835 0.014632030862383544
v -0.0487734375 1.9775554691376165 0.014632030862383544
v 0.0487734375 1.9775554691376165 0.014632030862383544
v 0.0487734375 2.0068195308623835 -0.014632030862383544
v -0.0487734375 2.0068195308623835 -0.014632030862383544
v 0.0487734375 1.9775554691376165 -0.014632030862383544
v -0.0487734375 1.9775554691376165 -0.014632030862383544
vt 0.6875 0.8125
vt 0.75 0.8125
vt 0.6875 0.75
vt 0.75 0.75
vt 0.6875 0.8125
vt 0.75 0.8125
vt 0.6875 0.75
vt 0.75 0.75
vt 0.6875 0.8125
vt 0.8125 0.8125
vt 0.6875 0.75
vt 0.8125 0.75
vt 0.6875 0.8125
vt 0.8125 0.8125
vt 0.6875 0.75
vt 0.8125 0.75
vt 0.6875 0.8125
vt 0.8125 0.8125
vt 0.6875 0.75
vt 0.8125 0.75
vt 0.6875 0.8125
vt 0.8125 0.8125
vt 0.6875 0.75
vt 0.8125 0.75
vn 1 0 0
vn 1 0 0
vn 1 0 0
vn 1 0 0
vn -1 0 0
vn -1 0 0
vn -1 0 0
vn -1 0 0
vn 0 1 0
vn 0 1 0
vn 0 1 0
vn 0 1 0
vn 0 -1 0
vn 0 -1 0
vn 0 -1 0
vn 0 -1 0
vn 0 0 1
vn 0 0 1
vn 0 0 1
vn 0 0 1
vn 0 0 -1
vn 0 0 -1
vn 0 0 -1
vn 0 0 -1
f 4801/4801/4801 4803/4803/4803 4802/4802/4802
f 4803/4803/4803 4804/4804/4804 4802/4802/4802
f 4805/4805/4805 4807/4807/4807 4806/4806/4806
f 4807/4807/4807 4808/4808/4808 4806/4806/4806
f 4809/4809/4809 4811/4811/4811 4810/4810/4810
f 4811/4811/4811 4812/4812/4812 4810/4810/4810
f 4813/4813/4813 4815/4815/4815 4814/4814/4814
f 4815/4815/4815 4816/4816/4816 4814/4814/4814
f 4817/4817/4817 4819/4819/4819 4818/4818/4818
f 4819/4819/4819 4820/4820/4820 4818/4818/4818
f 4821/4821/4821 4823/4823/4823 4822/4822/4822
f 4823/4823/4823 4824/4824/4824 4822/4822/4822
o spectral_chain0_0_162
usemtl ghost_chain
v 0.0475078125 1.8970648433724417 0.01425234337244183
v 0.0475078125 1.8970648433724417 -0.01425234337244183
v 0.0475078125 1.8685601566275583 0.01425234337244183
v 0.0475078125 1.8685601566275583 -0.01425234337244183
v -0.0475078125 1.8970648433724417 -0.01425234337244183
v -0.0475078125 1.8970648433724417 0.01425234337244183
v -0.0475078125 1.8685601566275583 -0.01425234337244183
v -0.0475078125 1.8685601566275583 0.01425234337244183
v -0.0475078125 1.8970648433724417 -0.01425234337244183
v 0.0475078125 1.8970648433724417 -0.01425234337244183
v -0.0475078125 1.8970648433724417 0.01425234337244183
v 0.0475078125 1.8970648433724417 0.01425234337244183
v -0.0475078125 1.8685601566275583 0.01425234337244183
v 0.0475078125 1.8685601566275583 0.01425234337244183
v -0.0475078125 1.8685601566275583 -0.01425234337244183
v 0.0475078125 1.8685601566275583 -0.01425234337244183
v -0.0475078125 1.8970648433724417 0.01425234337244183
v 0.0475078125 1.8970648433724417 0.01425234337244183
v -0.0475078125 1.8685601566275583 0.01425234337244183
v 0.0475078125 1.8685601566275583 0.01425234337244183
v 0.0475078125 1.8970648433724417 -0.01425234337244183
v -0.0475078125 1.8970648433724417 -0.01425234337244183
v 0.0475078125 1.8685601566275583 -0.01425234337244183
v -0.0475078125 1.8685601566275583 -0.01425234337244183
vt 0.6875 0.8125
vt 0.75 0.8125
vt 0.6875 0.75
vt 0.75 0.75
vt 0.6875 0.8125
vt 0.75 0.8125
vt 0.6875 0.75
vt 0.75 0.75
vt 0.6875 0.8125
vt 0.8125 0.8125
vt 0.6875 0.75
vt 0.8125 0.75
vt 0.6875 0.8125
vt 0.8125 0.8125
vt 0.6875 0.75
vt 0.8125 0.75
vt 0.6875 0.8125
vt 0.8125 0.8125
vt 0.6875 0.75
vt 0.8125 0.75
vt 0.6875 0.8125
vt 0.8125 0.8125
vt 0.6875 0.75
vt 0.8125 0.75
vn 1 0 0
vn 1 0 0
vn 1 0 0
vn 1 0 0
vn -1 0 0
vn -1 0 0
vn -1 0 0
vn -1 0 0
vn 0 1 0
vn 0 1 0
vn 0 1 0
vn 0 1 0
vn 0 -1 0
vn 0 -1 0
vn 0 -1 0
vn 0 -1 0
vn 0 0 1
vn 0 0 1
vn 0 0 1
vn 0 0 1
vn 0 0 -1
vn 0 0 -1
vn 0 0 -1
vn 0 0 -1
f 4825/4825/4825 4827/4827/4827 4826/4826/4826
f 4827/4827/4827 4828/4828/4828 4826/4826/4826
f 4829/4829/4829 4831/4831/4831 4830/4830/4830
f 4831/4831/4831 4832/4832/4832 4830/4830/4830
f 4833/4833/4833 4835/4835/4835 4834/4834/4834
f 4835/4835/4835 4836/4836/4836 4834/4834/4834
f 4837/4837/4837 4839/4839/4839 4838/4838/4838
f 4839/4839/4839 4840/4840/4840 4838/4838/4838
f 4841/4841/4841 4843/4843/4843 4842/4842/4842
f 4843/4843/4843 4844/4844/4844 4842/4842/4842
f 4845/4845/4845 4847/4847/4847 4846/4846/4846
f 4847/4847/4847 4848/4848/4848 4846/4846/4846
o spectral_chain0_1_163
usemtl ghost_chain
v 0.014695312110707162 2.0093437515571715 0.04750781211070716
v 0.014695312110707162 2.0093437515571715 0.01811718788929284
v 0.014695312110707162 1.8656562484428287 0.04750781211070716
v 0.014695312110707162 1.8656562484428287 0.01811718788929284
v -0.014695312110707162 2.0093437515571715 0.01811718788929284
v -0.014695312110707162 2.0093437515571715 0.04750781211070716
v -0.014695312110707162 1.8656562484428287 0.01811718788929284
v -0.014695312110707162 1.8656562484428287 0.04750781211070716
v -0.014695312110707162 2.0093437515571715 0.01811718788929284
v 0.014695312110707162 2.0093437515571715 0.01811718788929284
v -0.014695312110707162 2.0093437515571715 0.04750781211070716
v 0.014695312110707162 2.0093437515571715 0.04750781211070716
v -0.014695312110707162 1.8656562484428287 0.04750781211070716
v 0.014695312110707162 1.8656562484428287 0.04750781211070716
v -0.014695312110707162 1.8656562484428287 0.01811718788929284
v 0.014695312110707162 1.8656562484428287 0.01811718788929284
v -0.014695312110707162 2.0093437515571715 0.04750781211070716
v 0.014695312110707162 2.0093437515571715 0.04750781211070716
v -0.014695312110707162 1.8656562484428287 0.04750781211070716
v 0.014695312110707162 1.8656562484428287 0.04750781211070716
v 0.014695312110707162 2.0093437515571715 0.01811718788929284
v -0.014695312110707162 2.0093437515571715 0.01811718788929284
v 0.014695312110707162 1.8656562484428287 0.01811718788929284
v -0.014695312110707162 1.8656562484428287 0.01811718788929284
vt 0.625 0.3125
vt 0.6875 0.3125
vt 0.625 0.1875
vt 0.6875 0.1875
vt 0.625 0.3125
vt 0.6875 0.3125
vt 0.625 0.1875
vt 0.6875 0.1875
vt 0.625 0.25
vt 0.6875 0.25
vt 0.625 0.1875
vt 0.6875 0.1875
vt 0.625 0.25
vt 0.6875 0.25
vt 0.625 0.1875
vt 0.6875 0.1875
vt 0.625 0.3125
vt 0.6875 0.3125
vt 0.625 0.1875
vt 0.6875 0.1875
vt 0.625 0.3125
vt 0.6875 0.3125
vt 0.625 0.1875
vt 0.6875 0.1875
vn 1 0 0
vn 1 0 0
vn 1 0 0
vn 1 0 0
vn -1 0 0
vn -1 0 0
vn -1 0 0
vn -1 0 0
vn 0 1 0
vn 0 1 0
vn 0 1 0
vn 0 1 0
vn 0 -1 0
vn 0 -1 0
vn 0 -1 0
vn 0 -1 0
vn 0 0 1
vn 0 0 1
vn 0 0 1
vn 0 0 1
vn 0 0 -1
vn 0 0 -1
vn 0 0 -1
vn 0 0 -1
f 4849/4849/4849 4851/4851/4851 4850/4850/4850
f 4851/4851/4851 4852/4852/4852 4850/4850/4850
f 4853/4853/4853 4855/4855/4855 4854/4854/4854
f 4855/4855/4855 4856/4856/4856 4854/4854/4854
f 4857/4857/4857 4859/4859/4859 4858/4858/4858
f 4859/4859/4859 4860/4860/4860 4858/4858/4858
f 4861/4861/4861 4863/4863/4863 4862/4862/4862
f 4863/4863/4863 4864/4864/4864 4862/4862/4862
f 4865/4865/4865 4867/4867/4867 4866/4866/4866
f 4867/4867/4867 4868/4868/4868 4866/4866/4866
f 4869/4869/4869 4871/4871/4871 4870/4870/4870
f 4871/4871/4871 4872/4872/4872 4870/4870/4870
o spectral_chain0_1_163_back
usemtl ghost_chain
v 0.014695312110707162 2.0093437515571715 -0.01811718788929284
v 0.014695312110707162 2.0093437515571715 -0.04750781211070716
v 0.014695312110707162 1.8656562484428287 -0.01811718788929284
v 0.014695312110707162 1.8656562484428287 -0.04750781211070716
v -0.014695312110707162 2.0093437515571715 -0.04750781211070716
v -0.014695312110707162 2.0093437515571715 -0.01811718788929284
v -0.014695312110707162 1.8656562484428287 -0.04750781211070716
v -0.014695312110707162 1.8656562484428287 -0.01811718788929284
v -0.014695312110707162 2.0093437515571715 -0.04750781211070716
v 0.014695312110707162 2.0093437515571715 -0.04750781211070716
v -0.014695312110707162 2.0093437515571715 -0.01811718788929284
v 0.014695312110707162 2.0093437515571715 -0.01811718788929284
v -0.014695312110707162 1.8656562484428287 -0.01811718788929284
v 0.014695312110707162 1.8656562484428287 -0.01811718788929284
v -0.014695312110707162 1.8656562484428287 -0.04750781211070716
v 0.014695312110707162 1.8656562484428287 -0.04750781211070716
v -0.014695312110707162 2.0093437515571715 -0.01811718788929284
v 0.014695312110707162 2.0093437515571715 -0.01811718788929284
v -0.014695312110707162 1.8656562484428287 -0.01811718788929284
v 0.014695312110707162 1.8656562484428287 -0.01811718788929284
v 0.014695312110707162 2.0093437515571715 -0.04750781211070716
v -0.014695312110707162 2.0093437515571715 -0.04750781211070716
v 0.014695312110707162 1.8656562484428287 -0.04750781211070716
v -0.014695312110707162 1.8656562484428287 -0.04750781211070716
vt 0.625 0.3125
vt 0.6875 0.3125
vt 0.625 0.1875
vt 0.6875 0.1875
vt 0.625 0.3125
vt 0.6875 0.3125
vt 0.625 0.1875
vt 0.6875 0.1875
vt 0.625 0.25
vt 0.6875 0.25
vt 0.625 0.1875
vt 0.6875 0.1875
vt 0.625 0.25
vt 0.6875 0.25
vt 0.625 0.1875
vt 0.6875 0.1875
vt 0.625 0.3125
vt 0.6875 0.3125
vt 0.625 0.1875
vt 0.6875 0.1875
vt 0.625 0.3125
vt 0.6875 0.3125
vt 0.625 0.1875
vt 0.6875 0.1875
vn 1 0 0
vn 1 0 0
vn 1 0 0
vn 1 0 0
vn -1 0 0
vn -1 0 0
vn -1 0 0
vn -1 0 0
vn 0 1 0
vn 0 1 0
vn 0 1 0
vn 0 1 0
vn 0 -1 0
vn 0 -1 0
vn 0 -1 0
vn 0 -1 0
vn 0 0 1
vn 0 0 1
vn 0 0 1
vn 0 0 1
vn 0 0 -1
vn 0 0 -1
vn 0 0 -1
vn 0 0 -1
f 4873/4873/4873 4875/4875/4875 4874/4874/4874
f 4875/4875/4875 4876/4876/4876 4874/4874/4874
f 4877/4877/4877 4879/4879/4879 4878/4878/4878
f 4879/4879/4879 4880/4880/4880 4878/4878/4878
f 4881/4881/4881 4883/4883/4883 4882/4882/4882
f 4883/4883/4883 4884/4884/4884 4882/4882/4882
f 4885/4885/4885 4887/4887/4887 4886/4886/4886
f 4887/4887/4887 4888/4888/4888 4886/4886/4886
f 4889/4889/4889 4891/4891/4891 4890/4890/4890
f 4891/4891/4891 4892/4892/4892 4890/4890/4890
f 4893/4893/4893 4895/4895/4895 4894/4894/4894
f 4895/4895/4895 4896/4896/4896 4894/4894/4894
o spectral_chain0_1_164
usemtl ghost_chain
v 0.014315624620765448 2.007487501516938 -0.018496875379234553
v 0.014315624620765448 2.007487501516938 -0.047128124620765446
v 0.014315624620765448 1.8675124984830618 -0.018496875379234553
v 0.014315624620765448 1.8675124984830618 -0.047128124620765446
v -0.014315624620765448 2.007487501516938 -0.047128124620765446
v -0.014315624620765448 2.007487501516938 -0.018496875379234553
v -0.014315624620765448 1.8675124984830618 -0.047128124620765446
v -0.014315624620765448 1.8675124984830618 -0.018496875379234553
v -0.014315624620765448 2.007487501516938 -0.047128124620765446
v 0.014315624620765448 2.007487501516938 -0.047128124620765446
v -0.014315624620765448 2.007487501516938 -0.018496875379234553
v 0.014315624620765448 2.007487501516938 -0.018496875379234553
v -0.014315624620765448 1.8675124984830618 -0.018496875379234553
v 0.014315624620765448 1.8675124984830618 -0.018496875379234553
v -0.014315624620765448 1.8675124984830618 -0.047128124620765446
v 0.014315624620765448 1.8675124984830618 -0.047128124620765446
v -0.014315624620765448 2.007487501516938 -0.018496875379234553
v 0.014315624620765448 2.007487501516938 -0.018496875379234553
v -0.014315624620765448 1.8675124984830618 -0.018496875379234553
v 0.014315624620765448 1.8675124984830618 -0.018496875379234553
v 0.014315624620765448 2.007487501516938 -0.047128124620765446
v -0.014315624620765448 2.007487501516938 -0.047128124620765446
v 0.014315624620765448 1.8675124984830618 -0.047128124620765446
v -0.014315624620765448 1.8675124984830618 -0.047128124620765446
vt 0.625 0.3125
vt 0.6875 0.3125
vt 0.625 0.1875
vt 0.6875 0.1875
vt 0.625 0.3125
vt 0.6875 0.3125
vt 0.625 0.1875
vt 0.6875 0.1875
vt 0.625 0.25
vt 0.6875 0.25
vt 0.625 0.1875
vt 0.6875 0.1875
vt 0.625 0.25
vt 0.6875 0.25
vt 0.625 0.1875
vt 0.6875 0.1875
vt 0.625 0.3125
vt 0.6875 0.3125
vt 0.625 0.1875
vt 0.6875 0.1875
vt 0.625 0.3125
vt 0.6875 0.3125
vt 0.625 0.1875
vt 0.6875 0.1875
vn 0.9999999999999999 0 0
vn 0.9999999999999999 0 0
vn 0.9999999999999999 0 0
vn 0.9999999999999999 0 0
vn -0.9999999999999999 0 0
vn -0.9999999999999999 0 0
vn -0.9999999999999999 0 0
vn -0.9999999999999999 0 0
vn 0 0.9999999999999999 0
vn 0 0.9999999999999999 0
vn 0 0.9999999999999999 0
vn 0 0.9999999999999999 0
vn 0 -0.9999999999999999 0
vn 0 -0.9999999999999999 0
vn 0 -0.9999999999999999 0
vn 0 -0.9999999999999999 0
vn 0 0 0.9999999999999999
vn 0 0 0.9999999999999999
vn 0 0 0.9999999999999999
vn 0 0 0.9999999999999999
vn 0 0 -0.9999999999999999
vn 0 0 -0.9999999999999999
vn 0 0 -0.9999999999999999
vn 0 0 -0.9999999999999999
f 4897/4897/4897 4899/4899/4899 4898/4898/4898
f 4899/4899/4899 4900/4900/4900 4898/4898/4898
f 4901/4901/4901 4903/4903/4903 4902/4902/4902
f 4903/4903/4903 4904/4904/4904 4902/4902/4902
f 4905/4905/4905 4907/4907/4907 4906/4906/4906
f 4907/4907/4907 4908/4908/4908 4906/4906/4906
f 4909/4909/4909 4911/4911/4911 4910/4910/4910
f 4911/4911/4911 4912/4912/4912 4910/4910/4910
f 4913/4913/4913 4915/4915/4915 4914/4914/4914
f 4915/4915/4915 4916/4916/4916 4914/4914/4914
f 4917/4917/4917 4919/4919/4919 4918/4918/4918
f 4919/4919/4919 4920/4920/4920 4918/4918/4918
o spectral_chain0_1_164_back
usemtl ghost_chain
v 0.014315624620765448 2.007487501516938 0.047128124620765446
v 0.014315624620765448 2.007487501516938 0.018496875379234553
v 0.014315624620765448 1.8675124984830618 0.047128124620765446
v 0.014315624620765448 1.8675124984830618 0.018496875379234553
v -0.014315624620765448 2.007487501516938 0.018496875379234553
v -0.014315624620765448 2.007487501516938 0.047128124620765446
v -0.014315624620765448 1.8675124984830618 0.018496875379234553
v -0.014315624620765448 1.8675124984830618 0.047128124620765446
v -0.014315624620765448 2.007487501516938 0.018496875379234553
v 0.014315624620765448 2.007487501516938 0.018496875379234553
v -0.014315624620765448 2.007487501516938 0.047128124620765446
v 0.014315624620765448 2.007487501516938 0.047128124620765446
v -0.014315624620765448 1.8675124984830618 0.047128124620765446
v 0.014315624620765448 1.8675124984830618 0.047128124620765446
v -0.014315624620765448 1.8675124984830618 0.018496875379234553
v 0.014315624620765448 1.8675124984830618 0.018496875379234553
v -0.014315624620765448 2.007487501516938 0.047128124620765446
v 0.014315624620765448 2.007487501516938 0.047128124620765446
v -0.014315624620765448 1.8675124984830618 0.047128124620765446
v 0.014315624620765448 1.8675124984830618 0.047128124620765446
v 0.014315624620765448 2.007487501516938 0.018496875379234553
v -0.014315624620765448 2.007487501516938 0.018496875379234553
v 0.014315624620765448 1.8675124984830618 0.018496875379234553
v -0.014315624620765448 1.8675124984830618 0.018496875379234553
vt 0.625 0.3125
vt 0.6875 0.3125
vt 0.625 0.1875
vt 0.6875 0.1875
vt 0.625 0.3125
vt 0.6875 0.3125
vt 0.625 0.1875
vt 0.6875 0.1875
vt 0.625 0.25
vt 0.6875 0.25
vt 0.625 0.1875
vt 0.6875 0.1875
vt 0.625 0.25
vt 0.6875 0.25
vt 0.625 0.1875
vt 0.6875 0.1875
vt 0.625 0.3125
vt 0.6875 0.3125
vt 0.625 0.1875
vt 0.6875 0.1875
vt 0.625 0.3125
vt 0.6875 0.3125
vt 0.625 0.1875
vt 0.6875 0.1875
vn 0.9999999999999999 0 0
vn 0.9999999999999999 0 0
vn 0.9999999999999999 0 0
vn 0.9999999999999999 0 0
vn -0.9999999999999999 0 0
vn -0.9999999999999999 0 0
vn -0.9999999999999999 0 0
vn -0.9999999999999999 0 0
vn 0 0.9999999999999999 0
vn 0 0.9999999999999999 0
vn 0 0.9999999999999999 0
vn 0 0.9999999999999999 0
vn 0 -0.9999999999999999 0
vn 0 -0.9999999999999999 0
vn 0 -0.9999999999999999 0
vn 0 -0.9999999999999999 0
vn 0 0 0.9999999999999999
vn 0 0 0.9999999999999999
vn 0 0 0.9999999999999999
vn 0 0 0.9999999999999999
vn 0 0 -0.9999999999999999
vn 0 0 -0.9999999999999999
vn 0 0 -0.9999999999999999
vn 0 0 -0.9999999999999999
f 4921/4921/4921 4923/4923/4923 4922/4922/4922
f 4923/4923/4923 4924/4924/4924 4922/4922/4922
f 4925/4925/4925 4927/4927/4927 4926/4926/4926
f 4927/4927/4927 4928/4928/4928 4926/4926/4926
f 4929/4929/4929 4931/4931/4931 4930/4930/4930
f 4931/4931/4931 4932/4932/4932 4930/4930/4930
f 4933/4933/4933 4935/4935/4935 4934/4934/4934
f 4935/4935/4935 4936/4936/4936 4934/4934/4934
f 4937/4937/4937 4939/4939/4939 4938/4938/4938
f 4939/4939/4939 4940/4940/4940 4938/4938/4938
f 4941/4941/4941 4943/4943/4943 4942/4942/4942
f 4943/4943/4943 4944/4944/4944 4942/4942/4942
o spectral_chain0_1_165
usemtl ghost_chain
v 0.014758593359030785 2.006946093359031 0.049195312500000005
v 0.014758593359030785 2.006946093359031 -0.049195312500000005
v 0.014758593359030785 1.9774289066409692 0.049195312500000005
v 0.014758593359030785 1.9774289066409692 -0.049195312500000005
v -0.014758593359030785 2.006946093359031 -0.049195312500000005
v -0.014758593359030785 2.006946093359031 0.049195312500000005
v -0.014758593359030785 1.9774289066409692 -0.049195312500000005
v -0.014758593359030785 1.9774289066409692 0.049195312500000005
v -0.014758593359030785 2.006946093359031 -0.049195312500000005
v 0.014758593359030785 2.006946093359031 -0.049195312500000005
v -0.014758593359030785 2.006946093359031 0.049195312500000005
v 0.014758593359030785 2.006946093359031 0.049195312500000005
v -0.014758593359030785 1.9774289066409692 0.049195312500000005
v 0.014758593359030785 1.9774289066409692 0.049195312500000005
v -0.014758593359030785 1.9774289066409692 -0.049195312500000005
v 0.014758593359030785 1.9774289066409692 -0.049195312500000005
v -0.014758593359030785 2.006946093359031 0.049195312500000005
v 0.014758593359030785 2.006946093359031 0.049195312500000005
v -0.014758593359030785 1.9774289066409692 0.049195312500000005
v 0.014758593359030785 1.9774289066409692 0.049195312500000005
v 0.014758593359030785 2.006946093359031 -0.049195312500000005
v -0.014758593359030785 2.006946093359031 -0.049195312500000005
v 0.014758593359030785 1.9774289066409692 -0.049195312500000005
v -0.014758593359030785 1.9774289066409692 -0.049195312500000005
vt 0.1875 1
vt 0.3125 1
vt 0.1875 0.9375
vt 0.3125 0.9375
vt 0.1875 1
vt 0.3125 1
vt 0.1875 0.9375
vt 0.3125 0.9375
vt 0.1875 1.0625
vt 0.25 1.0625
vt 0.1875 0.9375
vt 0.25 0.9375
vt 0.1875 1.0625
vt 0.25 1.0625
vt 0.1875 0.9375
vt 0.25 0.9375
vt 0.1875 1
vt 0.25 1
vt 0.1875 0.9375
vt 0.25 0.9375
vt 0.1875 1
vt 0.25 1
vt 0.1875 0.9375
vt 0.25 0.9375
vn 1 0 0
vn 1 0 0
vn 1 0 0
vn 1 0 0
vn -1 0 0
vn -1 0 0
vn -1 0 0
vn -1 0 0
vn 0 1 0
vn 0 1 0
vn 0 1 0
vn 0 1 0
vn 0 -1 0
vn 0 -1 0
vn 0 -1 0
vn 0 -1 0
vn 0 0 1
vn 0 0 1
vn 0 0 1
vn 0 0 1
vn 0 0 -1
vn 0 0 -1
vn 0 0 -1
vn 0 0 -1
f 4945/4945/4945 4947/4947/4947 4946/4946/4946
f 4947/4947/4947 4948/4948/4948 4946/4946/4946
f 4949/4949/4949 4951/4951/4951 4950/4950/4950
f 4951/4951/4951 4952/4952/4952 4950/4950/4950
f 4953/4953/4953 4955/4955/4955 4954/4954/4954
f 4955/4955/4955 4956/4956/4956 4954/4954/4954
f 4957/4957/4957 4959/4959/4959 4958/4958/4958
f 4959/4959/4959 4960/4960/4960 4958/4958/4958
f 4961/4961/4961 4963/4963/4963 4962/4962/4962
f 4963/4963/4963 4964/4964/4964 4962/4962/4962
f 4965/4965/4965 4967/4967/4967 4966/4966/4966
f 4967/4967/4967 4968/4968/4968 4966/4966/4966
o spectral_chain0_1_166
usemtl ghost_chain
v 0.014378905869089067 1.897191405869089 0.0479296875
v 0.014378905869089067 1.897191405869089 -0.0479296875
v 0.014378905869089067 1.868433594130911 0.0479296875
v 0.014378905869089067 1.868433594130911 -0.0479296875
v -0.014378905869089067 1.897191405869089 -0.0479296875
v -0.014378905869089067 1.897191405869089 0.0479296875
v -0.014378905869089067 1.868433594130911 -0.0479296875
v -0.014378905869089067 1.868433594130911 0.0479296875
v -0.014378905869089067 1.897191405869089 -0.0479296875
v 0.014378905869089067 1.897191405869089 -0.0479296875
v -0.014378905869089067 1.897191405869089 0.0479296875
v 0.014378905869089067 1.897191405869089 0.0479296875
v -0.014378905869089067 1.868433594130911 0.0479296875
v 0.014378905869089067 1.868433594130911 0.0479296875
v -0.014378905869089067 1.868433594130911 -0.0479296875
v 0.014378905869089067 1.868433594130911 -0.0479296875
v -0.014378905869089067 1.897191405869089 0.0479296875
v 0.014378905869089067 1.897191405869089 0.0479296875
v -0.014378905869089067 1.868433594130911 0.0479296875
v 0.014378905869089067 1.868433594130911 0.0479296875
v 0.014378905869089067 1.897191405869089 -0.0479296875
v -0.014378905869089067 1.897191405869089 -0.0479296875
v 0.014378905869089067 1.868433594130911 -0.0479296875
v -0.014378905869089067 1.868433594130911 -0.0479296875
vt 0.1875 1
vt 0.3125 1
vt 0.1875 0.9375
vt 0.3125 0.9375
vt 0.1875 1
vt 0.3125 1
vt 0.1875 0.9375
vt 0.3125 0.9375
vt 0.1875 1.0625
vt 0.25 1.0625
vt 0.1875 0.9375
vt 0.25 0.9375
vt 0.1875 1.0625
vt 0.25 1.0625
vt 0.1875 0.9375
vt 0.25 0.9375
vt 0.1875 1
vt 0.25 1
vt 0.1875 0.9375
vt 0.25 0.9375
vt 0.1875 1
vt 0.25 1
vt 0.1875 0.9375
vt 0.25 0.9375
vn 1 0 0
vn 1 0 0
vn 1 0 0
vn 1 0 0
vn -1 0 0
vn -1 0 0
vn -1 0 0
vn -1 0 0
vn 0 1 0
vn 0 1 0
vn 0 1 0
vn 0 1 0
vn 0 -1 0
vn 0 -1 0
vn 0 -1 0
vn 0 -1 0
vn 0 0 1
vn 0 0 1
vn 0 0 1
vn 0 0 1
vn 0 0 -1
vn 0 0 -1
vn 0 0 -1
vn 0 0 -1
f 4969/4969/4969 4971/4971/4971 4970/4970/4970
f 4971/4971/4971 4972/4972/4972 4970/4970/4970
f 4973/4973/4973 4975/4975/4975 4974/4974/4974
f 4975/4975/4975 4976/4976/4976 4974/4974/4974
f 4977/4977/4977 4979/4979/4979 4978/4978/4978
f 4979/4979/4979 4980/4980/4980 4978/4978/4978
f 4981/4981/4981 4983/4983/4983 4982/4982/4982
f 4983/4983/4983 4984/4984/4984 4982/4982/4982
f 4985/4985/4985 4987/4987/4987 4986/4986/4986
f 4987/4987/4987 4988/4988/4988 4986/4986/4986
f 4989/4989/4989 4991/4991/4991 4990/4990/4990
f 4991/4991/4991 4992/4992/4992 4990/4990/4990
o spectral_chain0_2_167
usemtl ghost_chain
v 0.0476343746073544 2.009962501570582 0.014821874607354403
v 0.0476343746073544 2.009962501570582 -0.014821874607354403
v 0.0476343746073544 1.8650374984294176 0.014821874607354403
v 0.0476343746073544 1.8650374984294176 -0.014821874607354403
v 0.0179906253926456 2.009962501570582 -0.014821874607354403
v 0.0179906253926456 2.009962501570582 0.014821874607354403
v 0.0179906253926456 1.8650374984294176 -0.014821874607354403
v 0.0179906253926456 1.8650374984294176 0.014821874607354403
v 0.0179906253926456 2.009962501570582 -0.014821874607354403
v 0.0476343746073544 2.009962501570582 -0.014821874607354403
v 0.0179906253926456 2.009962501570582 0.014821874607354403
v 0.0476343746073544 2.009962501570582 0.014821874607354403
v 0.0179906253926456 1.8650374984294176 0.014821874607354403
v 0.0476343746073544 1.8650374984294176 0.014821874607354403
v 0.0179906253926456 1.8650374984294176 -0.014821874607354403
v 0.0476343746073544 1.8650374984294176 -0.014821874607354403
v 0.0179906253926456 2.009962501570582 0.014821874607354403
v 0.0476343746073544 2.009962501570582 0.014821874607354403
v 0.0179906253926456 1.8650374984294176 0.014821874607354403
v 0.0476343746073544 1.8650374984294176 0.014821874607354403
v 0.0476343746073544 2.009962501570582 -0.014821874607354403
v 0.0179906253926456 2.009962501570582 -0.014821874607354403
v 0.0476343746073544 1.8650374984294176 -0.014821874607354403
v 0.0179906253926456 1.8650374984294176 -0.014821874607354403
vt 0.625 0.3125
vt 0.6875 0.3125
vt 0.625 0.1875
vt 0.6875 0.1875
vt 0.625 0.3125
vt 0.6875 0.3125
vt 0.625 0.1875
vt 0.6875 0.1875
vt 0.625 0.25
vt 0.6875 0.25
vt 0.625 0.1875
vt 0.6875 0.1875
vt 0.625 0.25
vt 0.6875 0.25
vt 0.625 0.1875
vt 0.6875 0.1875
vt 0.625 0.3125
vt 0.6875 0.3125
vt 0.625 0.1875
vt 0.6875 0.1875
vt 0.625 0.3125
vt 0.6875 0.3125
vt 0.625 0.1875
vt 0.6875 0.1875
vn 1 0 0
vn 1 0 0
vn 1 0 0
vn 1 0 0
vn -1 0 0
vn -1 0 0
vn -1 0 0
vn -1 0 0
vn 0 1 0
vn 0 1 0
vn 0 1 0
vn 0 1 0
vn 0 -1 0
vn 0 -1 0
vn 0 -1 0
vn 0 -1 0
vn 0 0 1
vn 0 0 1
vn 0 0 1
vn 0 0 1
vn 0 0 -1
vn 0 0 -1
vn 0 0 -1
vn 0 0 -1
f 4993/4993/4993 4995/4995/4995 4994/4994/4994
f 4995/4995/4995 4996/4996/4996 4994/4994/4994
f 4997/4997/4997 4999/4999/4999 4998/4998/4998
f 4999/4999/4999 5000/5000/5000 4998/4998/4998
f 5001/5001/5001 5003/5003/5003 5002/5002/5002
f 5003/5003/5003 5004/5004/5004 5002/5002/5002
f 5005/5005/5005 5007/5007/5007 5006/5006/5006
f 5007/5007/5007 5008/5008/5008 5006/5006/5006
f 5009/5009/5009 5011/5011/5011 5010/5010/5010
f 5011/5011/5011 5012/5012/5012 5010/5010/5010
f 5013/5013/5013 5015/5015/5015 5014/5014/5014
f 5015/5015/5015 5016/5016/5016 5014/5014/5014
o spectral_chain0_2_168
usemtl ghost_chain
v -0.018370312882587315 2.008106251530349 0.014442187117412686
v -0.018370312882587315 2.008106251530349 -0.014442187117412686
v -0.018370312882587315 1.8668937484696508 0.014442187117412686
v -0.018370312882587315 1.8668937484696508 -0.014442187117412686
v -0.04725468711741269 2.008106251530349 -0.014442187117412686
v -0.04725468711741269 2.008106251530349 0.014442187117412686
v -0.04725468711741269 1.8668937484696508 -0.014442187117412686
v -0.04725468711741269 1.8668937484696508 0.014442187117412686
v -0.04725468711741269 2.008106251530349 -0.014442187117412686
v -0.018370312882587315 2.008106251530349 -0.014442187117412686
v -0.04725468711741269 2.008106251530349 0.014442187117412686
v -0.018370312882587315 2.008106251530349 0.014442187117412686
v -0.04725468711741269 1.8668937484696508 0.014442187117412686
v -0.018370312882587315 1.8668937484696508 0.014442187117412686
v -0.04725468711741269 1.8668937484696508 -0.014442187117412686
v -0.018370312882587315 1.8668937484696508 -0.014442187117412686
v -0.04725468711741269 2.008106251530349 0.014442187117412686
v -0.018370312882587315 2.008106251530349 0.014442187117412686
v -0.04725468711741269 1.8668937484696508 0.014442187117412686
v -0.018370312882587315 1.8668937484696508 0.014442187117412686
v -0.018370312882587315 2.008106251530349 -0.014442187117412686
v -0.04725468711741269 2.008106251530349 -0.014442187117412686
v -0.018370312882587315 1.8668937484696508 -0.014442187117412686
v -0.04725468711741269 1.8668937484696508 -0.014442187117412686
vt 0.625 0.3125
vt 0.6875 0.3125
vt 0.625 0.1875
vt 0.6875 0.1875
vt 0.625 0.3125
vt 0.6875 0.3125
vt 0.625 0.1875
vt 0.6875 0.1875
vt 0.625 0.25
vt 0.6875 0.25
vt 0.625 0.1875
vt 0.6875 0.1875
vt 0.625 0.25
vt 0.6875 0.25
vt 0.625 0.1875
vt 0.6875 0.1875
vt 0.625 0.3125
vt 0.6875 0.3125
vt 0.625 0.1875
vt 0.6875 0.1875
vt 0.625 0.3125
vt 0.6875 0.3125
vt 0.625 0.1875
vt 0.6875 0.1875
vn 1 0 0
vn 1 0 0
vn 1 0 0
vn 1 0 0
vn -1 0 0
vn -1 0 0
vn -1 0 0
vn -1 0 0
vn 0 1 0
vn 0 1 0
vn 0 1 0
vn 0 1 0
vn 0 -1 0
vn 0 -1 0
vn 0 -1 0
vn 0 -1 0
vn 0 0 1
vn 0 0 1
vn 0 0 1
vn 0 0 1
vn 0 0 -1
vn 0 0 -1
vn 0 0 -1
vn 0 0 -1
f 5017/5017/5017 5019/5019/5019 5018/5018/5018
f 5019/5019/5019 5020/5020/5020 5018/5018/5018
f 5021/5021/5021 5023/5023/5023 5022/5022/5022
f 5023/5023/5023 5024/5024/5024 5022/5022/5022
f 5025/5025/5025 5027/5027/5027 5026/5026/5026
f 5027/5027/5027 5028/5028/5028 5026/5026/5026
f 5029/5029/5029 5031/5031/5031 5030/5030/5030
f 5031/5031/5031 5032/5032/5032 5030/5030/5030
f 5033/5033/5033 5035/5035/5035 5034/5034/5034
f 5035/5035/5035 5036/5036/5036 5034/5034/5034
f 5037/5037/5037 5039/5039/5039 5038/5038/5038
f 5039/5039/5039 5040/5040/5040 5038/5038/5038
o spectral_chain0_2_169
usemtl ghost_chain
v 0.046875 2.006249999627471 0.01406249962747097
v 0.046875 2.006249999627471 -0.01406249962747097
v 0.046875 1.978125000372529 0.01406249962747097
v 0.046875 1.978125000372529 -0.01406249962747097
v -0.046875 2.006249999627471 -0.01406249962747097
v -0.046875 2.006249999627471 0.01406249962747097
v -0.046875 1.978125000372529 -0.01406249962747097
v -0.046875 1.978125000372529 0.01406249962747097
v -0.046875 2.006249999627471 -0.01406249962747097
v 0.046875 2.006249999627471 -0.01406249962747097
v -0.046875 2.006249999627471 0.01406249962747097
v 0.046875 2.006249999627471 0.01406249962747097
v -0.046875 1.978125000372529 0.01406249962747097
v 0.046875 1.978125000372529 0.01406249962747097
v -0.046875 1.978125000372529 -0.01406249962747097
v 0.046875 1.978125000372529 -0.01406249962747097
v -0.046875 2.006249999627471 0.01406249962747097
v 0.046875 2.006249999627471 0.01406249962747097
v -0.046875 1.978125000372529 0.01406249962747097
v 0.046875 1.978125000372529 0.01406249962747097
v 0.046875 2.006249999627471 -0.01406249962747097
v -0.046875 2.006249999627471 -0.01406249962747097
v 0.046875 1.978125000372529 -0.01406249962747097
v -0.046875 1.978125000372529 -0.01406249962747097
vt 0.6875 0.8125
vt 0.75 0.8125
vt 0.6875 0.75
vt 0.75 0.75
vt 0.6875 0.8125
vt 0.75 0.8125
vt 0.6875 0.75
vt 0.75 0.75
vt 0.6875 0.8125
vt 0.8125 0.8125
vt 0.6875 0.75
vt 0.8125 0.75
vt 0.6875 0.8125
vt 0.8125 0.8125
vt 0.6875 0.75
vt 0.8125 0.75
vt 0.6875 0.8125
vt 0.8125 0.8125
vt 0.6875 0.75
vt 0.8125 0.75
vt 0.6875 0.8125
vt 0.8125 0.8125
vt 0.6875 0.75
vt 0.8125 0.75
vn 1 0 0
vn 1 0 0
vn 1 0 0
vn 1 0 0
vn -1 0 0
vn -1 0 0
vn -1 0 0
vn -1 0 0
vn 0 1 0
vn 0 1 0
vn 0 1 0
vn 0 1 0
vn 0 -1 0
vn 0 -1 0
vn 0 -1 0
vn 0 -1 0
vn 0 0 1
vn 0 0 1
vn 0 0 1
vn 0 0 1
vn 0 0 -1
vn 0 0 -1
vn 0 0 -1
vn 0 0 -1
f 5041/5041/5041 5043/5043/5043 5042/5042/5042
f 5043/5043/5043 5044/5044/5044 5042/5042/5042
f 5045/5045/5045 5047/5047/5047 5046/5046/5046
f 5047/5047/5047 5048/5048/5048 5046/5046/5046
f 5049/5049/5049 5051/5051/5051 5050/5050/5050
f 5051/5051/5051 5052/5052/5052 5050/5050/5050
f 5053/5053/5053 5055/5055/5055 5054/5054/5054
f 5055/5055/5055 5056/5056/5056 5054/5054/5054
f 5057/5057/5057 5059/5059/5059 5058/5058/5058
f 5059/5059/5059 5060/5060/5060 5058/5058/5058
f 5061/5061/5061 5063/5063/5063 5062/5062/5062
f 5063/5063/5063 5064/5064/5064 5062/5062/5062
o spectral_chain0_2_170
usemtl ghost_chain
v 0.0483515625 1.8973179683657364 0.014505468365736306
v 0.0483515625 1.8973179683657364 -0.014505468365736306
v 0.0483515625 1.8683070316342636 0.014505468365736306
v 0.0483515625 1.8683070316342636 -0.014505468365736306
v -0.0483515625 1.8973179683657364 -0.014505468365736306
v -0.0483515625 1.8973179683657364 0.014505468365736306
v -0.0483515625 1.8683070316342636 -0.014505468365736306
v -0.0483515625 1.8683070316342636 0.014505468365736306
v -0.0483515625 1.8973179683657364 -0.014505468365736306
v 0.0483515625 1.8973179683657364 -0.014505468365736306
v -0.0483515625 1.8973179683657364 0.014505468365736306
v 0.0483515625 1.8973179683657364 0.014505468365736306
v -0.0483515625 1.8683070316342636 0.014505468365736306
v 0.0483515625 1.8683070316342636 0.014505468365736306
v -0.0483515625 1.8683070316342636 -0.014505468365736306
v 0.0483515625 1.8683070316342636 -0.014505468365736306
v -0.0483515625 1.8973179683657364 0.014505468365736306
v 0.0483515625 1.8973179683657364 0.014505468365736306
v -0.0483515625 1.8683070316342636 0.014505468365736306
v 0.0483515625 1.8683070316342636 0.014505468365736306
v 0.0483515625 1.8973179683657364 -0.014505468365736306
v -0.0483515625 1.8973179683657364 -0.014505468365736306
v 0.0483515625 1.8683070316342636 -0.014505468365736306
v -0.0483515625 1.8683070316342636 -0.014505468365736306
vt 0.6875 0.8125
vt 0.75 0.8125
vt 0.6875 0.75
vt 0.75 0.75
vt 0.6875 0.8125
vt 0.75 0.8125
vt 0.6875 0.75
vt 0.75 0.75
vt 0.6875 0.8125
vt 0.8125 0.8125
vt 0.6875 0.75
vt 0.8125 0.75
vt 0.6875 0.8125
vt 0.8125 0.8125
vt 0.6875 0.75
vt 0.8125 0.75
vt 0.6875 0.8125
vt 0.8125 0.8125
vt 0.6875 0.75
vt 0.8125 0.75
vt 0.6875 0.8125
vt 0.8125 0.8125
vt 0.6875 0.75
vt 0.8125 0.75
vn 1 0 0
vn 1 0 0
vn 1 0 0
vn 1 0 0
vn -1 0 0
vn -1 0 0
vn -1 0 0
vn -1 0 0
vn 0 1 0
vn 0 1 0
vn 0 1 0
vn 0 1 0
vn 0 -1 0
vn 0 -1 0
vn 0 -1 0
vn 0 -1 0
vn 0 0 1
vn 0 0 1
vn 0 0 1
vn 0 0 1
vn 0 0 -1
vn 0 0 -1
vn 0 0 -1
vn 0 0 -1
f 5065/5065/5065 5067/5067/5067 5066/5066/5066
f 5067/5067/5067 5068/5068/5068 5066/5066/5066
f 5069/5069/5069 5071/5071/5071 5070/5070/5070
f 5071/5071/5071 5072/5072/5072 5070/5070/5070
f 5073/5073/5073 5075/5075/5075 5074/5074/5074
f 5075/5075/5075 5076/5076/5076 5074/5074/5074
f 5077/5077/5077 5079/5079/5079 5078/5078/5078
f 5079/5079/5079 5080/5080/5080 5078/5078/5078
f 5081/5081/5081 5083/5083/5083 5082/5082/5082
f 5083/5083/5083 5084/5084/5084 5082/5082/5082
f 5085/5085/5085 5087/5087/5087 5086/5086/5086
f 5087/5087/5087 5088/5088/5088 5086/5086/5086
o spectral_chain0_3_171
usemtl ghost_chain
v 0.014125780875794589 2.0065593764968215 0.04693828087579459
v 0.014125780875794589 2.0065593764968215 0.018686719124205414
v 0.014125780875794589 1.8684406235031783 0.04693828087579459
v 0.014125780875794589 1.8684406235031783 0.018686719124205414
v -0.014125780875794589 2.0065593764968215 0.018686719124205414
v -0.014125780875794589 2.0065593764968215 0.04693828087579459
v -0.014125780875794589 1.8684406235031783 0.018686719124205414
v -0.014125780875794589 1.8684406235031783 0.04693828087579459
v -0.014125780875794589 2.0065593764968215 0.018686719124205414
v 0.014125780875794589 2.0065593764968215 0.018686719124205414
v -0.014125780875794589 2.0065593764968215 0.04693828087579459
v 0.014125780875794589 2.0065593764968215 0.04693828087579459
v -0.014125780875794589 1.8684406235031783 0.04693828087579459
v 0.014125780875794589 1.8684406235031783 0.04693828087579459
v -0.014125780875794589 1.8684406235031783 0.018686719124205414
v 0.014125780875794589 1.8684406235031783 0.018686719124205414
v -0.014125780875794589 2.0065593764968215 0.04693828087579459
v 0.014125780875794589 2.0065593764968215 0.04693828087579459
v -0.014125780875794589 1.8684406235031783 0.04693828087579459
v 0.014125780875794589 1.8684406235031783 0.04693828087579459
v 0.014125780875794589 2.0065593764968215 0.018686719124205414
v -0.014125780875794589 2.0065593764968215 0.018686719124205414
v 0.014125780875794589 1.8684406235031783 0.018686719124205414
v -0.014125780875794589 1.8684406235031783 0.018686719124205414
vt 0.625 0.3125
vt 0.6875 0.3125
vt 0.625 0.1875
vt 0.6875 0.1875
vt 0.625 0.3125
vt 0.6875 0.3125
vt 0.625 0.1875
vt 0.6875 0.1875
vt 0.625 0.25
vt 0.6875 0.25
vt 0.625 0.1875
vt 0.6875 0.1875
vt 0.625 0.25
vt 0.6875 0.25
vt 0.625 0.1875
vt 0.6875 0.1875
vt 0.625 0.3125
vt 0.6875 0.3125
vt 0.625 0.1875
vt 0.6875 0.1875
vt 0.625 0.3125
vt 0.6875 0.3125
vt 0.625 0.1875
vt 0.6875 0.1875
vn 1 0 0
vn 1 0 0
vn 1 0 0
vn 1 0 0
vn -1 0 0
vn -1 0 0
vn -1 0 0
vn -1 0 0
vn 0 1 0
vn 0 1 0
vn 0 1 0
vn 0 1 0
vn 0 -1 0
vn 0 -1 0
vn 0 -1 0
vn 0 -1 0
vn 0 0 1
vn 0 0 1
vn 0 0 1
vn 0 0 1
vn 0 0 -1
vn 0 0 -1
vn 0 0 -1
vn 0 0 -1
f 5089/5089/5089 5091/5091/5091 5090/5090/5090
f 5091/5091/5091 5092/5092/5092 5090/5090/5090
f 5093/5093/5093 5095/5095/5095 5094/5094/5094
f 5095/5095/5095 5096/5096/5096 5094/5094/5094
f 5097/5097/5097 5099/5099/5099 5098/5098/5098
f 5099/5099/5099 5100/5100/5100 5098/5098/5098
f 5101/5101/5101 5103/5103/5103 5102/5102/5102
f 5103/5103/5103 5104/5104/5104 5102/5102/5102
f 5105/5105/5105 5107/5107/5107 5106/5106/5106
f 5107/5107/5107 5108/5108/5108 5106/5106/5106
f 5109/5109/5109 5111/5111/5111 5110/5110/5110
f 5111/5111/5111 5112/5112/5112 5110/5110/5110
o spectral_chain0_3_171_back
usemtl ghost_chain
v 0.014125780875794589 2.0065593764968215 -0.018686719124205414
v 0.014125780875794589 2.0065593764968215 -0.04693828087579459
v 0.014125780875794589 1.8684406235031783 -0.018686719124205414
v 0.014125780875794589 1.8684406235031783 -0.04693828087579459
v -0.014125780875794589 2.0065593764968215 -0.04693828087579459
v -0.014125780875794589 2.0065593764968215 -0.018686719124205414
v -0.014125780875794589 1.8684406235031783 -0.04693828087579459
v -0.014125780875794589 1.8684406235031783 -0.018686719124205414
v -0.014125780875794589 2.0065593764968215 -0.04693828087579459
v 0.014125780875794589 2.0065593764968215 -0.04693828087579459
v -0.014125780875794589 2.0065593764968215 -0.018686719124205414
v 0.014125780875794589 2.0065593764968215 -0.018686719124205414
v -0.014125780875794589 1.8684406235031783 -0.018686719124205414
v 0.014125780875794589 1.8684406235031783 -0.018686719124205414
v -0.014125780875794589 1.8684406235031783 -0.04693828087579459
v 0.014125780875794589 1.8684406235031783 -0.04693828087579459
v -0.014125780875794589 2.0065593764968215 -0.018686719124205414
v 0.014125780875794589 2.0065593764968215 -0.018686719124205414
v -0.014125780875794589 1.8684406235031783 -0.018686719124205414
v 0.014125780875794589 1.8684406235031783 -0.018686719124205414
v 0.014125780875794589 2.0065593764968215 -0.04693828087579459
v -0.014125780875794589 2.0065593764968215 -0.04693828087579459
v 0.014125780875794589 1.8684406235031783 -0.04693828087579459
v -0.014125780875794589 1.8684406235031783 -0.04693828087579459
vt 0.625 0.3125
vt 0.6875 0.3125
vt 0.625 0.1875
vt 0.6875 0.1875
vt 0.625 0.3125
vt 0.6875 0.3125
vt 0.625 0.1875
vt 0.6875 0.1875
vt 0.625 0.25
vt 0.6875 0.25
vt 0.625 0.1875
vt 0.6875 0.1875
vt 0.625 0.25
vt 0.6875 0.25
vt 0.625 0.1875
vt 0.6875 0.1875
vt 0.625 0.3125
vt 0.6875 0.3125
vt 0.625 0.1875
vt 0.6875 0.1875
vt 0.625 0.3125
vt 0.6875 0.3125
vt 0.625 0.1875
vt 0.6875 0.1875
vn 1 0 0
vn 1 0 0
vn 1 0 0
vn 1 0 0
vn -1 0 0
vn -1 0 0
vn -1 0 0
vn -1 0 0
vn 0 1 0
vn 0 1 0
vn 0 1 0
vn 0 1 0
vn 0 -1 0
vn 0 -1 0
vn 0 -1 0
vn 0 -1 0
vn 0 0 1
vn 0 0 1
vn 0 0 1
vn 0 0 1
vn 0 0 -1
vn 0 0 -1
vn 0 0 -1
vn 0 0 -1
f 5113/5113/5113 5115/5115/5115 5114/5114/5114
f 5115/5115/5115 5116/5116/5116 5114/5114/5114
f 5117/5117/5117 5119/5119/5119 5118/5118/5118
f 5119/5119/5119 5120/5120/5120 5118/5118/5118
f 5121/5121/5121 5123/5123/5123 5122/5122/5122
f 5123/5123/5123 5124/5124/5124 5122/5122/5122
f 5125/5125/5125 5127/5127/5127 5126/5126/5126
f 5127/5127/5127 5128/5128/5128 5126/5126/5126
f 5129/5129/5129 5131/5131/5131 5130/5130/5130
f 5131/5131/5131 5132/5132/5132 5130/5130/5130
f 5133/5133/5133 5135/5135/5135 5134/5134/5134
f 5135/5135/5135 5136/5136/5136 5134/5134/5134
o spectral_chain0_3_172
usemtl ghost_chain
v 0.014568749614059925 2.0087250015437603 -0.018243750385940075
v 0.014568749614059925 2.0087250015437603 -0.04738124961405993
v 0.014568749614059925 1.8662749984562397 -0.018243750385940075
v 0.014568749614059925 1.8662749984562397 -0.04738124961405993
v -0.014568749614059925 2.0087250015437603 -0.04738124961405993
v -0.014568749614059925 2.0087250015437603 -0.018243750385940075
v -0.014568749614059925 1.8662749984562397 -0.04738124961405993
v -0.014568749614059925 1.8662749984562397 -0.018243750385940075
v -0.014568749614059925 2.0087250015437603 -0.04738124961405993
v 0.014568749614059925 2.0087250015437603 -0.04738124961405993
v -0.014568749614059925 2.0087250015437603 -0.018243750385940075
v 0.014568749614059925 2.0087250015437603 -0.018243750385940075
v -0.014568749614059925 1.8662749984562397 -0.018243750385940075
v 0.014568749614059925 1.8662749984562397 -0.018243750385940075
v -0.014568749614059925 1.8662749984562397 -0.04738124961405993
v 0.014568749614059925 1.8662749984562397 -0.04738124961405993
v -0.014568749614059925 2.0087250015437603 -0.018243750385940075
v 0.014568749614059925 2.0087250015437603 -0.018243750385940075
v -0.014568749614059925 1.8662749984562397 -0.018243750385940075
v 0.014568749614059925 1.8662749984562397 -0.018243750385940075
v 0.014568749614059925 2.0087250015437603 -0.04738124961405993
v -0.014568749614059925 2.0087250015437603 -0.04738124961405993
v 0.014568749614059925 1.8662749984562397 -0.04738124961405993
v -0.014568749614059925 1.8662749984562397 -0.04738124961405993
vt 0.625 0.3125
vt 0.6875 0.3125
vt 0.625 0.1875
vt 0.6875 0.1875
vt 0.625 0.3125
vt 0.6875 0.3125
vt 0.625 0.1875
vt 0.6875 0.1875
vt 0.625 0.25
vt 0.6875 0.25
vt 0.625 0.1875
vt 0.6875 0.1875
vt 0.625 0.25
vt 0.6875 0.25
vt 0.625 0.1875
vt 0.6875 0.1875
vt 0.625 0.3125
vt 0.6875 0.3125
vt 0.625 0.1875
vt 0.6875 0.1875
vt 0.625 0.3125
vt 0.6875 0.3125
vt 0.625 0.1875
vt 0.6875 0.1875
vn 1 0 0
vn 1 0 0
vn 1 0 0
vn 1 0 0
vn -1 0 0
vn -1 0 0
vn -1 0 0
vn -1 0 0
vn 0 1 0
vn 0 1 0
vn 0 1 0
vn 0 1 0
vn 0 -1 0
vn 0 -1 0
vn 0 -1 0
vn 0 -1 0
vn 0 0 1
vn 0 0 1
vn 0 0 1
vn 0 0 1
vn 0 0 -1
vn 0 0 -1
vn 0 0 -1
vn 0 0 -1
f 5137/5137/5137 5139/5139/5139 5138/5138/5138
f 5139/5139/5139 5140/5140/5140 5138/5138/5138
f 5141/5141/5141 5143/5143/5143 5142/5142/5142
f 5143/5143/5143 5144/5144/5144 5142/5142/5142
f 5145/5145/5145 5147/5147/5147 5146/5146/5146
f 5147/5147/5147 5148/5148/5148 5146/5146/5146
f 5149/5149/5149 5151/5151/5151 5150/5150/5150
f 5151/5151/5151 5152/5152/5152 5150/5150/5150
f 5153/5153/5153 5155/5155/5155 5154/5154/5154
f 5155/5155/5155 5156/5156/5156 5154/5154/5154
f 5157/5157/5157 5159/5159/5159 5158/5158/5158
f 5159/5159/5159 5160/5160/5160 5158/5158/5158
o spectral_chain0_3_172_back
usemtl ghost_chain
v 0.014568749614059925 2.0087250015437603 0.04738124961405993
v 0.014568749614059925 2.0087250015437603 0.018243750385940075
v 0.014568749614059925 1.8662749984562397 0.04738124961405993
v 0.014568749614059925 1.8662749984562397 0.018243750385940075
v -0.014568749614059925 2.0087250015437603 0.018243750385940075
v -0.014568749614059925 2.0087250015437603 0.04738124961405993
v -0.014568749614059925 1.8662749984562397 0.018243750385940075
v -0.014568749614059925 1.8662749984562397 0.04738124961405993
v -0.014568749614059925 2.0087250015437603 0.018243750385940075
v 0.014568749614059925 2.0087250015437603 0.018243750385940075
v -0.014568749614059925 2.0087250015437603 0.04738124961405993
v 0.014568749614059925 2.0087250015437603 0.04738124961405993
v -0.014568749614059925 1.8662749984562397 0.04738124961405993
v 0.014568749614059925 1.8662749984562397 0.04738124961405993
v -0.014568749614059925 1.8662749984562397 0.018243750385940075
v 0.014568749614059925 1.8662749984562397 0.018243750385940075
v -0.014568749614059925 2.0087250015437603 0.04738124961405993
v 0.014568749614059925 2.0087250015437603 0.04738124961405993
v -0.014568749614059925 1.8662749984562397 0.04738124961405993
v 0.014568749614059925 1.8662749984562397 0.04738124961405993
v 0.014568749614059925 2.0087250015437603 0.018243750385940075
v -0.014568749614059925 2.0087250015437603 0.018243750385940075
v 0.014568749614059925 1.8662749984562397 0.018243750385940075
v -0.014568749614059925 1.8662749984562397 0.018243750385940075
vt 0.625 0.3125
vt 0.6875 0.3125
vt 0.625 0.1875
vt 0.6875 0.1875
vt 0.625 0.3125
vt 0.6875 0.3125
vt 0.625 0.1875
vt 0.6875 0.1875
vt 0.625 0.25
vt 0.6875 0.25
vt 0.625 0.1875
vt 0.6875 0.1875
vt 0.625 0.25
vt 0.6875 0.25
vt 0.625 0.1875
vt 0.6875 0.1875
vt 0.625 0.3125
vt 0.6875 0.3125
vt 0.625 0.1875
vt 0.6875 0.1875
vt 0.625 0.3125
vt 0.6875 0.3125
vt 0.625 0.1875
vt 0.6875 0.1875
vn 1 0 0
vn 1 0 0
vn 1 0 0
vn 1 0 0
vn -1 0 0
vn -1 0 0
vn -1 0 0
vn -1 0 0
vn 0 1 0
vn 0 1 0
vn 0 1 0
vn 0 1 0
vn 0 -1 0
vn 0 -1 0
vn 0 -1 0
vn 0 -1 0
vn 0 0 1
vn 0 0 1
vn 0 0 1
vn 0 0 1
vn 0 0 -1
vn 0 0 -1
vn 0 0 -1
vn 0 0 -1
f 5161/5161/5161 5163/5163/5163 5162/5162/5162
f 5163/5163/5163 5164/5164/5164 5162/5162/5162
f 5165/5165/5165 5167/5167/5167 5166/5166/5166
f 5167/5167/5167 5168/5168/5168 5166/5166/5166
f 5169/5169/5169 5171/5171/5171 5170/5170/5170
f 5171/5171/5171 5172/5172/5172 5170/5170/5170
f 5173/5173/5173 5175/5175/5175 5174/5174/5174
f 5175/5175/5175 5176/5176/5176 5174/5174/5174
f 5177/5177/5177 5179/5179/5179 5178/5178/5178
f 5179/5179/5179 5180/5180/5180 5178/5178/5178
f 5181/5181/5181 5183/5183/5183 5182/5182/5182
f 5183/5183/5183 5184/5184/5184 5182/5182/5182
o spectral_chain0_3_173
usemtl ghost_chain
v 0.014189062124118208 2.0063765621241183 0.047296874999999995
v 0.014189062124118208 2.0063765621241183 -0.047296874999999995
v 0.014189062124118208 1.9779984378758817 0.047296874999999995
v 0.014189062124118208 1.9779984378758817 -0.047296874999999995
v -0.014189062124118208 2.0063765621241183 -0.047296874999999995
v -0.014189062124118208 2.0063765621241183 0.047296874999999995
v -0.014189062124118208 1.9779984378758817 -0.047296874999999995
v -0.014189062124118208 1.9779984378758817 0.047296874999999995
v -0.014189062124118208 2.0063765621241183 -0.047296874999999995
v 0.014189062124118208 2.0063765621241183 -0.047296874999999995
v -0.014189062124118208 2.0063765621241183 0.047296874999999995
v 0.014189062124118208 2.0063765621241183 0.047296874999999995
v -0.014189062124118208 1.9779984378758817 0.047296874999999995
v 0.014189062124118208 1.9779984378758817 0.047296874999999995
v -0.014189062124118208 1.9779984378758817 -0.047296874999999995
v 0.014189062124118208 1.9779984378758817 -0.047296874999999995
v -0.014189062124118208 2.0063765621241183 0.047296874999999995
v 0.014189062124118208 2.0063765621241183 0.047296874999999995
v -0.014189062124118208 1.9779984378758817 0.047296874999999995
v 0.014189062124118208 1.9779984378758817 0.047296874999999995
v 0.014189062124118208 2.0063765621241183 -0.047296874999999995
v -0.014189062124118208 2.0063765621241183 -0.047296874999999995
v 0.014189062124118208 1.9779984378758817 -0.047296874999999995
v -0.014189062124118208 1.9779984378758817 -0.047296874999999995
vt 0.1875 1
vt 0.3125 1
vt 0.1875 0.9375
vt 0.3125 0.9375
vt 0.1875 1
vt 0.3125 1
vt 0.1875 0.9375
vt 0.3125 0.9375
vt 0.1875 1.0625
vt 0.25 1.0625
vt 0.1875 0.9375
vt 0.25 0.9375
vt 0.1875 1.0625
vt 0.25 1.0625
vt 0.1875 0.9375
vt 0.25 0.9375
vt 0.1875 1
vt 0.25 1
vt 0.1875 0.9375
vt 0.25 0.9375
vt 0.1875 1
vt 0.25 1
vt 0.1875 0.9375
vt 0.25 0.9375
vn 0.9999999999999999 0 0
vn 0.9999999999999999 0 0
vn 0.9999999999999999 0 0
vn 0.9999999999999999 0 0
vn -0.9999999999999999 0 0
vn -0.9999999999999999 0 0
vn -0.9999999999999999 0 0
vn -0.9999999999999999 0 0
vn 0 0.9999999999999999 0
vn 0 0.9999999999999999 0
vn 0 0.9999999999999999 0
vn 0 0.9999999999999999 0
vn 0 -0.9999999999999999 0
vn 0 -0.9999999999999999 0
vn 0 -0.9999999999999999 0
vn 0 -0.9999999999999999 0
vn 0 0 0.9999999999999999
vn 0 0 0.9999999999999999
vn 0 0 0.9999999999999999
vn 0 0 0.9999999999999999
vn 0 0 -0.9999999999999999
vn 0 0 -0.9999999999999999
vn 0 0 -0.9999999999999999
vn 0 0 -0.9999999999999999
f 5185/5185/5185 5187/5187/5187 5186/5186/5186
f 5187/5187/5187 5188/5188/5188 5186/5186/5186
f 5189/5189/5189 5191/5191/5191 5190/5190/5190
f 5191/5191/5191 5192/5192/5192 5190/5190/5190
f 5193/5193/5193 5195/5195/5195 5194/5194/5194
f 5195/5195/5195 5196/5196/5196 5194/5194/5194
f 5197/5197/5197 5199/5199/5199 5198/5198/5198
f 5199/5199/5199 5200/5200/5200 5198/5198/5198
f 5201/5201/5201 5203/5203/5203 5202/5202/5202
f 5203/5203/5203 5204/5204/5204 5202/5202/5202
f 5205/5205/5205 5207/5207/5207 5206/5206/5206
f 5207/5207/5207 5208/5208/5208 5206/5206/5206
o spectral_chain0_3_174
usemtl ghost_chain
v 0.014632030862383544 1.8974445308623835 0.0487734375
v 0.014632030862383544 1.8974445308623835 -0.0487734375
v 0.014632030862383544 1.8681804691376165 0.0487734375
v 0.014632030862383544 1.8681804691376165 -0.0487734375
v -0.014632030862383544 1.8974445308623835 -0.0487734375
v -0.014632030862383544 1.8974445308623835 0.0487734375
v -0.014632030862383544 1.8681804691376165 -0.0487734375
v -0.014632030862383544 1.8681804691376165 0.0487734375
v -0.014632030862383544 1.8974445308623835 -0.0487734375
v 0.014632030862383544 1.8974445308623835 -0.0487734375
v -0.014632030862383544 1.8974445308623835 0.0487734375
v 0.014632030862383544 1.8974445308623835 0.0487734375
v -0.014632030862383544 1.8681804691376165 0.0487734375
v 0.014632030862383544 1.8681804691376165 0.0487734375
v -0.014632030862383544 1.8681804691376165 -0.0487734375
v 0.014632030862383544 1.8681804691376165 -0.0487734375
v -0.014632030862383544 1.8974445308623835 0.0487734375
v 0.014632030862383544 1.8974445308623835 0.0487734375
v -0.014632030862383544 1.8681804691376165 0.0487734375
v 0.014632030862383544 1.8681804691376165 0.0487734375
v 0.014632030862383544 1.8974445308623835 -0.0487734375
v -0.014632030862383544 1.8974445308623835 -0.0487734375
v 0.014632030862383544 1.8681804691376165 -0.0487734375
v -0.014632030862383544 1.8681804691376165 -0.0487734375
vt 0.1875 1
vt 0.3125 1
vt 0.1875 0.9375
vt 0.3125 0.9375
vt 0.1875 1
vt 0.3125 1
vt 0.1875 0.9375
vt 0.3125 0.9375
vt 0.1875 1.0625
vt 0.25 1.0625
vt 0.1875 0.9375
vt 0.25 0.9375
vt 0.1875 1.0625
vt 0.25 1.0625
vt 0.1875 0.9375
vt 0.25 0.9375
vt 0.1875 1
vt 0.25 1
vt 0.1875 0.9375
vt 0.25 0.9375
vt 0.1875 1
vt 0.25 1
vt 0.1875 0.9375
vt 0.25 0.9375
vn 1 0 0
vn 1 0 0
vn 1 0 0
vn 1 0 0
vn -1 0 0
vn -1 0 0
vn -1 0 0
vn -1 0 0
vn 0 1 0
vn 0 1 0
vn 0 1 0
vn 0 1 0
vn 0 -1 0
vn 0 -1 0
vn 0 -1 0
vn 0 -1 0
vn 0 0 1
vn 0 0 1
vn 0 0 1
vn 0 0 1
vn 0 0 -1
vn 0 0 -1
vn 0 0 -1
vn 0 0 -1
f 5209/5209/5209 5211/5211/5211 5210/5210/5210
f 5211/5211/5211 5212/5212/5212 5210/5210/5210
f 5213/5213/5213 5215/5215/5215 5214/5214/5214
f 5215/5215/5215 5216/5216/5216 5214/5214/5214
f 5217/5217/5217 5219/5219/5219 5218/5218/5218
f 5219/5219/5219 5220/5220/5220 5218/5218/5218
f 5221/5221/5221 5223/5223/5223 5222/5222/5222
f 5223/5223/5223 5224/5224/5224 5222/5222/5222
f 5225/5225/5225 5227/5227/5227 5226/5226/5226
f 5227/5227/5227 5228/5228/5228 5226/5226/5226
f 5229/5229/5229 5231/5231/5231 5230/5230/5230
f 5231/5231/5231 5232/5232/5232 5230/5230/5230
o spectral_chain0_4_175
usemtl ghost_chain
v 0.04706484337244183 2.0071781265102326 0.01425234337244183
v 0.04706484337244183 2.0071781265102326 -0.01425234337244183
v 0.04706484337244183 1.8678218734897674 0.01425234337244183
v 0.04706484337244183 1.8678218734897674 -0.01425234337244183
v 0.018560156627558173 2.0071781265102326 -0.01425234337244183
v 0.018560156627558173 2.0071781265102326 0.01425234337244183
v 0.018560156627558173 1.8678218734897674 -0.01425234337244183
v 0.018560156627558173 1.8678218734897674 0.01425234337244183
v 0.018560156627558173 2.0071781265102326 -0.01425234337244183
v 0.04706484337244183 2.0071781265102326 -0.01425234337244183
v 0.018560156627558173 2.0071781265102326 0.01425234337244183
v 0.04706484337244183 2.0071781265102326 0.01425234337244183
v 0.018560156627558173 1.8678218734897674 0.01425234337244183
v 0.04706484337244183 1.8678218734897674 0.01425234337244183
v 0.018560156627558173 1.8678218734897674 -0.01425234337244183
v 0.04706484337244183 1.8678218734897674 -0.01425234337244183
v 0.018560156627558173 2.0071781265102326 0.01425234337244183
v 0.04706484337244183 2.0071781265102326 0.01425234337244183
v 0.018560156627558173 1.8678218734897674 0.01425234337244183
v 0.04706484337244183 1.8678218734897674 0.01425234337244183
v 0.04706484337244183 2.0071781265102326 -0.01425234337244183
v 0.018560156627558173 2.0071781265102326 -0.01425234337244183
v 0.04706484337244183 1.8678218734897674 -0.01425234337244183
v 0.018560156627558173 1.8678218734897674 -0.01425234337244183
vt 0.625 0.3125
vt 0.6875 0.3125
vt 0.625 0.1875
vt 0.6875 0.1875
vt 0.625 0.3125
vt 0.6875 0.3125
vt 0.625 0.1875
vt 0.6875 0.1875
vt 0.625 0.25
vt 0.6875 0.25
vt 0.625 0.1875
vt 0.6875 0.1875
vt 0.625 0.25
vt 0.6875 0.25
vt 0.625 0.1875
vt 0.6875 0.1875
vt 0.625 0.3125
vt 0.6875 0.3125
vt 0.625 0.1875
vt 0.6875 0.1875
vt 0.625 0.3125
vt 0.6875 0.3125
vt 0.625 0.1875
vt 0.6875 0.1875
vn 1 0 0
vn 1 0 0
vn 1 0 0
vn 1 0 0
vn -1 0 0
vn -1 0 0
vn -1 0 0
vn -1 0 0
vn 0 1 0
vn 0 1 0
vn 0 1 0
vn 0 1 0
vn 0 -1 0
vn 0 -1 0
vn 0 -1 0
vn 0 -1 0
vn 0 0 1
vn 0 0 1
vn 0 0 1
vn 0 0 1
vn 0 0 -1
vn 0 0 -1
vn 0 0 -1
vn 0 0 -1
f 5233/5233/5233 5235/5235/5235 5234/5234/5234
f 5235/5235/5235 5236/5236/5236 5234/5234/5234
f 5237/5237/5237 5239/5239/5239 5238/5238/5238
f 5239/5239/5239 5240/5240/5240 5238/5238/5238
f 5241/5241/5241 5243/5243/5243 5242/5242/5242
f 5243/5243/5243 5244/5244/5244 5242/5242/5242
f 5245/5245/5245 5247/5247/5247 5246/5246/5246
f 5247/5247/5247 5248/5248/5248 5246/5246/5246
f 5249/5249/5249 5251/5251/5251 5250/5250/5250
f 5251/5251/5251 5252/5252/5252 5250/5250/5250
f 5253/5253/5253 5255/5255/5255 5254/5254/5254
f 5255/5255/5255 5256/5256/5256 5254/5254/5254
o spectral_chain0_4_176
usemtl ghost_chain
v -0.01811718788929284 2.0093437515571715 0.014695312110707162
v -0.01811718788929284 2.0093437515571715 -0.014695312110707162
v -0.01811718788929284 1.8656562484428287 0.014695312110707162
v -0.01811718788929284 1.8656562484428287 -0.014695312110707162
v -0.04750781211070716 2.0093437515571715 -0.014695312110707162
v -0.04750781211070716 2.0093437515571715 0.014695312110707162
v -0.04750781211070716 1.8656562484428287 -0.014695312110707162
v -0.04750781211070716 1.8656562484428287 0.014695312110707162
v -0.04750781211070716 2.0093437515571715 -0.014695312110707162
v -0.01811718788929284 2.0093437515571715 -0.014695312110707162
v -0.04750781211070716 2.0093437515571715 0.014695312110707162
v -0.01811718788929284 2.0093437515571715 0.014695312110707162
v -0.04750781211070716 1.8656562484428287 0.014695312110707162
v -0.01811718788929284 1.8656562484428287 0.014695312110707162
v -0.04750781211070716 1.8656562484428287 -0.014695312110707162
v -0.01811718788929284 1.8656562484428287 -0.014695312110707162
v -0.04750781211070716 2.0093437515571715 0.014695312110707162
v -0.01811718788929284 2.0093437515571715 0.014695312110707162
v -0.04750781211070716 1.8656562484428287 0.014695312110707162
v -0.01811718788929284 1.8656562484428287 0.014695312110707162
v -0.01811718788929284 2.0093437515571715 -0.014695312110707162
v -0.04750781211070716 2.0093437515571715 -0.014695312110707162
v -0.01811718788929284 1.8656562484428287 -0.014695312110707162
v -0.04750781211070716 1.8656562484428287 -0.014695312110707162
vt 0.625 0.3125
vt 0.6875 0.3125
vt 0.625 0.1875
vt 0.6875 0.1875
vt 0.625 0.3125
vt 0.6875 0.3125
vt 0.625 0.1875
vt 0.6875 0.1875
vt 0.625 0.25
vt 0.6875 0.25
vt 0.625 0.1875
vt 0.6875 0.1875
vt 0.625 0.25
vt 0.6875 0.25
vt 0.625 0.1875
vt 0.6875 0.1875
vt 0.625 0.3125
vt 0.6875 0.3125
vt 0.625 0.1875
vt 0.6875 0.1875
vt 0.625 0.3125
vt 0.6875 0.3125
vt 0.625 0.1875
vt 0.6875 0.1875
vn 1 0 0
vn 1 0 0
vn 1 0 0
vn 1 0 0
vn -1 0 0
vn -1 0 0
vn -1 0 0
vn -1 0 0
vn 0 1 0
vn 0 1 0
vn 0 1 0
vn 0 1 0
vn 0 -1 0
vn 0 -1 0
vn 0 -1 0
vn 0 -1 0
vn 0 0 1
vn 0 0 1
vn 0 0 1
vn 0 0 1
vn 0 0 -1
vn 0 0 -1
vn 0 0 -1
vn 0 0 -1
f 5257/5257/5257 5259/5259/5259 5258/5258/5258
f 5259/5259/5259 5260/5260/5260 5258/5258/5258
f 5261/5261/5261 5263/5263/5263 5262/5262/5262
f 5263/5263/5263 5264/5264/5264 5262/5262/5262
f 5265/5265/5265 5267/5267/5267 5266/5266/5266
f 5267/5267/5267 5268/5268/5268 5266/5266/5266
f 5269/5269/5269 5271/5271/5271 5270/5270/5270
f 5271/5271/5271 5272/5272/5272 5270/5270/5270
f 5273/5273/5273 5275/5275/5275 5274/5274/5274
f 5275/5275/5275 5276/5276/5276 5274/5274/5274
f 5277/5277/5277 5279/5279/5279 5278/5278/5278
f 5279/5279/5279 5280/5280/5280 5278/5278/5278
o spectral_chain0_4_177
usemtl ghost_chain
v 0.047718750000000004 2.0065031246207656 0.014315624620765448
v 0.047718750000000004 2.0065031246207656 -0.014315624620765448
v 0.047718750000000004 1.9778718753792346 0.014315624620765448
v 0.047718750000000004 1.9778718753792346 -0.014315624620765448
v -0.047718750000000004 2.0065031246207656 -0.014315624620765448
v -0.047718750000000004 2.0065031246207656 0.014315624620765448
v -0.047718750000000004 1.9778718753792346 -0.014315624620765448
v -0.047718750000000004 1.9778718753792346 0.014315624620765448
v -0.047718750000000004 2.0065031246207656 -0.014315624620765448
v 0.047718750000000004 2.0065031246207656 -0.014315624620765448
v -0.047718750000000004 2.0065031246207656 0.014315624620765448
v 0.047718750000000004 2.0065031246207656 0.014315624620765448
v -0.047718750000000004 1.9778718753792346 0.014315624620765448
v 0.047718750000000004 1.9778718753792346 0.014315624620765448
v -0.047718750000000004 1.9778718753792346 -0.014315624620765448
v 0.047718750000000004 1.9778718753792346 -0.014315624620765448
v -0.047718750000000004 2.0065031246207656 0.014315624620765448
v 0.047718750000000004 2.0065031246207656 0.014315624620765448
v -0.047718750000000004 1.9778718753792346 0.014315624620765448
v 0.047718750000000004 1.9778718753792346 0.014315624620765448
v 0.047718750000000004 2.0065031246207656 -0.014315624620765448
v -0.047718750000000004 2.0065031246207656 -0.014315624620765448
v 0.047718750000000004 1.9778718753792346 -0.014315624620765448
v -0.047718750000000004 1.9778718753792346 -0.014315624620765448
vt 0.6875 0.8125
vt 0.75 0.8125
vt 0.6875 0.75
vt 0.75 0.75
vt 0.6875 0.8125
vt 0.75 0.8125
vt 0.6875 0.75
vt 0.75 0.75
vt 0.6875 0.8125
vt 0.8125 0.8125
vt 0.6875 0.75
vt 0.8125 0.75
vt 0.6875 0.8125
vt 0.8125 0.8125
vt 0.6875 0.75
vt 0.8125 0.75
vt 0.6875 0.8125
vt 0.8125 0.8125
vt 0.6875 0.75
vt 0.8125 0.75
vt 0.6875 0.8125
vt 0.8125 0.8125
vt 0.6875 0.75
vt 0.8125 0.75
vn 0.9999999999999999 0 0
vn 0.9999999999999999 0 0
vn 0.9999999999999999 0 0
vn 0.9999999999999999 0 0
vn -0.9999999999999999 0 0
vn -0.9999999999999999 0 0
vn -0.9999999999999999 0 0
vn -0.9999999999999999 0 0
vn 0 0.9999999999999999 0
vn 0 0.9999999999999999 0
vn 0 0.9999999999999999 0
vn 0 0.9999999999999999 0
vn 0 -0.9999999999999999 0
vn 0 -0.9999999999999999 0
vn 0 -0.9999999999999999 0
vn 0 -0.9999999999999999 0
vn 0 0 0.9999999999999999
vn 0 0 0.9999999999999999
vn 0 0 0.9999999999999999
vn 0 0 0.9999999999999999
vn 0 0 -0.9999999999999999
vn 0 0 -0.9999999999999999
vn 0 0 -0.9999999999999999
vn 0 0 -0.9999999999999999
f 5281/5281/5281 5283/5283/5283 5282/5282/5282
f 5283/5283/5283 5284/5284/5284 5282/5282/5282
f 5285/5285/5285 5287/5287/5287 5286/5286/5286
f 5287/5287/5287 5288/5288/5288 5286/5286/5286
f 5289/5289/5289 5291/5291/5291 5290/5290/5290
f 5291/5291/5291 5292/5292/5292 5290/5290/5290
f 5293/5293/5293 5295/5295/5295 5294/5294/5294
f 5295/5295/5295 5296/5296/5296 5294/5294/5294
f 5297/5297/5297 5299/5299/5299 5298/5298/5298
f 5299/5299/5299 5300/5300/5300 5298/5298/5298
f 5301/5301/5301 5303/5303/5303 5302/5302/5302
f 5303/5303/5303 5304/5304/5304 5302/5302/5302
o spectral_chain0_4_178
usemtl ghost_chain
v 0.049195312500000005 1.8975710933590308 0.014758593359030785
v 0.049195312500000005 1.8975710933590308 -0.014758593359030785
v 0.049195312500000005 1.8680539066409692 0.014758593359030785
v 0.049195312500000005 1.8680539066409692 -0.014758593359030785
v -0.049195312500000005 1.8975710933590308 -0.014758593359030785
v -0.049195312500000005 1.8975710933590308 0.014758593359030785
v -0.049195312500000005 1.8680539066409692 -0.014758593359030785
v -0.049195312500000005 1.8680539066409692 0.014758593359030785
v -0.049195312500000005 1.8975710933590308 -0.014758593359030785
v 0.049195312500000005 1.8975710933590308 -0.014758593359030785
v -0.049195312500000005 1.8975710933590308 0.014758593359030785
v 0.049195312500000005 1.8975710933590308 0.014758593359030785
v -0.049195312500000005 1.8680539066409692 0.014758593359030785
v 0.049195312500000005 1.8680539066409692 0.014758593359030785
v -0.049195312500000005 1.8680539066409692 -0.014758593359030785
v 0.049195312500000005 1.8680539066409692 -0.014758593359030785
v -0.049195312500000005 1.8975710933590308 0.014758593359030785
v 0.049195312500000005 1.8975710933590308 0.014758593359030785
v -0.049195312500000005 1.8680539066409692 0.014758593359030785
v 0.049195312500000005 1.8680539066409692 0.014758593359030785
v 0.049195312500000005 1.8975710933590308 -0.014758593359030785
v -0.049195312500000005 1.8975710933590308 -0.014758593359030785
v 0.049195312500000005 1.8680539066409692 -0.014758593359030785
v -0.049195312500000005 1.8680539066409692 -0.014758593359030785
vt 0.6875 0.8125
vt 0.75 0.8125
vt 0.6875 0.75
vt 0.75 0.75
vt 0.6875 0.8125
vt 0.75 0.8125
vt 0.6875 0.75
vt 0.75 0.75
vt 0.6875 0.8125
vt 0.8125 0.8125
vt 0.6875 0.75
vt 0.8125 0.75
vt 0.6875 0.8125
vt 0.8125 0.8125
vt 0.6875 0.75
vt 0.8125 0.75
vt 0.6875 0.8125
vt 0.8125 0.8125
vt 0.6875 0.75
vt 0.8125 0.75
vt 0.6875 0.8125
vt 0.8125 0.8125
vt 0.6875 0.75
vt 0.8125 0.75
vn 1 0 0
vn 1 0 0
vn 1 0 0
vn 1 0 0
vn -1 0 0
vn -1 0 0
vn -1 0 0
vn -1 0 0
vn 0 1 0
vn 0 1 0
vn 0 1 0
vn 0 1 0
vn 0 -1 0
vn 0 -1 0
vn 0 -1 0
vn 0 -1 0
vn 0 0 1
vn 0 0 1
vn 0 0 1
vn 0 0 1
vn 0 0 -1
vn 0 0 -1
vn 0 0 -1
vn 0 0 -1
f 5305/5305/5305 5307/5307/5307 5306/5306/5306
f 5307/5307/5307 5308/5308/5308 5306/5306/5306
f 5309/5309/5309 5311/5311/5311 5310/5310/5310
f 5311/5311/5311 5312/5312/5312 5310/5310/5310
f 5313/5313/5313 5315/5315/5315 5314/5314/5314
f 5315/5315/5315 5316/5316/5316 5314/5314/5314
f 5317/5317/5317 5319/5319/5319 5318/5318/5318
f 5319/5319/5319 5320/5320/5320 5318/5318/5318
f 5321/5321/5321 5323/5323/5323 5322/5322/5322
f 5323/5323/5323 5324/5324/5324 5322/5322/5322
f 5325/5325/5325 5327/5327/5327 5326/5326/5326
f 5327/5327/5327 5328/5328/5328 5326/5326/5326
o spectral_chain0_5_179
usemtl ghost_chain
v 0.014378905869089067 2.007796876523644 0.04719140586908907
v 0.014378905869089067 2.007796876523644 0.018433594130910932
v 0.014378905869089067 1.8672031234763562 0.04719140586908907
v 0.014378905869089067 1.8672031234763562 0.018433594130910932
v -0.014378905869089067 2.007796876523644 0.018433594130910932
v -0.014378905869089067 2.007796876523644 0.04719140586908907
v -0.014378905869089067 1.8672031234763562 0.018433594130910932
v -0.014378905869089067 1.8672031234763562 0.04719140586908907
v -0.014378905869089067 2.007796876523644 0.018433594130910932
v 0.014378905869089067 2.007796876523644 0.018433594130910932
v -0.014378905869089067 2.007796876523644 0.04719140586908907
v 0.014378905869089067 2.007796876523644 0.04719140586908907
v -0.014378905869089067 1.8672031234763562 0.04719140586908907
v 0.014378905869089067 1.8672031234763562 0.04719140586908907
v -0.014378905869089067 1.8672031234763562 0.018433594130910932
v 0.014378905869089067 1.8672031234763562 0.018433594130910932
v -0.014378905869089067 2.007796876523644 0.04719140586908907
v 0.014378905869089067 2.007796876523644 0.04719140586908907
v -0.014378905869089067 1.8672031234763562 0.04719140586908907
v 0.014378905869089067 1.8672031234763562 0.04719140586908907
v 0.014378905869089067 2.007796876523644 0.018433594130910932
v -0.014378905869089067 2.007796876523644 0.018433594130910932
v 0.014378905869089067 1.8672031234763562 0.018433594130910932
v -0.014378905869089067 1.8672031234763562 0.018433594130910932
vt 0.625 0.3125
vt 0.6875 0.3125
vt 0.625 0.1875
vt 0.6875 0.1875
vt 0.625 0.3125
vt 0.6875 0.3125
vt 0.625 0.1875
vt 0.6875 0.1875
vt 0.625 0.25
vt 0.6875 0.25
vt 0.625 0.1875
vt 0.6875 0.1875
vt 0.625 0.25
vt 0.6875 0.25
vt 0.625 0.1875
vt 0.6875 0.1875
vt 0.625 0.3125
vt 0.6875 0.3125
vt 0.625 0.1875
vt 0.6875 0.1875
vt 0.625 0.3125
vt 0.6875 0.3125
vt 0.625 0.1875
vt 0.6875 0.1875
vn 1 0 0
vn 1 0 0
vn 1 0 0
vn 1 0 0
vn -1 0 0
vn -1 0 0
vn -1 0 0
vn -1 0 0
vn 0 1 0
vn 0 1 0
vn 0 1 0
vn 0 1 0
vn 0 -1 0
vn 0 -1 0
vn 0 -1 0
vn 0 -1 0
vn 0 0 1
vn 0 0 1
vn 0 0 1
vn 0 0 1
vn 0 0 -1
vn 0 0 -1
vn 0 0 -1
vn 0 0 -1
f 5329/5329/5329 5331/5331/5331 5330/5330/5330
f 5331/5331/5331 5332/5332/5332 5330/5330/5330
f 5333/5333/5333 5335/5335/5335 5334/5334/5334
f 5335/5335/5335 5336/5336/5336 5334/5334/5334
f 5337/5337/5337 5339/5339/5339 5338/5338/5338
f 5339/5339/5339 5340/5340/5340 5338/5338/5338
f 5341/5341/5341 5343/5343/5343 5342/5342/5342
f 5343/5343/5343 5344/5344/5344 5342/5342/5342
f 5345/5345/5345 5347/5347/5347 5346/5346/5346
f 5347/5347/5347 5348/5348/5348 5346/5346/5346
f 5349/5349/5349 5351/5351/5351 5350/5350/5350
f 5351/5351/5351 5352/5352/5352 5350/5350/5350
o spectral_chain0_5_179_back
usemtl ghost_chain
v 0.014378905869089067 2.007796876523644 -0.018433594130910932
v 0.014378905869089067 2.007796876523644 -0.04719140586908907
v 0.014378905869089067 1.8672031234763562 -0.018433594130910932
v 0.014378905869089067 1.8672031234763562 -0.04719140586908907
v -0.014378905869089067 2.007796876523644 -0.04719140586908907
v -0.014378905869089067 2.007796876523644 -0.018433594130910932
v -0.014378905869089067 1.8672031234763562 -0.04719140586908907
v -0.014378905869089067 1.8672031234763562 -0.018433594130910932
v -0.014378905869089067 2.007796876523644 -0.04719140586908907
v 0.014378905869089067 2.007796876523644 -0.04719140586908907
v -0.014378905869089067 2.007796876523644 -0.018433594130910932
v 0.014378905869089067 2.007796876523644 -0.018433594130910932
v -0.014378905869089067 1.8672031234763562 -0.018433594130910932
v 0.014378905869089067 1.8672031234763562 -0.018433594130910932
v -0.014378905869089067 1.8672031234763562 -0.04719140586908907
v 0.014378905869089067 1.8672031234763562 -0.04719140586908907
v -0.014378905869089067 2.007796876523644 -0.018433594130910932
v 0.014378905869089067 2.007796876523644 -0.018433594130910932
v -0.014378905869089067 1.8672031234763562 -0.018433594130910932
v 0.014378905869089067 1.8672031234763562 -0.018433594130910932
v 0.014378905869089067 2.007796876523644 -0.04719140586908907
v -0.014378905869089067 2.007796876523644 -0.04719140586908907
v 0.014378905869089067 1.8672031234763562 -0.04719140586908907
v -0.014378905869089067 1.8672031234763562 -0.04719140586908907
vt 0.625 0.3125
vt 0.6875 0.3125
vt 0.625 0.1875
vt 0.6875 0.1875
vt 0.625 0.3125
vt 0.6875 0.3125
vt 0.625 0.1875
vt 0.6875 0.1875
vt 0.625 0.25
vt 0.6875 0.25
vt 0.625 0.1875
vt 0.6875 0.1875
vt 0.625 0.25
vt 0.6875 0.25
vt 0.625 0.1875
vt 0.6875 0.1875
vt 0.625 0.3125
vt 0.6875 0.3125
vt 0.625 0.1875
vt 0.6875 0.1875
vt 0.625 0.3125
vt 0.6875 0.3125
vt 0.625 0.1875
vt 0.6875 0.1875
vn 1 0 0
vn 1 0 0
vn 1 0 0
vn 1 0 0
vn -1 0 0
vn -1 0 0
vn -1 0 0
vn -1 0 0
vn 0 1 0
vn 0 1 0
vn 0 1 0
vn 0 1 0
vn 0 -1 0
vn 0 -1 0
vn 0 -1 0
vn 0 -1 0
vn 0 0 1
vn 0 0 1
vn 0 0 1
vn 0 0 1
vn 0 0 -1
vn 0 0 -1
vn 0 0 -1
vn 0 0 -1
f 5353/5353/5353 5355/5355/5355 5354/5354/5354
f 5355/5355/5355 5356/5356/5356 5354/5354/5354
f 5357/5357/5357 5359/5359/5359 5358/5358/5358
f 5359/5359/5359 5360/5360/5360 5358/5358/5358
f 5361/5361/5361 5363/5363/5363 5362/5362/5362
f 5363/5363/5363 5364/5364/5364 5362/5362/5362
f 5365/5365/5365 5367/5367/5367 5366/5366/5366
f 5367/5367/5367 5368/5368/5368 5366/5366/5366
f 5369/5369/5369 5371/5371/5371 5370/5370/5370
f 5371/5371/5371 5372/5372/5372 5370/5370/5370
f 5373/5373/5373 5375/5375/5375 5374/5374/5374
f 5375/5375/5375 5376/5376/5376 5374/5374/5374
o spectral_chain0_5_180
usemtl ghost_chain
v 0.014821874607354403 2.009962501570582 -0.0179906253926456
v 0.014821874607354403 2.009962501570582 -0.0476343746073544
v 0.014821874607354403 1.8650374984294176 -0.0179906253926456
v 0.014821874607354403 1.8650374984294176 -0.0476343746073544
v -0.014821874607354403 2.009962501570582 -0.0476343746073544
v -0.014821874607354403 2.009962501570582 -0.0179906253926456
v -0.014821874607354403 1.8650374984294176 -0.0476343746073544
v -0.014821874607354403 1.8650374984294176 -0.0179906253926456
v -0.014821874607354403 2.009962501570582 -0.0476343746073544
v 0.014821874607354403 2.009962501570582 -0.0476343746073544
v -0.014821874607354403 2.009962501570582 -0.0179906253926456
v 0.014821874607354403 2.009962501570582 -0.0179906253926456
v -0.014821874607354403 1.8650374984294176 -0.0179906253926456
v 0.014821874607354403 1.8650374984294176 -0.0179906253926456
v -0.014821874607354403 1.8650374984294176 -0.0476343746073544
v 0.014821874607354403 1.8650374984294176 -0.0476343746073544
v -0.014821874607354403 2.009962501570582 -0.0179906253926456
v 0.014821874607354403 2.009962501570582 -0.0179906253926456
v -0.014821874607354403 1.8650374984294176 -0.0179906253926456
v 0.014821874607354403 1.8650374984294176 -0.0179906253926456
v 0.014821874607354403 2.009962501570582 -0.0476343746073544
v -0.014821874607354403 2.009962501570582 -0.0476343746073544
v 0.014821874607354403 1.8650374984294176 -0.0476343746073544
v -0.014821874607354403 1.8650374984294176 -0.0476343746073544
vt 0.625 0.3125
vt 0.6875 0.3125
vt 0.625 0.1875
vt 0.6875 0.1875
vt 0.625 0.3125
vt 0.6875 0.3125
vt 0.625 0.1875
vt 0.6875 0.1875
vt 0.625 0.25
vt 0.6875 0.25
vt 0.625 0.1875
vt 0.6875 0.1875
vt 0.625 0.25
vt 0.6875 0.25
vt 0.625 0.1875
vt 0.6875 0.1875
vt 0.625 0.3125
vt 0.6875 0.3125
vt 0.625 0.1875
vt 0.6875 0.1875
vt 0.625 0.3125
vt 0.6875 0.3125
vt 0.625 0.1875
vt 0.6875 0.1875
vn 1 0 0
vn 1 0 0
vn 1 0 0
vn 1 0 0
vn -1 0 0
vn -1 0 0
vn -1 0 0
vn -1 0 0
vn 0 1 0
vn 0 1 0
vn 0 1 0
vn 0 1 0
vn 0 -1 0
vn 0 -1 0
vn 0 -1 0
vn 0 -1 0
vn 0 0 1
vn 0 0 1
vn 0 0 1
vn 0 0 1
vn 0 0 -1
vn 0 0 -1
vn 0 0 -1
vn 0 0 -1
f 5377/5377/5377 5379/5379/5379 5378/5378/5378
f 5379/5379/5379 5380/5380/5380 5378/5378/5378
f 5381/5381/5381 5383/5383/5383 5382/5382/5382
f 5383/5383/5383 5384/5384/5384 5382/5382/5382
f 5385/5385/5385 5387/5387/5387 5386/5386/5386
f 5387/5387/5387 5388/5388/5388 5386/5386/5386
f 5389/5389/5389 5391/5391/5391 5390/5390/5390
f 5391/5391/5391 5392/5392/5392 5390/5390/5390
f 5393/5393/5393 5395/5395/5395 5394/5394/5394
f 5395/5395/5395 5396/5396/5396 5394/5394/5394
f 5397/5397/5397 5399/5399/5399 5398/5398/5398
f 5399/5399/5399 5400/5400/5400 5398/5398/5398
o spectral_chain0_5_180_back
usemtl ghost_chain
v 0.014821874607354403 2.009962501570582 0.0476343746073544
v 0.014821874607354403 2.009962501570582 0.0179906253926456
v 0.014821874607354403 1.8650374984294176 0.0476343746073544
v 0.014821874607354403 1.8650374984294176 0.0179906253926456
v -0.014821874607354403 2.009962501570582 0.0179906253926456
v -0.014821874607354403 2.009962501570582 0.0476343746073544
v -0.014821874607354403 1.8650374984294176 0.0179906253926456
v -0.014821874607354403 1.8650374984294176 0.0476343746073544
v -0.014821874607354403 2.009962501570582 0.0179906253926456
v 0.014821874607354403 2.009962501570582 0.0179906253926456
v -0.014821874607354403 2.009962501570582 0.0476343746073544
v 0.014821874607354403 2.009962501570582 0.0476343746073544
v -0.014821874607354403 1.8650374984294176 0.0476343746073544
v 0.014821874607354403 1.8650374984294176 0.0476343746073544
v -0.014821874607354403 1.8650374984294176 0.0179906253926456
v 0.014821874607354403 1.8650374984294176 0.0179906253926456
v -0.014821874607354403 2.009962501570582 0.0476343746073544
v 0.014821874607354403 2.009962501570582 0.0476343746073544
v -0.014821874607354403 1.8650374984294176 0.0476343746073544
v 0.014821874607354403 1.8650374984294176 0.0476343746073544
v 0.014821874607354403 2.009962501570582 0.0179906253926456
v -0.014821874607354403 2.009962501570582 0.0179906253926456
v 0.014821874607354403 1.8650374984294176 0.0179906253926456
v -0.014821874607354403 1.8650374984294176 0.0179906253926456
vt 0.625 0.3125
vt 0.6875 0.3125
vt 0.625 0.1875
vt 0.6875 0.1875
vt 0.625 0.3125
vt 0.6875 0.3125
vt 0.625 0.1875
vt 0.6875 0.1875
vt 0.625 0.25
vt 0.6875 0.25
vt 0.625 0.1875
vt 0.6875 0.1875
vt 0.625 0.25
vt 0.6875 0.25
vt 0.625 0.1875
vt 0.6875 0.1875
vt 0.625 0.3125
vt 0.6875 0.3125
vt 0.625 0.1875
vt 0.6875 0.1875
vt 0.625 0.3125
vt 0.6875 0.3125
vt 0.625 0.1875
vt 0.6875 0.1875
vn 1 0 0
vn 1 0 0
vn 1 0 0
vn 1 0 0
vn -1 0 0
vn -1 0 0
vn -1 0 0
vn -1 0 0
vn 0 1 0
vn 0 1 0
vn 0 1 0
vn 0 1 0
vn 0 -1 0
vn 0 -1 0
vn 0 -1 0
vn 0 -1 0
vn 0 0 1
vn 0 0 1
vn 0 0 1
vn 0 0 1
vn 0 0 -1
vn 0 0 -1
vn 0 0 -1
vn 0 0 -1
f 5401/5401/5401 5403/5403/5403 5402/5402/5402
f 5403/5403/5403 5404/5404/5404 5402/5402/5402
f 5405/5405/5405 5407/5407/5407 5406/5406/5406
f 5407/5407/5407 5408/5408/5408 5406/5406/5406
f 5409/5409/5409 5411/5411/5411 5410/5410/5410
f 5411/5411/5411 5412/5412/5412 5410/5410/5410
f 5413/5413/5413 5415/5415/5415 5414/5414/5414
f 5415/5415/5415 5416/5416/5416 5414/5414/5414
f 5417/5417/5417 5419/5419/5419 5418/5418/5418
f 5419/5419/5419 5420/5420/5420 5418/5418/5418
f 5421/5421/5421 5423/5423/5423 5422/5422/5422
f 5423/5423/5423 5424/5424/5424 5422/5422/5422
o spectral_chain0_5_181
usemtl ghost_chain
v 0.014442187117412686 2.0066296871174125 0.04814062499999999
v 0.014442187117412686 2.0066296871174125 -0.04814062499999999
v 0.014442187117412686 1.9777453128825873 0.04814062499999999
v 0.014442187117412686 1.9777453128825873 -0.04814062499999999
v -0.014442187117412686 2.0066296871174125 -0.04814062499999999
v -0.014442187117412686 2.0066296871174125 0.04814062499999999
v -0.014442187117412686 1.9777453128825873 -0.04814062499999999
v -0.014442187117412686 1.9777453128825873 0.04814062499999999
v -0.014442187117412686 2.0066296871174125 -0.04814062499999999
v 0.014442187117412686 2.0066296871174125 -0.04814062499999999
v -0.014442187117412686 2.0066296871174125 0.04814062499999999
v 0.014442187117412686 2.0066296871174125 0.04814062499999999
v -0.014442187117412686 1.9777453128825873 0.04814062499999999
v 0.014442187117412686 1.9777453128825873 0.04814062499999999
v -0.014442187117412686 1.9777453128825873 -0.04814062499999999
v 0.014442187117412686 1.9777453128825873 -0.04814062499999999
v -0.014442187117412686 2.0066296871174125 0.04814062499999999
v 0.014442187117412686 2.0066296871174125 0.04814062499999999
v -0.014442187117412686 1.9777453128825873 0.04814062499999999
v 0.014442187117412686 1.9777453128825873 0.04814062499999999
v 0.014442187117412686 2.0066296871174125 -0.04814062499999999
v -0.014442187117412686 2.0066296871174125 -0.04814062499999999
v 0.014442187117412686 1.9777453128825873 -0.04814062499999999
v -0.014442187117412686 1.9777453128825873 -0.04814062499999999
vt 0.1875 1
vt 0.3125 1
vt 0.1875 0.9375
vt 0.3125 0.9375
vt 0.1875 1
vt 0.3125 1
vt 0.1875 0.9375
vt 0.3125 0.9375
vt 0.1875 1.0625
vt 0.25 1.0625
vt 0.1875 0.9375
vt 0.25 0.9375
vt 0.1875 1.0625
vt 0.25 1.0625
vt 0.1875 0.9375
vt 0.25 0.9375
vt 0.1875 1
vt 0.25 1
vt 0.1875 0.9375
vt 0.25 0.9375
vt 0.1875 1
vt 0.25 1
vt 0.1875 0.9375
vt 0.25 0.9375
vn 1 0 0
vn 1 0 0
vn 1 0 0
vn 1 0 0
vn -1 0 0
vn -1 0 0
vn -1 0 0
vn -1 0 0
vn 0 1 0
vn 0 1 0
vn 0 1 0
vn 0 1 0
vn 0 -1 0
vn 0 -1 0
vn 0 -1 0
vn 0 -1 0
vn 0 0 1
vn 0 0 1
vn 0 0 1
vn 0 0 1
vn 0 0 -1
vn 0 0 -1
vn 0 0 -1
vn 0 0 -1
f 5425/5425/5425 5427/5427/5427 5426/5426/5426
f 5427/5427/5427 5428/5428/5428 5426/5426/5426
f 5429/5429/5429 5431/5431/5431 5430/5430/5430
f 5431/5431/5431 5432/5432/5432 5430/5430/5430
f 5433/5433/5433 5435/5435/5435 5434/5434/5434
f 5435/5435/5435 5436/5436/5436 5434/5434/5434
f 5437/5437/5437 5439/5439/5439 5438/5438/5438
f 5439/5439/5439 5440/5440/5440 5438/5438/5438
f 5441/5441/5441 5443/5443/5443 5442/5442/5442
f 5443/5443/5443 5444/5444/5444 5442/5442/5442
f 5445/5445/5445 5447/5447/5447 5446/5446/5446
f 5447/5447/5447 5448/5448/5448 5446/5446/5446
o spectral_chain0_5_182
usemtl ghost_chain
v 0.01406249962747097 1.896874999627471 0.046875
v 0.01406249962747097 1.896874999627471 -0.046875
v 0.01406249962747097 1.868750000372529 0.046875
v 0.01406249962747097 1.868750000372529 -0.046875
v -0.01406249962747097 1.896874999627471 -0.046875
v -0.01406249962747097 1.896874999627471 0.046875
v -0.01406249962747097 1.868750000372529 -0.046875
v -0.01406249962747097 1.868750000372529 0.046875
v -0.01406249962747097 1.896874999627471 -0.046875
v 0.01406249962747097 1.896874999627471 -0.046875
v -0.01406249962747097 1.896874999627471 0.046875
v 0.01406249962747097 1.896874999627471 0.046875
v -0.01406249962747097 1.868750000372529 0.046875
v 0.01406249962747097 1.868750000372529 0.046875
v -0.01406249962747097 1.868750000372529 -0.046875
v 0.01406249962747097 1.868750000372529 -0.046875
v -0.01406249962747097 1.896874999627471 0.046875
v 0.01406249962747097 1.896874999627471 0.046875
v -0.01406249962747097 1.868750000372529 0.046875
v 0.01406249962747097 1.868750000372529 0.046875
v 0.01406249962747097 1.896874999627471 -0.046875
v -0.01406249962747097 1.896874999627471 -0.046875
v 0.01406249962747097 1.868750000372529 -0.046875
v -0.01406249962747097 1.868750000372529 -0.046875
vt 0.1875 1
vt 0.3125 1
vt 0.1875 0.9375
vt 0.3125 0.9375
vt 0.1875 1
vt 0.3125 1
vt 0.1875 0.9375
vt 0.3125 0.9375
vt 0.1875 1.0625
vt 0.25 1.0625
vt 0.1875 0.9375
vt 0.25 0.9375
vt 0.1875 1.0625
vt 0.25 1.0625
vt 0.1875 0.9375
vt 0.25 0.9375
vt 0.1875 1
vt 0.25 1
vt 0.1875 0.9375
vt 0.25 0.9375
vt 0.1875 1
vt 0.25 1
vt 0.1875 0.9375
vt 0.25 0.9375
vn 1 0 0
vn 1 0 0
vn 1 0 0
vn 1 0 0
vn -1 0 0
vn -1 0 0
vn -1 0 0
vn -1 0 0
vn 0 1 0
vn 0 1 0
vn 0 1 0
vn 0 1 0
vn 0 -1 0
vn 0 -1 0
vn 0 -1 0
vn 0 -1 0
vn 0 0 1
vn 0 0 1
vn 0 0 1
vn 0 0 1
vn 0 0 -1
vn 0 0 -1
vn 0 0 -1
vn 0 0 -1
f 5449/5449/5449 5451/5451/5451 5450/5450/5450
f 5451/5451/5451 5452/5452/5452 5450/5450/5450
f 5453/5453/5453 5455/5455/5455 5454/5454/5454
f 5455/5455/5455 5456/5456/5456 5454/5454/5454
f 5457/5457/5457 5459/5459/5459 5458/5458/5458
f 5459/5459/5459 5460/5460/5460 5458/5458/5458
f 5461/5461/5461 5463/5463/5463 5462/5462/5462
f 5463/5463/5463 5464/5464/5464 5462/5462/5462
f 5465/5465/5465 5467/5467/5467 5466/5466/5466
f 5467/5467/5467 5468/5468/5468 5466/5466/5466
f 5469/5469/5469 5471/5471/5471 5470/5470/5470
f 5471/5471/5471 5472/5472/5472 5470/5470/5470
o spectral_chain0_6_183
usemtl ghost_chain
v 0.047317968365736304 2.008415626537055 0.014505468365736306
v 0.047317968365736304 2.008415626537055 -0.014505468365736306
v 0.047317968365736304 1.8665843734629453 0.014505468365736306
v 0.047317968365736304 1.8665843734629453 -0.014505468365736306
v 0.018307031634263695 2.008415626537055 -0.014505468365736306
v 0.018307031634263695 2.008415626537055 0.014505468365736306
v 0.018307031634263695 1.8665843734629453 -0.014505468365736306
v 0.018307031634263695 1.8665843734629453 0.014505468365736306
v 0.018307031634263695 2.008415626537055 -0.014505468365736306
v 0.047317968365736304 2.008415626537055 -0.014505468365736306
v 0.018307031634263695 2.008415626537055 0.014505468365736306
v 0.047317968365736304 2.008415626537055 0.014505468365736306
v 0.018307031634263695 1.8665843734629453 0.014505468365736306
v 0.047317968365736304 1.8665843734629453 0.014505468365736306
v 0.018307031634263695 1.8665843734629453 -0.014505468365736306
v 0.047317968365736304 1.8665843734629453 -0.014505468365736306
v 0.018307031634263695 2.008415626537055 0.014505468365736306
v 0.047317968365736304 2.008415626537055 0.014505468365736306
v 0.018307031634263695 1.8665843734629453 0.014505468365736306
v 0.047317968365736304 1.8665843734629453 0.014505468365736306
v 0.047317968365736304 2.008415626537055 -0.014505468365736306
v 0.018307031634263695 2.008415626537055 -0.014505468365736306
v 0.047317968365736304 1.8665843734629453 -0.014505468365736306
v 0.018307031634263695 1.8665843734629453 -0.014505468365736306
vt 0.625 0.3125
vt 0.6875 0.3125
vt 0.625 0.1875
vt 0.6875 0.1875
vt 0.625 0.3125
vt 0.6875 0.3125
vt 0.625 0.1875
vt 0.6875 0.1875
vt 0.625 0.25
vt 0.6875 0.25
vt 0.625 0.1875
vt 0.6875 0.1875
vt 0.625 0.25
vt 0.6875 0.25
vt 0.625 0.1875
vt 0.6875 0.1875
vt 0.625 0.3125
vt 0.6875 0.3125
vt 0.625 0.1875
vt 0.6875 0.1875
vt 0.625 0.3125
vt 0.6875 0.3125
vt 0.625 0.1875
vt 0.6875 0.1875
vn 1 0 0
vn 1 0 0
vn 1 0 0
vn 1 0 0
vn -1 0 0
vn -1 0 0
vn -1 0 0
vn -1 0 0
vn 0 1 0
vn 0 1 0
vn 0 1 0
vn 0 1 0
vn 0 -1 0
vn 0 -1 0
vn 0 -1 0
vn 0 -1 0
vn 0 0 1
vn 0 0 1
vn 0 0 1
vn 0 0 1
vn 0 0 -1
vn 0 0 -1
vn 0 0 -1
vn 0 0 -1
f 5473/5473/5473 5475/5475/5475 5474/5474/5474
f 5475/5475/5475 5476/5476/5476 5474/5474/5474
f 5477/5477/5477 5479/5479/5479 5478/5478/5478
f 5479/5479/5479 5480/5480/5480 5478/5478/5478
f 5481/5481/5481 5483/5483/5483 5482/5482/5482
f 5483/5483/5483 5484/5484/5484 5482/5482/5482
f 5485/5485/5485 5487/5487/5487 5486/5486/5486
f 5487/5487/5487 5488/5488/5488 5486/5486/5486
f 5489/5489/5489 5491/5491/5491 5490/5490/5490
f 5491/5491/5491 5492/5492/5492 5490/5490/5490
f 5493/5493/5493 5495/5495/5495 5494/5494/5494
f 5495/5495/5495 5496/5496/5496 5494/5494/5494
o spectral_chain0_6_184
usemtl ghost_chain
v -0.018686719124205414 2.0065593764968215 0.014125780875794589
v -0.018686719124205414 2.0065593764968215 -0.014125780875794589
v -0.018686719124205414 1.8684406235031783 0.014125780875794589
v -0.018686719124205414 1.8684406235031783 -0.014125780875794589
v -0.04693828087579459 2.0065593764968215 -0.014125780875794589
v -0.04693828087579459 2.0065593764968215 0.014125780875794589
v -0.04693828087579459 1.8684406235031783 -0.014125780875794589
v -0.04693828087579459 1.8684406235031783 0.014125780875794589
v -0.04693828087579459 2.0065593764968215 -0.014125780875794589
v -0.018686719124205414 2.0065593764968215 -0.014125780875794589
v -0.04693828087579459 2.0065593764968215 0.014125780875794589
v -0.018686719124205414 2.0065593764968215 0.014125780875794589
v -0.04693828087579459 1.8684406235031783 0.014125780875794589
v -0.018686719124205414 1.8684406235031783 0.014125780875794589
v -0.04693828087579459 1.8684406235031783 -0.014125780875794589
v -0.018686719124205414 1.8684406235031783 -0.014125780875794589
v -0.04693828087579459 2.0065593764968215 0.014125780875794589
v -0.018686719124205414 2.0065593764968215 0.014125780875794589
v -0.04693828087579459 1.8684406235031783 0.014125780875794589
v -0.018686719124205414 1.8684406235031783 0.014125780875794589
v -0.018686719124205414 2.0065593764968215 -0.014125780875794589
v -0.04693828087579459 2.0065593764968215 -0.014125780875794589
v -0.018686719124205414 1.8684406235031783 -0.014125780875794589
v -0.04693828087579459 1.8684406235031783 -0.014125780875794589
vt 0.625 0.3125
vt 0.6875 0.3125
vt 0.625 0.1875
vt 0.6875 0.1875
vt 0.625 0.3125
vt 0.6875 0.3125
vt 0.625 0.1875
vt 0.6875 0.1875
vt 0.625 0.25
vt 0.6875 0.25
vt 0.625 0.1875
vt 0.6875 0.1875
vt 0.625 0.25
vt 0.6875 0.25
vt 0.625 0.1875
vt 0.6875 0.1875
vt 0.625 0.3125
vt 0.6875 0.3125
vt 0.625 0.1875
vt 0.6875 0.1875
vt 0.625 0.3125
vt 0.6875 0.3125
vt 0.625 0.1875
vt 0.6875 0.1875
vn 1 0 0
vn 1 0 0
vn 1 0 0
vn 1 0 0
vn -1 0 0
vn -1 0 0
vn -1 0 0
vn -1 0 0
vn 0 1 0
vn 0 1 0
vn 0 1 0
vn 0 1 0
vn 0 -1 0
vn 0 -1 0
vn 0 -1 0
vn 0 -1 0
vn 0 0 1
vn 0 0 1
vn 0 0 1
vn 0 0 1
vn 0 0 -1
vn 0 0 -1
vn 0 0 -1
vn 0 0 -1
f 5497/5497/5497 5499/5499/5499 5498/5498/5498
f 5499/5499/5499 5500/5500/5500 5498/5498/5498
f 5501/5501/5501 5503/5503/5503 5502/5502/5502
f 5503/5503/5503 5504/5504/5504 5502/5502/5502
f 5505/5505/5505 5507/5507/5507 5506/5506/5506
f 5507/5507/5507 5508/5508/5508 5506/5506/5506
f 5509/5509/5509 5511/5511/5511 5510/5510/5510
f 5511/5511/5511 5512/5512/5512 5510/5510/5510
f 5513/5513/5513 5515/5515/5515 5514/5514/5514
f 5515/5515/5515 5516/5516/5516 5514/5514/5514
f 5517/5517/5517 5519/5519/5519 5518/5518/5518
f 5519/5519/5519 5520/5520/5520 5518/5518/5518
o spectral_chain0_6_185
usemtl ghost_chain
v 0.0485625 2.00675624961406 0.014568749614059925
v 0.0485625 2.00675624961406 -0.014568749614059925
v 0.0485625 1.9776187503859401 0.014568749614059925
v 0.0485625 1.9776187503859401 -0.014568749614059925
v -0.0485625 2.00675624961406 -0.014568749614059925
v -0.0485625 2.00675624961406 0.014568749614059925
v -0.0485625 1.9776187503859401 -0.014568749614059925
v -0.0485625 1.9776187503859401 0.014568749614059925
v -0.0485625 2.00675624961406 -0.014568749614059925
v 0.0485625 2.00675624961406 -0.014568749614059925
v -0.0485625 2.00675624961406 0.014568749614059925
v 0.0485625 2.00675624961406 0.014568749614059925
v -0.0485625 1.9776187503859401 0.014568749614059925
v 0.0485625 1.9776187503859401 0.014568749614059925
v -0.0485625 1.9776187503859401 -0.014568749614059925
v 0.0485625 1.9776187503859401 -0.014568749614059925
v -0.0485625 2.00675624961406 0.014568749614059925
v 0.0485625 2.00675624961406 0.014568749614059925
v -0.0485625 1.9776187503859401 0.014568749614059925
v 0.0485625 1.9776187503859401 0.014568749614059925
v 0.0485625 2.00675624961406 -0.014568749614059925
v -0.0485625 2.00675624961406 -0.014568749614059925
v 0.0485625 1.9776187503859401 -0.014568749614059925
v -0.0485625 1.9776187503859401 -0.014568749614059925
vt 0.6875 0.8125
vt 0.75 0.8125
vt 0.6875 0.75
vt 0.75 0.75
vt 0.6875 0.8125
vt 0.75 0.8125
vt 0.6875 0.75
vt 0.75 0.75
vt 0.6875 0.8125
vt 0.8125 0.8125
vt 0.6875 0.75
vt 0.8125 0.75
vt 0.6875 0.8125
vt 0.8125 0.8125
vt 0.6875 0.75
vt 0.8125 0.75
vt 0.6875 0.8125
vt 0.8125 0.8125
vt 0.6875 0.75
vt 0.8125 0.75
vt 0.6875 0.8125
vt 0.8125 0.8125
vt 0.6875 0.75
vt 0.8125 0.75
vn 1 0 0
vn 1 0 0
vn 1 0 0
vn 1 0 0
vn -1 0 0
vn -1 0 0
vn -1 0 0
vn -1 0 0
vn 0 1 0
vn 0 1 0
vn 0 1 0
vn 0 1 0
vn 0 -1 0
vn 0 -1 0
vn 0 -1 0
vn 0 -1 0
vn 0 0 1
vn 0 0 1
vn 0 0 1
vn 0 0 1
vn 0 0 -1
vn 0 0 -1
vn 0 0 -1
vn 0 0 -1
f 5521/5521/5521 5523/5523/5523 5522/5522/5522
f 5523/5523/5523 5524/5524/5524 5522/5522/5522
f 5525/5525/5525 5527/5527/5527 5526/5526/5526
f 5527/5527/5527 5528/5528/5528 5526/5526/5526
f 5529/5529/5529 5531/5531/5531 5530/5530/5530
f 5531/5531/5531 5532/5532/5532 5530/5530/5530
f 5533/5533/5533 5535/5535/5535 5534/5534/5534
f 5535/5535/5535 5536/5536/5536 5534/5534/5534
f 5537/5537/5537 5539/5539/5539 5538/5538/5538
f 5539/5539/5539 5540/5540/5540 5538/5538/5538
f 5541/5541/5541 5543/5543/5543 5542/5542/5542
f 5543/5543/5543 5544/5544/5544 5542/5542/5542
o spectral_chain0_6_186
usemtl ghost_chain
v 0.047296874999999995 1.8970015621241183 0.014189062124118208
v 0.047296874999999995 1.8970015621241183 -0.014189062124118208
v 0.047296874999999995 1.8686234378758817 0.014189062124118208
v 0.047296874999999995 1.8686234378758817 -0.014189062124118208
v -0.047296874999999995 1.8970015621241183 -0.014189062124118208
v -0.047296874999999995 1.8970015621241183 0.014189062124118208
v -0.047296874999999995 1.8686234378758817 -0.014189062124118208
v -0.047296874999999995 1.8686234378758817 0.014189062124118208
v -0.047296874999999995 1.8970015621241183 -0.014189062124118208
v 0.047296874999999995 1.8970015621241183 -0.014189062124118208
v -0.047296874999999995 1.8970015621241183 0.014189062124118208
v 0.047296874999999995 1.8970015621241183 0.014189062124118208
v -0.047296874999999995 1.8686234378758817 0.014189062124118208
v 0.047296874999999995 1.8686234378758817 0.014189062124118208
v -0.047296874999999995 1.8686234378758817 -0.014189062124118208
v 0.047296874999999995 1.8686234378758817 -0.014189062124118208
v -0.047296874999999995 1.8970015621241183 0.014189062124118208
v 0.047296874999999995 1.8970015621241183 0.014189062124118208
v -0.047296874999999995 1.8686234378758817 0.014189062124118208
v 0.047296874999999995 1.8686234378758817 0.014189062124118208
v 0.047296874999999995 1.8970015621241183 -0.014189062124118208
v -0.047296874999999995 1.8970015621241183 -0.014189062124118208
v 0.047296874999999995 1.8686234378758817 -0.014189062124118208
v -0.047296874999999995 1.8686234378758817 -0.014189062124118208
vt 0.6875 0.8125
vt 0.75 0.8125
vt 0.6875 0.75
vt 0.75 0.75
vt 0.6875 0.8125
vt 0.75 0.8125
vt 0.6875 0.75
vt 0.75 0.75
vt 0.6875 0.8125
vt 0.8125 0.8125
vt 0.6875 0.75
vt 0.8125 0.75
vt 0.6875 0.8125
vt 0.8125 0.8125
vt 0.6875 0.75
vt 0.8125 0.75
vt 0.6875 0.8125
vt 0.8125 0.8125
vt 0.6875 0.75
vt 0.8125 0.75
vt 0.6875 0.8125
vt 0.8125 0.8125
vt 0.6875 0.75
vt 0.8125 0.75
vn 0.9999999999999999 0 0
vn 0.9999999999999999 0 0
vn 0.9999999999999999 0 0
vn 0.9999999999999999 0 0
vn -0.9999999999999999 0 0
vn -0.9999999999999999 0 0
vn -0.9999999999999999 0 0
vn -0.9999999999999999 0 0
vn 0 0.9999999999999999 0
vn 0 0.9999999999999999 0
vn 0 0.9999999999999999 0
vn 0 0.9999999999999999 0
vn 0 -0.9999999999999999 0
vn 0 -0.9999999999999999 0
vn 0 -0.9999999999999999 0
vn 0 -0.9999999999999999 0
vn 0 0 0.9999999999999999
vn 0 0 0.9999999999999999
vn 0 0 0.9999999999999999
vn 0 0 0.9999999999999999
vn 0 0 -0.9999999999999999
vn 0 0 -0.9999999999999999
vn 0 0 -0.9999999999999999
vn 0 0 -0.9999999999999999
f 5545/5545/5545 5547/5547/5547 5546/5546/5546
f 5547/5547/5547 5548/5548/5548 5546/5546/5546
f 5549/5549/5549 5551/5551/5551 5550/5550/5550
f 5551/5551/5551 5552/5552/5552 5550/5550/5550
f 5553/5553/5553 5555/5555/5555 5554/5554/5554
f 5555/5555/5555 5556/5556/5556 5554/5554/5554
f 5557/5557/5557 5559/5559/5559 5558/5558/5558
f 5559/5559/5559 5560/5560/5560 5558/5558/5558
f 5561/5561/5561 5563/5563/5563 5562/5562/5562
f 5563/5563/5563 5564/5564/5564 5562/5562/5562
f 5565/5565/5565 5567/5567/5567 5566/5566/5566
f 5567/5567/5567 5568/5568/5568 5566/5566/5566
o spectral_chain0_7_187
usemtl ghost_chain
v 0.014632030862383544 2.0090343765504657 0.047444530862383545
v 0.014632030862383544 2.0090343765504657 0.018180469137616458
v 0.014632030862383544 1.865965623449534 0.047444530862383545
v 0.014632030862383544 1.865965623449534 0.018180469137616458
v -0.014632030862383544 2.0090343765504657 0.018180469137616458
v -0.014632030862383544 2.0090343765504657 0.047444530862383545
v -0.014632030862383544 1.865965623449534 0.018180469137616458
v -0.014632030862383544 1.865965623449534 0.047444530862383545
v -0.014632030862383544 2.0090343765504657 0.018180469137616458
v 0.014632030862383544 2.0090343765504657 0.018180469137616458
v -0.014632030862383544 2.0090343765504657 0.047444530862383545
v 0.014632030862383544 2.0090343765504657 0.047444530862383545
v -0.014632030862383544 1.865965623449534 0.047444530862383545
v 0.014632030862383544 1.865965623449534 0.047444530862383545
v -0.014632030862383544 1.865965623449534 0.018180469137616458
v 0.014632030862383544 1.865965623449534 0.018180469137616458
v -0.014632030862383544 2.0090343765504657 0.047444530862383545
v 0.014632030862383544 2.0090343765504657 0.047444530862383545
v -0.014632030862383544 1.865965623449534 0.047444530862383545
v 0.014632030862383544 1.865965623449534 0.047444530862383545
v 0.014632030862383544 2.0090343765504657 0.018180469137616458
v -0.014632030862383544 2.0090343765504657 0.018180469137616458
v 0.014632030862383544 1.865965623449534 0.018180469137616458
v -0.014632030862383544 1.865965623449534 0.018180469137616458
vt 0.625 0.3125
vt 0.6875 0.3125
vt 0.625 0.1875
vt 0.6875 0.1875
vt 0.625 0.3125
vt 0.6875 0.3125
vt 0.625 0.1875
vt 0.6875 0.1875
vt 0.625 0.25
vt 0.6875 0.25
vt 0.625 0.1875
vt 0.6875 0.1875
vt 0.625 0.25
vt 0.6875 0.25
vt 0.625 0.1875
vt 0.6875 0.1875
vt 0.625 0.3125
vt 0.6875 0.3125
vt 0.625 0.1875
vt 0.6875 0.1875
vt 0.625 0.3125
vt 0.6875 0.3125
vt 0.625 0.1875
vt 0.6875 0.1875
vn 1 0 0
vn 1 0 0
vn 1 0 0
vn 1 0 0
vn -1 0 0
vn -1 0 0
vn -1 0 0
vn -1 0 0
vn 0 1 0
vn 0 1 0
vn 0 1 0
vn 0 1 0
vn 0 -1 0
vn 0 -1 0
vn 0 -1 0
vn 0 -1 0
vn 0 0 1
vn 0 0 1
vn 0 0 1
vn 0 0 1
vn 0 0 -1
vn 0 0 -1
vn 0 0 -1
vn 0 0 -1
f 5569/5569/5569 5571/5571/5571 5570/5570/5570
f 5571/5571/5571 5572/5572/5572 5570/5570/5570
f 5573/5573/5573 5575/5575/5575 5574/5574/5574
f 5575/5575/5575 5576/5576/5576 5574/5574/5574
f 5577/5577/5577 5579/5579/5579 5578/5578/5578
f 5579/5579/5579 5580/5580/5580 5578/5578/5578
f 5581/5581/5581 5583/5583/5583 5582/5582/5582
f 5583/5583/5583 5584/5584/5584 5582/5582/5582
f 5585/5585/5585 5587/5587/5587 5586/5586/5586
f 5587/5587/5587 5588/5588/5588 5586/5586/5586
f 5589/5589/5589 5591/5591/5591 5590/5590/5590
f 5591/5591/5591 5592/5592/5592 5590/5590/5590
o spectral_chain0_7_187_back
usemtl ghost_chain
v 0.014632030862383544 2.0090343765504657 -0.018180469137616458
v 0.014632030862383544 2.0090343765504657 -0.047444530862383545
v 0.014632030862383544 1.865965623449534 -0.018180469137616458
v 0.014632030862383544 1.865965623449534 -0.047444530862383545
v -0.014632030862383544 2.0090343765504657 -0.047444530862383545
v -0.014632030862383544 2.0090343765504657 -0.018180469137616458
v -0.014632030862383544 1.865965623449534 -0.047444530862383545
v -0.014632030862383544 1.865965623449534 -0.018180469137616458
v -0.014632030862383544 2.0090343765504657 -0.047444530862383545
v 0.014632030862383544 2.0090343765504657 -0.047444530862383545
v -0.014632030862383544 2.0090343765504657 -0.018180469137616458
v 0.014632030862383544 2.0090343765504657 -0.018180469137616458
v -0.014632030862383544 1.865965623449534 -0.018180469137616458
v 0.014632030862383544 1.865965623449534 -0.018180469137616458
v -0.014632030862383544 1.865965623449534 -0.047444530862383545
v 0.014632030862383544 1.865965623449534 -0.047444530862383545
v -0.014632030862383544 2.0090343765504657 -0.018180469137616458
v 0.014632030862383544 2.0090343765504657 -0.018180469137616458
v -0.014632030862383544 1.865965623449534 -0.018180469137616458
v 0.014632030862383544 1.865965623449534 -0.018180469137616458
v 0.014632030862383544 2.0090343765504657 -0.047444530862383545
v -0.014632030862383544 2.0090343765504657 -0.047444530862383545
v 0.014632030862383544 1.865965623449534 -0.047444530862383545
v -0.014632030862383544 1.865965623449534 -0.047444530862383545
vt 0.625 0.3125
vt 0.6875 0.3125
vt 0.625 0.1875
vt 0.6875 0.1875
vt 0.625 0.3125
vt 0.6875 0.3125
vt 0.625 0.1875
vt 0.6875 0.1875
vt 0.625 0.25
vt 0.6875 0.25
vt 0.625 0.1875
vt 0.6875 0.1875
vt 0.625 0.25
vt 0.6875 0.25
vt 0.625 0.1875
vt 0.6875 0.1875
vt 0.625 0.3125
vt 0.6875 0.3125
vt 0.625 0.1875
vt 0.6875 0.1875
vt 0.625 0.3125
vt 0.6875 0.3125
vt 0.625 0.1875
vt 0.6875 0.1875
vn 1 0 0
vn 1 0 0
vn 1 0 0
vn 1 0 0
vn -1 0 0
vn -1 0 0
vn -1 0 0
vn -1 0 0
vn 0 1 0
vn 0 1 0
vn 0 1 0
vn 0 1 0
vn 0 -1 0
vn 0 -1 0
vn 0 -1 0
vn 0 -1 0
vn 0 0 1
vn 0 0 1
vn 0 0 1
vn 0 0 1
vn 0 0 -1
vn 0 0 -1
vn 0 0 -1
vn 0 0 -1
f 5593/5593/5593 5595/5595/5595 5594/5594/5594
f 5595/5595/5595 5596/5596/5596 5594/5594/5594
f 5597/5597/5597 5599/5599/5599 5598/5598/5598
f 5599/5599/5599 5600/5600/5600 5598/5598/5598
f 5601/5601/5601 5603/5603/5603 5602/5602/5602
f 5603/5603/5603 5604/5604/5604 5602/5602/5602
f 5605/5605/5605 5607/5607/5607 5606/5606/5606
f 5607/5607/5607 5608/5608/5608 5606/5606/5606
f 5609/5609/5609 5611/5611/5611 5610/5610/5610
f 5611/5611/5611 5612/5612/5612 5610/5610/5610
f 5613/5613/5613 5615/5615/5615 5614/5614/5614
f 5615/5615/5615 5616/5616/5616 5614/5614/5614
o spectral_chain0_7_188
usemtl ghost_chain
v 0.01425234337244183 2.0071781265102326 -0.018560156627558173
v 0.01425234337244183 2.0071781265102326 -0.04706484337244183
v 0.01425234337244183 1.8678218734897674 -0.018560156627558173
v 0.01425234337244183 1.8678218734897674 -0.04706484337244183
v -0.01425234337244183 2.0071781265102326 -0.04706484337244183
v -0.01425234337244183 2.0071781265102326 -0.018560156627558173
v -0.01425234337244183 1.8678218734897674 -0.04706484337244183
v -0.01425234337244183 1.8678218734897674 -0.018560156627558173
v -0.01425234337244183 2.0071781265102326 -0.04706484337244183
v 0.01425234337244183 2.0071781265102326 -0.04706484337244183
v -0.01425234337244183 2.0071781265102326 -0.018560156627558173
v 0.01425234337244183 2.0071781265102326 -0.018560156627558173
v -0.01425234337244183 1.8678218734897674 -0.018560156627558173
v 0.01425234337244183 1.8678218734897674 -0.018560156627558173
v -0.01425234337244183 1.8678218734897674 -0.04706484337244183
v 0.01425234337244183 1.8678218734897674 -0.04706484337244183
v -0.01425234337244183 2.0071781265102326 -0.018560156627558173
v 0.01425234337244183 2.0071781265102326 -0.018560156627558173
v -0.01425234337244183 1.8678218734897674 -0.018560156627558173
v 0.01425234337244183 1.8678218734897674 -0.018560156627558173
v 0.01425234337244183 2.0071781265102326 -0.04706484337244183
v -0.01425234337244183 2.0071781265102326 -0.04706484337244183
v 0.01425234337244183 1.8678218734897674 -0.04706484337244183
v -0.01425234337244183 1.8678218734897674 -0.04706484337244183
vt 0.625 0.3125
vt 0.6875 0.3125
vt 0.625 0.1875
vt 0.6875 0.1875
vt 0.625 0.3125
vt 0.6875 0.3125
vt 0.625 0.1875
vt 0.6875 0.1875
vt 0.625 0.25
vt 0.6875 0.25
vt 0.625 0.1875
vt 0.6875 0.1875
vt 0.625 0.25
vt 0.6875 0.25
vt 0.625 0.1875
vt 0.6875 0.1875
vt 0.625 0.3125
vt 0.6875 0.3125
vt 0.625 0.1875
vt 0.6875 0.1875
vt 0.625 0.3125
vt 0.6875 0.3125
vt 0.625 0.1875
vt 0.6875 0.1875
vn 1 0 0
vn 1 0 0
vn 1 0 0
vn 1 0 0
vn -1 0 0
vn -1 0 0
vn -1 0 0
vn -1 0 0
vn 0 1 0
vn 0 1 0
vn 0 1 0
vn 0 1 0
vn 0 -1 0
vn 0 -1 0
vn 0 -1 0
vn 0 -1 0
vn 0 0 1
vn 0 0 1
vn 0 0 1
vn 0 0 1
vn 0 0 -1
vn 0 0 -1
vn 0 0 -1
vn 0 0 -1
f 5617/5617/5617 5619/5619/5619 5618/5618/5618
f 5619/5619/5619 5620/5620/5620 5618/5618/5618
f 5621/5621/5621 5623/5623/5623 5622/5622/5622
f 5623/5623/5623 5624/5624/5624 5622/5622/5622
f 5625/5625/5625 5627/5627/5627 5626/5626/5626
f 5627/5627/5627 5628/5628/5628 5626/5626/5626
f 5629/5629/5629 5631/5631/5631 5630/5630/5630
f 5631/5631/5631 5632/5632/5632 5630/5630/5630
f 5633/5633/5633 5635/5635/5635 5634/5634/5634
f 5635/5635/5635 5636/5636/5636 5634/5634/5634
f 5637/5637/5637 5639/5639/5639 5638/5638/5638
f 5639/5639/5639 5640/5640/5640 5638/5638/5638
o spectral_chain0_7_188_back
usemtl ghost_chain
v 0.01425234337244183 2.0071781265102326 0.04706484337244183
v 0.01425234337244183 2.0071781265102326 0.018560156627558173
v 0.01425234337244183 1.8678218734897674 0.04706484337244183
v 0.01425234337244183 1.8678218734897674 0.018560156627558173
v -0.01425234337244183 2.0071781265102326 0.018560156627558173
v -0.01425234337244183 2.0071781265102326 0.04706484337244183
v -0.01425234337244183 1.8678218734897674 0.018560156627558173
v -0.01425234337244183 1.8678218734897674 0.04706484337244183
v -0.01425234337244183 2.0071781265102326 0.018560156627558173
v 0.01425234337244183 2.0071781265102326 0.018560156627558173
v -0.01425234337244183 2.0071781265102326 0.04706484337244183
v 0.01425234337244183 2.0071781265102326 0.04706484337244183
v -0.01425234337244183 1.8678218734897674 0.04706484337244183
v 0.01425234337244183 1.8678218734897674 0.04706484337244183
v -0.01425234337244183 1.8678218734897674 0.018560156627558173
v 0.01425234337244183 1.8678218734897674 0.018560156627558173
v -0.01425234337244183 2.0071781265102326 0.04706484337244183
v 0.01425234337244183 2.0071781265102326 0.04706484337244183
v -0.01425234337244183 1.8678218734897674 0.04706484337244183
v 0.01425234337244183 1.8678218734897674 0.04706484337244183
v 0.01425234337244183 2.0071781265102326 0.018560156627558173
v -0.01425234337244183 2.0071781265102326 0.018560156627558173
v 0.01425234337244183 1.8678218734897674 0.018560156627558173
v -0.01425234337244183 1.8678218734897674 0.018560156627558173
vt 0.625 0.3125
vt 0.6875 0.3125
vt 0.625 0.1875
vt 0.6875 0.1875
vt 0.625 0.3125
vt 0.6875 0.3125
vt 0.625 0.1875
vt 0.6875 0.1875
vt 0.625 0.25
vt 0.6875 0.25
vt 0.625 0.1875
vt 0.6875 0.1875
vt 0.625 0.25
vt 0.6875 0.25
vt 0.625 0.1875
vt 0.6875 0.1875
vt 0.625 0.3125
vt 0.6875 0.3125
vt 0.625 0.1875
vt 0.6875 0.1875
vt 0.625 0.3125
vt 0.6875 0.3125
vt 0.625 0.1875
vt 0.6875 0.1875
vn 1 0 0
vn 1 0 0
vn 1 0 0
vn 1 0 0
vn -1 0 0
vn -1 0 0
vn -1 0 0
vn -1 0 0
vn 0 1 0
vn 0 1 0
vn 0 1 0
vn 0 1 0
vn 0 -1 0
vn 0 -1 0
vn 0 -1 0
vn 0 -1 0
vn 0 0 1
vn 0 0 1
vn 0 0 1
vn 0 0 1
vn 0 0 -1
vn 0 0 -1
vn 0 0 -1
vn 0 0 -1
f 5641/5641/5641 5643/5643/5643 5642/5642/5642
f 5643/5643/5643 5644/5644/5644 5642/5642/5642
f 5645/5645/5645 5647/5647/5647 5646/5646/5646
f 5647/5647/5647 5648/5648/5648 5646/5646/5646
f 5649/5649/5649 5651/5651/5651 5650/5650/5650
f 5651/5651/5651 5652/5652/5652 5650/5650/5650
f 5653/5653/5653 5655/5655/5655 5654/5654/5654
f 5655/5655/5655 5656/5656/5656 5654/5654/5654
f 5657/5657/5657 5659/5659/5659 5658/5658/5658
f 5659/5659/5659 5660/5660/5660 5658/5658/5658
f 5661/5661/5661 5663/5663/5663 5662/5662/5662
f 5663/5663/5663 5664/5664/5664 5662/5662/5662
o spectral_chain0_7_189
usemtl ghost_chain
v 0.014695312110707162 2.006882812110707 0.048984375
v 0.014695312110707162 2.006882812110707 -0.048984375
v 0.014695312110707162 1.9774921878892928 0.048984375
v 0.014695312110707162 1.9774921878892928 -0.048984375
v -0.014695312110707162 2.006882812110707 -0.048984375
v -0.014695312110707162 2.006882812110707 0.048984375
v -0.014695312110707162 1.9774921878892928 -0.048984375
v -0.014695312110707162 1.9774921878892928 0.048984375
v -0.014695312110707162 2.006882812110707 -0.048984375
v 0.014695312110707162 2.006882812110707 -0.048984375
v -0.014695312110707162 2.006882812110707 0.048984375
v 0.014695312110707162 2.006882812110707 0.048984375
v -0.014695312110707162 1.9774921878892928 0.048984375
v 0.014695312110707162 1.9774921878892928 0.048984375
v -0.014695312110707162 1.9774921878892928 -0.048984375
v 0.014695312110707162 1.9774921878892928 -0.048984375
v -0.014695312110707162 2.006882812110707 0.048984375
v 0.014695312110707162 2.006882812110707 0.048984375
v -0.014695312110707162 1.9774921878892928 0.048984375
v 0.014695312110707162 1.9774921878892928 0.048984375
v 0.014695312110707162 2.006882812110707 -0.048984375
v -0.014695312110707162 2.006882812110707 -0.048984375
v 0.014695312110707162 1.9774921878892928 -0.048984375
v -0.014695312110707162 1.9774921878892928 -0.048984375
vt 0.1875 1
vt 0.3125 1
vt 0.1875 0.9375
vt 0.3125 0.9375
vt 0.1875 1
vt 0.3125 1
vt 0.1875 0.9375
vt 0.3125 0.9375
vt 0.1875 1.0625
vt 0.25 1.0625
vt 0.1875 0.9375
vt 0.25 0.9375
vt 0.1875 1.0625
vt 0.25 1.0625
vt 0.1875 0.9375
vt 0.25 0.9375
vt 0.1875 1
vt 0.25 1
vt 0.1875 0.9375
vt 0.25 0.9375
vt 0.1875 1
vt 0.25 1
vt 0.1875 0.9375
vt 0.25 0.9375
vn 1 0 0
vn 1 0 0
vn 1 0 0
vn 1 0 0
vn -1 0 0
vn -1 0 0
vn -1 0 0
vn -1 0 0
vn 0 1 0
vn 0 1 0
vn 0 1 0
vn 0 1 0
vn 0 -1 0
vn 0 -1 0
vn 0 -1 0
vn 0 -1 0
vn 0 0 1
vn 0 0 1
vn 0 0 1
vn 0 0 1
vn 0 0 -1
vn 0 0 -1
vn 0 0 -1
vn 0 0 -1
f 5665/5665/5665 5667/5667/5667 5666/5666/5666
f 5667/5667/5667 5668/5668/5668 5666/5666/5666
f 5669/5669/5669 5671/5671/5671 5670/5670/5670
f 5671/5671/5671 5672/5672/5672 5670/5670/5670
f 5673/5673/5673 5675/5675/5675 5674/5674/5674
f 5675/5675/5675 5676/5676/5676 5674/5674/5674
f 5677/5677/5677 5679/5679/5679 5678/5678/5678
f 5679/5679/5679 5680/5680/5680 5678/5678/5678
f 5681/5681/5681 5683/5683/5683 5682/5682/5682
f 5683/5683/5683 5684/5684/5684 5682/5682/5682
f 5685/5685/5685 5687/5687/5687 5686/5686/5686
f 5687/5687/5687 5688/5688/5688 5686/5686/5686
o spectral_chain0_7_190
usemtl ghost_chain
v 0.014315624620765448 1.8971281246207654 0.047718750000000004
v 0.014315624620765448 1.8971281246207654 -0.047718750000000004
v 0.014315624620765448 1.8684968753792346 0.047718750000000004
v 0.014315624620765448 1.8684968753792346 -0.047718750000000004
v -0.014315624620765448 1.8971281246207654 -0.047718750000000004
v -0.014315624620765448 1.8971281246207654 0.047718750000000004
v -0.014315624620765448 1.8684968753792346 -0.047718750000000004
v -0.014315624620765448 1.8684968753792346 0.047718750000000004
v -0.014315624620765448 1.8971281246207654 -0.047718750000000004
v 0.014315624620765448 1.8971281246207654 -0.047718750000000004
v -0.014315624620765448 1.8971281246207654 0.047718750000000004
v 0.014315624620765448 1.8971281246207654 0.047718750000000004
v -0.014315624620765448 1.8684968753792346 0.047718750000000004
v 0.014315624620765448 1.8684968753792346 0.047718750000000004
v -0.014315624620765448 1.8684968753792346 -0.047718750000000004
v 0.014315624620765448 1.8684968753792346 -0.047718750000000004
v -0.014315624620765448 1.8971281246207654 0.047718750000000004
v 0.014315624620765448 1.8971281246207654 0.047718750000000004
v -0.014315624620765448 1.8684968753792346 0.047718750000000004
v 0.014315624620765448 1.8684968753792346 0.047718750000000004
v 0.014315624620765448 1.8971281246207654 -0.047718750000000004
v -0.014315624620765448 1.8971281246207654 -0.047718750000000004
v 0.014315624620765448 1.8684968753792346 -0.047718750000000004
v -0.014315624620765448 1.8684968753792346 -0.047718750000000004
vt 0.1875 1
vt 0.3125 1
vt 0.1875 0.9375
vt 0.3125 0.9375
vt 0.1875 1
vt 0.3125 1
vt 0.1875 0.9375
vt 0.3125 0.9375
vt 0.1875 1.0625
vt 0.25 1.0625
vt 0.1875 0.9375
vt 0.25 0.9375
vt 0.1875 1.0625
vt 0.25 1.0625
vt 0.1875 0.9375
vt 0.25 0.9375
vt 0.1875 1
vt 0.25 1
vt 0.1875 0.9375
vt 0.25 0.9375
vt 0.1875 1
vt 0.25 1
vt 0.1875 0.9375
vt 0.25 0.9375
vn 0.9999999999999999 0 0
vn 0.9999999999999999 0 0
vn 0.9999999999999999 0 0
vn 0.9999999999999999 0 0
vn -0.9999999999999999 0 0
vn -0.9999999999999999 0 0
vn -0.9999999999999999 0 0
vn -0.9999999999999999 0 0
vn 0 0.9999999999999999 0
vn 0 0.9999999999999999 0
vn 0 0.9999999999999999 0
vn 0 0.9999999999999999 0
vn 0 -0.9999999999999999 0
vn 0 -0.9999999999999999 0
vn 0 -0.9999999999999999 0
vn 0 -0.9999999999999999 0
vn 0 0 0.9999999999999999
vn 0 0 0.9999999999999999
vn 0 0 0.9999999999999999
vn 0 0 0.9999999999999999
vn 0 0 -0.9999999999999999
vn 0 0 -0.9999999999999999
vn 0 0 -0.9999999999999999
vn 0 0 -0.9999999999999999
f 5689/5689/5689 5691/5691/5691 5690/5690/5690
f 5691/5691/5691 5692/5692/5692 5690/5690/5690
f 5693/5693/5693 5695/5695/5695 5694/5694/5694
f 5695/5695/5695 5696/5696/5696 5694/5694/5694
f 5697/5697/5697 5699/5699/5699 5698/5698/5698
f 5699/5699/5699 5700/5700/5700 5698/5698/5698
f 5701/5701/5701 5703/5703/5703 5702/5702/5702
f 5703/5703/5703 5704/5704/5704 5702/5702/5702
f 5705/5705/5705 5707/5707/5707 5706/5706/5706
f 5707/5707/5707 5708/5708/5708 5706/5706/5706
f 5709/5709/5709 5711/5711/5711 5710/5710/5710
f 5711/5711/5711 5712/5712/5712 5710/5710/5710
o spectral_chain0_8_191
usemtl ghost_chain
v 0.047571093359030786 2.009653126563877 0.014758593359030785
v 0.047571093359030786 2.009653126563877 -0.014758593359030785
v 0.047571093359030786 1.8653468734361232 0.014758593359030785
v 0.047571093359030786 1.8653468734361232 -0.014758593359030785
v 0.018053906640969217 2.009653126563877 -0.014758593359030785
v 0.018053906640969217 2.009653126563877 0.014758593359030785
v 0.018053906640969217 1.8653468734361232 -0.014758593359030785
v 0.018053906640969217 1.8653468734361232 0.014758593359030785
v 0.018053906640969217 2.009653126563877 -0.014758593359030785
v 0.047571093359030786 2.009653126563877 -0.014758593359030785
v 0.018053906640969217 2.009653126563877 0.014758593359030785
v 0.047571093359030786 2.009653126563877 0.014758593359030785
v 0.018053906640969217 1.8653468734361232 0.014758593359030785
v 0.047571093359030786 1.8653468734361232 0.014758593359030785
v 0.018053906640969217 1.8653468734361232 -0.014758593359030785
v 0.047571093359030786 1.8653468734361232 -0.014758593359030785
v 0.018053906640969217 2.009653126563877 0.014758593359030785
v 0.047571093359030786 2.009653126563877 0.014758593359030785
v 0.018053906640969217 1.8653468734361232 0.014758593359030785
v 0.047571093359030786 1.8653468734361232 0.014758593359030785
v 0.047571093359030786 2.009653126563877 -0.014758593359030785
v 0.018053906640969217 2.009653126563877 -0.014758593359030785
v 0.047571093359030786 1.8653468734361232 -0.014758593359030785
v 0.018053906640969217 1.8653468734361232 -0.014758593359030785
vt 0.625 0.3125
vt 0.6875 0.3125
vt 0.625 0.1875
vt 0.6875 0.1875
vt 0.625 0.3125
vt 0.6875 0.3125
vt 0.625 0.1875
vt 0.6875 0.1875
vt 0.625 0.25
vt 0.6875 0.25
vt 0.625 0.1875
vt 0.6875 0.1875
vt 0.625 0.25
vt 0.6875 0.25
vt 0.625 0.1875
vt 0.6875 0.1875
vt 0.625 0.3125
vt 0.6875 0.3125
vt 0.625 0.1875
vt 0.6875 0.1875
vt 0.625 0.3125
vt 0.6875 0.3125
vt 0.625 0.1875
vt 0.6875 0.1875
vn 1 0 0
vn 1 0 0
vn 1 0 0
vn 1 0 0
vn -1 0 0
vn -1 0 0
vn -1 0 0
vn -1 0 0
vn 0 1 0
vn 0 1 0
vn 0 1 0
vn 0 1 0
vn 0 -1 0
vn 0 -1 0
vn 0 -1 0
vn 0 -1 0
vn 0 0 1
vn 0 0 1
vn 0 0 1
vn 0 0 1
vn 0 0 -1
vn 0 0 -1
vn 0 0 -1
vn 0 0 -1
f 5713/5713/5713 5715/5715/5715 5714/5714/5714
f 5715/5715/5715 5716/5716/5716 5714/5714/5714
f 5717/5717/5717 5719/5719/5719 5718/5718/5718
f 5719/5719/5719 5720/5720/5720 5718/5718/5718
f 5721/5721/5721 5723/5723/5723 5722/5722/5722
f 5723/5723/5723 5724/5724/5724 5722/5722/5722
f 5725/5725/5725 5727/5727/5727 5726/5726/5726
f 5727/5727/5727 5728/5728/5728 5726/5726/5726
f 5729/5729/5729 5731/5731/5731 5730/5730/5730
f 5731/5731/5731 5732/5732/5732 5730/5730/5730
f 5733/5733/5733 5735/5735/5735 5734/5734/5734
f 5735/5735/5735 5736/5736/5736 5734/5734/5734
o spectral_chain0_8_192
usemtl ghost_chain
v -0.018433594130910932 2.007796876523644 0.014378905869089067
v -0.018433594130910932 2.007796876523644 -0.014378905869089067
v -0.018433594130910932 1.8672031234763562 0.014378905869089067
v -0.018433594130910932 1.8672031234763562 -0.014378905869089067
v -0.04719140586908907 2.007796876523644 -0.014378905869089067
v -0.04719140586908907 2.007796876523644 0.014378905869089067
v -0.04719140586908907 1.8672031234763562 -0.014378905869089067
v -0.04719140586908907 1.8672031234763562 0.014378905869089067
v -0.04719140586908907 2.007796876523644 -0.014378905869089067
v -0.018433594130910932 2.007796876523644 -0.014378905869089067
v -0.04719140586908907 2.007796876523644 0.014378905869089067
v -0.018433594130910932 2.007796876523644 0.014378905869089067
v -0.04719140586908907 1.8672031234763562 0.014378905869089067
v -0.018433594130910932 1.8672031234763562 0.014378905869089067
v -0.04719140586908907 1.8672031234763562 -0.014378905869089067
v -0.018433594130910932 1.8672031234763562 -0.014378905869089067
v -0.04719140586908907 2.007796876523644 0.014378905869089067
v -0.018433594130910932 2.007796876523644 0.014378905869089067
v -0.04719140586908907 1.8672031234763562 0.014378905869089067
v -0.018433594130910932 1.8672031234763562 0.014378905869089067
v -0.018433594130910932 2.007796876523644 -0.014378905869089067
v -0.04719140586908907 2.007796876523644 -0.014378905869089067
v -0.018433594130910932 1.8672031234763562 -0.014378905869089067
v -0.04719140586908907 1.8672031234763562 -0.014378905869089067
vt 0.625 0.3125
vt 0.6875 0.3125
vt 0.625 0.1875
vt 0.6875 0.1875
vt 0.625 0.3125
vt 0.6875 0.3125
vt 0.625 0.1875
vt 0.6875 0.1875
vt 0.625 0.25
vt 0.6875 0.25
vt 0.625 0.1875
vt 0.6875 0.1875
vt 0.625 0.25
vt 0.6875 0.25
vt 0.625 0.1875
vt 0.6875 0.1875
vt 0.625 0.3125
vt 0.6875 0.3125
vt 0.625 0.1875
vt 0.6875 0.1875
vt 0.625 0.3125
vt 0.6875 0.3125
vt 0.625 0.1875
vt 0.6875 0.1875
vn 1 0 0
vn 1 0 0
vn 1 0 0
vn 1 0 0
vn -1 0 0
vn -1 0 0
vn -1 0 0
vn -1 0 0
vn 0 1 0
vn 0 1 0
vn 0 1 0
vn 0 1 0
vn 0 -1 0
vn 0 -1 0
vn 0 -1 0
vn 0 -1 0
vn 0 0 1
vn 0 0 1
vn 0 0 1
vn 0 0 1
vn 0 0 -1
vn 0 0 -1
vn 0 0 -1
vn 0 0 -1
f 5737/5737/5737 5739/5739/5739 5738/5738/5738
f 5739/5739/5739 5740/5740/5740 5738/5738/5738
f 5741/5741/5741 5743/5743/5743 5742/5742/5742
f 5743/5743/5743 5744/5744/5744 5742/5742/5742
f 5745/5745/5745 5747/5747/5747 5746/5746/5746
f 5747/5747/5747 5748/5748/5748 5746/5746/5746
f 5749/5749/5749 5751/5751/5751 5750/5750/5750
f 5751/5751/5751 5752/5752/5752 5750/5750/5750
f 5753/5753/5753 5755/5755/5755 5754/5754/5754
f 5755/5755/5755 5756/5756/5756 5754/5754/5754
f 5757/5757/5757 5759/5759/5759 5758/5758/5758
f 5759/5759/5759 5760/5760/5760 5758/5758/5758
o spectral_chain0_8_193
usemtl ghost_chain
v 0.04940625 2.0070093746073545 0.014821874607354403
v 0.04940625 2.0070093746073545 -0.014821874607354403
v 0.04940625 1.9773656253926455 0.014821874607354403
v 0.04940625 1.9773656253926455 -0.014821874607354403
v -0.04940625 2.0070093746073545 -0.014821874607354403
v -0.04940625 2.0070093746073545 0.014821874607354403
v -0.04940625 1.9773656253926455 -0.014821874607354403
v -0.04940625 1.9773656253926455 0.014821874607354403
v -0.04940625 2.0070093746073545 -0.014821874607354403
v 0.04940625 2.0070093746073545 -0.014821874607354403
v -0.04940625 2.0070093746073545 0.014821874607354403
v 0.04940625 2.0070093746073545 0.014821874607354403
v -0.04940625 1.9773656253926455 0.014821874607354403
v 0.04940625 1.9773656253926455 0.014821874607354403
v -0.04940625 1.9773656253926455 -0.014821874607354403
v 0.04940625 1.9773656253926455 -0.014821874607354403
v -0.04940625 2.0070093746073545 0.014821874607354403
v 0.04940625 2.0070093746073545 0.014821874607354403
v -0.04940625 1.9773656253926455 0.014821874607354403
v 0.04940625 1.9773656253926455 0.014821874607354403
v 0.04940625 2.0070093746073545 -0.014821874607354403
v -0.04940625 2.0070093746073545 -0.014821874607354403
v 0.04940625 1.9773656253926455 -0.014821874607354403
v -0.04940625 1.9773656253926455 -0.014821874607354403
vt 0.6875 0.8125
vt 0.75 0.8125
vt 0.6875 0.75
vt 0.75 0.75
vt 0.6875 0.8125
vt 0.75 0.8125
vt 0.6875 0.75
vt 0.75 0.75
vt 0.6875 0.8125
vt 0.8125 0.8125
vt 0.6875 0.75
vt 0.8125 0.75
vt 0.6875 0.8125
vt 0.8125 0.8125
vt 0.6875 0.75
vt 0.8125 0.75
vt 0.6875 0.8125
vt 0.8125 0.8125
vt 0.6875 0.75
vt 0.8125 0.75
vt 0.6875 0.8125
vt 0.8125 0.8125
vt 0.6875 0.75
vt 0.8125 0.75
vn 1 0 0
vn 1 0 0
vn 1 0 0
vn 1 0 0
vn -1 0 0
vn -1 0 0
vn -1 0 0
vn -1 0 0
vn 0 1 0
vn 0 1 0
vn 0 1 0
vn 0 1 0
vn 0 -1 0
vn 0 -1 0
vn 0 -1 0
vn 0 -1 0
vn 0 0 1
vn 0 0 1
vn 0 0 1
vn 0 0 1
vn 0 0 -1
vn 0 0 -1
vn 0 0 -1
vn 0 0 -1
f 5761/5761/5761 5763/5763/5763 5762/5762/5762
f 5763/5763/5763 5764/5764/5764 5762/5762/5762
f 5765/5765/5765 5767/5767/5767 5766/5766/5766
f 5767/5767/5767 5768/5768/5768 5766/5766/5766
f 5769/5769/5769 5771/5771/5771 5770/5770/5770
f 5771/5771/5771 5772/5772/5772 5770/5770/5770
f 5773/5773/5773 5775/5775/5775 5774/5774/5774
f 5775/5775/5775 5776/5776/5776 5774/5774/5774
f 5777/5777/5777 5779/5779/5779 5778/5778/5778
f 5779/5779/5779 5780/5780/5780 5778/5778/5778
f 5781/5781/5781 5783/5783/5783 5782/5782/5782
f 5783/5783/5783 5784/5784/5784 5782/5782/5782
o spectral_chain0_8_194
usemtl ghost_chain
v 0.04814062499999999 1.8972546871174127 0.014442187117412686
v 0.04814062499999999 1.8972546871174127 -0.014442187117412686
v 0.04814062499999999 1.8683703128825873 0.014442187117412686
v 0.04814062499999999 1.8683703128825873 -0.014442187117412686
v -0.04814062499999999 1.8972546871174127 -0.014442187117412686
v -0.04814062499999999 1.8972546871174127 0.014442187117412686
v -0.04814062499999999 1.8683703128825873 -0.014442187117412686
v -0.04814062499999999 1.8683703128825873 0.014442187117412686
v -0.04814062499999999 1.8972546871174127 -0.014442187117412686
v 0.04814062499999999 1.8972546871174127 -0.014442187117412686
v -0.04814062499999999 1.8972546871174127 0.014442187117412686
v 0.04814062499999999 1.8972546871174127 0.014442187117412686
v -0.04814062499999999 1.8683703128825873 0.014442187117412686
v 0.04814062499999999 1.8683703128825873 0.014442187117412686
v -0.04814062499999999 1.8683703128825873 -0.014442187117412686
v 0.04814062499999999 1.8683703128825873 -0.014442187117412686
v -0.04814062499999999 1.8972546871174127 0.014442187117412686
v 0.04814062499999999 1.8972546871174127 0.014442187117412686
v -0.04814062499999999 1.8683703128825873 0.014442187117412686
v 0.04814062499999999 1.8683703128825873 0.014442187117412686
v 0.04814062499999999 1.8972546871174127 -0.014442187117412686
v -0.04814062499999999 1.8972546871174127 -0.014442187117412686
v 0.04814062499999999 1.8683703128825873 -0.014442187117412686
v -0.04814062499999999 1.8683703128825873 -0.014442187117412686
vt 0.6875 0.8125
vt 0.75 0.8125
vt 0.6875 0.75
vt 0.75 0.75
vt 0.6875 0.8125
vt 0.75 0.8125
vt 0.6875 0.75
vt 0.75 0.75
vt 0.6875 0.8125
vt 0.8125 0.8125
vt 0.6875 0.75
vt 0.8125 0.75
vt 0.6875 0.8125
vt 0.8125 0.8125
vt 0.6875 0.75
vt 0.8125 0.75
vt 0.6875 0.8125
vt 0.8125 0.8125
vt 0.6875 0.75
vt 0.8125 0.75
vt 0.6875 0.8125
vt 0.8125 0.8125
vt 0.6875 0.75
vt 0.8125 0.75
vn 1 0 0
vn 1 0 0
vn 1 0 0
vn 1 0 0
vn -1 0 0
vn -1 0 0
vn -1 0 0
vn -1 0 0
vn 0 1 0
vn 0 1 0
vn 0 1 0
vn 0 1 0
vn 0 -1 0
vn 0 -1 0
vn 0 -1 0
vn 0 -1 0
vn 0 0 1
vn 0 0 1
vn 0 0 1
vn 0 0 1
vn 0 0 -1
vn 0 0 -1
vn 0 0 -1
vn 0 0 -1
f 5785/5785/5785 5787/5787/5787 5786/5786/5786
f 5787/5787/5787 5788/5788/5788 5786/5786/5786
f 5789/5789/5789 5791/5791/5791 5790/5790/5790
f 5791/5791/5791 5792/5792/5792 5790/5790/5790
f 5793/5793/5793 5795/5795/5795 5794/5794/5794
f 5795/5795/5795 5796/5796/5796 5794/5794/5794
f 5797/5797/5797 5799/5799/5799 5798/5798/5798
f 5799/5799/5799 5800/5800/5800 5798/5798/5798
f 5801/5801/5801 5803/5803/5803 5802/5802/5802
f 5803/5803/5803 5804/5804/5804 5802/5802/5802
f 5805/5805/5805 5807/5807/5807 5806/5806/5806
f 5807/5807/5807 5808/5808/5808 5806/5806/5806
o spectral_chain0_9_195
usemtl ghost_chain
v 0.01406249962747097 2.006250001490116 0.04687499962747097
v 0.01406249962747097 2.006250001490116 0.01875000037252903
v 0.01406249962747097 1.8687499985098839 0.04687499962747097
v 0.01406249962747097 1.8687499985098839 0.01875000037252903
v -0.01406249962747097 2.006250001490116 0.01875000037252903
v -0.01406249962747097 2.006250001490116 0.04687499962747097
v -0.01406249962747097 1.8687499985098839 0.01875000037252903
v -0.01406249962747097 1.8687499985098839 0.04687499962747097
v -0.01406249962747097 2.006250001490116 0.01875000037252903
v 0.01406249962747097 2.006250001490116 0.01875000037252903
v -0.01406249962747097 2.006250001490116 0.04687499962747097
v 0.01406249962747097 2.006250001490116 0.04687499962747097
v -0.01406249962747097 1.8687499985098839 0.04687499962747097
v 0.01406249962747097 1.8687499985098839 0.04687499962747097
v -0.01406249962747097 1.8687499985098839 0.01875000037252903
v 0.01406249962747097 1.8687499985098839 0.01875000037252903
v -0.01406249962747097 2.006250001490116 0.04687499962747097
v 0.01406249962747097 2.006250001490116 0.04687499962747097
v -0.01406249962747097 1.8687499985098839 0.04687499962747097
v 0.01406249962747097 1.8687499985098839 0.04687499962747097
v 0.01406249962747097 2.006250001490116 0.01875000037252903
v -0.01406249962747097 2.006250001490116 0.01875000037252903
v 0.01406249962747097 1.8687499985098839 0.01875000037252903
v -0.01406249962747097 1.8687499985098839 0.01875000037252903
vt 0.625 0.3125
vt 0.6875 0.3125
vt 0.625 0.1875
vt 0.6875 0.1875
vt 0.625 0.3125
vt 0.6875 0.3125
vt 0.625 0.1875
vt 0.6875 0.1875
vt 0.625 0.25
vt 0.6875 0.25
vt 0.625 0.1875
vt 0.6875 0.1875
vt 0.625 0.25
vt 0.6875 0.25
vt 0.625 0.1875
vt 0.6875 0.1875
vt 0.625 0.3125
vt 0.6875 0.3125
vt 0.625 0.1875
vt 0.6875 0.1875
vt 0.625 0.3125
vt 0.6875 0.3125
vt 0.625 0.1875
vt 0.6875 0.1875
vn 1 0 0
vn 1 0 0
vn 1 0 0
vn 1 0 0
vn -1 0 0
vn -1 0 0
vn -1 0 0
vn -1 0 0
vn 0 1 0
vn 0 1 0
vn 0 1 0
vn 0 1 0
vn 0 -1 0
vn 0 -1 0
vn 0 -1 0
vn 0 -1 0
vn 0 0 1
vn 0 0 1
vn 0 0 1
vn 0 0 1
vn 0 0 -1
vn 0 0 -1
vn 0 0 -1
vn 0 0 -1
f 5809/5809/5809 5811/5811/5811 5810/5810/5810
f 5811/5811/5811 5812/5812/5812 5810/5810/5810
f 5813/5813/5813 5815/5815/5815 5814/5814/5814
f 5815/5815/5815 5816/5816/5816 5814/5814/5814
f 5817/5817/5817 5819/5819/5819 5818/5818/5818
f 5819/5819/5819 5820/5820/5820 5818/5818/5818
f 5821/5821/5821 5823/5823/5823 5822/5822/5822
f 5823/5823/5823 5824/5824/5824 5822/5822/5822
f 5825/5825/5825 5827/5827/5827 5826/5826/5826
f 5827/5827/5827 5828/5828/5828 5826/5826/5826
f 5829/5829/5829 5831/5831/5831 5830/5830/5830
f 5831/5831/5831 5832/5832/5832 5830/5830/5830
o spectral_chain0_9_195_back
usemtl ghost_chain
v 0.01406249962747097 2.006250001490116 -0.01875000037252903
v 0.01406249962747097 2.006250001490116 -0.04687499962747097
v 0.01406249962747097 1.8687499985098839 -0.01875000037252903
v 0.01406249962747097 1.8687499985098839 -0.04687499962747097
v -0.01406249962747097 2.006250001490116 -0.04687499962747097
v -0.01406249962747097 2.006250001490116 -0.01875000037252903
v -0.01406249962747097 1.8687499985098839 -0.04687499962747097
v -0.01406249962747097 1.8687499985098839 -0.01875000037252903
v -0.01406249962747097 2.006250001490116 -0.04687499962747097
v 0.01406249962747097 2.006250001490116 -0.04687499962747097
v -0.01406249962747097 2.006250001490116 -0.01875000037252903
v 0.01406249962747097 2.006250001490116 -0.01875000037252903
v -0.01406249962747097 1.8687499985098839 -0.01875000037252903
v 0.01406249962747097 1.8687499985098839 -0.01875000037252903
v -0.01406249962747097 1.8687499985098839 -0.04687499962747097
v 0.01406249962747097 1.8687499985098839 -0.04687499962747097
v -0.01406249962747097 2.006250001490116 -0.01875000037252903
v 0.01406249962747097 2.006250001490116 -0.01875000037252903
v -0.01406249962747097 1.8687499985098839 -0.01875000037252903
v 0.01406249962747097 1.8687499985098839 -0.01875000037252903
v 0.01406249962747097 2.006250001490116 -0.04687499962747097
v -0.01406249962747097 2.006250001490116 -0.04687499962747097
v 0.01406249962747097 1.8687499985098839 -0.04687499962747097
v -0.01406249962747097 1.8687499985098839 -0.04687499962747097
vt 0.625 0.3125
vt 0.6875 0.3125
vt 0.625 0.1875
vt 0.6875 0.1875
vt 0.625 0.3125
vt 0.6875 0.3125
vt 0.625 0.1875
vt 0.6875 0.1875
vt 0.625 0.25
vt 0.6875 0.25
vt 0.625 0.1875
vt 0.6875 0.1875
vt 0.625 0.25
vt 0.6875 0.25
vt 0.625 0.1875
vt 0.6875 0.1875
vt 0.625 0.3125
vt 0.6875 0.3125
vt 0.625 0.1875
vt 0.6875 0.1875
vt 0.625 0.3125
vt 0.6875 0.3125
vt 0.625 0.1875
vt 0.6875 0.1875
vn 1 0 0
vn 1 0 0
vn 1 0 0
vn 1 0 0
vn -1 0 0
vn -1 0 0
vn -1 0 0
vn -1 0 0
vn 0 1 0
vn 0 1 0
vn 0 1 0
vn 0 1 0
vn 0 -1 0
vn 0 -1 0
vn 0 -1 0
vn 0 -1 0
vn 0 0 1
vn 0 0 1
vn 0 0 1
vn 0 0 1
vn 0 0 -1
vn 0 0 -1
vn 0 0 -1
vn 0 0 -1
f 5833/5833/5833 5835/5835/5835 5834/5834/5834
f 5835/5835/5835 5836/5836/5836 5834/5834/5834
f 5837/5837/5837 5839/5839/5839 5838/5838/5838
f 5839/5839/5839 5840/5840/5840 5838/5838/5838
f 5841/5841/5841 5843/5843/5843 5842/5842/5842
f 5843/5843/5843 5844/5844/5844 5842/5842/5842
f 5845/5845/5845 5847/5847/5847 5846/5846/5846
f 5847/5847/5847 5848/5848/5848 5846/5846/5846
f 5849/5849/5849 5851/5851/5851 5850/5850/5850
f 5851/5851/5851 5852/5852/5852 5850/5850/5850
f 5853/5853/5853 5855/5855/5855 5854/5854/5854
f 5855/5855/5855 5856/5856/5856 5854/5854/5854
o spectral_chain0_9_196
usemtl ghost_chain
v 0.014505468365736306 2.008415626537055 -0.018307031634263695
v 0.014505468365736306 2.008415626537055 -0.047317968365736304
v 0.014505468365736306 1.8665843734629453 -0.018307031634263695
v 0.014505468365736306 1.8665843734629453 -0.047317968365736304
v -0.014505468365736306 2.008415626537055 -0.047317968365736304
v -0.014505468365736306 2.008415626537055 -0.018307031634263695
v -0.014505468365736306 1.8665843734629453 -0.047317968365736304
v -0.014505468365736306 1.8665843734629453 -0.018307031634263695
v -0.014505468365736306 2.008415626537055 -0.047317968365736304
v 0.014505468365736306 2.008415626537055 -0.047317968365736304
v -0.014505468365736306 2.008415626537055 -0.018307031634263695
v 0.014505468365736306 2.008415626537055 -0.018307031634263695
v -0.014505468365736306 1.8665843734629453 -0.018307031634263695
v 0.014505468365736306 1.8665843734629453 -0.018307031634263695
v -0.014505468365736306 1.8665843734629453 -0.047317968365736304
v 0.014505468365736306 1.8665843734629453 -0.047317968365736304
v -0.014505468365736306 2.008415626537055 -0.018307031634263695
v 0.014505468365736306 2.008415626537055 -0.018307031634263695
v -0.014505468365736306 1.8665843734629453 -0.018307031634263695
v 0.014505468365736306 1.8665843734629453 -0.018307031634263695
v 0.014505468365736306 2.008415626537055 -0.047317968365736304
v -0.014505468365736306 2.008415626537055 -0.047317968365736304
v 0.014505468365736306 1.8665843734629453 -0.047317968365736304
v -0.014505468365736306 1.8665843734629453 -0.047317968365736304
vt 0.625 0.3125
vt 0.6875 0.3125
vt 0.625 0.1875
vt 0.6875 0.1875
vt 0.625 0.3125
vt 0.6875 0.3125
vt 0.625 0.1875
vt 0.6875 0.1875
vt 0.625 0.25
vt 0.6875 0.25
vt 0.625 0.1875
vt 0.6875 0.1875
vt 0.625 0.25
vt 0.6875 0.25
vt 0.625 0.1875
vt 0.6875 0.1875
vt 0.625 0.3125
vt 0.6875 0.3125
vt 0.625 0.1875
vt 0.6875 0.1875
vt 0.625 0.3125
vt 0.6875 0.3125
vt 0.625 0.1875
vt 0.6875 0.1875
vn 1 0 0
vn 1 0 0
vn 1 0 0
vn 1 0 0
vn -1 0 0
vn -1 0 0
vn -1 0 0
vn -1 0 0
vn 0 1 0
vn 0 1 0
vn 0 1 0
vn 0 1 0
vn 0 -1 0
vn 0 -1 0
vn 0 -1 0
vn 0 -1 0
vn 0 0 1
vn 0 0 1
vn 0 0 1
vn 0 0 1
vn 0 0 -1
vn 0 0 -1
vn 0 0 -1
vn 0 0 -1
f 5857/5857/5857 5859/5859/5859 5858/5858/5858
f 5859/5859/5859 5860/5860/5860 5858/5858/5858
f 5861/5861/5861 5863/5863/5863 5862/5862/5862
f 5863/5863/5863 5864/5864/5864 5862/5862/5862
f 5865/5865/5865 5867/5867/5867 5866/5866/5866
f 5867/5867/5867 5868/5868/5868 5866/5866/5866
f 5869/5869/5869 5871/5871/5871 5870/5870/5870
f 5871/5871/5871 5872/5872/5872 5870/5870/5870
f 5873/5873/5873 5875/5875/5875 5874/5874/5874
f 5875/5875/5875 5876/5876/5876 5874/5874/5874
f 5877/5877/5877 5879/5879/5879 5878/5878/5878
f 5879/5879/5879 5880/5880/5880 5878/5878/5878
o spectral_chain0_9_196_back
usemtl ghost_chain
v 0.014505468365736306 2.008415626537055 0.047317968365736304
v 0.014505468365736306 2.008415626537055 0.018307031634263695
v 0.014505468365736306 1.8665843734629453 0.047317968365736304
v 0.014505468365736306 1.8665843734629453 0.018307031634263695
v -0.014505468365736306 2.008415626537055 0.018307031634263695
v -0.014505468365736306 2.008415626537055 0.047317968365736304
v -0.014505468365736306 1.8665843734629453 0.018307031634263695
v -0.014505468365736306 1.8665843734629453 0.047317968365736304
v -0.014505468365736306 2.008415626537055 0.018307031634263695
v 0.014505468365736306 2.008415626537055 0.018307031634263695
v -0.014505468365736306 2.008415626537055 0.047317968365736304
v 0.014505468365736306 2.008415626537055 0.047317968365736304
v -0.014505468365736306 1.8665843734629453 0.047317968365736304
v 0.014505468365736306 1.8665843734629453 0.047317968365736304
v -0.014505468365736306 1.8665843734629453 0.018307031634263695
v 0.014505468365736306 1.8665843734629453 0.018307031634263695
v -0.014505468365736306 2.008415626537055 0.047317968365736304
v 0.014505468365736306 2.008415626537055 0.047317968365736304
v -0.014505468365736306 1.8665843734629453 0.047317968365736304
v 0.014505468365736306 1.8665843734629453 0.047317968365736304
v 0.014505468365736306 2.008415626537055 0.018307031634263695
v -0.014505468365736306 2.008415626537055 0.018307031634263695
v 0.014505468365736306 1.8665843734629453 0.018307031634263695
v -0.014505468365736306 1.8665843734629453 0.018307031634263695
vt 0.625 0.3125
vt 0.6875 0.3125
vt 0.625 0.1875
vt 0.6875 0.1875
vt 0.625 0.3125
vt 0.6875 0.3125
vt 0.625 0.1875
vt 0.6875 0.1875
vt 0.625 0.25
vt 0.6875 0.25
vt 0.625 0.1875
vt 0.6875 0.1875
vt 0.625 0.25
vt 0.6875 0.25
vt 0.625 0.1875
vt 0.6875 0.1875
vt 0.625 0.3125
vt 0.6875 0.3125
vt 0.625 0.1875
vt 0.6875 0.1875
vt 0.625 0.3125
vt 0.6875 0.3125
vt 0.625 0.1875
vt 0.6875 0.1875
vn 1 0 0
vn 1 0 0
vn 1 0 0
vn 1 0 0
vn -1 0 0
vn -1 0 0
vn -1 0 0
vn -1 0 0
vn 0 1 0
vn 0 1 0
vn 0 1 0
vn 0 1 0
vn 0 -1 0
vn 0 -1 0
vn 0 -1 0
vn 0 -1 0
vn 0 0 1
vn 0 0 1
vn 0 0 1
vn 0 0 1
vn 0 0 -1
vn 0 0 -1
vn 0 0 -1
vn 0 0 -1
f 5881/5881/5881 5883/5883/5883 5882/5882/5882
f 5883/5883/5883 5884/5884/5884 5882/5882/5882
f 5885/5885/5885 5887/5887/5887 5886/5886/5886
f 5887/5887/5887 5888/5888/5888 5886/5886/5886
f 5889/5889/5889 5891/5891/5891 5890/5890/5890
f 5891/5891/5891 5892/5892/5892 5890/5890/5890
f 5893/5893/5893 5895/5895/5895 5894/5894/5894
f 5895/5895/5895 5896/5896/5896 5894/5894/5894
f 5897/5897/5897 5899/5899/5899 5898/5898/5898
f 5899/5899/5899 5900/5900/5900 5898/5898/5898
f 5901/5901/5901 5903/5903/5903 5902/5902/5902
f 5903/5903/5903 5904/5904/5904 5902/5902/5902
o spectral_chain0_9_197
usemtl ghost_chain
v 0.014125780875794589 2.0063132808757946 0.047085937499999994
v 0.014125780875794589 2.0063132808757946 -0.047085937499999994
v 0.014125780875794589 1.9780617191242054 0.047085937499999994
v 0.014125780875794589 1.9780617191242054 -0.047085937499999994
v -0.014125780875794589 2.0063132808757946 -0.047085937499999994
v -0.014125780875794589 2.0063132808757946 0.047085937499999994
v -0.014125780875794589 1.9780617191242054 -0.047085937499999994
v -0.014125780875794589 1.9780617191242054 0.047085937499999994
v -0.014125780875794589 2.0063132808757946 -0.047085937499999994
v 0.014125780875794589 2.0063132808757946 -0.047085937499999994
v -0.014125780875794589 2.0063132808757946 0.047085937499999994
v 0.014125780875794589 2.0063132808757946 0.047085937499999994
v -0.014125780875794589 1.9780617191242054 0.047085937499999994
v 0.014125780875794589 1.9780617191242054 0.047085937499999994
v -0.014125780875794589 1.9780617191242054 -0.047085937499999994
v 0.014125780875794589 1.9780617191242054 -0.047085937499999994
v -0.014125780875794589 2.0063132808757946 0.047085937499999994
v 0.014125780875794589 2.0063132808757946 0.047085937499999994
v -0.014125780875794589 1.9780617191242054 0.047085937499999994
v 0.014125780875794589 1.9780617191242054 0.047085937499999994
v 0.014125780875794589 2.0063132808757946 -0.047085937499999994
v -0.014125780875794589 2.0063132808757946 -0.047085937499999994
v 0.014125780875794589 1.9780617191242054 -0.047085937499999994
v -0.014125780875794589 1.9780617191242054 -0.047085937499999994
vt 0.1875 1
vt 0.3125 1
vt 0.1875 0.9375
vt 0.3125 0.9375
vt 0.1875 1
vt 0.3125 1
vt 0.1875 0.9375
vt 0.3125 0.9375
vt 0.1875 1.0625
vt 0.25 1.0625
vt 0.1875 0.9375
vt 0.25 0.9375
vt 0.1875 1.0625
vt 0.25 1.0625
vt 0.1875 0.9375
vt 0.25 0.9375
vt 0.1875 1
vt 0.25 1
vt 0.1875 0.9375
vt 0.25 0.9375
vt 0.1875 1
vt 0.25 1
vt 0.1875 0.9375
vt 0.25 0.9375
vn 1 0 0
vn 1 0 0
vn 1 0 0
vn 1 0 0
vn -1 0 0
vn -1 0 0
vn -1 0 0
vn -1 0 0
vn 0 1 0
vn 0 1 0
vn 0 1 0
vn 0 1 0
vn 0 -1 0
vn 0 -1 0
vn 0 -1 0
vn 0 -1 0
vn 0 0 1
vn 0 0 1
vn 0 0 1
vn 0 0 1
vn 0 0 -1
vn 0 0 -1
vn 0 0 -1
vn 0 0 -1
f 5905/5905/5905 5907/5907/5907 5906/5906/5906
f 5907/5907/5907 5908/5908/5908 5906/5906/5906
f 5909/5909/5909 5911/5911/5911 5910/5910/5910
f 5911/5911/5911 5912/5912/5912 5910/5910/5910
f 5913/5913/5913 5915/5915/5915 5914/5914/5914
f 5915/5915/5915 5916/5916/5916 5914/5914/5914
f 5917/5917/5917 5919/5919/5919 5918/5918/5918
f 5919/5919/5919 5920/5920/5920 5918/5918/5918
f 5921/5921/5921 5923/5923/5923 5922/5922/5922
f 5923/5923/5923 5924/5924/5924 5922/5922/5922
f 5925/5925/5925 5927/5927/5927 5926/5926/5926
f 5927/5927/5927 5928/5928/5928 5926/5926/5926
o spectral_chain0_9_198
usemtl ghost_chain
v 0.014568749614059925 1.8973812496140599 0.0485625
v 0.014568749614059925 1.8973812496140599 -0.0485625
v 0.014568749614059925 1.8682437503859401 0.0485625
v 0.014568749614059925 1.8682437503859401 -0.0485625
v -0.014568749614059925 1.8973812496140599 -0.0485625
v -0.014568749614059925 1.8973812496140599 0.0485625
v -0.014568749614059925 1.8682437503859401 -0.0485625
v -0.014568749614059925 1.8682437503859401 0.0485625
v -0.014568749614059925 1.8973812496140599 -0.0485625
v 0.014568749614059925 1.8973812496140599 -0.0485625
v -0.014568749614059925 1.8973812496140599 0.0485625
v 0.014568749614059925 1.8973812496140599 0.0485625
v -0.014568749614059925 1.8682437503859401 0.0485625
v 0.014568749614059925 1.8682437503859401 0.0485625
v -0.014568749614059925 1.8682437503859401 -0.0485625
v 0.014568749614059925 1.8682437503859401 -0.0485625
v -0.014568749614059925 1.8973812496140599 0.0485625
v 0.014568749614059925 1.8973812496140599 0.0485625
v -0.014568749614059925 1.8682437503859401 0.0485625
v 0.014568749614059925 1.8682437503859401 0.0485625
v 0.014568749614059925 1.8973812496140599 -0.0485625
v -0.014568749614059925 1.8973812496140599 -0.0485625
v 0.014568749614059925 1.8682437503859401 -0.0485625
v -0.014568749614059925 1.8682437503859401 -0.0485625
vt 0.1875 1
vt 0.3125 1
vt 0.1875 0.9375
vt 0.3125 0.9375
vt 0.1875 1
vt 0.3125 1
vt 0.1875 0.9375
vt 0.3125 0.9375
vt 0.1875 1.0625
vt 0.25 1.0625
vt 0.1875 0.9375
vt 0.25 0.9375
vt 0.1875 1.0625
vt 0.25 1.0625
vt 0.1875 0.9375
vt 0.25 0.9375
vt 0.1875 1
vt 0.25 1
vt 0.1875 0.9375
vt 0.25 0.9375
vt 0.1875 1
vt 0.25 1
vt 0.1875 0.9375
vt 0.25 0.9375
vn 1 0 0
vn 1 0 0
vn 1 0 0
vn 1 0 0
vn -1 0 0
vn -1 0 0
vn -1 0 0
vn -1 0 0
vn 0 1 0
vn 0 1 0
vn 0 1 0
vn 0 1 0
vn 0 -1 0
vn 0 -1 0
vn 0 -1 0
vn 0 -1 0
vn 0 0 1
vn 0 0 1
vn 0 0 1
vn 0 0 1
vn 0 0 -1
vn 0 0 -1
vn 0 0 -1
vn 0 0 -1
f 5929/5929/5929 5931/5931/5931 5930/5930/5930
f 5931/5931/5931 5932/5932/5932 5930/5930/5930
f 5933/5933/5933 5935/5935/5935 5934/5934/5934
f 5935/5935/5935 5936/5936/5936 5934/5934/5934
f 5937/5937/5937 5939/5939/5939 5938/5938/5938
f 5939/5939/5939 5940/5940/5940 5938/5938/5938
f 5941/5941/5941 5943/5943/5943 5942/5942/5942
f 5943/5943/5943 5944/5944/5944 5942/5942/5942
f 5945/5945/5945 5947/5947/5947 5946/5946/5946
f 5947/5947/5947 5948/5948/5948 5946/5946/5946
f 5949/5949/5949 5951/5951/5951 5950/5950/5950
f 5951/5951/5951 5952/5952/5952 5950/5950/5950
o spectral_chain1_0_199
usemtl ghost_chain
v 0.04700156212411821 2.0068687515035273 0.014189062124118208
v 0.04700156212411821 2.0068687515035273 -0.014189062124118208
v 0.04700156212411821 1.868131248496473 0.014189062124118208
v 0.04700156212411821 1.868131248496473 -0.014189062124118208
v 0.018623437875881794 2.0068687515035273 -0.014189062124118208
v 0.018623437875881794 2.0068687515035273 0.014189062124118208
v 0.018623437875881794 1.868131248496473 -0.014189062124118208
v 0.018623437875881794 1.868131248496473 0.014189062124118208
v 0.018623437875881794 2.0068687515035273 -0.014189062124118208
v 0.04700156212411821 2.0068687515035273 -0.014189062124118208
v 0.018623437875881794 2.0068687515035273 0.014189062124118208
v 0.04700156212411821 2.0068687515035273 0.014189062124118208
v 0.018623437875881794 1.868131248496473 0.014189062124118208
v 0.04700156212411821 1.868131248496473 0.014189062124118208
v 0.018623437875881794 1.868131248496473 -0.014189062124118208
v 0.04700156212411821 1.868131248496473 -0.014189062124118208
v 0.018623437875881794 2.0068687515035273 0.014189062124118208
v 0.04700156212411821 2.0068687515035273 0.014189062124118208
v 0.018623437875881794 1.868131248496473 0.014189062124118208
v 0.04700156212411821 1.868131248496473 0.014189062124118208
v 0.04700156212411821 2.0068687515035273 -0.014189062124118208
v 0.018623437875881794 2.0068687515035273 -0.014189062124118208
v 0.04700156212411821 1.868131248496473 -0.014189062124118208
v 0.018623437875881794 1.868131248496473 -0.014189062124118208
vt 0.625 0.3125
vt 0.6875 0.3125
vt 0.625 0.1875
vt 0.6875 0.1875
vt 0.625 0.3125
vt 0.6875 0.3125
vt 0.625 0.1875
vt 0.6875 0.1875
vt 0.625 0.25
vt 0.6875 0.25
vt 0.625 0.1875
vt 0.6875 0.1875
vt 0.625 0.25
vt 0.6875 0.25
vt 0.625 0.1875
vt 0.6875 0.1875
vt 0.625 0.3125
vt 0.6875 0.3125
vt 0.625 0.1875
vt 0.6875 0.1875
vt 0.625 0.3125
vt 0.6875 0.3125
vt 0.625 0.1875
vt 0.6875 0.1875
vn 0.9999999999999999 0 0
vn 0.9999999999999999 0 0
vn 0.9999999999999999 0 0
vn 0.9999999999999999 0 0
vn -0.9999999999999999 0 0
vn -0.9999999999999999 0 0
vn -0.9999999999999999 0 0
vn -0.9999999999999999 0 0
vn 0 0.9999999999999999 0
vn 0 0.9999999999999999 0
vn 0 0.9999999999999999 0
vn 0 0.9999999999999999 0
vn 0 -0.9999999999999999 0
vn 0 -0.9999999999999999 0
vn 0 -0.9999999999999999 0
vn 0 -0.9999999999999999 0
vn 0 0 0.9999999999999999
vn 0 0 0.9999999999999999
vn 0 0 0.9999999999999999
vn 0 0 0.9999999999999999
vn 0 0 -0.9999999999999999
vn 0 0 -0.9999999999999999
vn 0 0 -0.9999999999999999
vn 0 0 -0.9999999999999999
f 5953/5953/5953 5955/5955/5955 5954/5954/5954
f 5955/5955/5955 5956/5956/5956 5954/5954/5954
f 5957/5957/5957 5959/5959/5959 5958/5958/5958
f 5959/5959/5959 5960/5960/5960 5958/5958/5958
f 5961/5961/5961 5963/5963/5963 5962/5962/5962
f 5963/5963/5963 5964/5964/5964 5962/5962/5962
f 5965/5965/5965 5967/5967/5967 5966/5966/5966
f 5967/5967/5967 5968/5968/5968 5966/5966/5966
f 5969/5969/5969 5971/5971/5971 5970/5970/5970
f 5971/5971/5971 5972/5972/5972 5970/5970/5970
f 5973/5973/5973 5975/5975/5975 5974/5974/5974
f 5975/5975/5975 5976/5976/5976 5974/5974/5974
o spectral_chain1_0_200
usemtl ghost_chain
v -0.018180469137616458 2.0090343765504657 0.014632030862383544
v -0.018180469137616458 2.0090343765504657 -0.014632030862383544
v -0.018180469137616458 1.865965623449534 0.014632030862383544
v -0.018180469137616458 1.865965623449534 -0.014632030862383544
v -0.047444530862383545 2.0090343765504657 -0.014632030862383544
v -0.047444530862383545 2.0090343765504657 0.014632030862383544
v -0.047444530862383545 1.865965623449534 -0.014632030862383544
v -0.047444530862383545 1.865965623449534 0.014632030862383544
v -0.047444530862383545 2.0090343765504657 -0.014632030862383544
v -0.018180469137616458 2.0090343765504657 -0.014632030862383544
v -0.047444530862383545 2.0090343765504657 0.014632030862383544
v -0.018180469137616458 2.0090343765504657 0.014632030862383544
v -0.047444530862383545 1.865965623449534 0.014632030862383544
v -0.018180469137616458 1.865965623449534 0.014632030862383544
v -0.047444530862383545 1.865965623449534 -0.014632030862383544
v -0.018180469137616458 1.865965623449534 -0.014632030862383544
v -0.047444530862383545 2.0090343765504657 0.014632030862383544
v -0.018180469137616458 2.0090343765504657 0.014632030862383544
v -0.047444530862383545 1.865965623449534 0.014632030862383544
v -0.018180469137616458 1.865965623449534 0.014632030862383544
v -0.018180469137616458 2.0090343765504657 -0.014632030862383544
v -0.047444530862383545 2.0090343765504657 -0.014632030862383544
v -0.018180469137616458 1.865965623449534 -0.014632030862383544
v -0.047444530862383545 1.865965623449534 -0.014632030862383544
vt 0.625 0.3125
vt 0.6875 0.3125
vt 0.625 0.1875
vt 0.6875 0.1875
vt 0.625 0.3125
vt 0.6875 0.3125
vt 0.625 0.1875
vt 0.6875 0.1875
vt 0.625 0.25
vt 0.6875 0.25
vt 0.625 0.1875
vt 0.6875 0.1875
vt 0.625 0.25
vt 0.6875 0.25
vt 0.625 0.1875
vt 0.6875 0.1875
vt 0.625 0.3125
vt 0.6875 0.3125
vt 0.625 0.1875
vt 0.6875 0.1875
vt 0.625 0.3125
vt 0.6875 0.3125
vt 0.625 0.1875
vt 0.6875 0.1875
vn 1 0 0
vn 1 0 0
vn 1 0 0
vn 1 0 0
vn -1 0 0
vn -1 0 0
vn -1 0 0
vn -1 0 0
vn 0 1 0
vn 0 1 0
vn 0 1 0
vn 0 1 0
vn 0 -1 0
vn 0 -1 0
vn 0 -1 0
vn 0 -1 0
vn 0 0 1
vn 0 0 1
vn 0 0 1
vn 0 0 1
vn 0 0 -1
vn 0 0 -1
vn 0 0 -1
vn 0 0 -1
f 5977/5977/5977 5979/5979/5979 5978/5978/5978
f 5979/5979/5979 5980/5980/5980 5978/5978/5978
f 5981/5981/5981 5983/5983/5983 5982/5982/5982
f 5983/5983/5983 5984/5984/5984 5982/5982/5982
f 5985/5985/5985 5987/5987/5987 5986/5986/5986
f 5987/5987/5987 5988/5988/5988 5986/5986/5986
f 5989/5989/5989 5991/5991/5991 5990/5990/5990
f 5991/5991/5991 5992/5992/5992 5990/5990/5990
f 5993/5993/5993 5995/5995/5995 5994/5994/5994
f 5995/5995/5995 5996/5996/5996 5994/5994/5994
f 5997/5997/5997 5999/5999/5999 5998/5998/5998
f 5999/5999/5999 6000/6000/6000 5998/5998/5998
o spectral_chain1_0_201
usemtl ghost_chain
v 0.0475078125 2.006439843372442 0.01425234337244183
v 0.0475078125 2.006439843372442 -0.01425234337244183
v 0.0475078125 1.9779351566275583 0.01425234337244183
v 0.0475078125 1.9779351566275583 -0.01425234337244183
v -0.0475078125 2.006439843372442 -0.01425234337244183
v -0.0475078125 2.006439843372442 0.01425234337244183
v -0.0475078125 1.9779351566275583 -0.01425234337244183
v -0.0475078125 1.9779351566275583 0.01425234337244183
v -0.0475078125 2.006439843372442 -0.01425234337244183
v 0.0475078125 2.006439843372442 -0.01425234337244183
v -0.0475078125 2.006439843372442 0.01425234337244183
v 0.0475078125 2.006439843372442 0.01425234337244183
v -0.0475078125 1.9779351566275583 0.01425234337244183
v 0.0475078125 1.9779351566275583 0.01425234337244183
v -0.0475078125 1.9779351566275583 -0.01425234337244183
v 0.0475078125 1.9779351566275583 -0.01425234337244183
v -0.0475078125 2.006439843372442 0.01425234337244183
v 0.0475078125 2.006439843372442 0.01425234337244183
v -0.0475078125 1.9779351566275583 0.01425234337244183
v 0.0475078125 1.9779351566275583 0.01425234337244183
v 0.0475078125 2.006439843372442 -0.01425234337244183
v -0.0475078125 2.006439843372442 -0.01425234337244183
v 0.0475078125 1.9779351566275583 -0.01425234337244183
v -0.0475078125 1.9779351566275583 -0.01425234337244183
vt 0.6875 0.8125
vt 0.75 0.8125
vt 0.6875 0.75
vt 0.75 0.75
vt 0.6875 0.8125
vt 0.75 0.8125
vt 0.6875 0.75
vt 0.75 0.75
vt 0.6875 0.8125
vt 0.8125 0.8125
vt 0.6875 0.75
vt 0.8125 0.75
vt 0.6875 0.8125
vt 0.8125 0.8125
vt 0.6875 0.75
vt 0.8125 0.75
vt 0.6875 0.8125
vt 0.8125 0.8125
vt 0.6875 0.75
vt 0.8125 0.75
vt 0.6875 0.8125
vt 0.8125 0.8125
vt 0.6875 0.75
vt 0.8125 0.75
vn 1 0 0
vn 1 0 0
vn 1 0 0
vn 1 0 0
vn -1 0 0
vn -1 0 0
vn -1 0 0
vn -1 0 0
vn 0 1 0
vn 0 1 0
vn 0 1 0
vn 0 1 0
vn 0 -1 0
vn 0 -1 0
vn 0 -1 0
vn 0 -1 0
vn 0 0 1
vn 0 0 1
vn 0 0 1
vn 0 0 1
vn 0 0 -1
vn 0 0 -1
vn 0 0 -1
vn 0 0 -1
f 6001/6001/6001 6003/6003/6003 6002/6002/6002
f 6003/6003/6003 6004/6004/6004 6002/6002/6002
f 6005/6005/6005 6007/6007/6007 6006/6006/6006
f 6007/6007/6007 6008/6008/6008 6006/6006/6006
f 6009/6009/6009 6011/6011/6011 6010/6010/6010
f 6011/6011/6011 6012/6012/6012 6010/6010/6010
f 6013/6013/6013 6015/6015/6015 6014/6014/6014
f 6015/6015/6015 6016/6016/6016 6014/6014/6014
f 6017/6017/6017 6019/6019/6019 6018/6018/6018
f 6019/6019/6019 6020/6020/6020 6018/6018/6018
f 6021/6021/6021 6023/6023/6023 6022/6022/6022
f 6023/6023/6023 6024/6024/6024 6022/6022/6022
o spectral_chain1_0_202
usemtl ghost_chain
v 0.048984375 1.8975078121107072 0.014695312110707162
v 0.048984375 1.8975078121107072 -0.014695312110707162
v 0.048984375 1.8681171878892928 0.014695312110707162
v 0.048984375 1.8681171878892928 -0.014695312110707162
v -0.048984375 1.8975078121107072 -0.014695312110707162
v -0.048984375 1.8975078121107072 0.014695312110707162
v -0.048984375 1.8681171878892928 -0.014695312110707162
v -0.048984375 1.8681171878892928 0.014695312110707162
v -0.048984375 1.8975078121107072 -0.014695312110707162
v 0.048984375 1.8975078121107072 -0.014695312110707162
v -0.048984375 1.8975078121107072 0.014695312110707162
v 0.048984375 1.8975078121107072 0.014695312110707162
v -0.048984375 1.8681171878892928 0.014695312110707162
v 0.048984375 1.8681171878892928 0.014695312110707162
v -0.048984375 1.8681171878892928 -0.014695312110707162
v 0.048984375 1.8681171878892928 -0.014695312110707162
v -0.048984375 1.8975078121107072 0.014695312110707162
v 0.048984375 1.8975078121107072 0.014695312110707162
v -0.048984375 1.8681171878892928 0.014695312110707162
v 0.048984375 1.8681171878892928 0.014695312110707162
v 0.048984375 1.8975078121107072 -0.014695312110707162
v -0.048984375 1.8975078121107072 -0.014695312110707162
v 0.048984375 1.8681171878892928 -0.014695312110707162
v -0.048984375 1.8681171878892928 -0.014695312110707162
vt 0.6875 0.8125
vt 0.75 0.8125
vt 0.6875 0.75
vt 0.75 0.75
vt 0.6875 0.8125
vt 0.75 0.8125
vt 0.6875 0.75
vt 0.75 0.75
vt 0.6875 0.8125
vt 0.8125 0.8125
vt 0.6875 0.75
vt 0.8125 0.75
vt 0.6875 0.8125
vt 0.8125 0.8125
vt 0.6875 0.75
vt 0.8125 0.75
vt 0.6875 0.8125
vt 0.8125 0.8125
vt 0.6875 0.75
vt 0.8125 0.75
vt 0.6875 0.8125
vt 0.8125 0.8125
vt 0.6875 0.75
vt 0.8125 0.75
vn 1 0 0
vn 1 0 0
vn 1 0 0
vn 1 0 0
vn -1 0 0
vn -1 0 0
vn -1 0 0
vn -1 0 0
vn 0 1 0
vn 0 1 0
vn 0 1 0
vn 0 1 0
vn 0 -1 0
vn 0 -1 0
vn 0 -1 0
vn 0 -1 0
vn 0 0 1
vn 0 0 1
vn 0 0 1
vn 0 0 1
vn 0 0 -1
vn 0 0 -1
vn 0 0 -1
vn 0 0 -1
f 6025/6025/6025 6027/6027/6027 6026/6026/6026
f 6027/6027/6027 6028/6028/6028 6026/6026/6026
f 6029/6029/6029 6031/6031/6031 6030/6030/6030
f 6031/6031/6031 6032/6032/6032 6030/6030/6030
f 6033/6033/6033 6035/6035/6035 6034/6034/6034
f 6035/6035/6035 6036/6036/6036 6034/6034/6034
f 6037/6037/6037 6039/6039/6039 6038/6038/6038
f 6039/6039/6039 6040/6040/6040 6038/6038/6038
f 6041/6041/6041 6043/6043/6043 6042/6042/6042
f 6043/6043/6043 6044/6044/6044 6042/6042/6042
f 6045/6045/6045 6047/6047/6047 6046/6046/6046
f 6047/6047/6047 6048/6048/6048 6046/6046/6046
o spectral_chain1_1_203
usemtl ghost_chain
v 0.014315624620765448 2.007487501516938 0.047128124620765446
v 0.014315624620765448 2.007487501516938 0.018496875379234553
v 0.014315624620765448 1.8675124984830618 0.047128124620765446
v 0.014315624620765448 1.8675124984830618 0.018496875379234553
v -0.014315624620765448 2.007487501516938 0.018496875379234553
v -0.014315624620765448 2.007487501516938 0.047128124620765446
v -0.014315624620765448 1.8675124984830618 0.018496875379234553
v -0.014315624620765448 1.8675124984830618 0.047128124620765446
v -0.014315624620765448 2.007487501516938 0.018496875379234553
v 0.014315624620765448 2.007487501516938 0.018496875379234553
v -0.014315624620765448 2.007487501516938 0.047128124620765446
v 0.014315624620765448 2.007487501516938 0.047128124620765446
v -0.014315624620765448 1.8675124984830618 0.047128124620765446
v 0.014315624620765448 1.8675124984830618 0.047128124620765446
v -0.014315624620765448 1.8675124984830618 0.018496875379234553
v 0.014315624620765448 1.8675124984830618 0.018496875379234553
v -0.014315624620765448 2.007487501516938 0.047128124620765446
v 0.014315624620765448 2.007487501516938 0.047128124620765446
v -0.014315624620765448 1.8675124984830618 0.047128124620765446
v 0.014315624620765448 1.8675124984830618 0.047128124620765446
v 0.014315624620765448 2.007487501516938 0.018496875379234553
v -0.014315624620765448 2.007487501516938 0.018496875379234553
v 0.014315624620765448 1.8675124984830618 0.018496875379234553
v -0.014315624620765448 1.8675124984830618 0.018496875379234553
vt 0.625 0.3125
vt 0.6875 0.3125
vt 0.625 0.1875
vt 0.6875 0.1875
vt 0.625 0.3125
vt 0.6875 0.3125
vt 0.625 0.1875
vt 0.6875 0.1875
vt 0.625 0.25
vt 0.6875 0.25
vt 0.625 0.1875
vt 0.6875 0.1875
vt 0.625 0.25
vt 0.6875 0.25
vt 0.625 0.1875
vt 0.6875 0.1875
vt 0.625 0.3125
vt 0.6875 0.3125
vt 0.625 0.1875
vt 0.6875 0.1875
vt 0.625 0.3125
vt 0.6875 0.3125
vt 0.625 0.1875
vt 0.6875 0.1875
vn 0.9999999999999999 0 0
vn 0.9999999999999999 0 0
vn 0.9999999999999999 0 0
vn 0.9999999999999999 0 0
vn -0.9999999999999999 0 0
vn -0.9999999999999999 0 0
vn -0.9999999999999999 0 0
vn -0.9999999999999999 0 0
vn 0 0.9999999999999999 0
vn 0 0.9999999999999999 0
vn 0 0.9999999999999999 0
vn 0 0.9999999999999999 0
vn 0 -0.9999999999999999 0
vn 0 -0.9999999999999999 0
vn 0 -0.9999999999999999 0
vn 0 -0.9999999999999999 0
vn 0 0 0.9999999999999999
vn 0 0 0.9999999999999999
vn 0 0 0.9999999999999999
vn 0 0 0.9999999999999999
vn 0 0 -0.9999999999999999
vn 0 0 -0.9999999999999999
vn 0 0 -0.9999999999999999
vn 0 0 -0.9999999999999999
f 6049/6049/6049 6051/6051/6051 6050/6050/6050
f 6051/6051/6051 6052/6052/6052 6050/6050/6050
f 6053/6053/6053 6055/6055/6055 6054/6054/6054
f 6055/6055/6055 6056/6056/6056 6054/6054/6054
f 6057/6057/6057 6059/6059/6059 6058/6058/6058
f 6059/6059/6059 6060/6060/6060 6058/6058/6058
f 6061/6061/6061 6063/6063/6063 6062/6062/6062
f 6063/6063/6063 6064/6064/6064 6062/6062/6062
f 6065/6065/6065 6067/6067/6067 6066/6066/6066
f 6067/6067/6067 6068/6068/6068 6066/6066/6066
f 6069/6069/6069 6071/6071/6071 6070/6070/6070
f 6071/6071/6071 6072/6072/6072 6070/6070/6070
o spectral_chain1_1_203_back
usemtl ghost_chain
v 0.014315624620765448 2.007487501516938 -0.018496875379234553
v 0.014315624620765448 2.007487501516938 -0.047128124620765446
v 0.014315624620765448 1.8675124984830618 -0.018496875379234553
v 0.014315624620765448 1.8675124984830618 -0.047128124620765446
v -0.014315624620765448 2.007487501516938 -0.047128124620765446
v -0.014315624620765448 2.007487501516938 -0.018496875379234553
v -0.014315624620765448 1.8675124984830618 -0.047128124620765446
v -0.014315624620765448 1.8675124984830618 -0.018496875379234553
v -0.014315624620765448 2.007487501516938 -0.047128124620765446
v 0.014315624620765448 2.007487501516938 -0.047128124620765446
v -0.014315624620765448 2.007487501516938 -0.018496875379234553
v 0.014315624620765448 2.007487501516938 -0.018496875379234553
v -0.014315624620765448 1.8675124984830618 -0.018496875379234553
v 0.014315624620765448 1.8675124984830618 -0.018496875379234553
v -0.014315624620765448 1.8675124984830618 -0.047128124620765446
v 0.014315624620765448 1.8675124984830618 -0.047128124620765446
v -0.014315624620765448 2.007487501516938 -0.018496875379234553
v 0.014315624620765448 2.007487501516938 -0.018496875379234553
v -0.014315624620765448 1.8675124984830618 -0.018496875379234553
v 0.014315624620765448 1.8675124984830618 -0.018496875379234553
v 0.014315624620765448 2.007487501516938 -0.047128124620765446
v -0.014315624620765448 2.007487501516938 -0.047128124620765446
v 0.014315624620765448 1.8675124984830618 -0.047128124620765446
v -0.014315624620765448 1.8675124984830618 -0.047128124620765446
vt 0.625 0.3125
vt 0.6875 0.3125
vt 0.625 0.1875
vt 0.6875 0.1875
vt 0.625 0.3125
vt 0.6875 0.3125
vt 0.625 0.1875
vt 0.6875 0.1875
vt 0.625 0.25
vt 0.6875 0.25
vt 0.625 0.1875
vt 0.6875 0.1875
vt 0.625 0.25
vt 0.6875 0.25
vt 0.625 0.1875
vt 0.6875 0.1875
vt 0.625 0.3125
vt 0.6875 0.3125
vt 0.625 0.1875
vt 0.6875 0.1875
vt 0.625 0.3125
vt 0.6875 0.3125
vt 0.625 0.1875
vt 0.6875 0.1875
vn 0.9999999999999999 0 0
vn 0.9999999999999999 0 0
vn 0.9999999999999999 0 0
vn 0.9999999999999999 0 0
vn -0.9999999999999999 0 0
vn -0.9999999999999999 0 0
vn -0.9999999999999999 0 0
vn -0.9999999999999999 0 0
vn 0 0.9999999999999999 0
vn 0 0.9999999999999999 0
vn 0 0.9999999999999999 0
vn 0 0.9999999999999999 0
vn 0 -0.9999999999999999 0
vn 0 -0.9999999999999999 0
vn 0 -0.9999999999999999 0
vn 0 -0.9999999999999999 0
vn 0 0 0.9999999999999999
vn 0 0 0.9999999999999999
vn 0 0 0.9999999999999999
vn 0 0 0.9999999999999999
vn 0 0 -0.9999999999999999
vn 0 0 -0.9999999999999999
vn 0 0 -0.9999999999999999
vn 0 0 -0.9999999999999999
f 6073/6073/6073 6075/6075/6075 6074/6074/6074
f 6075/6075/6075 6076/6076/6076 6074/6074/6074
f 6077/6077/6077 6079/6079/6079 6078/6078/6078
f 6079/6079/6079 6080/6080/6080 6078/6078/6078
f 6081/6081/6081 6083/6083/6083 6082/6082/6082
f 6083/6083/6083 6084/6084/6084 6082/6082/6082
f 6085/6085/6085 6087/6087/6087 6086/6086/6086
f 6087/6087/6087 6088/6088/6088 6086/6086/6086
f 6089/6089/6089 6091/6091/6091 6090/6090/6090
f 6091/6091/6091 6092/6092/6092 6090/6090/6090
f 6093/6093/6093 6095/6095/6095 6094/6094/6094
f 6095/6095/6095 6096/6096/6096 6094/6094/6094
o spectral_chain1_1_204
usemtl ghost_chain
v 0.014758593359030785 2.009653126563877 -0.018053906640969217
v 0.014758593359030785 2.009653126563877 -0.047571093359030786
v 0.014758593359030785 1.8653468734361232 -0.018053906640969217
v 0.014758593359030785 1.8653468734361232 -0.047571093359030786
v -0.014758593359030785 2.009653126563877 -0.047571093359030786
v -0.014758593359030785 2.009653126563877 -0.018053906640969217
v -0.014758593359030785 1.8653468734361232 -0.047571093359030786
v -0.014758593359030785 1.8653468734361232 -0.018053906640969217
v -0.014758593359030785 2.009653126563877 -0.047571093359030786
v 0.014758593359030785 2.009653126563877 -0.047571093359030786
v -0.014758593359030785 2.009653126563877 -0.018053906640969217
v 0.014758593359030785 2.009653126563877 -0.018053906640969217
v -0.014758593359030785 1.8653468734361232 -0.018053906640969217
v 0.014758593359030785 1.8653468734361232 -0.018053906640969217
v -0.014758593359030785 1.8653468734361232 -0.047571093359030786
v 0.014758593359030785 1.8653468734361232 -0.047571093359030786
v -0.014758593359030785 2.009653126563877 -0.018053906640969217
v 0.014758593359030785 2.009653126563877 -0.018053906640969217
v -0.014758593359030785 1.8653468734361232 -0.018053906640969217
v 0.014758593359030785 1.8653468734361232 -0.018053906640969217
v 0.014758593359030785 2.009653126563877 -0.047571093359030786
v -0.014758593359030785 2.009653126563877 -0.047571093359030786
v 0.014758593359030785 1.8653468734361232 -0.047571093359030786
v -0.014758593359030785 1.8653468734361232 -0.047571093359030786
vt 0.625 0.3125
vt 0.6875 0.3125
vt 0.625 0.1875
vt 0.6875 0.1875
vt 0.625 0.3125
vt 0.6875 0.3125
vt 0.625 0.1875
vt 0.6875 0.1875
vt 0.625 0.25
vt 0.6875 0.25
vt 0.625 0.1875
vt 0.6875 0.1875
vt 0.625 0.25
vt 0.6875 0.25
vt 0.625 0.1875
vt 0.6875 0.1875
vt 0.625 0.3125
vt 0.6875 0.3125
vt 0.625 0.1875
vt 0.6875 0.1875
vt 0.625 0.3125
vt 0.6875 0.3125
vt 0.625 0.1875
vt 0.6875 0.1875
vn 1 0 0
vn 1 0 0
vn 1 0 0
vn 1 0 0
vn -1 0 0
vn -1 0 0
vn -1 0 0
vn -1 0 0
vn 0 1 0
vn 0 1 0
vn 0 1 0
vn 0 1 0
vn 0 -1 0
vn 0 -1 0
vn 0 -1 0
vn 0 -1 0
vn 0 0 1
vn 0 0 1
vn 0 0 1
vn 0 0 1
vn 0 0 -1
vn 0 0 -1
vn 0 0 -1
vn 0 0 -1
f 6097/6097/6097 6099/6099/6099 6098/6098/6098
f 6099/6099/6099 6100/6100/6100 6098/6098/6098
f 6101/6101/6101 6103/6103/6103 6102/6102/6102
f 6103/6103/6103 6104/6104/6104 6102/6102/6102
f 6105/6105/6105 6107/6107/6107 6106/6106/6106
f 6107/6107/6107 6108/6108/6108 6106/6106/6106
f 6109/6109/6109 6111/6111/6111 6110/6110/6110
f 6111/6111/6111 6112/6112/6112 6110/6110/6110
f 6113/6113/6113 6115/6115/6115 6114/6114/6114
f 6115/6115/6115 6116/6116/6116 6114/6114/6114
f 6117/6117/6117 6119/6119/6119 6118/6118/6118
f 6119/6119/6119 6120/6120/6120 6118/6118/6118
o spectral_chain1_1_204_back
usemtl ghost_chain
v 0.014758593359030785 2.009653126563877 0.047571093359030786
v 0.014758593359030785 2.009653126563877 0.018053906640969217
v 0.014758593359030785 1.8653468734361232 0.047571093359030786
v 0.014758593359030785 1.8653468734361232 0.018053906640969217
v -0.014758593359030785 2.009653126563877 0.018053906640969217
v -0.014758593359030785 2.009653126563877 0.047571093359030786
v -0.014758593359030785 1.8653468734361232 0.018053906640969217
v -0.014758593359030785 1.8653468734361232 0.047571093359030786
v -0.014758593359030785 2.009653126563877 0.018053906640969217
v 0.014758593359030785 2.009653126563877 0.018053906640969217
v -0.014758593359030785 2.009653126563877 0.047571093359030786
v 0.014758593359030785 2.009653126563877 0.047571093359030786
v -0.014758593359030785 1.8653468734361232 0.047571093359030786
v 0.014758593359030785 1.8653468734361232 0.047571093359030786
v -0.014758593359030785 1.8653468734361232 0.018053906640969217
v 0.014758593359030785 1.8653468734361232 0.018053906640969217
v -0.014758593359030785 2.009653126563877 0.047571093359030786
v 0.014758593359030785 2.009653126563877 0.047571093359030786
v -0.014758593359030785 1.8653468734361232 0.047571093359030786
v 0.014758593359030785 1.8653468734361232 0.047571093359030786
v 0.014758593359030785 2.009653126563877 0.018053906640969217
v -0.014758593359030785 2.009653126563877 0.018053906640969217
v 0.014758593359030785 1.8653468734361232 0.018053906640969217
v -0.014758593359030785 1.8653468734361232 0.018053906640969217
vt 0.625 0.3125
vt 0.6875 0.3125
vt 0.625 0.1875
vt 0.6875 0.1875
vt 0.625 0.3125
vt 0.6875 0.3125
vt 0.625 0.1875
vt 0.6875 0.1875
vt 0.625 0.25
vt 0.6875 0.25
vt 0.625 0.1875
vt 0.6875 0.1875
vt 0.625 0.25
vt 0.6875 0.25
vt 0.625 0.1875
vt 0.6875 0.1875
vt 0.625 0.3125
vt 0.6875 0.3125
vt 0.625 0.1875
vt 0.6875 0.1875
vt 0.625 0.3125
vt 0.6875 0.3125
vt 0.625 0.1875
vt 0.6875 0.1875
vn 1 0 0
vn 1 0 0
vn 1 0 0
vn 1 0 0
vn -1 0 0
vn -1 0 0
vn -1 0 0
vn -1 0 0
vn 0 1 0
vn 0 1 0
vn 0 1 0
vn 0 1 0
vn 0 -1 0
vn 0 -1 0
vn 0 -1 0
vn 0 -1 0
vn 0 0 1
vn 0 0 1
vn 0 0 1
vn 0 0 1
vn 0 0 -1
vn 0 0 -1
vn 0 0 -1
vn 0 0 -1
f 6121/6121/6121 6123/6123/6123 6122/6122/6122
f 6123/6123/6123 6124/6124/6124 6122/6122/6122
f 6125/6125/6125 6127/6127/6127 6126/6126/6126
f 6127/6127/6127 6128/6128/6128 6126/6126/6126
f 6129/6129/6129 6131/6131/6131 6130/6130/6130
f 6131/6131/6131 6132/6132/6132 6130/6130/6130
f 6133/6133/6133 6135/6135/6135 6134/6134/6134
f 6135/6135/6135 6136/6136/6136 6134/6134/6134
f 6137/6137/6137 6139/6139/6139 6138/6138/6138
f 6139/6139/6139 6140/6140/6140 6138/6138/6138
f 6141/6141/6141 6143/6143/6143 6142/6142/6142
f 6143/6143/6143 6144/6144/6144 6142/6142/6142
o spectral_chain1_1_205
usemtl ghost_chain
v 0.014378905869089067 2.006566405869089 0.0479296875
v 0.014378905869089067 2.006566405869089 -0.0479296875
v 0.014378905869089067 1.977808594130911 0.0479296875
v 0.014378905869089067 1.977808594130911 -0.0479296875
v -0.014378905869089067 2.006566405869089 -0.0479296875
v -0.014378905869089067 2.006566405869089 0.0479296875
v -0.014378905869089067 1.977808594130911 -0.0479296875
v -0.014378905869089067 1.977808594130911 0.0479296875
v -0.014378905869089067 2.006566405869089 -0.0479296875
v 0.014378905869089067 2.006566405869089 -0.0479296875
v -0.014378905869089067 2.006566405869089 0.0479296875
v 0.014378905869089067 2.006566405869089 0.0479296875
v -0.014378905869089067 1.977808594130911 0.0479296875
v 0.014378905869089067 1.977808594130911 0.0479296875
v -0.014378905869089067 1.977808594130911 -0.0479296875
v 0.014378905869089067 1.977808594130911 -0.0479296875
v -0.014378905869089067 2.006566405869089 0.0479296875
v 0.014378905869089067 2.006566405869089 0.0479296875
v -0.014378905869089067 1.977808594130911 0.0479296875
v 0.014378905869089067 1.977808594130911 0.0479296875
v 0.014378905869089067 2.006566405869089 -0.0479296875
v -0.014378905869089067 2.006566405869089 -0.0479296875
v 0.014378905869089067 1.977808594130911 -0.0479296875
v -0.014378905869089067 1.977808594130911 -0.0479296875
vt 0.1875 1
vt 0.3125 1
vt 0.1875 0.9375
vt 0.3125 0.9375
vt 0.1875 1
vt 0.3125 1
vt 0.1875 0.9375
vt 0.3125 0.9375
vt 0.1875 1.0625
vt 0.25 1.0625
vt 0.1875 0.9375
vt 0.25 0.9375
vt 0.1875 1.0625
vt 0.25 1.0625
vt 0.1875 0.9375
vt 0.25 0.9375
vt 0.1875 1
vt 0.25 1
vt 0.1875 0.9375
vt 0.25 0.9375
vt 0.1875 1
vt 0.25 1
vt 0.1875 0.9375
vt 0.25 0.9375
vn 1 0 0
vn 1 0 0
vn 1 0 0
vn 1 0 0
vn -1 0 0
vn -1 0 0
vn -1 0 0
vn -1 0 0
vn 0 1 0
vn 0 1 0
vn 0 1 0
vn 0 1 0
vn 0 -1 0
vn 0 -1 0
vn 0 -1 0
vn 0 -1 0
vn 0 0 1
vn 0 0 1
vn 0 0 1
vn 0 0 1
vn 0 0 -1
vn 0 0 -1
vn 0 0 -1
vn 0 0 -1
f 6145/6145/6145 6147/6147/6147 6146/6146/6146
f 6147/6147/6147 6148/6148/6148 6146/6146/6146
f 6149/6149/6149 6151/6151/6151 6150/6150/6150
f 6151/6151/6151 6152/6152/6152 6150/6150/6150
f 6153/6153/6153 6155/6155/6155 6154/6154/6154
f 6155/6155/6155 6156/6156/6156 6154/6154/6154
f 6157/6157/6157 6159/6159/6159 6158/6158/6158
f 6159/6159/6159 6160/6160/6160 6158/6158/6158
f 6161/6161/6161 6163/6163/6163 6162/6162/6162
f 6163/6163/6163 6164/6164/6164 6162/6162/6162
f 6165/6165/6165 6167/6167/6167 6166/6166/6166
f 6167/6167/6167 6168/6168/6168 6166/6166/6166
o spectral_chain1_1_206
usemtl ghost_chain
v 0.014821874607354403 1.8976343746073545 0.04940625
v 0.014821874607354403 1.8976343746073545 -0.04940625
v 0.014821874607354403 1.8679906253926455 0.04940625
v 0.014821874607354403 1.8679906253926455 -0.04940625
v -0.014821874607354403 1.8976343746073545 -0.04940625
v -0.014821874607354403 1.8976343746073545 0.04940625
v -0.014821874607354403 1.8679906253926455 -0.04940625
v -0.014821874607354403 1.8679906253926455 0.04940625
v -0.014821874607354403 1.8976343746073545 -0.04940625
v 0.014821874607354403 1.8976343746073545 -0.04940625
v -0.014821874607354403 1.8976343746073545 0.04940625
v 0.014821874607354403 1.8976343746073545 0.04940625
v -0.014821874607354403 1.8679906253926455 0.04940625
v 0.014821874607354403 1.8679906253926455 0.04940625
v -0.014821874607354403 1.8679906253926455 -0.04940625
v 0.014821874607354403 1.8679906253926455 -0.04940625
v -0.014821874607354403 1.8976343746073545 0.04940625
v 0.014821874607354403 1.8976343746073545 0.04940625
v -0.014821874607354403 1.8679906253926455 0.04940625
v 0.014821874607354403 1.8679906253926455 0.04940625
v 0.014821874607354403 1.8976343746073545 -0.04940625
v -0.014821874607354403 1.8976343746073545 -0.04940625
v 0.014821874607354403 1.8679906253926455 -0.04940625
v -0.014821874607354403 1.8679906253926455 -0.04940625
vt 0.1875 1
vt 0.3125 1
vt 0.1875 0.9375
vt 0.3125 0.9375
vt 0.1875 1
vt 0.3125 1
vt 0.1875 0.9375
vt 0.3125 0.9375
vt 0.1875 1.0625
vt 0.25 1.0625
vt 0.1875 0.9375
vt 0.25 0.9375
vt 0.1875 1.0625
vt 0.25 1.0625
vt 0.1875 0.9375
vt 0.25 0.9375
vt 0.1875 1
vt 0.25 1
vt 0.1875 0.9375
vt 0.25 0.9375
vt 0.1875 1
vt 0.25 1
vt 0.1875 0.9375
vt 0.25 0.9375
vn 1 0 0
vn 1 0 0
vn 1 0 0
vn 1 0 0
vn -1 0 0
vn -1 0 0
vn -1 0 0
vn -1 0 0
vn 0 1 0
vn 0 1 0
vn 0 1 0
vn 0 1 0
vn 0 -1 0
vn 0 -1 0
vn 0 -1 0
vn 0 -1 0
vn 0 0 1
vn 0 0 1
vn 0 0 1
vn 0 0 1
vn 0 0 -1
vn 0 0 -1
vn 0 0 -1
vn 0 0 -1
f 6169/6169/6169 6171/6171/6171 6170/6170/6170
f 6171/6171/6171 6172/6172/6172 6170/6170/6170
f 6173/6173/6173 6175/6175/6175 6174/6174/6174
f 6175/6175/6175 6176/6176/6176 6174/6174/6174
f 6177/6177/6177 6179/6179/6179 6178/6178/6178
f 6179/6179/6179 6180/6180/6180 6178/6178/6178
f 6181/6181/6181 6183/6183/6183 6182/6182/6182
f 6183/6183/6183 6184/6184/6184 6182/6182/6182
f 6185/6185/6185 6187/6187/6187 6186/6186/6186
f 6187/6187/6187 6188/6188/6188 6186/6186/6186
f 6189/6189/6189 6191/6191/6191 6190/6190/6190
f 6191/6191/6191 6192/6192/6192 6190/6190/6190
o spectral_chain1_2_207
usemtl ghost_chain
v 0.04725468711741269 2.008106251530349 0.014442187117412686
v 0.04725468711741269 2.008106251530349 -0.014442187117412686
v 0.04725468711741269 1.8668937484696508 0.014442187117412686
v 0.04725468711741269 1.8668937484696508 -0.014442187117412686
v 0.018370312882587315 2.008106251530349 -0.014442187117412686
v 0.018370312882587315 2.008106251530349 0.014442187117412686
v 0.018370312882587315 1.8668937484696508 -0.014442187117412686
v 0.018370312882587315 1.8668937484696508 0.014442187117412686
v 0.018370312882587315 2.008106251530349 -0.014442187117412686
v 0.04725468711741269 2.008106251530349 -0.014442187117412686
v 0.018370312882587315 2.008106251530349 0.014442187117412686
v 0.04725468711741269 2.008106251530349 0.014442187117412686
v 0.018370312882587315 1.8668937484696508 0.014442187117412686
v 0.04725468711741269 1.8668937484696508 0.014442187117412686
v 0.018370312882587315 1.8668937484696508 -0.014442187117412686
v 0.04725468711741269 1.8668937484696508 -0.014442187117412686
v 0.018370312882587315 2.008106251530349 0.014442187117412686
v 0.04725468711741269 2.008106251530349 0.014442187117412686
v 0.018370312882587315 1.8668937484696508 0.014442187117412686
v 0.04725468711741269 1.8668937484696508 0.014442187117412686
v 0.04725468711741269 2.008106251530349 -0.014442187117412686
v 0.018370312882587315 2.008106251530349 -0.014442187117412686
v 0.04725468711741269 1.8668937484696508 -0.014442187117412686
v 0.018370312882587315 1.8668937484696508 -0.014442187117412686
vt 0.625 0.3125
vt 0.6875 0.3125
vt 0.625 0.1875
vt 0.6875 0.1875
vt 0.625 0.3125
vt 0.6875 0.3125
vt 0.625 0.1875
vt 0.6875 0.1875
vt 0.625 0.25
vt 0.6875 0.25
vt 0.625 0.1875
vt 0.6875 0.1875
vt 0.625 0.25
vt 0.6875 0.25
vt 0.625 0.1875
vt 0.6875 0.1875
vt 0.625 0.3125
vt 0.6875 0.3125
vt 0.625 0.1875
vt 0.6875 0.1875
vt 0.625 0.3125
vt 0.6875 0.3125
vt 0.625 0.1875
vt 0.6875 0.1875
vn 1 0 0
vn 1 0 0
vn 1 0 0
vn 1 0 0
vn -1 0 0
vn -1 0 0
vn -1 0 0
vn -1 0 0
vn 0 1 0
vn 0 1 0
vn 0 1 0
vn 0 1 0
vn 0 -1 0
vn 0 -1 0
vn 0 -1 0
vn 0 -1 0
vn 0 0 1
vn 0 0 1
vn 0 0 1
vn 0 0 1
vn 0 0 -1
vn 0 0 -1
vn 0 0 -1
vn 0 0 -1
f 6193/6193/6193 6195/6195/6195 6194/6194/6194
f 6195/6195/6195 6196/6196/6196 6194/6194/6194
f 6197/6197/6197 6199/6199/6199 6198/6198/6198
f 6199/6199/6199 6200/6200/6200 6198/6198/6198
f 6201/6201/6201 6203/6203/6203 6202/6202/6202
f 6203/6203/6203 6204/6204/6204 6202/6202/6202
f 6205/6205/6205 6207/6207/6207 6206/6206/6206
f 6207/6207/6207 6208/6208/6208 6206/6206/6206
f 6209/6209/6209 6211/6211/6211 6210/6210/6210
f 6211/6211/6211 6212/6212/6212 6210/6210/6210
f 6213/6213/6213 6215/6215/6215 6214/6214/6214
f 6215/6215/6215 6216/6216/6216 6214/6214/6214
o spectral_chain1_2_208
usemtl ghost_chain
v -0.01875000037252903 2.006250001490116 0.01406249962747097
v -0.01875000037252903 2.006250001490116 -0.01406249962747097
v -0.01875000037252903 1.8687499985098839 0.01406249962747097
v -0.01875000037252903 1.8687499985098839 -0.01406249962747097
v -0.04687499962747097 2.006250001490116 -0.01406249962747097
v -0.04687499962747097 2.006250001490116 0.01406249962747097
v -0.04687499962747097 1.8687499985098839 -0.01406249962747097
v -0.04687499962747097 1.8687499985098839 0.01406249962747097
v -0.04687499962747097 2.006250001490116 -0.01406249962747097
v -0.01875000037252903 2.006250001490116 -0.01406249962747097
v -0.04687499962747097 2.006250001490116 0.01406249962747097
v -0.01875000037252903 2.006250001490116 0.01406249962747097
v -0.04687499962747097 1.8687499985098839 0.01406249962747097
v -0.01875000037252903 1.8687499985098839 0.01406249962747097
v -0.04687499962747097 1.8687499985098839 -0.01406249962747097
v -0.01875000037252903 1.8687499985098839 -0.01406249962747097
v -0.04687499962747097 2.006250001490116 0.01406249962747097
v -0.01875000037252903 2.006250001490116 0.01406249962747097
v -0.04687499962747097 1.8687499985098839 0.01406249962747097
v -0.01875000037252903 1.8687499985098839 0.01406249962747097
v -0.01875000037252903 2.006250001490116 -0.01406249962747097
v -0.04687499962747097 2.006250001490116 -0.01406249962747097
v -0.01875000037252903 1.8687499985098839 -0.01406249962747097
v -0.04687499962747097 1.8687499985098839 -0.01406249962747097
vt 0.625 0.3125
vt 0.6875 0.3125
vt 0.625 0.1875
vt 0.6875 0.1875
vt 0.625 0.3125
vt 0.6875 0.3125
vt 0.625 0.1875
vt 0.6875 0.1875
vt 0.625 0.25
vt 0.6875 0.25
vt 0.625 0.1875
vt 0.6875 0.1875
vt 0.625 0.25
vt 0.6875 0.25
vt 0.625 0.1875
vt 0.6875 0.1875
vt 0.625 0.3125
vt 0.6875 0.3125
vt 0.625 0.1875
vt 0.6875 0.1875
vt 0.625 0.3125
vt 0.6875 0.3125
vt 0.625 0.1875
vt 0.6875 0.1875
vn 1 0 0
vn 1 0 0
vn 1 0 0
vn 1 0 0
vn -1 0 0
vn -1 0 0
vn -1 0 0
vn -1 0 0
vn 0 1 0
vn 0 1 0
vn 0 1 0
vn 0 1 0
vn 0 -1 0
vn 0 -1 0
vn 0 -1 0
vn 0 -1 0
vn 0 0 1
vn 0 0 1
vn 0 0 1
vn 0 0 1
vn 0 0 -1
vn 0 0 -1
vn 0 0 -1
vn 0 0 -1
f 6217/6217/6217 6219/6219/6219 6218/6218/6218
f 6219/6219/6219 6220/6220/6220 6218/6218/6218
f 6221/6221/6221 6223/6223/6223 6222/6222/6222
f 6223/6223/6223 6224/6224/6224 6222/6222/6222
f 6225/6225/6225 6227/6227/6227 6226/6226/6226
f 6227/6227/6227 6228/6228/6228 6226/6226/6226
f 6229/6229/6229 6231/6231/6231 6230/6230/6230
f 6231/6231/6231 6232/6232/6232 6230/6230/6230
f 6233/6233/6233 6235/6235/6235 6234/6234/6234
f 6235/6235/6235 6236/6236/6236 6234/6234/6234
f 6237/6237/6237 6239/6239/6239 6238/6238/6238
f 6239/6239/6239 6240/6240/6240 6238/6238/6238
o spectral_chain1_2_209
usemtl ghost_chain
v 0.0483515625 2.006692968365736 0.014505468365736306
v 0.0483515625 2.006692968365736 -0.014505468365736306
v 0.0483515625 1.9776820316342636 0.014505468365736306
v 0.0483515625 1.9776820316342636 -0.014505468365736306
v -0.0483515625 2.006692968365736 -0.014505468365736306
v -0.0483515625 2.006692968365736 0.014505468365736306
v -0.0483515625 1.9776820316342636 -0.014505468365736306
v -0.0483515625 1.9776820316342636 0.014505468365736306
v -0.0483515625 2.006692968365736 -0.014505468365736306
v 0.0483515625 2.006692968365736 -0.014505468365736306
v -0.0483515625 2.006692968365736 0.014505468365736306
v 0.0483515625 2.006692968365736 0.014505468365736306
v -0.0483515625 1.9776820316342636 0.014505468365736306
v 0.0483515625 1.9776820316342636 0.014505468365736306
v -0.0483515625 1.9776820316342636 -0.014505468365736306
v 0.0483515625 1.9776820316342636 -0.014505468365736306
v -0.0483515625 2.006692968365736 0.014505468365736306
v 0.0483515625 2.006692968365736 0.014505468365736306
v -0.0483515625 1.9776820316342636 0.014505468365736306
v 0.0483515625 1.9776820316342636 0.014505468365736306
v 0.0483515625 2.006692968365736 -0.014505468365736306
v -0.0483515625 2.006692968365736 -0.014505468365736306
v 0.0483515625 1.9776820316342636 -0.014505468365736306
v -0.0483515625 1.9776820316342636 -0.014505468365736306
vt 0.6875 0.8125
vt 0.75 0.8125
vt 0.6875 0.75
vt 0.75 0.75
vt 0.6875 0.8125
vt 0.75 0.8125
vt 0.6875 0.75
vt 0.75 0.75
vt 0.6875 0.8125
vt 0.8125 0.8125
vt 0.6875 0.75
vt 0.8125 0.75
vt 0.6875 0.8125
vt 0.8125 0.8125
vt 0.6875 0.75
vt 0.8125 0.75
vt 0.6875 0.8125
vt 0.8125 0.8125
vt 0.6875 0.75
vt 0.8125 0.75
vt 0.6875 0.8125
vt 0.8125 0.8125
vt 0.6875 0.75
vt 0.8125 0.75
vn 1 0 0
vn 1 0 0
vn 1 0 0
vn 1 0 0
vn -1 0 0
vn -1 0 0
vn -1 0 0
vn -1 0 0
vn 0 1 0
vn 0 1 0
vn 0 1 0
vn 0 1 0
vn 0 -1 0
vn 0 -1 0
vn 0 -1 0
vn 0 -1 0
vn 0 0 1
vn 0 0 1
vn 0 0 1
vn 0 0 1
vn 0 0 -1
vn 0 0 -1
vn 0 0 -1
vn 0 0 -1
f 6241/6241/6241 6243/6243/6243 6242/6242/6242
f 6243/6243/6243 6244/6244/6244 6242/6242/6242
f 6245/6245/6245 6247/6247/6247 6246/6246/6246
f 6247/6247/6247 6248/6248/6248 6246/6246/6246
f 6249/6249/6249 6251/6251/6251 6250/6250/6250
f 6251/6251/6251 6252/6252/6252 6250/6250/6250
f 6253/6253/6253 6255/6255/6255 6254/6254/6254
f 6255/6255/6255 6256/6256/6256 6254/6254/6254
f 6257/6257/6257 6259/6259/6259 6258/6258/6258
f 6259/6259/6259 6260/6260/6260 6258/6258/6258
f 6261/6261/6261 6263/6263/6263 6262/6262/6262
f 6263/6263/6263 6264/6264/6264 6262/6262/6262
o spectral_chain1_2_210
usemtl ghost_chain
v 0.047085937499999994 1.8969382808757946 0.014125780875794589
v 0.047085937499999994 1.8969382808757946 -0.014125780875794589
v 0.047085937499999994 1.8686867191242054 0.014125780875794589
v 0.047085937499999994 1.8686867191242054 -0.014125780875794589
v -0.047085937499999994 1.8969382808757946 -0.014125780875794589
v -0.047085937499999994 1.8969382808757946 0.014125780875794589
v -0.047085937499999994 1.8686867191242054 -0.014125780875794589
v -0.047085937499999994 1.8686867191242054 0.014125780875794589
v -0.047085937499999994 1.8969382808757946 -0.014125780875794589
v 0.047085937499999994 1.8969382808757946 -0.014125780875794589
v -0.047085937499999994 1.8969382808757946 0.014125780875794589
v 0.047085937499999994 1.8969382808757946 0.014125780875794589
v -0.047085937499999994 1.8686867191242054 0.014125780875794589
v 0.047085937499999994 1.8686867191242054 0.014125780875794589
v -0.047085937499999994 1.8686867191242054 -0.014125780875794589
v 0.047085937499999994 1.8686867191242054 -0.014125780875794589
v -0.047085937499999994 1.8969382808757946 0.014125780875794589
v 0.047085937499999994 1.8969382808757946 0.014125780875794589
v -0.047085937499999994 1.8686867191242054 0.014125780875794589
v 0.047085937499999994 1.8686867191242054 0.014125780875794589
v 0.047085937499999994 1.8969382808757946 -0.014125780875794589
v -0.047085937499999994 1.8969382808757946 -0.014125780875794589
v 0.047085937499999994 1.8686867191242054 -0.014125780875794589
v -0.047085937499999994 1.8686867191242054 -0.014125780875794589
vt 0.6875 0.8125
vt 0.75 0.8125
vt 0.6875 0.75
vt 0.75 0.75
vt 0.6875 0.8125
vt 0.75 0.8125
vt 0.6875 0.75
vt 0.75 0.75
vt 0.6875 0.8125
vt 0.8125 0.8125
vt 0.6875 0.75
vt 0.8125 0.75
vt 0.6875 0.8125
vt 0.8125 0.8125
vt 0.6875 0.75
vt 0.8125 0.75
vt 0.6875 0.8125
vt 0.8125 0.8125
vt 0.6875 0.75
vt 0.8125 0.75
vt 0.6875 0.8125
vt 0.8125 0.8125
vt 0.6875 0.75
vt 0.8125 0.75
vn 1 0 0
vn 1 0 0
vn 1 0 0
vn 1 0 0
vn -1 0 0
vn -1 0 0
vn -1 0 0
vn -1 0 0
vn 0 1 0
vn 0 1 0
vn 0 1 0
vn 0 1 0
vn 0 -1 0
vn 0 -1 0
vn 0 -1 0
vn 0 -1 0
vn 0 0 1
vn 0 0 1
vn 0 0 1
vn 0 0 1
vn 0 0 -1
vn 0 0 -1
vn 0 0 -1
vn 0 0 -1
f 6265/6265/6265 6267/6267/6267 6266/6266/6266
f 6267/6267/6267 6268/6268/6268 6266/6266/6266
f 6269/6269/6269 6271/6271/6271 6270/6270/6270
f 6271/6271/6271 6272/6272/6272 6270/6270/6270
f 6273/6273/6273 6275/6275/6275 6274/6274/6274
f 6275/6275/6275 6276/6276/6276 6274/6274/6274
f 6277/6277/6277 6279/6279/6279 6278/6278/6278
f 6279/6279/6279 6280/6280/6280 6278/6278/6278
f 6281/6281/6281 6283/6283/6283 6282/6282/6282
f 6283/6283/6283 6284/6284/6284 6282/6282/6282
f 6285/6285/6285 6287/6287/6287 6286/6286/6286
f 6287/6287/6287 6288/6288/6288 6286/6286/6286
o spectral_chain1_3_211
usemtl ghost_chain
v 0.014568749614059925 2.0087250015437603 0.04738124961405993
v 0.014568749614059925 2.0087250015437603 0.018243750385940075
v 0.014568749614059925 1.8662749984562397 0.04738124961405993
v 0.014568749614059925 1.8662749984562397 0.018243750385940075
v -0.014568749614059925 2.0087250015437603 0.018243750385940075
v -0.014568749614059925 2.0087250015437603 0.04738124961405993
v -0.014568749614059925 1.8662749984562397 0.018243750385940075
v -0.014568749614059925 1.8662749984562397 0.04738124961405993
v -0.014568749614059925 2.0087250015437603 0.018243750385940075
v 0.014568749614059925 2.0087250015437603 0.018243750385940075
v -0.014568749614059925 2.0087250015437603 0.04738124961405993
v 0.014568749614059925 2.0087250015437603 0.04738124961405993
v -0.014568749614059925 1.8662749984562397 0.04738124961405993
v 0.014568749614059925 1.8662749984562397 0.04738124961405993
v -0.014568749614059925 1.8662749984562397 0.018243750385940075
v 0.014568749614059925 1.8662749984562397 0.018243750385940075
v -0.014568749614059925 2.0087250015437603 0.04738124961405993
v 0.014568749614059925 2.0087250015437603 0.04738124961405993
v -0.014568749614059925 1.8662749984562397 0.04738124961405993
v 0.014568749614059925 1.8662749984562397 0.04738124961405993
v 0.014568749614059925 2.0087250015437603 0.018243750385940075
v -0.014568749614059925 2.0087250015437603 0.018243750385940075
v 0.014568749614059925 1.8662749984562397 0.018243750385940075
v -0.014568749614059925 1.8662749984562397 0.018243750385940075
vt 0.625 0.3125
vt 0.6875 0.3125
vt 0.625 0.1875
vt 0.6875 0.1875
vt 0.625 0.3125
vt 0.6875 0.3125
vt 0.625 0.1875
vt 0.6875 0.1875
vt 0.625 0.25
vt 0.6875 0.25
vt 0.625 0.1875
vt 0.6875 0.1875
vt 0.625 0.25
vt 0.6875 0.25
vt 0.625 0.1875
vt 0.6875 0.1875
vt 0.625 0.3125
vt 0.6875 0.3125
vt 0.625 0.1875
vt 0.6875 0.1875
vt 0.625 0.3125
vt 0.6875 0.3125
vt 0.625 0.1875
vt 0.6875 0.1875
vn 1 0 0
vn 1 0 0
vn 1 0 0
vn 1 0 0
vn -1 0 0
vn -1 0 0
vn -1 0 0
vn -1 0 0
vn 0 1 0
vn 0 1 0
vn 0 1 0
vn 0 1 0
vn 0 -1 0
vn 0 -1 0
vn 0 -1 0
vn 0 -1 0
vn 0 0 1
vn 0 0 1
vn 0 0 1
vn 0 0 1
vn 0 0 -1
vn 0 0 -1
vn 0 0 -1
vn 0 0 -1
f 6289/6289/6289 6291/6291/6291 6290/6290/6290
f 6291/6291/6291 6292/6292/6292 6290/6290/6290
f 6293/6293/6293 6295/6295/6295 6294/6294/6294
f 6295/6295/6295 6296/6296/6296 6294/6294/6294
f 6297/6297/6297 6299/6299/6299 6298/6298/6298
f 6299/6299/6299 6300/6300/6300 6298/6298/6298
f 6301/6301/6301 6303/6303/6303 6302/6302/6302
f 6303/6303/6303 6304/6304/6304 6302/6302/6302
f 6305/6305/6305 6307/6307/6307 6306/6306/6306
f 6307/6307/6307 6308/6308/6308 6306/6306/6306
f 6309/6309/6309 6311/6311/6311 6310/6310/6310
f 6311/6311/6311 6312/6312/6312 6310/6310/6310
o spectral_chain1_3_211_back
usemtl ghost_chain
v 0.014568749614059925 2.0087250015437603 -0.018243750385940075
v 0.014568749614059925 2.0087250015437603 -0.04738124961405993
v 0.014568749614059925 1.8662749984562397 -0.018243750385940075
v 0.014568749614059925 1.8662749984562397 -0.04738124961405993
v -0.014568749614059925 2.0087250015437603 -0.04738124961405993
v -0.014568749614059925 2.0087250015437603 -0.018243750385940075
v -0.014568749614059925 1.8662749984562397 -0.04738124961405993
v -0.014568749614059925 1.8662749984562397 -0.018243750385940075
v -0.014568749614059925 2.0087250015437603 -0.04738124961405993
v 0.014568749614059925 2.0087250015437603 -0.04738124961405993
v -0.014568749614059925 2.0087250015437603 -0.018243750385940075
v 0.014568749614059925 2.0087250015437603 -0.018243750385940075
v -0.014568749614059925 1.8662749984562397 -0.018243750385940075
v 0.014568749614059925 1.8662749984562397 -0.018243750385940075
v -0.014568749614059925 1.8662749984562397 -0.04738124961405993
v 0.014568749614059925 1.8662749984562397 -0.04738124961405993
v -0.014568749614059925 2.0087250015437603 -0.018243750385940075
v 0.014568749614059925 2.0087250015437603 -0.018243750385940075
v -0.014568749614059925 1.8662749984562397 -0.018243750385940075
v 0.014568749614059925 1.8662749984562397 -0.018243750385940075
v 0.014568749614059925 2.0087250015437603 -0.04738124961405993
v -0.014568749614059925 2.0087250015437603 -0.04738124961405993
v 0.014568749614059925 1.8662749984562397 -0.04738124961405993
v -0.014568749614059925 1.8662749984562397 -0.04738124961405993
vt 0.625 0.3125
vt 0.6875 0.3125
vt 0.625 0.1875
vt 0.6875 0.1875
vt 0.625 0.3125
vt 0.6875 0.3125
vt 0.625 0.1875
vt 0.6875 0.1875
vt 0.625 0.25
vt 0.6875 0.25
vt 0.625 0.1875
vt 0.6875 0.1875
vt 0.625 0.25
vt 0.6875 0.25
vt 0.625 0.1875
vt 0.6875 0.1875
vt 0.625 0.3125
vt 0.6875 0.3125
vt 0.625 0.1875
vt 0.6875 0.1875
vt 0.625 0.3125
vt 0.6875 0.3125
vt 0.625 0.1875
vt 0.6875 0.1875
vn 1 0 0
vn 1 0 0
vn 1 0 0
vn 1 0 0
vn -1 0 0
vn -1 0 0
vn -1 0 0
vn -1 0 0
vn 0 1 0
vn 0 1 0
vn 0 1 0
vn 0 1 0
vn 0 -1 0
vn 0 -1 0
vn 0 -1 0
vn 0 -1 0
vn 0 0 1
vn 0 0 1
vn 0 0 1
vn 0 0 1
vn 0 0 -1
vn 0 0 -1
vn 0 0 -1
vn 0 0 -1
f 6313/6313/6313 6315/6315/6315 6314/6314/6314
f 6315/6315/6315 6316/6316/6316 6314/6314/6314
f 6317/6317/6317 6319/6319/6319 6318/6318/6318
f 6319/6319/6319 6320/6320/6320 6318/6318/6318
f 6321/6321/6321 6323/6323/6323 6322/6322/6322
f 6323/6323/6323 6324/6324/6324 6322/6322/6322
f 6325/6325/6325 6327/6327/6327 6326/6326/6326
f 6327/6327/6327 6328/6328/6328 6326/6326/6326
f 6329/6329/6329 6331/6331/6331 6330/6330/6330
f 6331/6331/6331 6332/6332/6332 6330/6330/6330
f 6333/6333/6333 6335/6335/6335 6334/6334/6334
f 6335/6335/6335 6336/6336/6336 6334/6334/6334
o spectral_chain1_3_212
usemtl ghost_chain
v 0.014189062124118208 2.0068687515035273 -0.018623437875881794
v 0.014189062124118208 2.0068687515035273 -0.04700156212411821
v 0.014189062124118208 1.868131248496473 -0.018623437875881794
v 0.014189062124118208 1.868131248496473 -0.04700156212411821
v -0.014189062124118208 2.0068687515035273 -0.04700156212411821
v -0.014189062124118208 2.0068687515035273 -0.018623437875881794
v -0.014189062124118208 1.868131248496473 -0.04700156212411821
v -0.014189062124118208 1.868131248496473 -0.018623437875881794
v -0.014189062124118208 2.0068687515035273 -0.04700156212411821
v 0.014189062124118208 2.0068687515035273 -0.04700156212411821
v -0.014189062124118208 2.0068687515035273 -0.018623437875881794
v 0.014189062124118208 2.0068687515035273 -0.018623437875881794
v -0.014189062124118208 1.868131248496473 -0.018623437875881794
v 0.014189062124118208 1.868131248496473 -0.018623437875881794
v -0.014189062124118208 1.868131248496473 -0.04700156212411821
v 0.014189062124118208 1.868131248496473 -0.04700156212411821
v -0.014189062124118208 2.0068687515035273 -0.018623437875881794
v 0.014189062124118208 2.0068687515035273 -0.018623437875881794
v -0.014189062124118208 1.868131248496473 -0.018623437875881794
v 0.014189062124118208 1.868131248496473 -0.018623437875881794
v 0.014189062124118208 2.0068687515035273 -0.04700156212411821
v -0.014189062124118208 2.0068687515035273 -0.04700156212411821
v 0.014189062124118208 1.868131248496473 -0.04700156212411821
v -0.014189062124118208 1.868131248496473 -0.04700156212411821
vt 0.625 0.3125
vt 0.6875 0.3125
vt 0.625 0.1875
vt 0.6875 0.1875
vt 0.625 0.3125
vt 0.6875 0.3125
vt 0.625 0.1875
vt 0.6875 0.1875
vt 0.625 0.25
vt 0.6875 0.25
vt 0.625 0.1875
vt 0.6875 0.1875
vt 0.625 0.25
vt 0.6875 0.25
vt 0.625 0.1875
vt 0.6875 0.1875
vt 0.625 0.3125
vt 0.6875 0.3125
vt 0.625 0.1875
vt 0.6875 0.1875
vt 0.625 0.3125
vt 0.6875 0.3125
vt 0.625 0.1875
vt 0.6875 0.1875
vn 0.9999999999999999 0 0
vn 0.9999999999999999 0 0
vn 0.9999999999999999 0 0
vn 0.9999999999999999 0 0
vn -0.9999999999999999 0 0
vn -0.9999999999999999 0 0
vn -0.9999999999999999 0 0
vn -0.9999999999999999 0 0
vn 0 0.9999999999999999 0
vn 0 0.9999999999999999 0
vn 0 0.9999999999999999 0
vn 0 0.9999999999999999 0
vn 0 -0.9999999999999999 0
vn 0 -0.9999999999999999 0
vn 0 -0.9999999999999999 0
vn 0 -0.9999999999999999 0
vn 0 0 0.9999999999999999
vn 0 0 0.9999999999999999
vn 0 0 0.9999999999999999
vn 0 0 0.9999999999999999
vn 0 0 -0.9999999999999999
vn 0 0 -0.9999999999999999
vn 0 0 -0.9999999999999999
vn 0 0 -0.9999999999999999
f 6337/6337/6337 6339/6339/6339 6338/6338/6338
f 6339/6339/6339 6340/6340/6340 6338/6338/6338
f 6341/6341/6341 6343/6343/6343 6342/6342/6342
f 6343/6343/6343 6344/6344/6344 6342/6342/6342
f 6345/6345/6345 6347/6347/6347 6346/6346/6346
f 6347/6347/6347 6348/6348/6348 6346/6346/6346
f 6349/6349/6349 6351/6351/6351 6350/6350/6350
f 6351/6351/6351 6352/6352/6352 6350/6350/6350
f 6353/6353/6353 6355/6355/6355 6354/6354/6354
f 6355/6355/6355 6356/6356/6356 6354/6354/6354
f 6357/6357/6357 6359/6359/6359 6358/6358/6358
f 6359/6359/6359 6360/6360/6360 6358/6358/6358
o spectral_chain1_3_212_back
usemtl ghost_chain
v 0.014189062124118208 2.0068687515035273 0.04700156212411821
v 0.014189062124118208 2.0068687515035273 0.018623437875881794
v 0.014189062124118208 1.868131248496473 0.04700156212411821
v 0.014189062124118208 1.868131248496473 0.018623437875881794
v -0.014189062124118208 2.0068687515035273 0.018623437875881794
v -0.014189062124118208 2.0068687515035273 0.04700156212411821
v -0.014189062124118208 1.868131248496473 0.018623437875881794
v -0.014189062124118208 1.868131248496473 0.04700156212411821
v -0.014189062124118208 2.0068687515035273 0.018623437875881794
v 0.014189062124118208 2.0068687515035273 0.018623437875881794
v -0.014189062124118208 2.0068687515035273 0.04700156212411821
v 0.014189062124118208 2.0068687515035273 0.04700156212411821
v -0.014189062124118208 1.868131248496473 0.04700156212411821
v 0.014189062124118208 1.868131248496473 0.04700156212411821
v -0.014189062124118208 1.868131248496473 0.018623437875881794
v 0.014189062124118208 1.868131248496473 0.018623437875881794
v -0.014189062124118208 2.0068687515035273 0.04700156212411821
v 0.014189062124118208 2.0068687515035273 0.04700156212411821
v -0.014189062124118208 1.868131248496473 0.04700156212411821
v 0.014189062124118208 1.868131248496473 0.04700156212411821
v 0.014189062124118208 2.0068687515035273 0.018623437875881794
v -0.014189062124118208 2.0068687515035273 0.018623437875881794
v 0.014189062124118208 1.868131248496473 0.018623437875881794
v -0.014189062124118208 1.868131248496473 0.018623437875881794
vt 0.625 0.3125
vt 0.6875 0.3125
vt 0.625 0.1875
vt 0.6875 0.1875
vt 0.625 0.3125
vt 0.6875 0.3125
vt 0.625 0.1875
vt 0.6875 0.1875
vt 0.625 0.25
vt 0.6875 0.25
vt 0.625 0.1875
vt 0.6875 0.1875
vt 0.625 0.25
vt 0.6875 0.25
vt 0.625 0.1875
vt 0.6875 0.1875
vt 0.625 0.3125
vt 0.6875 0.3125
vt 0.625 0.1875
vt 0.6875 0.1875
vt 0.625 0.3125
vt 0.6875 0.3125
vt 0.625 0.1875
vt 0.6875 0.1875
vn 0.9999999999999999 0 0
vn 0.9999999999999999 0 0
vn 0.9999999999999999 0 0
vn 0.9999999999999999 0 0
vn -0.9999999999999999 0 0
vn -0.9999999999999999 0 0
vn -0.9999999999999999 0 0
vn -0.9999999999999999 0 0
vn 0 0.9999999999999999 0
vn 0 0.9999999999999999 0
vn 0 0.9999999999999999 0
vn 0 0.9999999999999999 0
vn 0 -0.9999999999999999 0
vn 0 -0.9999999999999999 0
vn 0 -0.9999999999999999 0
vn 0 -0.9999999999999999 0
vn 0 0 0.9999999999999999
vn 0 0 0.9999999999999999
vn 0 0 0.9999999999999999
vn 0 0 0.9999999999999999
vn 0 0 -0.9999999999999999
vn 0 0 -0.9999999999999999
vn 0 0 -0.9999999999999999
vn 0 0 -0.9999999999999999
f 6361/6361/6361 6363/6363/6363 6362/6362/6362
f 6363/6363/6363 6364/6364/6364 6362/6362/6362
f 6365/6365/6365 6367/6367/6367 6366/6366/6366
f 6367/6367/6367 6368/6368/6368 6366/6366/6366
f 6369/6369/6369 6371/6371/6371 6370/6370/6370
f 6371/6371/6371 6372/6372/6372 6370/6370/6370
f 6373/6373/6373 6375/6375/6375 6374/6374/6374
f 6375/6375/6375 6376/6376/6376 6374/6374/6374
f 6377/6377/6377 6379/6379/6379 6378/6378/6378
f 6379/6379/6379 6380/6380/6380 6378/6378/6378
f 6381/6381/6381 6383/6383/6383 6382/6382/6382
f 6383/6383/6383 6384/6384/6384 6382/6382/6382
o spectral_chain1_3_213
usemtl ghost_chain
v 0.014632030862383544 2.0068195308623835 0.0487734375
v 0.014632030862383544 2.0068195308623835 -0.0487734375
v 0.014632030862383544 1.9775554691376165 0.0487734375
v 0.014632030862383544 1.9775554691376165 -0.0487734375
v -0.014632030862383544 2.0068195308623835 -0.0487734375
v -0.014632030862383544 2.0068195308623835 0.0487734375
v -0.014632030862383544 1.9775554691376165 -0.0487734375
v -0.014632030862383544 1.9775554691376165 0.0487734375
v -0.014632030862383544 2.0068195308623835 -0.0487734375
v 0.014632030862383544 2.0068195308623835 -0.0487734375
v -0.014632030862383544 2.0068195308623835 0.0487734375
v 0.014632030862383544 2.0068195308623835 0.0487734375
v -0.014632030862383544 1.9775554691376165 0.0487734375
v 0.014632030862383544 1.9775554691376165 0.0487734375
v -0.014632030862383544 1.9775554691376165 -0.0487734375
v 0.014632030862383544 1.9775554691376165 -0.0487734375
v -0.014632030862383544 2.0068195308623835 0.0487734375
v 0.014632030862383544 2.0068195308623835 0.0487734375
v -0.014632030862383544 1.9775554691376165 0.0487734375
v 0.014632030862383544 1.9775554691376165 0.0487734375
v 0.014632030862383544 2.0068195308623835 -0.0487734375
v -0.014632030862383544 2.0068195308623835 -0.0487734375
v 0.014632030862383544 1.9775554691376165 -0.0487734375
v -0.014632030862383544 1.9775554691376165 -0.0487734375
vt 0.1875 1
vt 0.3125 1
vt 0.1875 0.9375
vt 0.3125 0.9375
vt 0.1875 1
vt 0.3125 1
vt 0.1875 0.9375
vt 0.3125 0.9375
vt 0.1875 1.0625
vt 0.25 1.0625
vt 0.1875 0.9375
vt 0.25 0.9375
vt 0.1875 1.0625
vt 0.25 1.0625
vt 0.1875 0.9375
vt 0.25 0.9375
vt 0.1875 1
vt 0.25 1
vt 0.1875 0.9375
vt 0.25 0.9375
vt 0.1875 1
vt 0.25 1
vt 0.1875 0.9375
vt 0.25 0.9375
vn 1 0 0
vn 1 0 0
vn 1 0 0
vn 1 0 0
vn -1 0 0
vn -1 0 0
vn -1 0 0
vn -1 0 0
vn 0 1 0
vn 0 1 0
vn 0 1 0
vn 0 1 0
vn 0 -1 0
vn 0 -1 0
vn 0 -1 0
vn 0 -1 0
vn 0 0 1
vn 0 0 1
vn 0 0 1
vn 0 0 1
vn 0 0 -1
vn 0 0 -1
vn 0 0 -1
vn 0 0 -1
f 6385/6385/6385 6387/6387/6387 6386/6386/6386
f 6387/6387/6387 6388/6388/6388 6386/6386/6386
f 6389/6389/6389 6391/6391/6391 6390/6390/6390
f 6391/6391/6391 6392/6392/6392 6390/6390/6390
f 6393/6393/6393 6395/6395/6395 6394/6394/6394
f 6395/6395/6395 6396/6396/6396 6394/6394/6394
f 6397/6397/6397 6399/6399/6399 6398/6398/6398
f 6399/6399/6399 6400/6400/6400 6398/6398/6398
f 6401/6401/6401 6403/6403/6403 6402/6402/6402
f 6403/6403/6403 6404/6404/6404 6402/6402/6402
f 6405/6405/6405 6407/6407/6407 6406/6406/6406
f 6407/6407/6407 6408/6408/6408 6406/6406/6406
o spectral_chain1_3_214
usemtl ghost_chain
v 0.01425234337244183 1.8970648433724417 0.0475078125
v 0.01425234337244183 1.8970648433724417 -0.0475078125
v 0.01425234337244183 1.8685601566275583 0.0475078125
v 0.01425234337244183 1.8685601566275583 -0.0475078125
v -0.01425234337244183 1.8970648433724417 -0.0475078125
v -0.01425234337244183 1.8970648433724417 0.0475078125
v -0.01425234337244183 1.8685601566275583 -0.0475078125
v -0.01425234337244183 1.8685601566275583 0.0475078125
v -0.01425234337244183 1.8970648433724417 -0.0475078125
v 0.01425234337244183 1.8970648433724417 -0.0475078125
v -0.01425234337244183 1.8970648433724417 0.0475078125
v 0.01425234337244183 1.8970648433724417 0.0475078125
v -0.01425234337244183 1.8685601566275583 0.0475078125
v 0.01425234337244183 1.8685601566275583 0.0475078125
v -0.01425234337244183 1.8685601566275583 -0.0475078125
v 0.01425234337244183 1.8685601566275583 -0.0475078125
v -0.01425234337244183 1.8970648433724417 0.0475078125
v 0.01425234337244183 1.8970648433724417 0.0475078125
v -0.01425234337244183 1.8685601566275583 0.0475078125
v 0.01425234337244183 1.8685601566275583 0.0475078125
v 0.01425234337244183 1.8970648433724417 -0.0475078125
v -0.01425234337244183 1.8970648433724417 -0.0475078125
v 0.01425234337244183 1.8685601566275583 -0.0475078125
v -0.01425234337244183 1.8685601566275583 -0.0475078125
vt 0.1875 1
vt 0.3125 1
vt 0.1875 0.9375
vt 0.3125 0.9375
vt 0.1875 1
vt 0.3125 1
vt 0.1875 0.9375
vt 0.3125 0.9375
vt 0.1875 1.0625
vt 0.25 1.0625
vt 0.1875 0.9375
vt 0.25 0.9375
vt 0.1875 1.0625
vt 0.25 1.0625
vt 0.1875 0.9375
vt 0.25 0.9375
vt 0.1875 1
vt 0.25 1
vt 0.1875 0.9375
vt 0.25 0.9375
vt 0.1875 1
vt 0.25 1
vt 0.1875 0.9375
vt 0.25 0.9375
vn 1 0 0
vn 1 0 0
vn 1 0 0
vn 1 0 0
vn -1 0 0
vn -1 0 0
vn -1 0 0
vn -1 0 0
vn 0 1 0
vn 0 1 0
vn 0 1 0
vn 0 1 0
vn 0 -1 0
vn 0 -1 0
vn 0 -1 0
vn 0 -1 0
vn 0 0 1
vn 0 0 1
vn 0 0 1
vn 0 0 1
vn 0 0 -1
vn 0 0 -1
vn 0 0 -1
vn 0 0 -1
f 6409/6409/6409 6411/6411/6411 6410/6410/6410
f 6411/6411/6411 6412/6412/6412 6410/6410/6410
f 6413/6413/6413 6415/6415/6415 6414/6414/6414
f 6415/6415/6415 6416/6416/6416 6414/6414/6414
f 6417/6417/6417 6419/6419/6419 6418/6418/6418
f 6419/6419/6419 6420/6420/6420 6418/6418/6418
f 6421/6421/6421 6423/6423/6423 6422/6422/6422
f 6423/6423/6423 6424/6424/6424 6422/6422/6422
f 6425/6425/6425 6427/6427/6427 6426/6426/6426
f 6427/6427/6427 6428/6428/6428 6426/6426/6426
f 6429/6429/6429 6431/6431/6431 6430/6430/6430
f 6431/6431/6431 6432/6432/6432 6430/6430/6430
o spectral_chain1_4_215
usemtl ghost_chain
v 0.04750781211070716 2.0093437515571715 0.014695312110707162
v 0.04750781211070716 2.0093437515571715 -0.014695312110707162
v 0.04750781211070716 1.8656562484428287 0.014695312110707162
v 0.04750781211070716 1.8656562484428287 -0.014695312110707162
v 0.01811718788929284 2.0093437515571715 -0.014695312110707162
v 0.01811718788929284 2.0093437515571715 0.014695312110707162
v 0.01811718788929284 1.8656562484428287 -0.014695312110707162
v 0.01811718788929284 1.8656562484428287 0.014695312110707162
v 0.01811718788929284 2.0093437515571715 -0.014695312110707162
v 0.04750781211070716 2.0093437515571715 -0.014695312110707162
v 0.01811718788929284 2.0093437515571715 0.014695312110707162
v 0.04750781211070716 2.0093437515571715 0.014695312110707162
v 0.01811718788929284 1.8656562484428287 0.014695312110707162
v 0.04750781211070716 1.8656562484428287 0.014695312110707162
v 0.01811718788929284 1.8656562484428287 -0.014695312110707162
v 0.04750781211070716 1.8656562484428287 -0.014695312110707162
v 0.01811718788929284 2.0093437515571715 0.014695312110707162
v 0.04750781211070716 2.0093437515571715 0.014695312110707162
v 0.01811718788929284 1.8656562484428287 0.014695312110707162
v 0.04750781211070716 1.8656562484428287 0.014695312110707162
v 0.04750781211070716 2.0093437515571715 -0.014695312110707162
v 0.01811718788929284 2.0093437515571715 -0.014695312110707162
v 0.04750781211070716 1.8656562484428287 -0.014695312110707162
v 0.01811718788929284 1.8656562484428287 -0.014695312110707162
vt 0.625 0.3125
vt 0.6875 0.3125
vt 0.625 0.1875
vt 0.6875 0.1875
vt 0.625 0.3125
vt 0.6875 0.3125
vt 0.625 0.1875
vt 0.6875 0.1875
vt 0.625 0.25
vt 0.6875 0.25
vt 0.625 0.1875
vt 0.6875 0.1875
vt 0.625 0.25
vt 0.6875 0.25
vt 0.625 0.1875
vt 0.6875 0.1875
vt 0.625 0.3125
vt 0.6875 0.3125
vt 0.625 0.1875
vt 0.6875 0.1875
vt 0.625 0.3125
vt 0.6875 0.3125
vt 0.625 0.1875
vt 0.6875 0.1875
vn 1 0 0
vn 1 0 0
vn 1 0 0
vn 1 0 0
vn -1 0 0
vn -1 0 0
vn -1 0 0
vn -1 0 0
vn 0 1 0
vn 0 1 0
vn 0 1 0
vn 0 1 0
vn 0 -1 0
vn 0 -1 0
vn 0 -1 0
vn 0 -1 0
vn 0 0 1
vn 0 0 1
vn 0 0 1
vn 0 0 1
vn 0 0 -1
vn 0 0 -1
vn 0 0 -1
vn 0 0 -1
f 6433/6433/6433 6435/6435/6435 6434/6434/6434
f 6435/6435/6435 6436/6436/6436 6434/6434/6434
f 6437/6437/6437 6439/6439/6439 6438/6438/6438
f 6439/6439/6439 6440/6440/6440 6438/6438/6438
f 6441/6441/6441 6443/6443/6443 6442/6442/6442
f 6443/6443/6443 6444/6444/6444 6442/6442/6442
f 6445/6445/6445 6447/6447/6447 6446/6446/6446
f 6447/6447/6447 6448/6448/6448 6446/6446/6446
f 6449/6449/6449 6451/6451/6451 6450/6450/6450
f 6451/6451/6451 6452/6452/6452 6450/6450/6450
f 6453/6453/6453 6455/6455/6455 6454/6454/6454
f 6455/6455/6455 6456/6456/6456 6454/6454/6454
o spectral_chain1_4_216
usemtl ghost_chain
v -0.018496875379234553 2.007487501516938 0.014315624620765448
v -0.018496875379234553 2.007487501516938 -0.014315624620765448
v -0.018496875379234553 1.8675124984830618 0.014315624620765448
v -0.018496875379234553 1.8675124984830618 -0.014315624620765448
v -0.047128124620765446 2.007487501516938 -0.014315624620765448
v -0.047128124620765446 2.007487501516938 0.014315624620765448
v -0.047128124620765446 1.8675124984830618 -0.014315624620765448
v -0.047128124620765446 1.8675124984830618 0.014315624620765448
v -0.047128124620765446 2.007487501516938 -0.014315624620765448
v -0.018496875379234553 2.007487501516938 -0.014315624620765448
v -0.047128124620765446 2.007487501516938 0.014315624620765448
v -0.018496875379234553 2.007487501516938 0.014315624620765448
v -0.047128124620765446 1.8675124984830618 0.014315624620765448
v -0.018496875379234553 1.8675124984830618 0.014315624620765448
v -0.047128124620765446 1.8675124984830618 -0.014315624620765448
v -0.018496875379234553 1.8675124984830618 -0.014315624620765448
v -0.047128124620765446 2.007487501516938 0.014315624620765448
v -0.018496875379234553 2.007487501516938 0.014315624620765448
v -0.047128124620765446 1.8675124984830618 0.014315624620765448
v -0.018496875379234553 1.8675124984830618 0.014315624620765448
v -0.018496875379234553 2.007487501516938 -0.014315624620765448
v -0.047128124620765446 2.007487501516938 -0.014315624620765448
v -0.018496875379234553 1.8675124984830618 -0.014315624620765448
v -0.047128124620765446 1.8675124984830618 -0.014315624620765448
vt 0.625 0.3125
vt 0.6875 0.3125
vt 0.625 0.1875
vt 0.6875 0.1875
vt 0.625 0.3125
vt 0.6875 0.3125
vt 0.625 0.1875
vt 0.6875 0.1875
vt 0.625 0.25
vt 0.6875 0.25
vt 0.625 0.1875
vt 0.6875 0.1875
vt 0.625 0.25
vt 0.6875 0.25
vt 0.625 0.1875
vt 0.6875 0.1875
vt 0.625 0.3125
vt 0.6875 0.3125
vt 0.625 0.1875
vt 0.6875 0.1875
vt 0.625 0.3125
vt 0.6875 0.3125
vt 0.625 0.1875
vt 0.6875 0.1875
vn 0.9999999999999999 0 0
vn 0.9999999999999999 0 0
vn 0.9999999999999999 0 0
vn 0.9999999999999999 0 0
vn -0.9999999999999999 0 0
vn -0.9999999999999999 0 0
vn -0.9999999999999999 0 0
vn -0.9999999999999999 0 0
vn 0 0.9999999999999999 0
vn 0 0.9999999999999999 0
vn 0 0.9999999999999999 0
vn 0 0.9999999999999999 0
vn 0 -0.9999999999999999 0
vn 0 -0.9999999999999999 0
vn 0 -0.9999999999999999 0
vn 0 -0.9999999999999999 0
vn 0 0 0.9999999999999999
vn 0 0 0.9999999999999999
vn 0 0 0.9999999999999999
vn 0 0 0.9999999999999999
vn 0 0 -0.9999999999999999
vn 0 0 -0.9999999999999999
vn 0 0 -0.9999999999999999
vn 0 0 -0.9999999999999999
f 6457/6457/6457 6459/6459/6459 6458/6458/6458
f 6459/6459/6459 6460/6460/6460 6458/6458/6458
f 6461/6461/6461 6463/6463/6463 6462/6462/6462
f 6463/6463/6463 6464/6464/6464 6462/6462/6462
f 6465/6465/6465 6467/6467/6467 6466/6466/6466
f 6467/6467/6467 6468/6468/6468 6466/6466/6466
f 6469/6469/6469 6471/6471/6471 6470/6470/6470
f 6471/6471/6471 6472/6472/6472 6470/6470/6470
f 6473/6473/6473 6475/6475/6475 6474/6474/6474
f 6475/6475/6475 6476/6476/6476 6474/6474/6474
f 6477/6477/6477 6479/6479/6479 6478/6478/6478
f 6479/6479/6479 6480/6480/6480 6478/6478/6478
o spectral_chain1_4_217
usemtl ghost_chain
v 0.049195312500000005 2.006946093359031 0.014758593359030785
v 0.049195312500000005 2.006946093359031 -0.014758593359030785
v 0.049195312500000005 1.9774289066409692 0.014758593359030785
v 0.049195312500000005 1.9774289066409692 -0.014758593359030785
v -0.049195312500000005 2.006946093359031 -0.014758593359030785
v -0.049195312500000005 2.006946093359031 0.014758593359030785
v -0.049195312500000005 1.9774289066409692 -0.014758593359030785
v -0.049195312500000005 1.9774289066409692 0.014758593359030785
v -0.049195312500000005 2.006946093359031 -0.014758593359030785
v 0.049195312500000005 2.006946093359031 -0.014758593359030785
v -0.049195312500000005 2.006946093359031 0.014758593359030785
v 0.049195312500000005 2.006946093359031 0.014758593359030785
v -0.049195312500000005 1.9774289066409692 0.014758593359030785
v 0.049195312500000005 1.9774289066409692 0.014758593359030785
v -0.049195312500000005 1.9774289066409692 -0.014758593359030785
v 0.049195312500000005 1.9774289066409692 -0.014758593359030785
v -0.049195312500000005 2.006946093359031 0.014758593359030785
v 0.049195312500000005 2.006946093359031 0.014758593359030785
v -0.049195312500000005 1.9774289066409692 0.014758593359030785
v 0.049195312500000005 1.9774289066409692 0.014758593359030785
v 0.049195312500000005 2.006946093359031 -0.014758593359030785
v -0.049195312500000005 2.006946093359031 -0.014758593359030785
v 0.049195312500000005 1.9774289066409692 -0.014758593359030785
v -0.049195312500000005 1.9774289066409692 -0.014758593359030785
vt 0.6875 0.8125
vt 0.75 0.8125
vt 0.6875 0.75
vt 0.75 0.75
vt 0.6875 0.8125
vt 0.75 0.8125
vt 0.6875 0.75
vt 0.75 0.75
vt 0.6875 0.8125
vt 0.8125 0.8125
vt 0.6875 0.75
vt 0.8125 0.75
vt 0.6875 0.8125
vt 0.8125 0.8125
vt 0.6875 0.75
vt 0.8125 0.75
vt 0.6875 0.8125
vt 0.8125 0.8125
vt 0.6875 0.75
vt 0.8125 0.75
vt 0.6875 0.8125
vt 0.8125 0.8125
vt 0.6875 0.75
vt 0.8125 0.75
vn 1 0 0
vn 1 0 0
vn 1 0 0
vn 1 0 0
vn -1 0 0
vn -1 0 0
vn -1 0 0
vn -1 0 0
vn 0 1 0
vn 0 1 0
vn 0 1 0
vn 0 1 0
vn 0 -1 0
vn 0 -1 0
vn 0 -1 0
vn 0 -1 0
vn 0 0 1
vn 0 0 1
vn 0 0 1
vn 0 0 1
vn 0 0 -1
vn 0 0 -1
vn 0 0 -1
vn 0 0 -1
f 6481/6481/6481 6483/6483/6483 6482/6482/6482
f 6483/6483/6483 6484/6484/6484 6482/6482/6482
f 6485/6485/6485 6487/6487/6487 6486/6486/6486
f 6487/6487/6487 6488/6488/6488 6486/6486/6486
f 6489/6489/6489 6491/6491/6491 6490/6490/6490
f 6491/6491/6491 6492/6492/6492 6490/6490/6490
f 6493/6493/6493 6495/6495/6495 6494/6494/6494
f 6495/6495/6495 6496/6496/6496 6494/6494/6494
f 6497/6497/6497 6499/6499/6499 6498/6498/6498
f 6499/6499/6499 6500/6500/6500 6498/6498/6498
f 6501/6501/6501 6503/6503/6503 6502/6502/6502
f 6503/6503/6503 6504/6504/6504 6502/6502/6502
o spectral_chain1_4_218
usemtl ghost_chain
v 0.0479296875 1.897191405869089 0.014378905869089067
v 0.0479296875 1.897191405869089 -0.014378905869089067
v 0.0479296875 1.868433594130911 0.014378905869089067
v 0.0479296875 1.868433594130911 -0.014378905869089067
v -0.0479296875 1.897191405869089 -0.014378905869089067
v -0.0479296875 1.897191405869089 0.014378905869089067
v -0.0479296875 1.868433594130911 -0.014378905869089067
v -0.0479296875 1.868433594130911 0.014378905869089067
v -0.0479296875 1.897191405869089 -0.014378905869089067
v 0.0479296875 1.897191405869089 -0.014378905869089067
v -0.0479296875 1.897191405869089 0.014378905869089067
v 0.0479296875 1.897191405869089 0.014378905869089067
v -0.0479296875 1.868433594130911 0.014378905869089067
v 0.0479296875 1.868433594130911 0.014378905869089067
v -0.0479296875 1.868433594130911 -0.014378905869089067
v 0.0479296875 1.868433594130911 -0.014378905869089067
v -0.0479296875 1.897191405869089 0.014378905869089067
v 0.0479296875 1.897191405869089 0.014378905869089067
v -0.0479296875 1.868433594130911 0.014378905869089067
v 0.0479296875 1.868433594130911 0.014378905869089067
v 0.0479296875 1.897191405869089 -0.014378905869089067
v -0.0479296875 1.897191405869089 -0.014378905869089067
v 0.0479296875 1.868433594130911 -0.014378905869089067
v -0.0479296875 1.868433594130911 -0.014378905869089067
vt 0.6875 0.8125
vt 0.75 0.8125
vt 0.6875 0.75
vt 0.75 0.75
vt 0.6875 0.8125
vt 0.75 0.8125
vt 0.6875 0.75
vt 0.75 0.75
vt 0.6875 0.8125
vt 0.8125 0.8125
vt 0.6875 0.75
vt 0.8125 0.75
vt 0.6875 0.8125
vt 0.8125 0.8125
vt 0.6875 0.75
vt 0.8125 0.75
vt 0.6875 0.8125
vt 0.8125 0.8125
vt 0.6875 0.75
vt 0.8125 0.75
vt 0.6875 0.8125
vt 0.8125 0.8125
vt 0.6875 0.75
vt 0.8125 0.75
vn 1 0 0
vn 1 0 0
vn 1 0 0
vn 1 0 0
vn -1 0 0
vn -1 0 0
vn -1 0 0
vn -1 0 0
vn 0 1 0
vn 0 1 0
vn 0 1 0
vn 0 1 0
vn 0 -1 0
vn 0 -1 0
vn 0 -1 0
vn 0 -1 0
vn 0 0 1
vn 0 0 1
vn 0 0 1
vn 0 0 1
vn 0 0 -1
vn 0 0 -1
vn 0 0 -1
vn 0 0 -1
f 6505/6505/6505 6507/6507/6507 6506/6506/6506
f 6507/6507/6507 6508/6508/6508 6506/6506/6506
f 6509/6509/6509 6511/6511/6511 6510/6510/6510
f 6511/6511/6511 6512/6512/6512 6510/6510/6510
f 6513/6513/6513 6515/6515/6515 6514/6514/6514
f 6515/6515/6515 6516/6516/6516 6514/6514/6514
f 6517/6517/6517 6519/6519/6519 6518/6518/6518
f 6519/6519/6519 6520/6520/6520 6518/6518/6518
f 6521/6521/6521 6523/6523/6523 6522/6522/6522
f 6523/6523/6523 6524/6524/6524 6522/6522/6522
f 6525/6525/6525 6527/6527/6527 6526/6526/6526
f 6527/6527/6527 6528/6528/6528 6526/6526/6526
o spectral_chain1_5_219
usemtl ghost_chain
v 0.014821874607354403 2.009962501570582 0.0476343746073544
v 0.014821874607354403 2.009962501570582 0.0179906253926456
v 0.014821874607354403 1.8650374984294176 0.0476343746073544
v 0.014821874607354403 1.8650374984294176 0.0179906253926456
v -0.014821874607354403 2.009962501570582 0.0179906253926456
v -0.014821874607354403 2.009962501570582 0.0476343746073544
v -0.014821874607354403 1.8650374984294176 0.0179906253926456
v -0.014821874607354403 1.8650374984294176 0.0476343746073544
v -0.014821874607354403 2.009962501570582 0.0179906253926456
v 0.014821874607354403 2.009962501570582 0.0179906253926456
v -0.014821874607354403 2.009962501570582 0.0476343746073544
v 0.014821874607354403 2.009962501570582 0.0476343746073544
v -0.014821874607354403 1.8650374984294176 0.0476343746073544
v 0.014821874607354403 1.8650374984294176 0.0476343746073544
v -0.014821874607354403 1.8650374984294176 0.0179906253926456
v 0.014821874607354403 1.8650374984294176 0.0179906253926456
v -0.014821874607354403 2.009962501570582 0.0476343746073544
v 0.014821874607354403 2.009962501570582 0.0476343746073544
v -0.014821874607354403 1.8650374984294176 0.0476343746073544
v 0.014821874607354403 1.8650374984294176 0.0476343746073544
v 0.014821874607354403 2.009962501570582 0.0179906253926456
v -0.014821874607354403 2.009962501570582 0.0179906253926456
v 0.014821874607354403 1.8650374984294176 0.0179906253926456
v -0.014821874607354403 1.8650374984294176 0.0179906253926456
vt 0.625 0.3125
vt 0.6875 0.3125
vt 0.625 0.1875
vt 0.6875 0.1875
vt 0.625 0.3125
vt 0.6875 0.3125
vt 0.625 0.1875
vt 0.6875 0.1875
vt 0.625 0.25
vt 0.6875 0.25
vt 0.625 0.1875
vt 0.6875 0.1875
vt 0.625 0.25
vt 0.6875 0.25
vt 0.625 0.1875
vt 0.6875 0.1875
vt 0.625 0.3125
vt 0.6875 0.3125
vt 0.625 0.1875
vt 0.6875 0.1875
vt 0.625 0.3125
vt 0.6875 0.3125
vt 0.625 0.1875
vt 0.6875 0.1875
vn 1 0 0
vn 1 0 0
vn 1 0 0
vn 1 0 0
vn -1 0 0
vn -1 0 0
vn -1 0 0
vn -1 0 0
vn 0 1 0
vn 0 1 0
vn 0 1 0
vn 0 1 0
vn 0 -1 0
vn 0 -1 0
vn 0 -1 0
vn 0 -1 0
vn 0 0 1
vn 0 0 1
vn 0 0 1
vn 0 0 1
vn 0 0 -1
vn 0 0 -1
vn 0 0 -1
vn 0 0 -1
f 6529/6529/6529 6531/6531/6531 6530/6530/6530
f 6531/6531/6531 6532/6532/6532 6530/6530/6530
f 6533/6533/6533 6535/6535/6535 6534/6534/6534
f 6535/6535/6535 6536/6536/6536 6534/6534/6534
f 6537/6537/6537 6539/6539/6539 6538/6538/6538
f 6539/6539/6539 6540/6540/6540 6538/6538/6538
f 6541/6541/6541 6543/6543/6543 6542/6542/6542
f 6543/6543/6543 6544/6544/6544 6542/6542/6542
f 6545/6545/6545 6547/6547/6547 6546/6546/6546
f 6547/6547/6547 6548/6548/6548 6546/6546/6546
f 6549/6549/6549 6551/6551/6551 6550/6550/6550
f 6551/6551/6551 6552/6552/6552 6550/6550/6550
o spectral_chain1_5_219_back
usemtl ghost_chain
v 0.014821874607354403 2.009962501570582 -0.0179906253926456
v 0.014821874607354403 2.009962501570582 -0.0476343746073544
v 0.014821874607354403 1.8650374984294176 -0.0179906253926456
v 0.014821874607354403 1.8650374984294176 -0.0476343746073544
v -0.014821874607354403 2.009962501570582 -0.0476343746073544
v -0.014821874607354403 2.009962501570582 -0.0179906253926456
v -0.014821874607354403 1.8650374984294176 -0.0476343746073544
v -0.014821874607354403 1.8650374984294176 -0.0179906253926456
v -0.014821874607354403 2.009962501570582 -0.0476343746073544
v 0.014821874607354403 2.009962501570582 -0.0476343746073544
v -0.014821874607354403 2.009962501570582 -0.0179906253926456
v 0.014821874607354403 2.009962501570582 -0.0179906253926456
v -0.014821874607354403 1.8650374984294176 -0.0179906253926456
v 0.014821874607354403 1.8650374984294176 -0.0179906253926456
v -0.014821874607354403 1.8650374984294176 -0.0476343746073544
v 0.014821874607354403 1.8650374984294176 -0.0476343746073544
v -0.014821874607354403 2.009962501570582 -0.0179906253926456
v 0.014821874607354403 2.009962501570582 -0.0179906253926456
v -0.014821874607354403 1.8650374984294176 -0.0179906253926456
v 0.014821874607354403 1.8650374984294176 -0.0179906253926456
v 0.014821874607354403 2.009962501570582 -0.0476343746073544
v -0.014821874607354403 2.009962501570582 -0.0476343746073544
v 0.014821874607354403 1.8650374984294176 -0.0476343746073544
v -0.014821874607354403 1.8650374984294176 -0.0476343746073544
vt 0.625 0.3125
vt 0.6875 0.3125
vt 0.625 0.1875
vt 0.6875 0.1875
vt 0.625 0.3125
vt 0.6875 0.3125
vt 0.625 0.1875
vt 0.6875 0.1875
vt 0.625 0.25
vt 0.6875 0.25
vt 0.625 0.1875
vt 0.6875 0.1875
vt 0.625 0.25
vt 0.6875 0.25
vt 0.625 0.1875
vt 0.6875 0.1875
vt 0.625 0.3125
vt 0.6875 0.3125
vt 0.625 0.1875
vt 0.6875 0.1875
vt 0.625 0.3125
vt 0.6875 0.3125
vt 0.625 0.1875
vt 0.6875 0.1875
vn 1 0 0
vn 1 0 0
vn 1 0 0
vn 1 0 0
vn -1 0 0
vn -1 0 0
vn -1 0 0
vn -1 0 0
vn 0 1 0
vn 0 1 0
vn 0 1 0
vn 0 1 0
vn 0 -1 0
vn 0 -1 0
vn 0 -1 0
vn 0 -1 0
vn 0 0 1
vn 0 0 1
vn 0 0 1
vn 0 0 1
vn 0 0 -1
vn 0 0 -1
vn 0 0 -1
vn 0 0 -1
f 6553/6553/6553 6555/6555/6555 6554/6554/6554
f 6555/6555/6555 6556/6556/6556 6554/6554/6554
f 6557/6557/6557 6559/6559/6559 6558/6558/6558
f 6559/6559/6559 6560/6560/6560 6558/6558/6558
f 6561/6561/6561 6563/6563/6563 6562/6562/6562
f 6563/6563/6563 6564/6564/6564 6562/6562/6562
f 6565/6565/6565 6567/6567/6567 6566/6566/6566
f 6567/6567/6567 6568/6568/6568 6566/6566/6566
f 6569/6569/6569 6571/6571/6571 6570/6570/6570
f 6571/6571/6571 6572/6572/6572 6570/6570/6570
f 6573/6573/6573 6575/6575/6575 6574/6574/6574
f 6575/6575/6575 6576/6576/6576 6574/6574/6574
o spectral_chain1_5_220
usemtl ghost_chain
v 0.014442187117412686 2.008106251530349 -0.018370312882587315
v 0.014442187117412686 2.008106251530349 -0.04725468711741269
v 0.014442187117412686 1.8668937484696508 -0.018370312882587315
v 0.014442187117412686 1.8668937484696508 -0.04725468711741269
v -0.014442187117412686 2.008106251530349 -0.04725468711741269
v -0.014442187117412686 2.008106251530349 -0.018370312882587315
v -0.014442187117412686 1.8668937484696508 -0.04725468711741269
v -0.014442187117412686 1.8668937484696508 -0.018370312882587315
v -0.014442187117412686 2.008106251530349 -0.04725468711741269
v 0.014442187117412686 2.008106251530349 -0.04725468711741269
v -0.014442187117412686 2.008106251530349 -0.018370312882587315
v 0.014442187117412686 2.008106251530349 -0.018370312882587315
v -0.014442187117412686 1.8668937484696508 -0.018370312882587315
v 0.014442187117412686 1.8668937484696508 -0.018370312882587315
v -0.014442187117412686 1.8668937484696508 -0.04725468711741269
v 0.014442187117412686 1.8668937484696508 -0.04725468711741269
v -0.014442187117412686 2.008106251530349 -0.018370312882587315
v 0.014442187117412686 2.008106251530349 -0.018370312882587315
v -0.014442187117412686 1.8668937484696508 -0.018370312882587315
v 0.014442187117412686 1.8668937484696508 -0.018370312882587315
v 0.014442187117412686 2.008106251530349 -0.04725468711741269
v -0.014442187117412686 2.008106251530349 -0.04725468711741269
v 0.014442187117412686 1.8668937484696508 -0.04725468711741269
v -0.014442187117412686 1.8668937484696508 -0.04725468711741269
vt 0.625 0.3125
vt 0.6875 0.3125
vt 0.625 0.1875
vt 0.6875 0.1875
vt 0.625 0.3125
vt 0.6875 0.3125
vt 0.625 0.1875
vt 0.6875 0.1875
vt 0.625 0.25
vt 0.6875 0.25
vt 0.625 0.1875
vt 0.6875 0.1875
vt 0.625 0.25
vt 0.6875 0.25
vt 0.625 0.1875
vt 0.6875 0.1875
vt 0.625 0.3125
vt 0.6875 0.3125
vt 0.625 0.1875
vt 0.6875 0.1875
vt 0.625 0.3125
vt 0.6875 0.3125
vt 0.625 0.1875
vt 0.6875 0.1875
vn 1 0 0
vn 1 0 0
vn 1 0 0
vn 1 0 0
vn -1 0 0
vn -1 0 0
vn -1 0 0
vn -1 0 0
vn 0 1 0
vn 0 1 0
vn 0 1 0
vn 0 1 0
vn 0 -1 0
vn 0 -1 0
vn 0 -1 0
vn 0 -1 0
vn 0 0 1
vn 0 0 1
vn 0 0 1
vn 0 0 1
vn 0 0 -1
vn 0 0 -1
vn 0 0 -1
vn 0 0 -1
f 6577/6577/6577 6579/6579/6579 6578/6578/6578
f 6579/6579/6579 6580/6580/6580 6578/6578/6578
f 6581/6581/6581 6583/6583/6583 6582/6582/6582
f 6583/6583/6583 6584/6584/6584 6582/6582/6582
f 6585/6585/6585 6587/6587/6587 6586/6586/6586
f 6587/6587/6587 6588/6588/6588 6586/6586/6586
f 6589/6589/6589 6591/6591/6591 6590/6590/6590
f 6591/6591/6591 6592/6592/6592 6590/6590/6590
f 6593/6593/6593 6595/6595/6595 6594/6594/6594
f 6595/6595/6595 6596/6596/6596 6594/6594/6594
f 6597/6597/6597 6599/6599/6599 6598/6598/6598
f 6599/6599/6599 6600/6600/6600 6598/6598/6598
o spectral_chain1_5_220_back
usemtl ghost_chain
v 0.014442187117412686 2.008106251530349 0.04725468711741269
v 0.014442187117412686 2.008106251530349 0.018370312882587315
v 0.014442187117412686 1.8668937484696508 0.04725468711741269
v 0.014442187117412686 1.8668937484696508 0.018370312882587315
v -0.014442187117412686 2.008106251530349 0.018370312882587315
v -0.014442187117412686 2.008106251530349 0.04725468711741269
v -0.014442187117412686 1.8668937484696508 0.018370312882587315
v -0.014442187117412686 1.8668937484696508 0.04725468711741269
v -0.014442187117412686 2.008106251530349 0.018370312882587315
v 0.014442187117412686 2.008106251530349 0.018370312882587315
v -0.014442187117412686 2.008106251530349 0.04725468711741269
v 0.014442187117412686 2.008106251530349 0.04725468711741269
v -0.014442187117412686 1.8668937484696508 0.04725468711741269
v 0.014442187117412686 1.8668937484696508 0.04725468711741269
v -0.014442187117412686 1.8668937484696508 0.018370312882587315
v 0.014442187117412686 1.8668937484696508 0.018370312882587315
v -0.014442187117412686 2.008106251530349 0.04725468711741269
v 0.014442187117412686 2.008106251530349 0.04725468711741269
v -0.014442187117412686 1.8668937484696508 0.04725468711741269
v 0.014442187117412686 1.8668937484696508 0.04725468711741269
v 0.014442187117412686 2.008106251530349 0.018370312882587315
v -0.014442187117412686 2.008106251530349 0.018370312882587315
v 0.014442187117412686 1.8668937484696508 0.018370312882587315
v -0.014442187117412686 1.8668937484696508 0.018370312882587315
vt 0.625 0.3125
vt 0.6875 0.3125
vt 0.625 0.1875
vt 0.6875 0.1875
vt 0.625 0.3125
vt 0.6875 0.3125
vt 0.625 0.1875
vt 0.6875 0.1875
vt 0.625 0.25
vt 0.6875 0.25
vt 0.625 0.1875
vt 0.6875 0.1875
vt 0.625 0.25
vt 0.6875 0.25
vt 0.625 0.1875
vt 0.6875 0.1875
vt 0.625 0.3125
vt 0.6875 0.3125
vt 0.625 0.1875
vt 0.6875 0.1875
vt 0.625 0.3125
vt 0.6875 0.3125
vt 0.625 0.1875
vt 0.6875 0.1875
vn 1 0 0
vn 1 0 0
vn 1 0 0
vn 1 0 0
vn -1 0 0
vn -1 0 0
vn -1 0 0
vn -1 0 0
vn 0 1 0
vn 0 1 0
vn 0 1 0
vn 0 1 0
vn 0 -1 0
vn 0 -1 0
vn 0 -1 0
vn 0 -1 0
vn 0 0 1
vn 0 0 1
vn 0 0 1
vn 0 0 1
vn 0 0 -1
vn 0 0 -1
vn 0 0 -1
vn 0 0 -1
f 6601/6601/6601 6603/6603/6603 6602/6602/6602
f 6603/6603/6603 6604/6604/6604 6602/6602/6602
f 6605/6605/6605 6607/6607/6607 6606/6606/6606
f 6607/6607/6607 6608/6608/6608 6606/6606/6606
f 6609/6609/6609 6611/6611/6611 6610/6610/6610
f 6611/6611/6611 6612/6612/6612 6610/6610/6610
f 6613/6613/6613 6615/6615/6615 6614/6614/6614
f 6615/6615/6615 6616/6616/6616 6614/6614/6614
f 6617/6617/6617 6619/6619/6619 6618/6618/6618
f 6619/6619/6619 6620/6620/6620 6618/6618/6618
f 6621/6621/6621 6623/6623/6623 6622/6622/6622
f 6623/6623/6623 6624/6624/6624 6622/6622/6622
o spectral_chain1_5_221
usemtl ghost_chain
v 0.01406249962747097 2.006249999627471 0.046875
v 0.01406249962747097 2.006249999627471 -0.046875
v 0.01406249962747097 1.978125000372529 0.046875
v 0.01406249962747097 1.978125000372529 -0.046875
v -0.01406249962747097 2.006249999627471 -0.046875
v -0.01406249962747097 2.006249999627471 0.046875
v -0.01406249962747097 1.978125000372529 -0.046875
v -0.01406249962747097 1.978125000372529 0.046875
v -0.01406249962747097 2.006249999627471 -0.046875
v 0.01406249962747097 2.006249999627471 -0.046875
v -0.01406249962747097 2.006249999627471 0.046875
v 0.01406249962747097 2.006249999627471 0.046875
v -0.01406249962747097 1.978125000372529 0.046875
v 0.01406249962747097 1.978125000372529 0.046875
v -0.01406249962747097 1.978125000372529 -0.046875
v 0.01406249962747097 1.978125000372529 -0.046875
v -0.01406249962747097 2.006249999627471 0.046875
v 0.01406249962747097 2.006249999627471 0.046875
v -0.01406249962747097 1.978125000372529 0.046875
v 0.01406249962747097 1.978125000372529 0.046875
v 0.01406249962747097 2.006249999627471 -0.046875
v -0.01406249962747097 2.006249999627471 -0.046875
v 0.01406249962747097 1.978125000372529 -0.046875
v -0.01406249962747097 1.978125000372529 -0.046875
vt 0.1875 1
vt 0.3125 1
vt 0.1875 0.9375
vt 0.3125 0.9375
vt 0.1875 1
vt 0.3125 1
vt 0.1875 0.9375
vt 0.3125 0.9375
vt 0.1875 1.0625
vt 0.25 1.0625
vt 0.1875 0.9375
vt 0.25 0.9375
vt 0.1875 1.0625
vt 0.25 1.0625
vt 0.1875 0.9375
vt 0.25 0.9375
vt 0.1875 1
vt 0.25 1
vt 0.1875 0.9375
vt 0.25 0.9375
vt 0.1875 1
vt 0.25 1
vt 0.1875 0.9375
vt 0.25 0.9375
vn 1 0 0
vn 1 0 0
vn 1 0 0
vn 1 0 0
vn -1 0 0
vn -1 0 0
vn -1 0 0
vn -1 0 0
vn 0 1 0
vn 0 1 0
vn 0 1 0
vn 0 1 0
vn 0 -1 0
vn 0 -1 0
vn 0 -1 0
vn 0 -1 0
vn 0 0 1
vn 0 0 1
vn 0 0 1
vn 0 0 1
vn 0 0 -1
vn 0 0 -1
vn 0 0 -1
vn 0 0 -1
f 6625/6625/6625 6627/6627/6627 6626/6626/6626
f 6627/6627/6627 6628/6628/6628 6626/6626/6626
f 6629/6629/6629 6631/6631/6631 6630/6630/6630
f 6631/6631/6631 6632/6632/6632 6630/6630/6630
f 6633/6633/6633 6635/6635/6635 6634/6634/6634
f 6635/6635/6635 6636/6636/6636 6634/6634/6634
f 6637/6637/6637 6639/6639/6639 6638/6638/6638
f 6639/6639/6639 6640/6640/6640 6638/6638/6638
f 6641/6641/6641 6643/6643/6643 6642/6642/6642
f 6643/6643/6643 6644/6644/6644 6642/6642/6642
f 6645/6645/6645 6647/6647/6647 6646/6646/6646
f 6647/6647/6647 6648/6648/6648 6646/6646/6646
o spectral_chain1_5_222
usemtl ghost_chain
v 0.014505468365736306 1.8973179683657364 0.0483515625
v 0.014505468365736306 1.8973179683657364 -0.0483515625
v 0.014505468365736306 1.8683070316342636 0.0483515625
v 0.014505468365736306 1.8683070316342636 -0.0483515625
v -0.014505468365736306 1.8973179683657364 -0.0483515625
v -0.014505468365736306 1.8973179683657364 0.0483515625
v -0.014505468365736306 1.8683070316342636 -0.0483515625
v -0.014505468365736306 1.8683070316342636 0.0483515625
v -0.014505468365736306 1.8973179683657364 -0.0483515625
v 0.014505468365736306 1.8973179683657364 -0.0483515625
v -0.014505468365736306 1.8973179683657364 0.0483515625
v 0.014505468365736306 1.8973179683657364 0.0483515625
v -0.014505468365736306 1.8683070316342636 0.0483515625
v 0.014505468365736306 1.8683070316342636 0.0483515625
v -0.014505468365736306 1.8683070316342636 -0.0483515625
v 0.014505468365736306 1.8683070316342636 -0.0483515625
v -0.014505468365736306 1.8973179683657364 0.0483515625
v 0.014505468365736306 1.8973179683657364 0.0483515625
v -0.014505468365736306 1.8683070316342636 0.0483515625
v 0.014505468365736306 1.8683070316342636 0.0483515625
v 0.014505468365736306 1.8973179683657364 -0.0483515625
v -0.014505468365736306 1.8973179683657364 -0.0483515625
v 0.014505468365736306 1.8683070316342636 -0.0483515625
v -0.014505468365736306 1.8683070316342636 -0.0483515625
vt 0.1875 1
vt 0.3125 1
vt 0.1875 0.9375
vt 0.3125 0.9375
vt 0.1875 1
vt 0.3125 1
vt 0.1875 0.9375
vt 0.3125 0.9375
vt 0.1875 1.0625
vt 0.25 1.0625
vt 0.1875 0.9375
vt 0.25 0.9375
vt 0.1875 1.0625
vt 0.25 1.0625
vt 0.1875 0.9375
vt 0.25 0.9375
vt 0.1875 1
vt 0.25 1
vt 0.1875 0.9375
vt 0.25 0.9375
vt 0.1875 1
vt 0.25 1
vt 0.1875 0.9375
vt 0.25 0.9375
vn 1 0 0
vn 1 0 0
vn 1 0 0
vn 1 0 0
vn -1 0 0
vn -1 0 0
vn -1 0 0
vn -1 0 0
vn 0 1 0
vn 0 1 0
vn 0 1 0
vn 0 1 0
vn 0 -1 0
vn 0 -1 0
vn 0 -1 0
vn 0 -1 0
vn 0 0 1
vn 0 0 1
vn 0 0 1
vn 0 0 1
vn 0 0 -1
vn 0 0 -1
vn 0 0 -1
vn 0 0 -1
f 6649/6649/6649 6651/6651/6651 6650/6650/6650
f 6651/6651/6651 6652/6652/6652 6650/6650/6650
f 6653/6653/6653 6655/6655/6655 6654/6654/6654
f 6655/6655/6655 6656/6656/6656 6654/6654/6654
f 6657/6657/6657 6659/6659/6659 6658/6658/6658
f 6659/6659/6659 6660/6660/6660 6658/6658/6658
f 6661/6661/6661 6663/6663/6663 6662/6662/6662
f 6663/6663/6663 6664/6664/6664 6662/6662/6662
f 6665/6665/6665 6667/6667/6667 6666/6666/6666
f 6667/6667/6667 6668/6668/6668 6666/6666/6666
f 6669/6669/6669 6671/6671/6671 6670/6670/6670
f 6671/6671/6671 6672/6672/6672 6670/6670/6670
o spectral_chain1_6_223
usemtl ghost_chain
v 0.04693828087579459 2.0065593764968215 0.014125780875794589
v 0.04693828087579459 2.0065593764968215 -0.014125780875794589
v 0.04693828087579459 1.8684406235031783 0.014125780875794589
v 0.04693828087579459 1.8684406235031783 -0.014125780875794589
v 0.018686719124205414 2.0065593764968215 -0.014125780875794589
v 0.018686719124205414 2.0065593764968215 0.014125780875794589
v 0.018686719124205414 1.8684406235031783 -0.014125780875794589
v 0.018686719124205414 1.8684406235031783 0.014125780875794589
v 0.018686719124205414 2.0065593764968215 -0.014125780875794589
v 0.04693828087579459 2.0065593764968215 -0.014125780875794589
v 0.018686719124205414 2.0065593764968215 0.014125780875794589
v 0.04693828087579459 2.0065593764968215 0.014125780875794589
v 0.018686719124205414 1.8684406235031783 0.014125780875794589
v 0.04693828087579459 1.8684406235031783 0.014125780875794589
v 0.018686719124205414 1.8684406235031783 -0.014125780875794589
v 0.04693828087579459 1.8684406235031783 -0.014125780875794589
v 0.018686719124205414 2.0065593764968215 0.014125780875794589
v 0.04693828087579459 2.0065593764968215 0.014125780875794589
v 0.018686719124205414 1.8684406235031783 0.014125780875794589
v 0.04693828087579459 1.8684406235031783 0.014125780875794589
v 0.04693828087579459 2.0065593764968215 -0.014125780875794589
v 0.018686719124205414 2.0065593764968215 -0.014125780875794589
v 0.04693828087579459 1.8684406235031783 -0.014125780875794589
v 0.018686719124205414 1.8684406235031783 -0.014125780875794589
vt 0.625 0.3125
vt 0.6875 0.3125
vt 0.625 0.1875
vt 0.6875 0.1875
vt 0.625 0.3125
vt 0.6875 0.3125
vt 0.625 0.1875
vt 0.6875 0.1875
vt 0.625 0.25
vt 0.6875 0.25
vt 0.625 0.1875
vt 0.6875 0.1875
vt 0.625 0.25
vt 0.6875 0.25
vt 0.625 0.1875
vt 0.6875 0.1875
vt 0.625 0.3125
vt 0.6875 0.3125
vt 0.625 0.1875
vt 0.6875 0.1875
vt 0.625 0.3125
vt 0.6875 0.3125
vt 0.625 0.1875
vt 0.6875 0.1875
vn 1 0 0
vn 1 0 0
vn 1 0 0
vn 1 0 0
vn -1 0 0
vn -1 0 0
vn -1 0 0
vn -1 0 0
vn 0 1 0
vn 0 1 0
vn 0 1 0
vn 0 1 0
vn 0 -1 0
vn 0 -1 0
vn 0 -1 0
vn 0 -1 0
vn 0 0 1
vn 0 0 1
vn 0 0 1
vn 0 0 1
vn 0 0 -1
vn 0 0 -1
vn 0 0 -1
vn 0 0 -1
f 6673/6673/6673 6675/6675/6675 6674/6674/6674
f 6675/6675/6675 6676/6676/6676 6674/6674/6674
f 6677/6677/6677 6679/6679/6679 6678/6678/6678
f 6679/6679/6679 6680/6680/6680 6678/6678/6678
f 6681/6681/6681 6683/6683/6683 6682/6682/6682
f 6683/6683/6683 6684/6684/6684 6682/6682/6682
f 6685/6685/6685 6687/6687/6687 6686/6686/6686
f 6687/6687/6687 6688/6688/6688 6686/6686/6686
f 6689/6689/6689 6691/6691/6691 6690/6690/6690
f 6691/6691/6691 6692/6692/6692 6690/6690/6690
f 6693/6693/6693 6695/6695/6695 6694/6694/6694
f 6695/6695/6695 6696/6696/6696 6694/6694/6694
o spectral_chain1_6_224
usemtl ghost_chain
v -0.018243750385940075 2.0087250015437603 0.014568749614059925
v -0.018243750385940075 2.0087250015437603 -0.014568749614059925
v -0.018243750385940075 1.8662749984562397 0.014568749614059925
v -0.018243750385940075 1.8662749984562397 -0.014568749614059925
v -0.04738124961405993 2.0087250015437603 -0.014568749614059925
v -0.04738124961405993 2.0087250015437603 0.014568749614059925
v -0.04738124961405993 1.8662749984562397 -0.014568749614059925
v -0.04738124961405993 1.8662749984562397 0.014568749614059925
v -0.04738124961405993 2.0087250015437603 -0.014568749614059925
v -0.018243750385940075 2.0087250015437603 -0.014568749614059925
v -0.04738124961405993 2.0087250015437603 0.014568749614059925
v -0.018243750385940075 2.0087250015437603 0.014568749614059925
v -0.04738124961405993 1.8662749984562397 0.014568749614059925
v -0.018243750385940075 1.8662749984562397 0.014568749614059925
v -0.04738124961405993 1.8662749984562397 -0.014568749614059925
v -0.018243750385940075 1.8662749984562397 -0.014568749614059925
v -0.04738124961405993 2.0087250015437603 0.014568749614059925
v -0.018243750385940075 2.0087250015437603 0.014568749614059925
v -0.04738124961405993 1.8662749984562397 0.014568749614059925
v -0.018243750385940075 1.8662749984562397 0.014568749614059925
v -0.018243750385940075 2.0087250015437603 -0.014568749614059925
v -0.04738124961405993 2.0087250015437603 -0.014568749614059925
v -0.018243750385940075 1.8662749984562397 -0.014568749614059925
v -0.04738124961405993 1.8662749984562397 -0.014568749614059925
vt 0.625 0.3125
vt 0.6875 0.3125
vt 0.625 0.1875
vt 0.6875 0.1875
vt 0.625 0.3125
vt 0.6875 0.3125
vt 0.625 0.1875
vt 0.6875 0.1875
vt 0.625 0.25
vt 0.6875 0.25
vt 0.625 0.1875
vt 0.6875 0.1875
vt 0.625 0.25
vt 0.6875 0.25
vt 0.625 0.1875
vt 0.6875 0.1875
vt 0.625 0.3125
vt 0.6875 0.3125
vt 0.625 0.1875
vt 0.6875 0.1875
vt 0.625 0.3125
vt 0.6875 0.3125
vt 0.625 0.1875
vt 0.6875 0.1875
vn 1 0 0
vn 1 0 0
vn 1 0 0
vn 1 0 0
vn -1 0 0
vn -1 0 0
vn -1 0 0
vn -1 0 0
vn 0 1 0
vn 0 1 0
vn 0 1 0
vn 0 1 0
vn 0 -1 0
vn 0 -1 0
vn 0 -1 0
vn 0 -1 0
vn 0 0 1
vn 0 0 1
vn 0 0 1
vn 0 0 1
vn 0 0 -1
vn 0 0 -1
vn 0 0 -1
vn 0 0 -1
f 6697/6697/6697 6699/6699/6699 6698/6698/6698
f 6699/6699/6699 6700/6700/6700 6698/6698/6698
f 6701/6701/6701 6703/6703/6703 6702/6702/6702
f 6703/6703/6703 6704/6704/6704 6702/6702/6702
f 6705/6705/6705 6707/6707/6707 6706/6706/6706
f 6707/6707/6707 6708/6708/6708 6706/6706/6706
f 6709/6709/6709 6711/6711/6711 6710/6710/6710
f 6711/6711/6711 6712/6712/6712 6710/6710/6710
f 6713/6713/6713 6715/6715/6715 6714/6714/6714
f 6715/6715/6715 6716/6716/6716 6714/6714/6714
f 6717/6717/6717 6719/6719/6719 6718/6718/6718
f 6719/6719/6719 6720/6720/6720 6718/6718/6718
o spectral_chain1_6_225
usemtl ghost_chain
v 0.047296874999999995 2.0063765621241183 0.014189062124118208
v 0.047296874999999995 2.0063765621241183 -0.014189062124118208
v 0.047296874999999995 1.9779984378758817 0.014189062124118208
v 0.047296874999999995 1.9779984378758817 -0.014189062124118208
v -0.047296874999999995 2.0063765621241183 -0.014189062124118208
v -0.047296874999999995 2.0063765621241183 0.014189062124118208
v -0.047296874999999995 1.9779984378758817 -0.014189062124118208
v -0.047296874999999995 1.9779984378758817 0.014189062124118208
v -0.047296874999999995 2.0063765621241183 -0.014189062124118208
v 0.047296874999999995 2.0063765621241183 -0.014189062124118208
v -0.047296874999999995 2.0063765621241183 0.014189062124118208
v 0.047296874999999995 2.0063765621241183 0.014189062124118208
v -0.047296874999999995 1.9779984378758817 0.014189062124118208
v 0.047296874999999995 1.9779984378758817 0.014189062124118208
v -0.047296874999999995 1.9779984378758817 -0.014189062124118208
v 0.047296874999999995 1.9779984378758817 -0.014189062124118208
v -0.047296874999999995 2.0063765621241183 0.014189062124118208
v 0.047296874999999995 2.0063765621241183 0.014189062124118208
v -0.047296874999999995 1.9779984378758817 0.014189062124118208
v 0.047296874999999995 1.9779984378758817 0.014189062124118208
v 0.047296874999999995 2.0063765621241183 -0.014189062124118208
v -0.047296874999999995 2.0063765621241183 -0.014189062124118208
v 0.047296874999999995 1.9779984378758817 -0.014189062124118208
v -0.047296874999999995 1.9779984378758817 -0.014189062124118208
vt 0.6875 0.8125
vt 0.75 0.8125
vt 0.6875 0.75
vt 0.75 0.75
vt 0.6875 0.8125
vt 0.75 0.8125
vt 0.6875 0.75
vt 0.75 0.75
vt 0.6875 0.8125
vt 0.8125 0.8125
vt 0.6875 0.75
vt 0.8125 0.75
vt 0.6875 0.8125
vt 0.8125 0.8125
vt 0.6875 0.75
vt 0.8125 0.75
vt 0.6875 0.8125
vt 0.8125 0.8125
vt 0.6875 0.75
vt 0.8125 0.75
vt 0.6875 0.8125
vt 0.8125 0.8125
vt 0.6875 0.75
vt 0.8125 0.75
vn 0.9999999999999999 0 0
vn 0.9999999999999999 0 0
vn 0.9999999999999999 0 0
vn 0.9999999999999999 0 0
vn -0.9999999999999999 0 0
vn -0.9999999999999999 0 0
vn -0.9999999999999999 0 0
vn -0.9999999999999999 0 0
vn 0 0.9999999999999999 0
vn 0 0.9999999999999999 0
vn 0 0.9999999999999999 0
vn 0 0.9999999999999999 0
vn 0 -0.9999999999999999 0
vn 0 -0.9999999999999999 0
vn 0 -0.9999999999999999 0
vn 0 -0.9999999999999999 0
vn 0 0 0.9999999999999999
vn 0 0 0.9999999999999999
vn 0 0 0.9999999999999999
vn 0 0 0.9999999999999999
vn 0 0 -0.9999999999999999
vn 0 0 -0.9999999999999999
vn 0 0 -0.9999999999999999
vn 0 0 -0.9999999999999999
f 6721/6721/6721 6723/6723/6723 6722/6722/6722
f 6723/6723/6723 6724/6724/6724 6722/6722/6722
f 6725/6725/6725 6727/6727/6727 6726/6726/6726
f 6727/6727/6727 6728/6728/6728 6726/6726/6726
f 6729/6729/6729 6731/6731/6731 6730/6730/6730
f 6731/6731/6731 6732/6732/6732 6730/6730/6730
f 6733/6733/6733 6735/6735/6735 6734/6734/6734
f 6735/6735/6735 6736/6736/6736 6734/6734/6734
f 6737/6737/6737 6739/6739/6739 6738/6738/6738
f 6739/6739/6739 6740/6740/6740 6738/6738/6738
f 6741/6741/6741 6743/6743/6743 6742/6742/6742
f 6743/6743/6743 6744/6744/6744 6742/6742/6742
o spectral_chain1_6_226
usemtl ghost_chain
v 0.0487734375 1.8974445308623835 0.014632030862383544
v 0.0487734375 1.8974445308623835 -0.014632030862383544
v 0.0487734375 1.8681804691376165 0.014632030862383544
v 0.0487734375 1.8681804691376165 -0.014632030862383544
v -0.0487734375 1.8974445308623835 -0.014632030862383544
v -0.0487734375 1.8974445308623835 0.014632030862383544
v -0.0487734375 1.8681804691376165 -0.014632030862383544
v -0.0487734375 1.8681804691376165 0.014632030862383544
v -0.0487734375 1.8974445308623835 -0.014632030862383544
v 0.0487734375 1.8974445308623835 -0.014632030862383544
v -0.0487734375 1.8974445308623835 0.014632030862383544
v 0.0487734375 1.8974445308623835 0.014632030862383544
v -0.0487734375 1.8681804691376165 0.014632030862383544
v 0.0487734375 1.8681804691376165 0.014632030862383544
v -0.0487734375 1.8681804691376165 -0.014632030862383544
v 0.0487734375 1.8681804691376165 -0.014632030862383544
v -0.0487734375 1.8974445308623835 0.014632030862383544
v 0.0487734375 1.8974445308623835 0.014632030862383544
v -0.0487734375 1.8681804691376165 0.014632030862383544
v 0.0487734375 1.8681804691376165 0.014632030862383544
v 0.0487734375 1.8974445308623835 -0.014632030862383544
v -0.0487734375 1.8974445308623835 -0.014632030862383544
v 0.0487734375 1.8681804691376165 -0.014632030862383544
v -0.0487734375 1.8681804691376165 -0.014632030862383544
vt 0.6875 0.8125
vt 0.75 0.8125
vt 0.6875 0.75
vt 0.75 0.75
vt 0.6875 0.8125
vt 0.75 0.8125
vt 0.6875 0.75
vt 0.75 0.75
vt 0.6875 0.8125
vt 0.8125 0.8125
vt 0.6875 0.75
vt 0.8125 0.75
vt 0.6875 0.8125
vt 0.8125 0.8125
vt 0.6875 0.75
vt 0.8125 0.75
vt 0.6875 0.8125
vt 0.8125 0.8125
vt 0.6875 0.75
vt 0.8125 0.75
vt 0.6875 0.8125
vt 0.8125 0.8125
vt 0.6875 0.75
vt 0.8125 0.75
vn 1 0 0
vn 1 0 0
vn 1 0 0
vn 1 0 0
vn -1 0 0
vn -1 0 0
vn -1 0 0
vn -1 0 0
vn 0 1 0
vn 0 1 0
vn 0 1 0
vn 0 1 0
vn 0 -1 0
vn 0 -1 0
vn 0 -1 0
vn 0 -1 0
vn 0 0 1
vn 0 0 1
vn 0 0 1
vn 0 0 1
vn 0 0 -1
vn 0 0 -1
vn 0 0 -1
vn 0 0 -1
f 6745/6745/6745 6747/6747/6747 6746/6746/6746
f 6747/6747/6747 6748/6748/6748 6746/6746/6746
f 6749/6749/6749 6751/6751/6751 6750/6750/6750
f 6751/6751/6751 6752/6752/6752 6750/6750/6750
f 6753/6753/6753 6755/6755/6755 6754/6754/6754
f 6755/6755/6755 6756/6756/6756 6754/6754/6754
f 6757/6757/6757 6759/6759/6759 6758/6758/6758
f 6759/6759/6759 6760/6760/6760 6758/6758/6758
f 6761/6761/6761 6763/6763/6763 6762/6762/6762
f 6763/6763/6763 6764/6764/6764 6762/6762/6762
f 6765/6765/6765 6767/6767/6767 6766/6766/6766
f 6767/6767/6767 6768/6768/6768 6766/6766/6766
o spectral_chain1_7_227
usemtl ghost_chain
v 0.01425234337244183 2.0071781265102326 0.04706484337244183
v 0.01425234337244183 2.0071781265102326 0.018560156627558173
v 0.01425234337244183 1.8678218734897674 0.04706484337244183
v 0.01425234337244183 1.8678218734897674 0.018560156627558173
v -0.01425234337244183 2.0071781265102326 0.018560156627558173
v -0.01425234337244183 2.0071781265102326 0.04706484337244183
v -0.01425234337244183 1.8678218734897674 0.018560156627558173
v -0.01425234337244183 1.8678218734897674 0.04706484337244183
v -0.01425234337244183 2.0071781265102326 0.018560156627558173
v 0.01425234337244183 2.0071781265102326 0.018560156627558173
v -0.01425234337244183 2.0071781265102326 0.04706484337244183
v 0.01425234337244183 2.0071781265102326 0.04706484337244183
v -0.01425234337244183 1.8678218734897674 0.04706484337244183
v 0.01425234337244183 1.8678218734897674 0.04706484337244183
v -0.01425234337244183 1.8678218734897674 0.018560156627558173
v 0.01425234337244183 1.8678218734897674 0.018560156627558173
v -0.01425234337244183 2.0071781265102326 0.04706484337244183
v 0.01425234337244183 2.0071781265102326 0.04706484337244183
v -0.01425234337244183 1.8678218734897674 0.04706484337244183
v 0.01425234337244183 1.8678218734897674 0.04706484337244183
v 0.01425234337244183 2.0071781265102326 0.018560156627558173
v -0.01425234337244183 2.0071781265102326 0.018560156627558173
v 0.01425234337244183 1.8678218734897674 0.018560156627558173
v -0.01425234337244183 1.8678218734897674 0.018560156627558173
vt 0.625 0.3125
vt 0.6875 0.3125
vt 0.625 0.1875
vt 0.6875 0.1875
vt 0.625 0.3125
vt 0.6875 0.3125
vt 0.625 0.1875
vt 0.6875 0.1875
vt 0.625 0.25
vt 0.6875 0.25
vt 0.625 0.1875
vt 0.6875 0.1875
vt 0.625 0.25
vt 0.6875 0.25
vt 0.625 0.1875
vt 0.6875 0.1875
vt 0.625 0.3125
vt 0.6875 0.3125
vt 0.625 0.1875
vt 0.6875 0.1875
vt 0.625 0.3125
vt 0.6875 0.3125
vt 0.625 0.1875
vt 0.6875 0.1875
vn 1 0 0
vn 1 0 0
vn 1 0 0
vn 1 0 0
vn -1 0 0
vn -1 0 0
vn -1 0 0
vn -1 0 0
vn 0 1 0
vn 0 1 0
vn 0 1 0
vn 0 1 0
vn 0 -1 0
vn 0 -1 0
vn 0 -1 0
vn 0 -1 0
vn 0 0 1
vn 0 0 1
vn 0 0 1
vn 0 0 1
vn 0 0 -1
vn 0 0 -1
vn 0 0 -1
vn 0 0 -1
f 6769/6769/6769 6771/6771/6771 6770/6770/6770
f 6771/6771/6771 6772/6772/6772 6770/6770/6770
f 6773/6773/6773 6775/6775/6775 6774/6774/6774
f 6775/6775/6775 6776/6776/6776 6774/6774/6774
f 6777/6777/6777 6779/6779/6779 6778/6778/6778
f 6779/6779/6779 6780/6780/6780 6778/6778/6778
f 6781/6781/6781 6783/6783/6783 6782/6782/6782
f 6783/6783/6783 6784/6784/6784 6782/6782/6782
f 6785/6785/6785 6787/6787/6787 6786/6786/6786
f 6787/6787/6787 6788/6788/6788 6786/6786/6786
f 6789/6789/6789 6791/6791/6791 6790/6790/6790
f 6791/6791/6791 6792/6792/6792 6790/6790/6790
o spectral_chain1_7_227_back
usemtl ghost_chain
v 0.01425234337244183 2.0071781265102326 -0.018560156627558173
v 0.01425234337244183 2.0071781265102326 -0.04706484337244183
v 0.01425234337244183 1.8678218734897674 -0.018560156627558173
v 0.01425234337244183 1.8678218734897674 -0.04706484337244183
v -0.01425234337244183 2.0071781265102326 -0.04706484337244183
v -0.01425234337244183 2.0071781265102326 -0.018560156627558173
v -0.01425234337244183 1.8678218734897674 -0.04706484337244183
v -0.01425234337244183 1.8678218734897674 -0.018560156627558173
v -0.01425234337244183 2.0071781265102326 -0.04706484337244183
v 0.01425234337244183 2.0071781265102326 -0.04706484337244183
v -0.01425234337244183 2.0071781265102326 -0.018560156627558173
v 0.01425234337244183 2.0071781265102326 -0.018560156627558173
v -0.01425234337244183 1.8678218734897674 -0.018560156627558173
v 0.01425234337244183 1.8678218734897674 -0.018560156627558173
v -0.01425234337244183 1.8678218734897674 -0.04706484337244183
v 0.01425234337244183 1.8678218734897674 -0.04706484337244183
v -0.01425234337244183 2.0071781265102326 -0.018560156627558173
v 0.01425234337244183 2.0071781265102326 -0.018560156627558173
v -0.01425234337244183 1.8678218734897674 -0.018560156627558173
v 0.01425234337244183 1.8678218734897674 -0.018560156627558173
v 0.01425234337244183 2.0071781265102326 -0.04706484337244183
v -0.01425234337244183 2.0071781265102326 -0.04706484337244183
v 0.01425234337244183 1.8678218734897674 -0.04706484337244183
v -0.01425234337244183 1.8678218734897674 -0.04706484337244183
vt 0.625 0.3125
vt 0.6875 0.3125
vt 0.625 0.1875
vt 0.6875 0.1875
vt 0.625 0.3125
vt 0.6875 0.3125
vt 0.625 0.1875
vt 0.6875 0.1875
vt 0.625 0.25
vt 0.6875 0.25
vt 0.625 0.1875
vt 0.6875 0.1875
vt 0.625 0.25
vt 0.6875 0.25
vt 0.625 0.1875
vt 0.6875 0.1875
vt 0.625 0.3125
vt 0.6875 0.3125
vt 0.625 0.1875
vt 0.6875 0.1875
vt 0.625 0.3125
vt 0.6875 0.3125
vt 0.625 0.1875
vt 0.6875 0.1875
vn 1 0 0
vn 1 0 0
vn 1 0 0
vn 1 0 0
vn -1 0 0
vn -1 0 0
vn -1 0 0
vn -1 0 0
vn 0 1 0
vn 0 1 0
vn 0 1 0
vn 0 1 0
vn 0 -1 0
vn 0 -1 0
vn 0 -1 0
vn 0 -1 0
vn 0 0 1
vn 0 0 1
vn 0 0 1
vn 0 0 1
vn 0 0 -1
vn 0 0 -1
vn 0 0 -1
vn 0 0 -1
f 6793/6793/6793 6795/6795/6795 6794/6794/6794
f 6795/6795/6795 6796/6796/6796 6794/6794/6794
f 6797/6797/6797 6799/6799/6799 6798/6798/6798
f 6799/6799/6799 6800/6800/6800 6798/6798/6798
f 6801/6801/6801 6803/6803/6803 6802/6802/6802
f 6803/6803/6803 6804/6804/6804 6802/6802/6802
f 6805/6805/6805 6807/6807/6807 6806/6806/6806
f 6807/6807/6807 6808/6808/6808 6806/6806/6806
f 6809/6809/6809 6811/6811/6811 6810/6810/6810
f 6811/6811/6811 6812/6812/6812 6810/6810/6810
f 6813/6813/6813 6815/6815/6815 6814/6814/6814
f 6815/6815/6815 6816/6816/6816 6814/6814/6814
o spectral_chain1_7_228
usemtl ghost_chain
v 0.014695312110707162 2.0093437515571715 -0.01811718788929284
v 0.014695312110707162 2.0093437515571715 -0.04750781211070716
v 0.014695312110707162 1.8656562484428287 -0.01811718788929284
v 0.014695312110707162 1.8656562484428287 -0.04750781211070716
v -0.014695312110707162 2.0093437515571715 -0.04750781211070716
v -0.014695312110707162 2.0093437515571715 -0.01811718788929284
v -0.014695312110707162 1.8656562484428287 -0.04750781211070716
v -0.014695312110707162 1.8656562484428287 -0.01811718788929284
v -0.014695312110707162 2.0093437515571715 -0.04750781211070716
v 0.014695312110707162 2.0093437515571715 -0.04750781211070716
v -0.014695312110707162 2.0093437515571715 -0.01811718788929284
v 0.014695312110707162 2.0093437515571715 -0.01811718788929284
v -0.014695312110707162 1.8656562484428287 -0.01811718788929284
v 0.014695312110707162 1.8656562484428287 -0.01811718788929284
v -0.014695312110707162 1.8656562484428287 -0.04750781211070716
v 0.014695312110707162 1.8656562484428287 -0.04750781211070716
v -0.014695312110707162 2.0093437515571715 -0.01811718788929284
v 0.014695312110707162 2.0093437515571715 -0.01811718788929284
v -0.014695312110707162 1.8656562484428287 -0.01811718788929284
v 0.014695312110707162 1.8656562484428287 -0.01811718788929284
v 0.014695312110707162 2.0093437515571715 -0.04750781211070716
v -0.014695312110707162 2.0093437515571715 -0.04750781211070716
v 0.014695312110707162 1.8656562484428287 -0.04750781211070716
v -0.014695312110707162 1.8656562484428287 -0.04750781211070716
vt 0.625 0.3125
vt 0.6875 0.3125
vt 0.625 0.1875
vt 0.6875 0.1875
vt 0.625 0.3125
vt 0.6875 0.3125
vt 0.625 0.1875
vt 0.6875 0.1875
vt 0.625 0.25
vt 0.6875 0.25
vt 0.625 0.1875
vt 0.6875 0.1875
vt 0.625 0.25
vt 0.6875 0.25
vt 0.625 0.1875
vt 0.6875 0.1875
vt 0.625 0.3125
vt 0.6875 0.3125
vt 0.625 0.1875
vt 0.6875 0.1875
vt 0.625 0.3125
vt 0.6875 0.3125
vt 0.625 0.1875
vt 0.6875 0.1875
vn 1 0 0
vn 1 0 0
vn 1 0 0
vn 1 0 0
vn -1 0 0
vn -1 0 0
vn -1 0 0
vn -1 0 0
vn 0 1 0
vn 0 1 0
vn 0 1 0
vn 0 1 0
vn 0 -1 0
vn 0 -1 0
vn 0 -1 0
vn 0 -1 0
vn 0 0 1
vn 0 0 1
vn 0 0 1
vn 0 0 1
vn 0 0 -1
vn 0 0 -1
vn 0 0 -1
vn 0 0 -1
f 6817/6817/6817 6819/6819/6819 6818/6818/6818
f 6819/6819/6819 6820/6820/6820 6818/6818/6818
f 6821/6821/6821 6823/6823/6823 6822/6822/6822
f 6823/6823/6823 6824/6824/6824 6822/6822/6822
f 6825/6825/6825 6827/6827/6827 6826/6826/6826
f 6827/6827/6827 6828/6828/6828 6826/6826/6826
f 6829/6829/6829 6831/6831/6831 6830/6830/6830
f 6831/6831/6831 6832/6832/6832 6830/6830/6830
f 6833/6833/6833 6835/6835/6835 6834/6834/6834
f 6835/6835/6835 6836/6836/6836 6834/6834/6834
f 6837/6837/6837 6839/6839/6839 6838/6838/6838
f 6839/6839/6839 6840/6840/6840 6838/6838/6838
o spectral_chain1_7_228_back
usemtl ghost_chain
v 0.014695312110707162 2.0093437515571715 0.04750781211070716
v 0.014695312110707162 2.0093437515571715 0.01811718788929284
v 0.014695312110707162 1.8656562484428287 0.04750781211070716
v 0.014695312110707162 1.8656562484428287 0.01811718788929284
v -0.014695312110707162 2.0093437515571715 0.01811718788929284
v -0.014695312110707162 2.0093437515571715 0.04750781211070716
v -0.014695312110707162 1.8656562484428287 0.01811718788929284
v -0.014695312110707162 1.8656562484428287 0.04750781211070716
v -0.014695312110707162 2.0093437515571715 0.01811718788929284
v 0.014695312110707162 2.0093437515571715 0.01811718788929284
v -0.014695312110707162 2.0093437515571715 0.04750781211070716
v 0.014695312110707162 2.0093437515571715 0.04750781211070716
v -0.014695312110707162 1.8656562484428287 0.04750781211070716
v 0.014695312110707162 1.8656562484428287 0.04750781211070716
v -0.014695312110707162 1.8656562484428287 0.01811718788929284
v 0.014695312110707162 1.8656562484428287 0.01811718788929284
v -0.014695312110707162 2.0093437515571715 0.04750781211070716
v 0.014695312110707162 2.0093437515571715 0.04750781211070716
v -0.014695312110707162 1.8656562484428287 0.04750781211070716
v 0.014695312110707162 1.8656562484428287 0.04750781211070716
v 0.014695312110707162 2.0093437515571715 0.01811718788929284
v -0.014695312110707162 2.0093437515571715 0.01811718788929284
v 0.014695312110707162 1.8656562484428287 0.01811718788929284
v -0.014695312110707162 1.8656562484428287 0.01811718788929284
vt 0.625 0.3125
vt 0.6875 0.3125
vt 0.625 0.1875
vt 0.6875 0.1875
vt 0.625 0.3125
vt 0.6875 0.3125
vt 0.625 0.1875
vt 0.6875 0.1875
vt 0.625 0.25
vt 0.6875 0.25
vt 0.625 0.1875
vt 0.6875 0.1875
vt 0.625 0.25
vt 0.6875 0.25
vt 0.625 0.1875
vt 0.6875 0.1875
vt 0.625 0.3125
vt 0.6875 0.3125
vt 0.625 0.1875
vt 0.6875 0.1875
vt 0.625 0.3125
vt 0.6875 0.3125
vt 0.625 0.1875
vt 0.6875 0.1875
vn 1 0 0
vn 1 0 0
vn 1 0 0
vn 1 0 0
vn -1 0 0
vn -1 0 0
vn -1 0 0
vn -1 0 0
vn 0 1 0
vn 0 1 0
vn 0 1 0
vn 0 1 0
vn 0 -1 0
vn 0 -1 0
vn 0 -1 0
vn 0 -1 0
vn 0 0 1
vn 0 0 1
vn 0 0 1
vn 0 0 1
vn 0 0 -1
vn 0 0 -1
vn 0 0 -1
vn 0 0 -1
f 6841/6841/6841 6843/6843/6843 6842/6842/6842
f 6843/6843/6843 6844/6844/6844 6842/6842/6842
f 6845/6845/6845 6847/6847/6847 6846/6846/6846
f 6847/6847/6847 6848/6848/6848 6846/6846/6846
f 6849/6849/6849 6851/6851/6851 6850/6850/6850
f 6851/6851/6851 6852/6852/6852 6850/6850/6850
f 6853/6853/6853 6855/6855/6855 6854/6854/6854
f 6855/6855/6855 6856/6856/6856 6854/6854/6854
f 6857/6857/6857 6859/6859/6859 6858/6858/6858
f 6859/6859/6859 6860/6860/6860 6858/6858/6858
f 6861/6861/6861 6863/6863/6863 6862/6862/6862
f 6863/6863/6863 6864/6864/6864 6862/6862/6862
o spectral_chain1_7_229
usemtl ghost_chain
v 0.014315624620765448 2.0065031246207656 0.047718750000000004
v 0.014315624620765448 2.0065031246207656 -0.047718750000000004
v 0.014315624620765448 1.9778718753792346 0.047718750000000004
v 0.014315624620765448 1.9778718753792346 -0.047718750000000004
v -0.014315624620765448 2.0065031246207656 -0.047718750000000004
v -0.014315624620765448 2.0065031246207656 0.047718750000000004
v -0.014315624620765448 1.9778718753792346 -0.047718750000000004
v -0.014315624620765448 1.9778718753792346 0.047718750000000004
v -0.014315624620765448 2.0065031246207656 -0.047718750000000004
v 0.014315624620765448 2.0065031246207656 -0.047718750000000004
v -0.014315624620765448 2.0065031246207656 0.047718750000000004
v 0.014315624620765448 2.0065031246207656 0.047718750000000004
v -0.014315624620765448 1.9778718753792346 0.047718750000000004
v 0.014315624620765448 1.9778718753792346 0.047718750000000004
v -0.014315624620765448 1.9778718753792346 -0.047718750000000004
v 0.014315624620765448 1.9778718753792346 -0.047718750000000004
v -0.014315624620765448 2.0065031246207656 0.047718750000000004
v 0.014315624620765448 2.0065031246207656 0.047718750000000004
v -0.014315624620765448 1.9778718753792346 0.047718750000000004
v 0.014315624620765448 1.9778718753792346 0.047718750000000004
v 0.014315624620765448 2.0065031246207656 -0.047718750000000004
v -0.014315624620765448 2.0065031246207656 -0.047718750000000004
v 0.014315624620765448 1.9778718753792346 -0.047718750000000004
v -0.014315624620765448 1.9778718753792346 -0.047718750000000004
vt 0.1875 1
vt 0.3125 1
vt 0.1875 0.9375
vt 0.3125 0.9375
vt 0.1875 1
vt 0.3125 1
vt 0.1875 0.9375
vt 0.3125 0.9375
vt 0.1875 1.0625
vt 0.25 1.0625
vt 0.1875 0.9375
vt 0.25 0.9375
vt 0.1875 1.0625
vt 0.25 1.0625
vt 0.1875 0.9375
vt 0.25 0.9375
vt 0.1875 1
vt 0.25 1
vt 0.1875 0.9375
vt 0.25 0.9375
vt 0.1875 1
vt 0.25 1
vt 0.1875 0.9375
vt 0.25 0.9375
vn 0.9999999999999999 0 0
vn 0.9999999999999999 0 0
vn 0.9999999999999999 0 0
vn 0.9999999999999999 0 0
vn -0.9999999999999999 0 0
vn -0.9999999999999999 0 0
vn -0.9999999999999999 0 0
vn -0.9999999999999999 0 0
vn 0 0.9999999999999999 0
vn 0 0.9999999999999999 0
vn 0 0.9999999999999999 0
vn 0 0.9999999999999999 0
vn 0 -0.9999999999999999 0
vn 0 -0.9999999999999999 0
vn 0 -0.9999999999999999 0
vn 0 -0.9999999999999999 0
vn 0 0 0.9999999999999999
vn 0 0 0.9999999999999999
vn 0 0 0.9999999999999999
vn 0 0 0.9999999999999999
vn 0 0 -0.9999999999999999
vn 0 0 -0.9999999999999999
vn 0 0 -0.9999999999999999
vn 0 0 -0.9999999999999999
f 6865/6865/6865 6867/6867/6867 6866/6866/6866
f 6867/6867/6867 6868/6868/6868 6866/6866/6866
f 6869/6869/6869 6871/6871/6871 6870/6870/6870
f 6871/6871/6871 6872/6872/6872 6870/6870/6870
f 6873/6873/6873 6875/6875/6875 6874/6874/6874
f 6875/6875/6875 6876/6876/6876 6874/6874/6874
f 6877/6877/6877 6879/6879/6879 6878/6878/6878
f 6879/6879/6879 6880/6880/6880 6878/6878/6878
f 6881/6881/6881 6883/6883/6883 6882/6882/6882
f 6883/6883/6883 6884/6884/6884 6882/6882/6882
f 6885/6885/6885 6887/6887/6887 6886/6886/6886
f 6887/6887/6887 6888/6888/6888 6886/6886/6886
o spectral_chain1_7_230
usemtl ghost_chain
v 0.014758593359030785 1.8975710933590308 0.049195312500000005
v 0.014758593359030785 1.8975710933590308 -0.049195312500000005
v 0.014758593359030785 1.8680539066409692 0.049195312500000005
v 0.014758593359030785 1.8680539066409692 -0.049195312500000005
v -0.014758593359030785 1.8975710933590308 -0.049195312500000005
v -0.014758593359030785 1.8975710933590308 0.049195312500000005
v -0.014758593359030785 1.8680539066409692 -0.049195312500000005
v -0.014758593359030785 1.8680539066409692 0.049195312500000005
v -0.014758593359030785 1.8975710933590308 -0.049195312500000005
v 0.014758593359030785 1.8975710933590308 -0.049195312500000005
v -0.014758593359030785 1.8975710933590308 0.049195312500000005
v 0.014758593359030785 1.8975710933590308 0.049195312500000005
v -0.014758593359030785 1.8680539066409692 0.049195312500000005
v 0.014758593359030785 1.8680539066409692 0.049195312500000005
v -0.014758593359030785 1.8680539066409692 -0.049195312500000005
v 0.014758593359030785 1.8680539066409692 -0.049195312500000005
v -0.014758593359030785 1.8975710933590308 0.049195312500000005
v 0.014758593359030785 1.8975710933590308 0.049195312500000005
v -0.014758593359030785 1.8680539066409692 0.049195312500000005
v 0.014758593359030785 1.8680539066409692 0.049195312500000005
v 0.014758593359030785 1.8975710933590308 -0.049195312500000005
v -0.014758593359030785 1.8975710933590308 -0.049195312500000005
v 0.014758593359030785 1.8680539066409692 -0.049195312500000005
v -0.014758593359030785 1.8680539066409692 -0.049195312500000005
vt 0.1875 1
vt 0.3125 1
vt 0.1875 0.9375
vt 0.3125 0.9375
vt 0.1875 1
vt 0.3125 1
vt 0.1875 0.9375
vt 0.3125 0.9375
vt 0.1875 1.0625
vt 0.25 1.0625
vt 0.1875 0.9375
vt 0.25 0.9375
vt 0.1875 1.0625
vt 0.25 1.0625
vt 0.1875 0.9375
vt 0.25 0.9375
vt 0.1875 1
vt 0.25 1
vt 0.1875 0.9375
vt 0.25 0.9375
vt 0.1875 1
vt 0.25 1
vt 0.1875 0.9375
vt 0.25 0.9375
vn 1 0 0
vn 1 0 0
vn 1 0 0
vn 1 0 0
vn -1 0 0
vn -1 0 0
vn -1 0 0
vn -1 0 0
vn 0 1 0
vn 0 1 0
vn 0 1 0
vn 0 1 0
vn 0 -1 0
vn 0 -1 0
vn 0 -1 0
vn 0 -1 0
vn 0 0 1
vn 0 0 1
vn 0 0 1
vn 0 0 1
vn 0 0 -1
vn 0 0 -1
vn 0 0 -1
vn 0 0 -1
f 6889/6889/6889 6891/6891/6891 6890/6890/6890
f 6891/6891/6891 6892/6892/6892 6890/6890/6890
f 6893/6893/6893 6895/6895/6895 6894/6894/6894
f 6895/6895/6895 6896/6896/6896 6894/6894/6894
f 6897/6897/6897 6899/6899/6899 6898/6898/6898
f 6899/6899/6899 6900/6900/6900 6898/6898/6898
f 6901/6901/6901 6903/6903/6903 6902/6902/6902
f 6903/6903/6903 6904/6904/6904 6902/6902/6902
f 6905/6905/6905 6907/6907/6907 6906/6906/6906
f 6907/6907/6907 6908/6908/6908 6906/6906/6906
f 6909/6909/6909 6911/6911/6911 6910/6910/6910
f 6911/6911/6911 6912/6912/6912 6910/6910/6910
o spectral_chain1_8_231
usemtl ghost_chain
v 0.04719140586908907 2.007796876523644 0.014378905869089067
v 0.04719140586908907 2.007796876523644 -0.014378905869089067
v 0.04719140586908907 1.8672031234763562 0.014378905869089067
v 0.04719140586908907 1.8672031234763562 -0.014378905869089067
v 0.018433594130910932 2.007796876523644 -0.014378905869089067
v 0.018433594130910932 2.007796876523644 0.014378905869089067
v 0.018433594130910932 1.8672031234763562 -0.014378905869089067
v 0.018433594130910932 1.8672031234763562 0.014378905869089067
v 0.018433594130910932 2.007796876523644 -0.014378905869089067
v 0.04719140586908907 2.007796876523644 -0.014378905869089067
v 0.018433594130910932 2.007796876523644 0.014378905869089067
v 0.04719140586908907 2.007796876523644 0.014378905869089067
v 0.018433594130910932 1.8672031234763562 0.014378905869089067
v 0.04719140586908907 1.8672031234763562 0.014378905869089067
v 0.018433594130910932 1.8672031234763562 -0.014378905869089067
v 0.04719140586908907 1.8672031234763562 -0.014378905869089067
v 0.018433594130910932 2.007796876523644 0.014378905869089067
v 0.04719140586908907 2.007796876523644 0.014378905869089067
v 0.018433594130910932 1.8672031234763562 0.014378905869089067
v 0.04719140586908907 1.8672031234763562 0.014378905869089067
v 0.04719140586908907 2.007796876523644 -0.014378905869089067
v 0.018433594130910932 2.007796876523644 -0.014378905869089067
v 0.04719140586908907 1.8672031234763562 -0.014378905869089067
v 0.018433594130910932 1.8672031234763562 -0.014378905869089067
vt 0.625 0.3125
vt 0.6875 0.3125
vt 0.625 0.1875
vt 0.6875 0.1875
vt 0.625 0.3125
vt 0.6875 0.3125
vt 0.625 0.1875
vt 0.6875 0.1875
vt 0.625 0.25
vt 0.6875 0.25
vt 0.625 0.1875
vt 0.6875 0.1875
vt 0.625 0.25
vt 0.6875 0.25
vt 0.625 0.1875
vt 0.6875 0.1875
vt 0.625 0.3125
vt 0.6875 0.3125
vt 0.625 0.1875
vt 0.6875 0.1875
vt 0.625 0.3125
vt 0.6875 0.3125
vt 0.625 0.1875
vt 0.6875 0.1875
vn 1 0 0
vn 1 0 0
vn 1 0 0
vn 1 0 0
vn -1 0 0
vn -1 0 0
vn -1 0 0
vn -1 0 0
vn 0 1 0
vn 0 1 0
vn 0 1 0
vn 0 1 0
vn 0 -1 0
vn 0 -1 0
vn 0 -1 0
vn 0 -1 0
vn 0 0 1
vn 0 0 1
vn 0 0 1
vn 0 0 1
vn 0 0 -1
vn 0 0 -1
vn 0 0 -1
vn 0 0 -1
f 6913/6913/6913 6915/6915/6915 6914/6914/6914
f 6915/6915/6915 6916/6916/6916 6914/6914/6914
f 6917/6917/6917 6919/6919/6919 6918/6918/6918
f 6919/6919/6919 6920/6920/6920 6918/6918/6918
f 6921/6921/6921 6923/6923/6923 6922/6922/6922
f 6923/6923/6923 6924/6924/6924 6922/6922/6922
f 6925/6925/6925 6927/6927/6927 6926/6926/6926
f 6927/6927/6927 6928/6928/6928 6926/6926/6926
f 6929/6929/6929 6931/6931/6931 6930/6930/6930
f 6931/6931/6931 6932/6932/6932 6930/6930/6930
f 6933/6933/6933 6935/6935/6935 6934/6934/6934
f 6935/6935/6935 6936/6936/6936 6934/6934/6934
o spectral_chain1_8_232
usemtl ghost_chain
v -0.0179906253926456 2.009962501570582 0.014821874607354403
v -0.0179906253926456 2.009962501570582 -0.014821874607354403
v -0.0179906253926456 1.8650374984294176 0.014821874607354403
v -0.0179906253926456 1.8650374984294176 -0.014821874607354403
v -0.0476343746073544 2.009962501570582 -0.014821874607354403
v -0.0476343746073544 2.009962501570582 0.014821874607354403
v -0.0476343746073544 1.8650374984294176 -0.014821874607354403
v -0.0476343746073544 1.8650374984294176 0.014821874607354403
v -0.0476343746073544 2.009962501570582 -0.014821874607354403
v -0.0179906253926456 2.009962501570582 -0.014821874607354403
v -0.0476343746073544 2.009962501570582 0.014821874607354403
v -0.0179906253926456 2.009962501570582 0.014821874607354403
v -0.0476343746073544 1.8650374984294176 0.014821874607354403
v -0.0179906253926456 1.8650374984294176 0.014821874607354403
v -0.0476343746073544 1.8650374984294176 -0.014821874607354403
v -0.0179906253926456 1.8650374984294176 -0.014821874607354403
v -0.0476343746073544 2.009962501570582 0.014821874607354403
v -0.0179906253926456 2.009962501570582 0.014821874607354403
v -0.0476343746073544 1.8650374984294176 0.014821874607354403
v -0.0179906253926456 1.8650374984294176 0.014821874607354403
v -0.0179906253926456 2.009962501570582 -0.014821874607354403
v -0.0476343746073544 2.009962501570582 -0.014821874607354403
v -0.0179906253926456 1.8650374984294176 -0.014821874607354403
v -0.0476343746073544 1.8650374984294176 -0.014821874607354403
vt 0.625 0.3125
vt 0.6875 0.3125
vt 0.625 0.1875
vt 0.6875 0.1875
vt 0.625 0.3125
vt 0.6875 0.3125
vt 0.625 0.1875
vt 0.6875 0.1875
vt 0.625 0.25
vt 0.6875 0.25
vt 0.625 0.1875
vt 0.6875 0.1875
vt 0.625 0.25
vt 0.6875 0.25
vt 0.625 0.1875
vt 0.6875 0.1875
vt 0.625 0.3125
vt 0.6875 0.3125
vt 0.625 0.1875
vt 0.6875 0.1875
vt 0.625 0.3125
vt 0.6875 0.3125
vt 0.625 0.1875
vt 0.6875 0.1875
vn 1 0 0
vn 1 0 0
vn 1 0 0
vn 1 0 0
vn -1 0 0
vn -1 0 0
vn -1 0 0
vn -1 0 0
vn 0 1 0
vn 0 1 0
vn 0 1 0
vn 0 1 0
vn 0 -1 0
vn 0 -1 0
vn 0 -1 0
vn 0 -1 0
vn 0 0 1
vn 0 0 1
vn 0 0 1
vn 0 0 1
vn 0 0 -1
vn 0 0 -1
vn 0 0 -1
vn 0 0 -1
f 6937/6937/6937 6939/6939/6939 6938/6938/6938
f 6939/6939/6939 6940/6940/6940 6938/6938/6938
f 6941/6941/6941 6943/6943/6943 6942/6942/6942
f 6943/6943/6943 6944/6944/6944 6942/6942/6942
f 6945/6945/6945 6947/6947/6947 6946/6946/6946
f 6947/6947/6947 6948/6948/6948 6946/6946/6946
f 6949/6949/6949 6951/6951/6951 6950/6950/6950
f 6951/6951/6951 6952/6952/6952 6950/6950/6950
f 6953/6953/6953 6955/6955/6955 6954/6954/6954
f 6955/6955/6955 6956/6956/6956 6954/6954/6954
f 6957/6957/6957 6959/6959/6959 6958/6958/6958
f 6959/6959/6959 6960/6960/6960 6958/6958/6958
o spectral_chain1_8_233
usemtl ghost_chain
v 0.04814062499999999 2.0066296871174125 0.014442187117412686
v 0.04814062499999999 2.0066296871174125 -0.014442187117412686
v 0.04814062499999999 1.9777453128825873 0.014442187117412686
v 0.04814062499999999 1.9777453128825873 -0.014442187117412686
v -0.04814062499999999 2.0066296871174125 -0.014442187117412686
v -0.04814062499999999 2.0066296871174125 0.014442187117412686
v -0.04814062499999999 1.9777453128825873 -0.014442187117412686
v -0.04814062499999999 1.9777453128825873 0.014442187117412686
v -0.04814062499999999 2.0066296871174125 -0.014442187117412686
v 0.04814062499999999 2.0066296871174125 -0.014442187117412686
v -0.04814062499999999 2.0066296871174125 0.014442187117412686
v 0.04814062499999999 2.0066296871174125 0.014442187117412686
v -0.04814062499999999 1.9777453128825873 0.014442187117412686
v 0.04814062499999999 1.9777453128825873 0.014442187117412686
v -0.04814062499999999 1.9777453128825873 -0.014442187117412686
v 0.04814062499999999 1.9777453128825873 -0.014442187117412686
v -0.04814062499999999 2.0066296871174125 0.014442187117412686
v 0.04814062499999999 2.0066296871174125 0.014442187117412686
v -0.04814062499999999 1.9777453128825873 0.014442187117412686
v 0.04814062499999999 1.9777453128825873 0.014442187117412686
v 0.04814062499999999 2.0066296871174125 -0.014442187117412686
v -0.04814062499999999 2.0066296871174125 -0.014442187117412686
v 0.04814062499999999 1.9777453128825873 -0.014442187117412686
v -0.04814062499999999 1.9777453128825873 -0.014442187117412686
vt 0.6875 0.8125
vt 0.75 0.8125
vt 0.6875 0.75
vt 0.75 0.75
vt 0.6875 0.8125
vt 0.75 0.8125
vt 0.6875 0.75
vt 0.75 0.75
vt 0.6875 0.8125
vt 0.8125 0.8125
vt 0.6875 0.75
vt 0.8125 0.75
vt 0.6875 0.8125
vt 0.8125 0.8125
vt 0.6875 0.75
vt 0.8125 0.75
vt 0.6875 0.8125
vt 0.8125 0.8125
vt 0.6875 0.75
vt 0.8125 0.75
vt 0.6875 0.8125
vt 0.8125 0.8125
vt 0.6875 0.75
vt 0.8125 0.75
vn 1 0 0
vn 1 0 0
vn 1 0 0
vn 1 0 0
vn -1 0 0
vn -1 0 0
vn -1 0 0
vn -1 0 0
vn 0 1 0
vn 0 1 0
vn 0 1 0
vn 0 1 0
vn 0 -1 0
vn 0 -1 0
vn 0 -1 0
vn 0 -1 0
vn 0 0 1
vn 0 0 1
vn 0 0 1
vn 0 0 1
vn 0 0 -1
vn 0 0 -1
vn 0 0 -1
vn 0 0 -1
f 6961/6961/6961 6963/6963/6963 6962/6962/6962
f 6963/6963/6963 6964/6964/6964 6962/6962/6962
f 6965/6965/6965 6967/6967/6967 6966/6966/6966
f 6967/6967/6967 6968/6968/6968 6966/6966/6966
f 6969/6969/6969 6971/6971/6971 6970/6970/6970
f 6971/6971/6971 6972/6972/6972 6970/6970/6970
f 6973/6973/6973 6975/6975/6975 6974/6974/6974
f 6975/6975/6975 6976/6976/6976 6974/6974/6974
f 6977/6977/6977 6979/6979/6979 6978/6978/6978
f 6979/6979/6979 6980/6980/6980 6978/6978/6978
f 6981/6981/6981 6983/6983/6983 6982/6982/6982
f 6983/6983/6983 6984/6984/6984 6982/6982/6982
o spectral_chain1_8_234
usemtl ghost_chain
v 0.046875 1.896874999627471 0.01406249962747097
v 0.046875 1.896874999627471 -0.01406249962747097
v 0.046875 1.868750000372529 0.01406249962747097
v 0.046875 1.868750000372529 -0.01406249962747097
v -0.046875 1.896874999627471 -0.01406249962747097
v -0.046875 1.896874999627471 0.01406249962747097
v -0.046875 1.868750000372529 -0.01406249962747097
v -0.046875 1.868750000372529 0.01406249962747097
v -0.046875 1.896874999627471 -0.01406249962747097
v 0.046875 1.896874999627471 -0.01406249962747097
v -0.046875 1.896874999627471 0.01406249962747097
v 0.046875 1.896874999627471 0.01406249962747097
v -0.046875 1.868750000372529 0.01406249962747097
v 0.046875 1.868750000372529 0.01406249962747097
v -0.046875 1.868750000372529 -0.01406249962747097
v 0.046875 1.868750000372529 -0.01406249962747097
v -0.046875 1.896874999627471 0.01406249962747097
v 0.046875 1.896874999627471 0.01406249962747097
v -0.046875 1.868750000372529 0.01406249962747097
v 0.046875 1.868750000372529 0.01406249962747097
v 0.046875 1.896874999627471 -0.01406249962747097
v -0.046875 1.896874999627471 -0.01406249962747097
v 0.046875 1.868750000372529 -0.01406249962747097
v -0.046875 1.868750000372529 -0.01406249962747097
vt 0.6875 0.8125
vt 0.75 0.8125
vt 0.6875 0.75
vt 0.75 0.75
vt 0.6875 0.8125
vt 0.75 0.8125
vt 0.6875 0.75
vt 0.75 0.75
vt 0.6875 0.8125
vt 0.8125 0.8125
vt 0.6875 0.75
vt 0.8125 0.75
vt 0.6875 0.8125
vt 0.8125 0.8125
vt 0.6875 0.75
vt 0.8125 0.75
vt 0.6875 0.8125
vt 0.8125 0.8125
vt 0.6875 0.75
vt 0.8125 0.75
vt 0.6875 0.8125
vt 0.8125 0.8125
vt 0.6875 0.75
vt 0.8125 0.75
vn 1 0 0
vn 1 0 0
vn 1 0 0
vn 1 0 0
vn -1 0 0
vn -1 0 0
vn -1 0 0
vn -1 0 0
vn 0 1 0
vn 0 1 0
vn 0 1 0
vn 0 1 0
vn 0 -1 0
vn 0 -1 0
vn 0 -1 0
vn 0 -1 0
vn 0 0 1
vn 0 0 1
vn 0 0 1
vn 0 0 1
vn 0 0 -1
vn 0 0 -1
vn 0 0 -1
vn 0 0 -1
f 6985/6985/6985 6987/6987/6987 6986/6986/6986
f 6987/6987/6987 6988/6988/6988 6986/6986/6986
f 6989/6989/6989 6991/6991/6991 6990/6990/6990
f 6991/6991/6991 6992/6992/6992 6990/6990/6990
f 6993/6993/6993 6995/6995/6995 6994/6994/6994
f 6995/6995/6995 6996/6996/6996 6994/6994/6994
f 6997/6997/6997 6999/6999/6999 6998/6998/6998
f 6999/6999/6999 7000/7000/7000 6998/6998/6998
f 7001/7001/7001 7003/7003/7003 7002/7002/7002
f 7003/7003/7003 7004/7004/7004 7002/7002/7002
f 7005/7005/7005 7007/7007/7007 7006/7006/7006
f 7007/7007/7007 7008/7008/7008 7006/7006/7006
o spectral_chain1_9_235
usemtl ghost_chain
v 0.014505468365736306 2.008415626537055 0.047317968365736304
v 0.014505468365736306 2.008415626537055 0.018307031634263695
v 0.014505468365736306 1.8665843734629453 0.047317968365736304
v 0.014505468365736306 1.8665843734629453 0.018307031634263695
v -0.014505468365736306 2.008415626537055 0.018307031634263695
v -0.014505468365736306 2.008415626537055 0.047317968365736304
v -0.014505468365736306 1.8665843734629453 0.018307031634263695
v -0.014505468365736306 1.8665843734629453 0.047317968365736304
v -0.014505468365736306 2.008415626537055 0.018307031634263695
v 0.014505468365736306 2.008415626537055 0.018307031634263695
v -0.014505468365736306 2.008415626537055 0.047317968365736304
v 0.014505468365736306 2.008415626537055 0.047317968365736304
v -0.014505468365736306 1.8665843734629453 0.047317968365736304
v 0.014505468365736306 1.8665843734629453 0.047317968365736304
v -0.014505468365736306 1.8665843734629453 0.018307031634263695
v 0.014505468365736306 1.8665843734629453 0.018307031634263695
v -0.014505468365736306 2.008415626537055 0.047317968365736304
v 0.014505468365736306 2.008415626537055 0.047317968365736304
v -0.014505468365736306 1.8665843734629453 0.047317968365736304
v 0.014505468365736306 1.8665843734629453 0.047317968365736304
v 0.014505468365736306 2.008415626537055 0.018307031634263695
v -0.014505468365736306 2.008415626537055 0.018307031634263695
v 0.014505468365736306 1.8665843734629453 0.018307031634263695
v -0.014505468365736306 1.8665843734629453 0.018307031634263695
vt 0.625 0.3125
vt 0.6875 0.3125
vt 0.625 0.1875
vt 0.6875 0.1875
vt 0.625 0.3125
vt 0.6875 0.3125
vt 0.625 0.1875
vt 0.6875 0.1875
vt 0.625 0.25
vt 0.6875 0.25
vt 0.625 0.1875
vt 0.6875 0.1875
vt 0.625 0.25
vt 0.6875 0.25
vt 0.625 0.1875
vt 0.6875 0.1875
vt 0.625 0.3125
vt 0.6875 0.3125
vt 0.625 0.1875
vt 0.6875 0.1875
vt 0.625 0.3125
vt 0.6875 0.3125
vt 0.625 0.1875
vt 0.6875 0.1875
vn 1 0 0
vn 1 0 0
vn 1 0 0
vn 1 0 0
vn -1 0 0
vn -1 0 0
vn -1 0 0
vn -1 0 0
vn 0 1 0
vn 0 1 0
vn 0 1 0
vn 0 1 0
vn 0 -1 0
vn 0 -1 0
vn 0 -1 0
vn 0 -1 0
vn 0 0 1
vn 0 0 1
vn 0 0 1
vn 0 0 1
vn 0 0 -1
vn 0 0 -1
vn 0 0 -1
vn 0 0 -1
f 7009/7009/7009 7011/7011/7011 7010/7010/7010
f 7011/7011/7011 7012/7012/7012 7010/7010/7010
f 7013/7013/7013 7015/7015/7015 7014/7014/7014
f 7015/7015/7015 7016/7016/7016 7014/7014/7014
f 7017/7017/7017 7019/7019/7019 7018/7018/7018
f 7019/7019/7019 7020/7020/7020 7018/7018/7018
f 7021/7021/7021 7023/7023/7023 7022/7022/7022
f 7023/7023/7023 7024/7024/7024 7022/7022/7022
f 7025/7025/7025 7027/7027/7027 7026/7026/7026
f 7027/7027/7027 7028/7028/7028 7026/7026/7026
f 7029/7029/7029 7031/7031/7031 7030/7030/7030
f 7031/7031/7031 7032/7032/7032 7030/7030/7030
o spectral_chain1_9_235_back
usemtl ghost_chain
v 0.014505468365736306 2.008415626537055 -0.018307031634263695
v 0.014505468365736306 2.008415626537055 -0.047317968365736304
v 0.014505468365736306 1.8665843734629453 -0.018307031634263695
v 0.014505468365736306 1.8665843734629453 -0.047317968365736304
v -0.014505468365736306 2.008415626537055 -0.047317968365736304
v -0.014505468365736306 2.008415626537055 -0.018307031634263695
v -0.014505468365736306 1.8665843734629453 -0.047317968365736304
v -0.014505468365736306 1.8665843734629453 -0.018307031634263695
v -0.014505468365736306 2.008415626537055 -0.047317968365736304
v 0.014505468365736306 2.008415626537055 -0.047317968365736304
v -0.014505468365736306 2.008415626537055 -0.018307031634263695
v 0.014505468365736306 2.008415626537055 -0.018307031634263695
v -0.014505468365736306 1.8665843734629453 -0.018307031634263695
v 0.014505468365736306 1.8665843734629453 -0.018307031634263695
v -0.014505468365736306 1.8665843734629453 -0.047317968365736304
v 0.014505468365736306 1.8665843734629453 -0.047317968365736304
v -0.014505468365736306 2.008415626537055 -0.018307031634263695
v 0.014505468365736306 2.008415626537055 -0.018307031634263695
v -0.014505468365736306 1.8665843734629453 -0.018307031634263695
v 0.014505468365736306 1.8665843734629453 -0.018307031634263695
v 0.014505468365736306 2.008415626537055 -0.047317968365736304
v -0.014505468365736306 2.008415626537055 -0.047317968365736304
v 0.014505468365736306 1.8665843734629453 -0.047317968365736304
v -0.014505468365736306 1.8665843734629453 -0.047317968365736304
vt 0.625 0.3125
vt 0.6875 0.3125
vt 0.625 0.1875
vt 0.6875 0.1875
vt 0.625 0.3125
vt 0.6875 0.3125
vt 0.625 0.1875
vt 0.6875 0.1875
vt 0.625 0.25
vt 0.6875 0.25
vt 0.625 0.1875
vt 0.6875 0.1875
vt 0.625 0.25
vt 0.6875 0.25
vt 0.625 0.1875
vt 0.6875 0.1875
vt 0.625 0.3125
vt 0.6875 0.3125
vt 0.625 0.1875
vt 0.6875 0.1875
vt 0.625 0.3125
vt 0.6875 0.3125
vt 0.625 0.1875
vt 0.6875 0.1875
vn 1 0 0
vn 1 0 0
vn 1 0 0
vn 1 0 0
vn -1 0 0
vn -1 0 0
vn -1 0 0
vn -1 0 0
vn 0 1 0
vn 0 1 0
vn 0 1 0
vn 0 1 0
vn 0 -1 0
vn 0 -1 0
vn 0 -1 0
vn 0 -1 0
vn 0 0 1
vn 0 0 1
vn 0 0 1
vn 0 0 1
vn 0 0 -1
vn 0 0 -1
vn 0 0 -1
vn 0 0 -1
f 7033/7033/7033 7035/7035/7035 7034/7034/7034
f 7035/7035/7035 7036/7036/7036 7034/7034/7034
f 7037/7037/7037 7039/7039/7039 7038/7038/7038
f 7039/7039/7039 7040/7040/7040 7038/7038/7038
f 7041/7041/7041 7043/7043/7043 7042/7042/7042
f 7043/7043/7043 7044/7044/7044 7042/7042/7042
f 7045/7045/7045 7047/7047/7047 7046/7046/7046
f 7047/7047/7047 7048/7048/7048 7046/7046/7046
f 7049/7049/7049 7051/7051/7051 7050/7050/7050
f 7051/7051/7051 7052/7052/7052 7050/7050/7050
f 7053/7053/7053 7055/7055/7055 7054/7054/7054
f 7055/7055/7055 7056/7056/7056 7054/7054/7054
o spectral_chain1_9_236
usemtl ghost_chain
v 0.014125780875794589 2.0065593764968215 -0.018686719124205414
v 0.014125780875794589 2.0065593764968215 -0.04693828087579459
v 0.014125780875794589 1.8684406235031783 -0.018686719124205414
v 0.014125780875794589 1.8684406235031783 -0.04693828087579459
v -0.014125780875794589 2.0065593764968215 -0.04693828087579459
v -0.014125780875794589 2.0065593764968215 -0.018686719124205414
v -0.014125780875794589 1.8684406235031783 -0.04693828087579459
v -0.014125780875794589 1.8684406235031783 -0.018686719124205414
v -0.014125780875794589 2.0065593764968215 -0.04693828087579459
v 0.014125780875794589 2.0065593764968215 -0.04693828087579459
v -0.014125780875794589 2.0065593764968215 -0.018686719124205414
v 0.014125780875794589 2.0065593764968215 -0.018686719124205414
v -0.014125780875794589 1.8684406235031783 -0.018686719124205414
v 0.014125780875794589 1.8684406235031783 -0.018686719124205414
v -0.014125780875794589 1.8684406235031783 -0.04693828087579459
v 0.014125780875794589 1.8684406235031783 -0.04693828087579459
v -0.014125780875794589 2.0065593764968215 -0.018686719124205414
v 0.014125780875794589 2.0065593764968215 -0.018686719124205414
v -0.014125780875794589 1.8684406235031783 -0.018686719124205414
v 0.014125780875794589 1.8684406235031783 -0.018686719124205414
v 0.014125780875794589 2.0065593764968215 -0.04693828087579459
v -0.014125780875794589 2.0065593764968215 -0.04693828087579459
v 0.014125780875794589 1.8684406235031783 -0.04693828087579459
v -0.014125780875794589 1.8684406235031783 -0.04693828087579459
vt 0.625 0.3125
vt 0.6875 0.3125
vt 0.625 0.1875
vt 0.6875 0.1875
vt 0.625 0.3125
vt 0.6875 0.3125
vt 0.625 0.1875
vt 0.6875 0.1875
vt 0.625 0.25
vt 0.6875 0.25
vt 0.625 0.1875
vt 0.6875 0.1875
vt 0.625 0.25
vt 0.6875 0.25
vt 0.625 0.1875
vt 0.6875 0.1875
vt 0.625 0.3125
vt 0.6875 0.3125
vt 0.625 0.1875
vt 0.6875 0.1875
vt 0.625 0.3125
vt 0.6875 0.3125
vt 0.625 0.1875
vt 0.6875 0.1875
vn 1 0 0
vn 1 0 0
vn 1 0 0
vn 1 0 0
vn -1 0 0
vn -1 0 0
vn -1 0 0
vn -1 0 0
vn 0 1 0
vn 0 1 0
vn 0 1 0
vn 0 1 0
vn 0 -1 0
vn 0 -1 0
vn 0 -1 0
vn 0 -1 0
vn 0 0 1
vn 0 0 1
vn 0 0 1
vn 0 0 1
vn 0 0 -1
vn 0 0 -1
vn 0 0 -1
vn 0 0 -1
f 7057/7057/7057 7059/7059/7059 7058/7058/7058
f 7059/7059/7059 7060/7060/7060 7058/7058/7058
f 7061/7061/7061 7063/7063/7063 7062/7062/7062
f 7063/7063/7063 7064/7064/7064 7062/7062/7062
f 7065/7065/7065 7067/7067/7067 7066/7066/7066
f 7067/7067/7067 7068/7068/7068 7066/7066/7066
f 7069/7069/7069 7071/7071/7071 7070/7070/7070
f 7071/7071/7071 7072/7072/7072 7070/7070/7070
f 7073/7073/7073 7075/7075/7075 7074/7074/7074
f 7075/7075/7075 7076/7076/7076 7074/7074/7074
f 7077/7077/7077 7079/7079/7079 7078/7078/7078
f 7079/7079/7079 7080/7080/7080 7078/7078/7078
o spectral_chain1_9_236_back
usemtl ghost_chain
v 0.014125780875794589 2.0065593764968215 0.04693828087579459
v 0.014125780875794589 2.0065593764968215 0.018686719124205414
v 0.014125780875794589 1.8684406235031783 0.04693828087579459
v 0.014125780875794589 1.8684406235031783 0.018686719124205414
v -0.014125780875794589 2.0065593764968215 0.018686719124205414
v -0.014125780875794589 2.0065593764968215 0.04693828087579459
v -0.014125780875794589 1.8684406235031783 0.018686719124205414
v -0.014125780875794589 1.8684406235031783 0.04693828087579459
v -0.014125780875794589 2.0065593764968215 0.018686719124205414
v 0.014125780875794589 2.0065593764968215 0.018686719124205414
v -0.014125780875794589 2.0065593764968215 0.04693828087579459
v 0.014125780875794589 2.0065593764968215 0.04693828087579459
v -0.014125780875794589 1.8684406235031783 0.04693828087579459
v 0.014125780875794589 1.8684406235031783 0.04693828087579459
v -0.014125780875794589 1.8684406235031783 0.018686719124205414
v 0.014125780875794589 1.8684406235031783 0.018686719124205414
v -0.014125780875794589 2.0065593764968215 0.04693828087579459
v 0.014125780875794589 2.0065593764968215 0.04693828087579459
v -0.014125780875794589 1.8684406235031783 0.04693828087579459
v 0.014125780875794589 1.8684406235031783 0.04693828087579459
v 0.014125780875794589 2.0065593764968215 0.018686719124205414
v -0.014125780875794589 2.0065593764968215 0.018686719124205414
v 0.014125780875794589 1.8684406235031783 0.018686719124205414
v -0.014125780875794589 1.8684406235031783 0.018686719124205414
vt 0.625 0.3125
vt 0.6875 0.3125
vt 0.625 0.1875
vt 0.6875 0.1875
vt 0.625 0.3125
vt 0.6875 0.3125
vt 0.625 0.1875
vt 0.6875 0.1875
vt 0.625 0.25
vt 0.6875 0.25
vt 0.625 0.1875
vt 0.6875 0.1875
vt 0.625 0.25
vt 0.6875 0.25
vt 0.625 0.1875
vt 0.6875 0.1875
vt 0.625 0.3125
vt 0.6875 0.3125
vt 0.625 0.1875
vt 0.6875 0.1875
vt 0.625 0.3125
vt 0.6875 0.3125
vt 0.625 0.1875
vt 0.6875 0.1875
vn 1 0 0
vn 1 0 0
vn 1 0 0
vn 1 0 0
vn -1 0 0
vn -1 0 0
vn -1 0 0
vn -1 0 0
vn 0 1 0
vn 0 1 0
vn 0 1 0
vn 0 1 0
vn 0 -1 0
vn 0 -1 0
vn 0 -1 0
vn 0 -1 0
vn 0 0 1
vn 0 0 1
vn 0 0 1
vn 0 0 1
vn 0 0 -1
vn 0 0 -1
vn 0 0 -1
vn 0 0 -1
f 7081/7081/7081 7083/7083/7083 7082/7082/7082
f 7083/7083/7083 7084/7084/7084 7082/7082/7082
f 7085/7085/7085 7087/7087/7087 7086/7086/7086
f 7087/7087/7087 7088/7088/7088 7086/7086/7086
f 7089/7089/7089 7091/7091/7091 7090/7090/7090
f 7091/7091/7091 7092/7092/7092 7090/7090/7090
f 7093/7093/7093 7095/7095/7095 7094/7094/7094
f 7095/7095/7095 7096/7096/7096 7094/7094/7094
f 7097/7097/7097 7099/7099/7099 7098/7098/7098
f 7099/7099/7099 7100/7100/7100 7098/7098/7098
f 7101/7101/7101 7103/7103/7103 7102/7102/7102
f 7103/7103/7103 7104/7104/7104 7102/7102/7102
o spectral_chain1_9_237
usemtl ghost_chain
v 0.014568749614059925 2.00675624961406 0.0485625
v 0.014568749614059925 2.00675624961406 -0.0485625
v 0.014568749614059925 1.9776187503859401 0.0485625
v 0.014568749614059925 1.9776187503859401 -0.0485625
v -0.014568749614059925 2.00675624961406 -0.0485625
v -0.014568749614059925 2.00675624961406 0.0485625
v -0.014568749614059925 1.9776187503859401 -0.0485625
v -0.014568749614059925 1.9776187503859401 0.0485625
v -0.014568749614059925 2.00675624961406 -0.0485625
v 0.014568749614059925 2.00675624961406 -0.0485625
v -0.014568749614059925 2.00675624961406 0.0485625
v 0.014568749614059925 2.00675624961406 0.0485625
v -0.014568749614059925 1.9776187503859401 0.0485625
v 0.014568749614059925 1.9776187503859401 0.0485625
v -0.014568749614059925 1.9776187503859401 -0.0485625
v 0.014568749614059925 1.9776187503859401 -0.0485625
v -0.014568749614059925 2.00675624961406 0.0485625
v 0.014568749614059925 2.00675624961406 0.0485625
v -0.014568749614059925 1.9776187503859401 0.0485625
v 0.014568749614059925 1.9776187503859401 0.0485625
v 0.014568749614059925 2.00675624961406 -0.0485625
v -0.014568749614059925 2.00675624961406 -0.0485625
v 0.014568749614059925 1.9776187503859401 -0.0485625
v -0.014568749614059925 1.9776187503859401 -0.0485625
vt 0.1875 1
vt 0.3125 1
vt 0.1875 0.9375
vt 0.3125 0.9375
vt 0.1875 1
vt 0.3125 1
vt 0.1875 0.9375
vt 0.3125 0.9375
vt 0.1875 1.0625
vt 0.25 1.0625
vt 0.1875 0.9375
vt 0.25 0.9375
vt 0.1875 1.0625
vt 0.25 1.0625
vt 0.1875 0.9375
vt 0.25 0.9375
vt 0.1875 1
vt 0.25 1
vt 0.1875 0.9375
vt 0.25 0.9375
vt 0.1875 1
vt 0.25 1
vt 0.1875 0.9375
vt 0.25 0.9375
vn 1 0 0
vn 1 0 0
vn 1 0 0
vn 1 0 0
vn -1 0 0
vn -1 0 0
vn -1 0 0
vn -1 0 0
vn 0 1 0
vn 0 1 0
vn 0 1 0
vn 0 1 0
vn 0 -1 0
vn 0 -1 0
vn 0 -1 0
vn 0 -1 0
vn 0 0 1
vn 0 0 1
vn 0 0 1
vn 0 0 1
vn 0 0 -1
vn 0 0 -1
vn 0 0 -1
vn 0 0 -1
f 7105/7105/7105 7107/7107/7107 7106/7106/7106
f 7107/7107/7107 7108/7108/7108 7106/7106/7106
f 7109/7109/7109 7111/7111/7111 7110/7110/7110
f 7111/7111/7111 7112/7112/7112 7110/7110/7110
f 7113/7113/7113 7115/7115/7115 7114/7114/7114
f 7115/7115/7115 7116/7116/7116 7114/7114/7114
f 7117/7117/7117 7119/7119/7119 7118/7118/7118
f 7119/7119/7119 7120/7120/7120 7118/7118/7118
f 7121/7121/7121 7123/7123/7123 7122/7122/7122
f 7123/7123/7123 7124/7124/7124 7122/7122/7122
f 7125/7125/7125 7127/7127/7127 7126/7126/7126
f 7127/7127/7127 7128/7128/7128 7126/7126/7126
o spectral_chain1_9_238
usemtl ghost_chain
v 0.014189062124118208 1.8970015621241183 0.047296874999999995
v 0.014189062124118208 1.8970015621241183 -0.047296874999999995
v 0.014189062124118208 1.8686234378758817 0.047296874999999995
v 0.014189062124118208 1.8686234378758817 -0.047296874999999995
v -0.014189062124118208 1.8970015621241183 -0.047296874999999995
v -0.014189062124118208 1.8970015621241183 0.047296874999999995
v -0.014189062124118208 1.8686234378758817 -0.047296874999999995
v -0.014189062124118208 1.8686234378758817 0.047296874999999995
v -0.014189062124118208 1.8970015621241183 -0.047296874999999995
v 0.014189062124118208 1.8970015621241183 -0.047296874999999995
v -0.014189062124118208 1.8970015621241183 0.047296874999999995
v 0.014189062124118208 1.8970015621241183 0.047296874999999995
v -0.014189062124118208 1.8686234378758817 0.047296874999999995
v 0.014189062124118208 1.8686234378758817 0.047296874999999995
v -0.014189062124118208 1.8686234378758817 -0.047296874999999995
v 0.014189062124118208 1.8686234378758817 -0.047296874999999995
v -0.014189062124118208 1.8970015621241183 0.047296874999999995
v 0.014189062124118208 1.8970015621241183 0.047296874999999995
v -0.014189062124118208 1.8686234378758817 0.047296874999999995
v 0.014189062124118208 1.8686234378758817 0.047296874999999995
v 0.014189062124118208 1.8970015621241183 -0.047296874999999995
v -0.014189062124118208 1.8970015621241183 -0.047296874999999995
v 0.014189062124118208 1.8686234378758817 -0.047296874999999995
v -0.014189062124118208 1.8686234378758817 -0.047296874999999995
vt 0.1875 1
vt 0.3125 1
vt 0.1875 0.9375
vt 0.3125 0.9375
vt 0.1875 1
vt 0.3125 1
vt 0.1875 0.9375
vt 0.3125 0.9375
vt 0.1875 1.0625
vt 0.25 1.0625
vt 0.1875 0.9375
vt 0.25 0.9375
vt 0.1875 1.0625
vt 0.25 1.0625
vt 0.1875 0.9375
vt 0.25 0.9375
vt 0.1875 1
vt 0.25 1
vt 0.1875 0.9375
vt 0.25 0.9375
vt 0.1875 1
vt 0.25 1
vt 0.1875 0.9375
vt 0.25 0.9375
vn 0.9999999999999999 0 0
vn 0.9999999999999999 0 0
vn 0.9999999999999999 0 0
vn 0.9999999999999999 0 0
vn -0.9999999999999999 0 0
vn -0.9999999999999999 0 0
vn -0.9999999999999999 0 0
vn -0.9999999999999999 0 0
vn 0 0.9999999999999999 0
vn 0 0.9999999999999999 0
vn 0 0.9999999999999999 0
vn 0 0.9999999999999999 0
vn 0 -0.9999999999999999 0
vn 0 -0.9999999999999999 0
vn 0 -0.9999999999999999 0
vn 0 -0.9999999999999999 0
vn 0 0 0.9999999999999999
vn 0 0 0.9999999999999999
vn 0 0 0.9999999999999999
vn 0 0 0.9999999999999999
vn 0 0 -0.9999999999999999
vn 0 0 -0.9999999999999999
vn 0 0 -0.9999999999999999
vn 0 0 -0.9999999999999999
f 7129/7129/7129 7131/7131/7131 7130/7130/7130
f 7131/7131/7131 7132/7132/7132 7130/7130/7130
f 7133/7133/7133 7135/7135/7135 7134/7134/7134
f 7135/7135/7135 7136/7136/7136 7134/7134/7134
f 7137/7137/7137 7139/7139/7139 7138/7138/7138
f 7139/7139/7139 7140/7140/7140 7138/7138/7138
f 7141/7141/7141 7143/7143/7143 7142/7142/7142
f 7143/7143/7143 7144/7144/7144 7142/7142/7142
f 7145/7145/7145 7147/7147/7147 7146/7146/7146
f 7147/7147/7147 7148/7148/7148 7146/7146/7146
f 7149/7149/7149 7151/7151/7151 7150/7150/7150
f 7151/7151/7151 7152/7152/7152 7150/7150/7150
o soul_0_239
usemtl soul_wisp
v 0.3750487734375 1.6875487734375 0.0000487734375
v 0.3750487734375 1.6875487734375 -0.0000487734375
v 0.3750487734375 1.6874512265625 0.0000487734375
v 0.3750487734375 1.6874512265625 -0.0000487734375
v 0.3749512265625 1.6875487734375 -0.0000487734375
v 0.3749512265625 1.6875487734375 0.0000487734375
v 0.3749512265625 1.6874512265625 -0.0000487734375
v 0.3749512265625 1.6874512265625 0.0000487734375
v 0.3749512265625 1.6875487734375 -0.0000487734375
v 0.3750487734375 1.6875487734375 -0.0000487734375
v 0.3749512265625 1.6875487734375 0.0000487734375
v 0.3750487734375 1.6875487734375 0.0000487734375
v 0.3749512265625 1.6874512265625 0.0000487734375
v 0.3750487734375 1.6874512265625 0.0000487734375
v 0.3749512265625 1.6874512265625 -0.0000487734375
v 0.3750487734375 1.6874512265625 -0.0000487734375
v 0.3749512265625 1.6875487734375 0.0000487734375
v 0.3750487734375 1.6875487734375 0.0000487734375
v 0.3749512265625 1.6874512265625 0.0000487734375
v 0.3750487734375 1.6874512265625 0.0000487734375
v 0.3750487734375 1.6875487734375 -0.0000487734375
v 0.3749512265625 1.6875487734375 -0.0000487734375
v 0.3750487734375 1.6874512265625 -0.0000487734375
v 0.3749512265625 1.6874512265625 -0.0000487734375
vt 0.0625 0.875
vt 0.1875 0.875
vt 0.0625 0.75
vt 0.1875 0.75
vt 0.0625 0.875
vt 0.1875 0.875
vt 0.0625 0.75
vt 0.1875 0.75
vt 0.0625 0.875
vt 0.1875 0.875
vt 0.0625 0.75
vt 0.1875 0.75
vt 0.0625 0.875
vt 0.1875 0.875
vt 0.0625 0.75
vt 0.1875 0.75
vt 0.0625 0.875
vt 0.1875 0.875
vt 0.0625 0.75
vt 0.1875 0.75
vt 0.0625 0.875
vt 0.1875 0.875
vt 0.0625 0.75
vt 0.1875 0.75
vn 1 0 0
vn 1 0 0
vn 1 0 0
vn 1 0 0
vn -1 0 0
vn -1 0 0
vn -1 0 0
vn -1 0 0
vn 0 1 0
vn 0 1 0
vn 0 1 0
vn 0 1 0
vn 0 -1 0
vn 0 -1 0
vn 0 -1 0
vn 0 -1 0
vn 0 0 1
vn 0 0 1
vn 0 0 1
vn 0 0 1
vn 0 0 -1
vn 0 0 -1
vn 0 0 -1
vn 0 0 -1
f 7153/7153/7153 7155/7155/7155 7154/7154/7154
f 7155/7155/7155 7156/7156/7156 7154/7154/7154
f 7157/7157/7157 7159/7159/7159 7158/7158/7158
f 7159/7159/7159 7160/7160/7160 7158/7158/7158
f 7161/7161/7161 7163/7163/7163 7162/7162/7162
f 7163/7163/7163 7164/7164/7164 7162/7162/7162
f 7165/7165/7165 7167/7167/7167 7166/7166/7166
f 7167/7167/7167 7168/7168/7168 7166/7166/7166
f 7169/7169/7169 7171/7171/7171 7170/7170/7170
f 7171/7171/7171 7172/7172/7172 7170/7170/7170
f 7173/7173/7173 7175/7175/7175 7174/7174/7174
f 7175/7175/7175 7176/7176/7176 7174/7174/7174
o soul_0_240
usemtl soul_wisp
v 0.37502850468674487 1.687447254686745 0.000028504686744883657
v 0.37502850468674487 1.687447254686745 -0.000028504686744883657
v 0.37502850468674487 1.687390245313255 0.000028504686744883657
v 0.37502850468674487 1.687390245313255 -0.000028504686744883657
v 0.37497149531325513 1.687447254686745 -0.000028504686744883657
v 0.37497149531325513 1.687447254686745 0.000028504686744883657
v 0.37497149531325513 1.687390245313255 -0.000028504686744883657
v 0.37497149531325513 1.687390245313255 0.000028504686744883657
v 0.37497149531325513 1.687447254686745 -0.000028504686744883657
v 0.37502850468674487 1.687447254686745 -0.000028504686744883657
v 0.37497149531325513 1.687447254686745 0.000028504686744883657
v 0.37502850468674487 1.687447254686745 0.000028504686744883657
v 0.37497149531325513 1.687390245313255 0.000028504686744883657
v 0.37502850468674487 1.687390245313255 0.000028504686744883657
v 0.37497149531325513 1.687390245313255 -0.000028504686744883657
v 0.37502850468674487 1.687390245313255 -0.000028504686744883657
v 0.37497149531325513 1.687447254686745 0.000028504686744883657
v 0.37502850468674487 1.687447254686745 0.000028504686744883657
v 0.37497149531325513 1.687390245313255 0.000028504686744883657
v 0.37502850468674487 1.687390245313255 0.000028504686744883657
v 0.37502850468674487 1.687447254686745 -0.000028504686744883657
v 0.37497149531325513 1.687447254686745 -0.000028504686744883657
v 0.37502850468674487 1.687390245313255 -0.000028504686744883657
v 0.37497149531325513 1.687390245313255 -0.000028504686744883657
vt 0.75 0.1875
vt 0.8125 0.1875
vt 0.75 0.125
vt 0.8125 0.125
vt 0.75 0.1875
vt 0.8125 0.1875
vt 0.75 0.125
vt 0.8125 0.125
vt 0.75 0.1875
vt 0.8125 0.1875
vt 0.75 0.125
vt 0.8125 0.125
vt 0.75 0.1875
vt 0.8125 0.1875
vt 0.75 0.125
vt 0.8125 0.125
vt 0.75 0.1875
vt 0.8125 0.1875
vt 0.75 0.125
vt 0.8125 0.125
vt 0.75 0.1875
vt 0.8125 0.1875
vt 0.75 0.125
vt 0.8125 0.125
vn 1 0 0
vn 1 0 0
vn 1 0 0
vn 1 0 0
vn -1 0 0
vn -1 0 0
vn -1 0 0
vn -1 0 0
vn 0 1 0
vn 0 1 0
vn 0 1 0
vn 0 1 0
vn 0 -1 0
vn 0 -1 0
vn 0 -1 0
vn 0 -1 0
vn 0 0 1
vn 0 0 1
vn 0 0 1
vn 0 0 1
vn 0 0 -1
vn 0 0 -1
vn 0 0 -1
vn 0 0 -1
f 7177/7177/7177 7179/7179/7179 7178/7178/7178
f 7179/7179/7179 7180/7180/7180 7178/7178/7178
f 7181/7181/7181 7183/7183/7183 7182/7182/7182
f 7183/7183/7183 7184/7184/7184 7182/7182/7182
f 7185/7185/7185 7187/7187/7187 7186/7186/7186
f 7187/7187/7187 7188/7188/7188 7186/7186/7186
f 7189/7189/7189 7191/7191/7191 7190/7190/7190
f 7191/7191/7191 7192/7192/7192 7190/7190/7190
f 7193/7193/7193 7195/7195/7195 7194/7194/7194
f 7195/7195/7195 7196/7196/7196 7194/7194/7194
f 7197/7197/7197 7199/7199/7199 7198/7198/7198
f 7199/7199/7199 7200/7200/7200 7198/7198/7198
o soul_0_241
usemtl soul_wisp
v 0.37503507812500003 1.6873850781250002 0.000016328125
v 0.37503507812500003 1.6873850781250002 -0.000016328125
v 0.37503507812500003 1.687352421875 0.000016328125
v 0.37503507812500003 1.687352421875 -0.000016328125
v 0.375002421875 1.6873850781250002 -0.000016328125
v 0.375002421875 1.6873850781250002 0.000016328125
v 0.375002421875 1.687352421875 -0.000016328125
v 0.375002421875 1.687352421875 0.000016328125
v 0.375002421875 1.6873850781250002 -0.000016328125
v 0.37503507812500003 1.6873850781250002 -0.000016328125
v 0.375002421875 1.6873850781250002 0.000016328125
v 0.37503507812500003 1.6873850781250002 0.000016328125
v 0.375002421875 1.687352421875 0.000016328125
v 0.37503507812500003 1.687352421875 0.000016328125
v 0.375002421875 1.687352421875 -0.000016328125
v 0.37503507812500003 1.687352421875 -0.000016328125
v 0.375002421875 1.6873850781250002 0.000016328125
v 0.37503507812500003 1.6873850781250002 0.000016328125
v 0.375002421875 1.687352421875 0.000016328125
v 0.37503507812500003 1.687352421875 0.000016328125
v 0.37503507812500003 1.6873850781250002 -0.000016328125
v 0.375002421875 1.6873850781250002 -0.000016328125
v 0.37503507812500003 1.687352421875 -0.000016328125
v 0.375002421875 1.687352421875 -0.000016328125
vt 0.3125 0.875
vt 0.375 0.875
vt 0.3125 0.8125
vt 0.375 0.8125
vt 0.3125 0.875
vt 0.375 0.875
vt 0.3125 0.8125
vt 0.375 0.8125
vt 0.3125 0.875
vt 0.375 0.875
vt 0.3125 0.8125
vt 0.375 0.8125
vt 0.3125 0.875
vt 0.375 0.875
vt 0.3125 0.8125
vt 0.375 0.8125
vt 0.3125 0.875
vt 0.375 0.875
vt 0.3125 0.8125
vt 0.375 0.8125
vt 0.3125 0.875
vt 0.375 0.875
vt 0.3125 0.8125
vt 0.375 0.8125
vn 1 0 0
vn 1 0 0
vn 1 0 0
vn 1 0 0
vn -1 0 0
vn -1 0 0
vn -1 0 0
vn -1 0 0
vn 0 1 0
vn 0 1 0
vn 0 1 0
vn 0 1 0
vn 0 -1 0
vn 0 -1 0
vn 0 -1 0
vn 0 -1 0
vn 0 0 1
vn 0 0 1
vn 0 0 1
vn 0 0 1
vn 0 0 -1
vn 0 0 -1
vn 0 0 -1
vn 0 0 -1
f 7201/7201/7201 7203/7203/7203 7202/7202/7202
f 7203/7203/7203 7204/7204/7204 7202/7202/7202
f 7205/7205/7205 7207/7207/7207 7206/7206/7206
f 7207/7207/7207 7208/7208/7208 7206/7206/7206
f 7209/7209/7209 7211/7211/7211 7210/7210/7210
f 7211/7211/7211 7212/7212/7212 7210/7210/7210
f 7213/7213/7213 7215/7215/7215 7214/7214/7214
f 7215/7215/7215 7216/7216/7216 7214/7214/7214
f 7217/7217/7217 7219/7219/7219 7218/7218/7218
f 7219/7219/7219 7220/7220/7220 7218/7218/7218
f 7221/7221/7221 7223/7223/7223 7222/7222/7222
f 7223/7223/7223 7224/7224/7224 7222/7222/7222
o soul_1_242
usemtl soul_wisp
v 0.37504771875 1.68754771875 0.000047718750000000005
v 0.37504771875 1.68754771875 -0.000047718750000000005
v 0.37504771875 1.68745228125 0.000047718750000000005
v 0.37504771875 1.68745228125 -0.000047718750000000005
v 0.37495228125 1.68754771875 -0.000047718750000000005
v 0.37495228125 1.68754771875 0.000047718750000000005
v 0.37495228125 1.68745228125 -0.000047718750000000005
v 0.37495228125 1.68745228125 0.000047718750000000005
v 0.37495228125 1.68754771875 -0.000047718750000000005
v 0.37504771875 1.68754771875 -0.000047718750000000005
v 0.37495228125 1.68754771875 0.000047718750000000005
v 0.37504771875 1.68754771875 0.000047718750000000005
v 0.37495228125 1.68745228125 0.000047718750000000005
v 0.37504771875 1.68745228125 0.000047718750000000005
v 0.37495228125 1.68745228125 -0.000047718750000000005
v 0.37504771875 1.68745228125 -0.000047718750000000005
v 0.37495228125 1.68754771875 0.000047718750000000005
v 0.37504771875 1.68754771875 0.000047718750000000005
v 0.37495228125 1.68745228125 0.000047718750000000005
v 0.37504771875 1.68745228125 0.000047718750000000005
v 0.37504771875 1.68754771875 -0.000047718750000000005
v 0.37495228125 1.68754771875 -0.000047718750000000005
v 0.37504771875 1.68745228125 -0.000047718750000000005
v 0.37495228125 1.68745228125 -0.000047718750000000005
vt 0.0625 0.875
vt 0.1875 0.875
vt 0.0625 0.75
vt 0.1875 0.75
vt 0.0625 0.875
vt 0.1875 0.875
vt 0.0625 0.75
vt 0.1875 0.75
vt 0.0625 0.875
vt 0.1875 0.875
vt 0.0625 0.75
vt 0.1875 0.75
vt 0.0625 0.875
vt 0.1875 0.875
vt 0.0625 0.75
vt 0.1875 0.75
vt 0.0625 0.875
vt 0.1875 0.875
vt 0.0625 0.75
vt 0.1875 0.75
vt 0.0625 0.875
vt 0.1875 0.875
vt 0.0625 0.75
vt 0.1875 0.75
vn 0.9999999999999999 0 0
vn 0.9999999999999999 0 0
vn 0.9999999999999999 0 0
vn 0.9999999999999999 0 0
vn -0.9999999999999999 0 0
vn -0.9999999999999999 0 0
vn -0.9999999999999999 0 0
vn -0.9999999999999999 0 0
vn 0 0.9999999999999999 0
vn 0 0.9999999999999999 0
vn 0 0.9999999999999999 0
vn 0 0.9999999999999999 0
vn 0 -0.9999999999999999 0
vn 0 -0.9999999999999999 0
vn 0 -0.9999999999999999 0
vn 0 -0.9999999999999999 0
vn 0 0 0.9999999999999999
vn 0 0 0.9999999999999999
vn 0 0 0.9999999999999999
vn 0 0 0.9999999999999999
vn 0 0 -0.9999999999999999
vn 0 0 -0.9999999999999999
vn 0 0 -0.9999999999999999
vn 0 0 -0.9999999999999999
f 7225/7225/7225 7227/7227/7227 7226/7226/7226
f 7227/7227/7227 7228/7228/7228 7226/7226/7226
f 7229/7229/7229 7231/7231/7231 7230/7230/7230
f 7231/7231/7231 7232/7232/7232 7230/7230/7230
f 7233/7233/7233 7235/7235/7235 7234/7234/7234
f 7235/7235/7235 7236/7236/7236 7234/7234/7234
f 7237/7237/7237 7239/7239/7239 7238/7238/7238
f 7239/7239/7239 7240/7240/7240 7238/7238/7238
f 7241/7241/7241 7243/7243/7243 7242/7242/7242
f 7243/7243/7243 7244/7244/7244 7242/7242/7242
f 7245/7245/7245 7247/7247/7247 7246/7246/7246
f 7247/7247/7247 7248/7248/7248 7246/7246/7246
o soul_1_243
usemtl soul_wisp
v 0.37502951718671806 1.687448267186718 0.00002951718671806157
v 0.37502951718671806 1.687448267186718 -0.00002951718671806157
v 0.37502951718671806 1.687389232813282 0.00002951718671806157
v 0.37502951718671806 1.687389232813282 -0.00002951718671806157
v 0.37497048281328194 1.687448267186718 -0.00002951718671806157
v 0.37497048281328194 1.687448267186718 0.00002951718671806157
v 0.37497048281328194 1.687389232813282 -0.00002951718671806157
v 0.37497048281328194 1.687389232813282 0.00002951718671806157
v 0.37497048281328194 1.687448267186718 -0.00002951718671806157
v 0.37502951718671806 1.687448267186718 -0.00002951718671806157
v 0.37497048281328194 1.687448267186718 0.00002951718671806157
v 0.37502951718671806 1.687448267186718 0.00002951718671806157
v 0.37497048281328194 1.687389232813282 0.00002951718671806157
v 0.37502951718671806 1.687389232813282 0.00002951718671806157
v 0.37497048281328194 1.687389232813282 -0.00002951718671806157
v 0.37502951718671806 1.687389232813282 -0.00002951718671806157
v 0.37497048281328194 1.687448267186718 0.00002951718671806157
v 0.37502951718671806 1.687448267186718 0.00002951718671806157
v 0.37497048281328194 1.687389232813282 0.00002951718671806157
v 0.37502951718671806 1.687389232813282 0.00002951718671806157
v 0.37502951718671806 1.687448267186718 -0.00002951718671806157
v 0.37497048281328194 1.687448267186718 -0.00002951718671806157
v 0.37502951718671806 1.687389232813282 -0.00002951718671806157
v 0.37497048281328194 1.687389232813282 -0.00002951718671806157
vt 0.75 0.1875
vt 0.8125 0.1875
vt 0.75 0.125
vt 0.8125 0.125
vt 0.75 0.1875
vt 0.8125 0.1875
vt 0.75 0.125
vt 0.8125 0.125
vt 0.75 0.1875
vt 0.8125 0.1875
vt 0.75 0.125
vt 0.8125 0.125
vt 0.75 0.1875
vt 0.8125 0.1875
vt 0.75 0.125
vt 0.8125 0.125
vt 0.75 0.1875
vt 0.8125 0.1875
vt 0.75 0.125
vt 0.8125 0.125
vt 0.75 0.1875
vt 0.8125 0.1875
vt 0.75 0.125
vt 0.8125 0.125
vn 1 0 0
vn 1 0 0
vn 1 0 0
vn 1 0 0
vn -1 0 0
vn -1 0 0
vn -1 0 0
vn -1 0 0
vn 0 1 0
vn 0 1 0
vn 0 1 0
vn 0 1 0
vn 0 -1 0
vn 0 -1 0
vn 0 -1 0
vn 0 -1 0
vn 0 0 1
vn 0 0 1
vn 0 0 1
vn 0 0 1
vn 0 0 -1
vn 0 0 -1
vn 0 0 -1
vn 0 0 -1
f 7249/7249/7249 7251/7251/7251 7250/7250/7250
f 7251/7251/7251 7252/7252/7252 7250/7250/7250
f 7253/7253/7253 7255/7255/7255 7254/7254/7254
f 7255/7255/7255 7256/7256/7256 7254/7254/7254
f 7257/7257/7257 7259/7259/7259 7258/7258/7258
f 7259/7259/7259 7260/7260/7260 7258/7258/7258
f 7261/7261/7261 7263/7263/7263 7262/7262/7262
f 7263/7263/7263 7264/7264/7264 7262/7262/7262
f 7265/7265/7265 7267/7267/7267 7266/7266/7266
f 7267/7267/7267 7268/7268/7268 7266/7266/7266
f 7269/7269/7269 7271/7271/7271 7270/7270/7270
f 7271/7271/7271 7272/7272/7272 7270/7270/7270
o soul_1_244
usemtl soul_wisp
v 0.37503472656250003 1.6873847265625002 0.0000159765625
v 0.37503472656250003 1.6873847265625002 -0.0000159765625
v 0.37503472656250003 1.6873527734375 0.0000159765625
v 0.37503472656250003 1.6873527734375 -0.0000159765625
v 0.3750027734375 1.6873847265625002 -0.0000159765625
v 0.3750027734375 1.6873847265625002 0.0000159765625
v 0.3750027734375 1.6873527734375 -0.0000159765625
v 0.3750027734375 1.6873527734375 0.0000159765625
v 0.3750027734375 1.6873847265625002 -0.0000159765625
v 0.37503472656250003 1.6873847265625002 -0.0000159765625
v 0.3750027734375 1.6873847265625002 0.0000159765625
v 0.37503472656250003 1.6873847265625002 0.0000159765625
v 0.3750027734375 1.6873527734375 0.0000159765625
v 0.37503472656250003 1.6873527734375 0.0000159765625
v 0.3750027734375 1.6873527734375 -0.0000159765625
v 0.37503472656250003 1.6873527734375 -0.0000159765625
v 0.3750027734375 1.6873847265625002 0.0000159765625
v 0.37503472656250003 1.6873847265625002 0.0000159765625
v 0.3750027734375 1.6873527734375 0.0000159765625
v 0.37503472656250003 1.6873527734375 0.0000159765625
v 0.37503472656250003 1.6873847265625002 -0.0000159765625
v 0.3750027734375 1.6873847265625002 -0.0000159765625
v 0.37503472656250003 1.6873527734375 -0.0000159765625
v 0.3750027734375 1.6873527734375 -0.0000159765625
vt 0.3125 0.875
vt 0.375 0.875
vt 0.3125 0.8125
vt 0.375 0.8125
vt 0.3125 0.875
vt 0.375 0.875
vt 0.3125 0.8125
vt 0.375 0.8125
vt 0.3125 0.875
vt 0.375 0.875
vt 0.3125 0.8125
vt 0.375 0.8125
vt 0.3125 0.875
vt 0.375 0.875
vt 0.3125 0.8125
vt 0.375 0.8125
vt 0.3125 0.875
vt 0.375 0.875
vt 0.3125 0.8125
vt 0.375 0.8125
vt 0.3125 0.875
vt 0.375 0.875
vt 0.3125 0.8125
vt 0.375 0.8125
vn 0.9999999999999999 0 0
vn 0.9999999999999999 0 0
vn 0.9999999999999999 0 0
vn 0.9999999999999999 0 0
vn -0.9999999999999999 0 0
vn -0.9999999999999999 0 0
vn -0.9999999999999999 0 0
vn -0.9999999999999999 0 0
vn 0 0.9999999999999999 0
vn 0 0.9999999999999999 0
vn 0 0.9999999999999999 0
vn 0 0.9999999999999999 0
vn 0 -0.9999999999999999 0
vn 0 -0.9999999999999999 0
vn 0 -0.9999999999999999 0
vn 0 -0.9999999999999999 0
vn 0 0 0.9999999999999999
vn 0 0 0.9999999999999999
vn 0 0 0.9999999999999999
vn 0 0 0.9999999999999999
vn 0 0 -0.9999999999999999
vn 0 0 -0.9999999999999999
vn 0 0 -0.9999999999999999
vn 0 0 -0.9999999999999999
f 7273/7273/7273 7275/7275/7275 7274/7274/7274
f 7275/7275/7275 7276/7276/7276 7274/7274/7274
f 7277/7277/7277 7279/7279/7279 7278/7278/7278
f 7279/7279/7279 7280/7280/7280 7278/7278/7278
f 7281/7281/7281 7283/7283/7283 7282/7282/7282
f 7283/7283/7283 7284/7284/7284 7282/7282/7282
f 7285/7285/7285 7287/7287/7287 7286/7286/7286
f 7287/7287/7287 7288/7288/7288 7286/7286/7286
f 7289/7289/7289 7291/7291/7291 7290/7290/7290
f 7291/7291/7291 7292/7292/7292 7290/7290/7290
f 7293/7293/7293 7295/7295/7295 7294/7294/7294
f 7295/7295/7295 7296/7296/7296 7294/7294/7294
o soul_2_245
usemtl soul_wisp
v 0.37504940625 1.68754940625 0.00004940625
v 0.37504940625 1.68754940625 -0.00004940625
v 0.37504940625 1.68745059375 0.00004940625
v 0.37504940625 1.68745059375 -0.00004940625
v 0.37495059375 1.68754940625 -0.00004940625
v 0.37495059375 1.68754940625 0.00004940625
v 0.37495059375 1.68745059375 -0.00004940625
v 0.37495059375 1.68745059375 0.00004940625
v 0.37495059375 1.68754940625 -0.00004940625
v 0.37504940625 1.68754940625 -0.00004940625
v 0.37495059375 1.68754940625 0.00004940625
v 0.37504940625 1.68754940625 0.00004940625
v 0.37495059375 1.68745059375 0.00004940625
v 0.37504940625 1.68745059375 0.00004940625
v 0.37495059375 1.68745059375 -0.00004940625
v 0.37504940625 1.68745059375 -0.00004940625
v 0.37495059375 1.68754940625 0.00004940625
v 0.37504940625 1.68754940625 0.00004940625
v 0.37495059375 1.68745059375 0.00004940625
v 0.37504940625 1.68745059375 0.00004940625
v 0.37504940625 1.68754940625 -0.00004940625
v 0.37495059375 1.68754940625 -0.00004940625
v 0.37504940625 1.68745059375 -0.00004940625
v 0.37495059375 1.68745059375 -0.00004940625
vt 0.0625 0.875
vt 0.1875 0.875
vt 0.0625 0.75
vt 0.1875 0.75
vt 0.0625 0.875
vt 0.1875 0.875
vt 0.0625 0.75
vt 0.1875 0.75
vt 0.0625 0.875
vt 0.1875 0.875
vt 0.0625 0.75
vt 0.1875 0.75
vt 0.0625 0.875
vt 0.1875 0.875
vt 0.0625 0.75
vt 0.1875 0.75
vt 0.0625 0.875
vt 0.1875 0.875
vt 0.0625 0.75
vt 0.1875 0.75
vt 0.0625 0.875
vt 0.1875 0.875
vt 0.0625 0.75
vt 0.1875 0.75
vn 1 0 0
vn 1 0 0
vn 1 0 0
vn 1 0 0
vn -1 0 0
vn -1 0 0
vn -1 0 0
vn -1 0 0
vn 0 1 0
vn 0 1 0
vn 0 1 0
vn 0 1 0
vn 0 -1 0
vn 0 -1 0
vn 0 -1 0
vn 0 -1 0
vn 0 0 1
vn 0 0 1
vn 0 0 1
vn 0 0 1
vn 0 0 -1
vn 0 0 -1
vn 0 0 -1
vn 0 0 -1
f 7297/7297/7297 7299/7299/7299 7298/7298/7298
f 7299/7299/7299 7300/7300/7300 7298/7298/7298
f 7301/7301/7301 7303/7303/7303 7302/7302/7302
f 7303/7303/7303 7304/7304/7304 7302/7302/7302
f 7305/7305/7305 7307/7307/7307 7306/7306/7306
f 7307/7307/7307 7308/7308/7308 7306/7306/7306
f 7309/7309/7309 7311/7311/7311 7310/7310/7310
f 7311/7311/7311 7312/7312/7312 7310/7310/7310
f 7313/7313/7313 7315/7315/7315 7314/7314/7314
f 7315/7315/7315 7316/7316/7316 7314/7314/7314
f 7317/7317/7317 7319/7319/7319 7318/7318/7318
f 7319/7319/7319 7320/7320/7320 7318/7318/7318
o soul_2_246
usemtl soul_wisp
v 0.3750288843742348 1.6874476343742348 0.00002888437423482537
v 0.3750288843742348 1.6874476343742348 -0.00002888437423482537
v 0.3750288843742348 1.687389865625765 0.00002888437423482537
v 0.3750288843742348 1.687389865625765 -0.00002888437423482537
v 0.3749711156257652 1.6874476343742348 -0.00002888437423482537
v 0.3749711156257652 1.6874476343742348 0.00002888437423482537
v 0.3749711156257652 1.687389865625765 -0.00002888437423482537
v 0.3749711156257652 1.687389865625765 0.00002888437423482537
v 0.3749711156257652 1.6874476343742348 -0.00002888437423482537
v 0.3750288843742348 1.6874476343742348 -0.00002888437423482537
v 0.3749711156257652 1.6874476343742348 0.00002888437423482537
v 0.3750288843742348 1.6874476343742348 0.00002888437423482537
v 0.3749711156257652 1.687389865625765 0.00002888437423482537
v 0.3750288843742348 1.687389865625765 0.00002888437423482537
v 0.3749711156257652 1.687389865625765 -0.00002888437423482537
v 0.3750288843742348 1.687389865625765 -0.00002888437423482537
v 0.3749711156257652 1.6874476343742348 0.00002888437423482537
v 0.3750288843742348 1.6874476343742348 0.00002888437423482537
v 0.3749711156257652 1.687389865625765 0.00002888437423482537
v 0.3750288843742348 1.687389865625765 0.00002888437423482537
v 0.3750288843742348 1.6874476343742348 -0.00002888437423482537
v 0.3749711156257652 1.6874476343742348 -0.00002888437423482537
v 0.3750288843742348 1.687389865625765 -0.00002888437423482537
v 0.3749711156257652 1.687389865625765 -0.00002888437423482537
vt 0.75 0.1875
vt 0.8125 0.1875
vt 0.75 0.125
vt 0.8125 0.125
vt 0.75 0.1875
vt 0.8125 0.1875
vt 0.75 0.125
vt 0.8125 0.125
vt 0.75 0.1875
vt 0.8125 0.1875
vt 0.75 0.125
vt 0.8125 0.125
vt 0.75 0.1875
vt 0.8125 0.1875
vt 0.75 0.125
vt 0.8125 0.125
vt 0.75 0.1875
vt 0.8125 0.1875
vt 0.75 0.125
vt 0.8125 0.125
vt 0.75 0.1875
vt 0.8125 0.1875
vt 0.75 0.125
vt 0.8125 0.125
vn 1 0 0
vn 1 0 0
vn 1 0 0
vn 1 0 0
vn -1 0 0
vn -1 0 0
vn -1 0 0
vn -1 0 0
vn 0 1 0
vn 0 1 0
vn 0 1 0
vn 0 1 0
vn 0 -1 0
vn 0 -1 0
vn 0 -1 0
vn 0 -1 0
vn 0 0 1
vn 0 0 1
vn 0 0 1
vn 0 0 1
vn 0 0 -1
vn 0 0 -1
vn 0 0 -1
vn 0 0 -1
f 7321/7321/7321 7323/7323/7323 7322/7322/7322
f 7323/7323/7323 7324/7324/7324 7322/7322/7322
f 7325/7325/7325 7327/7327/7327 7326/7326/7326
f 7327/7327/7327 7328/7328/7328 7326/7326/7326
f 7329/7329/7329 7331/7331/7331 7330/7330/7330
f 7331/7331/7331 7332/7332/7332 7330/7330/7330
f 7333/7333/7333 7335/7335/7335 7334/7334/7334
f 7335/7335/7335 7336/7336/7336 7334/7334/7334
f 7337/7337/7337 7339/7339/7339 7338/7338/7338
f 7339/7339/7339 7340/7340/7340 7338/7338/7338
f 7341/7341/7341 7343/7343/7343 7342/7342/7342
f 7343/7343/7343 7344/7344/7344 7342/7342/7342
o soul_2_247
usemtl soul_wisp
v 0.37503437500000003 1.6873843750000002 0.000015625
v 0.37503437500000003 1.6873843750000002 -0.000015625
v 0.37503437500000003 1.687353125 0.000015625
v 0.37503437500000003 1.687353125 -0.000015625
v 0.375003125 1.6873843750000002 -0.000015625
v 0.375003125 1.6873843750000002 0.000015625
v 0.375003125 1.687353125 -0.000015625
v 0.375003125 1.687353125 0.000015625
v 0.375003125 1.6873843750000002 -0.000015625
v 0.37503437500000003 1.6873843750000002 -0.000015625
v 0.375003125 1.6873843750000002 0.000015625
v 0.37503437500000003 1.6873843750000002 0.000015625
v 0.375003125 1.687353125 0.000015625
v 0.37503437500000003 1.687353125 0.000015625
v 0.375003125 1.687353125 -0.000015625
v 0.37503437500000003 1.687353125 -0.000015625
v 0.375003125 1.6873843750000002 0.000015625
v 0.37503437500000003 1.6873843750000002 0.000015625
v 0.375003125 1.687353125 0.000015625
v 0.37503437500000003 1.687353125 0.000015625
v 0.37503437500000003 1.6873843750000002 -0.000015625
v 0.375003125 1.6873843750000002 -0.000015625
v 0.37503437500000003 1.687353125 -0.000015625
v 0.375003125 1.687353125 -0.000015625
vt 0.3125 0.875
vt 0.375 0.875
vt 0.3125 0.8125
vt 0.375 0.8125
vt 0.3125 0.875
vt 0.375 0.875
vt 0.3125 0.8125
vt 0.375 0.8125
vt 0.3125 0.875
vt 0.375 0.875
vt 0.3125 0.8125
vt 0.375 0.8125
vt 0.3125 0.875
vt 0.375 0.875
vt 0.3125 0.8125
vt 0.375 0.8125
vt 0.3125 0.875
vt 0.375 0.875
vt 0.3125 0.8125
vt 0.375 0.8125
vt 0.3125 0.875
vt 0.375 0.875
vt 0.3125 0.8125
vt 0.375 0.8125
vn 0.9999999999999999 0 0
vn 0.9999999999999999 0 0
vn 0.9999999999999999 0 0
vn 0.9999999999999999 0 0
vn -0.9999999999999999 0 0
vn -0.9999999999999999 0 0
vn -0.9999999999999999 0 0
vn -0.9999999999999999 0 0
vn 0 0.9999999999999999 0
vn 0 0.9999999999999999 0
vn 0 0.9999999999999999 0
vn 0 0.9999999999999999 0
vn 0 -0.9999999999999999 0
vn 0 -0.9999999999999999 0
vn 0 -0.9999999999999999 0
vn 0 -0.9999999999999999 0
vn 0 0 0.9999999999999999
vn 0 0 0.9999999999999999
vn 0 0 0.9999999999999999
vn 0 0 0.9999999999999999
vn 0 0 -0.9999999999999999
vn 0 0 -0.9999999999999999
vn 0 0 -0.9999999999999999
vn 0 0 -0.9999999999999999
f 7345/7345/7345 7347/7347/7347 7346/7346/7346
f 7347/7347/7347 7348/7348/7348 7346/7346/7346
f 7349/7349/7349 7351/7351/7351 7350/7350/7350
f 7351/7351/7351 7352/7352/7352 7350/7350/7350
f 7353/7353/7353 7355/7355/7355 7354/7354/7354
f 7355/7355/7355 7356/7356/7356 7354/7354/7354
f 7357/7357/7357 7359/7359/7359 7358/7358/7358
f 7359/7359/7359 7360/7360/7360 7358/7358/7358
f 7361/7361/7361 7363/7363/7363 7362/7362/7362
f 7363/7363/7363 7364/7364/7364 7362/7362/7362
f 7365/7365/7365 7367/7367/7367 7366/7366/7366
f 7367/7367/7367 7368/7368/7368 7366/7366/7366
o soul_3_248
usemtl soul_wisp
v 0.3750483515625 1.6875483515625 0.0000483515625
v 0.3750483515625 1.6875483515625 -0.0000483515625
v 0.3750483515625 1.6874516484375 0.0000483515625
v 0.3750483515625 1.6874516484375 -0.0000483515625
v 0.3749516484375 1.6875483515625 -0.0000483515625
v 0.3749516484375 1.6875483515625 0.0000483515625
v 0.3749516484375 1.6874516484375 -0.0000483515625
v 0.3749516484375 1.6874516484375 0.0000483515625
v 0.3749516484375 1.6875483515625 -0.0000483515625
v 0.3750483515625 1.6875483515625 -0.0000483515625
v 0.3749516484375 1.6875483515625 0.0000483515625
v 0.3750483515625 1.6875483515625 0.0000483515625
v 0.3749516484375 1.6874516484375 0.0000483515625
v 0.3750483515625 1.6874516484375 0.0000483515625
v 0.3749516484375 1.6874516484375 -0.0000483515625
v 0.3750483515625 1.6874516484375 -0.0000483515625
v 0.3749516484375 1.6875483515625 0.0000483515625
v 0.3750483515625 1.6875483515625 0.0000483515625
v 0.3749516484375 1.6874516484375 0.0000483515625
v 0.3750483515625 1.6874516484375 0.0000483515625
v 0.3750483515625 1.6875483515625 -0.0000483515625
v 0.3749516484375 1.6875483515625 -0.0000483515625
v 0.3750483515625 1.6874516484375 -0.0000483515625
v 0.3749516484375 1.6874516484375 -0.0000483515625
vt 0.0625 0.875
vt 0.1875 0.875
vt 0.0625 0.75
vt 0.1875 0.75
vt 0.0625 0.875
vt 0.1875 0.875
vt 0.0625 0.75
vt 0.1875 0.75
vt 0.0625 0.875
vt 0.1875 0.875
vt 0.0625 0.75
vt 0.1875 0.75
vt 0.0625 0.875
vt 0.1875 0.875
vt 0.0625 0.75
vt 0.1875 0.75
vt 0.0625 0.875
vt 0.1875 0.875
vt 0.0625 0.75
vt 0.1875 0.75
vt 0.0625 0.875
vt 0.1875 0.875
vt 0.0625 0.75
vt 0.1875 0.75
vn 1 0 0
vn 1 0 0
vn 1 0 0
vn 1 0 0
vn -1 0 0
vn -1 0 0
vn -1 0 0
vn -1 0 0
vn 0 1 0
vn 0 1 0
vn 0 1 0
vn 0 1 0
vn 0 -1 0
vn 0 -1 0
vn 0 -1 0
vn 0 -1 0
vn 0 0 1
vn 0 0 1
vn 0 0 1
vn 0 0 1
vn 0 0 -1
vn 0 0 -1
vn 0 0 -1
vn 0 0 -1
f 7369/7369/7369 7371/7371/7371 7370/7370/7370
f 7371/7371/7371 7372/7372/7372 7370/7370/7370
f 7373/7373/7373 7375/7375/7375 7374/7374/7374
f 7375/7375/7375 7376/7376/7376 7374/7374/7374
f 7377/7377/7377 7379/7379/7379 7378/7378/7378
f 7379/7379/7379 7380/7380/7380 7378/7378/7378
f 7381/7381/7381 7383/7383/7383 7382/7382/7382
f 7383/7383/7383 7384/7384/7384 7382/7382/7382
f 7385/7385/7385 7387/7387/7387 7386/7386/7386
f 7387/7387/7387 7388/7388/7388 7386/7386/7386
f 7389/7389/7389 7391/7391/7391 7390/7390/7390
f 7391/7391/7391 7392/7392/7392 7390/7390/7390
o soul_3_249
usemtl soul_wisp
v 0.37502825156175157 1.6874470015617515 0.00002825156175158918
v 0.37502825156175157 1.6874470015617515 -0.00002825156175158918
v 0.37502825156175157 1.6873904984382484 0.00002825156175158918
v 0.37502825156175157 1.6873904984382484 -0.00002825156175158918
v 0.37497174843824843 1.6874470015617515 -0.00002825156175158918
v 0.37497174843824843 1.6874470015617515 0.00002825156175158918
v 0.37497174843824843 1.6873904984382484 -0.00002825156175158918
v 0.37497174843824843 1.6873904984382484 0.00002825156175158918
v 0.37497174843824843 1.6874470015617515 -0.00002825156175158918
v 0.37502825156175157 1.6874470015617515 -0.00002825156175158918
v 0.37497174843824843 1.6874470015617515 0.00002825156175158918
v 0.37502825156175157 1.6874470015617515 0.00002825156175158918
v 0.37497174843824843 1.6873904984382484 0.00002825156175158918
v 0.37502825156175157 1.6873904984382484 0.00002825156175158918
v 0.37497174843824843 1.6873904984382484 -0.00002825156175158918
v 0.37502825156175157 1.6873904984382484 -0.00002825156175158918
v 0.37497174843824843 1.6874470015617515 0.00002825156175158918
v 0.37502825156175157 1.6874470015617515 0.00002825156175158918
v 0.37497174843824843 1.6873904984382484 0.00002825156175158918
v 0.37502825156175157 1.6873904984382484 0.00002825156175158918
v 0.37502825156175157 1.6874470015617515 -0.00002825156175158918
v 0.37497174843824843 1.6874470015617515 -0.00002825156175158918
v 0.37502825156175157 1.6873904984382484 -0.00002825156175158918
v 0.37497174843824843 1.6873904984382484 -0.00002825156175158918
vt 0.75 0.1875
vt 0.8125 0.1875
vt 0.75 0.125
vt 0.8125 0.125
vt 0.75 0.1875
vt 0.8125 0.1875
vt 0.75 0.125
vt 0.8125 0.125
vt 0.75 0.1875
vt 0.8125 0.1875
vt 0.75 0.125
vt 0.8125 0.125
vt 0.75 0.1875
vt 0.8125 0.1875
vt 0.75 0.125
vt 0.8125 0.125
vt 0.75 0.1875
vt 0.8125 0.1875
vt 0.75 0.125
vt 0.8125 0.125
vt 0.75 0.1875
vt 0.8125 0.1875
vt 0.75 0.125
vt 0.8125 0.125
vn 1 0 0
vn 1 0 0
vn 1 0 0
vn 1 0 0
vn -1 0 0
vn -1 0 0
vn -1 0 0
vn -1 0 0
vn 0 1 0
vn 0 1 0
vn 0 1 0
vn 0 1 0
vn 0 -1 0
vn 0 -1 0
vn 0 -1 0
vn 0 -1 0
vn 0 0 1
vn 0 0 1
vn 0 0 1
vn 0 0 1
vn 0 0 -1
vn 0 0 -1
vn 0 0 -1
vn 0 0 -1
f 7393/7393/7393 7395/7395/7395 7394/7394/7394
f 7395/7395/7395 7396/7396/7396 7394/7394/7394
f 7397/7397/7397 7399/7399/7399 7398/7398/7398
f 7399/7399/7399 7400/7400/7400 7398/7398/7398
f 7401/7401/7401 7403/7403/7403 7402/7402/7402
f 7403/7403/7403 7404/7404/7404 7402/7402/7402
f 7405/7405/7405 7407/7407/7407 7406/7406/7406
f 7407/7407/7407 7408/7408/7408 7406/7406/7406
f 7409/7409/7409 7411/7411/7411 7410/7410/7410
f 7411/7411/7411 7412/7412/7412 7410/7410/7410
f 7413/7413/7413 7415/7415/7415 7414/7414/7414
f 7415/7415/7415 7416/7416/7416 7414/7414/7414
o soul_3_250
usemtl soul_wisp
v 0.3750349375 1.6873849375 0.0000161875
v 0.3750349375 1.6873849375 -0.0000161875
v 0.3750349375 1.6873525625 0.0000161875
v 0.3750349375 1.6873525625 -0.0000161875
v 0.3750025625 1.6873849375 -0.0000161875
v 0.3750025625 1.6873849375 0.0000161875
v 0.3750025625 1.6873525625 -0.0000161875
v 0.3750025625 1.6873525625 0.0000161875
v 0.3750025625 1.6873849375 -0.0000161875
v 0.3750349375 1.6873849375 -0.0000161875
v 0.3750025625 1.6873849375 0.0000161875
v 0.3750349375 1.6873849375 0.0000161875
v 0.3750025625 1.6873525625 0.0000161875
v 0.3750349375 1.6873525625 0.0000161875
v 0.3750025625 1.6873525625 -0.0000161875
v 0.3750349375 1.6873525625 -0.0000161875
v 0.3750025625 1.6873849375 0.0000161875
v 0.3750349375 1.6873849375 0.0000161875
v 0.3750025625 1.6873525625 0.0000161875
v 0.3750349375 1.6873525625 0.0000161875
v 0.3750349375 1.6873849375 -0.0000161875
v 0.3750025625 1.6873849375 -0.0000161875
v 0.3750349375 1.6873525625 -0.0000161875
v 0.3750025625 1.6873525625 -0.0000161875
vt 0.3125 0.875
vt 0.375 0.875
vt 0.3125 0.8125
vt 0.375 0.8125
vt 0.3125 0.875
vt 0.375 0.875
vt 0.3125 0.8125
vt 0.375 0.8125
vt 0.3125 0.875
vt 0.375 0.875
vt 0.3125 0.8125
vt 0.375 0.8125
vt 0.3125 0.875
vt 0.375 0.875
vt 0.3125 0.8125
vt 0.375 0.8125
vt 0.3125 0.875
vt 0.375 0.875
vt 0.3125 0.8125
vt 0.375 0.8125
vt 0.3125 0.875
vt 0.375 0.875
vt 0.3125 0.8125
vt 0.375 0.8125
vn 0.9999999999999999 0 0
vn 0.9999999999999999 0 0
vn 0.9999999999999999 0 0
vn 0.9999999999999999 0 0
vn -0.9999999999999999 0 0
vn -0.9999999999999999 0 0
vn -0.9999999999999999 0 0
vn -0.9999999999999999 0 0
vn 0 0.9999999999999999 0
vn 0 0.9999999999999999 0
vn 0 0.9999999999999999 0
vn 0 0.9999999999999999 0
vn 0 -0.9999999999999999 0
vn 0 -0.9999999999999999 0
vn 0 -0.9999999999999999 0
vn 0 -0.9999999999999999 0
vn 0 0 0.9999999999999999
vn 0 0 0.9999999999999999
vn 0 0 0.9999999999999999
vn 0 0 0.9999999999999999
vn 0 0 -0.9999999999999999
vn 0 0 -0.9999999999999999
vn 0 0 -0.9999999999999999
vn 0 0 -0.9999999999999999
f 7417/7417/7417 7419/7419/7419 7418/7418/7418
f 7419/7419/7419 7420/7420/7420 7418/7418/7418
f 7421/7421/7421 7423/7423/7423 7422/7422/7422
f 7423/7423/7423 7424/7424/7424 7422/7422/7422
f 7425/7425/7425 7427/7427/7427 7426/7426/7426
f 7427/7427/7427 7428/7428/7428 7426/7426/7426
f 7429/7429/7429 7431/7431/7431 7430/7430/7430
f 7431/7431/7431 7432/7432/7432 7430/7430/7430
f 7433/7433/7433 7435/7435/7435 7434/7434/7434
f 7435/7435/7435 7436/7436/7436 7434/7434/7434
f 7437/7437/7437 7439/7439/7439 7438/7438/7438
f 7439/7439/7439 7440/7440/7440 7438/7438/7438
o soul_4_251
usemtl soul_wisp
v 0.375047296875 1.687547296875 0.000047296874999999996
v 0.375047296875 1.687547296875 -0.000047296874999999996
v 0.375047296875 1.687452703125 0.000047296874999999996
v 0.375047296875 1.687452703125 -0.000047296874999999996
v 0.374952703125 1.687547296875 -0.000047296874999999996
v 0.374952703125 1.687547296875 0.000047296874999999996
v 0.374952703125 1.687452703125 -0.000047296874999999996
v 0.374952703125 1.687452703125 0.000047296874999999996
v 0.374952703125 1.687547296875 -0.000047296874999999996
v 0.375047296875 1.687547296875 -0.000047296874999999996
v 0.374952703125 1.687547296875 0.000047296874999999996
v 0.375047296875 1.687547296875 0.000047296874999999996
v 0.374952703125 1.687452703125 0.000047296874999999996
v 0.375047296875 1.687452703125 0.000047296874999999996
v 0.374952703125 1.687452703125 -0.000047296874999999996
v 0.375047296875 1.687452703125 -0.000047296874999999996
v 0.374952703125 1.687547296875 0.000047296874999999996
v 0.375047296875 1.687547296875 0.000047296874999999996
v 0.374952703125 1.687452703125 0.000047296874999999996
v 0.375047296875 1.687452703125 0.000047296874999999996
v 0.375047296875 1.687547296875 -0.000047296874999999996
v 0.374952703125 1.687547296875 -0.000047296874999999996
v 0.375047296875 1.687452703125 -0.000047296874999999996
v 0.374952703125 1.687452703125 -0.000047296874999999996
vt 0.0625 0.875
vt 0.1875 0.875
vt 0.0625 0.75
vt 0.1875 0.75
vt 0.0625 0.875
vt 0.1875 0.875
vt 0.0625 0.75
vt 0.1875 0.75
vt 0.0625 0.875
vt 0.1875 0.875
vt 0.0625 0.75
vt 0.1875 0.75
vt 0.0625 0.875
vt 0.1875 0.875
vt 0.0625 0.75
vt 0.1875 0.75
vt 0.0625 0.875
vt 0.1875 0.875
vt 0.0625 0.75
vt 0.1875 0.75
vt 0.0625 0.875
vt 0.1875 0.875
vt 0.0625 0.75
vt 0.1875 0.75
vn 1 0 0
vn 1 0 0
vn 1 0 0
vn 1 0 0
vn -1 0 0
vn -1 0 0
vn -1 0 0
vn -1 0 0
vn 0 1 0
vn 0 1 0
vn 0 1 0
vn 0 1 0
vn 0 -1 0
vn 0 -1 0
vn 0 -1 0
vn 0 -1 0
vn 0 0 1
vn 0 0 1
vn 0 0 1
vn 0 0 1
vn 0 0 -1
vn 0 0 -1
vn 0 0 -1
vn 0 0 -1
f 7441/7441/7441 7443/7443/7443 7442/7442/7442
f 7443/7443/7443 7444/7444/7444 7442/7442/7442
f 7445/7445/7445 7447/7447/7447 7446/7446/7446
f 7447/7447/7447 7448/7448/7448 7446/7446/7446
f 7449/7449/7449 7451/7451/7451 7450/7450/7450
f 7451/7451/7451 7452/7452/7452 7450/7450/7450
f 7453/7453/7453 7455/7455/7455 7454/7454/7454
f 7455/7455/7455 7456/7456/7456 7454/7454/7454
f 7457/7457/7457 7459/7459/7459 7458/7458/7458
f 7459/7459/7459 7460/7460/7460 7458/7458/7458
f 7461/7461/7461 7463/7463/7463 7462/7462/7462
f 7463/7463/7463 7464/7464/7464 7462/7462/7462
o soul_4_252
usemtl soul_wisp
v 0.37502926406172477 1.6874480140617247 0.00002926406172476709
v 0.37502926406172477 1.6874480140617247 -0.00002926406172476709
v 0.37502926406172477 1.6873894859382752 0.00002926406172476709
v 0.37502926406172477 1.6873894859382752 -0.00002926406172476709
v 0.37497073593827523 1.6874480140617247 -0.00002926406172476709
v 0.37497073593827523 1.6874480140617247 0.00002926406172476709
v 0.37497073593827523 1.6873894859382752 -0.00002926406172476709
v 0.37497073593827523 1.6873894859382752 0.00002926406172476709
v 0.37497073593827523 1.6874480140617247 -0.00002926406172476709
v 0.37502926406172477 1.6874480140617247 -0.00002926406172476709
v 0.37497073593827523 1.6874480140617247 0.00002926406172476709
v 0.37502926406172477 1.6874480140617247 0.00002926406172476709
v 0.37497073593827523 1.6873894859382752 0.00002926406172476709
v 0.37502926406172477 1.6873894859382752 0.00002926406172476709
v 0.37497073593827523 1.6873894859382752 -0.00002926406172476709
v 0.37502926406172477 1.6873894859382752 -0.00002926406172476709
v 0.37497073593827523 1.6874480140617247 0.00002926406172476709
v 0.37502926406172477 1.6874480140617247 0.00002926406172476709
v 0.37497073593827523 1.6873894859382752 0.00002926406172476709
v 0.37502926406172477 1.6873894859382752 0.00002926406172476709
v 0.37502926406172477 1.6874480140617247 -0.00002926406172476709
v 0.37497073593827523 1.6874480140617247 -0.00002926406172476709
v 0.37502926406172477 1.6873894859382752 -0.00002926406172476709
v 0.37497073593827523 1.6873894859382752 -0.00002926406172476709
vt 0.75 0.1875
vt 0.8125 0.1875
vt 0.75 0.125
vt 0.8125 0.125
vt 0.75 0.1875
vt 0.8125 0.1875
vt 0.75 0.125
vt 0.8125 0.125
vt 0.75 0.1875
vt 0.8125 0.1875
vt 0.75 0.125
vt 0.8125 0.125
vt 0.75 0.1875
vt 0.8125 0.1875
vt 0.75 0.125
vt 0.8125 0.125
vt 0.75 0.1875
vt 0.8125 0.1875
vt 0.75 0.125
vt 0.8125 0.125
vt 0.75 0.1875
vt 0.8125 0.1875
vt 0.75 0.125
vt 0.8125 0.125
vn 1 0 0
vn 1 0 0
vn 1 0 0
vn 1 0 0
vn -1 0 0
vn -1 0 0
vn -1 0 0
vn -1 0 0
vn 0 1 0
vn 0 1 0
vn 0 1 0
vn 0 1 0
vn 0 -1 0
vn 0 -1 0
vn 0 -1 0
vn 0 -1 0
vn 0 0 1
vn 0 0 1
vn 0 0 1
vn 0 0 1
vn 0 0 -1
vn 0 0 -1
vn 0 0 -1
vn 0 0 -1
f 7465/7465/7465 7467/7467/7467 7466/7466/7466
f 7467/7467/7467 7468/7468/7468 7466/7466/7466
f 7469/7469/7469 7471/7471/7471 7470/7470/7470
f 7471/7471/7471 7472/7472/7472 7470/7470/7470
f 7473/7473/7473 7475/7475/7475 7474/7474/7474
f 7475/7475/7475 7476/7476/7476 7474/7474/7474
f 7477/7477/7477 7479/7479/7479 7478/7478/7478
f 7479/7479/7479 7480/7480/7480 7478/7478/7478
f 7481/7481/7481 7483/7483/7483 7482/7482/7482
f 7483/7483/7483 7484/7484/7484 7482/7482/7482
f 7485/7485/7485 7487/7487/7487 7486/7486/7486
f 7487/7487/7487 7488/7488/7488 7486/7486/7486
o soul_4_253
usemtl soul_wisp
v 0.3750345859375 1.6873845859375 0.0000158359375
v 0.3750345859375 1.6873845859375 -0.0000158359375
v 0.3750345859375 1.6873529140625 0.0000158359375
v 0.3750345859375 1.6873529140625 -0.0000158359375
v 0.3750029140625 1.6873845859375 -0.0000158359375
v 0.3750029140625 1.6873845859375 0.0000158359375
v 0.3750029140625 1.6873529140625 -0.0000158359375
v 0.3750029140625 1.6873529140625 0.0000158359375
v 0.3750029140625 1.6873845859375 -0.0000158359375
v 0.3750345859375 1.6873845859375 -0.0000158359375
v 0.3750029140625 1.6873845859375 0.0000158359375
v 0.3750345859375 1.6873845859375 0.0000158359375
v 0.3750029140625 1.6873529140625 0.0000158359375
v 0.3750345859375 1.6873529140625 0.0000158359375
v 0.3750029140625 1.6873529140625 -0.0000158359375
v 0.3750345859375 1.6873529140625 -0.0000158359375
v 0.3750029140625 1.6873845859375 0.0000158359375
v 0.3750345859375 1.6873845859375 0.0000158359375
v 0.3750029140625 1.6873529140625 0.0000158359375
v 0.3750345859375 1.6873529140625 0.0000158359375
v 0.3750345859375 1.6873845859375 -0.0000158359375
v 0.3750029140625 1.6873845859375 -0.0000158359375
v 0.3750345859375 1.6873529140625 -0.0000158359375
v 0.3750029140625 1.6873529140625 -0.0000158359375
vt 0.3125 0.875
vt 0.375 0.875
vt 0.3125 0.8125
vt 0.375 0.8125
vt 0.3125 0.875
vt 0.375 0.875
vt 0.3125 0.8125
vt 0.375 0.8125
vt 0.3125 0.875
vt 0.375 0.875
vt 0.3125 0.8125
vt 0.375 0.8125
vt 0.3125 0.875
vt 0.375 0.875
vt 0.3125 0.8125
vt 0.375 0.8125
vt 0.3125 0.875
vt 0.375 0.875
vt 0.3125 0.8125
vt 0.375 0.8125
vt 0.3125 0.875
vt 0.375 0.875
vt 0.3125 0.8125
vt 0.375 0.8125
vn 1 0 0
vn 1 0 0
vn 1 0 0
vn 1 0 0
vn -1 0 0
vn -1 0 0
vn -1 0 0
vn -1 0 0
vn 0 1 0
vn 0 1 0
vn 0 1 0
vn 0 1 0
vn 0 -1 0
vn 0 -1 0
vn 0 -1 0
vn 0 -1 0
vn 0 0 1
vn 0 0 1
vn 0 0 1
vn 0 0 1
vn 0 0 -1
vn 0 0 -1
vn 0 0 -1
vn 0 0 -1
f 7489/7489/7489 7491/7491/7491 7490/7490/7490
f 7491/7491/7491 7492/7492/7492 7490/7490/7490
f 7493/7493/7493 7495/7495/7495 7494/7494/7494
f 7495/7495/7495 7496/7496/7496 7494/7494/7494
f 7497/7497/7497 7499/7499/7499 7498/7498/7498
f 7499/7499/7499 7500/7500/7500 7498/7498/7498
f 7501/7501/7501 7503/7503/7503 7502/7502/7502
f 7503/7503/7503 7504/7504/7504 7502/7502/7502
f 7505/7505/7505 7507/7507/7507 7506/7506/7506
f 7507/7507/7507 7508/7508/7508 7506/7506/7506
f 7509/7509/7509 7511/7511/7511 7510/7510/7510
f 7511/7511/7511 7512/7512/7512 7510/7510/7510
o soul_5_254
usemtl soul_wisp
v 0.375048984375 1.687548984375 0.000048984374999999996
v 0.375048984375 1.687548984375 -0.000048984374999999996
v 0.375048984375 1.687451015625 0.000048984374999999996
v 0.375048984375 1.687451015625 -0.000048984374999999996
v 0.374951015625 1.687548984375 -0.000048984374999999996
v 0.374951015625 1.687548984375 0.000048984374999999996
v 0.374951015625 1.687451015625 -0.000048984374999999996
v 0.374951015625 1.687451015625 0.000048984374999999996
v 0.374951015625 1.687548984375 -0.000048984374999999996
v 0.375048984375 1.687548984375 -0.000048984374999999996
v 0.374951015625 1.687548984375 0.000048984374999999996
v 0.375048984375 1.687548984375 0.000048984374999999996
v 0.374951015625 1.687451015625 0.000048984374999999996
v 0.375048984375 1.687451015625 0.000048984374999999996
v 0.374951015625 1.687451015625 -0.000048984374999999996
v 0.375048984375 1.687451015625 -0.000048984374999999996
v 0.374951015625 1.687548984375 0.000048984374999999996
v 0.375048984375 1.687548984375 0.000048984374999999996
v 0.374951015625 1.687451015625 0.000048984374999999996
v 0.375048984375 1.687451015625 0.000048984374999999996
v 0.375048984375 1.687548984375 -0.000048984374999999996
v 0.374951015625 1.687548984375 -0.000048984374999999996
v 0.375048984375 1.687451015625 -0.000048984374999999996
v 0.374951015625 1.687451015625 -0.000048984374999999996
vt 0.0625 0.875
vt 0.1875 0.875
vt 0.0625 0.75
vt 0.1875 0.75
vt 0.0625 0.875
vt 0.1875 0.875
vt 0.0625 0.75
vt 0.1875 0.75
vt 0.0625 0.875
vt 0.1875 0.875
vt 0.0625 0.75
vt 0.1875 0.75
vt 0.0625 0.875
vt 0.1875 0.875
vt 0.0625 0.75
vt 0.1875 0.75
vt 0.0625 0.875
vt 0.1875 0.875
vt 0.0625 0.75
vt 0.1875 0.75
vt 0.0625 0.875
vt 0.1875 0.875
vt 0.0625 0.75
vt 0.1875 0.75
vn 1 0 0
vn 1 0 0
vn 1 0 0
vn 1 0 0
vn -1 0 0
vn -1 0 0
vn -1 0 0
vn -1 0 0
vn 0 1 0
vn 0 1 0
vn 0 1 0
vn 0 1 0
vn 0 -1 0
vn 0 -1 0
vn 0 -1 0
vn 0 -1 0
vn 0 0 1
vn 0 0 1
vn 0 0 1
vn 0 0 1
vn 0 0 -1
vn 0 0 -1
vn 0 0 -1
vn 0 0 -1
f 7513/7513/7513 7515/7515/7515 7514/7514/7514
f 7515/7515/7515 7516/7516/7516 7514/7514/7514
f 7517/7517/7517 7519/7519/7519 7518/7518/7518
f 7519/7519/7519 7520/7520/7520 7518/7518/7518
f 7521/7521/7521 7523/7523/7523 7522/7522/7522
f 7523/7523/7523 7524/7524/7524 7522/7522/7522
f 7525/7525/7525 7527/7527/7527 7526/7526/7526
f 7527/7527/7527 7528/7528/7528 7526/7526/7526
f 7529/7529/7529 7531/7531/7531 7530/7530/7530
f 7531/7531/7531 7532/7532/7532 7530/7530/7530
f 7533/7533/7533 7535/7535/7535 7534/7534/7534
f 7535/7535/7535 7536/7536/7536 7534/7534/7534
o soul_5_255
usemtl soul_wisp
v 0.3750286312492415 1.6874473812492414 0.000028631249241530895
v 0.3750286312492415 1.6874473812492414 -0.000028631249241530895
v 0.3750286312492415 1.6873901187507585 0.000028631249241530895
v 0.3750286312492415 1.6873901187507585 -0.000028631249241530895
v 0.3749713687507585 1.6874473812492414 -0.000028631249241530895
v 0.3749713687507585 1.6874473812492414 0.000028631249241530895
v 0.3749713687507585 1.6873901187507585 -0.000028631249241530895
v 0.3749713687507585 1.6873901187507585 0.000028631249241530895
v 0.3749713687507585 1.6874473812492414 -0.000028631249241530895
v 0.3750286312492415 1.6874473812492414 -0.000028631249241530895
v 0.3749713687507585 1.6874473812492414 0.000028631249241530895
v 0.3750286312492415 1.6874473812492414 0.000028631249241530895
v 0.3749713687507585 1.6873901187507585 0.000028631249241530895
v 0.3750286312492415 1.6873901187507585 0.000028631249241530895
v 0.3749713687507585 1.6873901187507585 -0.000028631249241530895
v 0.3750286312492415 1.6873901187507585 -0.000028631249241530895
v 0.3749713687507585 1.6874473812492414 0.000028631249241530895
v 0.3750286312492415 1.6874473812492414 0.000028631249241530895
v 0.3749713687507585 1.6873901187507585 0.000028631249241530895
v 0.3750286312492415 1.6873901187507585 0.000028631249241530895
v 0.3750286312492415 1.6874473812492414 -0.000028631249241530895
v 0.3749713687507585 1.6874473812492414 -0.000028631249241530895
v 0.3750286312492415 1.6873901187507585 -0.000028631249241530895
v 0.3749713687507585 1.6873901187507585 -0.000028631249241530895
vt 0.75 0.1875
vt 0.8125 0.1875
vt 0.75 0.125
vt 0.8125 0.125
vt 0.75 0.1875
vt 0.8125 0.1875
vt 0.75 0.125
vt 0.8125 0.125
vt 0.75 0.1875
vt 0.8125 0.1875
vt 0.75 0.125
vt 0.8125 0.125
vt 0.75 0.1875
vt 0.8125 0.1875
vt 0.75 0.125
vt 0.8125 0.125
vt 0.75 0.1875
vt 0.8125 0.1875
vt 0.75 0.125
vt 0.8125 0.125
vt 0.75 0.1875
vt 0.8125 0.1875
vt 0.75 0.125
vt 0.8125 0.125
vn 0.9999999999999999 0 0
vn 0.9999999999999999 0 0
vn 0.9999999999999999 0 0
vn 0.9999999999999999 0 0
vn -0.9999999999999999 0 0
vn -0.9999999999999999 0 0
vn -0.9999999999999999 0 0
vn -0.9999999999999999 0 0
vn 0 0.9999999999999999 0
vn 0 0.9999999999999999 0
vn 0 0.9999999999999999 0
vn 0 0.9999999999999999 0
vn 0 -0.9999999999999999 0
vn 0 -0.9999999999999999 0
vn 0 -0.9999999999999999 0
vn 0 -0.9999999999999999 0
vn 0 0 0.9999999999999999
vn 0 0 0.9999999999999999
vn 0 0 0.9999999999999999
vn 0 0 0.9999999999999999
vn 0 0 -0.9999999999999999
vn 0 0 -0.9999999999999999
vn 0 0 -0.9999999999999999
vn 0 0 -0.9999999999999999
f 7537/7537/7537 7539/7539/7539 7538/7538/7538
f 7539/7539/7539 7540/7540/7540 7538/7538/7538
f 7541/7541/7541 7543/7543/7543 7542/7542/7542
f 7543/7543/7543 7544/7544/7544 7542/7542/7542
f 7545/7545/7545 7547/7547/7547 7546/7546/7546
f 7547/7547/7547 7548/7548/7548 7546/7546/7546
f 7549/7549/7549 7551/7551/7551 7550/7550/7550
f 7551/7551/7551 7552/7552/7552 7550/7550/7550
f 7553/7553/7553 7555/7555/7555 7554/7554/7554
f 7555/7555/7555 7556/7556/7556 7554/7554/7554
f 7557/7557/7557 7559/7559/7559 7558/7558/7558
f 7559/7559/7559 7560/7560/7560 7558/7558/7558
o soul_5_256
usemtl soul_wisp
v 0.3750351484375 1.6873851484375 0.0000163984375
v 0.3750351484375 1.6873851484375 -0.0000163984375
v 0.3750351484375 1.6873523515625002 0.0000163984375
v 0.3750351484375 1.6873523515625002 -0.0000163984375
v 0.3750023515625 1.6873851484375 -0.0000163984375
v 0.3750023515625 1.6873851484375 0.0000163984375
v 0.3750023515625 1.6873523515625002 -0.0000163984375
v 0.3750023515625 1.6873523515625002 0.0000163984375
v 0.3750023515625 1.6873851484375 -0.0000163984375
v 0.3750351484375 1.6873851484375 -0.0000163984375
v 0.3750023515625 1.6873851484375 0.0000163984375
v 0.3750351484375 1.6873851484375 0.0000163984375
v 0.3750023515625 1.6873523515625002 0.0000163984375
v 0.3750351484375 1.6873523515625002 0.0000163984375
v 0.3750023515625 1.6873523515625002 -0.0000163984375
v 0.3750351484375 1.6873523515625002 -0.0000163984375
v 0.3750023515625 1.6873851484375 0.0000163984375
v 0.3750351484375 1.6873851484375 0.0000163984375
v 0.3750023515625 1.6873523515625002 0.0000163984375
v 0.3750351484375 1.6873523515625002 0.0000163984375
v 0.3750351484375 1.6873851484375 -0.0000163984375
v 0.3750023515625 1.6873851484375 -0.0000163984375
v 0.3750351484375 1.6873523515625002 -0.0000163984375
v 0.3750023515625 1.6873523515625002 -0.0000163984375
vt 0.3125 0.875
vt 0.375 0.875
vt 0.3125 0.8125
vt 0.375 0.8125
vt 0.3125 0.875
vt 0.375 0.875
vt 0.3125 0.8125
vt 0.375 0.8125
vt 0.3125 0.875
vt 0.375 0.875
vt 0.3125 0.8125
vt 0.375 0.8125
vt 0.3125 0.875
vt 0.375 0.875
vt 0.3125 0.8125
vt 0.375 0.8125
vt 0.3125 0.875
vt 0.375 0.875
vt 0.3125 0.8125
vt 0.375 0.8125
vt 0.3125 0.875
vt 0.375 0.875
vt 0.3125 0.8125
vt 0.375 0.8125
vn 1 0 0
vn 1 0 0
vn 1 0 0
vn 1 0 0
vn -1 0 0
vn -1 0 0
vn -1 0 0
vn -1 0 0
vn 0 1 0
vn 0 1 0
vn 0 1 0
vn 0 1 0
vn 0 -1 0
vn 0 -1 0
vn 0 -1 0
vn 0 -1 0
vn 0 0 1
vn 0 0 1
vn 0 0 1
vn 0 0 1
vn 0 0 -1
vn 0 0 -1
vn 0 0 -1
vn 0 0 -1
f 7561/7561/7561 7563/7563/7563 7562/7562/7562
f 7563/7563/7563 7564/7564/7564 7562/7562/7562
f 7565/7565/7565 7567/7567/7567 7566/7566/7566
f 7567/7567/7567 7568/7568/7568 7566/7566/7566
f 7569/7569/7569 7571/7571/7571 7570/7570/7570
f 7571/7571/7571 7572/7572/7572 7570/7570/7570
f 7573/7573/7573 7575/7575/7575 7574/7574/7574
f 7575/7575/7575 7576/7576/7576 7574/7574/7574
f 7577/7577/7577 7579/7579/7579 7578/7578/7578
f 7579/7579/7579 7580/7580/7580 7578/7578/7578
f 7581/7581/7581 7583/7583/7583 7582/7582/7582
f 7583/7583/7583 7584/7584/7584 7582/7582/7582
